dt,yaw_cmd,yaw_pos,pitch_cmd,pitch_pos
0.3,0.0,-6.5917510986328125,0.0,-0.5273625254631042
0.3,-6.224146366119385,-6.5917510986328125,0.0,-0.5273625254631042
0.3,-9.218013763427734,-6.5917510986328125,0.0,-0.5273625254631042
0.3,-9.218013763427734,-6.8554511070251465,0.0,-0.43947166204452515
0.3,-10.664216995239258,-7.558577537536621,0.0,-0.43947166204452515
0.3,-15.977070808410645,-8.349568367004395,0.0,-0.35158079862594604
0.3,-18.275638580322266,-9.93160343170166,0.0,-1.7302845662925392e-05
0.32,-18.275638580322266,-12.568329811096191,0.0,0.43943706154823303
0.36,-21.969362258911133,-15.732401847839355,0.0,1.054673194885254
0.4,-22.681716918945312,-19.160118103027344,0.0,1.7578002214431763
0.44,-23.830839157104492,-22.67575454711914,0.0,2.5488181114196777
0.46,-23.830839157104492,-29.091760635375977,0.0,3.8671536445617676
0.5,-24.262659072875977,-36.56248474121094,0.0,5.097625732421875
0.54,-24.998451232910156,-44.033180236816406,0.0,6.328097820281982
0.56,-24.760101318359375,-50.976558685302734,0.0,7.7343525886535645
0.6,-24.760101318359375,-59.41403579711914,0.0,9.404278755187988
0.64,-23.649545669555664,-65.91796112060547,0.0,10.546859741210938
0.66,-22.42281723022461,-70.7519302368164,0.0,11.24998664855957
0.7000000000000001,-22.42281723022461,-76.02538299560547,0.0,12.12889575958252
0.74,-19.90007209777832,-80.3320083618164,0.0,13.007804870605469
0.76,-17.801616668701172,-84.28709411621094,0.0,13.535149574279785
0.8,-17.801616668701172,-88.41796112060547,0.0,14.501921653747559
0.84,-14.112456321716309,-90.52735137939453,0.0,14.853485107421875
0.86,-11.349808692932129,-91.23045349121094,0.0,14.941376686096191
0.9,-11.349808692932129,-91.23045349121094,0.0,14.941376686096191
0.9400000000000001,-6.863167762756348,-91.23045349121094,0.0,14.941376686096191
0.98,-3.7151145935058594,-91.23045349121094,0.0,14.941376686096191
1.0,-0.5018197298049927,-91.23045349121094,0.0,14.941376686096191
1.04,1.112650752067566,-91.23045349121094,0.0,14.941376686096191
1.08,4.323585510253906,-91.23045349121094,0.0,14.941376686096191
1.1,7.465739727020264,-90.9667739868164,0.0,14.941376686096191
1.1400000000000001,8.994436264038086,-89.91207885742188,0.0,14.941376686096191
1.18,11.93475341796875,-87.97847747802734,0.0,14.853485107421875
1.2,14.677613258361816,-84.55077362060547,0.0,14.765595436096191
1.24,15.960205078125,-81.123046875,0.0,14.326140403747559
1.28,18.320161819458008,-76.72850799560547,0.0,13.447259902954102
1.3,20.37296485900879,-71.7187271118164,0.0,12.392568588256836
1.34,21.272785186767578,-67.67577362060547,0.0,11.689441680908203
1.3800000000000001,22.79947853088379,-62.49021530151367,0.0,10.722641944885254
1.4000000000000001,23.940269470214844,-54.75584411621094,0.0,9.316388130187988
1.44,23.940269470214844,-45.87889099121094,0.0,7.558570861816406
1.48,24.35921859741211,-38.320274353027344,0.0,6.152316093444824
1.52,24.984962463378906,-31.025358200073242,0.0,4.921844005584717
1.54,24.657609939575195,-24.169925689697266,0.0,3.603508234024048
1.58,24.334522247314453,-19.160118103027344,0.0,2.4609272480010986
1.62,23.3756046295166,-14.062501907348633,0.0,1.6699093580245972
1.6400000000000001,22.013080596923828,-10.107385635375977,0.0,0.9667823314666748
1.68,22.013080596923828,-6.5917510986328125,0.0,0.26365530490875244
1.72,21.1871395111084,-2.9882524013519287,0.0,-0.26368993520736694
1.74,17.003173828125,-1.6699166297912598,0.0,-0.6152534484863281
1.78,15.75912094116211,3.7338671972975135e-05,0.0,-0.7910351753234863
1.82,13.069117546081543,0.9668096303939819,0.0,-0.9668169021606445
1.84,10.148706436157227,1.1425913572311401,0.0,-0.9668169021606445
1.8800000000000001,8.617646217346191,1.1425913572311401,0.0,-0.9668169021606445
1.92,5.446884632110596,1.1425913572311401,0.0,-0.9668169021606445
1.94,2.17739200592041,1.1425913572311401,0.0,-0.9668169021606445
1.98,0.5233946442604065,1.1425913572311401,0.0,-0.9668169021606445
2.02,-2.786876678466797,1.1425913572311401,0.0,-0.9668169021606445
2.04,-6.051641464233398,-0.439444363117218,0.0,-0.8789260387420654
2.08,-7.648870944976807,-2.1972618103027344,0.0,-0.7910351753234863
2.1,-10.737565040588379,-4.306643009185791,0.0,-0.7910351753234863
2.14,-10.737565040588379,-8.173786163330078,0.0,-0.5273625254631042
2.18,-15.004179954528809,-11.689421653747559,0.0,0.17576444149017334
2.2,-17.529783248901367,-15.996047019958496,0.0,0.9667823314666748
2.24,-18.67933464050293,-20.917936325073242,0.0,1.9335819482803345
2.2800000000000002,-20.725730895996094,-25.40036964416504,0.0,3.0761632919311523
2.3000000000000003,-20.725730895996094,-32.87106704711914,0.0,4.5702805519104
2.34,-23.095985412597656,-39.55074691772461,0.0,5.62497091293335
2.38,-24.16695213317871,-46.40623474121094,0.0,6.855443477630615
2.4,-24.805540084838867,-54.22849655151367,0.0,8.349588394165039
2.44,-24.95836639404297,-60.64450454711914,0.0,9.667951583862305
2.48,-24.926761627197266,-66.35741424560547,0.0,10.634751319885254
2.5,-24.44561004638672,-71.4550552368164,0.0,11.425768852233887
2.54,-24.038408279418945,-75.05857849121094,0.0,12.04100513458252
2.58,-22.89908790588379,-79.10153198242188,0.0,12.744132041931152
2.6,-22.89908790588379,-84.19920349121094,0.0,13.535149574279785
2.64,-20.417613983154297,-88.2421875,0.0,14.501921653747559
2.68,-18.290267944335938,-90.79098510742188,0.0,14.941376686096191
2.7,-15.827353477478027,-91.9335708618164,0.0,15.117158889770508
2.74,-14.483559608459473,-92.10935974121094,0.0,15.205048561096191
2.7800000000000002,-11.601435661315918,-92.10935974121094,0.0,15.205048561096191
2.8000000000000003,-11.601435661315918,-92.10935974121094,0.0,15.205048561096191
2.84,-6.891493320465088,-92.10935974121094,0.0,15.205048561096191
2.88,-3.5768918991088867,-92.10935974121094,0.0,15.205048561096191
2.9,-0.19295619428157806,-92.10935974121094,0.0,15.205048561096191
2.94,-0.19295619428157806,-92.10935974121094,0.0,15.205048561096191
2.98,4.876628875732422,-92.10935974121094,0.0,15.205048561096191
3.0,8.160888671875,-92.10935974121094,0.0,15.205048561096191
3.04,8.160888671875,-91.23045349121094,0.0,15.205048561096191
3.08,12.791302680969238,-89.82421875,0.0,15.117158889770508
3.12,15.596439361572266,-87.71484375,0.0,15.029267311096191
3.14,18.11362075805664,-84.11132049560547,0.0,14.853485107421875
3.18,19.2490177154541,-80.244140625,0.0,14.150358200073242
3.2,21.246217727661133,-75.67382049560547,0.0,13.183586120605469
3.24,22.09836769104004,-71.36719512939453,0.0,12.392568588256836
3.2800000000000002,23.489002227783203,-66.97264862060547,0.0,11.513660430908203
3.3000000000000003,24.439361572265625,-61.083984375,0.0,10.458970069885254
3.34,24.74308204650879,-54.22849655151367,0.0,9.228497505187988
3.38,24.999549865722656,-47.1093635559082,0.0,7.822243690490723
3.4,24.78372573852539,-39.02340316772461,0.0,6.328097820281982
3.44,24.499176025390625,-31.201141357421875,0.0,5.009735107421875
3.48,23.582632064819336,-24.697242736816406,0.0,3.691399097442627
3.5,22.21706771850586,-17.929645538330078,0.0,2.3730363845825195
3.54,21.373268127441406,-13.44723892211914,0.0,1.5820183753967285
3.58,19.38292121887207,-9.052695274353027,0.0,0.8788914680480957
3.6,17.020349502563477,-5.009769916534424,0.0,0.08787357062101364
3.64,17.020349502563477,-0.9667896032333374,0.0,-0.5273625254631042
3.68,12.876794815063477,0.43946439027786255,0.0,-0.8789260387420654
3.72,9.790511131286621,2.1094183921813965,0.0,-1.1425986289978027
3.74,6.512744903564453,2.460981845855713,0.0,-1.1425986289978027
3.7800000000000002,4.821495056152344,2.460981845855713,0.0,-1.1425986289978027
3.8200000000000003,1.3748135566711426,2.460981845855713,0.0,-1.1425986289978027
3.84,1.3748135566711426,2.460981845855713,0.0,-1.1425986289978027
3.88,-0.3640096187591553,2.460981845855713,0.0,-1.1425986289978027
3.92,-3.830604076385498,2.460981845855713,0.0,-1.1425986289978027
3.94,-10.48526668548584,2.373063564300537,0.0,-1.1425986289978027
3.98,-10.48526668548584,0.26368263363838196,0.0,-1.1425986289978027
4.0200000000000005,-14.977856636047363,-2.724606990814209,0.0,-1.0547077655792236
4.04,-17.622900009155273,-5.185551643371582,0.0,-0.8789260387420654
4.08,-18.82012939453125,-9.052695274353027,0.0,-0.35158079862594604
4.12,-20.93402099609375,-13.18359375,0.0,0.43943706154823303
4.14,-22.639062881469727,-18.45699119567871,0.0,1.5820183753967285
4.18,-23.327064514160156,-22.763671875,0.0,2.4609272480010986
4.22,-24.356252670288086,-28.915977478027344,0.0,3.691399097442627
4.24,-24.905874252319336,-36.73826599121094,0.0,5.097625732421875
4.28,-24.99662208557129,-44.47263717651367,0.0,6.415988922119141
4.32,-24.806812286376953,-51.855472564697266,0.0,7.910134315490723
4.34,-24.124841690063477,-60.380859375,0.0,9.667951583862305
4.38,-23.602685928344727,-67.06050872802734,0.0,10.722641944885254
4.4,-22.208114624023438,-71.8945083618164,0.0,11.601550102233887
4.44,-22.208114624023438,-77.69527435302734,0.0,12.568350791931152
4.48,-21.342302322387695,-82.3534927368164,0.0,13.359368324279785
4.5,-16.858659744262695,-86.92379760742188,0.0,14.326140403747559
4.54,-15.509976387023926,-90.6152114868164,0.0,14.941376686096191
4.5600000000000005,-12.584131240844727,-92.54881286621094,0.0,15.292940139770508
4.6000000000000005,-12.584131240844727,-93.77928161621094,0.0,15.468722343444824
4.64,-7.735386848449707,-93.86717224121094,0.0,15.556612968444824
4.68,-4.290152072906494,-93.86717224121094,0.0,15.556612968444824
4.7,-4.290152072906494,-93.86717224121094,0.0,15.556612968444824
4.74,1.024344801902771,-93.86717224121094,0.0,15.556612968444824
4.78,4.56081485748291,-93.86717224121094,0.0,15.556612968444824
4.8,8.008234977722168,-93.86717224121094,0.0,15.556612968444824
4.84,9.676461219787598,-93.86717224121094,0.0,15.556612968444824
4.88,12.85919189453125,-93.6034927368164,0.0,15.556612968444824
4.9,12.85919189453125,-92.10935974121094,0.0,15.468722343444824
4.94,14.357298851013184,-89.29686737060547,0.0,15.380830764770508
4.98,19.55159568786621,-85.95702362060547,0.0,15.205048561096191
5.0,21.576541900634766,-82.2656021118164,0.0,14.589813232421875
5.04,21.576541900634766,-77.25585174560547,0.0,13.535149574279785
5.08,23.775829315185547,-72.5097427368164,0.0,12.656241416931152
5.12,24.637292861938477,-67.14842987060547,0.0,11.601550102233887
5.14,24.99107551574707,-60.64450454711914,0.0,10.458970069885254
5.18,24.97441291809082,-53.613258361816406,0.0,9.052715301513672
5.22,24.55345916748047,-46.6699104309082,0.0,7.822243690490723
5.24,23.62278175354004,-38.4081916809082,0.0,6.240207195281982
5.28,22.971464157104492,-30.761714935302734,0.0,4.921844005584717
5.32,21.312896728515625,-24.257789611816406,0.0,3.691399097442627
5.34,21.312896728515625,-17.490219116210938,0.0,2.2851455211639404
5.38,20.31395149230957,-12.568329811096191,0.0,1.3183457851409912
5.42,15.311354637145996,-8.261704444885254,0.0,0.7031096816062927
5.46,12.297371864318848,-4.218724727630615,0.0,-0.08790817856788635
5.48,9.022334098815918,-1.2304348945617676,0.0,-0.6152534484863281
5.5200000000000005,7.308018207550049,0.7910279035568237,0.0,-0.8789260387420654
5.5600000000000005,3.770552635192871,2.2852001190185547,0.0,-1.1425986289978027
5.58,3.770552635192871,2.2852001190185547,0.0,-1.1425986289978027
5.62,-1.6674246788024902,2.2852001190185547,0.0,-1.1425986289978027
5.66,-5.269077777862549,2.2852001190185547,0.0,-1.1425986289978027
5.68,-5.269077777862549,2.2852001190185547,0.0,-1.1425986289978027
5.72,-10.44530963897705,2.2852001190185547,0.0,-1.1425986289978027
5.76,-13.637829780578613,2.2852001190185547,0.0,-1.1425986289978027
5.78,-16.542970657348633,1.8457183837890625,0.0,-1.1425986289978027
5.82,-17.867868423461914,0.08790089190006256,0.0,-1.0547077655792236
5.86,-20.226303100585938,-2.6366889476776123,0.0,-1.0547077655792236
5.88,-20.226303100585938,-5.9765424728393555,0.0,-0.7031443119049072
5.92,-22.942846298217773,-10.019521713256836,0.0,-0.08790817856788635
5.96,-24.147933959960938,-14.326147079467773,0.0,0.6152188181877136
5.98,-24.834835052490234,-19.95116424560547,0.0,1.8456910848617554
6.0200000000000005,-24.978424072265625,-24.3457088470459,0.0,2.900381565093994
6.0600000000000005,-24.861040115356445,-30.498014450073242,0.0,3.9550445079803467
6.08,-24.861040115356445,-38.7597541809082,0.0,5.53708028793335
6.12,-23.680850982666016,-46.49412536621094,0.0,6.855443477630615
6.16,-22.247251510620117,-54.140602111816406,0.0,8.437479972839355
6.2,-20.329158782958984,-62.84177780151367,0.0,10.019515037536621
6.24,-17.96691131591797,-70.0488052368164,0.0,11.24998664855957
6.26,-17.96691131591797,-74.70701599121094,0.0,12.04100513458252
6.3,-13.7030611038208,-79.2773208618164,0.0,12.744132041931152
6.32,-10.469168663024902,-83.32029724121094,0.0,13.447259902954102
6.36,-8.76046371459961,-87.18749237060547,0.0,14.326140403747559
6.4,-5.2059550285339355,-89.82421875,0.0,14.765595436096191
6.42,-5.2059550285339355,-91.3183364868164,0.0,15.029267311096191
6.46,0.3215094208717346,-91.4062271118164,0.0,15.117158889770508
6.5,4.019021987915039,-91.4062271118164,0.0,15.117158889770508
6.5200000000000005,4.019021987915039,-91.4062271118164,0.0,15.117158889770508
6.5600000000000005,5.840896129608154,-91.4062271118164,0.0,15.117158889770508
6.6000000000000005,12.715620040893555,-91.4062271118164,0.0,15.117158889770508
6.62,15.771986961364746,-91.4062271118164,0.0,15.117158889770508
6.66,17.173852920532227,-91.4062271118164,0.0,15.117158889770508
6.7,19.685348510742188,-90.52735137939453,0.0,15.117158889770508
6.72,19.685348510742188,-88.68161010742188,0.0,14.941376686096191
6.76,22.61924934387207,-85.86913299560547,0.0,14.941376686096191
6.8,23.954038619995117,-83.14451599121094,0.0,14.677703857421875
6.84,24.75373649597168,-78.13475799560547,0.0,13.798794746398926
6.86,24.75373649597168,-72.59764099121094,0.0,12.656241416931152
6.9,24.910781860351562,-68.37889862060547,0.0,11.86522388458252
6.94,24.314739227294922,-63.54490280151367,0.0,10.98631477355957
6.96,23.170082092285156,-56.42576599121094,0.0,9.580060958862305
7.0,23.170082092285156,-47.9882698059082,0.0,7.910134315490723
7.04,20.480886459350586,-40.869136810302734,0.0,6.591770648956299
7.08,18.09700584411621,-33.749977111816406,0.0,5.361298561096191
7.1000000000000005,18.09700584411621,-25.22458839416504,0.0,3.8671536445617676
7.140000000000001,13.766257286071777,-20.21480941772461,0.0,2.812490701675415
7.18,10.469929695129395,-14.941411018371582,0.0,1.8456910848617554
7.2,6.931837558746338,-11.513639450073242,0.0,1.230454921722412
7.24,6.931837558746338,-7.558577537536621,0.0,0.5273279547691345
7.28,1.3478530645370483,-3.9550795555114746,0.0,-0.08790817856788635
7.3,-2.435657024383545,-1.6699166297912598,0.0,-0.43947166204452515
7.34,-4.31318998336792,-0.7910078763961792,0.0,-0.6152534484863281
7.36,-7.985804557800293,-0.52730792760849,0.0,-0.7031443119049072
7.4,-7.985804557800293,-0.6152260899543762,0.0,-0.7031443119049072
7.44,-13.131059646606445,-0.6152260899543762,0.0,-0.7031443119049072
7.48,-16.20258140563965,-0.6152260899543762,0.0,-0.7031443119049072
7.5,-18.902360916137695,-0.6152260899543762,0.0,-0.7031443119049072
7.54,-20.092613220214844,-0.6152260899543762,0.0,-0.7031443119049072
7.58,-22.118576049804688,-0.6152260899543762,0.0,-0.7031443119049072
7.6000000000000005,-23.63265609741211,-2.6366889476776123,0.0,-0.6152534484863281
7.640000000000001,-24.18579864501953,-4.218724727630615,0.0,-0.6152534484863281
7.68,-24.867216110229492,-7.558577537536621,0.0,-0.5273625254631042
7.72,-24.867216110229492,-12.12890338897705,0.0,0.17576444149017334
7.74,-24.991117477416992,-16.699172973632812,0.0,1.054673194885254
7.78,-24.029699325561523,-21.533201217651367,0.0,2.021472692489624
7.8,-22.69464111328125,-25.927715301513672,0.0,3.1640541553497314
7.84,-21.824386596679688,-32.34375,0.0,4.482389450073242
7.88,-19.70307731628418,-39.02340316772461,0.0,5.53708028793335
7.9,-17.115739822387695,-46.84568786621094,0.0,6.855443477630615
7.94,-15.665582656860352,-53.34959030151367,0.0,8.261697769165039
7.98,-12.494412422180176,-59.326171875,0.0,9.404278755187988
8.02,-9.024679183959961,-65.39060974121094,0.0,10.458970069885254
8.040000000000001,-5.3378190994262695,-69.52145385742188,0.0,11.162096977233887
8.1,-5.3378190994262695,-71.5429458618164,0.0,11.425768852233887
8.120000000000001,0.4083155691623688,-72.6855239868164,0.0,11.689441680908203
8.16,4.2504143714904785,-72.9491958618164,0.0,11.689441680908203
8.18,7.994614124298096,-72.9491958618164,0.0,11.689441680908203
8.22,7.994614124298096,-72.86131286621094,0.0,11.689441680908203
8.26,13.232019424438477,-72.86131286621094,0.0,11.777332305908203
8.28,16.34819221496582,-72.86131286621094,0.0,11.689441680908203
8.32,16.34819221496582,-72.86131286621094,0.0,11.689441680908203
8.36,20.270462036132812,-72.86131286621094,0.0,11.689441680908203
8.4,22.29057502746582,-72.86131286621094,0.0,11.689441680908203
8.42,23.77479362487793,-72.86131286621094,0.0,11.689441680908203
8.46,24.303747177124023,-72.1581802368164,0.0,11.689441680908203
8.5,24.918363571166992,-70.9277114868164,0.0,11.601550102233887
8.52,24.929662704467773,-69.08202362060547,0.0,11.601550102233887
8.56,24.7078914642334,-66.70894622802734,0.0,11.513660430908203
8.6,23.81521224975586,-63.19334411621094,0.0,10.98631477355957
8.620000000000001,23.81521224975586,-57.128868103027344,0.0,9.843733787536621
8.66,21.39779281616211,-50.097652435302734,0.0,8.525370597839355
8.700000000000001,19.122318267822266,-43.945289611816406,0.0,7.29489803314209
8.72,16.377140045166016,-36.47459411621094,0.0,5.976534366607666
8.76,14.848612785339355,-29.179677963256836,0.0,4.6581711769104
8.8,11.525857925415039,-22.939455032348633,0.0,3.4277267456054688
8.82,7.916954517364502,-17.666000366210938,0.0,2.2851455211639404
8.86,7.916954517364502,-13.44723892211914,0.0,1.5820183753967285
8.9,2.1611902713775635,-10.371085166931152,0.0,0.9667823314666748
8.94,-1.7669155597686768,-7.822222709655762,0.0,0.6152188181877136
8.96,-1.7669155597686768,-5.0976338386535645,0.0,0.17576444149017334
9.0,-3.7219772338867188,-4.218724727630615,0.0,-1.7302845662925392e-05
9.040000000000001,-11.201339721679688,-4.218724727630615,0.0,-1.7302845662925392e-05
9.08,-14.574199676513672,-4.218724727630615,0.0,-1.7302845662925392e-05
9.1,-17.587480545043945,-4.218724727630615,0.0,-1.7302845662925392e-05
9.14,-18.93511199951172,-4.218724727630615,0.0,-1.7302845662925392e-05
9.18,-21.26959228515625,-4.218724727630615,0.0,-1.7302845662925392e-05
9.22,-23.074596405029297,-4.921852111816406,0.0,-1.7302845662925392e-05
9.26,-24.30350112915039,-6.415969371795654,0.0,-1.7302845662925392e-05
9.28,-24.30350112915039,-9.140613555908203,0.0,0.17576444149017334
9.32,-24.99997901916504,-12.392548561096191,0.0,0.26365530490875244
9.34,-24.680288314819336,-15.292974472045898,0.0,0.6152188181877136
9.38,-24.680288314819336,-19.95116424560547,0.0,1.6699093580245972
9.42,-23.040651321411133,-23.818361282348633,0.0,2.5488181114196777
9.46,-21.211999893188477,-29.619104385375977,0.0,3.691399097442627
9.48,-18.844913482666016,-37.00193786621094,0.0,5.097625732421875
9.52,-18.844913482666016,-45.35154342651367,0.0,6.679661750793457
9.56,-17.477256774902344,-53.437477111816406,0.0,8.349588394165039
9.6,-10.986177444458008,-59.238250732421875,0.0,9.404278755187988
9.64,-7.273248195648193,-64.07225036621094,0.0,10.283187866210938
9.66,-7.273248195648193,-68.64254760742188,0.0,10.98631477355957
9.700000000000001,-1.3806709051132202,-70.3125,0.0,11.24998664855957
9.74,2.617335319519043,-71.015625,0.0,11.337878227233887
9.76,2.617335319519043,-71.36719512939453,0.0,11.425768852233887
9.8,8.463470458984375,-71.36719512939453,0.0,11.425768852233887
9.82,12.114005088806152,-71.36719512939453,0.0,11.425768852233887
9.86,12.114005088806152,-71.36719512939453,0.0,11.425768852233887
9.9,16.98367691040039,-71.4550552368164,0.0,11.425768852233887
9.92,19.7026424407959,-71.36719512939453,0.0,11.425768852233887
9.96,19.7026424407959,-71.36719512939453,0.0,11.425768852233887
10.0,22.811656951904297,-71.36719512939453,0.0,11.425768852233887
10.02,24.1577205657959,-71.4550552368164,0.0,11.425768852233887
10.06,24.1577205657959,-70.83984375,0.0,11.425768852233887
10.1,24.9958438873291,-69.52145385742188,0.0,11.337878227233887
10.14,24.743642807006836,-67.67577362060547,0.0,11.337878227233887
10.16,23.84588623046875,-64.24803161621094,0.0,11.162096977233887
10.200000000000001,23.161073684692383,-60.029296875,0.0,10.371078491210938
10.24,21.3409366607666,-54.93162155151367,0.0,9.404278755187988
10.26,18.960174560546875,-47.900352478027344,0.0,7.998025417327881
10.3,17.57807731628418,-41.835906982421875,0.0,6.855443477630615
10.32,14.475019454956055,-35.77146911621094,0.0,5.800752639770508
10.36,14.475019454956055,-28.300769805908203,0.0,4.482389450073242
10.4,9.129337310791016,-22.412107467651367,0.0,3.2519450187683105
10.44,5.240478515625,-17.929645538330078,0.0,2.3730363845825195
10.46,5.240478515625,-14.41406536102295,0.0,1.6699093580245972
10.5,3.2362709045410156,-12.12890338897705,0.0,1.3183457851409912
10.540000000000001,-0.8256571292877197,-9.843740463256836,0.0,1.054673194885254
10.56,-8.787071228027344,-8.876913070678711,0.0,0.7910005450248718
10.6,-10.665993690490723,-8.261704444885254,0.0,0.7031096816062927
10.620000000000001,-14.200955390930176,-8.173786163330078,0.0,0.7031096816062927
10.66,-14.200955390930176,-8.261704444885254,0.0,0.7031096816062927
10.700000000000001,-18.772212982177734,-8.261704444885254,0.0,0.7031096816062927
10.74,-21.21202850341797,-8.261704444885254,0.0,0.7031096816062927
10.76,-23.086029052734375,-8.261704444885254,0.0,0.7031096816062927
10.8,-23.794057846069336,-8.261704444885254,0.0,0.7031096816062927
10.84,-24.72740364074707,-9.140613555908203,0.0,0.7031096816062927
10.86,-24.996641159057617,-11.425776481628418,0.0,0.7910005450248718
10.9,-24.878707885742188,-13.535157203674316,0.0,0.7910005450248718
10.94,-24.14061737060547,-15.908183097839355,0.0,0.9667823314666748
10.96,-24.14061737060547,-20.30272674560547,0.0,1.6699093580245972
11.0,-23.52501678466797,-25.40036964416504,0.0,2.812490701675415
11.040000000000001,-19.52360725402832,-31.113279342651367,0.0,4.042935371398926
11.06,-16.69525718688965,-37.00193786621094,0.0,5.009735107421875
11.1,-16.69525718688965,-45.26365661621094,0.0,6.591770648956299
11.14,-11.624812126159668,-51.6796875,0.0,7.822243690490723
11.18,-7.825158596038818,-57.39257049560547,0.0,9.140606880187988
11.22,-3.80873441696167,-63.10544967651367,0.0,10.107406616210938
11.24,-1.7532005310058594,-66.44530487060547,0.0,10.722641944885254
11.28,2.3823766708374023,-68.5546875,0.0,10.98631477355957
11.32,6.456191062927246,-69.34567260742188,0.0,11.07420539855957
11.34,10.356243133544922,-69.43359375,0.0,11.07420539855957
11.38,12.207201957702637,-69.43359375,0.0,11.07420539855957
11.42,15.64684009552002,-69.43359375,0.0,11.07420539855957
11.44,15.64684009552002,-69.43359375,0.0,11.07420539855957
11.48,19.97611427307129,-69.43359375,0.0,11.07420539855957
11.52,22.190881729125977,-69.43359375,0.0,11.07420539855957
11.540000000000001,22.190881729125977,-69.43359375,0.0,11.07420539855957
11.58,24.34947967529297,-69.43359375,0.0,11.07420539855957
11.620000000000001,24.952293395996094,-69.08202362060547,0.0,11.07420539855957
11.64,24.952293395996094,-67.41207885742188,0.0,11.07420539855957
11.68,24.994123458862305,-64.33592224121094,0.0,10.898423194885254
11.72,23.433095932006836,-60.820289611816406,0.0,10.546859741210938
11.76,21.654842376708984,-56.6015510559082,0.0,9.755843162536621
11.78,19.269372940063477,-49.65816879272461,0.0,8.437479972839355
11.82,17.868711471557617,-44.208961486816406,0.0,7.382789134979248
11.86,14.699779510498047,-38.4081916809082,0.0,6.240207195281982
11.88,11.115262031555176,-30.2343692779541,0.0,4.833953380584717
11.92,9.197951316833496,-24.3457088470459,0.0,3.779289960861206
11.96,5.180235385894775,-19.423818588256836,0.0,2.812490701675415
11.98,1.013014554977417,-15.64448356628418,0.0,1.9335819482803345
12.02,1.013014554977417,-12.919893264770508,0.0,1.4941275119781494
12.06,-5.260885238647461,-11.689421653747559,0.0,1.230454921722412
12.1,-9.286160469055176,-10.195303916931152,0.0,1.142564058303833
12.120000000000001,-9.286160469055176,-10.107385635375977,0.0,1.054673194885254
12.16,-11.208175659179688,-10.107385635375977,0.0,1.054673194885254
12.200000000000001,-17.978343963623047,-10.107385635375977,0.0,1.054673194885254
12.24,-20.64472198486328,-10.107385635375977,0.0,1.054673194885254
12.26,-20.64472198486328,-10.107385635375977,0.0,1.054673194885254
12.3,-23.523818969726562,-10.107385635375977,0.0,1.054673194885254
12.34,-24.61396598815918,-10.371085166931152,0.0,1.054673194885254
12.36,-24.61396598815918,-11.601557731628418,0.0,1.054673194885254
12.4,-24.896085739135742,-13.18359375,0.0,1.142564058303833
12.44,-24.923194885253906,-14.853492736816406,0.0,1.230454921722412
12.46,-22.846923828125,-18.10542869567871,0.0,1.3183457851409912
12.5,-22.846923828125,-21.796844482421875,0.0,2.021472692489624
12.540000000000001,-19.546077728271484,-27.24608039855957,0.0,3.2519450187683105
12.58,-16.62251853942871,-33.310523986816406,0.0,4.394498825073242
12.6,-16.62251853942871,-40.341793060302734,0.0,5.53708028793335
12.64,-11.360261917114258,-46.9335823059082,0.0,6.767552375793457
12.68,-7.414235591888428,-53.34959030151367,0.0,8.085916519165039
12.700000000000001,-3.2493844032287598,-59.677730560302734,0.0,9.404278755187988
12.74,-1.1224616765975952,-63.98435592651367,0.0,10.195296287536621
12.780000000000001,3.143022060394287,-67.14842987060547,0.0,10.722641944885254
12.82,7.320263862609863,-68.99411010742188,0.0,11.07420539855957
12.84,7.320263862609863,-69.34567260742188,0.0,11.07420539855957
12.88,9.337368965148926,-69.43359375,0.0,11.07420539855957
12.92,16.588945388793945,-69.34567260742188,0.0,11.07420539855957
12.96,19.539169311523438,-69.34567260742188,0.0,11.07420539855957
12.98,21.917097091674805,-69.43359375,0.0,11.07420539855957
13.02,22.8684024810791,-69.34567260742188,0.0,11.07420539855957
13.06,24.259624481201172,-69.43359375,0.0,11.07420539855957
13.08,24.935462951660156,-69.34567260742188,0.0,11.07420539855957
13.120000000000001,24.997465133666992,-69.34567260742188,0.0,11.07420539855957
13.16,24.566204071044922,-68.46676635742188,0.0,11.07420539855957
13.18,23.406007766723633,-66.35741424560547,0.0,10.98631477355957
13.22,22.561941146850586,-63.72068405151367,0.0,10.898423194885254
13.26,20.37616729736328,-59.853511810302734,0.0,10.371078491210938
13.280000000000001,20.37616729736328,-54.316383361816406,0.0,9.228497505187988
13.32,19.05034828186035,-48.69139862060547,0.0,8.173807144165039
13.34,12.432685852050781,-43.330055236816406,0.0,7.29489803314209
13.38,10.51081657409668,-37.8808479309082,0.0,6.152316093444824
13.4,6.443312168121338,-31.552705764770508,0.0,5.097625732421875
13.44,6.443312168121338,-25.136699676513672,0.0,3.9550445079803467
13.48,0.013408597558736801,-21.796844482421875,0.0,3.0761632919311523
13.52,-4.305115699768066,-18.544910430908203,0.0,2.4609272480010986
13.540000000000001,-8.497566223144531,-16.611310958862305,0.0,2.1972546577453613
13.58,-10.506682395935059,-16.523391723632812,0.0,2.1972546577453613
13.620000000000001,-14.27451229095459,-16.523391723632812,0.0,2.1972546577453613
13.64,-14.27451229095459,-16.523391723632812,0.0,2.1972546577453613
13.68,-16.00450897216797,-16.611310958862305,0.0,2.1972546577453613
13.72,-21.60077476501465,-16.523391723632812,0.0,2.1972546577453613
13.76,-23.457496643066406,-16.611310958862305,0.0,2.1972546577453613
13.780000000000001,-23.457496643066406,-16.611310958862305,0.0,2.1972546577453613
13.82,-24.121850967407227,-17.050737380981445,0.0,2.1972546577453613
13.86,-24.91257667541504,-17.929645538330078,0.0,2.1972546577453613
13.88,-24.16865348815918,-19.95116424560547,0.0,2.2851455211639404
13.92,-24.16865348815918,-23.466798782348633,0.0,2.4609272480010986
13.96,-21.679141998291016,-28.12498664855957,0.0,3.3398358821868896
14.0,-19.175270080566406,-32.95895767211914,0.0,4.306607723236084
14.040000000000001,-16.080833435058594,-39.46288299560547,0.0,5.361298561096191
14.06,-16.080833435058594,-46.40623474121094,0.0,6.591770648956299
14.1,-10.54122257232666,-52.998023986816406,0.0,7.998025417327881
14.14,-6.413752555847168,-58.44725799560547,0.0,9.228497505187988
14.16,-2.0849955081939697,-64.07225036621094,0.0,10.195296287536621
14.200000000000001,0.11334417015314102,-67.76363372802734,0.0,10.81053352355957
14.22,4.493000030517578,-69.34567260742188,0.0,11.07420539855957
14.26,4.493000030517578,-70.13671875,0.0,11.162096977233887
14.3,10.766432762145996,-70.13671875,0.0,11.162096977233887
14.34,14.561366081237793,-70.2245864868164,0.0,11.24998664855957
14.36,14.561366081237793,-70.13671875,0.0,11.24998664855957
14.4,19.376319885253906,-70.13671875,0.0,11.24998664855957
14.44,21.853702545166016,-70.13671875,0.0,11.24998664855957
14.46,23.650293350219727,-70.13671875,0.0,11.24998664855957
14.5,23.650293350219727,-70.13671875,0.0,11.24998664855957
14.540000000000001,24.274330139160156,-70.13671875,0.0,11.24998664855957
14.58,24.840314865112305,-69.69723510742188,0.0,11.24998664855957
14.6,23.951751708984375,-68.46676635742188,0.0,11.162096977233887
14.64,23.951751708984375,-66.00585174560547,0.0,11.07420539855957
14.68,21.219051361083984,-62.84177780151367,0.0,10.898423194885254
14.72,18.545194625854492,-58.44725799560547,0.0,10.107406616210938
14.76,15.28328800201416,-52.03122329711914,0.0,8.964824676513672
14.780000000000001,15.28328800201416,-45.61521530151367,0.0,7.7343525886535645
14.82,9.514993667602539,-39.81444549560547,0.0,6.503879547119141
14.86,5.262063026428223,-34.101539611816406,0.0,5.53708028793335
14.88,5.262063026428223,-28.476551055908203,0.0,4.482389450073242
14.92,-1.3933528661727905,-24.169925689697266,0.0,3.691399097442627
14.96,-5.808806419372559,-20.6542911529541,0.0,2.9882724285125732
14.98,-10.042450904846191,-18.896472930908203,0.0,2.636708974838257
15.02,-12.048362731933594,-18.28120994567871,0.0,2.4609272480010986
15.06,-15.757698059082031,-18.28120994567871,0.0,2.4609272480010986
15.08,-18.96531105041504,-18.19334602355957,0.0,2.4609272480010986
15.120000000000001,-20.34773826599121,-18.28120994567871,0.0,2.4609272480010986
15.16,-22.613445281982422,-18.28120994567871,0.0,2.4609272480010986
15.18,-24.15386199951172,-18.28120994567871,0.0,2.4609272480010986
15.22,-24.635089874267578,-18.28120994567871,0.0,2.4609272480010986
15.26,-24.999046325683594,-18.28120994567871,0.0,2.4609272480010986
15.280000000000001,-24.556331634521484,-19.423818588256836,0.0,2.4609272480010986
15.32,-24.556331634521484,-22.236328125,0.0,2.5488181114196777
15.36,-22.41396141052246,-26.015605926513672,0.0,2.900381565093994
15.4,-20.06494903564453,-29.619104385375977,0.0,3.603508234024048
15.42,-17.062829971313477,-35.41990280151367,0.0,4.746062278747559
15.46,-15.346111297607422,-40.781219482421875,0.0,5.62497091293335
15.5,-11.550369262695312,-46.84568786621094,0.0,6.679661750793457
15.52,-7.375284194946289,-53.876930236816406,0.0,8.173807144165039
15.56,-5.187408447265625,-59.150386810302734,0.0,9.228497505187988
15.6,-0.6999840140342712,-63.28123092651367,0.0,10.019515037536621
15.620000000000001,3.813833236694336,-66.62108612060547,0.0,10.634751319885254
15.66,6.034361362457275,-68.11520385742188,0.0,10.898423194885254
15.700000000000001,10.31143569946289,-68.29098510742188,0.0,10.898423194885254
15.74,14.25317668914795,-68.29098510742188,0.0,10.898423194885254
15.76,14.25317668914795,-68.29098510742188,0.0,10.898423194885254
15.8,19.255617141723633,-68.29098510742188,0.0,10.898423194885254
15.84,21.82183074951172,-68.29098510742188,0.0,10.898423194885254
15.860000000000001,22.839954376220703,-68.29098510742188,0.0,10.898423194885254
15.9,24.30310821533203,-68.29098510742188,0.0,10.898423194885254
15.92,24.962953567504883,-68.29098510742188,0.0,10.898423194885254
15.96,24.962953567504883,-67.23629760742188,0.0,10.898423194885254
16.0,24.402036666870117,-65.74217987060547,0.0,10.81053352355957
16.04,23.009607315063477,-63.63279724121094,0.0,10.722641944885254
16.06,22.02201271057129,-59.941375732421875,0.0,10.371078491210938
16.1,19.504077911376953,-56.1620979309082,0.0,9.755843162536621
16.12,16.33356475830078,-50.36129379272461,0.0,8.613261222839355
16.16,14.535447120666504,-45.43943405151367,0.0,7.7343525886535645
16.18,10.587862014770508,-40.429656982421875,0.0,6.679661750793457
16.22,8.471232414245605,-34.89255905151367,0.0,5.62497091293335
16.240000000000002,4.0404744148254395,-29.97066879272461,0.0,4.921844005584717
16.28,4.0404744148254395,-24.96091651916504,0.0,3.9550445079803467
16.32,-2.818495273590088,-22.236328125,0.0,3.1640541553497314
16.36,-7.309120178222656,-20.21480941772461,0.0,2.812490701675415
16.38,-11.55689525604248,-19.160118103027344,0.0,2.724599838256836
16.42,-13.544301986694336,-19.160118103027344,0.0,2.724599838256836
16.46,-17.16166877746582,-19.248037338256836,0.0,2.724599838256836
16.48,-20.201276779174805,-19.248037338256836,0.0,2.724599838256836
16.52,-21.470970153808594,-19.248037338256836,0.0,2.724599838256836
16.56,-23.455322265625,-19.248037338256836,0.0,2.724599838256836
16.580000000000002,-24.644704818725586,-19.160118103027344,0.0,2.724599838256836
16.62,-24.926971435546875,-20.21480941772461,0.0,2.724599838256836
16.64,-24.853439331054688,-21.357418060302734,0.0,2.724599838256836
16.68,-24.497777938842773,-23.906225204467773,0.0,2.812490701675415
16.72,-23.16261100769043,-26.718732833862305,0.0,3.0761632919311523
16.740000000000002,-22.19405174255371,-30.32223129272461,0.0,3.8671536445617676
16.78,-19.69525718688965,-35.06834030151367,0.0,4.6581711769104
16.8,-16.520082473754883,-40.957000732421875,0.0,5.62497091293335
16.84,-16.520082473754883,-47.54878616333008,0.0,6.767552375793457
16.88,-10.729523658752441,-53.96482467651367,0.0,8.085916519165039
16.9,-6.375598907470703,-59.765594482421875,0.0,9.404278755187988
16.94,-4.105381488800049,-64.42381286621094,0.0,10.283187866210938
16.98,0.524075448513031,-68.20311737060547,0.0,10.898423194885254
17.0,5.138953685760498,-70.0488052368164,0.0,11.162096977233887
17.04,7.3909220695495605,-70.40036010742188,0.0,11.24998664855957
17.080000000000002,11.686277389526367,-70.40036010742188,0.0,11.24998664855957
17.1,15.580060005187988,-70.40036010742188,0.0,11.24998664855957
17.14,17.333200454711914,-70.40036010742188,0.0,11.24998664855957
17.18,20.375104904174805,-70.40036010742188,0.0,11.24998664855957
17.2,22.710803985595703,-70.48828125,0.0,11.24998664855957
17.240000000000002,23.586870193481445,-70.40036010742188,0.0,11.24998664855957
17.26,24.716136932373047,-70.40036010742188,0.0,11.24998664855957
17.3,24.958988189697266,-70.40036010742188,0.0,11.24998664855957
17.34,24.7893009185791,-70.13671875,0.0,11.24998664855957
17.36,23.75223731994629,-69.34567260742188,0.0,11.24998664855957
17.400000000000002,22.918014526367188,-67.85155487060547,0.0,11.162096977233887
17.44,20.653579711914062,-65.30272674560547,0.0,11.07420539855957
17.48,20.653579711914062,-60.99606704711914,0.0,10.546859741210938
17.5,19.242834091186523,-55.54685592651367,0.0,9.580060958862305
17.54,12.044645309448242,-49.57030487060547,0.0,8.349588394165039
17.580000000000002,7.736557483673096,-44.12107467651367,0.0,7.29489803314209
17.6,3.1521151065826416,-38.320274353027344,0.0,6.240207195281982
17.64,0.806471049785614,-32.78317642211914,0.0,5.273407459259033
17.66,-3.8880460262298584,-29.79488754272461,0.0,4.6581711769104
17.7,-6.195252418518066,-25.927715301513672,0.0,4.130825996398926
17.740000000000002,-10.627062797546387,-24.257789611816406,0.0,3.603508234024048
17.76,-10.627062797546387,-22.499971389770508,0.0,3.3398358821868896
17.8,-16.52725601196289,-22.499971389770508,0.0,3.3398358821868896
17.82,-19.756925582885742,-22.499971389770508,0.0,3.3398358821868896
17.86,-21.11488914489746,-22.499971389770508,0.0,3.3398358821868896
17.900000000000002,-23.255510330200195,-22.499971389770508,0.0,3.3398358821868896
17.92,-24.5667724609375,-22.499971389770508,0.0,3.3398358821868896
17.96,-24.5667724609375,-22.499971389770508,0.0,3.3398358821868896
18.0,-24.880414962768555,-23.02731704711914,0.0,3.3398358821868896
18.04,-23.973527908325195,-24.082008361816406,0.0,3.3398358821868896
18.06,-23.973527908325195,-27.158187866210938,0.0,3.515617609024048
18.1,-21.01546287536621,-30.2343692779541,0.0,3.779289960861206
18.14,-18.078983306884766,-34.36521530151367,0.0,4.482389450073242
18.16,-14.488511085510254,-39.63866424560547,0.0,5.361298561096191
18.2,-14.488511085510254,-46.23045349121094,0.0,6.591770648956299
18.240000000000002,-8.16244888305664,-52.11911392211914,0.0,7.7343525886535645
18.28,-3.539045810699463,-57.65621566772461,0.0,9.052715301513672
18.3,-3.539045810699463,-63.10544967651367,0.0,10.019515037536621
18.34,3.589151382446289,-66.35741424560547,0.0,10.546859741210938
18.38,8.218689918518066,-68.46676635742188,0.0,10.898423194885254
18.400000000000002,8.218689918518066,-68.90625,0.0,10.98631477355957
18.44,10.432840347290039,-68.99411010742188,0.0,10.98631477355957
18.48,14.558704376220703,-68.90625,0.0,10.98631477355957
18.5,21.0946044921875,-68.99411010742188,0.0,10.98631477355957
18.56,21.0946044921875,-68.99411010742188,0.0,10.98631477355957
18.580000000000002,22.280807495117188,-68.99411010742188,0.0,10.98631477355957
18.64,24.032485961914062,-68.99411010742188,0.0,10.98631477355957
18.66,24.86345672607422,-68.90625,0.0,10.98631477355957
18.68,23.908275604248047,-68.99411010742188,0.0,10.98631477355957
18.72,23.09701919555664,-68.11520385742188,0.0,10.98631477355957
18.740000000000002,20.84331703186035,-66.53316497802734,0.0,10.898423194885254
18.78,20.84331703186035,-63.72068405151367,0.0,10.81053352355957
18.82,16.051197052001953,-60.11716079711914,0.0,10.371078491210938
18.86,12.085198402404785,-56.1620979309082,0.0,9.755843162536621
18.88,12.085198402404785,-49.57030487060547,0.0,8.349588394165039
18.92,5.342040538787842,-44.29685592651367,0.0,7.382789134979248
18.96,0.5590291023254395,-40.166011810302734,0.0,6.591770648956299
18.98,-1.8527978658676147,-34.540992736816406,0.0,5.53708028793335
19.02,-6.604959964752197,-31.025358200073242,0.0,5.009735107421875
19.06,-11.114558219909668,-28.037071228027344,0.0,4.482389450073242
19.1,-13.225152969360352,-26.191389083862305,0.0,4.130825996398926
19.12,-15.21282958984375,-25.40036964416504,0.0,4.042935371398926
19.16,-21.579927444458008,-25.488262176513672,0.0,4.042935371398926
19.2,-22.700183868408203,-25.488262176513672,0.0,4.042935371398926
19.240000000000002,-24.29341697692871,-25.488262176513672,0.0,4.042935371398926
19.26,-24.29341697692871,-25.488262176513672,0.0,4.042935371398926
19.3,-24.965007781982422,-26.015605926513672,0.0,4.042935371398926
19.34,-24.239744186401367,-26.894515991210938,0.0,4.042935371398926
19.36,-23.531391143798828,-28.476551055908203,0.0,4.130825996398926
19.400000000000002,-21.455392837524414,-31.464841842651367,0.0,4.130825996398926
19.42,-18.56751823425293,-34.980445861816406,0.0,4.6581711769104
19.46,-16.851600646972656,-39.02340316772461,0.0,5.273407459259033
19.5,-12.956058502197266,-43.417945861816406,0.0,6.064425468444824
19.54,-8.56656551361084,-49.57030487060547,0.0,7.29489803314209
19.56,-8.56656551361084,-56.1620979309082,0.0,8.701151847839355
19.6,-6.237740516662598,-61.083984375,0.0,9.580060958862305
19.64,3.4510862827301025,-64.33592224121094,0.0,10.195296287536621
19.66,8.196303367614746,-66.26951599121094,0.0,10.546859741210938
19.7,8.196303367614746,-66.88472747802734,0.0,10.634751319885254
19.740000000000002,14.680326461791992,-66.88472747802734,0.0,10.634751319885254
19.76,18.338415145874023,-66.88472747802734,0.0,10.634751319885254
19.8,18.338415145874023,-66.88472747802734,0.0,10.634751319885254
19.84,18.338415145874023,-66.88472747802734,0.0,10.634751319885254
19.88,24.179475784301758,-66.88472747802734,0.0,10.634751319885254
19.900000000000002,24.954238891601562,-66.88472747802734,0.0,10.634751319885254
19.94,24.954238891601562,-66.79686737060547,0.0,10.634751319885254
19.98,24.316638946533203,-66.00585174560547,0.0,10.634751319885254
20.02,22.712621688842773,-64.42381286621094,0.0,10.546859741210938
20.06,20.230087280273438,-61.34762954711914,0.0,10.458970069885254
20.080000000000002,20.230087280273438,-57.56835174560547,0.0,9.931624412536621
20.12,15.073531150817871,-52.73434829711914,0.0,9.052715301513672
20.14,10.87255573272705,-47.63671112060547,0.0,7.998025417327881
20.18,10.87255573272705,-41.923828125,0.0,6.943334102630615
20.22,3.829439401626587,-37.2656135559082,0.0,6.152316093444824
20.240000000000002,-1.0953046083450317,-31.992185592651367,0.0,5.185516834259033
20.28,-1.0953046083450317,-28.037071228027344,0.0,4.482389450073242
20.32,-8.349129676818848,-25.664043426513672,0.0,3.9550445079803467
20.36,-12.820631980895996,-24.257789611816406,0.0,3.691399097442627
20.38,-16.793968200683594,-23.730445861816406,0.0,3.603508234024048
20.42,-18.543949127197266,-23.730445861816406,0.0,3.603508234024048
20.46,-21.483903884887695,-23.730445861816406,0.0,3.603508234024048
20.48,-21.483903884887695,-23.730445861816406,0.0,3.603508234024048
20.52,-22.64457130432129,-23.730445861816406,0.0,3.603508234024048
20.56,-24.97964096069336,-23.730445861816406,0.0,3.603508234024048
20.580000000000002,-24.686784744262695,-24.169925689697266,0.0,3.603508234024048
20.62,-24.686784744262695,-26.367170333862305,0.0,3.691399097442627
20.66,-22.434974670410156,-28.915977478027344,0.0,3.691399097442627
20.7,-19.808916091918945,-32.43161392211914,0.0,4.218717098236084
20.72,-19.808916091918945,-36.91404724121094,0.0,5.009735107421875
20.76,-14.436837196350098,-41.835906982421875,0.0,5.712862014770508
20.78,-10.104865074157715,-46.58201599121094,0.0,6.679661750793457
20.82,-10.104865074157715,-52.998023986816406,0.0,7.910134315490723
20.86,-2.906716823577881,-58.007781982421875,0.0,9.052715301513672
20.88,2.081498384475708,-61.34762954711914,0.0,9.667951583862305
20.92,2.081498384475708,-64.33592224121094,0.0,10.195296287536621
20.96,9.353206634521484,-65.56639099121094,0.0,10.458970069885254
20.98,13.77790641784668,-65.91796112060547,0.0,10.458970069885254
21.02,13.77790641784668,-65.91796112060547,0.0,10.458970069885254
21.06,19.33735466003418,-66.00585174560547,0.0,10.458970069885254
21.080000000000002,22.106847763061523,-65.91796112060547,0.0,10.546859741210938
21.12,22.106847763061523,-65.91796112060547,0.0,10.458970069885254
21.16,24.574827194213867,-65.91796112060547,0.0,10.546859741210938
21.2,24.996692657470703,-65.91796112060547,0.0,10.458970069885254
21.22,24.41172218322754,-65.91796112060547,0.0,10.458970069885254
21.26,23.746807098388672,-64.86326599121094,0.0,10.458970069885254
21.3,21.70438575744629,-63.10544967651367,0.0,10.371078491210938
21.32,18.78296661376953,-59.589813232421875,0.0,10.283187866210938
21.36,17.027732849121094,-55.98631286621094,0.0,9.667951583862305
21.400000000000002,13.016144752502441,-51.50390625,0.0,8.789043426513672
21.42,8.47362232208252,-46.05466842651367,0.0,7.822243690490723
21.46,6.059924602508545,-41.132781982421875,0.0,6.767552375793457
21.5,1.0699254274368286,-36.47459411621094,0.0,6.064425468444824
21.52,1.0699254274368286,-30.937496185302734,0.0,5.009735107421875
21.56,-1.4555805921554565,-27.158187866210938,0.0,4.306607723236084
21.6,-11.163113594055176,-25.22458839416504,0.0,3.9550445079803467
21.64,-15.434379577636719,-24.169925689697266,0.0,3.779289960861206
21.66,-15.434379577636719,-24.169925689697266,0.0,3.779289960861206
21.7,-20.61444091796875,-24.169925689697266,0.0,3.779289960861206
21.740000000000002,-23.041484832763672,-24.169925689697266,0.0,3.691399097442627
21.76,-23.041484832763672,-24.169925689697266,0.0,3.691399097442627
21.8,-23.905710220336914,-24.169925689697266,0.0,3.779289960861206
21.84,-24.850643157958984,-25.136699676513672,0.0,3.779289960861206
21.88,-23.787330627441406,-26.894515991210938,0.0,3.779289960861206
21.900000000000002,-23.787330627441406,-29.091760635375977,0.0,3.8671536445617676
21.94,-22.883087158203125,-32.60739517211914,0.0,4.218717098236084
21.98,-17.0223445892334,-36.29881286621094,0.0,4.921844005584717
22.0,-17.0223445892334,-41.660125732421875,0.0,5.712862014770508
22.04,-15.071106910705566,-47.2851448059082,0.0,6.767552375793457
22.080000000000002,-10.718831062316895,-53.173805236816406,0.0,7.998025417327881
22.1,-0.8694978952407837,-59.677730560302734,0.0,9.316388130187988
22.14,1.6833115816116333,-64.51170349121094,0.0,10.283187866210938
22.18,6.712392330169678,-68.5546875,0.0,10.898423194885254
22.2,11.465044021606445,-70.48828125,0.0,11.24998664855957
22.240000000000002,13.674858093261719,-71.015625,0.0,11.337878227233887
22.26,17.645381927490234,-71.2792739868164,0.0,11.337878227233887
22.3,19.364151000976562,-71.2792739868164,0.0,11.337878227233887
22.34,22.17775535583496,-71.2792739868164,0.0,11.337878227233887
22.36,24.06340980529785,-71.2792739868164,0.0,11.337878227233887
22.400000000000002,24.06340980529785,-71.2792739868164,0.0,11.337878227233887
22.44,24.986042022705078,-71.2792739868164,0.0,11.337878227233887
22.48,24.289777755737305,-71.2792739868164,0.0,11.337878227233887
22.5,22.56966209411621,-71.2792739868164,0.0,11.337878227233887
22.54,21.346052169799805,-71.2792739868164,0.0,11.337878227233887
22.580000000000002,18.23509407043457,-70.48828125,0.0,11.337878227233887
22.6,14.351080894470215,-69.08202362060547,0.0,11.24998664855957
22.64,12.168947219848633,-67.23629760742188,0.0,11.24998664855957
22.68,7.439241886138916,-64.51170349121094,0.0,11.162096977233887
22.7,2.390718698501587,-60.205078125,0.0,10.458970069885254
22.740000000000002,-0.18659253418445587,-56.24998474121094,0.0,9.755843162536621
22.78,-5.3104400634765625,-51.6796875,0.0,8.876934051513672
22.8,-10.211709022521973,-47.900352478027344,0.0,8.085916519165039
22.84,-12.512849807739258,-45.08787155151367,0.0,7.558570861816406
22.88,-16.692840576171875,-43.593727111816406,0.0,7.20700740814209
22.900000000000002,-16.692840576171875,-42.80270767211914,0.0,7.119115829467773
22.94,-18.526655197143555,-42.80270767211914,0.0,7.119115829467773
22.98,-23.71757698059082,-42.80270767211914,0.0,7.119115829467773
23.0,-24.837018966674805,-42.80270767211914,0.0,7.119115829467773
23.04,-24.837018966674805,-42.80270767211914,0.0,7.119115829467773
23.080000000000002,-24.998628616333008,-43.330055236816406,0.0,7.119115829467773
23.1,-22.97782325744629,-43.945289611816406,0.0,7.119115829467773
23.14,-21.831727981567383,-45.70310974121094,0.0,7.20700740814209
23.18,-18.84560203552246,-48.251914978027344,0.0,7.29489803314209
23.2,-15.044159889221191,-52.03122329711914,0.0,7.7343525886535645
23.240000000000002,-12.887298583984375,-55.54685592651367,0.0,8.525370597839355
23.28,-8.177101135253906,-59.41403579711914,0.0,9.316388130187988
23.3,-3.109633684158325,-63.98435592651367,0.0,10.195296287536621
23.34,-0.5099889636039734,-67.06050872802734,0.0,10.634751319885254
23.38,4.68023681640625,-68.73046875,0.0,10.98631477355957
23.400000000000002,9.67059326171875,-69.43359375,0.0,11.07420539855957
23.44,12.022263526916504,-69.52145385742188,0.0,11.07420539855957
23.48,16.31001853942871,-69.52145385742188,0.0,11.07420539855957
23.5,19.889556884765625,-69.52145385742188,0.0,11.07420539855957
23.54,21.363073348999023,-69.52145385742188,0.0,11.07420539855957
23.580000000000002,23.595996856689453,-69.52145385742188,0.0,11.07420539855957
23.6,24.79817008972168,-69.52145385742188,0.0,11.07420539855957
23.64,24.993776321411133,-69.52145385742188,0.0,11.07420539855957
23.68,24.561939239501953,-69.52145385742188,0.0,11.07420539855957
23.7,23.938684463500977,-68.73046875,0.0,11.07420539855957
23.740000000000002,23.051664352416992,-66.44530487060547,0.0,10.98631477355957
23.78,21.91037940979004,-63.98435592651367,0.0,10.898423194885254
23.82,15.088465690612793,-59.941375732421875,0.0,10.371078491210938
23.84,12.911974906921387,-55.72263717651367,0.0,9.667951583862305
23.88,8.153833389282227,-50.009735107421875,0.0,8.525370597839355
23.900000000000002,3.032182455062866,-44.384742736816406,0.0,7.382789134979248
23.94,0.4052518904209137,-39.990230560302734,0.0,6.591770648956299
23.98,-4.835525035858154,-35.94724655151367,0.0,5.888643741607666
24.0,-4.835525035858154,-31.992185592651367,0.0,5.185516834259033
24.04,-12.230666160583496,-29.619104385375977,0.0,4.746062278747559
24.080000000000002,-16.530006408691406,-27.949207305908203,0.0,4.482389450073242
24.1,-16.530006408691406,-27.949207305908203,0.0,4.394498825073242
24.14,-21.553861618041992,-27.949207305908203,0.0,4.394498825073242
24.18,-23.733097076416016,-27.949207305908203,0.0,4.394498825073242
24.2,-24.854328155517578,-27.949207305908203,0.0,4.394498825073242
24.240000000000002,-24.854328155517578,-27.949207305908203,0.0,4.394498825073242
24.28,-24.451648712158203,-28.476551055908203,0.0,4.394498825073242
24.32,-22.807798385620117,-29.79488754272461,0.0,4.482389450073242
24.34,-22.807798385620117,-32.34375,0.0,4.482389450073242
24.38,-22.807798385620117,-34.80466842651367,0.0,4.6581711769104
24.44,-12.244367599487305,-41.396484375,0.0,5.712862014770508
24.46,-7.3687028884887695,-46.75779724121094,0.0,6.679661750793457
24.5,-7.3687028884887695,-52.558570861816406,0.0,7.822243690490723
24.54,0.5008247494697571,-57.0410041809082,0.0,8.789043426513672
24.580000000000002,5.773164749145508,-60.380859375,0.0,9.492170333862305
24.6,10.787795066833496,-62.84177780151367,0.0,9.931624412536621
24.64,10.787795066833496,-63.72068405151367,0.0,10.107406616210938
24.68,17.33401107788086,-63.72068405151367,0.0,10.107406616210938
24.72,20.757369995117188,-63.72068405151367,0.0,10.107406616210938
24.740000000000002,22.12433433532715,-63.72068405151367,0.0,10.107406616210938
24.78,24.089921951293945,-63.72068405151367,0.0,10.107406616210938
24.82,24.959680557250977,-63.72068405151367,0.0,10.107406616210938
24.84,24.691770553588867,-63.72068405151367,0.0,10.107406616210938
24.88,24.13227081298828,-63.017555236816406,0.0,10.107406616210938
24.92,22.19276237487793,-61.259765625,0.0,10.019515037536621
24.96,19.236562728881836,-58.53512191772461,0.0,9.931624412536621
24.98,19.236562728881836,-54.316383361816406,0.0,9.316388130187988
25.02,13.199252128601074,-49.48238754272461,0.0,8.349588394165039
25.060000000000002,8.372600555419922,-45.35154342651367,0.0,7.558570861816406
25.1,3.1579344272613525,-40.341793060302734,0.0,6.591770648956299
25.12,3.1579344272613525,-35.15623092651367,0.0,5.712862014770508
25.16,-4.865814685821533,-31.464841842651367,0.0,5.097625732421875
25.2,-9.990142822265625,-29.091760635375977,0.0,4.6581711769104
25.22,-14.656468391418457,-27.86128807067871,0.0,4.394498825073242
25.26,-16.749086380004883,-27.68550682067871,0.0,4.306607723236084
25.3,-20.331308364868164,-27.77342414855957,0.0,4.306607723236084
25.32,-22.9738712310791,-27.77342414855957,0.0,4.306607723236084
25.36,-23.902029037475586,-27.77342414855957,0.0,4.394498825073242
25.400000000000002,-24.916908264160156,-27.77342414855957,0.0,4.306607723236084
25.42,-24.916908264160156,-27.86128807067871,0.0,4.394498825073242
25.46,-24.99125099182129,-29.619104385375977,0.0,4.394498825073242
25.5,-22.413949966430664,-32.16796875,0.0,4.482389450073242
25.54,-19.51338005065918,-34.80466842651367,0.0,4.6581711769104
25.560000000000002,-19.51338005065918,-39.11132049560547,0.0,5.273407459259033
25.6,-13.504105567932129,-43.945289611816406,0.0,6.152316093444824
25.64,-8.663061141967773,-47.900352478027344,0.0,6.943334102630615
25.68,-3.4130053520202637,-54.22849655151367,0.0,8.173807144165039
25.7,2.000558614730835,-59.41403579711914,0.0,9.316388130187988
25.740000000000002,4.689291954040527,-62.49021530151367,0.0,9.843733787536621
25.78,9.872498512268066,-64.33592224121094,0.0,10.195296287536621
25.8,14.594385147094727,-65.03904724121094,0.0,10.371078491210938
25.84,16.71139144897461,-65.12693786621094,0.0,10.371078491210938
25.88,20.33184051513672,-65.12693786621094,0.0,10.371078491210938
25.900000000000002,20.33184051513672,-65.12693786621094,0.0,10.371078491210938
25.94,23.92488670349121,-65.12693786621094,0.0,10.371078491210938
25.98,24.92716407775879,-65.12693786621094,0.0,10.371078491210938
26.0,24.98664093017578,-65.12693786621094,0.0,10.371078491210938
26.04,24.21731185913086,-65.12693786621094,0.0,10.371078491210938
26.080000000000002,22.297969818115234,-63.80857849121094,0.0,10.283187866210938
26.1,22.297969818115234,-61.083984375,0.0,10.195296287536621
26.14,20.932804107666016,-58.007781982421875,0.0,10.019515037536621
26.18,13.17575740814209,-53.701148986816406,0.0,9.228497505187988
26.2,8.249104499816895,-48.77926254272461,0.0,8.261697769165039
26.240000000000002,8.249104499816895,-43.154273986816406,0.0,7.119115829467773
26.28,0.19358469545841217,-39.37496566772461,0.0,6.415988922119141
26.32,-5.246931076049805,-35.41990280151367,0.0,5.712862014770508
26.34,-10.43959903717041,-31.81640625,0.0,5.185516834259033
26.38,-12.86424446105957,-30.0585880279541,0.0,4.833953380584717
26.42,-17.224029541015625,-28.915977478027344,0.0,4.6581711769104
26.44,-17.224029541015625,-29.003896713256836,0.0,4.6581711769104
26.48,-22.16157341003418,-29.003896713256836,0.0,4.5702805519104
26.52,-24.15172576904297,-29.003896713256836,0.0,4.6581711769104
26.54,-24.71462631225586,-29.003896713256836,0.0,4.6581711769104
26.580000000000002,-24.940719604492188,-29.003896713256836,0.0,4.6581711769104
26.6,-23.962230682373047,-29.179677963256836,0.0,4.6581711769104
26.64,-23.033092498779297,-30.761714935302734,0.0,4.6581711769104
26.68,-20.349868774414062,-32.78317642211914,0.0,4.746062278747559
26.7,-16.67879867553711,-35.85935592651367,0.0,4.833953380584717
26.740000000000002,-14.526219367980957,-39.11132049560547,0.0,5.273407459259033
26.78,-9.716699600219727,-43.417945861816406,0.0,6.064425468444824
26.8,-4.43174934387207,-48.33983612060547,0.0,7.031225204467773
26.84,-4.43174934387207,-54.05271530151367,0.0,8.173807144165039
26.88,3.8228399753570557,-57.74413299560547,0.0,9.052715301513672
26.92,9.15322494506836,-60.380859375,0.0,9.404278755187988
26.94,14.039996147155762,-62.138648986816406,0.0,9.843733787536621
26.98,14.039996147155762,-62.84177780151367,0.0,9.931624412536621
27.02,20.0224552154541,-62.753883361816406,0.0,9.931624412536621
27.04,22.82544708251953,-62.753883361816406,0.0,9.931624412536621
27.080000000000002,22.82544708251953,-62.753883361816406,0.0,9.931624412536621
27.12,24.90509033203125,-62.753883361816406,0.0,9.931624412536621
27.16,24.772464752197266,-62.753883361816406,0.0,9.931624412536621
27.18,23.420698165893555,-61.962867736816406,0.0,9.931624412536621
27.22,22.305437088012695,-60.029296875,0.0,9.843733787536621
27.240000000000002,19.2635498046875,-58.35934066772461,0.0,9.755843162536621
27.28,17.374052047729492,-55.19529724121094,0.0,9.492170333862305
27.32,12.973546981811523,-51.41598892211914,0.0,8.789043426513672
27.36,7.928579330444336,-46.31834411621094,0.0,7.822243690490723
27.38,7.928579330444336,-41.396484375,0.0,6.855443477630615
27.42,-0.29741770029067993,-37.617149353027344,0.0,6.152316093444824
27.46,-5.824725151062012,-33.749977111816406,0.0,5.53708028793335
27.48,-5.824725151062012,-31.640623092651367,0.0,5.185516834259033
27.52,-13.497052192687988,-30.32223129272461,0.0,4.921844005584717
27.560000000000002,-17.82743263244629,-29.88280487060547,0.0,4.746062278747559
27.6,-21.272001266479492,-29.79488754272461,0.0,4.746062278747559
27.62,-23.657176971435547,-29.88280487060547,0.0,4.746062278747559
27.66,-24.412382125854492,-29.88280487060547,0.0,4.746062278747559
27.7,-24.99941062927246,-29.79488754272461,0.0,4.746062278747559
27.72,-24.335289001464844,-30.0585880279541,0.0,4.746062278747559
27.76,-23.541278839111328,-32.16796875,0.0,4.833953380584717
27.8,-21.077720642089844,-34.101539611816406,0.0,4.921844005584717
27.82,-21.077720642089844,-37.7050666809082,0.0,5.097625732421875
27.86,-19.43863868713379,-41.660125732421875,0.0,5.712862014770508
27.900000000000002,-15.447623252868652,-46.23045349121094,0.0,6.591770648956299
27.92,-5.365242958068848,-51.41598892211914,0.0,7.6464619636535645
27.96,-5.365242958068848,-57.56835174560547,0.0,8.964824676513672
28.0,3.0280232429504395,-61.611331939697266,0.0,9.755843162536621
28.02,8.495793342590332,-64.95115661621094,0.0,10.371078491210938
28.060000000000002,8.495793342590332,-67.06050872802734,0.0,10.634751319885254
28.1,11.08639907836914,-67.32421112060547,0.0,10.722641944885254
28.12,19.74769401550293,-67.32421112060547,0.0,10.722641944885254
28.16,21.349008560180664,-67.32421112060547,0.0,10.722641944885254
28.18,23.720184326171875,-67.32421112060547,0.0,10.722641944885254
28.22,23.720184326171875,-67.32421112060547,0.0,10.722641944885254
28.26,24.996065139770508,-67.32421112060547,0.0,10.722641944885254
28.3,24.25956153869629,-67.32421112060547,0.0,10.722641944885254
28.32,22.284963607788086,-67.23629760742188,0.0,10.722641944885254
28.36,20.86180877685547,-66.53316497802734,0.0,10.722641944885254
28.400000000000002,17.233423233032227,-65.30272674560547,0.0,10.634751319885254
28.44,12.720849990844727,-63.017555236816406,0.0,10.546859741210938
28.46,12.720849990844727,-59.238250732421875,0.0,10.283187866210938
28.5,4.8060760498046875,-55.19529724121094,0.0,9.492170333862305
28.54,-0.8411521911621094,-50.273433685302734,0.0,8.525370597839355
28.560000000000002,-6.4486260414123535,-46.23045349121094,0.0,7.822243690490723
28.6,-9.146790504455566,-42.714820861816406,0.0,7.119115829467773
28.64,-14.157817840576172,-40.605438232421875,0.0,6.679661750793457
28.68,-18.441930770874023,-38.93553924560547,0.0,6.415988922119141
28.7,-18.441930770874023,-38.0566291809082,0.0,6.240207195281982
28.740000000000002,-23.03131103515625,-37.8808479309082,0.0,6.240207195281982
28.78,-24.633018493652344,-37.8808479309082,0.0,6.240207195281982
28.8,-24.633018493652344,-37.8808479309082,0.0,6.240207195281982
28.84,-24.958650588989258,-37.8808479309082,0.0,6.240207195281982
28.88,-23.03667449951172,-37.8808479309082,0.0,6.240207195281982
28.92,-20.23877716064453,-39.02340316772461,0.0,6.240207195281982
28.94,-20.23877716064453,-41.30856704711914,0.0,6.415988922119141
28.98,-11.678498268127441,-44.91209030151367,0.0,6.503879547119141
29.02,-9.078385353088379,-48.251914978027344,0.0,7.031225204467773
29.060000000000002,-3.554885149002075,-52.646461486816406,0.0,7.910134315490723
29.080000000000002,-3.554885149002075,-57.39257049560547,0.0,8.876934051513672
29.12,4.9916205406188965,-60.732425689697266,0.0,9.580060958862305
29.16,10.42912769317627,-63.28123092651367,0.0,10.019515037536621
29.18,10.42912769317627,-64.51170349121094,0.0,10.283187866210938
29.22,12.961119651794434,-64.59959411621094,0.0,10.283187866210938
29.26,21.093549728393555,-64.59959411621094,0.0,10.283187866210938
29.3,23.595651626586914,-64.68748474121094,0.0,10.283187866210938
29.34,24.857494354248047,-64.68748474121094,0.0,10.283187866210938
29.38,24.810302734375,-64.59959411621094,0.0,10.283187866210938
29.400000000000002,23.454153060913086,-64.59959411621094,0.0,10.283187866210938
29.44,22.304218292236328,-63.72068405151367,0.0,10.283187866210938
29.48,19.135217666625977,-62.050758361816406,0.0,10.195296287536621
29.52,14.951654434204102,-58.974605560302734,0.0,10.107406616210938
29.54,9.973335266113281,-55.10740280151367,0.0,9.492170333862305
29.580000000000002,7.266909122467041,-50.888641357421875,0.0,8.701151847839355
29.62,1.5985910892486572,-47.02146911621094,0.0,7.910134315490723
29.64,1.5985910892486572,-42.451148986816406,0.0,7.031225204467773
29.68,-1.287912130355835,-39.63866424560547,0.0,6.503879547119141
29.7,-12.291647911071777,-37.2656135559082,0.0,6.152316093444824
29.740000000000002,-12.291647911071777,-34.80466842651367,0.0,5.712862014770508
29.78,-18.965993881225586,-34.453102111816406,0.0,5.62497091293335
29.8,-22.198896408081055,-34.453102111816406,0.0,5.62497091293335
29.84,-22.198896408081055,-34.540992736816406,0.0,5.62497091293335
29.88,-24.788528442382812,-34.453102111816406,0.0,5.62497091293335
29.92,-24.870431900024414,-34.540992736816406,0.0,5.62497091293335
29.94,-23.618364334106445,-34.89255905151367,0.0,5.62497091293335
29.98,-23.618364334106445,-36.47459411621094,0.0,5.712862014770508
30.02,-19.39971351623535,-38.67184066772461,0.0,5.800752639770508
30.060000000000002,-15.24419116973877,-41.396484375,0.0,5.800752639770508
30.1,-10.26498794555664,-45.43943405151367,0.0,6.503879547119141
30.12,-10.26498794555664,-50.097652435302734,0.0,7.382789134979248
30.16,-1.844832181930542,-55.10740280151367,0.0,8.349588394165039
30.2,3.9620165824890137,-59.501953125,0.0,9.316388130187988
30.22,3.9620165824890137,-63.19334411621094,0.0,10.019515037536621
30.26,6.805782794952393,-65.30272674560547,0.0,10.458970069885254
30.3,16.89971160888672,-66.00585174560547,0.0,10.458970069885254
30.34,20.70398712158203,-66.09373474121094,0.0,10.546859741210938
30.38,20.70398712158203,-66.09373474121094,0.0,10.546859741210938
30.400000000000002,22.19594383239746,-66.09373474121094,0.0,10.546859741210938
30.44,24.25678253173828,-66.00585174560547,0.0,10.546859741210938
30.48,24.998600006103516,-66.00585174560547,0.0,10.546859741210938
30.52,22.4280948638916,-66.00585174560547,0.0,10.546859741210938
30.560000000000002,19.25127410888672,-66.00585174560547,0.0,10.546859741210938
30.580000000000002,19.25127410888672,-64.77537536621094,0.0,10.458970069885254
30.62,12.578156471252441,-63.017555236816406,0.0,10.371078491210938
30.66,7.21015739440918,-59.853511810302734,0.0,10.371078491210938
30.68,1.4434233903884888,-55.98631286621094,0.0,9.667951583862305
30.72,-1.4911352396011353,-51.855472564697266,0.0,8.876934051513672
30.76,-7.261020183563232,-48.076133728027344,0.0,8.085916519165039
30.8,-12.634808540344238,-45.17576217651367,0.0,7.558570861816406
30.82,-12.634808540344238,-43.417945861816406,0.0,7.20700740814209
30.86,-15.079150199890137,-43.154273986816406,0.0,7.119115829467773
30.900000000000002,-22.484317779541016,-43.154273986816406,0.0,7.119115829467773
30.94,-24.414684295654297,-43.154273986816406,0.0,7.119115829467773
30.96,-24.414684295654297,-43.154273986816406,0.0,7.119115829467773
31.0,-24.76601791381836,-43.154273986816406,0.0,7.119115829467773
31.04,-23.281625747680664,-43.593727111816406,0.0,7.119115829467773
31.060000000000002,-23.281625747680664,-44.648414611816406,0.0,7.20700740814209
31.1,-18.675973892211914,-47.02146911621094,0.0,7.29489803314209
31.14,-14.265007972717285,-49.833953857421875,0.0,7.382789134979248
31.18,-9.057494163513184,-53.701148986816406,0.0,8.173807144165039
31.2,-9.057494163513184,-58.974605560302734,0.0,9.228497505187988
31.240000000000002,-0.39281386137008667,-62.40232467651367,0.0,9.843733787536621
31.28,5.483684062957764,-64.95115661621094,0.0,10.371078491210938
31.3,11.05716609954834,-66.35741424560547,0.0,10.546859741210938
31.34,13.631529808044434,-66.53316497802734,0.0,10.546859741210938
31.36,18.17453384399414,-66.53316497802734,0.0,10.546859741210938
31.400000000000002,18.17453384399414,-66.53316497802734,0.0,10.546859741210938
31.44,23.018814086914062,-66.53316497802734,0.0,10.634751319885254
31.48,24.667728424072266,-66.53316497802734,0.0,10.634751319885254
31.5,24.667728424072266,-66.53316497802734,0.0,10.634751319885254
31.54,24.53389549255371,-66.53316497802734,0.0,10.634751319885254
31.560000000000002,22.710256576538086,-66.44530487060547,0.0,10.634751319885254
31.6,22.710256576538086,-64.86326599121094,0.0,10.546859741210938
31.64,17.622957229614258,-62.84177780151367,0.0,10.458970069885254
31.66,12.939592361450195,-59.941375732421875,0.0,10.371078491210938
31.7,12.939592361450195,-55.54685592651367,0.0,9.492170333862305
31.740000000000002,4.631400108337402,-50.36129379272461,0.0,8.613261222839355
31.78,-1.3070825338363647,-46.05466842651367,0.0,7.7343525886535645
31.8,-7.174892902374268,-41.396484375,0.0,6.767552375793457
31.84,-9.977465629577637,-38.4081916809082,0.0,6.240207195281982
31.88,-15.12028980255127,-35.15623092651367,0.0,5.712862014770508
31.900000000000002,-15.12028980255127,-33.398414611816406,0.0,5.449189186096191
31.94,-21.148027420043945,-32.60739517211914,0.0,5.361298561096191
31.98,-23.70595932006836,-32.69528579711914,0.0,5.273407459259033
32.0,-23.70595932006836,-32.69528579711914,0.0,5.273407459259033
32.04,-24.484508514404297,-32.69528579711914,0.0,5.273407459259033
32.08,-24.054861068725586,-32.69528579711914,0.0,5.273407459259033
32.12,-21.748706817626953,-32.69528579711914,0.0,5.273407459259033
32.14,-20.11673927307129,-33.662086486816406,0.0,5.361298561096191
32.18,-16.010684967041016,-35.41990280151367,0.0,5.361298561096191
32.22,-10.983142852783203,-38.0566291809082,0.0,5.449189186096191
32.24,-10.983142852783203,-41.48434829711914,0.0,5.712862014770508
32.28,-2.3532814979553223,-45.35154342651367,0.0,6.415988922119141
32.32,3.644268751144409,-48.51561737060547,0.0,7.031225204467773
32.36,9.435236930847168,-52.998023986816406,0.0,7.998025417327881
32.38,14.685052871704102,-55.45896911621094,0.0,8.525370597839355
32.42,14.685052871704102,-56.8652229309082,0.0,8.789043426513672
32.46,20.892192840576172,-57.30465316772461,0.0,8.876934051513672
32.480000000000004,23.567127227783203,-57.30465316772461,0.0,8.876934051513672
32.52,23.567127227783203,-57.30465316772461,0.0,8.876934051513672
32.56,24.9940242767334,-57.30465316772461,0.0,8.876934051513672
32.6,24.137598037719727,-57.2167854309082,0.0,8.876934051513672
32.64,21.877824783325195,-57.0410041809082,0.0,8.876934051513672
32.68,18.34373664855957,-54.93162155151367,0.0,8.789043426513672
32.7,18.34373664855957,-51.767547607421875,0.0,8.701151847839355
32.74,11.116387367248535,-48.60348129272461,0.0,8.173807144165039
32.76,5.4212965965271,-45.35154342651367,0.0,7.558570861816406
32.8,5.4212965965271,-41.220703125,0.0,6.767552375793457
32.84,2.4320080280303955,-37.8808479309082,0.0,6.240207195281982
32.88,-9.447749137878418,-35.68357467651367,0.0,5.800752639770508
32.92,-14.733419418334961,-33.837867736816406,0.0,5.53708028793335
32.94,-14.733419418334961,-33.749977111816406,0.0,5.53708028793335
32.980000000000004,-20.962907791137695,-33.749977111816406,0.0,5.53708028793335
33.02,-23.62512969970703,-33.749977111816406,0.0,5.53708028793335
33.04,-24.898845672607422,-33.749977111816406,0.0,5.53708028793335
33.08,-24.98746681213379,-33.749977111816406,0.0,5.53708028793335
33.1,-24.060104370117188,-34.71677780151367,0.0,5.53708028793335
33.14,-24.060104370117188,-36.38670349121094,0.0,5.62497091293335
33.18,-20.045482635498047,-38.67184066772461,0.0,5.62497091293335
33.22,-15.847110748291016,-41.396484375,0.0,5.800752639770508
33.24,-10.708490371704102,-45.70310974121094,0.0,6.503879547119141
33.28,-7.8794846534729,-49.746089935302734,0.0,7.29489803314209
33.32,-1.9111634492874146,-54.05271530151367,0.0,8.261697769165039
33.34,-1.9111634492874146,-58.886688232421875,0.0,9.228497505187988
33.38,1.1394668817520142,-61.78709030151367,0.0,9.843733787536621
33.42,12.733406066894531,-63.63279724121094,0.0,10.107406616210938
33.44,17.564851760864258,-63.89646911621094,0.0,10.195296287536621
33.480000000000004,19.604930877685547,-63.89646911621094,0.0,10.195296287536621
33.52,22.780521392822266,-63.89646911621094,0.0,10.195296287536621
33.54,24.59797477722168,-63.89646911621094,0.0,10.195296287536621
33.58,24.59797477722168,-63.89646911621094,0.0,10.195296287536621
33.62,24.959346771240234,-63.89646911621094,0.0,10.195296287536621
33.64,22.687604904174805,-63.89646911621094,0.0,10.195296287536621
33.68,22.687604904174805,-62.578102111816406,0.0,10.107406616210938
33.72,21.231504440307617,-60.46872329711914,0.0,9.931624412536621
33.74,12.49443531036377,-58.18355941772461,0.0,9.931624412536621
33.78,9.745648384094238,-54.58005905151367,0.0,9.316388130187988
33.8,3.848071575164795,-50.36129379272461,0.0,8.613261222839355
33.84,3.848071575164795,-46.23045349121094,0.0,7.822243690490723
33.88,-5.3236188888549805,-42.36325454711914,0.0,7.031225204467773
33.92,-11.117724418640137,-40.166011810302734,0.0,6.591770648956299
33.94,-16.24370765686035,-37.8808479309082,0.0,6.240207195281982
33.980000000000004,-18.456863403320312,-36.91404724121094,0.0,6.064425468444824
34.02,-22.01499366760254,-36.73826599121094,0.0,6.064425468444824
34.04,-24.24180793762207,-36.73826599121094,0.0,6.064425468444824
34.08,-24.809661865234375,-36.73826599121094,0.0,6.064425468444824
34.1,-24.80959701538086,-36.73826599121094,0.0,6.064425468444824
34.14,-24.241025924682617,-36.73826599121094,0.0,6.064425468444824
34.18,-22.008411407470703,-37.968711853027344,0.0,6.064425468444824
34.22,-18.435476303100586,-39.37496566772461,0.0,6.152316093444824
34.24,-18.435476303100586,-41.835906982421875,0.0,6.152316093444824
34.28,-11.053407669067383,-44.73630905151367,0.0,6.328097820281982
34.300000000000004,-5.218659400939941,-47.900352478027344,0.0,7.031225204467773
34.34,-5.218659400939941,-52.998023986816406,0.0,7.998025417327881
34.38,-2.157224416732788,-57.128868103027344,0.0,8.876934051513672
34.42,9.954816818237305,-59.853511810302734,0.0,9.316388130187988
34.46,15.283060073852539,-61.78709030151367,0.0,9.755843162536621
34.480000000000004,17.61530113220215,-62.66599655151367,0.0,9.931624412536621
34.52,21.436010360717773,-62.753883361816406,0.0,9.931624412536621
34.56,23.941890716552734,-62.753883361816406,0.0,9.931624412536621
34.58,24.97657012939453,-62.753883361816406,0.0,9.931624412536621
34.62,24.97657012939453,-62.753883361816406,0.0,9.931624412536621
34.660000000000004,23.651098251342773,-62.753883361816406,0.0,9.931624412536621
34.7,20.92478370666504,-62.22654342651367,0.0,9.931624412536621
34.72,16.904767990112305,-60.11716079711914,0.0,9.843733787536621
34.76,14.48383617401123,-58.53512191772461,0.0,9.755843162536621
34.800000000000004,9.006335258483887,-55.72263717651367,0.0,9.580060958862305
34.82,2.9680159091949463,-51.328125,0.0,8.789043426513672
34.86,-0.1455296128988266,-47.900352478027344,0.0,8.085916519165039
34.9,-6.319998741149902,-44.91209030151367,0.0,7.470679759979248
34.92,-12.105413436889648,-42.451148986816406,0.0,7.031225204467773
34.96,-14.738073348999023,-41.748043060302734,0.0,6.855443477630615
35.0,-19.277647018432617,-41.30856704711914,0.0,6.767552375793457
35.02,-22.619115829467773,-41.30856704711914,0.0,6.767552375793457
35.06,-23.771528244018555,-41.30856704711914,0.0,6.767552375793457
35.1,-24.948293685913086,-41.30856704711914,0.0,6.767552375793457
35.14,-24.5674991607666,-41.30856704711914,0.0,6.767552375793457
35.160000000000004,-24.5674991607666,-41.30856704711914,0.0,6.767552375793457
35.2,-21.148683547973633,-43.24216079711914,0.0,6.855443477630615
35.22,-17.175432205200195,-45.26365661621094,0.0,6.943334102630615
35.26,-17.175432205200195,-48.77926254272461,0.0,7.119115829467773
35.300000000000004,-9.288445472717285,-52.998023986816406,0.0,7.998025417327881
35.34,-3.2246367931365967,-56.953086853027344,0.0,8.876934051513672
35.36,3.0453097820281982,-61.523414611816406,0.0,9.755843162536621
35.4,3.0453097820281982,-64.42381286621094,0.0,10.283187866210938
35.44,11.976313591003418,-65.47850036621094,0.0,10.458970069885254
35.480000000000004,17.06642723083496,-65.74217987060547,0.0,10.458970069885254
35.5,17.06642723083496,-65.74217987060547,0.0,10.458970069885254
35.54,22.6037540435791,-65.74217987060547,0.0,10.458970069885254
35.58,24.5537052154541,-65.74217987060547,0.0,10.458970069885254
35.6,24.5537052154541,-65.74217987060547,0.0,10.458970069885254
35.64,24.553443908691406,-65.74217987060547,0.0,10.458970069885254
35.68,22.599355697631836,-65.74217987060547,0.0,10.458970069885254
35.7,19.20943832397461,-64.95115661621094,0.0,10.458970069885254
35.74,17.039369583129883,-63.63279724121094,0.0,10.371078491210938
35.78,11.920345306396484,-61.435550689697266,0.0,10.283187866210938
35.800000000000004,6.0395965576171875,-57.919918060302734,0.0,10.019515037536621
35.84,6.0395965576171875,-53.261695861816406,0.0,9.140606880187988
35.88,-3.384880304336548,-49.042964935302734,0.0,8.261697769165039
35.9,-9.486143112182617,-46.9335823059082,0.0,7.910134315490723
35.94,-9.486143112182617,-44.033180236816406,0.0,7.382789134979248
35.980000000000004,-12.333882331848145,-43.154273986816406,0.0,7.119115829467773
36.02,-21.34553337097168,-42.97848892211914,0.0,7.119115829467773
36.04,-23.92998504638672,-42.97848892211914,0.0,7.119115829467773
36.08,-23.92998504638672,-42.97848892211914,0.0,7.119115829467773
36.12,-24.904441833496094,-42.890602111816406,0.0,7.119115829467773
36.14,-23.55464744567871,-43.330055236816406,0.0,7.119115829467773
36.18,-23.55464744567871,-44.29685592651367,0.0,7.20700740814209
36.22,-18.74018096923828,-46.40623474121094,0.0,7.29489803314209
36.26,-13.968644142150879,-49.13082504272461,0.0,7.382789134979248
36.28,-8.293194770812988,-53.261695861816406,0.0,8.085916519165039
36.32,-5.228903293609619,-56.8652229309082,0.0,8.789043426513672
36.36,1.105639100074768,-60.380859375,0.0,9.492170333862305
36.4,7.372106552124023,-63.72068405151367,0.0,10.107406616210938
36.42,7.372106552124023,-65.12693786621094,0.0,10.371078491210938
36.46,10.352071762084961,-65.47850036621094,0.0,10.458970069885254
36.5,20.154891967773438,-65.47850036621094,0.0,10.458970069885254
36.54,23.23963737487793,-65.47850036621094,0.0,10.458970069885254
36.56,23.23963737487793,-65.47850036621094,0.0,10.458970069885254
36.6,24.999526977539062,-65.47850036621094,0.0,10.458970069885254
36.62,24.146224975585938,-65.47850036621094,0.0,10.458970069885254
36.660000000000004,23.121545791625977,-65.47850036621094,0.0,10.458970069885254
36.7,19.958131790161133,-64.86326599121094,0.0,10.458970069885254
36.72,15.489428520202637,-63.28123092651367,0.0,10.371078491210938
36.76,12.853351593017578,-60.908206939697266,0.0,10.283187866210938
36.78,6.992430210113525,-58.35934066772461,0.0,10.019515037536621
36.82,3.8635969161987305,-54.75584411621094,0.0,9.404278755187988
36.84,-2.53481125831604,-51.24020767211914,0.0,8.789043426513672
36.88,-2.53481125831604,-48.51561737060547,0.0,8.173807144165039
36.92,-11.697944641113281,-46.14256286621094,0.0,7.7343525886535645
36.96,-16.931316375732422,-44.99998092651367,0.0,7.558570861816406
36.980000000000004,-21.05368995666504,-44.73630905151367,0.0,7.470679759979248
37.02,-22.609479904174805,-44.82419967651367,0.0,7.470679759979248
37.06,-24.580602645874023,-44.73630905151367,0.0,7.470679759979248
37.08,-24.93128776550293,-44.73630905151367,0.0,7.470679759979248
37.12,-24.486623764038086,-45.17576217651367,0.0,7.470679759979248
37.14,-22.392343521118164,-46.58201599121094,0.0,7.558570861816406
37.18,-22.392343521118164,-48.77926254272461,0.0,7.6464619636535645
37.22,-16.541301727294922,-51.41598892211914,0.0,7.7343525886535645
37.26,-11.207496643066406,-54.40427780151367,0.0,8.261697769165039
37.28,-11.207496643066406,-58.623043060302734,0.0,9.140606880187988
37.32,-1.9320523738861084,-62.40232467651367,0.0,9.931624412536621
37.36,4.504128932952881,-66.00585174560547,0.0,10.546859741210938
37.38,4.504128932952881,-68.90625,0.0,10.98631477355957
37.42,7.63752555847168,-69.9609375,0.0,11.162096977233887
37.46,18.415544509887695,-70.0488052368164,0.0,11.162096977233887
37.5,22.131744384765625,-70.0488052368164,0.0,11.162096977233887
37.54,24.37226104736328,-70.0488052368164,0.0,11.162096977233887
37.58,24.98492431640625,-70.0488052368164,0.0,11.162096977233887
37.6,24.98492431640625,-70.0488052368164,0.0,11.162096977233887
37.64,22.7868595123291,-70.0488052368164,0.0,11.162096977233887
37.660000000000004,19.382671356201172,-70.0488052368164,0.0,11.162096977233887
37.7,19.382671356201172,-70.0488052368164,0.0,11.162096977233887
37.74,11.929736137390137,-69.69723510742188,0.0,11.162096977233887
37.76,5.880484580993652,-68.81832885742188,0.0,11.162096977233887
37.800000000000004,5.880484580993652,-66.79686737060547,0.0,10.98631477355957
37.84,-3.8060684204101562,-64.16014099121094,0.0,10.98631477355957
37.88,-10.038614273071289,-60.99606704711914,0.0,10.546859741210938
37.9,-15.597258567810059,-57.831993103027344,0.0,10.019515037536621
37.94,-18.003746032714844,-55.72263717651367,0.0,9.580060958862305
37.980000000000004,-21.866575241088867,-53.96482467651367,0.0,9.228497505187988
38.0,-24.252269744873047,-52.73434829711914,0.0,9.140606880187988
38.04,-24.835710525512695,-52.20700454711914,0.0,8.964824676513672
38.08,-24.732669830322266,-52.11911392211914,0.0,8.964824676513672
38.12,-22.951950073242188,-52.03122329711914,0.0,8.964824676513672
38.14,-19.61175537109375,-52.20700454711914,0.0,8.964824676513672
38.18,-19.61175537109375,-52.646461486816406,0.0,8.964824676513672
38.22,-12.194171905517578,-54.140602111816406,0.0,9.052715301513672
38.24,-6.132055759429932,-56.1620979309082,0.0,9.140606880187988
38.28,-6.132055759429932,-59.238250732421875,0.0,9.316388130187988
38.32,3.6131751537323,-61.962867736816406,0.0,9.843733787536621
38.36,9.898933410644531,-64.59959411621094,0.0,10.283187866210938
38.38,9.898933410644531,-66.53316497802734,0.0,10.546859741210938
38.42,15.511475563049316,-66.97264862060547,0.0,10.634751319885254
38.46,21.844501495361328,-66.88472747802734,0.0,10.634751319885254
38.480000000000004,24.25160789489746,-66.88472747802734,0.0,10.634751319885254
38.52,24.83783721923828,-66.88472747802734,0.0,10.634751319885254
38.56,24.723642349243164,-66.88472747802734,0.0,10.634751319885254
38.58,22.91047477722168,-66.88472747802734,0.0,10.634751319885254
38.62,22.91047477722168,-66.88472747802734,0.0,10.634751319885254
38.660000000000004,17.302186965942383,-66.62108612060547,0.0,10.634751319885254
38.7,12.009563446044922,-65.56639099121094,0.0,10.634751319885254
38.74,5.885778903961182,-63.72068405151367,0.0,10.458970069885254
38.78,5.885778903961182,-60.29294204711914,0.0,10.458970069885254
38.82,2.6424150466918945,-56.51365661621094,0.0,9.755843162536621
38.84,-13.141242027282715,-53.34959030151367,0.0,9.228497505187988
38.88,-15.82573127746582,-51.24020767211914,0.0,8.789043426513672
38.92,-20.328548431396484,-50.097652435302734,0.0,8.613261222839355
38.94,-20.328548431396484,-50.097652435302734,0.0,8.525370597839355
38.980000000000004,-24.370439529418945,-50.097652435302734,0.0,8.613261222839355
39.02,-24.98046875,-50.009735107421875,0.0,8.525370597839355
39.04,-24.98046875,-50.097652435302734,0.0,8.525370597839355
39.08,-24.631975173950195,-50.888641357421875,0.0,8.613261222839355
39.12,-22.656585693359375,-52.382789611816406,0.0,8.613261222839355
39.14,-14.211902618408203,-54.40427780151367,0.0,8.701151847839355
39.18,-11.369755744934082,-56.953086853027344,0.0,8.876934051513672
39.2,-5.138082027435303,-59.589813232421875,0.0,9.316388130187988
39.24,-1.8576816320419312,-62.578102111816406,0.0,9.931624412536621
39.28,4.745434761047363,-64.86326599121094,0.0,10.371078491210938
39.300000000000004,4.745434761047363,-66.53316497802734,0.0,10.546859741210938
39.34,13.893882751464844,-66.79686737060547,0.0,10.634751319885254
39.38,18.863933563232422,-66.79686737060547,0.0,10.634751319885254
39.4,20.87161636352539,-66.79686737060547,0.0,10.634751319885254
39.44,23.754467010498047,-66.79686737060547,0.0,10.634751319885254
39.46,24.967592239379883,-66.79686737060547,0.0,10.634751319885254
39.5,24.915664672851562,-66.79686737060547,0.0,10.634751319885254
39.54,23.49765968322754,-66.79686737060547,0.0,10.634751319885254
39.56,22.155994415283203,-66.79686737060547,0.0,10.634751319885254
39.6,18.32415199279785,-66.26951599121094,0.0,10.634751319885254
39.62,13.195626258850098,-64.68748474121094,0.0,10.546859741210938
39.660000000000004,10.254861831665039,-62.84177780151367,0.0,10.458970069885254
39.7,3.8797414302825928,-59.941375732421875,0.0,10.371078491210938
39.72,3.8797414302825928,-56.42576599121094,0.0,9.755843162536621
39.76,-6.057104587554932,-52.91012954711914,0.0,9.140606880187988
39.800000000000004,-12.246376991271973,-49.746089935302734,0.0,8.525370597839355
39.82,-17.569005966186523,-48.60348129272461,0.0,8.261697769165039
39.86,-17.569005966186523,-47.2851448059082,0.0,7.998025417327881
39.9,-19.783485412597656,-47.197227478027344,0.0,7.998025417327881
39.94,-24.812543869018555,-47.197227478027344,0.0,7.998025417327881
39.980000000000004,-24.998384475708008,-47.197227478027344,0.0,7.998025417327881
40.0,-22.895051956176758,-47.46092224121094,0.0,7.998025417327881
40.04,-21.347755432128906,-48.42770004272461,0.0,8.085916519165039
40.08,-17.136802673339844,-50.009735107421875,0.0,8.085916519165039
40.1,-11.697388648986816,-52.646461486816406,0.0,8.173807144165039
40.14,-11.697388648986816,-55.98631286621094,0.0,8.613261222839355
40.18,-2.100653648376465,-59.238250732421875,0.0,9.316388130187988
40.22,4.58820915222168,-62.49021530151367,0.0,9.931624412536621
40.24,10.950995445251465,-65.39060974121094,0.0,10.458970069885254
40.28,13.865196228027344,-66.88472747802734,0.0,10.634751319885254
40.32,18.896190643310547,-66.97264862060547,0.0,10.634751319885254
40.36,22.56903076171875,-66.97264862060547,0.0,10.634751319885254
40.4,24.616817474365234,-66.97264862060547,0.0,10.634751319885254
40.42,24.616817474365234,-66.97264862060547,0.0,10.634751319885254
40.46,24.979413986206055,-66.97264862060547,0.0,10.634751319885254
40.5,21.955524444580078,-66.97264862060547,0.0,10.634751319885254
40.54,17.973739624023438,-66.97264862060547,0.0,10.634751319885254
40.56,15.47201156616211,-66.18163299560547,0.0,10.634751319885254
40.6,9.672404289245605,-64.86326599121094,0.0,10.546859741210938
40.64,3.1681437492370605,-62.92966842651367,0.0,10.458970069885254
40.660000000000004,3.1681437492370605,-59.41403579711914,0.0,10.283187866210938
40.7,-0.20209574699401855,-57.0410041809082,0.0,9.843733787536621
40.74,-13.046830177307129,-54.84373092651367,0.0,9.404278755187988
40.78,-18.274208068847656,-53.701148986816406,0.0,9.228497505187988
40.800000000000004,-22.172338485717773,-52.822242736816406,0.0,9.140606880187988
40.84,-23.52901840209961,-52.646461486816406,0.0,9.052715301513672
40.88,-24.932140350341797,-52.646461486816406,0.0,9.052715301513672
40.9,-24.932140350341797,-52.646461486816406,0.0,9.052715301513672
40.94,-23.625455856323242,-52.73434829711914,0.0,9.052715301513672
40.980000000000004,-20.56890869140625,-53.96482467651367,0.0,9.140606880187988
41.0,-16.00376319885254,-56.24998474121094,0.0,9.228497505187988
41.04,-13.255630493164062,-58.35934066772461,0.0,9.228497505187988
41.06,-7.079380512237549,-60.380859375,0.0,9.492170333862305
41.1,-3.7648308277130127,-63.19334411621094,0.0,10.019515037536621
41.14,3.012866973876953,-65.56639099121094,0.0,10.458970069885254
41.160000000000004,9.572360038757324,-67.85155487060547,0.0,10.81053352355957
41.2,12.617630004882812,-68.11520385742188,0.0,10.81053352355957
41.24,17.95780372619629,-68.11520385742188,0.0,10.81053352355957
41.26,17.95780372619629,-68.11520385742188,0.0,10.81053352355957
41.300000000000004,23.391632080078125,-68.11520385742188,0.0,10.898423194885254
41.34,24.90333366394043,-68.11520385742188,0.0,10.81053352355957
41.38,24.574031829833984,-68.11520385742188,0.0,10.81053352355957
41.42,24.574031829833984,-68.11520385742188,0.0,10.898423194885254
41.44,23.720382690429688,-67.76363372802734,0.0,10.81053352355957
41.480000000000004,20.71242332458496,-66.44530487060547,0.0,10.81053352355957
41.52,16.167131423950195,-64.77537536621094,0.0,10.722641944885254
41.54,3.8947720527648926,-62.49021530151367,0.0,10.634751319885254
41.58,0.49092739820480347,-59.062469482421875,0.0,10.195296287536621
41.6,-6.283099174499512,-56.42576599121094,0.0,9.755843162536621
41.64,-9.526544570922852,-53.261695861816406,0.0,9.140606880187988
41.68,-15.423417091369629,-50.888641357421875,0.0,8.701151847839355
41.7,-20.17252540588379,-49.48238754272461,0.0,8.437479972839355
41.74,-20.17252540588379,-49.30660629272461,0.0,8.349588394165039
41.78,-24.39427375793457,-49.21874237060547,0.0,8.349588394165039
41.82,-24.963802337646484,-49.21874237060547,0.0,8.349588394165039
41.84,-24.545028686523438,-49.21874237060547,0.0,8.349588394165039
41.88,-22.33785629272461,-49.21874237060547,0.0,8.349588394165039
41.9,-20.590320587158203,-49.65816879272461,0.0,8.437479972839355
41.94,-15.96977710723877,-50.800777435302734,0.0,8.437479972839355
41.980000000000004,-10.147366523742676,-52.998023986816406,0.0,8.525370597839355
42.0,-10.147366523742676,-56.07420349121094,0.0,8.701151847839355
42.04,-0.13094274699687958,-59.150386810302734,0.0,9.228497505187988
42.08,6.670379161834717,-61.962867736816406,0.0,9.843733787536621
42.1,9.914827346801758,-64.33592224121094,0.0,10.283187866210938
42.14,15.784683227539062,-65.56639099121094,0.0,10.458970069885254
42.18,20.46575164794922,-66.00585174560547,0.0,10.458970069885254
42.2,20.46575164794922,-66.00585174560547,0.0,10.546859741210938
42.24,22.245100021362305,-66.00585174560547,0.0,10.546859741210938
42.28,22.245100021362305,-66.00585174560547,0.0,10.546859741210938
42.300000000000004,23.447845458984375,-66.00585174560547,0.0,10.458970069885254
42.34,22.030338287353516,-66.00585174560547,0.0,10.546859741210938
42.38,17.96922492980957,-66.00585174560547,0.0,10.546859741210938
42.4,12.541020393371582,-65.91796112060547,0.0,10.546859741210938
42.44,9.439311027526855,-64.51170349121094,0.0,10.458970069885254
42.480000000000004,2.754993200302124,-62.49021530151367,0.0,10.371078491210938
42.52,-4.142498970031738,-59.062469482421875,0.0,10.195296287536621
42.54,-10.727631568908691,-56.953086853027344,0.0,9.843733787536621
42.58,-13.743907928466797,-55.19529724121094,0.0,9.492170333862305
42.62,-18.934974670410156,-54.316383361816406,0.0,9.316388130187988
42.64,-18.934974670410156,-54.140602111816406,0.0,9.316388130187988
42.68,-23.9176025390625,-54.140602111816406,0.0,9.316388130187988
42.72,-24.996068954467773,-54.140602111816406,0.0,9.316388130187988
42.74,-24.996068954467773,-54.140602111816406,0.0,9.316388130187988
42.78,-23.036827087402344,-55.10740280151367,0.0,9.316388130187988
42.82,-19.487945556640625,-56.1620979309082,0.0,9.404278755187988
42.84,-14.44015121459961,-58.09569549560547,0.0,9.492170333862305
42.88,-11.470978736877441,-59.853511810302734,0.0,9.492170333862305
42.92,-4.926833629608154,-61.874977111816406,0.0,9.843733787536621
42.94,2.0000364780426025,-65.03904724121094,0.0,10.371078491210938
42.980000000000004,5.440366744995117,-66.97264862060547,0.0,10.634751319885254
43.0,11.942667961120605,-67.67577362060547,0.0,10.81053352355957
43.04,14.87834644317627,-67.76363372802734,0.0,10.81053352355957
43.08,19.83414649963379,-67.76363372802734,0.0,10.81053352355957
43.12,23.258575439453125,-67.76363372802734,0.0,10.81053352355957
43.14,23.258575439453125,-67.76363372802734,0.0,10.81053352355957
43.18,24.97650146484375,-67.76363372802734,0.0,10.81053352355957
43.2,23.70920181274414,-67.76363372802734,0.0,10.81053352355957
43.24,22.373586654663086,-67.76363372802734,0.0,10.81053352355957
43.28,18.426433563232422,-67.14842987060547,0.0,10.81053352355957
43.300000000000004,18.426433563232422,-65.83006286621094,0.0,10.722641944885254
43.34,9.943236351013184,-64.24803161621094,0.0,10.634751319885254
43.38,3.218196153640747,-61.78709030151367,0.0,10.634751319885254
43.4,-3.7609474658966064,-57.919918060302734,0.0,10.019515037536621
43.44,-7.175469875335693,-55.10740280151367,0.0,9.404278755187988
43.480000000000004,-13.52076244354248,-52.47067642211914,0.0,9.052715301513672
43.5,-18.812955856323242,-50.009735107421875,0.0,8.525370597839355
43.54,-20.930198669433594,-49.65816879272461,0.0,8.525370597839355
43.58,-23.89834976196289,-49.13082504272461,0.0,8.349588394165039
43.6,-24.996318817138672,-49.13082504272461,0.0,8.349588394165039
43.64,-24.810216903686523,-49.042964935302734,0.0,8.349588394165039
43.68,-22.984256744384766,-49.13082504272461,0.0,8.349588394165039
43.7,-22.984256744384766,-49.48238754272461,0.0,8.349588394165039
43.74,-16.943317413330078,-50.44921875,0.0,8.437479972839355
43.78,-11.172462463378906,-52.558570861816406,0.0,8.525370597839355
43.82,-4.519352436065674,-55.19529724121094,0.0,8.525370597839355
43.84,2.493121862411499,-58.53512191772461,0.0,9.228497505187988
43.88,2.493121862411499,-60.732425689697266,0.0,9.580060958862305
43.92,12.479552268981934,-61.699195861816406,0.0,9.755843162536621
43.96,18.015134811401367,-62.050758361816406,0.0,9.843733787536621
44.0,22.129003524780273,-62.050758361816406,0.0,9.843733787536621
44.02,22.129003524780273,-62.050758361816406,0.0,9.843733787536621
44.06,24.954341888427734,-62.050758361816406,0.0,9.843733787536621
44.1,24.386075973510742,-61.962867736816406,0.0,9.843733787536621
44.12,21.88257598876953,-61.523414611816406,0.0,9.843733787536621
44.18,21.88257598876953,-59.41403579711914,0.0,9.667951583862305
44.2,19.96067237854004,-57.0410041809082,0.0,9.667951583862305
44.24,14.966007232666016,-53.261695861816406,0.0,9.140606880187988
44.28,1.8888107538223267,-49.13082504272461,0.0,8.349588394165039
44.32,-5.154714584350586,-45.35154342651367,0.0,7.558570861816406
44.34,-11.790420532226562,-41.923828125,0.0,6.855443477630615
44.38,-11.790420532226562,-39.72652816772461,0.0,6.503879547119141
44.42,-19.837797164916992,-38.496055603027344,0.0,6.328097820281982
44.44,-23.30423355102539,-38.144493103027344,0.0,6.240207195281982
44.480000000000004,-23.30423355102539,-38.144493103027344,0.0,6.240207195281982
44.52,-24.961462020874023,-38.144493103027344,0.0,6.240207195281982
44.56,-23.571449279785156,-38.144493103027344,0.0,6.240207195281982
44.58,-20.288841247558594,-38.144493103027344,0.0,6.240207195281982
44.62,-20.288841247558594,-38.144493103027344,0.0,6.240207195281982
44.660000000000004,-12.423937797546387,-38.7597541809082,0.0,6.240207195281982
44.68,-5.831601142883301,-40.166011810302734,0.0,6.328097820281982
44.72,-2.3229315280914307,-42.53903579711914,0.0,6.328097820281982
44.76,4.766106128692627,-45.08787155151367,0.0,6.503879547119141
44.800000000000004,11.474143028259277,-47.2851448059082,0.0,6.855443477630615
44.82,17.258981704711914,-48.42770004272461,0.0,7.031225204467773
44.86,19.65470314025879,-48.955039978027344,0.0,7.119115829467773
44.88,23.209083557128906,-48.955039978027344,0.0,7.20700740814209
44.92,23.209083557128906,-48.955039978027344,0.0,7.20700740814209
44.96,24.971792221069336,-48.955039978027344,0.0,7.119115829467773
45.0,23.624744415283203,-48.8671760559082,0.0,7.20700740814209
45.02,23.624744415283203,-48.076133728027344,0.0,7.119115829467773
45.06,18.084915161132812,-46.23045349121094,0.0,7.031225204467773
45.1,12.478984832763672,-44.29685592651367,0.0,6.943334102630615
45.14,5.855231285095215,-41.396484375,0.0,6.767552375793457
45.18,5.855231285095215,-37.968711853027344,0.0,6.240207195281982
45.2,-8.253900527954102,-34.013648986816406,0.0,5.62497091293335
45.24,-11.539521217346191,-33.13473892211914,0.0,5.361298561096191
45.28,-17.34042739868164,-32.080047607421875,0.0,5.273407459259033
45.300000000000004,-19.73625373840332,-32.16796875,0.0,5.273407459259033
45.34,-23.272310256958008,-32.16796875,0.0,5.273407459259033
45.36,-24.905729293823242,-32.16796875,0.0,5.185516834259033
45.4,-24.905729293823242,-32.16796875,0.0,5.273407459259033
45.44,-23.535207748413086,-32.16796875,0.0,5.273407459259033
45.46,-20.179330825805664,-32.25583267211914,0.0,5.273407459259033
45.5,-20.179330825805664,-34.101539611816406,0.0,5.273407459259033
45.54,-12.159223556518555,-36.65037536621094,0.0,5.449189186096191
45.58,-5.459126949310303,-39.19918441772461,0.0,5.449189186096191
45.6,-5.459126949310303,-43.24216079711914,0.0,6.152316093444824
45.64,5.255841255187988,-45.87889099121094,0.0,6.591770648956299
45.68,11.984772682189941,-47.900352478027344,0.0,6.943334102630615
45.7,17.728004455566406,-49.39452362060547,0.0,7.20700740814209
45.74,20.07701873779297,-49.57030487060547,0.0,7.29489803314209
45.78,23.485637664794922,-49.57030487060547,0.0,7.29489803314209
45.800000000000004,23.485637664794922,-49.57030487060547,0.0,7.29489803314209
45.84,24.91357421875,-49.57030487060547,0.0,7.29489803314209
45.88,23.289745330810547,-49.39452362060547,0.0,7.29489803314209
45.9,23.289745330810547,-48.076133728027344,0.0,7.20700740814209
45.94,17.31715202331543,-46.6699104309082,0.0,7.119115829467773
45.980000000000004,11.455501556396484,-44.47263717651367,0.0,7.119115829467773
46.0,4.6388115882873535,-41.835906982421875,0.0,6.943334102630615
46.04,1.0472402572631836,-39.28710174560547,0.0,6.415988922119141
46.08,-6.128628253936768,-36.47459411621094,0.0,5.976534366607666
46.12,-12.797242164611816,-32.95895767211914,0.0,5.361298561096191
46.14,-12.797242164611816,-32.080047607421875,0.0,5.185516834259033
46.18,-15.764366149902344,-32.16796875,0.0,5.185516834259033
46.22,-23.81970977783203,-32.16796875,0.0,5.185516834259033
46.26,-24.995817184448242,-32.16796875,0.0,5.185516834259033
46.28,-24.995817184448242,-32.16796875,0.0,5.185516834259033
46.32,-24.799081802368164,-32.16796875,0.0,5.185516834259033
46.36,-18.99386215209961,-32.78317642211914,0.0,5.185516834259033
46.4,-13.537588119506836,-34.628883361816406,0.0,5.273407459259033
46.42,-13.537588119506836,-37.5292854309082,0.0,5.361298561096191
46.46,-3.386826515197754,-40.341793060302734,0.0,5.53708028793335
46.5,3.8638556003570557,-44.29685592651367,0.0,6.240207195281982
46.54,10.792708396911621,-46.31834411621094,0.0,6.591770648956299
46.56,13.951458930969238,-48.42770004272461,0.0,7.031225204467773
46.6,19.32358741760254,-49.48238754272461,0.0,7.29489803314209
46.62,23.06756591796875,-49.48238754272461,0.0,7.29489803314209
46.660000000000004,24.223262786865234,-49.48238754272461,0.0,7.29489803314209
46.7,24.978107452392578,-49.48238754272461,0.0,7.29489803314209
46.74,23.620311737060547,-49.48238754272461,0.0,7.29489803314209
46.78,20.261798858642578,-48.42770004272461,0.0,7.20700740814209
46.800000000000004,20.261798858642578,-47.2851448059082,0.0,7.20700740814209
46.84,12.130037307739258,-45.08787155151367,0.0,7.119115829467773
46.88,5.313485622406006,-42.97848892211914,0.0,7.031225204467773
46.9,-1.9577438831329346,-40.341793060302734,0.0,6.591770648956299
46.94,-1.9577438831329346,-37.8808479309082,0.0,6.152316093444824
46.980000000000004,-12.367762565612793,-36.12303161621094,0.0,5.976534366607666
47.0,-18.11443328857422,-34.71677780151367,0.0,5.712862014770508
47.04,-20.435731887817383,-34.36521530151367,0.0,5.62497091293335
47.08,-23.725141525268555,-34.36521530151367,0.0,5.62497091293335
47.1,-24.62203025817871,-34.36521530151367,0.0,5.62497091293335
47.14,-24.822492599487305,-34.36521530151367,0.0,5.62497091293335
47.18,-22.90077018737793,-34.453102111816406,0.0,5.62497091293335
47.22,-19.01827621459961,-35.77146911621094,0.0,5.62497091293335
47.24,-19.01827621459961,-37.968711853027344,0.0,5.712862014770508
47.28,-16.438886642456055,-41.044918060302734,0.0,5.800752639770508
47.32,-10.278955459594727,-44.73630905151367,0.0,6.328097820281982
47.36,4.091353416442871,-48.33983612060547,0.0,7.031225204467773
47.38,4.091353416442871,-53.613258361816406,0.0,8.085916519165039
47.42,14.236647605895996,-56.51365661621094,0.0,8.701151847839355
47.46,19.588491439819336,-58.974605560302734,0.0,9.228497505187988
47.480000000000004,23.255126953125,-60.46872329711914,0.0,9.492170333862305
47.52,24.35042381286621,-60.732425689697266,0.0,9.580060958862305
47.56,24.94493293762207,-60.732425689697266,0.0,9.580060958862305
47.6,23.385332107543945,-60.732425689697266,0.0,9.580060958862305
47.62,23.385332107543945,-60.732425689697266,0.0,9.580060958862305
47.660000000000004,17.34372901916504,-60.732425689697266,0.0,9.580060958862305
47.7,11.352025985717773,-60.64450454711914,0.0,9.580060958862305
47.72,11.352025985717773,-59.941375732421875,0.0,9.580060958862305
47.76,0.701449990272522,-58.886688232421875,0.0,9.492170333862305
47.800000000000004,-6.611299514770508,-57.128868103027344,0.0,9.404278755187988
47.84,-13.353188514709473,-55.54685592651367,0.0,9.404278755187988
47.86,-13.353188514709473,-54.66794967651367,0.0,9.316388130187988
47.9,-21.13751792907715,-54.58005905151367,0.0,9.316388130187988
47.94,-24.113521575927734,-54.58005905151367,0.0,9.316388130187988
47.96,-24.98931312561035,-54.66794967651367,0.0,9.316388130187988
48.0,-24.98931312561035,-55.01951217651367,0.0,9.316388130187988
48.04,-22.24357032775879,-55.54685592651367,0.0,9.404278755187988
48.08,-17.935415267944336,-56.953086853027344,0.0,9.492170333862305
48.1,-17.935415267944336,-59.238250732421875,0.0,9.492170333862305
48.14,-8.684552192687988,-61.699195861816406,0.0,9.755843162536621
48.18,-1.4423775672912598,-64.51170349121094,0.0,10.283187866210938
48.2,5.929598331451416,-67.23629760742188,0.0,10.722641944885254
48.24,5.929598331451416,-68.46676635742188,0.0,10.898423194885254
48.28,15.826948165893555,-68.73046875,0.0,10.98631477355957
48.32,20.80512046813965,-68.73046875,0.0,10.98631477355957
48.34,23.955867767333984,-68.73046875,0.0,10.98631477355957
48.38,24.751432418823242,-68.73046875,0.0,10.98631477355957
48.42,24.69340705871582,-68.73046875,0.0,10.98631477355957
48.46,24.69340705871582,-68.73046875,0.0,10.98631477355957
48.480000000000004,23.84031867980957,-68.73046875,0.0,10.98631477355957
48.52,15.497917175292969,-68.73046875,0.0,10.98631477355957
48.56,9.045801162719727,-68.20311737060547,0.0,10.98631477355957
48.58,1.7906084060668945,-66.70894622802734,0.0,10.898423194885254
48.620000000000005,-1.9390759468078613,-64.86326599121094,0.0,10.81053352355957
48.660000000000004,-9.189403533935547,-63.19334411621094,0.0,10.722641944885254
48.68,-15.628368377685547,-61.611331939697266,0.0,10.634751319885254
48.72,-18.36045265197754,-60.556640625,0.0,10.458970069885254
48.76,-22.545093536376953,-60.29294204711914,0.0,10.458970069885254
48.78,-22.545093536376953,-60.29294204711914,0.0,10.458970069885254
48.82,-24.99994659423828,-60.29294204711914,0.0,10.458970069885254
48.86,-23.871978759765625,-60.29294204711914,0.0,10.458970069885254
48.88,-23.871978759765625,-60.820289611816406,0.0,10.458970069885254
48.92,-22.496658325195312,-61.611331939697266,0.0,10.458970069885254
48.96,-12.420868873596191,-63.19334411621094,0.0,10.546859741210938
49.0,-5.455165386199951,-65.03904724121094,0.0,10.546859741210938
49.02,-1.747009038925171,-67.41207885742188,0.0,10.722641944885254
49.06,2.0012893676757812,-68.29098510742188,0.0,10.898423194885254
49.1,12.650735855102539,-68.46676635742188,0.0,10.898423194885254
49.120000000000005,18.465906143188477,-68.46676635742188,0.0,10.898423194885254
49.160000000000004,20.78098487854004,-68.46676635742188,0.0,10.898423194885254
49.2,23.964805603027344,-68.46676635742188,0.0,10.898423194885254
49.22,23.964805603027344,-68.46676635742188,0.0,10.898423194885254
49.26,24.67059326171875,-68.46676635742188,0.0,10.898423194885254
49.300000000000004,22.361736297607422,-68.46676635742188,0.0,10.898423194885254
49.32,22.361736297607422,-68.46676635742188,0.0,10.98631477355957
49.36,15.237236976623535,-67.76363372802734,0.0,10.898423194885254
49.4,8.666794776916504,-66.26951599121094,0.0,10.81053352355957
49.42,1.3114500045776367,-63.98435592651367,0.0,10.722641944885254
49.46,1.3114500045776367,-60.732425689697266,0.0,10.546859741210938
49.5,-9.737592697143555,-58.27147674560547,0.0,10.107406616210938
49.54,-16.143407821655273,-56.8652229309082,0.0,9.843733787536621
49.56,-16.143407821655273,-55.63475036621094,0.0,9.580060958862305
49.6,-24.12997817993164,-55.28318405151367,0.0,9.492170333862305
49.64,-24.83928871154785,-55.28318405151367,0.0,9.492170333862305
49.68,-24.555078506469727,-55.28318405151367,0.0,9.492170333862305
49.7,-22.040889739990234,-55.28318405151367,0.0,9.492170333862305
49.74,-20.010498046875,-55.28318405151367,0.0,9.492170333862305
49.78,-14.632420539855957,-55.89842224121094,0.0,9.492170333862305
49.800000000000004,-14.632420539855957,-57.74413299560547,0.0,9.667951583862305
49.84,-4.2506208419799805,-59.589813232421875,0.0,9.667951583862305
49.88,3.296637535095215,-61.611331939697266,0.0,9.843733787536621
49.9,3.296637535095215,-63.54490280151367,0.0,10.107406616210938
49.94,13.850308418273926,-63.89646911621094,0.0,10.195296287536621
49.980000000000004,19.436826705932617,-63.98435592651367,0.0,10.195296287536621
50.0,23.248430252075195,-63.89646911621094,0.0,10.195296287536621
50.04,24.371532440185547,-63.89646911621094,0.0,10.195296287536621
50.08,24.92179298400879,-63.89646911621094,0.0,10.195296287536621
50.1,23.187950134277344,-63.89646911621094,0.0,10.195296287536621
50.14,21.505273818969727,-63.80857849121094,0.0,10.195296287536621
50.18,16.69983673095703,-62.578102111816406,0.0,10.107406616210938
50.2,10.357935905456543,-60.029296875,0.0,10.019515037536621
50.24,6.788216590881348,-58.09569549560547,0.0,10.019515037536621
50.26,-0.7386224865913391,-55.01951217651367,0.0,9.404278755187988
50.300000000000004,-0.7386224865913391,-50.888641357421875,0.0,8.701151847839355
50.34,-11.690838813781738,-48.60348129272461,0.0,8.173807144165039
50.38,-17.785171508789062,-47.02146911621094,0.0,7.910134315490723
50.4,-22.240665435791016,-45.96678161621094,0.0,7.7343525886535645
50.44,-23.717470169067383,-45.87889099121094,0.0,7.7343525886535645
50.480000000000004,-24.996614456176758,-45.87889099121094,0.0,7.7343525886535645
50.52,-23.963760375976562,-45.87889099121094,0.0,7.7343525886535645
50.54,-23.963760375976562,-45.87889099121094,0.0,7.7343525886535645
50.58,-18.338665008544922,-46.6699104309082,0.0,7.7343525886535645
50.620000000000005,-12.373908042907715,-47.900352478027344,0.0,7.822243690490723
50.64,-12.373908042907715,-50.273433685302734,0.0,7.822243690490723
50.68,-1.4717897176742554,-53.085914611816406,0.0,7.998025417327881
50.72,6.117049694061279,-55.72263717651367,0.0,8.525370597839355
50.74,6.117049694061279,-58.27147674560547,0.0,9.052715301513672
50.78,16.231382369995117,-59.238250732421875,0.0,9.228497505187988
50.82,21.211362838745117,-59.765594482421875,0.0,9.404278755187988
50.84,24.215730667114258,-59.765594482421875,0.0,9.404278755187988
50.88,24.880558013916016,-59.765594482421875,0.0,9.404278755187988
50.92,24.455873489379883,-59.765594482421875,0.0,9.404278755187988
50.96,21.74534797668457,-59.765594482421875,0.0,9.404278755187988
50.980000000000004,21.74534797668457,-59.677730560302734,0.0,9.404278755187988
51.02,13.994695663452148,-58.623043060302734,0.0,9.316388130187988
51.06,7.0726237297058105,-56.68943786621094,0.0,9.228497505187988
51.08,7.0726237297058105,-53.525367736816406,0.0,9.140606880187988
51.120000000000005,-4.338132381439209,-49.746089935302734,0.0,8.437479972839355
51.160000000000004,-11.590415000915527,-47.02146911621094,0.0,7.910134315490723
51.18,-17.756711959838867,-43.68161392211914,0.0,7.29489803314209
51.22,-17.756711959838867,-41.835906982421875,0.0,6.943334102630615
51.26,-23.739213943481445,-41.30856704711914,0.0,6.767552375793457
51.300000000000004,-24.99854850769043,-41.044918060302734,0.0,6.767552375793457
51.32,-23.901592254638672,-41.132781982421875,0.0,6.767552375793457
51.36,-22.49226951599121,-41.132781982421875,0.0,6.767552375793457
51.4,-18.11650848388672,-41.132781982421875,0.0,6.767552375793457
51.42,-12.02685546875,-41.132781982421875,0.0,6.767552375793457
51.46,-12.02685546875,-41.044918060302734,0.0,6.767552375793457
51.5,-0.9652576446533203,-42.714820861816406,0.0,6.767552375793457
51.54,6.67787504196167,-44.384742736816406,0.0,6.855443477630615
51.58,13.691362380981445,-46.23045349121094,0.0,6.855443477630615
51.620000000000005,19.40886116027832,-46.84568786621094,0.0,6.943334102630615
51.64,19.40886116027832,-46.84568786621094,0.0,6.943334102630615
51.68,21.605098724365234,-46.84568786621094,0.0,6.855443477630615
51.7,24.894399642944336,-46.84568786621094,0.0,6.943334102630615
51.74,24.242305755615234,-46.75779724121094,0.0,6.943334102630615
51.78,21.225072860717773,-45.96678161621094,0.0,6.855443477630615
51.800000000000004,16.183326721191406,-44.82419967651367,0.0,6.855443477630615
51.84,13.046271324157715,-42.97848892211914,0.0,6.767552375793457
51.88,5.913187503814697,-41.220703125,0.0,6.767552375793457
51.9,-1.7879962921142578,-38.7597541809082,0.0,6.328097820281982
51.94,-1.7879962921142578,-36.29881286621094,0.0,5.976534366607666
51.980000000000004,-12.797714233398438,-35.06834030151367,0.0,5.712862014770508
52.02,-18.75116539001465,-34.80466842651367,0.0,5.62497091293335
52.04,-21.084590911865234,-34.89255905151367,0.0,5.62497091293335
52.08,-24.183330535888672,-34.89255905151367,0.0,5.712862014770508
52.1,-24.962501525878906,-34.89255905151367,0.0,5.62497091293335
52.14,-24.448823928833008,-34.80466842651367,0.0,5.62497091293335
52.18,-21.674692153930664,-34.89255905151367,0.0,5.62497091293335
52.2,-16.814424514770508,-36.03513717651367,0.0,5.712862014770508
52.24,-13.740560531616211,-37.792930603027344,0.0,5.800752639770508
52.28,-6.67451810836792,-39.990230560302734,0.0,5.712862014770508
52.300000000000004,1.0381344556808472,-43.68161392211914,0.0,6.152316093444824
52.34,4.905187606811523,-45.70310974121094,0.0,6.503879547119141
52.38,12.193486213684082,-48.251914978027344,0.0,7.031225204467773
52.4,18.306772232055664,-50.097652435302734,0.0,7.382789134979248
52.44,18.306772232055664,-50.888641357421875,0.0,7.558570861816406
52.480000000000004,24.021886825561523,-50.976558685302734,0.0,7.558570861816406
52.52,24.987314224243164,-50.976558685302734,0.0,7.558570861816406
52.54,23.531036376953125,-50.888641357421875,0.0,7.558570861816406
52.58,21.928916931152344,-50.800777435302734,0.0,7.558570861816406
52.620000000000005,17.16939926147461,-50.44921875,0.0,7.558570861816406
52.64,10.739717483520508,-48.955039978027344,0.0,7.470679759979248
52.68,7.088421821594238,-47.02146911621094,0.0,7.382789134979248
52.72,-0.6434369087219238,-44.648414611816406,0.0,7.382789134979248
52.74,-8.31604290008545,-42.275360107421875,0.0,7.031225204467773
52.78,-11.894231796264648,-41.044918060302734,0.0,6.767552375793457
52.800000000000004,-18.097097396850586,-40.166011810302734,0.0,6.679661750793457
52.84,-18.097097396850586,-39.990230560302734,0.0,6.591770648956299
52.88,-23.95073699951172,-40.078094482421875,0.0,6.591770648956299
52.92,-24.993282318115234,-40.078094482421875,0.0,6.591770648956299
52.94,-24.595178604125977,-40.078094482421875,0.0,6.591770648956299
52.980000000000004,-22.006921768188477,-40.078094482421875,0.0,6.591770648956299
53.0,-17.262069702148438,-40.693355560302734,0.0,6.591770648956299
53.04,-17.262069702148438,-42.62692642211914,0.0,6.767552375793457
53.08,-14.218193054199219,-44.12107467651367,0.0,6.767552375793457
53.1,0.6046897768974304,-47.02146911621094,0.0,6.855443477630615
53.14,4.514252185821533,-50.009735107421875,0.0,7.382789134979248
53.160000000000004,11.907129287719727,-52.558570861816406,0.0,7.910134315490723
53.2,15.207322120666504,-53.78904342651367,0.0,8.173807144165039
53.24,20.60772705078125,-54.58005905151367,0.0,8.261697769165039
53.28,23.980260848999023,-54.66794967651367,0.0,8.349588394165039
53.300000000000004,24.98966407775879,-54.75584411621094,0.0,8.349588394165039
53.34,24.5665283203125,-54.66794967651367,0.0,8.349588394165039
53.38,21.91481590270996,-54.58005905151367,0.0,8.349588394165039
53.4,17.096162796020508,-54.49216842651367,0.0,8.349588394165039
53.44,14.015023231506348,-53.437477111816406,0.0,8.261697769165039
53.480000000000004,6.889277935028076,-51.15234375,0.0,8.173807144165039
53.5,-0.9219462871551514,-48.8671760559082,0.0,8.173807144165039
53.54,-4.843541145324707,-46.31834411621094,0.0,7.822243690490723
53.58,-12.231876373291016,-44.47263717651367,0.0,7.470679759979248
53.6,-18.409168243408203,-43.68161392211914,0.0,7.29489803314209
53.64,-18.409168243408203,-43.505836486816406,0.0,7.29489803314209
53.68,-24.106199264526367,-43.505836486816406,0.0,7.20700740814209
53.72,-24.970508575439453,-43.505836486816406,0.0,7.20700740814209
53.74,-24.970508575439453,-43.505836486816406,0.0,7.29489803314209
53.78,-21.64539909362793,-43.68161392211914,0.0,7.20700740814209
53.82,-16.665040969848633,-44.47263717651367,0.0,7.29489803314209
53.84,-16.665040969848633,-47.02146911621094,0.0,7.382789134979248
53.88,-6.273846626281738,-50.097652435302734,0.0,7.470679759979248
53.92,1.5946446657180786,-53.34959030151367,0.0,8.085916519165039
53.94,9.307043075561523,-56.07420349121094,0.0,8.613261222839355
53.980000000000004,12.860651016235352,-58.007781982421875,0.0,9.052715301513672
54.02,18.916494369506836,-58.53512191772461,0.0,9.140606880187988
54.04,23.07862663269043,-58.53512191772461,0.0,9.140606880187988
54.08,24.309572219848633,-58.53512191772461,0.0,9.140606880187988
54.1,24.914674758911133,-58.53512191772461,0.0,9.228497505187988
54.14,24.914674758911133,-58.53512191772461,0.0,9.140606880187988
54.18,21.178447723388672,-58.53512191772461,0.0,9.140606880187988
54.22,15.952200889587402,-58.007781982421875,0.0,9.140606880187988
54.24,9.117413520812988,-56.24998474121094,0.0,9.052715301513672
54.28,9.117413520812988,-53.525367736816406,0.0,8.964824676513672
54.32,5.3068318367004395,-49.746089935302734,0.0,8.437479972839355
54.36,-2.620643138885498,-47.197227478027344,0.0,7.998025417327881
54.4,-16.917747497558594,-44.12107467651367,0.0,7.382789134979248
54.42,-16.917747497558594,-42.53903579711914,0.0,7.031225204467773
54.46,-23.497678756713867,-42.099609375,0.0,6.943334102630615
54.480000000000004,-24.98957633972168,-42.099609375,0.0,6.943334102630615
54.52,-24.98957633972168,-42.099609375,0.0,6.943334102630615
54.56,-22.503232955932617,-42.099609375,0.0,6.943334102630615
54.6,-17.93651008605957,-42.099609375,0.0,6.943334102630615
54.620000000000005,-11.546489715576172,-42.890602111816406,0.0,6.943334102630615
54.660000000000004,-7.864346981048584,-43.769508361816406,0.0,7.031225204467773
54.7,0.006625732872635126,-45.17576217651367,0.0,7.119115829467773
54.72,7.88030481338501,-47.724571228027344,0.0,7.119115829467773
54.76,11.565346717834473,-49.39452362060547,0.0,7.29489803314209
54.800000000000004,17.96122932434082,-49.833953857421875,0.0,7.382789134979248
54.82,17.96122932434082,-49.833953857421875,0.0,7.382789134979248
54.86,23.97023582458496,-49.833953857421875,0.0,7.382789134979248
54.9,24.986413955688477,-49.833953857421875,0.0,7.382789134979248
54.92,23.448999404907227,-49.833953857421875,0.0,7.382789134979248
54.96,23.448999404907227,-48.69139862060547,0.0,7.29489803314209
55.0,16.759872436523438,-47.197227478027344,0.0,7.29489803314209
55.04,10.039860725402832,-44.99998092651367,0.0,7.20700740814209
55.06,2.2875709533691406,-42.36325454711914,0.0,7.031225204467773
55.1,2.2875709533691406,-40.166011810302734,0.0,6.591770648956299
55.14,-9.529570579528809,-38.58397674560547,0.0,6.328097820281982
55.18,-16.35373878479004,-37.44136428833008,0.0,6.152316093444824
55.2,-16.35373878479004,-37.1777229309082,0.0,6.152316093444824
55.24,-19.1741943359375,-37.1777229309082,0.0,6.152316093444824
55.28,-23.267284393310547,-37.1777229309082,0.0,6.152316093444824
55.300000000000004,-24.092126846313477,-37.1777229309082,0.0,6.152316093444824
55.34,-22.707279205322266,-37.1777229309082,0.0,6.152316093444824
55.38,-18.218603134155273,-37.968711853027344,0.0,6.152316093444824
55.4,-11.846060752868652,-39.63866424560547,0.0,6.240207195281982
55.44,-8.152546882629395,-41.30856704711914,0.0,6.328097820281982
55.46,-0.22815251350402832,-44.12107467651367,0.0,6.328097820281982
55.5,3.7965688705444336,-45.87889099121094,0.0,6.591770648956299
55.54,11.449402809143066,-47.900352478027344,0.0,6.943334102630615
55.56,14.87775707244873,-49.39452362060547,0.0,7.29489803314209
55.6,20.492414474487305,-49.833953857421875,0.0,7.382789134979248
55.620000000000005,23.982421875,-49.833953857421875,0.0,7.382789134979248
55.660000000000004,24.806711196899414,-49.833953857421875,0.0,7.382789134979248
55.7,24.504621505737305,-49.833953857421875,0.0,7.382789134979248
55.72,21.653362274169922,-49.746089935302734,0.0,7.382789134979248
55.76,19.35379409790039,-48.77926254272461,0.0,7.29489803314209
55.800000000000004,13.304710388183594,-47.54878616333008,0.0,7.29489803314209
55.82,5.866051197052002,-45.26365661621094,0.0,7.20700740814209
55.86,5.866051197052002,-42.80270767211914,0.0,7.119115829467773
55.9,-6.183073043823242,-40.429656982421875,0.0,6.679661750793457
55.94,-13.587594032287598,-38.58397674560547,0.0,6.328097820281982
55.96,-13.587594032287598,-36.56248474121094,0.0,6.064425468444824
56.0,-16.801803588867188,-35.85935592651367,0.0,5.888643741607666
56.04,-24.578702926635742,-35.85935592651367,0.0,5.888643741607666
56.08,-24.750690460205078,-35.85935592651367,0.0,5.888643741607666
56.1,-23.85373878479004,-35.85935592651367,0.0,5.888643741607666
56.14,-20.20963478088379,-35.85935592651367,0.0,5.888643741607666
56.18,-14.441519737243652,-35.85935592651367,0.0,5.800752639770508
56.2,-14.441519737243652,-37.35350036621094,0.0,5.888643741607666
56.24,-3.173339366912842,-38.67184066772461,0.0,5.976534366607666
56.28,4.932995796203613,-40.693355560302734,0.0,5.976534366607666
56.300000000000004,4.932995796203613,-43.505836486816406,0.0,6.152316093444824
56.34,8.844905853271484,-43.945289611816406,0.0,6.240207195281982
56.38,15.86982536315918,-43.769508361816406,0.0,6.240207195281982
56.4,24.339374542236328,-43.769508361816406,0.0,6.240207195281982
56.44,24.943660736083984,-43.769508361816406,0.0,6.240207195281982
56.46,24.163185119628906,-43.769508361816406,0.0,6.240207195281982
56.5,22.79833984375,-43.68161392211914,0.0,6.240207195281982
56.54,18.298173904418945,-42.890602111816406,0.0,6.152316093444824
56.56,15.282044410705566,-41.923828125,0.0,6.152316093444824
56.6,8.116193771362305,-40.341793060302734,0.0,6.064425468444824
56.620000000000005,0.08642243593931198,-37.8808479309082,0.0,6.064425468444824
56.660000000000004,-3.9875876903533936,-35.24412155151367,0.0,5.712862014770508
56.68,-11.71231460571289,-33.57419204711914,0.0,5.53708028793335
56.72,-11.71231460571289,-33.04684829711914,0.0,5.361298561096191
56.76,-20.747730255126953,-32.78317642211914,0.0,5.361298561096191
56.800000000000004,-24.133201599121094,-32.87106704711914,0.0,5.361298561096191
56.82,-24.94914436340332,-32.78317642211914,0.0,5.361298561096191
56.86,-24.35416030883789,-32.87106704711914,0.0,5.361298561096191
56.9,-21.23558235168457,-32.87106704711914,0.0,5.361298561096191
56.92,-21.23558235168457,-34.013648986816406,0.0,5.361298561096191
56.96,-12.47537612915039,-36.03513717651367,0.0,5.449189186096191
57.0,-4.819567680358887,-38.2324104309082,0.0,5.449189186096191
57.02,3.3550901412963867,-41.30856704711914,0.0,5.712862014770508
57.06,3.3550901412963867,-44.29685592651367,0.0,6.240207195281982
57.1,14.683887481689453,-44.648414611816406,0.0,6.328097820281982
57.14,20.43309211730957,-44.99998092651367,0.0,6.328097820281982
57.160000000000004,20.43309211730957,-44.99998092651367,0.0,6.328097820281982
57.2,22.516496658325195,-44.99998092651367,0.0,6.328097820281982
57.24,24.45604705810547,-44.99998092651367,0.0,6.328097820281982
57.28,21.462646484375,-44.91209030151367,0.0,6.328097820281982
57.300000000000004,21.462646484375,-44.648414611816406,0.0,6.328097820281982
57.34,12.808106422424316,-43.06637954711914,0.0,6.240207195281982
57.38,5.164323806762695,-41.396484375,0.0,6.152316093444824
57.4,5.164323806762695,-38.847618103027344,0.0,6.152316093444824
57.44,-7.0750603675842285,-36.56248474121094,0.0,6.064425468444824
57.46,-14.466754913330078,-34.189430236816406,0.0,5.62497091293335
57.5,-17.62171173095703,-33.662086486816406,0.0,5.53708028793335
57.54,-22.42157745361328,-33.662086486816406,0.0,5.53708028793335
57.56,-24.7966251373291,-33.662086486816406,0.0,5.53708028793335
57.6,-24.982255935668945,-33.662086486816406,0.0,5.53708028793335
57.64,-23.322418212890625,-33.662086486816406,0.0,5.53708028793335
57.68,-19.132184982299805,-34.36521530151367,0.0,5.53708028793335
57.7,-19.132184982299805,-35.77146911621094,0.0,5.53708028793335
57.74,-9.15427303314209,-37.7050666809082,0.0,5.62497091293335
57.78,-1.0908567905426025,-39.990230560302734,0.0,5.62497091293335
57.800000000000004,7.094574451446533,-43.769508361816406,0.0,6.152316093444824
57.84,7.094574451446533,-45.43943405151367,0.0,6.415988922119141
57.88,17.672075271606445,-46.6699104309082,0.0,6.767552375793457
57.92,22.46779441833496,-46.75779724121094,0.0,6.767552375793457
57.96,24.813907623291016,-46.6699104309082,0.0,6.767552375793457
57.980000000000004,24.813907623291016,-46.6699104309082,0.0,6.767552375793457
58.02,23.25349235534668,-46.58201599121094,0.0,6.767552375793457
58.04,18.987646102905273,-46.49412536621094,0.0,6.767552375793457
58.08,18.987646102905273,-45.43943405151367,0.0,6.679661750793457
58.120000000000005,8.898648262023926,-44.12107467651367,0.0,6.679661750793457
58.14,0.7831225395202637,-42.53903579711914,0.0,6.591770648956299
58.18,0.7831225395202637,-40.429656982421875,0.0,6.591770648956299
58.22,-11.27379035949707,-38.847618103027344,0.0,6.328097820281982
58.24,-17.94754409790039,-37.35350036621094,0.0,6.152316093444824
58.28,-17.94754409790039,-36.82615661621094,0.0,6.064425468444824
58.32,-24.09215545654297,-36.82615661621094,0.0,6.064425468444824
58.36,-24.95041847229004,-36.82615661621094,0.0,6.064425468444824
58.4,-23.061017990112305,-36.82615661621094,0.0,6.064425468444824
58.42,-21.13849639892578,-36.82615661621094,0.0,6.064425468444824
58.46,-15.601166725158691,-37.968711853027344,0.0,6.064425468444824
58.5,-8.339625358581543,-39.19918441772461,0.0,6.152316093444824
58.54,-8.339625358581543,-41.30856704711914,0.0,6.152316093444824
58.56,4.004520893096924,-44.47263717651367,0.0,6.328097820281982
58.6,11.876606941223145,-46.40623474121094,0.0,6.679661750793457
58.620000000000005,18.437191009521484,-48.955039978027344,0.0,7.20700740814209
58.660000000000004,20.990036010742188,-50.273433685302734,0.0,7.382789134979248
58.7,24.285064697265625,-50.976558685302734,0.0,7.558570861816406
58.72,24.285064697265625,-51.064422607421875,0.0,7.558570861816406
58.76,24.144784927368164,-51.064422607421875,0.0,7.558570861816406
58.800000000000004,20.672922134399414,-51.064422607421875,0.0,7.558570861816406
58.82,20.672922134399414,-50.888641357421875,0.0,7.558570861816406
58.86,18.040010452270508,-50.624996185302734,0.0,7.558570861816406
58.9,3.384335517883301,-49.48238754272461,0.0,7.470679759979248
58.92,-4.956536293029785,-47.197227478027344,0.0,7.382789134979248
58.96,-4.956536293029785,-44.82419967651367,0.0,7.382789134979248
59.0,-16.16105842590332,-43.68161392211914,0.0,7.29489803314209
59.02,-21.54290771484375,-43.505836486816406,0.0,7.29489803314209
59.06,-21.54290771484375,-43.505836486816406,0.0,7.29489803314209
59.1,-24.9899959564209,-43.505836486816406,0.0,7.29489803314209
59.14,-23.82509422302246,-43.505836486816406,0.0,7.29489803314209
59.160000000000004,-19.99214744567871,-43.593727111816406,0.0,7.29489803314209
59.2,-17.197723388671875,-43.85740280151367,0.0,7.29489803314209
59.24,-10.243324279785156,-45.17576217651367,0.0,7.382789134979248
59.26,-2.136794328689575,-47.900352478027344,0.0,7.382789134979248
59.300000000000004,2.0668833255767822,-50.624996185302734,0.0,7.558570861816406
59.34,10.184164047241211,-52.822242736816406,0.0,7.998025417327881
59.36,17.15968894958496,-54.05271530151367,0.0,8.173807144165039
59.4,17.15968894958496,-54.58005905151367,0.0,8.349588394165039
59.44,23.818937301635742,-54.58005905151367,0.0,8.349588394165039
59.480000000000004,24.98971176147461,-54.58005905151367,0.0,8.349588394165039
59.5,24.98971176147461,-54.58005905151367,0.0,8.349588394165039
59.54,21.507944107055664,-54.49216842651367,0.0,8.349588394165039
59.58,16.071746826171875,-54.40427780151367,0.0,8.349588394165039
59.6,8.817220687866211,-52.382789611816406,0.0,8.261697769165039
59.64,8.817220687866211,-49.48238754272461,0.0,8.173807144165039
59.68,-3.649864912033081,-47.02146911621094,0.0,7.910134315490723
59.72,-11.647921562194824,-44.208961486816406,0.0,7.382789134979248
59.74,-11.647921562194824,-41.923828125,0.0,6.943334102630615
59.78,-15.205181121826172,-41.220703125,0.0,6.767552375793457
59.82,-24.282726287841797,-40.517574310302734,0.0,6.679661750793457
59.84,-24.282726287841797,-40.605438232421875,0.0,6.679661750793457
59.88,-24.93734359741211,-40.605438232421875,0.0,6.679661750793457
59.92,-20.537315368652344,-40.605438232421875,0.0,6.679661750793457
59.96,-14.627769470214844,-40.605438232421875,0.0,6.679661750793457
59.980000000000004,-14.627769470214844,-40.605438232421875,0.0,6.679661750793457
