dt,yaw_cmd,yaw_pos,pitch_cmd,pitch_pos
0.28,-4.688468933105469,-2.1972618103027344,0.0,-1.0547077655792236
0.3,-6.224146366119385,-2.1972618103027344,0.0,-1.0547077655792236
0.3,-9.218013763427734,-2.1972618103027344,0.0,-1.0547077655792236
0.3,-12.068802833557129,-2.460907220840454,0.0,-1.0547077655792236
0.3,-13.426103591918945,-2.6366889476776123,0.0,-1.0547077655792236
0.3,-15.977070808410645,-3.5155975818634033,0.0,-1.0547077655792236
0.3,-18.275638580322266,-6.064405918121338,0.0,-0.7910351753234863
0.32,-19.318336486816406,-9.140613555908203,0.0,-0.26368993520736694
0.36,-21.169048309326172,-13.271456718444824,0.0,0.5273279547691345
0.38,-22.681716918945312,-17.929645538330078,0.0,1.4941275119781494
0.42,-23.303096771240234,-21.972627639770508,0.0,2.2851455211639404
0.44,-24.262659072875977,-27.86128807067871,0.0,3.603508234024048
0.48,-24.262659072875977,-35.68357467651367,0.0,4.921844005584717
0.52,-24.965457916259766,-43.593727111816406,0.0,6.152316093444824
0.54,-24.929964065551758,-50.976558685302734,0.0,7.558570861816406
0.58,-24.929964065551758,-59.501953125,0.0,9.316388130187988
0.62,-24.11875343322754,-66.00585174560547,0.0,10.546859741210938
0.66,-23.083515167236328,-70.57614135742188,0.0,11.24998664855957
0.7000000000000001,-21.669992446899414,-75.67382049560547,0.0,12.216787338256836
0.72,-19.90007209777832,-79.45309448242188,0.0,12.832022666931152
0.76,-18.88994789123535,-82.2656021118164,0.0,13.271477699279785
0.8,-16.639432907104492,-84.28709411621094,0.0,13.710905075073242
0.84,-16.639432907104492,-85.42967987060547,0.0,13.974576950073242
0.88,-11.349808692932129,-85.60545349121094,0.0,13.974576950073242
0.9,-8.396409034729004,-85.69335174560547,0.0,14.062468528747559
0.9400000000000001,-8.396409034729004,-85.69335174560547,0.0,14.062468528747559
0.98,-3.7151145935058594,-85.69335174560547,0.0,14.062468528747559
1.0,-0.5018197298049927,-85.69335174560547,0.0,14.062468528747559
1.04,1.112650752067566,-85.69335174560547,0.0,14.062468528747559
1.08,4.323585510253906,-85.69335174560547,0.0,14.062468528747559
1.1,7.465739727020264,-85.69335174560547,0.0,14.062468528747559
1.1400000000000001,7.465739727020264,-84.63865661621094,0.0,14.062468528747559
1.18,11.93475341796875,-82.96873474121094,0.0,13.886686325073242
1.2,14.677613258361816,-80.771484375,0.0,13.798794746398926
1.24,14.677613258361816,-76.99214935302734,0.0,13.447259902954102
1.28,18.320161819458008,-74.09178161621094,0.0,12.919914245605469
1.32,20.37296485900879,-70.7519302368164,0.0,12.30467700958252
1.36,20.37296485900879,-66.88472747802734,0.0,11.689441680908203
1.3800000000000001,21.272785186767578,-61.34762954711914,0.0,10.634751319885254
1.42,23.940269470214844,-55.10740280151367,0.0,9.492170333862305
1.46,24.674455642700195,-48.42770004272461,0.0,8.085916519165039
1.5,24.988170623779297,-40.605438232421875,0.0,6.591770648956299
1.52,24.874675750732422,-31.552705764770508,0.0,5.009735107421875
1.56,24.657609939575195,-24.96091651916504,0.0,3.779289960861206
1.58,23.90662956237793,-19.687463760375977,0.0,2.724599838256836
1.62,23.90662956237793,-13.535157203674316,0.0,1.6699093580245972
1.6600000000000001,22.013080596923828,-8.789050102233887,0.0,0.8788914680480957
1.7,20.2691593170166,-4.482424736022949,0.0,-0.08790817856788635
1.72,18.172771453857422,0.17581908404827118,0.0,-0.8789260387420654
1.76,18.172771453857422,4.306662559509277,0.0,-1.669943928718567
1.8,14.445901870727539,5.976562023162842,0.0,-2.021507501602173
1.84,11.634665489196777,6.591825485229492,0.0,-2.109398365020752
1.86,11.634665489196777,6.591825485229492,0.0,-2.109398365020752
1.92,10.148706436157227,6.503907203674316,0.0,-2.109398365020752
1.94,2.17739200592041,6.503907203674316,0.0,-2.109398365020752
1.98,2.17739200592041,6.503907203674316,0.0,-2.109398365020752
2.02,-2.786876678466797,6.503907203674316,0.0,-2.109398365020752
2.06,-6.051641464233398,6.503907203674316,0.0,-2.109398365020752
2.08,-6.051641464233398,6.503907203674316,0.0,-2.109398365020752
2.12,-7.648870944976807,6.15234375,0.0,-2.109398365020752
2.16,-10.737565040588379,4.570307731628418,0.0,-2.021507501602173
2.18,-16.302871704101562,1.7578548192977905,0.0,-1.9336165189743042
2.22,-16.302871704101562,-4.042943000793457,0.0,-1.0547077655792236
2.2600000000000002,-19.746280670166016,-8.43748664855957,0.0,-0.26368993520736694
2.3000000000000003,-21.613170623779297,-14.589847564697266,0.0,0.7031096816062927
2.32,-21.613170623779297,-21.533201217651367,0.0,2.1093637943267822
2.36,-23.68440818786621,-27.86128807067871,0.0,3.603508234024048
2.4,-24.54128074645996,-34.980445861816406,0.0,4.833953380584717
2.42,-24.54128074645996,-44.12107467651367,0.0,6.415988922119141
2.46,-24.99889373779297,-52.11911392211914,0.0,7.910134315490723
2.5,-24.742115020751953,-59.41403579711914,0.0,9.404278755187988
2.52,-24.038408279418945,-66.70894622802734,0.0,10.722641944885254
2.56,-24.038408279418945,-72.0702896118164,0.0,11.601550102233887
2.6,-22.17179298400879,-75.67382049560547,0.0,12.30467700958252
2.64,-20.417613983154297,-78.74996948242188,0.0,12.832022666931152
2.66,-19.398391723632812,-81.8261489868164,0.0,13.271477699279785
2.7,-17.0981502532959,-84.02342224121094,0.0,13.710905075073242
2.72,-17.0981502532959,-85.34178924560547,0.0,13.974576950073242
2.7600000000000002,-13.07280158996582,-85.42967987060547,0.0,14.062468528747559
2.8000000000000003,-10.076112747192383,-85.42967987060547,0.0,14.062468528747559
2.82,-6.891493320465088,-85.42967987060547,0.0,14.062468528747559
2.86,-5.246700763702393,-85.42967987060547,0.0,14.062468528747559
2.9,-1.8897247314453125,-85.42967987060547,0.0,14.062468528747559
2.92,-0.19295619428157806,-85.42967987060547,0.0,14.062468528747559
2.96,3.1980676651000977,-85.42967987060547,0.0,14.062468528747559
2.98,6.533475399017334,-84.63865661621094,0.0,14.062468528747559
3.02,6.533475399017334,-82.8808364868164,0.0,13.974576950073242
3.06,8.160888671875,-80.59571075439453,0.0,13.798794746398926
3.1,14.22665786743164,-77.08007049560547,0.0,13.535149574279785
3.12,16.894153594970703,-73.56443786621094,0.0,12.832022666931152
3.16,16.894153594970703,-69.87301635742188,0.0,12.216787338256836
3.2,20.294897079467773,-66.35741424560547,0.0,11.601550102233887
3.24,22.09836769104004,-62.050758361816406,0.0,10.81053352355957
3.2600000000000002,22.09836769104004,-54.66794967651367,0.0,9.404278755187988
3.3200000000000003,22.84718894958496,-45.87889099121094,0.0,7.6464619636535645
3.34,24.930166244506836,-38.320274353027344,0.0,6.240207195281982
3.38,24.930166244506836,-29.88280487060547,0.0,4.746062278747559
3.42,24.78372573852539,-23.291017532348633,0.0,3.515617609024048
3.46,24.098236083984375,-17.841781616210938,0.0,2.3730363845825195
3.48,24.098236083984375,-13.007811546325684,0.0,1.4941275119781494
3.52,23.582632064819336,-8.085923194885254,0.0,0.7910005450248718
3.56,20.427099227905273,-4.218724727630615,0.0,-1.7302845662925392e-05
3.58,18.24557113647461,-0.9667896032333374,0.0,-0.6152534484863281
3.62,17.020349502563477,1.2305095195770264,0.0,-1.1425986289978027
3.66,14.329628944396973,3.2519724369049072,0.0,-1.4062713384628296
3.7,11.361357688903809,3.691453695297241,0.0,-1.4941622018814087
3.72,11.361357688903809,3.691453695297241,0.0,-1.4941622018814087
3.7600000000000002,6.512744903564453,3.691453695297241,0.0,-1.4941622018814087
3.8000000000000003,3.1060996055603027,3.691453695297241,0.0,-1.4941622018814087
3.8200000000000003,3.1060996055603027,3.6035356521606445,0.0,-1.4941622018814087
3.86,-2.1019585132598877,3.6035356521606445,0.0,-1.4941622018814087
3.9,-5.541541576385498,3.6035356521606445,0.0,-1.4941622018814087
3.92,-8.877035140991211,2.636763572692871,0.0,-1.4941622018814087
3.96,-10.48526668548584,0.5273826122283936,0.0,-1.4062713384628296
4.0,-13.54322338104248,-2.9882524013519287,0.0,-1.2304894924163818
4.0200000000000005,-16.340007781982422,-6.943314552307129,0.0,-0.5273625254631042
4.0600000000000005,-17.622900009155273,-11.689421653747559,0.0,0.26365530490875244
4.1,-19.925691604614258,-16.435527801513672,0.0,1.142564058303833
4.12,-21.840015411376953,-22.499971389770508,0.0,2.2851455211639404
4.16,-22.639062881469727,-29.091760635375977,0.0,3.691399097442627
4.2,-23.900463104248047,-35.94724655151367,0.0,5.009735107421875
4.22,-24.69200325012207,-45.96678161621094,0.0,6.767552375793457
4.26,-24.69200325012207,-54.66794967651367,0.0,8.525370597839355
4.3,-24.905874252319336,-60.99606704711914,0.0,9.755843162536621
4.32,-24.52682113647461,-67.67577362060547,0.0,10.898423194885254
4.36,-24.124841690063477,-71.9823989868164,0.0,11.513660430908203
4.4,-22.9627742767334,-75.58592224121094,0.0,12.216787338256836
4.42,-21.342302322387695,-79.541015625,0.0,12.919914245605469
4.46,-20.369487762451172,-82.52928161621094,0.0,13.359368324279785
4.5,-18.1221923828125,-84.72654724121094,0.0,13.798794746398926
4.5200000000000005,-15.509976387023926,-85.86913299560547,0.0,14.150358200073242
4.5600000000000005,-14.082782745361328,-85.95702362060547,0.0,14.150358200073242
4.6000000000000005,-11.021450996398926,-85.95702362060547,0.0,14.150358200073242
4.64,-7.735386848449707,-85.95702362060547,0.0,14.150358200073242
4.66,-7.735386848449707,-85.95702362060547,0.0,14.150358200073242
4.72,-6.028414249420166,-85.95702362060547,0.0,14.150358200073242
4.74,2.7992382049560547,-85.95702362060547,0.0,14.150358200073242
4.78,2.7992382049560547,-85.42967987060547,0.0,14.150358200073242
4.82,8.008234977722168,-84.63865661621094,0.0,14.150358200073242
4.86,11.296224594116211,-82.8808364868164,0.0,13.974576950073242
4.88,12.85919189453125,-80.244140625,0.0,13.886686325073242
4.92,15.782793998718262,-76.99214935302734,0.0,13.535149574279785
4.96,18.386737823486328,-73.47654724121094,0.0,12.832022666931152
4.98,18.386737823486328,-69.609375,0.0,12.12889575958252
5.0200000000000005,21.576541900634766,-66.18163299560547,0.0,11.601550102233887
5.0600000000000005,23.16033363342285,-61.259765625,0.0,10.634751319885254
5.1000000000000005,24.269060134887695,-53.525367736816406,0.0,9.052715301513672
5.12,24.269060134887695,-46.14256286621094,0.0,7.7343525886535645
5.16,24.637292861938477,-39.55074691772461,0.0,6.415988922119141
5.2,24.828351974487305,-31.904268264770508,0.0,5.097625732421875
5.22,24.55345916748047,-24.78513526916504,0.0,3.779289960861206
5.26,23.62278175354004,-19.599599838256836,0.0,2.636708974838257
5.3,22.200220108032227,-13.710938453674316,0.0,1.6699093580245972
5.32,20.31395149230957,-8.61326789855957,0.0,0.8788914680480957
5.36,19.208433151245117,-4.746070384979248,0.0,-1.7302845662925392e-05
5.4,16.700714111328125,-0.8788713812828064,0.0,-0.6152534484863281
5.42,13.841041564941406,2.460981845855713,0.0,-1.4062713384628296
5.46,12.297371864318848,4.746089458465576,0.0,-1.757834792137146
5.5,9.022334098815918,5.449216365814209,0.0,-1.845725655555725
5.5200000000000005,5.554360389709473,5.361352920532227,0.0,-1.845725655555725
5.5600000000000005,5.554360389709473,5.361352920532227,0.0,-1.845725655555725
5.6000000000000005,0.15011253952980042,5.361352920532227,0.0,-1.845725655555725
5.64,-3.477022171020508,5.361352920532227,0.0,-1.845725655555725
5.68,-7.034057140350342,5.361352920532227,0.0,-1.845725655555725
5.7,-7.034057140350342,5.361352920532227,0.0,-1.845725655555725
5.74,-12.073320388793945,5.361352920532227,0.0,-1.845725655555725
5.78,-15.130402565002441,4.570307731628418,0.0,-1.845725655555725
5.8,-17.867868423461914,2.0215001106262207,0.0,-1.757834792137146
5.84,-19.09788703918457,-1.6699166297912598,0.0,-1.4062713384628296
5.88,-21.24692153930664,-6.152324199676514,0.0,-0.7910351753234863
5.9,-22.942846298217773,-11.689421653747559,0.0,0.26365530490875244
5.94,-23.608705520629883,-16.611310958862305,0.0,1.230454921722412
5.98,-24.55744171142578,-22.499971389770508,0.0,2.3730363845825195
6.0,-24.55744171142578,-30.0585880279541,0.0,3.8671536445617676
6.04,-24.987241744995117,-37.7050666809082,0.0,5.361298561096191
6.08,-24.600311279296875,-45.52732849121094,0.0,6.767552375793457
6.1000000000000005,-24.600311279296875,-55.19529724121094,0.0,8.613261222839355
6.140000000000001,-24.206266403198242,-64.24803161621094,0.0,10.371078491210938
6.18,-21.346487045288086,-70.40036010742188,0.0,11.337878227233887
6.2,-19.20063591003418,-74.26756286621094,0.0,12.04100513458252
6.24,-19.20063591003418,-79.365234375,0.0,12.832022666931152
6.28,-15.21073055267334,-83.6718521118164,0.0,13.623013496398926
6.32,-12.119686126708984,-86.92379760742188,0.0,14.326140403747559
6.34,-10.469168663024902,-89.29686737060547,0.0,14.765595436096191
6.38,-7.002863883972168,-90.2636489868164,0.0,14.941376686096191
6.42,-3.379560947418213,-90.4394302368164,0.0,14.941376686096191
6.44,-1.5336923599243164,-90.4394302368164,0.0,14.941376686096191
6.48,2.1758265495300293,-90.4394302368164,0.0,14.941376686096191
6.5,2.1758265495300293,-90.4394302368164,0.0,14.941376686096191
6.54,7.631340980529785,-90.4394302368164,0.0,14.941376686096191
6.58,11.078324317932129,-90.4394302368164,0.0,14.941376686096191
6.6000000000000005,11.078324317932129,-90.2636489868164,0.0,14.941376686096191
6.640000000000001,12.715620040893555,-88.06639862060547,0.0,14.853485107421875
6.68,18.48077964782715,-85.60545349121094,0.0,14.765595436096191
6.72,20.78069305419922,-82.96873474121094,0.0,14.589813232421875
6.74,20.78069305419922,-78.39840698242188,0.0,13.886686325073242
6.78,23.351842880249023,-74.00389099121094,0.0,12.919914245605469
6.82,24.42227554321289,-69.69723510742188,0.0,12.12889575958252
6.84,24.94636344909668,-65.30272674560547,0.0,11.337878227233887
6.88,24.998876571655273,-59.853511810302734,0.0,10.283187866210938
6.92,24.682373046875,-52.822242736816406,0.0,8.964824676513672
6.96,23.809757232666016,-45.26365661621094,0.0,7.470679759979248
6.98,23.809757232666016,-37.617149353027344,0.0,6.152316093444824
7.0200000000000005,21.50110626220703,-29.97066879272461,0.0,4.833953380584717
7.0600000000000005,19.344091415405273,-23.642581939697266,0.0,3.603508234024048
7.1000000000000005,19.344091415405273,-16.962873458862305,0.0,2.2851455211639404
7.12,18.09700584411621,-12.568329811096191,0.0,1.4062366485595703
7.16,12.15311336517334,-7.99800443649292,0.0,0.7031096816062927
7.2,8.726213455200195,-4.394506454467773,0.0,-0.08790817856788635
7.22,8.726213455200195,-0.439444363117218,0.0,-0.6152534484863281
7.26,3.2321159839630127,2.1094183921813965,0.0,-1.3183804750442505
7.3,-0.5450215935707092,3.8672354221343994,0.0,-1.4941622018814087
7.32,-4.31318998336792,4.042962551116943,0.0,-1.5820530652999878
7.36,-4.31318998336792,4.042962551116943,0.0,-1.5820530652999878
7.4,-9.759657859802246,3.955099105834961,0.0,-1.5820530652999878
7.44,-13.131059646606445,3.955099105834961,0.0,-1.5820530652999878
7.46,-13.131059646606445,3.955099105834961,0.0,-1.5820530652999878
7.5,-17.603126525878906,3.955099105834961,0.0,-1.5820530652999878
7.54,-20.092613220214844,3.955099105834961,0.0,-1.5820530652999878
7.5600000000000005,-22.118576049804688,2.900408983230591,0.0,-1.5820530652999878
7.6000000000000005,-22.942180633544922,0.7910279035568237,0.0,-1.4941622018814087
7.640000000000001,-24.18579864501953,-2.724606990814209,0.0,-1.2304894924163818
7.66,-24.867216110229492,-6.679669380187988,0.0,-0.6152534484863281
7.7,-24.991117477416992,-11.601557731628418,0.0,0.26365530490875244
7.74,-24.800678253173828,-16.171829223632812,0.0,1.142564058303833
7.76,-24.487045288085938,-21.884763717651367,0.0,2.1972546577453613
7.8,-23.431123733520508,-27.77342414855957,0.0,3.515617609024048
7.82,-21.824386596679688,-35.41990280151367,0.0,4.921844005584717
7.86,-20.82529640197754,-42.80270767211914,0.0,6.240207195281982
7.9,-18.464176177978516,-50.009735107421875,0.0,7.558570861816406
7.92,-15.665582656860352,-58.623043060302734,0.0,9.316388130187988
7.96,-14.122138977050781,-64.33592224121094,0.0,10.371078491210938
8.0,-10.791929244995117,-69.34567260742188,0.0,11.24998664855957
8.02,-7.203060626983643,-71.9823989868164,0.0,11.689441680908203
8.06,-5.3378190994262695,-73.82810974121094,0.0,12.04100513458252
8.1,-1.5208053588867188,-75.67382049560547,0.0,12.30467700958252
8.120000000000001,2.335890531539917,-76.46480560302734,0.0,12.480459213256836
8.16,4.2504143714904785,-76.55272674560547,0.0,12.480459213256836
8.2,7.994614124298096,-76.55272674560547,0.0,12.480459213256836
8.22,11.551135063171387,-76.55272674560547,0.0,12.480459213256836
8.28,11.551135063171387,-76.55272674560547,0.0,12.480459213256836
8.3,17.7645263671875,-76.55272674560547,0.0,12.480459213256836
8.34,19.074628829956055,-75.93749237060547,0.0,12.480459213256836
8.38,21.34465980529785,-75.58592224121094,0.0,12.392568588256836
8.4,23.10231590270996,-74.44334411621094,0.0,12.30467700958252
8.44,23.77479362487793,-72.59764099121094,0.0,12.216787338256836
8.48,24.685775756835938,-70.9277114868164,0.0,12.216787338256836
8.5,24.999893188476562,-68.81832885742188,0.0,12.04100513458252
8.540000000000001,24.929662704467773,-66.09373474121094,0.0,11.513660430908203
8.58,24.335721969604492,-62.22654342651367,0.0,10.81053352355957
8.6,24.335721969604492,-55.89842224121094,0.0,9.667951583862305
8.64,22.341947555541992,-49.13082504272461,0.0,8.261697769165039
8.68,20.32244873046875,-43.154273986816406,0.0,7.119115829467773
8.700000000000001,20.32244873046875,-35.68357467651367,0.0,5.800752639770508
8.74,16.377140045166016,-28.652334213256836,0.0,4.5702805519104
8.78,13.228241920471191,-22.67575454711914,0.0,3.3398358821868896
8.8,11.525857925415039,-17.753864288330078,0.0,2.2851455211639404
8.84,7.916954517364502,-13.62302017211914,0.0,1.5820183753967285
8.88,4.109953880310059,-9.140613555908203,0.0,0.9667823314666748
8.9,2.1611902713775635,-6.064405918121338,0.0,0.35154619812965393
8.94,-1.7669155597686768,-2.6366889476776123,0.0,-0.35158079862594604
8.98,-5.6548662185668945,-0.9667896032333374,0.0,-0.6152534484863281
9.0,-5.6548662185668945,1.0547277927398682,0.0,-0.9668169021606445
9.040000000000001,-11.201339721679688,0.9668096303939819,0.0,-0.9668169021606445
9.08,-14.574199676513672,0.9668096303939819,0.0,-0.9668169021606445
9.1,-17.587480545043945,0.9668096303939819,0.0,-0.9668169021606445
9.14,-18.93511199951172,0.9668096303939819,0.0,-0.9668169021606445
9.16,-21.26959228515625,0.9668096303939819,0.0,-0.9668169021606445
9.200000000000001,-22.241514205932617,0.9668096303939819,0.0,-0.9668169021606445
9.24,-23.763431549072266,-0.08788085728883743,0.0,-0.9668169021606445
9.26,-24.30350112915039,-1.7577801942825317,0.0,-0.8789260387420654
9.3,-24.923933029174805,-3.867161512374878,0.0,-0.7910351753234863
9.32,-24.918663024902344,-7.6464409828186035,0.0,-0.5273625254631042
9.36,-24.680288314819336,-10.986294746398926,0.0,0.17576444149017334
9.4,-23.738515853881836,-15.468701362609863,0.0,0.9667823314666748
9.42,-22.19676399230957,-21.357418060302734,0.0,2.021472692489624
9.46,-21.211999893188477,-26.279279708862305,0.0,3.1640541553497314
9.5,-18.844913482666016,-32.080047607421875,0.0,4.394498825073242
9.52,-18.844913482666016,-40.341793060302734,0.0,5.800752639770508
9.56,-17.477256774902344,-48.076133728027344,0.0,7.20700740814209
9.6,-10.986177444458008,-54.93162155151367,0.0,8.525370597839355
9.64,-7.273248195648193,-60.29294204711914,0.0,9.580060958862305
9.66,-7.273248195648193,-65.30272674560547,0.0,10.546859741210938
9.72,-5.3398661613464355,-68.46676635742188,0.0,11.07420539855957
9.74,4.598892688751221,-68.90625,0.0,11.162096977233887
9.78,4.598892688751221,-68.90625,0.0,11.162096977233887
9.82,10.321550369262695,-68.90625,0.0,11.162096977233887
9.86,13.82919692993164,-68.90625,0.0,11.07420539855957
9.88,13.82919692993164,-68.90625,0.0,11.07420539855957
9.92,15.455961227416992,-68.90625,0.0,11.07420539855957
9.96,18.40234375,-68.90625,0.0,11.162096977233887
10.0,20.87599754333496,-68.90625,0.0,11.07420539855957
10.02,24.1577205657959,-68.90625,0.0,11.07420539855957
10.06,24.597623825073242,-68.11520385742188,0.0,11.07420539855957
10.1,24.9958438873291,-66.35741424560547,0.0,10.98631477355957
10.120000000000001,24.743642807006836,-63.63279724121094,0.0,10.81053352355957
10.16,24.374492645263672,-59.941375732421875,0.0,10.371078491210938
10.18,23.161073684692383,-56.1620979309082,0.0,9.755843162536621
10.22,23.161073684692383,-49.13082504272461,0.0,8.261697769165039
10.26,20.21715545654297,-43.945289611816406,0.0,7.382789134979248
10.3,17.57807731628418,-38.0566291809082,0.0,6.240207195281982
10.32,14.475019454956055,-30.0585880279541,0.0,4.833953380584717
10.36,14.475019454956055,-23.291017532348633,0.0,3.603508234024048
10.4,9.129337310791016,-18.10542869567871,0.0,2.4609272480010986
10.44,5.240478515625,-14.41406536102295,0.0,1.7578002214431763
10.46,3.2362709045410156,-11.865202903747559,0.0,1.230454921722412
10.5,-0.8256571292877197,-8.525349617004395,0.0,0.7910005450248718
10.52,-4.869231224060059,-6.064405918121338,0.0,0.26365530490875244
10.56,-4.869231224060059,-3.6913797855377197,0.0,-0.08790817856788635
10.6,-10.665993690490723,-3.603516101837158,0.0,-0.17579905688762665
10.64,-14.200955390930176,-3.603516101837158,0.0,-0.08790817856788635
10.66,-17.36041259765625,-3.603516101837158,0.0,-0.08790817856788635
10.700000000000001,-18.772212982177734,-3.603516101837158,0.0,-0.08790817856788635
10.74,-21.21202850341797,-3.603516101837158,0.0,-0.08790817856788635
10.76,-23.086029052734375,-3.603516101837158,0.0,-0.08790817856788635
10.8,-23.794057846069336,-4.306643009185791,0.0,-0.08790817856788635
10.84,-24.72740364074707,-5.800760746002197,0.0,-0.08790817856788635
10.86,-24.996641159057617,-8.43748664855957,0.0,-1.7302845662925392e-05
10.9,-24.878707885742188,-11.513639450073242,0.0,0.08787357062101364
10.94,-24.14061737060547,-14.589847564697266,0.0,0.7031096816062927
10.96,-24.14061737060547,-19.423818588256836,0.0,1.7578002214431763
11.0,-23.52501678466797,-25.04880714416504,0.0,2.900381565093994
11.040000000000001,-19.52360725402832,-30.937496185302734,0.0,4.042935371398926
11.08,-16.69525718688965,-38.144493103027344,0.0,5.449189186096191
11.1,-13.410879135131836,-46.49412536621094,0.0,6.943334102630615
11.14,-11.624812126159668,-52.73434829711914,0.0,8.173807144165039
11.18,-7.825158596038818,-58.35934066772461,0.0,9.316388130187988
11.200000000000001,-7.825158596038818,-63.72068405151367,0.0,10.195296287536621
11.24,-1.7532005310058594,-66.97264862060547,0.0,10.722641944885254
11.28,2.3823766708374023,-68.5546875,0.0,11.07420539855957
11.3,6.456191062927246,-68.90625,0.0,11.07420539855957
11.34,8.434804916381836,-68.90625,0.0,11.07420539855957
11.36,12.207201957702637,-68.90625,0.0,11.07420539855957
11.4,13.974833488464355,-68.90625,0.0,11.07420539855957
11.44,17.21155548095703,-68.90625,0.0,11.07420539855957
11.48,19.97611427307129,-68.90625,0.0,11.07420539855957
11.5,19.97611427307129,-68.90625,0.0,11.07420539855957
11.540000000000001,23.071853637695312,-68.90625,0.0,11.07420539855957
11.58,24.34947967529297,-68.90625,0.0,11.07420539855957
11.6,24.952293395996094,-67.58785247802734,0.0,11.07420539855957
11.64,24.952293395996094,-65.21482849121094,0.0,10.898423194885254
11.68,24.556060791015625,-62.40232467651367,0.0,10.81053352355957
11.72,23.433095932006836,-58.27147674560547,0.0,10.019515037536621
11.74,22.6232967376709,-52.558570861816406,0.0,9.052715301513672
11.78,20.534313201904297,-47.2851448059082,0.0,7.998025417327881
11.82,17.868711471557617,-42.099609375,0.0,6.943334102630615
11.84,14.699779510498047,-34.36521530151367,0.0,5.62497091293335
11.88,14.699779510498047,-27.24608039855957,0.0,4.218717098236084
11.92,9.197951316833496,-21.884763717651367,0.0,3.0761632919311523
11.96,5.180235385894775,-17.050737380981445,0.0,2.1972546577453613
12.0,1.013014554977417,-13.886720657348633,0.0,1.5820183753967285
12.02,1.013014554977417,-11.074212074279785,0.0,1.142564058303833
12.06,-5.260885238647461,-8.61326789855957,0.0,0.7910005450248718
12.1,-9.286160469055176,-7.822222709655762,0.0,0.5273279547691345
12.120000000000001,-13.051297187805176,-6.767532825469971,0.0,0.43943706154823303
12.16,-14.802306175231934,-6.5917510986328125,0.0,0.43943706154823303
12.18,-17.978343963623047,-6.5917510986328125,0.0,0.43943706154823303
12.22,-19.38043975830078,-6.5917510986328125,0.0,0.43943706154823303
12.26,-21.76198387145996,-6.5917510986328125,0.0,0.43943706154823303
12.280000000000001,-23.523818969726562,-6.5917510986328125,0.0,0.43943706154823303
12.32,-24.15537452697754,-6.5917510986328125,0.0,0.43943706154823303
12.36,-24.896085739135742,-7.822222709655762,0.0,0.43943706154823303
12.38,-24.923194885253906,-10.195303916931152,0.0,0.5273279547691345
12.42,-24.66753578186035,-13.095675468444824,0.0,0.5273279547691345
12.46,-23.625865936279297,-15.908183097839355,0.0,0.8788914680480957
12.48,-21.902706146240234,-20.30272674560547,0.0,1.7578002214431763
12.52,-20.799833297729492,-24.3457088470459,0.0,2.724599838256836
12.56,-18.15032958984375,-30.0585880279541,0.0,3.779289960861206
12.6,-14.97355842590332,-37.617149353027344,0.0,5.273407459259033
12.620000000000001,-13.215261459350586,-44.99998092651367,0.0,6.679661750793457
12.66,-9.421920776367188,-50.624996185302734,0.0,7.7343525886535645
12.700000000000001,-9.421920776367188,-56.953086853027344,0.0,9.052715301513672
12.72,-7.414235591888428,-62.050758361816406,0.0,10.019515037536621
12.76,1.013537883758545,-64.86326599121094,0.0,10.458970069885254
12.8,5.250413417816162,-66.35741424560547,0.0,10.634751319885254
12.84,9.337368965148926,-66.53316497802734,0.0,10.722641944885254
12.86,9.337368965148926,-66.53316497802734,0.0,10.722641944885254
12.9,16.588945388793945,-66.53316497802734,0.0,10.722641944885254
12.94,18.13045310974121,-66.53316497802734,0.0,10.722641944885254
12.98,20.804553985595703,-66.53316497802734,0.0,10.722641944885254
13.0,22.8684024810791,-66.53316497802734,0.0,10.722641944885254
13.040000000000001,22.8684024810791,-66.53316497802734,0.0,10.722641944885254
13.08,24.688831329345703,-66.09373474121094,0.0,10.722641944885254
13.1,24.997465133666992,-64.86326599121094,0.0,10.634751319885254
13.14,24.997465133666992,-62.578102111816406,0.0,10.458970069885254
13.18,24.07568359375,-58.974605560302734,0.0,10.195296287536621
13.22,22.561941146850586,-54.66794967651367,0.0,9.404278755187988
13.26,20.37616729736328,-48.60348129272461,0.0,8.173807144165039
13.3,17.581802368164062,-42.53903579711914,0.0,7.031225204467773
13.32,17.581802368164062,-35.59568405151367,0.0,5.800752639770508
13.36,12.432685852050781,-29.091760635375977,0.0,4.746062278747559
13.4,8.509387969970703,-23.466798782348633,0.0,3.603508234024048
13.42,8.509387969970703,-18.01756477355957,0.0,2.4609272480010986
13.46,2.1793487071990967,-14.853492736816406,0.0,1.8456910848617554
13.5,-2.15351939201355,-13.095675468444824,0.0,1.4062366485595703
13.540000000000001,-6.425142288208008,-10.371085166931152,0.0,1.054673194885254
13.56,-6.425142288208008,-8.701131820678711,0.0,0.8788914680480957
13.6,-12.437230110168457,-8.261704444885254,0.0,0.7031096816062927
13.620000000000001,-16.00450897216797,-8.261704444885254,0.0,0.7031096816062927
13.66,-16.00450897216797,-8.261704444885254,0.0,0.7031096816062927
13.700000000000001,-20.42294692993164,-8.261704444885254,0.0,0.7031096816062927
13.74,-22.614931106567383,-8.261704444885254,0.0,0.7031096816062927
13.76,-24.121850967407227,-8.261704444885254,0.0,0.7031096816062927
13.8,-24.60271453857422,-8.261704444885254,0.0,0.7031096816062927
13.84,-24.99982261657715,-9.052695274353027,0.0,0.7031096816062927
13.86,-24.91257667541504,-11.513639450073242,0.0,0.7910005450248718
13.9,-24.16865348815918,-13.535157203674316,0.0,0.7910005450248718
13.94,-22.685317993164062,-16.083965301513672,0.0,0.9667823314666748
13.96,-22.685317993164062,-20.30272674560547,0.0,1.7578002214431763
14.0,-19.175270080566406,-25.04880714416504,0.0,2.812490701675415
14.040000000000001,-16.080833435058594,-30.5859317779541,0.0,3.779289960861206
14.06,-16.080833435058594,-38.58397674560547,0.0,5.361298561096191
14.120000000000001,-8.51076602935791,-47.724571228027344,0.0,7.119115829467773
14.14,-8.51076602935791,-54.75584411621094,0.0,8.437479972839355
14.18,-2.0849955081939697,-60.205078125,0.0,9.580060958862305
14.22,2.311692714691162,-63.98435592651367,0.0,10.283187866210938
14.24,6.640314102172852,-66.79686737060547,0.0,10.722641944885254
14.280000000000001,8.736912727355957,-67.58785247802734,0.0,10.81053352355957
14.32,12.713004112243652,-67.58785247802734,0.0,10.81053352355957
14.34,16.296995162963867,-67.58785247802734,0.0,10.81053352355957
14.38,17.906217575073242,-67.58785247802734,0.0,10.81053352355957
14.4,20.695646286010742,-67.58785247802734,0.0,10.898423194885254
14.44,21.853702545166016,-67.58785247802734,0.0,10.81053352355957
14.48,23.650293350219727,-67.58785247802734,0.0,10.81053352355957
14.52,24.708227157592773,-67.58785247802734,0.0,10.898423194885254
14.540000000000001,24.992570877075195,-66.97264862060547,0.0,10.81053352355957
14.58,24.992570877075195,-65.83006286621094,0.0,10.81053352355957
14.620000000000001,23.951751708984375,-64.16014099121094,0.0,10.634751319885254
14.66,22.308748245239258,-61.699195861816406,0.0,10.546859741210938
14.68,19.961286544799805,-58.007781982421875,0.0,10.019515037536621
14.72,18.545194625854492,-53.701148986816406,0.0,9.228497505187988
14.76,15.28328800201416,-49.042964935302734,0.0,8.261697769165039
14.780000000000001,11.53515338897705,-43.593727111816406,0.0,7.20700740814209
14.82,9.514993667602539,-38.7597541809082,0.0,6.328097820281982
14.86,5.262063026428223,-33.57419204711914,0.0,5.361298561096191
14.88,0.8385871648788452,-28.828113555908203,0.0,4.5702805519104
14.92,-1.3933528661727905,-25.751934051513672,0.0,3.8671536445617676
14.96,-5.808806419372559,-23.466798782348633,0.0,3.2519450187683105
14.98,-5.808806419372559,-21.357418060302734,0.0,2.724599838256836
15.02,-12.048362731933594,-21.093717575073242,0.0,2.636708974838257
15.06,-15.757698059082031,-20.917936325073242,0.0,2.636708974838257
15.1,-18.96531105041504,-20.917936325073242,0.0,2.636708974838257
15.120000000000001,-21.56711769104004,-20.917936325073242,0.0,2.636708974838257
15.16,-21.56711769104004,-20.917936325073242,0.0,2.636708974838257
15.200000000000001,-24.15386199951172,-20.917936325073242,0.0,2.636708974838257
15.24,-24.91765785217285,-20.917936325073242,0.0,2.636708974838257
15.26,-24.878358840942383,-20.917936325073242,0.0,2.636708974838257
15.3,-24.556331634521484,-23.02731704711914,0.0,2.724599838256836
15.34,-23.319351196289062,-26.279279708862305,0.0,2.9882724285125732
15.36,-21.3262882232666,-31.113279342651367,0.0,3.9550445079803467
15.4,-21.3262882232666,-37.35350036621094,0.0,5.097625732421875
15.44,-17.062829971313477,-43.06637954711914,0.0,6.064425468444824
15.48,-13.50366497039795,-49.13082504272461,0.0,7.20700740814209
15.5,-9.502035140991211,-56.68943786621094,0.0,8.789043426513672
15.540000000000001,-7.375284194946289,-62.138648986816406,0.0,9.843733787536621
15.58,-2.9562361240386963,-66.00585174560547,0.0,10.546859741210938
15.6,1.5628888607025146,-68.73046875,0.0,11.07420539855957
15.64,3.813833236694336,-69.08202362060547,0.0,11.07420539855957
15.68,8.206198692321777,-69.2578125,0.0,11.07420539855957
15.700000000000001,12.332674980163574,-69.2578125,0.0,11.07420539855957
15.74,14.25317668914795,-69.2578125,0.0,11.07420539855957
15.780000000000001,17.729129791259766,-69.2578125,0.0,11.07420539855957
15.8,20.623682022094727,-69.2578125,0.0,11.07420539855957
15.84,21.82183074951172,-69.2578125,0.0,11.07420539855957
15.860000000000001,23.669410705566406,-69.2578125,0.0,11.07420539855957
15.9,24.30310821533203,-69.2578125,0.0,11.07420539855957
15.94,24.962953567504883,-68.73046875,0.0,11.07420539855957
15.96,24.795738220214844,-67.06050872802734,0.0,10.98631477355957
16.0,24.402036666870117,-64.86326599121094,0.0,10.81053352355957
16.04,23.009607315063477,-62.050758361816406,0.0,10.722641944885254
16.080000000000002,20.850313186645508,-57.39257049560547,0.0,9.843733787536621
16.12,20.850313186645508,-50.888641357421875,0.0,8.613261222839355
16.14,16.33356475830078,-46.05466842651367,0.0,7.7343525886535645
16.18,12.614893913269043,-40.341793060302734,0.0,6.679661750793457
16.2,8.471232414245605,-33.398414611816406,0.0,5.361298561096191
16.240000000000002,8.471232414245605,-27.421859741210938,0.0,4.218717098236084
16.28,1.7634410858154297,-23.20309829711914,0.0,3.3398358821868896
16.32,-2.818495273590088,-19.599599838256836,0.0,2.724599838256836
16.34,-7.309120178222656,-17.138654708862305,0.0,2.1972546577453613
16.38,-7.309120178222656,-16.347610473632812,0.0,2.021472692489624
16.42,-13.544301986694336,-16.347610473632812,0.0,2.021472692489624
16.46,-17.16166877746582,-16.347610473632812,0.0,2.021472692489624
16.48,-17.16166877746582,-16.347610473632812,0.0,2.021472692489624
16.52,-21.470970153808594,-16.347610473632812,0.0,2.021472692489624
16.56,-23.455322265625,-16.347610473632812,0.0,2.021472692489624
16.580000000000002,-24.152679443359375,-16.347610473632812,0.0,2.021472692489624
16.62,-24.926971435546875,-16.347610473632812,0.0,2.021472692489624
16.64,-24.853439331054688,-16.347610473632812,0.0,2.021472692489624
16.68,-24.853439331054688,-17.314437866210938,0.0,2.021472692489624
16.72,-23.16261100769043,-18.808555603027344,0.0,2.1093637943267822
16.76,-21.0350284576416,-21.445281982421875,0.0,2.1093637943267822
16.8,-18.18602180480957,-25.751934051513672,0.0,2.9882724285125732
16.84,-14.711575508117676,-32.080047607421875,0.0,4.218717098236084
16.86,-14.711575508117676,-38.847618103027344,0.0,5.361298561096191
16.9,-12.775885581970215,-45.70310974121094,0.0,6.767552375793457
16.94,-12.775885581970215,-53.261695861816406,0.0,8.085916519165039
16.98,0.524075448513031,-58.35934066772461,0.0,9.228497505187988
17.0,5.138953685760498,-62.138648986816406,0.0,9.931624412536621
17.04,7.3909220695495605,-64.77537536621094,0.0,10.458970069885254
17.080000000000002,11.686277389526367,-66.09373474121094,0.0,10.634751319885254
17.1,15.580060005187988,-66.35741424560547,0.0,10.634751319885254
17.14,17.333200454711914,-66.35741424560547,0.0,10.634751319885254
17.16,20.375104904174805,-66.35741424560547,0.0,10.634751319885254
17.2,20.375104904174805,-66.35741424560547,0.0,10.634751319885254
17.240000000000002,23.586870193481445,-66.35741424560547,0.0,10.634751319885254
17.28,24.716136932373047,-66.35741424560547,0.0,10.634751319885254
17.32,24.716136932373047,-66.35741424560547,0.0,10.722641944885254
17.34,24.377748489379883,-66.00585174560547,0.0,10.634751319885254
17.38,23.75223731994629,-64.59959411621094,0.0,10.546859741210938
17.42,21.882169723510742,-62.49021530151367,0.0,10.458970069885254
17.44,19.242834091186523,-58.710906982421875,0.0,10.195296287536621
17.48,17.66214370727539,-54.84373092651367,0.0,9.404278755187988
17.52,14.04727554321289,-49.48238754272461,0.0,8.349588394165039
17.56,9.934897422790527,-44.29685592651367,0.0,7.382789134979248
17.6,9.934897422790527,-38.320274353027344,0.0,6.240207195281982
17.64,7.736557483673096,-31.728485107421875,0.0,5.185516834259033
17.66,-3.8880460262298584,-27.070297241210938,0.0,4.306607723236084
17.7,-3.8880460262298584,-24.169925689697266,0.0,3.603508234024048
17.740000000000002,-10.627062797546387,-21.796844482421875,0.0,3.1640541553497314
17.78,-14.684735298156738,-21.357418060302734,0.0,3.0761632919311523
17.8,-18.223085403442383,-21.357418060302734,0.0,2.9882724285125732
17.84,-19.756925582885742,-21.357418060302734,0.0,2.9882724285125732
17.88,-22.284643173217773,-21.357418060302734,0.0,2.9882724285125732
17.900000000000002,-24.018577575683594,-21.357418060302734,0.0,2.9882724285125732
17.94,-24.5667724609375,-21.357418060302734,0.0,3.0761632919311523
17.98,-24.9998836517334,-21.357418060302734,0.0,2.9882724285125732
18.0,-24.9998836517334,-21.796844482421875,0.0,3.0761632919311523
18.04,-23.973527908325195,-23.906225204467773,0.0,3.0761632919311523
18.06,-22.20485496520996,-26.630844116210938,0.0,3.1640541553497314
18.1,-22.20485496520996,-30.673795700073242,0.0,3.9550445079803467
18.14,-18.078983306884766,-35.33201217651367,0.0,4.833953380584717
18.18,-14.488511085510254,-41.044918060302734,0.0,5.800752639770508
18.2,-10.372234344482422,-47.63671112060547,0.0,7.031225204467773
18.240000000000002,-8.16244888305664,-53.96482467651367,0.0,8.173807144165039
18.28,-3.539045810699463,-59.501953125,0.0,9.404278755187988
18.3,1.2160359621047974,-64.33592224121094,0.0,10.371078491210938
18.34,3.589151382446289,-66.88472747802734,0.0,10.81053352355957
18.38,8.218689918518066,-68.02733612060547,0.0,10.98631477355957
18.400000000000002,8.218689918518066,-68.02733612060547,0.0,10.898423194885254
18.44,14.558704376220703,-68.02733612060547,0.0,10.98631477355957
18.48,18.156810760498047,-68.02733612060547,0.0,10.98631477355957
18.5,18.156810760498047,-68.02733612060547,0.0,10.98631477355957
18.54,22.280807495117188,-68.02733612060547,0.0,10.98631477355957
18.580000000000002,24.032485961914062,-68.02733612060547,0.0,10.98631477355957
18.6,24.032485961914062,-68.02733612060547,0.0,10.98631477355957
18.64,24.99907684326172,-67.58785247802734,0.0,10.98631477355957
18.68,24.498821258544922,-66.53316497802734,0.0,10.898423194885254
18.7,24.498821258544922,-64.51170349121094,0.0,10.722641944885254
18.740000000000002,22.072288513183594,-61.962867736816406,0.0,10.634751319885254
18.78,19.421236038208008,-58.27147674560547,0.0,10.107406616210938
18.8,19.421236038208008,-52.998023986816406,0.0,9.140606880187988
18.84,14.134065628051758,-47.54878616333008,0.0,7.998025417327881
18.88,9.923457145690918,-42.62692642211914,0.0,7.119115829467773
18.900000000000002,5.342040538787842,-37.08982849121094,0.0,6.152316093444824
18.94,2.9647655487060547,-31.640623092651367,0.0,5.185516834259033
18.98,-1.8527978658676147,-27.59764289855957,0.0,4.394498825073242
19.02,-6.604959964752197,-24.257789611816406,0.0,3.691399097442627
19.04,-6.604959964752197,-21.884763717651367,0.0,3.2519450187683105
19.080000000000002,-13.225152969360352,-21.533201217651367,0.0,3.0761632919311523
19.12,-17.058847427368164,-21.533201217651367,0.0,3.0761632919311523
19.14,-17.058847427368164,-21.533201217651367,0.0,3.0761632919311523
19.18,-21.579927444458008,-21.533201217651367,0.0,3.0761632919311523
19.22,-23.607603073120117,-21.533201217651367,0.0,3.0761632919311523
19.240000000000002,-24.750930786132812,-21.533201217651367,0.0,3.0761632919311523
19.28,-24.9755859375,-21.533201217651367,0.0,3.0761632919311523
19.32,-24.71904182434082,-22.67575454711914,0.0,3.1640541553497314
19.36,-23.531391143798828,-24.697242736816406,0.0,3.1640541553497314
19.38,-23.531391143798828,-28.12498664855957,0.0,3.4277267456054688
19.42,-20.106908798217773,-32.080047607421875,0.0,4.218717098236084
19.46,-16.851600646972656,-36.91404724121094,0.0,5.097625732421875
19.48,-16.851600646972656,-43.769508361816406,0.0,6.328097820281982
19.52,-10.813090324401855,-49.13082504272461,0.0,7.29489803314209
19.54,-6.237740516662598,-55.63475036621094,0.0,8.613261222839355
19.580000000000002,-6.237740516662598,-62.050758361816406,0.0,9.931624412536621
19.62,1.018902063369751,-66.26951599121094,0.0,10.722641944885254
19.64,5.851208209991455,-68.99411010742188,0.0,11.07420539855957
19.68,5.851208209991455,-69.9609375,0.0,11.24998664855957
19.72,12.632186889648438,-70.0488052368164,0.0,11.24998664855957
19.76,16.588552474975586,-70.0488052368164,0.0,11.24998664855957
19.78,19.912952423095703,-70.0488052368164,0.0,11.24998664855957
19.82,21.296852111816406,-70.0488052368164,0.0,11.24998664855957
19.84,23.44065284729004,-70.0488052368164,0.0,11.24998664855957
19.88,23.44065284729004,-70.0488052368164,0.0,11.24998664855957
19.92,24.954238891601562,-70.0488052368164,0.0,11.24998664855957
19.94,24.769067764282227,-70.0488052368164,0.0,11.24998664855957
19.98,24.769067764282227,-69.69723510742188,0.0,11.24998664855957
20.02,22.712621688842773,-68.64254760742188,0.0,11.162096977233887
20.06,20.230087280273438,-66.79686737060547,0.0,11.07420539855957
20.080000000000002,16.963180541992188,-63.72068405151367,0.0,11.07420539855957
20.12,16.963180541992188,-59.062469482421875,0.0,10.195296287536621
20.16,10.87255573272705,-54.58005905151367,0.0,9.316388130187988
20.18,6.246464252471924,-49.30660629272461,0.0,8.349588394165039
20.22,3.829439401626587,-44.73630905151367,0.0,7.470679759979248
20.26,-1.0953046083450317,-40.429656982421875,0.0,6.679661750793457
20.3,-5.980875015258789,-36.21092224121094,0.0,5.976534366607666
20.32,-5.980875015258789,-32.25583267211914,0.0,5.273407459259033
20.36,-12.820631980895996,-30.32223129272461,0.0,4.921844005584717
20.400000000000002,-16.793968200683594,-29.179677963256836,0.0,4.6581711769104
20.44,-20.112462997436523,-28.915977478027344,0.0,4.6581711769104
20.46,-22.64457130432129,-28.915977478027344,0.0,4.6581711769104
20.5,-23.582815170288086,-28.915977478027344,0.0,4.6581711769104
20.52,-24.75638771057129,-28.915977478027344,0.0,4.6581711769104
20.56,-24.97964096069336,-28.915977478027344,0.0,4.6581711769104
20.6,-24.686784744262695,-29.179677963256836,0.0,4.6581711769104
20.62,-23.4200382232666,-31.113279342651367,0.0,4.746062278747559
20.66,-22.434974670410156,-33.22262954711914,0.0,4.833953380584717
20.7,-19.808916091918945,-36.56248474121094,0.0,5.009735107421875
20.72,-16.39691925048828,-41.132781982421875,0.0,5.800752639770508
20.76,-14.436837196350098,-46.05466842651367,0.0,6.767552375793457
20.8,-10.104865074157715,-50.624996185302734,0.0,7.6464619636535645
20.82,-5.3684401512146,-57.2167854309082,0.0,9.052715301513672
20.86,-2.906716823577881,-61.962867736816406,0.0,9.843733787536621
20.900000000000002,2.081498384475708,-65.65428161621094,0.0,10.546859741210938
20.92,2.081498384475708,-68.11520385742188,0.0,10.98631477355957
20.96,9.353206634521484,-68.29098510742188,0.0,10.98631477355957
21.0,13.77790641784668,-68.29098510742188,0.0,10.98631477355957
21.02,17.65450668334961,-68.29098510742188,0.0,10.98631477355957
21.06,17.65450668334961,-68.29098510742188,0.0,10.98631477355957
21.1,22.106847763061523,-68.29098510742188,0.0,10.98631477355957
21.14,23.990726470947266,-68.29098510742188,0.0,10.98631477355957
21.16,24.91136932373047,-68.29098510742188,0.0,10.98631477355957
21.2,24.91136932373047,-68.20311737060547,0.0,10.98631477355957
21.240000000000002,24.996692657470703,-66.88472747802734,0.0,10.98631477355957
21.28,24.41172218322754,-65.21482849121094,0.0,10.81053352355957
21.3,20.347068786621094,-63.19334411621094,0.0,10.722641944885254
21.34,20.347068786621094,-58.886688232421875,0.0,10.195296287536621
21.38,15.098987579345703,-54.93162155151367,0.0,9.404278755187988
21.42,10.800220489501953,-49.65816879272461,0.0,8.349588394165039
21.44,10.800220489501953,-44.56052780151367,0.0,7.382789134979248
21.48,8.47362232208252,-39.19918441772461,0.0,6.415988922119141
21.52,-1.4555805921554565,-34.540992736816406,0.0,5.62497091293335
21.56,-6.438985347747803,-31.289058685302734,0.0,5.097625732421875
21.6,-11.163113594055176,-27.86128807067871,0.0,4.394498825073242
21.64,-15.434379577636719,-25.839826583862305,0.0,4.130825996398926
21.66,-15.434379577636719,-25.576152801513672,0.0,4.042935371398926
21.7,-20.61444091796875,-25.576152801513672,0.0,4.042935371398926
21.740000000000002,-23.041484832763672,-25.576152801513672,0.0,4.042935371398926
21.76,-24.52406883239746,-25.576152801513672,0.0,4.042935371398926
21.8,-24.889928817749023,-25.576152801513672,0.0,4.042935371398926
21.84,-24.850643157958984,-26.103496551513672,0.0,4.042935371398926
21.86,-24.445362091064453,-27.158187866210938,0.0,4.130825996398926
21.900000000000002,-22.883087158203125,-29.091760635375977,0.0,4.130825996398926
21.94,-20.374832153320312,-32.16796875,0.0,4.306607723236084
21.96,-20.374832153320312,-36.73826599121094,0.0,5.009735107421875
22.0,-18.79631996154785,-42.18747329711914,0.0,5.976534366607666
22.04,-10.718831062316895,-47.197227478027344,0.0,6.943334102630615
22.06,-5.918785095214844,-53.261695861816406,0.0,8.085916519165039
22.1,-5.918785095214844,-59.238250732421875,0.0,9.404278755187988
22.14,1.6833115816116333,-63.19334411621094,0.0,10.107406616210938
22.18,6.712392330169678,-65.83006286621094,0.0,10.634751319885254
22.2,9.136065483093262,-67.06050872802734,0.0,10.81053352355957
22.240000000000002,13.674858093261719,-67.06050872802734,0.0,10.81053352355957
22.28,17.645381927490234,-67.06050872802734,0.0,10.81053352355957
22.3,19.364151000976562,-67.06050872802734,0.0,10.81053352355957
22.34,22.17775535583496,-67.06050872802734,0.0,10.81053352355957
22.36,24.06340980529785,-67.06050872802734,0.0,10.81053352355957
22.400000000000002,24.631296157836914,-67.06050872802734,0.0,10.81053352355957
22.44,24.986042022705078,-67.06050872802734,0.0,10.81053352355957
22.46,24.986042022705078,-66.62108612060547,0.0,10.81053352355957
22.5,24.76862335205078,-65.30272674560547,0.0,10.722641944885254
22.54,21.346052169799805,-63.54490280151367,0.0,10.546859741210938
22.56,18.23509407043457,-60.205078125,0.0,10.458970069885254
22.6,18.23509407043457,-55.98631286621094,0.0,9.667951583862305
22.64,12.168947219848633,-50.273433685302734,0.0,8.613261222839355
22.68,7.439241886138916,-46.14256286621094,0.0,7.822243690490723
22.72,7.439241886138916,-40.517574310302734,0.0,6.679661750793457
22.740000000000002,-0.18659253418445587,-36.12303161621094,0.0,5.888643741607666
22.78,-5.3104400634765625,-31.552705764770508,0.0,5.185516834259033
22.82,-10.211709022521973,-28.12498664855957,0.0,4.482389450073242
22.84,-10.211709022521973,-25.839826583862305,0.0,4.130825996398926
22.88,-16.692840576171875,-24.96091651916504,0.0,3.9550445079803467
22.92,-20.162620544433594,-25.04880714416504,0.0,3.9550445079803467
22.94,-20.162620544433594,-25.04880714416504,0.0,3.9550445079803467
22.98,-23.71757698059082,-25.04880714416504,0.0,3.9550445079803467
23.02,-24.837018966674805,-25.04880714416504,0.0,3.9550445079803467
23.04,-24.998628616333008,-25.04880714416504,0.0,3.9550445079803467
23.080000000000002,-24.51558494567871,-25.751934051513672,0.0,3.9550445079803467
23.1,-22.97782325744629,-26.982406616210938,0.0,3.9550445079803467
23.14,-22.97782325744629,-29.35546112060547,0.0,4.130825996398926
23.18,-18.84560203552246,-32.60739517211914,0.0,4.306607723236084
23.2,-15.044159889221191,-36.21092224121094,0.0,5.009735107421875
23.240000000000002,-12.887298583984375,-40.605438232421875,0.0,5.712862014770508
23.28,-8.177101135253906,-45.79099655151367,0.0,6.767552375793457
23.3,-3.109633684158325,-51.59177017211914,0.0,7.7343525886535645
23.34,-0.5099889636039734,-56.24998474121094,0.0,8.789043426513672
23.38,4.68023681640625,-59.589813232421875,0.0,9.404278755187988
23.400000000000002,9.67059326171875,-62.49021530151367,0.0,10.019515037536621
23.44,12.022263526916504,-63.72068405151367,0.0,10.195296287536621
23.48,16.31001853942871,-63.72068405151367,0.0,10.195296287536621
23.5,19.889556884765625,-63.72068405151367,0.0,10.283187866210938
23.54,21.363073348999023,-63.72068405151367,0.0,10.283187866210938
23.580000000000002,23.595996856689453,-63.72068405151367,0.0,10.283187866210938
23.62,24.79817008972168,-63.72068405151367,0.0,10.283187866210938
23.64,24.993776321411133,-63.72068405151367,0.0,10.195296287536621
23.68,24.561939239501953,-63.36912155151367,0.0,10.283187866210938
23.7,24.561939239501953,-61.34762954711914,0.0,10.107406616210938
23.740000000000002,21.91037940979004,-59.062469482421875,0.0,10.019515037536621
23.78,18.917007446289062,-56.07420349121094,0.0,9.667951583862305
23.82,15.088465690612793,-50.800777435302734,0.0,8.701151847839355
23.84,15.088465690612793,-46.23045349121094,0.0,7.822243690490723
23.88,12.911974906921387,-40.605438232421875,0.0,6.679661750793457
23.92,3.032182455062866,-35.41990280151367,0.0,5.712862014770508
23.94,-2.2270612716674805,-29.97066879272461,0.0,4.921844005584717
23.98,-4.835525035858154,-25.22458839416504,0.0,4.042935371398926
24.02,-9.865376472473145,-22.67575454711914,0.0,3.2519450187683105
24.04,-14.460538864135742,-19.863245010375977,0.0,2.812490701675415
24.080000000000002,-16.530006408691406,-19.072254180908203,0.0,2.636708974838257
24.12,-20.096773147583008,-18.984336853027344,0.0,2.636708974838257
24.16,-22.770586013793945,-18.984336853027344,0.0,2.636708974838257
24.18,-24.430370330810547,-18.984336853027344,0.0,2.636708974838257
24.22,-24.854328155517578,-18.984336853027344,0.0,2.636708974838257
24.26,-24.86530876159668,-18.984336853027344,0.0,2.636708974838257
24.28,-23.763324737548828,-18.984336853027344,0.0,2.636708974838257
24.32,-22.807798385620117,-19.599599838256836,0.0,2.636708974838257
24.36,-20.139930725097656,-20.830074310302734,0.0,2.636708974838257
24.38,-16.565813064575195,-23.466798782348633,0.0,2.724599838256836
24.42,-14.48714542388916,-26.279279708862305,0.0,3.0761632919311523
24.44,-9.862632751464844,-29.70702362060547,0.0,3.691399097442627
24.48,-9.862632751464844,-34.89255905151367,0.0,4.746062278747559
24.52,-2.1575634479522705,-39.90230941772461,0.0,5.53708028793335
24.54,3.1544272899627686,-44.91209030151367,0.0,6.503879547119141
24.580000000000002,3.1544272899627686,-49.042964935302734,0.0,7.29489803314209
24.62,10.787795066833496,-52.03122329711914,0.0,7.822243690490723
24.66,15.317026138305664,-53.525367736816406,0.0,8.085916519165039
24.68,15.317026138305664,-54.58005905151367,0.0,8.349588394165039
24.72,20.757369995117188,-54.66794967651367,0.0,8.349588394165039
24.76,23.239511489868164,-54.66794967651367,0.0,8.349588394165039
24.78,23.239511489868164,-54.66794967651367,0.0,8.349588394165039
24.82,24.959680557250977,-54.66794967651367,0.0,8.349588394165039
24.86,24.691770553588867,-54.66794967651367,0.0,8.349588394165039
24.88,24.691770553588867,-53.34959030151367,0.0,8.261697769165039
24.92,22.19276237487793,-50.624996185302734,0.0,8.085916519165039
24.96,19.236562728881836,-48.60348129272461,0.0,8.085916519165039
24.98,15.397103309631348,-44.82419967651367,0.0,7.470679759979248
25.02,13.199252128601074,-41.396484375,0.0,6.855443477630615
25.060000000000002,8.372600555419922,-37.7050666809082,0.0,6.152316093444824
25.080000000000002,3.1579344272613525,-31.464841842651367,0.0,5.097625732421875
25.12,0.47943276166915894,-27.421859741210938,0.0,4.306607723236084
25.16,-4.865814685821533,-24.43357276916504,0.0,3.779289960861206
25.18,-9.990142822265625,-21.357418060302734,0.0,3.0761632919311523
25.22,-12.39470100402832,-20.30272674560547,0.0,2.900381565093994
25.26,-16.749086380004883,-20.039026260375977,0.0,2.900381565093994
25.28,-20.331308364868164,-20.12694549560547,0.0,2.900381565093994
25.32,-20.331308364868164,-20.039026260375977,0.0,2.812490701675415
25.36,-23.902029037475586,-20.039026260375977,0.0,2.812490701675415
25.400000000000002,-24.916908264160156,-20.039026260375977,0.0,2.900381565093994
25.42,-24.916908264160156,-20.12694549560547,0.0,2.812490701675415
25.46,-24.267990112304688,-20.566373825073242,0.0,2.900381565093994
25.5,-22.413949966430664,-22.060544967651367,0.0,2.900381565093994
25.52,-22.413949966430664,-24.609352111816406,0.0,2.900381565093994
25.560000000000002,-17.71056365966797,-28.037071228027344,0.0,3.4277267456054688
25.580000000000002,-13.504105567932129,-32.51950454711914,0.0,4.306607723236084
25.62,-13.504105567932129,-38.7597541809082,0.0,5.361298561096191
25.66,-6.074151992797852,-44.91209030151367,0.0,6.503879547119141
25.7,-0.7108479738235474,-50.36129379272461,0.0,7.558570861816406
25.72,4.689291954040527,-56.3378791809082,0.0,8.876934051513672
25.76,4.689291954040527,-60.732425689697266,0.0,9.667951583862305
25.8,12.305693626403809,-63.45701217651367,0.0,10.195296287536621
25.84,16.71139144897461,-64.59959411621094,0.0,10.371078491210938
25.88,16.71139144897461,-64.77537536621094,0.0,10.458970069885254
25.900000000000002,18.631513595581055,-64.77537536621094,0.0,10.458970069885254
25.94,23.92488670349121,-64.77537536621094,0.0,10.458970069885254
25.98,24.92716407775879,-64.77537536621094,0.0,10.458970069885254
26.0,24.74917984008789,-64.77537536621094,0.0,10.458970069885254
26.04,24.21731185913086,-64.77537536621094,0.0,10.458970069885254
26.080000000000002,22.297969818115234,-64.77537536621094,0.0,10.458970069885254
26.1,19.317604064941406,-63.54490280151367,0.0,10.371078491210938
26.14,17.47139549255371,-61.78709030151367,0.0,10.195296287536621
26.16,13.17575740814209,-59.41403579711914,0.0,10.195296287536621
26.2,13.17575740814209,-55.98631286621094,0.0,9.667951583862305
26.240000000000002,5.621366500854492,-51.6796875,0.0,8.789043426513672
26.28,0.19358469545841217,-47.1093635559082,0.0,7.910134315490723
26.3,-5.246931076049805,-43.154273986816406,0.0,7.20700740814209
26.34,-7.8902459144592285,-40.693355560302734,0.0,6.767552375793457
26.38,-12.86424446105957,-38.67184066772461,0.0,6.415988922119141
26.400000000000002,-12.86424446105957,-36.65037536621094,0.0,6.064425468444824
26.44,-19.106334686279297,-35.50779342651367,0.0,5.888643741607666
26.46,-22.16157341003418,-35.24412155151367,0.0,5.800752639770508
26.5,-22.16157341003418,-35.24412155151367,0.0,5.800752639770508
26.54,-24.71462631225586,-35.24412155151367,0.0,5.800752639770508
26.580000000000002,-24.940719604492188,-35.24412155151367,0.0,5.800752639770508
26.6,-23.962230682373047,-35.59568405151367,0.0,5.800752639770508
26.64,-23.033092498779297,-37.35350036621094,0.0,5.888643741607666
26.68,-20.349868774414062,-39.55074691772461,0.0,6.064425468444824
26.7,-18.627845764160156,-42.18747329711914,0.0,6.064425468444824
26.740000000000002,-14.526219367980957,-45.26365661621094,0.0,6.591770648956299
26.76,-9.716699600219727,-49.65816879272461,0.0,7.382789134979248
26.8,-9.716699600219727,-55.81053161621094,0.0,8.613261222839355
26.84,-1.6904970407485962,-59.853511810302734,0.0,9.492170333862305
26.88,3.8228399753570557,-62.92966842651367,0.0,10.107406616210938
26.900000000000002,3.8228399753570557,-64.86326599121094,0.0,10.458970069885254
26.94,11.667683601379395,-65.30272674560547,0.0,10.458970069885254
26.98,16.24094009399414,-65.30272674560547,0.0,10.546859741210938
27.0,16.24094009399414,-65.30272674560547,0.0,10.546859741210938
27.04,21.556182861328125,-65.30272674560547,0.0,10.458970069885254
27.080000000000002,23.81438446044922,-65.30272674560547,0.0,10.546859741210938
27.1,23.81438446044922,-65.30272674560547,0.0,10.458970069885254
27.14,24.99285316467285,-65.30272674560547,0.0,10.458970069885254
27.18,24.24634552001953,-64.77537536621094,0.0,10.458970069885254
27.2,24.24634552001953,-63.10544967651367,0.0,10.371078491210938
27.240000000000002,20.914072036743164,-60.29294204711914,0.0,10.283187866210938
27.28,17.374052047729492,-57.74413299560547,0.0,10.019515037536621
27.3,17.374052047729492,-52.47067642211914,0.0,9.052715301513672
27.34,10.516709327697754,-47.8124885559082,0.0,8.085916519165039
27.38,5.241169452667236,-43.417945861816406,0.0,7.20700740814209
27.400000000000002,-0.29741770029067993,-38.847618103027344,0.0,6.328097820281982
27.44,-3.0798003673553467,-34.628883361816406,0.0,5.62497091293335
27.46,-8.497960090637207,-31.81640625,0.0,5.185516834259033
27.5,-8.497960090637207,-29.179677963256836,0.0,4.6581711769104
27.54,-15.760300636291504,-27.949207305908203,0.0,4.482389450073242
27.560000000000002,-19.672428131103516,-27.77342414855957,0.0,4.482389450073242
27.6,-19.672428131103516,-27.77342414855957,0.0,4.482389450073242
27.64,-23.657176971435547,-27.77342414855957,0.0,4.482389450073242
27.68,-24.861770629882812,-27.77342414855957,0.0,4.482389450073242
27.7,-24.823280334472656,-27.77342414855957,0.0,4.482389450073242
27.740000000000002,-24.823280334472656,-28.828113555908203,0.0,4.482389450073242
27.78,-24.335289001464844,-30.5859317779541,0.0,4.5702805519104
27.82,-19.43863868713379,-32.95895767211914,0.0,4.5702805519104
27.84,-15.447623252868652,-37.08982849121094,0.0,5.097625732421875
27.88,-13.145586013793945,-41.044918060302734,0.0,5.800752639770508
27.92,-8.072484970092773,-45.79099655151367,0.0,6.679661750793457
27.94,-2.5892834663391113,-51.328125,0.0,7.7343525886535645
27.98,-2.5892834663391113,-56.68943786621094,0.0,8.876934051513672
28.02,5.798234939575195,-60.205078125,0.0,9.492170333862305
28.04,11.08639907836914,-62.578102111816406,0.0,9.931624412536621
28.080000000000002,13.537059783935547,-63.80857849121094,0.0,10.195296287536621
28.12,17.89559555053711,-63.80857849121094,0.0,10.195296287536621
28.14,19.74769401550293,-63.80857849121094,0.0,10.283187866210938
28.18,22.67890739440918,-63.80857849121094,0.0,10.283187866210938
28.2,24.459285736083984,-63.80857849121094,0.0,10.283187866210938
28.240000000000002,24.88649559020996,-63.80857849121094,0.0,10.283187866210938
28.28,24.786293029785156,-63.80857849121094,0.0,10.283187866210938
28.3,23.42230987548828,-63.72068405151367,0.0,10.283187866210938
28.34,22.284963607788086,-62.578102111816406,0.0,10.195296287536621
28.38,19.17081642150879,-60.29294204711914,0.0,10.019515037536621
28.400000000000002,15.074262619018555,-57.65621566772461,0.0,9.931624412536621
28.44,12.720849990844727,-53.96482467651367,0.0,9.228497505187988
28.46,7.553666591644287,-49.833953857421875,0.0,8.437479972839355
28.5,7.553666591644287,-45.43943405151367,0.0,7.558570861816406
28.54,-0.8411521911621094,-41.835906982421875,0.0,6.943334102630615
28.560000000000002,-6.4486260414123535,-38.7597541809082,0.0,6.328097820281982
28.6,-6.4486260414123535,-35.24412155151367,0.0,5.712862014770508
28.64,-9.146790504455566,-33.13473892211914,0.0,5.449189186096191
28.66,-18.441930770874023,-32.16796875,0.0,5.273407459259033
28.7,-20.240083694458008,-32.080047607421875,0.0,5.273407459259033
28.740000000000002,-23.03131103515625,-32.080047607421875,0.0,5.185516834259033
28.76,-24.633018493652344,-32.080047607421875,0.0,5.273407459259033
28.8,-24.958650588989258,-32.080047607421875,0.0,5.273407459259033
28.82,-24.636884689331055,-32.080047607421875,0.0,5.185516834259033
28.86,-23.993066787719727,-32.34375,0.0,5.273407459259033
28.900000000000002,-21.779878616333008,-34.189430236816406,0.0,5.273407459259033
28.94,-18.433210372924805,-37.7050666809082,0.0,5.449189186096191
28.96,-14.125143051147461,-41.396484375,0.0,5.888643741607666
29.0,-14.125143051147461,-45.96678161621094,0.0,6.679661750793457
29.04,-11.678498268127441,-50.273433685302734,0.0,7.470679759979248
29.060000000000002,-0.7036489844322205,-56.07420349121094,0.0,8.613261222839355
29.1,-0.7036489844322205,-61.523414611816406,0.0,9.843733787536621
29.14,7.760908603668213,-65.21482849121094,0.0,10.458970069885254
29.18,12.961119651794434,-67.23629760742188,0.0,10.81053352355957
29.2,17.484914779663086,-67.67577362060547,0.0,10.898423194885254
29.240000000000002,19.416831970214844,-67.67577362060547,0.0,10.898423194885254
29.26,22.492727279663086,-67.67577362060547,0.0,10.898423194885254
29.3,22.492727279663086,-67.67577362060547,0.0,10.898423194885254
29.34,23.595651626586914,-67.67577362060547,0.0,10.898423194885254
29.38,24.810302734375,-67.67577362060547,0.0,10.898423194885254
29.400000000000002,24.810302734375,-67.67577362060547,0.0,10.898423194885254
29.44,22.304218292236328,-67.58785247802734,0.0,10.898423194885254
29.48,19.135217666625977,-66.70894622802734,0.0,10.81053352355957
29.5,14.951654434204102,-65.12693786621094,0.0,10.81053352355957
29.54,14.951654434204102,-62.92966842651367,0.0,10.634751319885254
29.580000000000002,7.266909122467041,-59.677730560302734,0.0,10.371078491210938
29.62,1.5985910892486572,-55.63475036621094,0.0,9.580060958862305
29.64,-4.15812349319458,-50.624996185302734,0.0,8.613261222839355
29.68,-4.15812349319458,-47.54878616333008,0.0,7.998025417327881
29.72,-12.291647911071777,-44.73630905151367,0.0,7.470679759979248
29.740000000000002,-16.957504272460938,-43.330055236816406,0.0,7.20700740814209
29.78,-18.965993881225586,-42.53903579711914,0.0,7.119115829467773
29.82,-22.198896408081055,-42.53903579711914,0.0,7.119115829467773
29.84,-22.198896408081055,-42.53903579711914,0.0,7.119115829467773
29.88,-24.788528442382812,-42.53903579711914,0.0,7.119115829467773
29.900000000000002,-24.870431900024414,-42.53903579711914,0.0,7.119115829467773
29.94,-24.408754348754883,-43.06637954711914,0.0,7.119115829467773
29.98,-22.509607315063477,-43.85740280151367,0.0,7.119115829467773
30.0,-19.39971351623535,-45.96678161621094,0.0,7.20700740814209
30.04,-19.39971351623535,-49.13082504272461,0.0,7.382789134979248
30.080000000000002,-17.439992904663086,-52.998023986816406,0.0,7.998025417327881
30.12,-7.5485734939575195,-57.48043441772461,0.0,9.052715301513672
30.14,-1.844832181930542,-62.050758361816406,0.0,9.931624412536621
30.18,1.0653727054595947,-65.47850036621094,0.0,10.546859741210938
30.22,6.805782794952393,-67.93942260742188,0.0,10.898423194885254
30.240000000000002,12.181230545043945,-68.29098510742188,0.0,10.98631477355957
30.28,14.639659881591797,-68.29098510742188,0.0,10.98631477355957
30.3,18.930442810058594,-68.29098510742188,0.0,10.98631477355957
30.34,20.70398712158203,-68.29098510742188,0.0,10.98631477355957
30.38,23.385711669921875,-68.29098510742188,0.0,10.98631477355957
30.42,24.796972274780273,-68.29098510742188,0.0,10.98631477355957
30.46,24.858604431152344,-68.29098510742188,0.0,10.98631477355957
30.48,24.858604431152344,-68.11520385742188,0.0,10.98631477355957
30.52,22.4280948638916,-67.14842987060547,0.0,10.98631477355957
30.54,19.25127410888672,-65.65428161621094,0.0,10.898423194885254
30.580000000000002,19.25127410888672,-63.36912155151367,0.0,10.722641944885254
30.62,17.254186630249023,-60.029296875,0.0,10.458970069885254
30.64,7.21015739440918,-56.42576599121094,0.0,9.843733787536621
30.68,7.21015739440918,-50.44921875,0.0,8.613261222839355
30.72,-1.4911352396011353,-46.40623474121094,0.0,7.822243690490723
30.76,-7.261020183563232,-42.53903579711914,0.0,7.031225204467773
30.78,-7.261020183563232,-39.19918441772461,0.0,6.415988922119141
30.82,-15.079150199890137,-36.82615661621094,0.0,6.064425468444824
30.86,-19.313430786132812,-34.628883361816406,0.0,5.712862014770508
30.88,-19.313430786132812,-34.013648986816406,0.0,5.62497091293335
30.92,-23.613069534301758,-34.101539611816406,0.0,5.62497091293335
30.96,-24.87773895263672,-34.101539611816406,0.0,5.62497091293335
30.98,-24.87773895263672,-34.101539611816406,0.0,5.62497091293335
31.02,-24.192169189453125,-34.101539611816406,0.0,5.62497091293335
31.060000000000002,-22.046756744384766,-34.89255905151367,0.0,5.62497091293335
31.080000000000002,-18.675973892211914,-36.38670349121094,0.0,5.712862014770508
31.12,-16.586515426635742,-38.496055603027344,0.0,5.712862014770508
31.16,-11.743653297424316,-40.957000732421875,0.0,5.800752639770508
31.18,-6.2439284324646,-44.82419967651367,0.0,6.503879547119141
31.220000000000002,-3.342191696166992,-48.1640510559082,0.0,7.119115829467773
31.26,2.5629477500915527,-52.29489517211914,0.0,7.910134315490723
31.28,8.328415870666504,-55.63475036621094,0.0,8.613261222839355
31.32,11.05716609954834,-57.56835174560547,0.0,9.052715301513672
31.36,16.015209197998047,-58.27147674560547,0.0,9.140606880187988
31.38,16.015209197998047,-58.27147674560547,0.0,9.140606880187988
31.42,21.701396942138672,-58.27147674560547,0.0,9.140606880187988
31.44,24.01235580444336,-58.27147674560547,0.0,9.140606880187988
31.48,24.667728424072266,-58.27147674560547,0.0,9.140606880187988
31.52,24.930665969848633,-58.27147674560547,0.0,9.140606880187988
31.54,24.930665969848633,-57.48043441772461,0.0,9.140606880187988
31.580000000000002,22.710256576538086,-55.81053161621094,0.0,9.052715301513672
31.62,19.60485076904297,-53.34959030151367,0.0,8.876934051513672
31.64,17.622957229614258,-50.097652435302734,0.0,8.525370597839355
31.68,12.939592361450195,-47.46092224121094,0.0,7.998025417327881
31.720000000000002,7.521605014801025,-42.97848892211914,0.0,7.119115829467773
31.740000000000002,4.631400108337402,-39.28710174560547,0.0,6.415988922119141
31.78,-1.3070825338363647,-34.980445861816406,0.0,5.62497091293335
31.8,-7.174892902374268,-31.81640625,0.0,5.185516834259033
31.84,-9.977465629577637,-29.53124237060547,0.0,4.746062278747559
31.88,-15.12028980255127,-28.21285057067871,0.0,4.5702805519104
31.900000000000002,-15.12028980255127,-28.037071228027344,0.0,4.482389450073242
31.94,-21.148027420043945,-28.037071228027344,0.0,4.482389450073242
31.98,-23.70595932006836,-28.037071228027344,0.0,4.482389450073242
32.0,-23.70595932006836,-28.037071228027344,0.0,4.482389450073242
32.04,-24.983675003051758,-28.037071228027344,0.0,4.482389450073242
32.08,-24.054861068725586,-28.652334213256836,0.0,4.482389450073242
32.1,-21.748706817626953,-30.0585880279541,0.0,4.5702805519104
32.14,-20.11673927307129,-32.080047607421875,0.0,4.6581711769104
32.18,-16.010684967041016,-34.628883361816406,0.0,4.746062278747559
32.2,-10.983142852783203,-38.67184066772461,0.0,5.361298561096191
32.24,-8.21193790435791,-42.890602111816406,0.0,6.152316093444824
32.28,-2.3532814979553223,-47.197227478027344,0.0,6.943334102630615
32.3,3.644268751144409,-51.59177017211914,0.0,7.6464619636535645
32.34,6.586974143981934,-54.49216842651367,0.0,8.261697769165039
32.38,12.147734642028809,-56.24998474121094,0.0,8.701151847839355
32.42,17.010257720947266,-57.0410041809082,0.0,8.876934051513672
32.44,20.892192840576172,-57.0410041809082,0.0,8.876934051513672
32.480000000000004,22.39211082458496,-57.0410041809082,0.0,8.876934051513672
32.52,24.399871826171875,-57.0410041809082,0.0,8.876934051513672
32.56,24.9940242767334,-57.0410041809082,0.0,8.876934051513672
32.58,24.137598037719727,-57.0410041809082,0.0,8.876934051513672
32.62,24.137598037719727,-54.93162155151367,0.0,8.789043426513672
32.660000000000004,20.258975982666016,-52.29489517211914,0.0,8.613261222839355
32.7,16.159839630126953,-49.13082504272461,0.0,8.261697769165039
32.72,16.159839630126953,-45.43943405151367,0.0,7.558570861816406
32.76,8.330266952514648,-41.30856704711914,0.0,6.855443477630615
32.8,2.4320080280303955,-37.44136428833008,0.0,6.152316093444824
32.82,-3.6118276119232178,-32.080047607421875,0.0,5.185516834259033
32.86,-3.6118276119232178,-28.388633728027344,0.0,4.5702805519104
32.9,-12.179766654968262,-26.279279708862305,0.0,4.130825996398926
32.94,-17.07096290588379,-25.488262176513672,0.0,3.9550445079803467
32.96,-20.962907791137695,-25.40036964416504,0.0,3.9550445079803467
33.0,-22.45947265625,-25.40036964416504,0.0,3.9550445079803467
33.04,-24.442378997802734,-25.40036964416504,0.0,3.9550445079803467
33.06,-24.898845672607422,-25.40036964416504,0.0,3.9550445079803467
33.1,-24.70660972595215,-25.40036964416504,0.0,3.9550445079803467
33.14,-24.70660972595215,-25.839826583862305,0.0,3.9550445079803467
33.160000000000004,-24.060104370117188,-27.158187866210938,0.0,3.9550445079803467
33.2,-18.080738067626953,-29.179677963256836,0.0,4.042935371398926
33.24,-13.377532958984375,-32.16796875,0.0,4.218717098236084
33.26,-7.8794846534729,-36.38670349121094,0.0,5.009735107421875
33.3,-4.9324564933776855,-40.517574310302734,0.0,5.712862014770508
33.34,1.1394668817520142,-45.17576217651367,0.0,6.503879547119141
33.36,7.147192001342773,-48.251914978027344,0.0,7.119115829467773
33.4,10.014623641967773,-50.273433685302734,0.0,7.470679759979248
33.44,15.262803077697754,-51.767547607421875,0.0,7.7343525886535645
33.46,19.604930877685547,-52.03122329711914,0.0,7.822243690490723
33.5,21.352293014526367,-52.03122329711914,0.0,7.822243690490723
33.54,23.86794662475586,-52.03122329711914,0.0,7.822243690490723
33.56,24.959346771240234,-52.03122329711914,0.0,7.822243690490723
33.6,24.959346771240234,-51.59177017211914,0.0,7.822243690490723
33.64,23.802175521850586,-50.53708267211914,0.0,7.7343525886535645
33.68,21.231504440307617,-48.955039978027344,0.0,7.6464619636535645
33.7,21.231504440307617,-46.05466842651367,0.0,7.6464619636535645
33.74,15.054030418395996,-43.330055236816406,0.0,7.20700740814209
33.78,9.745648384094238,-40.25387191772461,0.0,6.679661750793457
33.8,3.848071575164795,-35.41990280151367,0.0,5.800752639770508
33.84,0.7881482839584351,-30.761714935302734,0.0,5.009735107421875
33.86,-5.3236188888549805,-27.509750366210938,0.0,4.306607723236084
33.9,-5.3236188888549805,-24.78513526916504,0.0,3.779289960861206
33.94,-13.784832954406738,-23.115234375,0.0,3.515617609024048
33.96,-18.456863403320312,-22.412107467651367,0.0,3.3398358821868896
34.0,-18.456863403320312,-22.412107467651367,0.0,3.3398358821868896
34.04,-23.305400848388672,-22.499971389770508,0.0,3.3398358821868896
34.08,-24.809661865234375,-22.412107467651367,0.0,3.3398358821868896
34.1,-24.80959701538086,-22.412107467651367,0.0,3.3398358821868896
34.14,-24.80959701538086,-22.587890625,0.0,3.3398358821868896
34.18,-22.008411407470703,-23.02731704711914,0.0,3.3398358821868896
34.22,-18.435476303100586,-24.169925689697266,0.0,3.4277267456054688
34.24,-13.737563133239746,-27.070297241210938,0.0,3.515617609024048
34.28,-11.053407669067383,-29.88280487060547,0.0,3.779289960861206
34.32,-5.218659400939941,-33.925758361816406,0.0,4.482389450073242
34.34,0.9381720423698425,-39.11132049560547,0.0,5.449189186096191
34.38,4.020056247711182,-43.593727111816406,0.0,6.240207195281982
34.42,9.954816818237305,-46.05466842651367,0.0,6.767552375793457
34.44,9.954816818237305,-48.51561737060547,0.0,7.20700740814209
34.480000000000004,17.61530113220215,-49.57030487060547,0.0,7.382789134979248
34.52,21.436010360717773,-49.746089935302734,0.0,7.382789134979248
34.54,21.436010360717773,-49.746089935302734,0.0,7.382789134979248
34.58,24.64946174621582,-49.746089935302734,0.0,7.382789134979248
34.62,24.91783332824707,-49.746089935302734,0.0,7.382789134979248
34.64,24.91783332824707,-49.48238754272461,0.0,7.382789134979248
34.68,22.46204948425293,-48.42770004272461,0.0,7.382789134979248
34.7,19.062824249267578,-47.02146911621094,0.0,7.29489803314209
34.74,19.062824249267578,-44.56052780151367,0.0,7.20700740814209
34.78,11.83738899230957,-42.099609375,0.0,7.031225204467773
34.82,6.0345139503479,-39.19918441772461,0.0,6.415988922119141
34.84,6.0345139503479,-34.453102111816406,0.0,5.62497091293335
34.88,-3.2576935291290283,-30.5859317779541,0.0,5.009735107421875
34.92,-9.284676551818848,-28.21285057067871,0.0,4.482389450073242
34.96,-14.738073348999023,-26.015605926513672,0.0,4.130825996398926
34.980000000000004,-14.738073348999023,-25.04880714416504,0.0,3.9550445079803467
35.02,-21.11320686340332,-25.04880714416504,0.0,3.9550445079803467
35.06,-23.771528244018555,-24.96091651916504,0.0,3.9550445079803467
35.08,-24.948293685913086,-24.96091651916504,0.0,3.9550445079803467
35.12,-24.953563690185547,-25.04880714416504,0.0,3.9550445079803467
35.160000000000004,-23.79582405090332,-25.576152801513672,0.0,3.9550445079803467
35.18,-21.148683547973633,-26.982406616210938,0.0,3.9550445079803467
35.22,-21.148683547973633,-29.091760635375977,0.0,4.042935371398926
35.26,-14.765791893005371,-32.25583267211914,0.0,4.218717098236084
35.300000000000004,-9.288445472717285,-35.85935592651367,0.0,4.921844005584717
35.32,-6.306695461273193,-39.990230560302734,0.0,5.62497091293335
35.36,-0.09082210063934326,-44.91209030151367,0.0,6.503879547119141
35.38,6.134213447570801,-48.51561737060547,0.0,7.20700740814209
35.42,6.134213447570801,-52.03122329711914,0.0,7.822243690490723
35.46,14.636878967285156,-53.34959030151367,0.0,7.998025417327881
35.480000000000004,19.226272583007812,-54.22849655151367,0.0,8.261697769165039
35.52,19.226272583007812,-54.49216842651367,0.0,8.261697769165039
35.56,23.76726722717285,-54.49216842651367,0.0,8.261697769165039
35.6,24.950252532958984,-54.49216842651367,0.0,8.261697769165039
35.64,24.950252532958984,-54.49216842651367,0.0,8.261697769165039
35.660000000000004,23.765731811523438,-54.49216842651367,0.0,8.261697769165039
35.7,21.07257843017578,-53.525367736816406,0.0,8.261697769165039
35.72,17.039369583129883,-50.800777435302734,0.0,8.085916519165039
35.76,14.596745491027832,-48.955039978027344,0.0,8.085916519165039
35.800000000000004,9.052734375,-46.31834411621094,0.0,7.822243690490723
35.82,2.929007053375244,-42.62692642211914,0.0,7.031225204467773
35.86,2.929007053375244,-39.11132049560547,0.0,6.415988922119141
35.9,-6.487077236175537,-36.12303161621094,0.0,5.888643741607666
35.94,-12.333882331848145,-32.95895767211914,0.0,5.449189186096191
35.96,-12.333882331848145,-31.904268264770508,0.0,5.273407459259033
36.0,-19.527009963989258,-31.552705764770508,0.0,5.185516834259033
36.04,-22.821205139160156,-31.464841842651367,0.0,5.185516834259033
36.06,-22.821205139160156,-31.464841842651367,0.0,5.185516834259033
36.1,-24.980396270751953,-31.464841842651367,0.0,5.097625732421875
36.14,-24.426734924316406,-31.464841842651367,0.0,5.185516834259033
36.160000000000004,-22.30193519592285,-32.34375,0.0,5.185516834259033
36.2,-20.688518524169922,-34.101539611816406,0.0,5.185516834259033
36.24,-16.488157272338867,-36.65037536621094,0.0,5.273407459259033
36.26,-16.488157272338867,-40.25387191772461,0.0,5.62497091293335
36.300000000000004,-8.293194770812988,-44.384742736816406,0.0,6.415988922119141
36.34,-2.0789408683776855,-47.724571228027344,0.0,7.031225204467773
36.38,4.273149013519287,-52.822242736816406,0.0,7.998025417327881
36.4,4.273149013519287,-55.72263717651367,0.0,8.613261222839355
36.44,13.164471626281738,-57.2167854309082,0.0,8.964824676513672
36.480000000000004,18.106327056884766,-57.65621566772461,0.0,8.964824676513672
36.52,21.875442504882812,-57.65621566772461,0.0,9.052715301513672
36.54,24.22491455078125,-57.65621566772461,0.0,9.052715301513672
36.58,24.22491455078125,-57.65621566772461,0.0,9.052715301513672
36.62,24.77553939819336,-57.65621566772461,0.0,9.052715301513672
36.660000000000004,23.121545791625977,-57.56835174560547,0.0,9.052715301513672
36.68,21.717954635620117,-56.1620979309082,0.0,8.964824676513672
36.72,17.870634078979492,-53.78904342651367,0.0,8.789043426513672
36.76,12.853351593017578,-50.44921875,0.0,8.613261222839355
36.78,6.992430210113525,-47.197227478027344,0.0,7.998025417327881
36.82,6.992430210113525,-43.06637954711914,0.0,7.119115829467773
36.86,-2.53481125831604,-39.90230941772461,0.0,6.591770648956299
36.88,-8.770397186279297,-37.35350036621094,0.0,6.152316093444824
36.92,-8.770397186279297,-34.36521530151367,0.0,5.62497091293335
36.96,-16.931316375732422,-33.310523986816406,0.0,5.53708028793335
37.0,-21.05368995666504,-33.310523986816406,0.0,5.449189186096191
37.02,-23.7917423248291,-33.310523986816406,0.0,5.449189186096191
37.06,-23.7917423248291,-33.310523986816406,0.0,5.449189186096191
37.1,-24.93128776550293,-33.310523986816406,0.0,5.449189186096191
37.12,-23.635713577270508,-33.310523986816406,0.0,5.449189186096191
37.160000000000004,-22.392343521118164,-34.189430236816406,0.0,5.449189186096191
37.2,-18.815715789794922,-36.65037536621094,0.0,5.53708028793335
37.22,-13.991158485412598,-39.19918441772461,0.0,5.53708028793335
37.26,-13.991158485412598,-43.417945861816406,0.0,6.240207195281982
37.300000000000004,-5.127419948577881,-46.58201599121094,0.0,6.767552375793457
37.34,1.2964121103286743,-51.15234375,0.0,7.6464619636535645
37.36,1.2964121103286743,-55.72263717651367,0.0,8.613261222839355
37.4,10.644197463989258,-58.44725799560547,0.0,9.228497505187988
37.44,16.078826904296875,-59.677730560302734,0.0,9.404278755187988
37.46,20.444599151611328,-60.11716079711914,0.0,9.492170333862305
37.5,20.444599151611328,-60.11716079711914,0.0,9.492170333862305
37.54,24.37226104736328,-60.11716079711914,0.0,9.492170333862305
37.56,24.98492431640625,-60.11716079711914,0.0,9.492170333862305
37.6,24.98492431640625,-60.11716079711914,0.0,9.492170333862305
37.64,24.662790298461914,-60.11716079711914,0.0,9.492170333862305
37.68,19.382671356201172,-59.677730560302734,0.0,9.492170333862305
37.7,14.67615032196045,-58.09569549560547,0.0,9.404278755187988
37.74,14.67615032196045,-55.28318405151367,0.0,9.228497505187988
37.78,5.880484580993652,-51.767547607421875,0.0,8.876934051513672
37.800000000000004,-0.5676429867744446,-48.33983612060547,0.0,8.173807144165039
37.84,-0.5676429867744446,-44.91209030151367,0.0,7.470679759979248
37.88,-10.038614273071289,-42.451148986816406,0.0,7.119115829467773
37.92,-15.597258567810059,-41.30856704711914,0.0,6.855443477630615
37.94,-20.105493545532227,-40.429656982421875,0.0,6.679661750793457
37.980000000000004,-20.105493545532227,-40.429656982421875,0.0,6.679661750793457
38.02,-24.252269744873047,-40.429656982421875,0.0,6.679661750793457
38.06,-24.99687385559082,-40.429656982421875,0.0,6.679661750793457
38.1,-24.047250747680664,-40.429656982421875,0.0,6.679661750793457
38.12,-24.047250747680664,-40.693355560302734,0.0,6.679661750793457
38.160000000000004,-19.61175537109375,-42.275360107421875,0.0,6.767552375793457
38.2,-14.936622619628906,-44.208961486816406,0.0,6.767552375793457
38.22,-9.242547035217285,-47.46092224121094,0.0,7.031225204467773
38.26,-6.132055759429932,-51.15234375,0.0,7.6464619636535645
38.28,0.3512570559978485,-54.84373092651367,0.0,8.437479972839355
38.32,0.3512570559978485,-58.710906982421875,0.0,9.228497505187988
38.36,9.898933410644531,-60.732425689697266,0.0,9.667951583862305
38.38,15.511475563049316,-61.435550689697266,0.0,9.755843162536621
38.42,15.511475563049316,-61.611331939697266,0.0,9.843733787536621
38.46,17.94243812561035,-61.611331939697266,0.0,9.843733787536621
38.5,24.25160789489746,-61.611331939697266,0.0,9.843733787536621
38.52,24.25160789489746,-61.611331939697266,0.0,9.843733787536621
38.56,24.723642349243164,-61.611331939697266,0.0,9.843733787536621
38.6,22.91047477722168,-61.34762954711914,0.0,9.843733787536621
38.62,22.91047477722168,-60.11716079711914,0.0,9.755843162536621
38.660000000000004,17.302186965942383,-58.798824310302734,0.0,9.667951583862305
38.7,12.009563446044922,-56.6015510559082,0.0,9.580060958862305
38.72,12.009563446044922,-52.73434829711914,0.0,9.052715301513672
38.76,2.6424150466918945,-48.60348129272461,0.0,8.261697769165039
38.78,-3.927363395690918,-45.17576217651367,0.0,7.558570861816406
38.82,-3.927363395690918,-41.220703125,0.0,6.767552375793457
38.86,-7.139763355255127,-38.2324104309082,0.0,6.328097820281982
38.9,-13.141242027282715,-36.29881286621094,0.0,5.976534366607666
38.92,-22.067983627319336,-34.101539611816406,0.0,5.62497091293335
38.96,-23.423261642456055,-33.57419204711914,0.0,5.53708028793335
39.0,-24.892662048339844,-33.662086486816406,0.0,5.53708028793335
39.02,-24.631975173950195,-33.662086486816406,0.0,5.53708028793335
39.06,-23.852922439575195,-33.662086486816406,0.0,5.53708028793335
39.1,-21.063556671142578,-33.662086486816406,0.0,5.53708028793335
39.12,-16.804187774658203,-34.71677780151367,0.0,5.62497091293335
39.160000000000004,-16.804187774658203,-36.56248474121094,0.0,5.62497091293335
39.2,-8.32740306854248,-38.847618103027344,0.0,5.62497091293335
39.22,-1.8576816320419312,-41.30856704711914,0.0,5.800752639770508
39.26,-1.8576816320419312,-45.35154342651367,0.0,6.591770648956299
39.300000000000004,7.952045917510986,-47.9882698059082,0.0,7.119115829467773
39.34,13.893882751464844,-49.921871185302734,0.0,7.470679759979248
39.36,18.863933563232422,-51.50390625,0.0,7.6464619636535645
39.4,18.863933563232422,-51.767547607421875,0.0,7.7343525886535645
39.44,23.754467010498047,-51.767547607421875,0.0,7.7343525886535645
39.46,24.967592239379883,-51.767547607421875,0.0,7.7343525886535645
39.5,24.915664672851562,-51.767547607421875,0.0,7.7343525886535645
39.54,23.49765968322754,-51.15234375,0.0,7.7343525886535645
39.56,20.421344757080078,-49.921871185302734,0.0,7.7343525886535645
39.6,18.32415199279785,-48.33983612060547,0.0,7.6464619636535645
39.64,13.195626258850098,-46.23045349121094,0.0,7.558570861816406
39.660000000000004,7.131104469299316,-43.330055236816406,0.0,7.20700740814209
39.7,3.8797414302825928,-40.605438232421875,0.0,6.679661750793457
39.74,-2.7735512256622314,-37.8808479309082,0.0,6.240207195281982
39.76,-6.057104587554932,-34.628883361816406,0.0,5.62497091293335
39.800000000000004,-12.246376991271973,-32.60739517211914,0.0,5.361298561096191
39.82,-17.569005966186523,-31.464841842651367,0.0,5.185516834259033
39.86,-19.783485412597656,-31.552705764770508,0.0,5.185516834259033
39.9,-23.12044906616211,-31.552705764770508,0.0,5.185516834259033
39.92,-24.812543869018555,-31.552705764770508,0.0,5.185516834259033
39.96,-24.998384475708008,-31.552705764770508,0.0,5.185516834259033
40.0,-24.03132438659668,-31.552705764770508,0.0,5.185516834259033
40.02,-21.347755432128906,-32.69528579711914,0.0,5.185516834259033
40.06,-19.416881561279297,-34.80466842651367,0.0,5.273407459259033
40.1,-14.54820728302002,-37.44136428833008,0.0,5.273407459259033
40.12,-8.635417938232422,-40.957000732421875,0.0,5.712862014770508
40.160000000000004,-5.417231559753418,-44.82419967651367,0.0,6.503879547119141
40.18,1.254643201828003,-47.9882698059082,0.0,7.119115829467773
40.22,1.254643201828003,-52.382789611816406,0.0,7.910134315490723
40.26,4.58820915222168,-54.84373092651367,0.0,8.437479972839355
40.300000000000004,16.529712677001953,-56.24998474121094,0.0,8.701151847839355
40.32,16.529712677001953,-56.7773323059082,0.0,8.789043426513672
40.36,22.56903076171875,-56.7773323059082,0.0,8.789043426513672
40.38,24.616817474365234,-56.7773323059082,0.0,8.789043426513672
40.42,24.616817474365234,-56.68943786621094,0.0,8.789043426513672
40.46,24.979413986206055,-56.7773323059082,0.0,8.789043426513672
40.480000000000004,21.955524444580078,-56.68943786621094,0.0,8.789043426513672
40.52,20.147994995117188,-55.19529724121094,0.0,8.789043426513672
40.56,15.47201156616211,-53.173805236816406,0.0,8.613261222839355
40.58,9.672404289245605,-49.833953857421875,0.0,8.525370597839355
40.62,6.479742527008057,-47.46092224121094,0.0,7.998025417327881
40.660000000000004,-0.20209574699401855,-44.29685592651367,0.0,7.382789134979248
40.68,-6.872686386108398,-41.220703125,0.0,6.855443477630615
40.72,-10.051179885864258,-39.46288299560547,0.0,6.503879547119141
40.76,-15.804718971252441,-38.4081916809082,0.0,6.328097820281982
40.78,-20.40987205505371,-37.35350036621094,0.0,6.240207195281982
40.82,-20.40987205505371,-37.44136428833008,0.0,6.240207195281982
40.86,-24.45472526550293,-37.44136428833008,0.0,6.240207195281982
40.9,-24.9521484375,-37.44136428833008,0.0,6.240207195281982
40.92,-23.625455856323242,-37.44136428833008,0.0,6.240207195281982
40.96,-22.302419662475586,-38.320274353027344,0.0,6.240207195281982
41.0,-18.456493377685547,-40.166011810302734,0.0,6.328097820281982
41.02,-13.255630493164062,-43.417945861816406,0.0,6.328097820281982
41.06,-13.255630493164062,-46.75779724121094,0.0,6.855443477630615
41.1,-10.262504577636719,-51.59177017211914,0.0,7.7343525886535645
41.14,3.012866973876953,-56.24998474121094,0.0,8.789043426513672
41.18,9.572360038757324,-60.556640625,0.0,9.580060958862305
41.2,9.572360038757324,-63.89646911621094,0.0,10.283187866210938
41.24,17.95780372619629,-65.03904724121094,0.0,10.458970069885254
41.28,21.976043701171875,-65.39060974121094,0.0,10.546859741210938
41.300000000000004,21.976043701171875,-65.39060974121094,0.0,10.546859741210938
41.34,24.90333366394043,-65.39060974121094,0.0,10.546859741210938
41.36,24.574031829833984,-65.39060974121094,0.0,10.546859741210938
41.4,24.574031829833984,-65.39060974121094,0.0,10.546859741210938
41.44,20.71242332458496,-65.39060974121094,0.0,10.546859741210938
41.480000000000004,16.167131423950195,-65.39060974121094,0.0,10.546859741210938
41.52,10.419511795043945,-65.21482849121094,0.0,10.546859741210938
41.54,10.419511795043945,-63.89646911621094,0.0,10.458970069885254
41.58,0.49092739820480347,-61.78709030151367,0.0,10.371078491210938
41.62,-6.283099174499512,-59.150386810302734,0.0,10.283187866210938
41.64,-12.592503547668457,-57.2167854309082,0.0,9.931624412536621
41.68,-12.592503547668457,-55.10740280151367,0.0,9.492170333862305
41.72,-20.17252540588379,-54.40427780151367,0.0,9.404278755187988
41.76,-23.41739845275879,-54.316383361816406,0.0,9.316388130187988
41.800000000000004,-24.913110733032227,-54.316383361816406,0.0,9.316388130187988
41.82,-24.963802337646484,-54.316383361816406,0.0,9.316388130187988
41.86,-23.664304733276367,-54.66794967651367,0.0,9.316388130187988
41.9,-20.590320587158203,-55.54685592651367,0.0,9.404278755187988
41.92,-20.590320587158203,-57.30465316772461,0.0,9.492170333862305
41.96,-13.183345794677734,-58.974605560302734,0.0,9.492170333862305
42.0,-6.918978691101074,-61.083984375,0.0,9.755843162536621
42.02,-6.918978691101074,-64.24803161621094,0.0,10.371078491210938
42.06,3.3005056381225586,-66.18163299560547,0.0,10.634751319885254
42.1,9.914827346801758,-66.88472747802734,0.0,10.722641944885254
42.12,15.784683227539062,-66.88472747802734,0.0,10.81053352355957
42.160000000000004,15.784683227539062,-66.88472747802734,0.0,10.722641944885254
42.2,18.298477172851562,-66.88472747802734,0.0,10.81053352355957
42.22,24.511615753173828,-66.88472747802734,0.0,10.722641944885254
42.26,24.511615753173828,-66.88472747802734,0.0,10.81053352355957
42.300000000000004,24.418407440185547,-66.88472747802734,0.0,10.722641944885254
42.34,22.030338287353516,-66.88472747802734,0.0,10.81053352355957
42.36,17.96922492980957,-65.91796112060547,0.0,10.722641944885254
42.4,17.96922492980957,-64.24803161621094,0.0,10.634751319885254
42.44,9.439311027526855,-61.78709030151367,0.0,10.546859741210938
42.46,2.754993200302124,-58.623043060302734,0.0,10.195296287536621
42.5,2.754993200302124,-54.66794967651367,0.0,9.316388130187988
42.54,-7.5065436363220215,-51.41598892211914,0.0,8.789043426513672
42.56,-13.743907928466797,-48.8671760559082,0.0,8.261697769165039
42.6,-16.49736785888672,-47.63671112060547,0.0,8.085916519165039
42.64,-21.009687423706055,-46.40623474121094,0.0,7.910134315490723
42.660000000000004,-23.9176025390625,-46.23045349121094,0.0,7.822243690490723
42.7,-24.694265365600586,-46.23045349121094,0.0,7.822243690490723
42.74,-24.81684112548828,-46.23045349121094,0.0,7.822243690490723
42.78,-23.036827087402344,-46.23045349121094,0.0,7.822243690490723
42.800000000000004,-21.469627380371094,-46.49412536621094,0.0,7.822243690490723
42.84,-17.12970733642578,-47.54878616333008,0.0,7.910134315490723
42.88,-11.470978736877441,-50.097652435302734,0.0,7.910134315490723
42.9,-11.470978736877441,-53.34959030151367,0.0,8.085916519165039
42.94,-1.478142499923706,-56.51365661621094,0.0,8.789043426513672
42.980000000000004,5.440366744995117,-60.29294204711914,0.0,9.492170333862305
43.0,11.942667961120605,-63.89646911621094,0.0,10.283187866210938
43.04,14.87834644317627,-65.39060974121094,0.0,10.546859741210938
43.08,19.83414649963379,-65.91796112060547,0.0,10.634751319885254
43.1,19.83414649963379,-65.91796112060547,0.0,10.634751319885254
43.14,24.30771827697754,-65.91796112060547,0.0,10.634751319885254
43.18,24.97650146484375,-65.91796112060547,0.0,10.634751319885254
43.2,24.97650146484375,-65.91796112060547,0.0,10.634751319885254
43.24,22.373586654663086,-65.91796112060547,0.0,10.634751319885254
43.28,18.426433563232422,-65.91796112060547,0.0,10.634751319885254
43.300000000000004,13.045109748840332,-65.91796112060547,0.0,10.634751319885254
43.34,9.943236351013184,-64.95115661621094,0.0,10.634751319885254
43.38,3.218196153640747,-63.54490280151367,0.0,10.458970069885254
43.4,-3.7609474658966064,-60.46872329711914,0.0,10.371078491210938
43.44,-7.175469875335693,-58.09569549560547,0.0,10.019515037536621
43.480000000000004,-13.52076244354248,-56.6015510559082,0.0,9.843733787536621
43.52,-18.812955856323242,-55.10740280151367,0.0,9.492170333862305
43.54,-20.930198669433594,-54.58005905151367,0.0,9.404278755187988
43.58,-23.89834976196289,-54.58005905151367,0.0,9.404278755187988
43.6,-24.996318817138672,-54.58005905151367,0.0,9.404278755187988
43.64,-24.810216903686523,-54.58005905151367,0.0,9.404278755187988
43.68,-22.984256744384766,-55.19529724121094,0.0,9.404278755187988
43.72,-19.352798461914062,-56.1620979309082,0.0,9.492170333862305
43.76,-19.352798461914062,-58.27147674560547,0.0,9.492170333862305
43.78,-16.943317413330078,-60.64450454711914,0.0,9.667951583862305
43.82,-4.519352436065674,-63.54490280151367,0.0,10.195296287536621
43.84,2.493121862411499,-66.26951599121094,0.0,10.722641944885254
43.88,2.493121862411499,-68.20311737060547,0.0,10.98631477355957
43.92,12.479552268981934,-68.46676635742188,0.0,10.98631477355957
43.96,18.015134811401367,-68.46676635742188,0.0,10.98631477355957
43.980000000000004,22.129003524780273,-68.46676635742188,0.0,10.98631477355957
44.02,23.54523468017578,-68.46676635742188,0.0,11.07420539855957
44.06,24.954341888427734,-68.46676635742188,0.0,10.98631477355957
44.08,24.386075973510742,-68.46676635742188,0.0,10.98631477355957
44.12,23.367469787597656,-68.46676635742188,0.0,10.98631477355957
44.160000000000004,19.96067237854004,-68.46676635742188,0.0,10.98631477355957
44.18,14.966007232666016,-67.93942260742188,0.0,10.98631477355957
44.22,14.966007232666016,-66.53316497802734,0.0,10.898423194885254
44.26,5.387954235076904,-64.59959411621094,0.0,10.81053352355957
44.28,-1.6490284204483032,-62.314430236816406,0.0,10.81053352355957
44.32,-5.154714584350586,-59.062469482421875,0.0,10.283187866210938
44.36,-11.790420532226562,-57.0410041809082,0.0,9.843733787536621
44.38,-11.790420532226562,-54.49216842651367,0.0,9.404278755187988
44.42,-19.837797164916992,-53.085914611816406,0.0,9.140606880187988
44.46,-23.30423355102539,-51.943336486816406,0.0,8.964824676513672
44.480000000000004,-24.906545639038086,-51.767547607421875,0.0,8.876934051513672
44.52,-24.961462020874023,-51.767547607421875,0.0,8.876934051513672
44.56,-23.571449279785156,-51.943336486816406,0.0,8.876934051513672
44.58,-20.288841247558594,-52.29489517211914,0.0,8.876934051513672
44.62,-18.013883590698242,-52.646461486816406,0.0,8.964824676513672
44.64,-12.423937797546387,-53.701148986816406,0.0,8.964824676513672
44.68,-9.22142219543457,-55.72263717651367,0.0,8.964824676513672
44.7,-2.3229315280914307,-57.831993103027344,0.0,9.140606880187988
44.74,-2.3229315280914307,-60.46872329711914,0.0,9.580060958862305
44.78,8.202858924865723,-62.49021530151367,0.0,10.019515037536621
44.800000000000004,14.513470649719238,-63.80857849121094,0.0,10.283187866210938
44.84,14.513470649719238,-63.89646911621094,0.0,10.283187866210938
44.88,17.258981704711914,-63.89646911621094,0.0,10.283187866210938
44.92,21.651700973510742,-63.89646911621094,0.0,10.283187866210938
44.96,24.971792221069336,-63.80857849121094,0.0,10.283187866210938
44.980000000000004,23.624744415283203,-63.80857849121094,0.0,10.283187866210938
45.02,22.21916961669922,-63.80857849121094,0.0,10.283187866210938
45.06,18.084915161132812,-63.10544967651367,0.0,10.283187866210938
45.08,18.084915161132812,-60.908206939697266,0.0,10.019515037536621
45.12,9.262205123901367,-58.44725799560547,0.0,10.019515037536621
45.160000000000004,2.327625036239624,-55.37107849121094,0.0,9.580060958862305
45.2,-4.799933433532715,-51.50390625,0.0,8.789043426513672
45.22,-8.253900527954102,-48.8671760559082,0.0,8.261697769165039
45.26,-14.589282035827637,-47.373008728027344,0.0,7.998025417327881
45.28,-19.73625373840332,-46.14256286621094,0.0,7.822243690490723
45.32,-21.72728729248047,-45.96678161621094,0.0,7.7343525886535645
45.34,-24.33922576904297,-45.96678161621094,0.0,7.7343525886535645
45.38,-24.33922576904297,-45.96678161621094,0.0,7.7343525886535645
45.42,-24.499921798706055,-45.96678161621094,0.0,7.7343525886535645
45.46,-22.085163116455078,-46.31834411621094,0.0,7.7343525886535645
45.480000000000004,-17.856691360473633,-47.54878616333008,0.0,7.822243690490723
45.52,-15.164883613586426,-49.39452362060547,0.0,7.910134315490723
45.56,-8.901585578918457,-52.03122329711914,0.0,7.910134315490723
45.58,-1.902911901473999,-55.37107849121094,0.0,8.525370597839355
45.62,1.6935540437698364,-58.53512191772461,0.0,9.228497505187988
45.660000000000004,8.710136413574219,-60.64450454711914,0.0,9.667951583862305
45.68,15.011720657348633,-62.22654342651367,0.0,9.931624412536621
45.72,17.728004455566406,-62.753883361816406,0.0,10.019515037536621
45.76,22.009716033935547,-62.84177780151367,0.0,10.019515037536621
45.78,23.485637664794922,-62.753883361816406,0.0,10.019515037536621
45.82,24.953195571899414,-62.753883361816406,0.0,10.019515037536621
45.86,24.355342864990234,-62.753883361816406,0.0,10.107406616210938
45.88,21.73861312866211,-62.66599655151367,0.0,10.019515037536621
45.92,19.733922958374023,-61.259765625,0.0,10.019515037536621
45.96,14.538429260253906,-59.501953125,0.0,9.843733787536621
45.980000000000004,14.538429260253906,-56.953086853027344,0.0,9.843733787536621
46.02,4.6388115882873535,-53.876930236816406,0.0,9.228497505187988
46.06,-2.5671157836914062,-50.097652435302734,0.0,8.525370597839355
46.08,-2.5671157836914062,-47.197227478027344,0.0,7.998025417327881
46.12,-12.797242164611816,-44.73630905151367,0.0,7.558570861816406
46.160000000000004,-18.401636123657227,-43.945289611816406,0.0,7.382789134979248
46.18,-22.472339630126953,-43.417945861816406,0.0,7.29489803314209
46.22,-23.81970977783203,-43.417945861816406,0.0,7.29489803314209
46.24,-24.995817184448242,-43.417945861816406,0.0,7.29489803314209
46.28,-24.799081802368164,-43.417945861816406,0.0,7.29489803314209
46.32,-22.8547420501709,-43.417945861816406,0.0,7.29489803314209
46.34,-22.8547420501709,-43.769508361816406,0.0,7.29489803314209
46.38,-16.43941879272461,-44.99998092651367,0.0,7.29489803314209
46.4,-10.349353790283203,-47.46092224121094,0.0,7.382789134979248
46.44,-10.349353790283203,-51.064422607421875,0.0,7.6464619636535645
46.480000000000004,0.2406177669763565,-55.01951217651367,0.0,8.525370597839355
46.5,7.406231880187988,-58.53512191772461,0.0,9.228497505187988
46.54,7.406231880187988,-61.699195861816406,0.0,9.843733787536621
46.58,16.815393447875977,-63.72068405151367,0.0,10.195296287536621
46.62,21.422590255737305,-64.07225036621094,0.0,10.283187866210938
46.64,21.422590255737305,-64.07225036621094,0.0,10.283187866210938
46.68,24.864778518676758,-63.98435592651367,0.0,10.283187866210938
46.7,24.560453414916992,-63.98435592651367,0.0,10.283187866210938
46.74,24.560453414916992,-63.98435592651367,0.0,10.283187866210938
46.78,20.261798858642578,-63.98435592651367,0.0,10.283187866210938
46.82,15.184342384338379,-63.89646911621094,0.0,10.283187866210938
46.84,15.184342384338379,-62.49021530151367,0.0,10.195296287536621
46.88,5.313485622406006,-60.11716079711914,0.0,10.107406616210938
46.92,-1.9577438831329346,-58.09569549560547,0.0,10.019515037536621
46.94,-9.06591510772705,-55.01951217651367,0.0,9.492170333862305
46.980000000000004,-9.06591510772705,-52.382789611816406,0.0,8.964824676513672
47.02,-18.11443328857422,-50.53708267211914,0.0,8.613261222839355
47.06,-22.319541931152344,-50.097652435302734,0.0,8.525370597839355
47.1,-24.62203025817871,-50.009735107421875,0.0,8.525370597839355
47.12,-24.822492599487305,-50.009735107421875,0.0,8.525370597839355
47.160000000000004,-24.822492599487305,-50.097652435302734,0.0,8.525370597839355
47.2,-24.120990753173828,-50.44921875,0.0,8.525370597839355
47.22,-16.438886642456055,-52.03122329711914,0.0,8.613261222839355
47.26,-13.504788398742676,-53.525367736816406,0.0,8.613261222839355
47.300000000000004,-6.830726623535156,-55.89842224121094,0.0,8.701151847839355
47.32,-6.830726623535156,-59.150386810302734,0.0,9.316388130187988
47.36,4.091353416442871,-61.962867736816406,0.0,9.931624412536621
47.4,11.068815231323242,-64.33592224121094,0.0,10.371078491210938
47.42,14.236647605895996,-65.30272674560547,0.0,10.546859741210938
47.46,19.588491439819336,-65.47850036621094,0.0,10.546859741210938
47.480000000000004,19.588491439819336,-65.47850036621094,0.0,10.546859741210938
47.52,24.35042381286621,-65.47850036621094,0.0,10.546859741210938
47.56,24.94493293762207,-65.47850036621094,0.0,10.546859741210938
47.58,24.94493293762207,-65.47850036621094,0.0,10.546859741210938
47.62,21.831829071044922,-65.47850036621094,0.0,10.546859741210938
47.660000000000004,17.34372901916504,-65.47850036621094,0.0,10.546859741210938
47.68,11.352025985717773,-64.68748474121094,0.0,10.546859741210938
47.72,7.949935436248779,-63.28123092651367,0.0,10.458970069885254
47.76,0.701449990272522,-60.732425689697266,0.0,10.371078491210938
47.78,-6.611299514770508,-57.919918060302734,0.0,10.019515037536621
47.82,-10.092047691345215,-55.89842224121094,0.0,9.667951583862305
47.86,-16.323293685913086,-54.316383361816406,0.0,9.316388130187988
47.88,-18.937213897705078,-53.173805236816406,0.0,9.140606880187988
47.92,-22.875749588012695,-52.558570861816406,0.0,9.052715301513672
47.94,-24.823354721069336,-52.29489517211914,0.0,9.052715301513672
47.980000000000004,-24.98931312561035,-52.382789611816406,0.0,9.052715301513672
48.0,-23.68550682067871,-52.29489517211914,0.0,9.052715301513672
48.04,-23.68550682067871,-52.646461486816406,0.0,9.052715301513672
48.08,-17.935415267944336,-53.78904342651367,0.0,9.052715301513672
48.120000000000005,-12.056875228881836,-55.89842224121094,0.0,9.140606880187988
48.14,-12.056875228881836,-58.710906982421875,0.0,9.316388130187988
48.18,-1.4423775672912598,-61.523414611816406,0.0,9.843733787536621
48.22,5.929598331451416,-64.33592224121094,0.0,10.371078491210938
48.26,5.929598331451416,-66.53316497802734,0.0,10.722641944885254
48.28,9.461132049560547,-67.14842987060547,0.0,10.81053352355957
48.32,15.826948165893555,-67.14842987060547,0.0,10.81053352355957
48.36,23.955867767333984,-67.14842987060547,0.0,10.81053352355957
48.4,24.999238967895508,-67.14842987060547,0.0,10.81053352355957
48.44,23.84031867980957,-67.14842987060547,0.0,10.81053352355957
48.46,23.84031867980957,-67.14842987060547,0.0,10.81053352355957
48.5,18.240825653076172,-67.14842987060547,0.0,10.81053352355957
48.54,12.410117149353027,-66.88472747802734,0.0,10.81053352355957
48.58,5.479570388793945,-65.74217987060547,0.0,10.722641944885254
48.6,5.479570388793945,-63.80857849121094,0.0,10.634751319885254
48.64,-5.626469612121582,-61.17184829711914,0.0,10.546859741210938
48.68,-12.548382759094238,-58.09569549560547,0.0,10.019515037536621
48.7,-18.36045265197754,-55.45896911621094,0.0,9.580060958862305
48.74,-18.36045265197754,-53.261695861816406,0.0,9.228497505187988
48.78,-23.90357208251953,-51.767547607421875,0.0,8.876934051513672
48.82,-24.99994659423828,-51.50390625,0.0,8.789043426513672
48.84,-24.99994659423828,-51.50390625,0.0,8.789043426513672
48.88,-22.496658325195312,-51.50390625,0.0,8.789043426513672
48.92,-18.27483367919922,-51.50390625,0.0,8.876934051513672
48.94,-18.27483367919922,-52.11911392211914,0.0,8.876934051513672
48.980000000000004,-15.522296905517578,-52.91012954711914,0.0,8.876934051513672
49.0,-1.747009038925171,-54.66794967651367,0.0,8.964824676513672
49.04,2.0012893676757812,-56.68943786621094,0.0,9.052715301513672
49.08,9.282148361206055,-58.27147674560547,0.0,9.228497505187988
49.1,15.735220909118652,-58.53512191772461,0.0,9.228497505187988
49.14,18.465906143188477,-58.53512191772461,0.0,9.228497505187988
49.18,22.627952575683594,-58.53512191772461,0.0,9.228497505187988
49.2,24.761005401611328,-58.53512191772461,0.0,9.228497505187988
49.24,24.761005401611328,-58.53512191772461,0.0,9.228497505187988
49.28,23.785234451293945,-58.44725799560547,0.0,9.228497505187988
49.32,20.431930541992188,-57.128868103027344,0.0,9.140606880187988
49.34,18.039140701293945,-55.19529724121094,0.0,9.052715301513672
49.38,12.089415550231934,-52.558570861816406,0.0,9.052715301513672
49.4,5.046805381774902,-49.13082504272461,0.0,8.349588394165039
49.44,1.3114500045776367,-46.23045349121094,0.0,7.822243690490723
49.480000000000004,-6.165689468383789,-43.68161392211914,0.0,7.382789134979248
49.5,-13.088958740234375,-41.660125732421875,0.0,6.943334102630615
49.54,-16.143407821655273,-40.693355560302734,0.0,6.767552375793457
49.58,-21.09096336364746,-40.341793060302734,0.0,6.767552375793457
49.620000000000005,-21.09096336364746,-40.429656982421875,0.0,6.767552375793457
49.64,-24.83928871154785,-40.429656982421875,0.0,6.767552375793457
49.660000000000004,-24.555078506469727,-40.429656982421875,0.0,6.767552375793457
49.7,-24.555078506469727,-40.429656982421875,0.0,6.767552375793457
49.74,-20.010498046875,-40.429656982421875,0.0,6.767552375793457
49.76,-14.632420539855957,-41.660125732421875,0.0,6.767552375793457
49.800000000000004,-14.632420539855957,-44.12107467651367,0.0,6.855443477630615
49.84,-4.2506208419799805,-46.58201599121094,0.0,6.855443477630615
49.88,3.296637535095215,-49.833953857421875,0.0,7.470679759979248
49.9,10.546565055847168,-53.34959030151367,0.0,8.085916519165039
49.94,10.546565055847168,-55.28318405151367,0.0,8.525370597839355
49.980000000000004,19.436826705932617,-55.63475036621094,0.0,8.613261222839355
50.0,23.248430252075195,-55.63475036621094,0.0,8.613261222839355
50.04,23.248430252075195,-55.63475036621094,0.0,8.613261222839355
50.08,24.92179298400879,-55.63475036621094,0.0,8.613261222839355
50.120000000000005,23.187950134277344,-55.63475036621094,0.0,8.613261222839355
50.14,23.187950134277344,-54.40427780151367,0.0,8.525370597839355
50.18,16.69983673095703,-52.646461486816406,0.0,8.437479972839355
50.22,10.357935905456543,-50.185516357421875,0.0,8.349588394165039
50.24,3.060645341873169,-47.63671112060547,0.0,7.998025417327881
50.28,3.060645341873169,-44.29685592651367,0.0,7.382789134979248
50.32,-11.690838813781738,-41.748043060302734,0.0,7.031225204467773
50.36,-14.910569190979004,-40.429656982421875,0.0,6.767552375793457
50.4,-20.247690200805664,-39.990230560302734,0.0,6.591770648956299
50.44,-23.717470169067383,-39.990230560302734,0.0,6.591770648956299
50.46,-23.717470169067383,-39.990230560302734,0.0,6.591770648956299
50.5,-24.76842498779297,-39.990230560302734,0.0,6.591770648956299
50.54,-22.600955963134766,-39.990230560302734,0.0,6.591770648956299
50.56,-18.338665008544922,-40.25387191772461,0.0,6.591770648956299
50.6,-15.537833213806152,-41.044918060302734,0.0,6.679661750793457
50.64,-8.920475006103516,-42.97848892211914,0.0,6.767552375793457
50.660000000000004,-1.4717897176742554,-45.08787155151367,0.0,6.767552375793457
50.7,2.3496572971343994,-47.9882698059082,0.0,7.119115829467773
50.72,9.742222785949707,-50.800777435302734,0.0,7.6464619636535645
50.76,9.742222785949707,-53.261695861816406,0.0,8.085916519165039
50.800000000000004,18.943025588989258,-54.40427780151367,0.0,8.261697769165039
50.84,22.98289680480957,-54.84373092651367,0.0,8.437479972839355
50.88,24.880558013916016,-54.84373092651367,0.0,8.437479972839355
50.9,24.880558013916016,-54.75584411621094,0.0,8.437479972839355
50.94,23.375530242919922,-54.66794967651367,0.0,8.437479972839355
50.980000000000004,19.603290557861328,-54.66794967651367,0.0,8.437479972839355
51.0,13.994695663452148,-53.437477111816406,0.0,8.349588394165039
51.04,10.659645080566406,-51.064422607421875,0.0,8.261697769165039
51.08,3.3180272579193115,-49.042964935302734,0.0,8.261697769165039
51.1,-0.5156968832015991,-46.58201599121094,0.0,7.910134315490723
51.14,-8.059024810791016,-44.56052780151367,0.0,7.470679759979248
51.160000000000004,-14.848718643188477,-42.890602111816406,0.0,7.20700740814209
51.2,-14.848718643188477,-42.714820861816406,0.0,7.119115829467773
51.24,-22.255512237548828,-42.714820861816406,0.0,7.119115829467773
51.28,-24.66097068786621,-42.714820861816406,0.0,7.20700740814209
51.32,-24.743541717529297,-42.714820861816406,0.0,7.20700740814209
51.34,-22.49226951599121,-43.06637954711914,0.0,7.119115829467773
51.38,-20.548643112182617,-43.769508361816406,0.0,7.20700740814209
51.42,-15.25332260131836,-45.08787155151367,0.0,7.20700740814209
51.44,-12.02685546875,-47.54878616333008,0.0,7.29489803314209
51.480000000000004,-4.796952247619629,-50.44921875,0.0,7.558570861816406
51.52,2.890303134918213,-54.140602111816406,0.0,8.261697769165039
51.54,2.890303134918213,-57.39257049560547,0.0,8.964824676513672
51.58,13.691362380981445,-58.710906982421875,0.0,9.228497505187988
51.620000000000005,19.40886116027832,-58.886688232421875,0.0,9.228497505187988
51.64,23.285602569580078,-58.886688232421875,0.0,9.228497505187988
51.68,23.285602569580078,-58.886688232421875,0.0,9.228497505187988
51.72,24.894399642944336,-58.886688232421875,0.0,9.316388130187988
51.76,23.009485244750977,-58.886688232421875,0.0,9.316388130187988
51.78,18.931468963623047,-58.27147674560547,0.0,9.228497505187988
51.82,18.931468963623047,-56.6015510559082,0.0,9.228497505187988
51.86,9.595338821411133,-54.140602111816406,0.0,9.140606880187988
51.9,2.0881271362304688,-51.24020767211914,0.0,8.789043426513672
51.92,-5.622004508972168,-48.076133728027344,0.0,8.085916519165039
51.96,-9.321624755859375,-45.61521530151367,0.0,7.7343525886535645
52.0,-15.966412544250488,-43.945289611816406,0.0,7.382789134979248
52.04,-15.966412544250488,-43.24216079711914,0.0,7.29489803314209
52.06,-22.91010856628418,-43.24216079711914,0.0,7.29489803314209
52.1,-24.873146057128906,-43.24216079711914,0.0,7.29489803314209
52.120000000000005,-24.448823928833008,-43.24216079711914,0.0,7.29489803314209
52.160000000000004,-24.448823928833008,-43.24216079711914,0.0,7.29489803314209
52.2,-23.344118118286133,-43.68161392211914,0.0,7.29489803314209
52.22,-13.740560531616211,-44.56052780151367,0.0,7.29489803314209
52.26,-13.740560531616211,-47.2851448059082,0.0,7.382789134979248
52.300000000000004,-2.853231430053711,-50.53708267211914,0.0,7.558570861816406
52.34,4.905187606811523,-53.613258361816406,0.0,8.173807144165039
52.36,4.905187606811523,-56.51365661621094,0.0,8.789043426513672
52.4,15.43742847442627,-58.09569549560547,0.0,9.140606880187988
52.44,20.731470108032227,-58.27147674560547,0.0,9.140606880187988
52.46,20.731470108032227,-58.27147674560547,0.0,9.228497505187988
52.5,24.806764602661133,-58.27147674560547,0.0,9.140606880187988
52.54,24.558725357055664,-58.27147674560547,0.0,9.140606880187988
52.58,21.928916931152344,-58.18355941772461,0.0,9.228497505187988
52.6,19.791088104248047,-57.831993103027344,0.0,9.140606880187988
52.64,14.127584457397461,-56.953086853027344,0.0,9.140606880187988
52.660000000000004,7.088421821594238,-55.10740280151367,0.0,8.964824676513672
52.7,3.2628605365753174,-52.646461486816406,0.0,8.964824676513672
52.74,-4.534857273101807,-49.746089935302734,0.0,8.437479972839355
52.76,-11.894231796264648,-48.251914978027344,0.0,8.173807144165039
52.800000000000004,-15.181533813476562,-46.75779724121094,0.0,7.910134315490723
52.84,-20.569101333618164,-46.23045349121094,0.0,7.822243690490723
52.86,-20.569101333618164,-46.23045349121094,0.0,7.910134315490723
52.9,-24.776552200317383,-46.23045349121094,0.0,7.822243690490723
52.94,-24.595178604125977,-46.23045349121094,0.0,7.822243690490723
52.96,-23.591623306274414,-46.23045349121094,0.0,7.822243690490723
53.0,-19.879716873168945,-46.75779724121094,0.0,7.910134315490723
53.02,-14.218193054199219,-48.42770004272461,0.0,7.910134315490723
53.06,-10.822888374328613,-50.712860107421875,0.0,7.910134315490723
53.1,-3.3189358711242676,-53.437477111816406,0.0,8.085916519165039
53.120000000000005,4.514252185821533,-57.39257049560547,0.0,8.964824676513672
53.160000000000004,8.313079833984375,-59.765594482421875,0.0,9.492170333862305
53.2,15.207322120666504,-61.259765625,0.0,9.755843162536621
53.24,20.60772705078125,-61.962867736816406,0.0,9.843733787536621
53.26,22.573591232299805,-61.962867736816406,0.0,9.931624412536621
53.300000000000004,24.792470932006836,-61.962867736816406,0.0,9.931624412536621
53.34,24.792470932006836,-61.962867736816406,0.0,9.931624412536621
53.36,24.98966407775879,-61.962867736816406,0.0,9.931624412536621
53.4,23.533159255981445,-61.699195861816406,0.0,9.931624412536621
53.44,19.751338958740234,-60.11716079711914,0.0,9.843733787536621
53.46,6.889277935028076,-58.710906982421875,0.0,9.755843162536621
53.5,3.0217580795288086,-56.3378791809082,0.0,9.667951583862305
53.54,-4.843541145324707,-53.613258361816406,0.0,9.228497505187988
53.56,-12.231876373291016,-50.624996185302734,0.0,8.613261222839355
53.6,-15.51393985748291,-49.39452362060547,0.0,8.437479972839355
53.64,-20.84493637084961,-49.042964935302734,0.0,8.349588394165039
53.660000000000004,-24.106199264526367,-48.8671760559082,0.0,8.349588394165039
53.7,-24.106199264526367,-48.8671760559082,0.0,8.349588394165039
53.74,-24.4661865234375,-48.8671760559082,0.0,8.349588394165039
53.76,-21.64539909362793,-49.21874237060547,0.0,8.349588394165039
53.800000000000004,-21.64539909362793,-50.097652435302734,0.0,8.349588394165039
53.84,-19.39887237548828,-51.855472564697266,0.0,8.437479972839355
53.86,-6.273846626281738,-53.96482467651367,0.0,8.437479972839355
53.9,-2.3698368072509766,-56.8652229309082,0.0,8.876934051513672
53.94,5.519883632659912,-59.677730560302734,0.0,9.404278755187988
53.96,12.860651016235352,-62.138648986816406,0.0,9.931624412536621
54.0,16.09101676940918,-63.36912155151367,0.0,10.195296287536621
54.04,21.265560150146484,-63.54490280151367,0.0,10.195296287536621
54.06,23.07862663269043,-63.54490280151367,0.0,10.195296287536621
54.1,24.309572219848633,-63.54490280151367,0.0,10.195296287536621
54.14,24.27271270751953,-63.54490280151367,0.0,10.195296287536621
54.18,21.178447723388672,-63.54490280151367,0.0,10.195296287536621
54.2,21.178447723388672,-63.54490280151367,0.0,10.195296287536621
54.24,12.696043014526367,-62.84177780151367,0.0,10.195296287536621
54.28,5.3068318367004395,-61.083984375,0.0,10.019515037536621
54.300000000000004,5.3068318367004395,-58.35934066772461,0.0,10.019515037536621
54.34,-6.536433219909668,-55.72263717651367,0.0,9.580060958862305
54.36,-13.777141571044922,-53.085914611816406,0.0,9.140606880187988
54.4,-13.777141571044922,-50.185516357421875,0.0,8.613261222839355
54.44,-21.840972900390625,-49.39452362060547,0.0,8.437479972839355
54.46,-24.556337356567383,-49.13082504272461,0.0,8.349588394165039
54.5,-24.556337356567383,-49.042964935302734,0.0,8.349588394165039
54.54,-23.9501895904541,-49.042964935302734,0.0,8.349588394165039
54.56,-20.481592178344727,-49.042964935302734,0.0,8.349588394165039
54.6,-17.93651008605957,-49.13082504272461,0.0,8.349588394165039
54.64,-11.546489715576172,-49.57030487060547,0.0,8.349588394165039
54.660000000000004,-3.9802193641662598,-50.976558685302734,0.0,8.437479972839355
54.7,0.006625732872635126,-52.91012954711914,0.0,8.437479972839355
54.72,7.88030481338501,-55.10740280151367,0.0,8.525370597839355
54.76,7.88030481338501,-56.7773323059082,0.0,8.876934051513672
54.800000000000004,17.96122932434082,-57.48043441772461,0.0,8.964824676513672
54.82,22.5279541015625,-57.48043441772461,0.0,8.964824676513672
54.86,22.5279541015625,-57.48043441772461,0.0,8.964824676513672
54.9,24.986413955688477,-57.48043441772461,0.0,8.964824676513672
54.92,23.448999404907227,-57.39257049560547,0.0,8.964824676513672
54.96,23.448999404907227,-57.2167854309082,0.0,8.964824676513672
55.0,16.759872436523438,-56.51365661621094,0.0,8.964824676513672
55.04,10.039860725402832,-54.49216842651367,0.0,8.789043426513672
55.06,10.039860725402832,-51.064422607421875,0.0,8.701151847839355
55.1,-1.729505181312561,-48.33983612060547,0.0,8.173807144165039
55.14,-9.529570579528809,-45.43943405151367,0.0,7.6464619636535645
55.160000000000004,-9.529570579528809,-42.80270767211914,0.0,7.20700740814209
55.2,-19.1741943359375,-41.660125732421875,0.0,6.943334102630615
55.22,-23.267284393310547,-40.869136810302734,0.0,6.767552375793457
55.26,-23.267284393310547,-40.781219482421875,0.0,6.767552375793457
55.300000000000004,-24.851463317871094,-40.781219482421875,0.0,6.767552375793457
55.34,-22.707279205322266,-40.781219482421875,0.0,6.767552375793457
55.36,-18.218603134155273,-40.781219482421875,0.0,6.767552375793457
55.4,-15.230674743652344,-40.781219482421875,0.0,6.767552375793457
55.44,-8.152546882629395,-40.781219482421875,0.0,6.767552375793457
55.46,-0.22815251350402832,-42.451148986816406,0.0,6.855443477630615
55.5,3.7965688705444336,-44.208961486816406,0.0,6.855443477630615
55.52,11.449402809143066,-45.70310974121094,0.0,6.943334102630615
55.56,11.449402809143066,-46.84568786621094,0.0,6.943334102630615
55.6,20.492414474487305,-47.02146911621094,0.0,7.031225204467773
55.64,23.982421875,-47.02146911621094,0.0,7.031225204467773
55.660000000000004,23.982421875,-47.02146911621094,0.0,7.031225204467773
55.7,24.504621505737305,-47.02146911621094,0.0,6.943334102630615
55.74,21.653362274169922,-46.75779724121094,0.0,6.943334102630615
55.76,21.653362274169922,-45.26365661621094,0.0,6.943334102630615
55.800000000000004,13.304710388183594,-43.68161392211914,0.0,6.855443477630615
55.84,5.866051197052002,-41.748043060302734,0.0,6.855443477630615
55.86,-2.1878273487091064,-39.28710174560547,0.0,6.503879547119141
55.9,-6.183073043823242,-37.35350036621094,0.0,6.152316093444824
55.94,-13.587594032287598,-35.59568405151367,0.0,5.888643741607666
55.96,-19.574424743652344,-35.06834030151367,0.0,5.800752639770508
56.0,-21.8321475982666,-35.06834030151367,0.0,5.800752639770508
56.04,-24.578702926635742,-35.06834030151367,0.0,5.800752639770508
56.06,-24.750690460205078,-35.06834030151367,0.0,5.800752639770508
56.1,-23.85373878479004,-35.06834030151367,0.0,5.800752639770508
56.120000000000005,-20.20963478088379,-35.06834030151367,0.0,5.800752639770508
56.160000000000004,-17.557973861694336,-36.21092224121094,0.0,5.800752639770508
56.18,-10.942400932312012,-37.8808479309082,0.0,5.888643741607666
56.22,-10.942400932312012,-40.693355560302734,0.0,5.888643741607666
56.26,0.8911948204040527,-44.208961486816406,0.0,6.415988922119141
56.300000000000004,8.844905853271484,-46.75779724121094,0.0,6.855443477630615
56.34,15.86982536315918,-50.36129379272461,0.0,7.558570861816406
56.36,15.86982536315918,-52.73434829711914,0.0,7.998025417327881
56.4,23.08819007873535,-53.261695861816406,0.0,8.085916519165039
56.44,24.943660736083984,-53.34959030151367,0.0,8.085916519165039
56.46,24.884550094604492,-53.34959030151367,0.0,8.085916519165039
56.5,22.79833984375,-53.34959030151367,0.0,8.085916519165039
56.52,18.298173904418945,-53.261695861816406,0.0,8.085916519165039
56.56,15.282044410705566,-52.998023986816406,0.0,8.085916519165039
56.58,8.116193771362305,-51.767547607421875,0.0,7.998025417327881
56.620000000000005,4.157245635986328,-50.185516357421875,0.0,7.910134315490723
56.660000000000004,-3.9875876903533936,-48.69139862060547,0.0,7.910134315490723
56.68,-11.71231460571289,-46.23045349121094,0.0,7.910134315490723
56.72,-15.156220436096191,-45.35154342651367,0.0,7.6464619636535645
56.76,-20.747730255126953,-44.82419967651367,0.0,7.558570861816406
56.78,-24.133201599121094,-44.91209030151367,0.0,7.558570861816406
56.82,-24.87468147277832,-44.82419967651367,0.0,7.558570861816406
56.86,-24.35416030883789,-44.82419967651367,0.0,7.558570861816406
56.88,-21.23558235168457,-45.43943405151367,0.0,7.6464619636535645
56.92,-18.794939041137695,-46.6699104309082,0.0,7.6464619636535645
56.96,-12.47537612915039,-48.42770004272461,0.0,7.7343525886535645
56.980000000000004,-4.819567680358887,-51.064422607421875,0.0,7.7343525886535645
57.02,-0.7426798939704895,-53.525367736816406,0.0,8.085916519165039
57.06,7.3633222579956055,-55.89842224121094,0.0,8.613261222839355
57.08,14.683887481689453,-57.48043441772461,0.0,8.964824676513672
57.120000000000005,17.798398971557617,-57.74413299560547,0.0,9.052715301513672
57.160000000000004,22.516496658325195,-57.74413299560547,0.0,9.052715301513672
57.18,24.819215774536133,-57.74413299560547,0.0,9.052715301513672
57.22,24.9754638671875,-57.74413299560547,0.0,9.052715301513672
57.26,23.274587631225586,-57.65621566772461,0.0,9.052715301513672
57.28,19.068906784057617,-57.65621566772461,0.0,9.052715301513672
57.32,16.157861709594727,-56.42576599121094,0.0,9.052715301513672
57.36,9.110219955444336,-54.40427780151367,0.0,8.876934051513672
57.38,9.110219955444336,-50.976558685302734,0.0,8.789043426513672
57.42,5.164323806762695,-47.8124885559082,0.0,8.085916519165039
57.46,-10.918966293334961,-44.47263717651367,0.0,7.470679759979248
57.5,-17.62171173095703,-42.01169204711914,0.0,7.031225204467773
57.52,-17.62171173095703,-40.166011810302734,0.0,6.679661750793457
57.56,-23.935094833374023,-39.55074691772461,0.0,6.591770648956299
57.6,-24.982255935668945,-39.46288299560547,0.0,6.503879547119141
57.620000000000005,-24.982255935668945,-39.46288299560547,0.0,6.591770648956299
57.660000000000004,-21.52138900756836,-39.46288299560547,0.0,6.503879547119141
57.7,-16.21970558166504,-39.46288299560547,0.0,6.503879547119141
57.72,-12.86323356628418,-39.46288299560547,0.0,6.503879547119141
57.76,-5.1940693855285645,-39.63866424560547,0.0,6.591770648956299
57.78,3.043100357055664,-40.957000732421875,0.0,6.591770648956299
57.82,7.094574451446533,-42.80270767211914,0.0,6.679661750793457
57.86,14.51091194152832,-43.945289611816406,0.0,6.679661750793457
57.9,20.348970413208008,-43.945289611816406,0.0,6.679661750793457
57.92,20.348970413208008,-43.945289611816406,0.0,6.679661750793457
57.96,24.813907623291016,-43.945289611816406,0.0,6.679661750793457
58.0,24.45110321044922,-43.945289611816406,0.0,6.679661750793457
58.02,21.415607452392578,-43.945289611816406,0.0,6.679661750793457
58.06,18.987646102905273,-42.97848892211914,0.0,6.679661750793457
58.1,12.642016410827637,-41.835906982421875,0.0,6.591770648956299
58.14,4.909039497375488,-39.63866424560547,0.0,6.591770648956299
58.160000000000004,-3.3652889728546143,-37.1777229309082,0.0,6.152316093444824
58.2,-7.421638011932373,-34.71677780151367,0.0,5.800752639770508
58.22,-14.81513500213623,-34.101539611816406,0.0,5.62497091293335
58.26,-17.94754409790039,-34.101539611816406,0.0,5.62497091293335
58.300000000000004,-22.651500701904297,-34.101539611816406,0.0,5.62497091293335
58.34,-24.86574935913086,-34.101539611816406,0.0,5.62497091293335
58.36,-24.86574935913086,-34.101539611816406,0.0,5.62497091293335
58.4,-23.061017990112305,-34.101539611816406,0.0,5.62497091293335
58.44,-18.62877082824707,-35.33201217651367,0.0,5.62497091293335
58.46,-18.62877082824707,-37.1777229309082,0.0,5.712862014770508
58.5,-8.339625358581543,-39.46288299560547,0.0,5.712862014770508
58.54,-0.15385745465755463,-42.36325454711914,0.0,6.064425468444824
58.56,-0.15385745465755463,-45.79099655151367,0.0,6.679661750793457
58.6,11.876606941223145,-47.724571228027344,0.0,7.031225204467773
58.620000000000005,18.437191009521484,-49.042964935302734,0.0,7.29489803314209
58.660000000000004,20.990036010742188,-49.48238754272461,0.0,7.382789134979248
58.7,24.285064697265625,-49.48238754272461,0.0,7.382789134979248
58.74,24.887428283691406,-49.48238754272461,0.0,7.382789134979248
58.76,22.726871490478516,-49.48238754272461,0.0,7.382789134979248
58.800000000000004,20.672922134399414,-49.042964935302734,0.0,7.382789134979248
58.84,14.90148639678955,-47.9882698059082,0.0,7.29489803314209
58.86,7.469738483428955,-46.49412536621094,0.0,7.20700740814209
58.9,7.469738483428955,-44.29685592651367,0.0,7.20700740814209
58.94,-4.956536293029785,-42.099609375,0.0,7.031225204467773
58.96,-12.748187065124512,-39.63866424560547,0.0,6.591770648956299
59.0,-16.16105842590332,-36.91404724121094,0.0,6.152316093444824
59.02,-21.54290771484375,-34.453102111816406,0.0,5.712862014770508
59.06,-21.54290771484375,-33.398414611816406,0.0,5.53708028793335
59.1,-24.9899959564209,-33.398414611816406,0.0,5.449189186096191
59.14,-23.82509422302246,-33.398414611816406,0.0,5.449189186096191
59.160000000000004,-19.99214744567871,-33.398414611816406,0.0,5.449189186096191
59.2,-17.197723388671875,-33.398414611816406,0.0,5.449189186096191
59.24,-10.243324279785156,-33.398414611816406,0.0,5.449189186096191
59.26,-2.136794328689575,-33.398414611816406,0.0,5.449189186096191
59.300000000000004,2.0668833255767822,-34.628883361816406,0.0,5.449189186096191
59.34,10.184164047241211,-36.12303161621094,0.0,5.53708028793335
59.36,17.15968894958496,-37.08982849121094,0.0,5.62497091293335
59.4,17.15968894958496,-37.1777229309082,0.0,5.62497091293335
59.44,23.818937301635742,-37.1777229309082,0.0,5.62497091293335
59.46,24.98971176147461,-37.1777229309082,0.0,5.62497091293335
59.5,24.98971176147461,-37.1777229309082,0.0,5.62497091293335
59.54,21.507944107055664,-36.56248474121094,0.0,5.53708028793335
59.56,16.071746826171875,-34.89255905151367,0.0,5.53708028793335
59.6,16.071746826171875,-32.78317642211914,0.0,5.361298561096191
59.64,4.758084774017334,-30.2343692779541,0.0,4.833953380584717
59.68,-3.649864912033081,-27.509750366210938,0.0,4.394498825073242
59.7,-3.649864912033081,-25.40036964416504,0.0,3.9550445079803467
59.74,-15.205181121826172,-24.3457088470459,0.0,3.691399097442627
59.78,-20.930313110351562,-24.169925689697266,0.0,3.691399097442627
59.800000000000004,-24.282726287841797,-24.169925689697266,0.0,3.691399097442627
59.84,-24.282726287841797,-24.169925689697266,0.0,3.691399097442627
59.88,-24.108169555664062,-24.169925689697266,0.0,3.691399097442627
59.92,-20.537315368652344,-24.169925689697266,0.0,3.691399097442627
59.94,-20.537315368652344,-24.169925689697266,0.0,3.691399097442627
59.980000000000004,-10.996879577636719,-24.43357276916504,0.0,3.691399097442627
