dt,yaw_cmd,yaw_pos,pitch_cmd,pitch_pos
0.32,0.0,-11.689421653747559,0.0,-2.6367435455322266
0.32,0.0,-11.689421653747559,-6.224146366119385,-2.6367435455322266
0.32,0.0,-11.689421653747559,-9.218013763427734,-1.9336165189743042
0.32,0.0,-11.689421653747559,-9.218013763427734,1.3183457851409912
0.32,0.0,-11.689421653747559,-13.426103591918945,5.976534366607666
0.32,0.0,-11.689421653747559,-15.977070808410645,11.601550102233887
0.32,0.0,-11.689421653747559,-18.275638580322266,19.775375366210938
0.32,0.0,-11.689421653747559,-19.318336486816406,25.927709579467773
0.36,0.0,-11.689421653747559,-21.169048309326172,31.552724838256836
0.4,0.0,-11.689421653747559,-22.681716918945312,40.4296760559082
0.42,0.0,-11.689421653747559,-22.681716918945312,47.37302780151367
0.46,0.0,-11.689421653747559,-24.262659072875977,52.646453857421875
0.48,0.0,-11.777339935302734,-24.831283569335938,58.79879379272461
0.52,0.0,-11.689421653747559,-24.831283569335938,64.95114135742188
0.56,0.0,-11.689421653747559,-24.929964065551758,69.87300872802734
0.58,0.0,-11.689421653747559,-24.4893856048584,74.09175872802734
0.62,0.0,-11.689421653747559,-24.4893856048584,79.27730560302734
0.66,0.0,-11.689421653747559,-24.11875343322754,83.93551635742188
0.7000000000000001,0.0,-11.689421653747559,-21.669992446899414,87.62692260742188
0.72,0.0,-11.777339935302734,-19.90007209777832,89.47262573242188
0.76,0.0,-11.689421653747559,-19.90007209777832,91.05465698242188
0.8,0.0,-11.777339935302734,-16.639432907104492,94.13082122802734
0.84,0.0,-11.689421653747559,-14.112456321716309,95.62496948242188
0.88,0.0,-11.777339935302734,-11.349808692932129,95.71286010742188
0.9,0.0,-11.777339935302734,-8.396409034729004,95.62496948242188
0.9400000000000001,0.0,-11.777339935302734,-6.863167762756348,95.3613052368164
0.98,0.0,-11.777339935302734,-3.7151145935058594,93.51559448242188
1.02,0.0,-11.777339935302734,-3.7151145935058594,89.99996185302734
1.04,0.0,-11.777339935302734,-2.113309860229492,88.33004760742188
1.08,0.0,-11.777339935302734,4.323585510253906,87.01168823242188
1.12,0.0,-11.777339935302734,7.465739727020264,84.63863372802734
1.1400000000000001,0.0,-11.777339935302734,10.486217498779297,79.27730560302734
1.18,0.0,-11.777339935302734,11.93475341796875,73.56442260742188
1.22,0.0,-11.777339935302734,14.677613258361816,68.29098510742188
1.24,0.0,-11.777339935302734,14.677613258361816,60.11715316772461
1.28,0.0,-11.777339935302734,18.320161819458008,55.28316879272461
1.32,0.0,-11.777339935302734,20.37296485900879,50.449188232421875
1.36,0.0,-11.777339935302734,22.08281898498535,42.53905487060547
1.3800000000000001,0.0,-11.777339935302734,22.79947853088379,35.859352111816406
1.42,0.0,-11.777339935302734,23.940269470214844,29.531234741210938
1.46,0.0,-11.777339935302734,24.674455642700195,22.060537338256836
1.48,0.0,-11.777339935302734,24.674455642700195,16.17184829711914
1.52,0.0,-11.777339935302734,24.984962463378906,11.425768852233887
1.56,0.0,-11.777339935302734,24.657609939575195,6.679661750793457
1.58,0.0,-11.777339935302734,23.90662956237793,1.8456910848617554
1.62,0.0,-11.777339935302734,23.90662956237793,-1.9336165189743042
1.6600000000000001,0.0,-11.777339935302734,22.013080596923828,-6.3281331062316895
1.7,0.0,-11.777339935302734,20.2691593170166,-9.404313087463379
1.72,0.0,-11.777339935302734,18.172771453857422,-10.898458480834961
1.76,0.0,-11.777339935302734,17.003173828125,-12.568385124206543
1.8,0.0,-11.777339935302734,14.445901870727539,-12.83205795288086
1.82,0.0,-11.777339935302734,11.634665489196777,-12.83205795288086
1.86,0.0,-11.777339935302734,10.148706436157227,-12.83205795288086
1.9000000000000001,0.0,-11.777339935302734,7.048104286193848,-12.568385124206543
1.92,0.0,-11.777339935302734,7.048104286193848,-11.162130355834961
1.96,0.0,-11.777339935302734,2.17739200592041,-10.283222198486328
2.0,0.0,-11.777339935302734,-1.1337897777557373,-9.492203712463379
2.02,0.0,-11.777339935302734,-1.1337897777557373,-5.888679027557373
2.06,0.0,-11.777339935302734,-6.051641464233398,-1.845725655555725
2.1,0.0,-11.777339935302734,-9.21316909790039,2.3730363845825195
2.14,0.0,-11.777339935302734,-12.215245246887207,8.964824676513672
2.16,0.0,-11.777339935302734,-12.215245246887207,14.765595436096191
2.2,0.0,-11.777339935302734,-12.215245246887207,18.632793426513672
2.24,0.0,-11.777339935302734,-18.67933464050293,22.76366424560547
2.2600000000000002,0.0,-11.777339935302734,-20.725730895996094,27.33396339416504
2.3000000000000003,0.0,-11.777339935302734,-21.613170623779297,32.78319549560547
2.32,0.0,-11.777339935302734,-23.095985412597656,40.86913299560547
2.36,0.0,-11.777339935302734,-23.095985412597656,48.779266357421875
2.4,0.0,-11.777339935302734,-24.54128074645996,55.371063232421875
2.42,0.0,-11.777339935302734,-24.95836639404297,61.171844482421875
2.46,0.0,-11.777339935302734,-24.95836639404297,67.58785247802734
2.5,0.0,-11.777339935302734,-24.742115020751953,72.94918823242188
2.54,0.0,-11.777339935302734,-24.038408279418945,77.16793823242188
2.58,0.0,-11.777339935302734,-23.522178649902344,81.29879760742188
2.6,0.0,-11.777339935302734,-21.343433380126953,85.07808685302734
2.64,0.0,-11.777339935302734,-21.343433380126953,87.80270385742188
2.68,0.0,-11.777339935302734,-18.290267944335938,90.79098510742188
2.72,0.0,-11.777339935302734,-15.827353477478027,92.02145385742188
2.74,0.0,-11.777339935302734,-15.827353477478027,92.19723510742188
2.7800000000000002,0.0,-11.777339935302734,-11.601435661315918,93.60347747802734
2.82,0.0,-11.777339935302734,-8.503747940063477,93.86715698242188
2.84,0.0,-11.777339935302734,-8.503747940063477,93.86715698242188
2.88,0.0,-11.777339935302734,-6.891493320465088,93.69136810302734
2.92,0.0,-11.777339935302734,-3.5768918991088867,92.9003677368164
2.96,0.0,-11.777339935302734,3.1980676651000977,91.49411010742188
3.0,0.0,-11.777339935302734,6.533475399017334,87.62692260742188
3.02,0.0,-11.777339935302734,6.533475399017334,81.65036010742188
3.06,0.0,-11.777339935302734,11.297159194946289,75.58590698242188
3.1,0.0,-11.777339935302734,14.22665786743164,70.57614135742188
3.12,0.0,-11.777339935302734,16.894153594970703,62.753875732421875
3.16,0.0,-11.777339935302734,16.894153594970703,54.58004379272461
3.2,0.0,-11.777339935302734,16.894153594970703,50.09762191772461
3.24,0.0,-11.777339935302734,22.09836769104004,45.966773986816406
3.2600000000000002,0.0,-11.777339935302734,23.489002227783203,40.5175666809082
3.3000000000000003,0.0,-11.777339935302734,23.489002227783203,33.574188232421875
3.34,0.0,-11.777339935302734,24.74308204650879,25.75192642211914
3.38,0.0,-11.777339935302734,24.999549865722656,18.984357833862305
3.4,0.0,-11.777339935302734,24.999549865722656,13.007804870605469
3.44,0.0,-11.777339935302734,24.950721740722656,6.855443477630615
3.48,0.0,-11.777339935302734,24.499176025390625,2.900381565093994
3.52,0.0,-11.777339935302734,22.21706771850586,-1.4062713384628296
3.56,0.0,-11.777339935302734,20.427099227905273,-4.834015846252441
3.58,0.0,-11.777339935302734,20.427099227905273,-6.2402424812316895
3.62,0.0,-11.777339935302734,17.020349502563477,-9.052749633789062
3.66,0.0,-11.777339935302734,14.329628944396973,-10.634785652160645
3.7,0.0,-11.777339935302734,11.361357688903809,-10.634785652160645
3.72,0.0,-11.777339935302734,11.361357688903809,-10.283222198486328
3.7600000000000002,0.0,-11.777339935302734,6.512744903564453,-10.195331573486328
3.8000000000000003,0.0,-11.777339935302734,3.1060996055603027,-10.019549369812012
3.8200000000000003,0.0,-11.777339935302734,-0.3640096187591553,-7.2949323654174805
3.86,0.0,-11.777339935302734,-2.1019585132598877,-3.5156521797180176
3.9,0.0,-11.777339935302734,-5.541541576385498,1.142564058303833
3.92,0.0,-11.777339935302734,-8.877035140991211,6.591770648956299
3.96,0.0,-11.777339935302734,-10.48526668548584,11.337878227233887
4.0,0.0,-11.777339935302734,-13.54322338104248,16.699193954467773
4.0200000000000005,0.0,-11.777339935302734,-16.340007781982422,23.0273380279541
4.0600000000000005,0.0,-11.777339935302734,-16.340007781982422,29.531234741210938
4.1,0.0,-11.777339935302734,-17.622900009155273,34.628875732421875
4.12,0.0,-11.777339935302734,-21.840015411376953,40.0781135559082
4.16,0.0,-11.777339935302734,-22.639062881469727,45.52731704711914
4.2,0.0,-11.777339935302734,-23.900463104248047,52.55855941772461
4.22,0.0,-11.777339935302734,-24.69200325012207,60.55660629272461
4.26,0.0,-11.777339935302734,-24.905874252319336,66.18161010742188
4.28,0.0,-11.777339935302734,-24.96360969543457,71.45504760742188
4.32,0.0,-11.777339935302734,-24.96360969543457,77.87106323242188
4.36,0.0,-11.777339935302734,-24.806812286376953,82.70504760742188
4.4,0.0,-11.777339935302734,-24.124841690063477,86.48434448242188
4.44,0.0,-11.777339935302734,-21.342302322387695,90.35153198242188
4.46,0.0,-11.777339935302734,-20.369487762451172,92.10933685302734
4.5,0.0,-11.777339935302734,-18.1221923828125,93.95504760742188
4.54,0.0,-11.777339935302734,-15.509976387023926,94.83395385742188
4.5600000000000005,0.0,-11.777339935302734,-15.509976387023926,94.92184448242188
4.6000000000000005,0.0,-11.777339935302734,-15.509976387023926,95.8007583618164
4.64,0.0,-11.777339935302734,-7.735386848449707,97.82223510742188
4.66,0.0,-11.777339935302734,-4.290152072906494,99.14058685302734
4.7,0.0,-11.777339935302734,-4.290152072906494,99.14058685302734
4.74,0.0,-11.777339935302734,1.024344801902771,99.14058685302734
4.78,0.0,-11.777339935302734,4.56081485748291,98.96481323242188
4.8,0.0,-11.777339935302734,4.56081485748291,97.99801635742188
4.84,0.0,-11.865202903747559,9.676461219787598,94.92184448242188
4.86,0.0,-11.953121185302734,12.85919189453125,90.4394302368164
4.9,0.0,-11.953121185302734,14.357298851013184,85.25387573242188
4.94,0.0,-11.953121185302734,17.128276824951172,78.66207122802734
4.96,0.0,-11.953121185302734,18.386737823486328,69.96090698242188
5.0,0.0,-11.953121185302734,20.616737365722656,61.08395004272461
5.0200000000000005,0.0,-11.953121185302734,22.425918579101562,53.701141357421875
5.0600000000000005,0.0,-11.953121185302734,22.425918579101562,46.14255142211914
5.1000000000000005,0.0,-11.953121185302734,24.269060134887695,39.37498474121094
5.14,0.0,-11.953121185302734,24.87844467163086,31.992177963256836
5.16,0.0,-11.953121185302734,24.99107551574707,24.609344482421875
5.2,0.0,-11.953121185302734,24.828351974487305,20.302719116210938
5.24,0.0,-11.953121185302734,24.15096664428711,15.644503593444824
5.26,0.0,-11.953121185302734,22.971464157104492,11.07420539855957
5.3,0.0,-11.953121185302734,22.200220108032227,7.822243690490723
5.34,0.0,-11.953121185302734,20.31395149230957,5.097625732421875
5.36,0.0,-11.953121185302734,19.208433151245117,2.9882724285125732
5.4,0.0,-11.953121185302734,16.700714111328125,0.9667823314666748
5.44,0.0,-11.953121185302734,13.841041564941406,-0.17579905688762665
5.46,0.0,-11.953121185302734,13.841041564941406,-0.08790817856788635
5.5,0.0,-11.953121185302734,12.297371864318848,-0.6152534484863281
5.54,0.0,-11.953121185302734,5.554360389709473,-1.4941622018814087
5.5600000000000005,0.0,-11.953121185302734,5.554360389709473,-1.4062713384628296
5.6000000000000005,0.0,-11.953121185302734,3.770552635192871,-0.08790817856788635
5.64,0.0,-11.953121185302734,0.15011253952980042,3.2519450187683105
5.68,0.0,-11.953121185302734,-7.034057140350342,6.152316093444824
5.72,0.0,-11.953121185302734,-10.44530963897705,10.898423194885254
5.74,0.0,-11.953121185302734,-13.637829780578613,17.92966651916504
5.78,0.0,-11.953121185302734,-15.130402565002441,24.960908889770508
5.8,0.0,-11.953121185302734,-17.867868423461914,31.113271713256836
5.84,0.0,-11.953121185302734,-19.09788703918457,38.67185974121094
5.88,0.0,-11.953121185302734,-21.24692153930664,45.26364517211914
5.9,0.0,-11.953121185302734,-22.942846298217773,52.82223129272461
5.94,0.0,-11.953121185302734,-23.608705520629883,59.501922607421875
5.98,0.0,-11.953121185302734,-24.55744171142578,65.12691497802734
6.0,0.0,-11.953121185302734,-24.55744171142578,72.15817260742188
6.04,0.0,-11.953121185302734,-24.987241744995117,77.95895385742188
6.0600000000000005,0.0,-11.953121185302734,-24.600311279296875,81.65036010742188
6.1000000000000005,0.0,-11.953121185302734,-24.206266403198242,85.78121948242188
6.12,0.0,-11.953121185302734,-23.026723861694336,88.85739135742188
6.16,0.0,-11.953121185302734,-23.026723861694336,92.10933685302734
6.2,0.0,-11.953121185302734,-19.20063591003418,96.3281021118164
6.24,0.0,-11.953121185302734,-19.20063591003418,98.17378997802734
6.28,0.0,-11.953121185302734,-15.21073055267334,99.49214935302734
6.32,0.0,-11.953121185302734,-12.119686126708984,100.7226333618164
6.34,0.0,-11.953121185302734,-8.76046371459961,100.8105239868164
6.38,0.0,-11.953121185302734,-7.002863883972168,100.8105239868164
6.42,0.0,-11.953121185302734,-3.379560947418213,100.7226333618164
6.44,0.0,-12.12890338897705,0.3215094208717346,99.22848510742188
6.48,0.0,-12.392548561096191,0.3215094208717346,94.92184448242188
6.5200000000000005,0.0,-12.480466842651367,5.840896129608154,90.35153198242188
6.54,0.0,-12.480466842651367,9.380400657653809,86.66012573242188
6.58,0.0,-12.480466842651367,9.380400657653809,79.54097747802734
6.62,0.0,-12.480466842651367,14.283110618591309,73.82809448242188
6.640000000000001,0.0,-12.392548561096191,17.173852920532227,68.81832885742188
6.68,0.0,-12.480466842651367,18.48077964782715,61.347625732421875
6.72,0.0,-12.392548561096191,20.78069305419922,54.931610107421875
6.74,0.0,-12.480466842651367,22.61924934387207,47.37302780151367
6.78,0.0,-12.480466842651367,22.61924934387207,38.93553161621094
6.82,0.0,-12.480466842651367,24.42227554321289,33.486297607421875
6.86,0.0,-12.480466842651367,24.94636344909668,26.455053329467773
6.88,0.0,-12.480466842651367,24.910781860351562,19.248029708862305
6.92,0.0,-12.480466842651367,24.682373046875,14.853485107421875
6.96,0.0,-12.480466842651367,23.809757232666016,10.546859741210938
6.98,0.0,-12.480466842651367,22.399141311645508,6.064425468444824
7.0200000000000005,0.0,-12.480466842651367,22.399141311645508,2.9882724285125732
7.0600000000000005,0.0,-12.480466842651367,19.344091415405273,-0.7031443119049072
7.1000000000000005,0.0,-12.392548561096191,16.746557235717773,-3.3398704528808594
7.12,0.0,-12.480466842651367,15.300276756286621,-4.658234119415283
7.16,0.0,-12.480466842651367,12.15311336517334,-4.482452392578125
7.18,0.0,-12.392548561096191,8.726213455200195,-3.9551069736480713
7.22,0.0,-12.480466842651367,8.726213455200195,-1.4941622018814087
7.26,0.0,-12.480466842651367,3.2321159839630127,-0.6152534484863281
7.3,0.0,-12.480466842651367,-0.5450215935707092,0.8788914680480957
7.34,0.0,-12.392548561096191,-4.31318998336792,5.361298561096191
7.36,0.0,-12.480466842651367,-6.166806221008301,10.283187866210938
7.4,0.0,-12.480466842651367,-9.759657859802246,15.205048561096191
7.42,0.0,-12.392548561096191,-13.131059646606445,21.621084213256836
7.46,0.0,-12.392548561096191,-14.70897102355957,27.070289611816406
7.5,0.0,-12.392548561096191,-17.603126525878906,33.04684066772461
7.5200000000000005,0.0,-12.480466842651367,-20.092613220214844,41.57225799560547
7.5600000000000005,0.0,-12.392548561096191,-21.166818618774414,47.900360107421875
7.6000000000000005,0.0,-12.392548561096191,-22.942180633544922,54.931610107421875
7.62,0.0,-12.392548561096191,-24.18579864501953,61.962860107421875
7.66,0.0,-12.392548561096191,-24.598186492919922,67.76363372802734
7.7,0.0,-12.392548561096191,-24.991117477416992,73.74020385742188
7.74,0.0,-12.392548561096191,-24.991117477416992,80.06832885742188
7.76,0.0,-12.392548561096191,-24.968963623046875,85.25387573242188
7.8,0.0,-12.392548561096191,-24.487045288085938,90.4394302368164
7.84,0.0,-12.392548561096191,-23.431123733520508,94.83395385742188
7.88,0.0,-12.392548561096191,-19.70307731628418,97.38278198242188
7.92,0.0,-12.392548561096191,-17.115739822387695,98.87692260742188
7.96,0.0,-12.392548561096191,-17.115739822387695,98.96481323242188
7.98,0.0,-12.392548561096191,-15.665582656860352,100.3710708618164
8.02,0.0,-12.392548561096191,-9.024679183959961,101.42575073242188
8.06,0.0,-12.392548561096191,-5.3378190994262695,101.51364135742188
8.08,0.0,-12.392548561096191,-1.5208053588867188,101.42575073242188
8.120000000000001,0.0,-12.392548561096191,0.4083155691623688,101.2499771118164
8.16,0.0,-12.392548561096191,4.2504143714904785,100.89840698242188
8.2,0.0,-12.392548561096191,7.994614124298096,97.47066497802734
8.22,0.0,-12.744112014770508,7.994614124298096,91.40621948242188
8.26,0.0,-12.744112014770508,13.232019424438477,85.60543823242188
8.3,0.0,-12.744112014770508,16.34819221496582,78.13473510742188
8.32,0.0,-12.744112014770508,19.074628829956055,69.16989135742188
8.36,0.0,-12.744112014770508,20.270462036132812,60.20504379272461
8.4,0.0,-12.744112014770508,22.29057502746582,52.734344482421875
8.42,0.0,-12.744112014770508,23.77479362487793,44.736297607421875
8.46,0.0,-12.744112014770508,24.303747177124023,37.70505905151367
8.48,0.0,-12.744112014770508,24.918363571166992,32.08007049560547
8.52,0.0,-12.744112014770508,24.999893188476562,25.48825454711914
8.56,0.0,-12.744112014770508,24.7078914642334,20.47850227355957
8.58,0.0,-12.744112014770508,24.7078914642334,15.732394218444824
8.620000000000001,0.0,-12.744112014770508,23.149333953857422,11.513660430908203
8.66,0.0,-12.744112014770508,21.39779281616211,8.173807144165039
8.68,0.0,-12.744112014770508,21.39779281616211,5.712862014770508
8.72,0.0,-12.744112014770508,17.804576873779297,2.9882724285125732
8.76,0.0,-12.744112014770508,14.848612785339355,0.8788914680480957
8.78,0.0,-12.744112014770508,11.525857925415039,0.35154619812965393
8.82,0.0,-12.744112014770508,9.751821517944336,0.5273279547691345
8.86,0.0,-12.744112014770508,6.032480716705322,1.4941275119781494
8.88,0.0,-12.744112014770508,2.1611902713775635,5.185516834259033
8.92,0.0,-12.744112014770508,0.19819375872612,8.789043426513672
8.96,0.0,-12.656248092651367,-3.7219772338867188,11.953113555908203
9.0,0.0,-12.744112014770508,-7.5535664558410645,16.962865829467773
9.02,0.0,-12.744112014770508,-7.5535664558410645,22.9394474029541
9.06,0.0,-12.744112014770508,-12.927602767944336,26.279272079467773
9.1,0.0,-12.744112014770508,-16.130767822265625,30.14647102355957
9.120000000000001,0.0,-12.744112014770508,-16.130767822265625,37.96873092651367
9.16,0.0,-12.656248092651367,-20.165098190307617,44.47262954711914
9.200000000000001,0.0,-12.656248092651367,-22.241514205932617,51.855438232421875
9.22,0.0,-12.656248092651367,-23.763431549072266,60.908172607421875
9.26,0.0,-12.656248092651367,-24.30350112915039,66.97262573242188
9.3,0.0,-12.656248092651367,-24.923933029174805,73.56442260742188
9.32,0.0,-12.656248092651367,-24.918663024902344,80.33200073242188
9.36,0.0,-12.656248092651367,-24.680288314819336,84.55075073242188
9.4,0.0,-12.656248092651367,-23.738515853881836,88.85739135742188
9.44,0.0,-12.568329811096191,-22.19676399230957,92.28512573242188
9.46,0.0,-12.568329811096191,-22.19676399230957,95.18551635742188
9.5,0.0,-12.392548561096191,-18.844913482666016,97.73434448242188
9.540000000000001,0.0,-12.392548561096191,-15.997968673706055,100.28317260742188
9.56,0.0,-12.392548561096191,-15.997968673706055,101.51364135742188
9.6,0.0,-12.392548561096191,-10.986177444458008,101.51364135742188
9.64,0.0,-12.392548561096191,-7.273248195648193,101.6015396118164
9.66,0.0,-12.392548561096191,-3.371490955352783,101.42575073242188
9.700000000000001,0.0,-12.392548561096191,-3.371490955352783,101.33786010742188
9.74,0.0,-12.392548561096191,2.617335319519043,100.28317260742188
9.76,0.0,-12.480466842651367,6.551800727844238,96.94332885742188
9.8,0.0,-12.832030296325684,8.463470458984375,91.93356323242188
9.84,0.0,-12.744112014770508,12.114005088806152,86.3964614868164
9.86,0.0,-12.744112014770508,12.114005088806152,77.87106323242188
9.9,0.0,-12.744112014770508,16.98367691040039,71.36715698242188
9.94,0.0,-12.744112014770508,19.7026424407959,63.896453857421875
9.96,0.0,-12.744112014770508,21.914640426635742,55.019500732421875
10.0,0.0,-12.744112014770508,22.811656951904297,48.69137191772461
10.040000000000001,0.0,-12.744112014770508,24.1577205657959,40.86913299560547
10.06,0.0,-12.744112014770508,24.597623825073242,34.80466079711914
10.1,0.0,-12.744112014770508,24.9958438873291,28.388652801513672
10.120000000000001,0.0,-12.744112014770508,24.743642807006836,21.533193588256836
10.16,0.0,-12.744112014770508,24.374492645263672,17.314430236816406
10.200000000000001,0.0,-12.744112014770508,23.161073684692383,13.447259902954102
10.22,0.0,-12.744112014770508,21.3409366607666,9.580060958862305
10.26,0.0,-12.744112014770508,20.21715545654297,7.20700740814209
10.3,0.0,-12.744112014770508,17.57807731628418,5.888643741607666
10.34,0.0,-12.744112014770508,17.57807731628418,4.394498825073242
10.36,0.0,-12.744112014770508,16.079790115356445,2.021472692489624
10.4,0.0,-12.744112014770508,9.129337310791016,0.5273279547691345
10.44,0.0,-12.744112014770508,5.240478515625,0.43943706154823303
10.46,0.0,-12.744112014770508,5.240478515625,0.6152188181877136
10.5,0.0,-12.744112014770508,-0.8256571292877197,2.1972546577453613
10.540000000000001,0.0,-12.744112014770508,-4.869231224060059,5.712862014770508
10.56,0.0,-12.744112014770508,-4.869231224060059,11.337878227233887
10.6,0.0,-12.744112014770508,-10.665993690490723,17.138648986816406
10.64,0.0,-12.744112014770508,-14.200955390930176,22.76366424560547
10.66,0.0,-12.744112014770508,-14.200955390930176,29.970687866210938
10.700000000000001,0.0,-12.744112014770508,-18.772212982177734,36.914039611816406
10.74,0.0,-12.744112014770508,-21.21202850341797,44.56052017211914
10.76,0.0,-12.744112014770508,-23.086029052734375,53.61324691772461
10.8,0.0,-12.744112014770508,-23.794057846069336,61.08395004272461
10.84,0.0,-12.744112014770508,-24.72740364074707,66.79684448242188
10.86,0.0,-12.744112014770508,-24.72740364074707,74.09175872802734
10.9,0.0,-12.744112014770508,-24.878707885742188,79.27730560302734
10.92,0.0,-12.744112014770508,-24.14061737060547,83.4081802368164
10.98,0.0,-12.744112014770508,-24.14061737060547,88.33004760742188
11.02,0.0,-12.744112014770508,-23.52501678466797,92.98825073242188
11.040000000000001,0.0,-12.656248092651367,-21.820449829101562,96.41598510742188
11.08,0.0,-12.480466842651367,-16.69525718688965,98.70113372802734
11.120000000000001,0.0,-12.392548561096191,-13.410879135131836,100.54684448242188
11.14,0.0,-12.392548561096191,-9.75869369506836,101.1620864868164
11.18,0.0,-12.392548561096191,-7.825158596038818,101.1620864868164
11.22,0.0,-12.392548561096191,-3.80873441696167,101.1620864868164
11.24,0.0,-12.392548561096191,0.31522464752197266,100.8105239868164
11.28,0.0,-12.392548561096191,2.3823766708374023,98.43746948242188
11.32,0.0,-12.568329811096191,6.456191062927246,94.13082122802734
11.34,0.0,-12.744112014770508,10.356243133544922,87.89059448242188
11.38,0.0,-12.744112014770508,12.207201957702637,81.29879760742188
11.42,0.0,-12.744112014770508,15.64684009552002,74.17964935302734
11.46,0.0,-12.744112014770508,18.658031463623047,65.03903198242188
11.48,0.0,-12.744112014770508,21.15651512145996,55.986297607421875
11.52,0.0,-12.744112014770508,22.190881729125977,49.74605941772461
11.56,0.0,-12.744112014770508,23.79312515258789,41.92382049560547
11.58,0.0,-12.744112014770508,24.736839294433594,34.540985107421875
11.620000000000001,0.0,-12.744112014770508,24.952293395996094,27.59763526916504
11.66,0.0,-12.744112014770508,24.861812591552734,20.74217414855957
11.68,0.0,-12.744112014770508,24.078784942626953,15.99606704711914
11.72,0.0,-12.744112014770508,24.078784942626953,11.337878227233887
11.76,0.0,-12.744112014770508,21.654842376708984,7.29489803314209
11.8,0.0,-12.744112014770508,19.269372940063477,4.833953380584717
11.82,0.0,-12.744112014770508,19.269372940063477,3.779289960861206
11.86,0.0,-12.744112014770508,14.699779510498047,1.5820183753967285
11.88,0.0,-12.744112014770508,11.115262031555176,0.17576444149017334
11.92,0.0,-12.744112014770508,11.115262031555176,0.35154619812965393
11.96,0.0,-12.744112014770508,5.180235385894775,0.7031096816062927
12.0,0.0,-12.744112014770508,1.013014554977417,2.1972546577453613
12.02,0.0,-12.744112014770508,-3.1863272190093994,6.503879547119141
12.06,0.0,-12.744112014770508,-5.260885238647461,11.513660430908203
12.1,0.0,-12.744112014770508,-9.286160469055176,17.226539611816406
12.120000000000001,0.0,-12.744112014770508,-13.051297187805176,24.697235107421875
12.16,0.0,-12.744112014770508,-14.802306175231934,30.49803352355957
12.200000000000001,0.0,-12.744112014770508,-17.978343963623047,38.32029342651367
12.22,0.0,-12.656248092651367,-20.64472198486328,45.966773986816406
12.26,0.0,-12.656248092651367,-21.76198387145996,53.261688232421875
12.3,0.0,-12.656248092651367,-23.523818969726562,60.292938232421875
12.32,0.0,-12.656248092651367,-23.523818969726562,67.3241958618164
12.36,0.0,-12.656248092651367,-24.896085739135742,73.47653198242188
12.4,0.0,-12.656248092651367,-24.923194885253906,78.57418823242188
12.42,0.0,-12.656248092651367,-24.234127044677734,84.19918060302734
12.46,0.0,-12.656248092651367,-23.625865936279297,88.24215698242188
12.5,0.0,-12.568329811096191,-21.902706146240234,91.2304458618164
12.540000000000001,0.0,-12.568329811096191,-19.546077728271484,94.21871948242188
12.58,0.0,-12.392548561096191,-16.62251853942871,95.44918823242188
12.6,0.0,-12.392548561096191,-14.97355842590332,95.88864135742188
12.64,0.0,-12.392548561096191,-11.360261917114258,95.88864135742188
12.66,0.0,-12.392548561096191,-7.414235591888428,95.88864135742188
12.700000000000001,0.0,-12.392548561096191,-5.351736545562744,95.8007583618164
12.74,0.0,-12.392548561096191,-1.1224616765975952,95.53707885742188
12.76,0.0,-12.392548561096191,3.143022060394287,93.07614135742188
12.8,0.0,-12.392548561096191,3.143022060394287,88.15426635742188
12.84,0.0,-12.392548561096191,9.337368965148926,83.05660247802734
12.88,0.0,-12.392548561096191,13.154406547546387,76.72848510742188
12.9,0.0,-12.392548561096191,16.588945388793945,68.90621948242188
12.94,0.0,-12.392548561096191,18.13045310974121,60.46871566772461
12.98,0.0,-12.392548561096191,20.804553985595703,53.701141357421875
13.0,0.0,-12.392548561096191,22.8684024810791,45.43942642211914
13.040000000000001,0.0,-12.392548561096191,23.651243209838867,37.61716842651367
13.06,0.0,-12.392548561096191,24.688831329345703,31.289051055908203
13.1,0.0,-12.392548561096191,24.688831329345703,22.9394474029541
13.14,0.0,-12.392548561096191,24.8741512298584,17.92966651916504
13.18,0.0,-12.392548561096191,24.07568359375,13.271477699279785
13.200000000000001,0.0,-12.392548561096191,24.07568359375,8.525370597839355
13.24,0.0,-12.392548561096191,21.54954719543457,4.6581711769104
13.280000000000001,0.0,-12.392548561096191,19.05034828186035,1.6699093580245972
13.3,0.0,-12.392548561096191,17.581802368164062,0.5273279547691345
13.34,0.0,-12.392548561096191,14.260705947875977,0.5273279547691345
13.36,0.0,-12.392548561096191,10.51081657409668,0.5273279547691345
13.4,0.0,-12.392548561096191,10.51081657409668,0.8788914680480957
13.44,0.0,-12.392548561096191,8.509387969970703,1.142564058303833
13.46,0.0,-12.392548561096191,0.013408597558736801,1.142564058303833
13.5,0.0,-12.392548561096191,-2.15351939201355,2.812490701675415
13.52,0.0,-12.392548561096191,-6.425142288208008,6.064425468444824
13.56,0.0,-12.392548561096191,-8.497566223144531,10.81053352355957
13.6,0.0,-12.392548561096191,-12.437230110168457,16.347631454467773
13.620000000000001,0.0,-12.392548561096191,-16.00450897216797,25.48825454711914
13.66,0.0,-12.392548561096191,-17.613983154296875,32.51952362060547
13.700000000000001,0.0,-12.392548561096191,-20.42294692993164,41.3964729309082
13.74,0.0,-12.392548561096191,-22.614931106567383,50.273406982421875
13.76,0.0,-12.392548561096191,-23.457496643066406,57.831993103027344
13.8,0.0,-12.392548561096191,-24.60271453857422,63.632781982421875
13.82,0.0,-12.392548561096191,-24.60271453857422,70.92770385742188
13.86,0.0,-12.392548561096191,-24.91257667541504,77.60739135742188
13.88,0.0,-12.392548561096191,-24.16865348815918,81.65036010742188
13.92,0.0,-12.392548561096191,-23.517208099365234,85.16598510742188
13.94,0.0,-12.392548561096191,-21.679141998291016,87.97847747802734
13.98,0.0,-12.392548561096191,-21.679141998291016,90.4394302368164
14.02,0.0,-12.392548561096191,-17.69641876220703,93.07614135742188
14.06,0.0,-12.392548561096191,-14.34078598022461,95.00972747802734
14.08,0.0,-12.392548561096191,-12.489535331726074,95.18551635742188
14.120000000000001,0.0,-12.392548561096191,-8.51076602935791,95.18551635742188
14.14,0.0,-12.392548561096191,-8.51076602935791,95.00972747802734
14.18,0.0,-12.392548561096191,-2.0849955081939697,94.13082122802734
14.22,0.0,-12.392548561096191,2.311692714691162,91.6698989868164
14.24,0.0,-12.480466842651367,6.640314102172852,86.92379760742188
14.280000000000001,0.0,-12.480466842651367,8.736912727355957,80.85934448242188
14.32,0.0,-12.480466842651367,12.713004112243652,74.35543060302734
14.34,0.0,-12.480466842651367,16.296995162963867,66.35739135742188
14.38,0.0,-12.480466842651367,17.906217575073242,58.09566879272461
14.42,0.0,-12.480466842651367,20.695646286010742,52.20699691772461
14.46,0.0,-12.480466842651367,20.695646286010742,43.066375732421875
14.48,0.0,-12.480466842651367,24.274330139160156,34.89255142211914
14.52,0.0,-12.480466842651367,24.708227157592773,28.652326583862305
14.56,0.0,-12.480466842651367,24.992570877075195,22.148427963256836
14.58,0.0,-12.480466842651367,24.992570877075195,15.82028579711914
14.620000000000001,0.0,-12.480466842651367,23.951751708984375,10.898423194885254
14.66,0.0,-12.480466842651367,22.308748245239258,6.415988922119141
14.68,0.0,-12.480466842651367,22.308748245239258,3.515617609024048
14.72,0.0,-12.480466842651367,21.219051361083984,-0.17579905688762665
14.76,0.0,-12.480466842651367,15.28328800201416,-2.8125252723693848
14.8,0.0,-12.480466842651367,11.53515338897705,-3.867216110229492
14.82,0.0,-12.480466842651367,7.4184370040893555,-3.9551069736480713
14.86,0.0,-12.480466842651367,5.262063026428223,-3.603543519973755
14.9,0.0,-12.480466842651367,0.8385871648788452,-0.7031443119049072
14.94,0.0,-12.480466842651367,-3.6150667667388916,5.273407459259033
14.96,0.0,-12.480466842651367,-3.6150667667388916,11.513660430908203
15.0,0.0,-12.480466842651367,-10.042450904846191,16.17184829711914
15.040000000000001,0.0,-12.480466842651367,-13.958586692810059,20.830066680908203
15.06,0.0,-12.480466842651367,-13.958586692810059,27.509742736816406
15.1,0.0,-12.480466842651367,-15.757698059082031,35.50778579711914
15.14,0.0,-12.480466842651367,-21.56711769104004,41.48436737060547
15.16,0.0,-12.480466842651367,-23.47808837890625,48.164031982421875
15.200000000000001,0.0,-12.480466842651367,-24.15386199951172,56.249969482421875
15.24,0.0,-12.480466842651367,-24.91765785217285,63.984344482421875
15.26,0.0,-12.480466842651367,-24.878358840942383,71.45504760742188
15.3,0.0,-12.480466842651367,-24.556331634521484,78.48629760742188
15.34,0.0,-12.480466842651367,-23.319351196289062,83.67183685302734
15.36,0.0,-12.480466842651367,-21.3262882232666,87.27536010742188
15.4,0.0,-12.480466842651367,-20.06494903564453,88.33004760742188
15.44,0.0,-12.480466842651367,-17.062829971313477,89.82418823242188
15.46,0.0,-12.480466842651367,-13.50366497039795,90.26364135742188
15.5,0.0,-12.480466842651367,-13.50366497039795,90.26364135742188
15.540000000000001,0.0,-12.480466842651367,-11.550369262695312,90.26364135742188
15.58,0.0,-12.480466842651367,-2.9562361240386963,90.26364135742188
15.6,0.0,-12.480466842651367,-2.9562361240386963,90.17575073242188
15.64,0.0,-12.480466842651367,3.813833236694336,89.56050872802734
15.68,0.0,-12.480466842651367,8.206198692321777,87.27536010742188
15.700000000000001,0.0,-12.480466842651367,12.332674980163574,82.1777114868164
15.74,0.0,-12.480466842651367,14.25317668914795,76.46481323242188
15.780000000000001,0.0,-12.480466842651367,17.729129791259766,70.04878997802734
15.8,0.0,-12.480466842651367,19.255617141723633,59.589813232421875
15.84,0.0,-12.480466842651367,21.82183074951172,52.11910629272461
15.88,0.0,-12.480466842651367,23.669410705566406,42.714839935302734
15.9,0.0,-12.480466842651367,24.735565185546875,33.398406982421875
15.94,0.0,-12.480466842651367,24.962953567504883,25.22458267211914
15.98,0.0,-12.480466842651367,24.795738220214844,18.10544776916504
16.0,0.0,-12.480466842651367,24.402036666870117,11.86522388458252
16.04,0.0,-12.480466842651367,23.009607315063477,6.855443477630615
16.080000000000002,0.0,-12.480466842651367,20.850313186645508,3.691399097442627
16.1,0.0,-12.480466842651367,20.850313186645508,2.021472692489624
16.14,0.0,-12.480466842651367,19.504077911376953,-0.17579905688762665
16.18,0.0,-12.480466842651367,16.33356475830078,-1.757834792137146
16.2,0.0,-12.480466842651367,8.471232414245605,-2.4609618186950684
16.240000000000002,0.0,-12.480466842651367,8.471232414245605,-2.021507501602173
16.28,0.0,-12.480466842651367,1.7634410858154297,-1.3183804750442505
16.32,0.0,-12.480466842651367,-2.818495273590088,1.6699093580245972
16.34,0.0,-12.480466842651367,-7.309120178222656,7.119115829467773
16.38,0.0,-12.480466842651367,-9.472596168518066,12.832022666931152
16.42,0.0,-12.480466842651367,-13.544301986694336,20.214828491210938
16.44,0.0,-12.480466842651367,-17.16166877746582,28.388652801513672
16.48,0.0,-12.480466842651367,-18.760705947875977,36.123023986816406
16.52,0.0,-12.480466842651367,-21.470970153808594,44.38473892211914
16.54,0.0,-12.480466842651367,-21.470970153808594,53.43746566772461
16.580000000000002,0.0,-12.480466842651367,-24.152679443359375,61.25973129272461
16.62,0.0,-12.480466842651367,-24.926971435546875,66.79684448242188
16.64,0.0,-12.480466842651367,-24.926971435546875,74.53121185302734
16.68,0.0,-12.480466842651367,-24.497777938842773,79.89254760742188
16.72,0.0,-12.480466842651367,-23.16261100769043,83.58395385742188
16.740000000000002,0.0,-12.480466842651367,-23.16261100769043,87.09957885742188
16.78,0.0,-12.480466842651367,-19.69525718688965,90.08786010742188
16.82,0.0,-12.480466842651367,-16.520082473754883,91.2304458618164
16.84,0.0,-12.480466842651367,-16.520082473754883,91.3183364868164
16.88,0.0,-12.480466842651367,-10.729523658752441,92.10933685302734
16.92,0.0,-12.480466842651367,-6.375598907470703,92.46090698242188
16.94,0.0,-12.480466842651367,-6.375598907470703,92.46090698242188
16.98,0.0,-12.480466842651367,0.524075448513031,92.28512573242188
17.02,0.0,-12.480466842651367,5.138953685760498,91.14254760742188
17.04,0.0,-12.480466842651367,5.138953685760498,87.53902435302734
17.080000000000002,0.0,-12.480466842651367,11.686277389526367,82.88082885742188
17.1,0.0,-12.480466842651367,15.580060005187988,76.64059448242188
17.14,0.0,-12.480466842651367,15.580060005187988,68.64254760742188
17.18,0.0,-12.480466842651367,17.333200454711914,59.41403579711914
17.2,0.0,-12.480466842651367,22.710803985595703,52.646453857421875
17.240000000000002,0.0,-12.480466842651367,22.710803985595703,42.62694549560547
17.28,0.0,-12.480466842651367,24.716136932373047,34.98044204711914
17.3,0.0,-12.480466842651367,24.983531951904297,27.59763526916504
17.34,0.0,-12.480466842651367,24.983531951904297,18.281230926513672
17.38,0.0,-12.480466842651367,23.75223731994629,13.095695495605469
17.42,0.0,-12.480466842651367,21.882169723510742,7.910134315490723
17.44,0.0,-12.480466842651367,19.242834091186523,3.9550445079803467
17.48,0.0,-12.480466842651367,17.66214370727539,2.636708974838257
17.52,0.0,-12.480466842651367,14.04727554321289,2.5488181114196777
17.54,0.0,-12.480466842651367,9.934897422790527,2.636708974838257
17.580000000000002,0.0,-12.480466842651367,9.934897422790527,4.5702805519104
17.62,0.0,-12.480466842651367,3.1521151065826416,5.62497091293335
17.66,0.0,-12.480466842651367,-1.547206163406372,7.20700740814209
17.68,0.0,-12.480466842651367,-1.547206163406372,11.07420539855957
17.72,0.0,-12.480466842651367,-8.448288917541504,15.556612968444824
17.76,0.0,-12.480466842651367,-12.712101936340332,21.181629180908203
17.8,0.0,-12.480466842651367,-16.52725601196289,28.740217208862305
17.82,0.0,-12.480466842651367,-16.52725601196289,38.23240280151367
17.86,0.0,-12.480466842651367,-21.11488914489746,46.230445861816406
17.88,0.0,-12.480466842651367,-23.255510330200195,53.876922607421875
17.92,0.0,-12.480466842651367,-23.255510330200195,63.632781982421875
17.96,0.0,-12.480466842651367,-24.89493751525879,69.43355560302734
17.98,0.0,-12.480466842651367,-24.880414962768555,75.58590698242188
18.02,0.0,-12.480466842651367,-24.880414962768555,81.47457885742188
18.06,0.0,-12.480466842651367,-23.193769454956055,86.22067260742188
18.1,0.0,-12.480466842651367,-21.01546287536621,89.03317260742188
18.12,0.0,-12.480466842651367,-21.01546287536621,90.96676635742188
18.16,0.0,-12.480466842651367,-16.35799789428711,93.86715698242188
18.2,0.0,-12.480466842651367,-12.487266540527344,95.53707885742188
18.22,0.0,-12.480466842651367,-8.16244888305664,95.62496948242188
18.26,0.0,-12.480466842651367,-8.16244888305664,95.62496948242188
18.3,0.0,-12.480466842651367,-1.1672496795654297,95.3613052368164
18.34,0.0,-12.480466842651367,3.589151382446289,93.77925872802734
18.36,0.0,-12.480466842651367,8.218689918518066,89.91207885742188
18.400000000000002,0.0,-12.480466842651367,10.432840347290039,85.34176635742188
18.44,0.0,-12.480466842651367,14.558704376220703,78.83785247802734
18.46,0.0,-12.480466842651367,14.558704376220703,70.66403198242188
18.5,0.0,-12.480466842651367,16.432512283325195,60.732391357421875
18.54,0.0,-12.480466842651367,22.280807495117188,53.17379379272461
18.580000000000002,0.0,-12.480466842651367,24.032485961914062,44.91208267211914
18.62,0.0,-12.480466842651367,24.90468978881836,34.71677017211914
18.64,0.0,-12.480466842651367,24.86345672607422,25.57614517211914
18.68,0.0,-12.480466842651367,24.498821258544922,18.457012176513672
18.72,0.0,-12.480466842651367,23.09701919555664,13.535149574279785
18.740000000000002,0.0,-12.480466842651367,20.84331703186035,8.085916519165039
18.78,0.0,-12.480466842651367,19.421236038208008,5.449189186096191
18.82,0.0,-12.480466842651367,16.051197052001953,4.394498825073242
18.86,0.0,-12.480466842651367,16.051197052001953,4.482389450073242
18.88,0.0,-12.480466842651367,14.134065628051758,4.218717098236084
18.92,0.0,-12.480466842651367,9.923457145690918,4.042935371398926
18.94,0.0,-12.480466842651367,0.5590291023254395,3.779289960861206
18.98,0.0,-12.480466842651367,0.5590291023254395,3.9550445079803467
19.02,0.0,-12.480466842651367,-6.604959964752197,4.921844005584717
19.04,0.0,-12.480466842651367,-11.114558219909668,7.998025417327881
19.080000000000002,0.0,-12.480466842651367,-13.225152969360352,12.656241416931152
19.12,0.0,-12.480466842651367,-17.058847427368164,19.775375366210938
19.16,0.0,-12.480466842651367,-20.257579803466797,27.24607276916504
19.18,0.0,-12.480466842651367,-20.257579803466797,36.914039611816406
19.22,0.0,-12.480466842651367,-23.607603073120117,46.14255142211914
19.26,0.0,-12.480466842651367,-24.750930786132812,55.986297607421875
19.28,0.0,-12.480466842651367,-24.965007781982422,65.47848510742188
19.32,0.0,-12.392548561096191,-24.71904182434082,73.12496948242188
19.36,0.0,-12.392548561096191,-23.531391143798828,79.54097747802734
19.38,0.0,-12.392548561096191,-21.455392837524414,85.34176635742188
19.42,0.0,-12.392548561096191,-20.106908798217773,88.41793060302734
19.46,0.0,-12.392548561096191,-16.851600646972656,89.29684448242188
19.48,0.0,-12.392548561096191,-12.956058502197266,89.20894622802734
19.52,0.0,-12.392548561096191,-10.813090324401855,89.12105560302734
19.56,0.0,-12.392548561096191,-6.237740516662598,88.15426635742188
19.580000000000002,0.0,-12.392548561096191,-1.422114610671997,84.37496948242188
19.62,0.0,-12.392548561096191,1.018902063369751,79.62887573242188
19.66,0.0,-12.392548561096191,5.851208209991455,75.23433685302734
19.68,0.0,-12.392548561096191,5.851208209991455,69.16989135742188
19.72,0.0,-12.392548561096191,12.632186889648438,64.42378997802734
19.76,0.0,-12.392548561096191,16.588552474975586,58.271453857421875
19.8,0.0,-12.392548561096191,19.912952423095703,50.800750732421875
19.82,0.0,-12.392548561096191,19.912952423095703,40.86913299560547
19.86,0.0,-12.392548561096191,21.296852111816406,34.540985107421875
19.88,0.0,-12.392548561096191,24.685714721679688,27.33396339416504
19.92,0.0,-12.392548561096191,24.685714721679688,18.632793426513672
19.96,0.0,-12.392548561096191,24.769067764282227,12.832022666931152
19.98,0.0,-12.392548561096191,23.629024505615234,7.29489803314209
20.02,0.0,-12.392548561096191,23.629024505615234,2.3730363845825195
20.06,0.0,-12.392548561096191,20.230087280273438,-1.4062713384628296
20.080000000000002,0.0,-12.392548561096191,16.963180541992188,-4.570343017578125
20.12,0.0,-12.392548561096191,16.963180541992188,-6.3281331062316895
20.16,0.0,-12.392548561096191,10.87255573272705,-6.767587661743164
20.2,0.0,-12.392548561096191,6.246464252471924,-6.679696559906006
20.22,0.0,-12.392548561096191,1.3742121458053589,-5.185579299926758
20.26,0.0,-12.392548561096191,1.3742121458053589,-0.35158079862594604
20.3,0.0,-12.392548561096191,-5.980875015258789,4.482389450073242
20.34,0.0,-12.392548561096191,-10.636543273925781,9.492170333862305
20.36,0.0,-12.392548561096191,-12.820631980895996,15.468722343444824
20.400000000000002,0.0,-12.392548561096191,-16.793968200683594,23.730438232421875
20.42,0.0,-12.392548561096191,-20.112462997436523,31.640615463256836
20.46,0.0,-12.392548561096191,-21.483903884887695,41.04491424560547
20.5,0.0,-12.392548561096191,-23.582815170288086,48.42770004272461
20.52,0.0,-12.392548561096191,-23.582815170288086,58.447235107421875
20.56,0.0,-12.392548561096191,-24.97964096069336,65.03903198242188
20.6,0.0,-12.392548561096191,-24.686784744262695,70.31246948242188
20.64,0.0,-12.392548561096191,-24.686784744262695,76.64059448242188
20.66,0.0,-12.392548561096191,-24.17304039001465,81.73825073242188
20.7,0.0,-12.392548561096191,-19.808916091918945,85.42965698242188
20.740000000000002,0.0,-12.392548561096191,-16.39691925048828,87.53902435302734
20.76,0.0,-12.392548561096191,-16.39691925048828,87.89059448242188
20.8,0.0,-12.392548561096191,-14.436837196350098,87.89059448242188
20.84,0.0,-12.392548561096191,-14.436837196350098,88.06637573242188
20.88,0.0,-12.392548561096191,-0.41512370109558105,89.47262573242188
20.92,0.0,-12.392548561096191,4.55821418762207,90.17575073242188
20.94,0.0,-12.392548561096191,4.55821418762207,90.08786010742188
20.98,0.0,-12.392548561096191,11.623374938964844,89.99996185302734
21.02,0.0,-12.392548561096191,15.79507827758789,88.68160247802734
21.04,0.0,-12.392548561096191,15.79507827758789,84.90231323242188
21.080000000000002,0.0,-12.392548561096191,17.65450668334961,79.10152435302734
21.12,0.0,-12.392548561096191,23.165210723876953,73.30075073242188
21.16,0.0,-12.392548561096191,24.574827194213867,65.21481323242188
21.2,0.0,-12.392548561096191,24.996692657470703,54.228485107421875
21.22,0.0,-12.392548561096191,24.996692657470703,43.15426254272461
21.26,0.0,-12.392548561096191,24.829669952392578,32.69530487060547
21.3,0.0,-12.392548561096191,21.70438575744629,23.554655075073242
21.34,0.0,-12.392548561096191,18.78296661376953,15.90817642211914
21.36,0.0,-12.392548561096191,18.78296661376953,7.910134315490723
21.400000000000002,0.0,-12.392548561096191,17.027732849121094,2.021472692489624
21.44,0.0,-12.392548561096191,8.47362232208252,-1.4941622018814087
21.48,0.0,-12.392548561096191,3.5836308002471924,-4.746124744415283
21.5,0.0,-12.392548561096191,1.0699254274368286,-5.361361026763916
21.54,0.0,-12.392548561096191,-3.9671103954315186,-5.273469924926758
21.580000000000002,0.0,-12.392548561096191,-3.9671103954315186,-3.779325246810913
21.6,0.0,-12.392548561096191,-11.163113594055176,-0.17579905688762665
21.64,0.0,-12.392548561096191,-15.434379577636719,4.921844005584717
21.68,0.0,-12.392548561096191,-19.077049255371094,11.337878227233887
21.7,0.0,-12.392548561096191,-20.61444091796875,18.632793426513672
21.740000000000002,0.0,-12.392548561096191,-23.041484832763672,27.24607276916504
21.78,0.0,-12.392548561096191,-24.52406883239746,36.650367736816406
21.8,0.0,-12.392548561096191,-24.52406883239746,48.25191879272461
21.84,0.0,-12.392548561096191,-24.850643157958984,59.41403579711914
21.88,0.0,-12.392548561096191,-23.787330627441406,68.02731323242188
21.900000000000002,0.0,-12.392548561096191,-23.787330627441406,78.22262573242188
21.94,0.0,-12.392548561096191,-20.374832153320312,84.81442260742188
21.98,0.0,-12.392548561096191,-17.0223445892334,91.14254760742188
22.0,0.0,-12.392548561096191,-12.962687492370605,95.18551635742188
22.04,0.0,-12.392548561096191,-10.718831062316895,96.15231323242188
22.06,0.0,-12.392548561096191,-5.918785095214844,96.15231323242188
22.1,0.0,-12.392548561096191,-5.918785095214844,96.15231323242188
22.14,0.0,-12.392548561096191,1.6833115816116333,95.88864135742188
22.18,0.0,-12.392548561096191,6.712392330169678,94.13082122802734
22.2,0.0,-12.392548561096191,11.465044021606445,90.35153198242188
22.240000000000002,0.0,-12.392548561096191,13.674858093261719,85.8691177368164
22.26,0.0,-12.392548561096191,17.645381927490234,79.62887573242188
22.3,0.0,-12.392548561096191,19.364151000976562,72.50972747802734
22.34,0.0,-12.392548561096191,22.17775535583496,65.47848510742188
22.38,0.0,-12.392548561096191,24.06340980529785,53.34957504272461
22.42,0.0,-12.392548561096191,24.940013885498047,41.04491424560547
22.44,0.0,-12.392548561096191,24.940013885498047,30.761707305908203
22.48,0.0,-12.392548561096191,24.289777755737305,20.830066680908203
22.52,0.0,-12.392548561096191,22.56966209411621,13.798794746398926
22.54,0.0,-12.392548561096191,19.896156311035156,5.361298561096191
22.580000000000002,0.0,-12.392548561096191,18.23509407043457,-1.7302845662925392e-05
22.6,0.0,-12.392548561096191,14.351080894470215,-4.482452392578125
22.64,0.0,-12.392548561096191,14.351080894470215,-8.789076805114746
22.68,0.0,-12.392548561096191,7.439241886138916,-10.371113777160645
22.72,0.0,-12.392548561096191,2.390718698501587,-10.459003448486328
22.76,0.0,-12.392548561096191,-2.7628016471862793,-9.843767166137695
22.78,0.0,-12.392548561096191,-2.7628016471862793,-6.855478286743164
22.82,0.0,-12.392548561096191,-10.211709022521973,-3.164088726043701
22.86,0.0,-12.392548561096191,-14.681004524230957,2.812490701675415
22.88,0.0,-12.392548561096191,-14.681004524230957,11.337878227233887
22.92,0.0,-12.392548561096191,-20.162620544433594,19.775375366210938
22.96,0.0,-12.392548561096191,-22.772315979003906,28.300764083862305
22.98,0.0,-12.392548561096191,-22.772315979003906,39.37498474121094
23.02,0.0,-12.392548561096191,-24.837018966674805,48.515594482421875
23.04,0.0,-12.392548561096191,-24.891189575195312,57.91988754272461
23.080000000000002,0.0,-12.392548561096191,-24.51558494567871,65.83004760742188
23.12,0.0,-12.392548561096191,-22.97782325744629,72.59762573242188
23.16,0.0,-12.392548561096191,-20.449420928955078,79.89254760742188
23.18,0.0,-12.392548561096191,-18.84560203552246,84.11128997802734
23.22,0.0,-12.392548561096191,-15.044159889221191,86.7480239868164
23.26,0.0,-12.392548561096191,-10.590021133422852,87.09957885742188
23.3,0.0,-12.392548561096191,-5.674609184265137,86.8359146118164
23.32,0.0,-12.392548561096191,-5.674609184265137,85.34176635742188
23.36,0.0,-12.392548561096191,-3.109633684158325,80.85934448242188
23.400000000000002,0.0,-12.392548561096191,7.214294910430908,76.8163833618164
23.44,0.0,-12.392548561096191,12.022263526916504,71.98239135742188
23.46,0.0,-12.392548561096191,12.022263526916504,65.21481323242188
23.5,0.0,-12.392548561096191,18.198972702026367,56.601531982421875
23.54,0.0,-12.392548561096191,21.363073348999023,50.009735107421875
23.56,0.0,-12.392548561096191,21.363073348999023,38.84763717651367
23.6,0.0,-12.392548561096191,24.79817008972168,28.740217208862305
23.64,0.0,-12.392548561096191,24.993776321411133,19.951156616210938
23.68,0.0,-12.392548561096191,24.561939239501953,13.359368324279785
23.7,0.0,-12.392548561096191,23.938684463500977,6.064425468444824
23.740000000000002,0.0,-12.392548561096191,21.91037940979004,0.8788914680480957
23.78,0.0,-12.392548561096191,18.917007446289062,-3.3398704528808594
23.8,0.0,-12.392548561096191,17.097482681274414,-5.976569652557373
23.84,0.0,-12.392548561096191,12.911974906921387,-6.767587661743164
23.88,0.0,-12.392548561096191,8.153833389282227,-6.767587661743164
23.900000000000002,0.0,-12.392548561096191,5.624607086181641,-6.2402424812316895
23.94,0.0,-12.392548561096191,0.4052518904209137,-3.4277613162994385
23.96,0.0,-12.392548561096191,-4.835525035858154,1.9335819482803345
24.0,0.0,-12.392548561096191,-4.835525035858154,9.931624412536621
24.04,0.0,-12.392548561096191,-12.230666160583496,15.732394218444824
24.080000000000002,0.0,-12.392548561096191,-16.530006408691406,22.32421112060547
24.1,0.0,-12.392548561096191,-16.530006408691406,30.23436164855957
24.14,0.0,-12.392548561096191,-21.553861618041992,38.23240280151367
24.18,0.0,-12.392548561096191,-23.733097076416016,46.669898986816406
24.2,0.0,-12.392548561096191,-24.854328155517578,57.56832504272461
24.240000000000002,0.0,-12.392548561096191,-24.99994468688965,65.39059448242188
24.28,0.0,-12.392548561096191,-24.451648712158203,72.24606323242188
24.3,0.0,-12.392548561096191,-22.807798385620117,78.92574310302734
24.34,0.0,-12.392548561096191,-22.807798385620117,83.23239135742188
24.38,0.0,-12.392548561096191,-18.457111358642578,85.42965698242188
24.42,0.0,-12.392548561096191,-14.48714542388916,86.57223510742188
24.44,0.0,-12.392548561096191,-14.48714542388916,86.3964614868164
24.48,0.0,-12.392548561096191,-7.3687028884887695,86.3085708618164
24.52,0.0,-12.392548561096191,-2.1575634479522705,86.22067260742188
24.54,0.0,-12.392548561096191,-2.1575634479522705,84.90231323242188
24.580000000000002,0.0,-12.392548561096191,5.773164749145508,81.12301635742188
24.62,0.0,-12.392548561096191,10.787795066833496,76.37692260742188
24.64,0.0,-12.392548561096191,10.787795066833496,69.69723510742188
24.68,0.0,-12.392548561096191,17.33401107788086,61.787078857421875
24.72,0.0,-12.392548561096191,20.757369995117188,53.261688232421875
24.740000000000002,0.0,-12.392548561096191,23.239511489868164,42.802703857421875
24.78,0.0,-12.392548561096191,24.089921951293945,34.013641357421875
24.82,0.0,-12.392548561096191,24.959680557250977,25.048799514770508
24.84,0.0,-12.392548561096191,24.691770553588867,15.82028579711914
24.88,0.0,-12.392548561096191,24.13227081298828,8.701151847839355
24.92,0.0,-12.392548561096191,22.19276237487793,2.3730363845825195
24.94,0.0,-12.392548561096191,19.236562728881836,-3.3398704528808594
24.98,0.0,-12.392548561096191,17.417219161987305,-7.470714092254639
25.02,0.0,-12.392548561096191,13.199252128601074,-9.931658744812012
25.04,0.0,-12.392548561096191,8.372600555419922,-10.107439994812012
25.080000000000002,0.0,-12.392548561096191,5.799126625061035,-9.667985916137695
25.1,0.0,-12.392548561096191,0.47943276166915894,-8.701186180114746
25.14,0.0,-12.392548561096191,0.47943276166915894,-4.658234119415283
25.18,0.0,-12.392548561096191,-7.470763206481934,0.08787357062101364
25.22,0.0,-12.392548561096191,-12.39470100402832,6.943334102630615
25.240000000000002,0.0,-12.392548561096191,-16.749086380004883,16.25973892211914
25.28,0.0,-12.392548561096191,-16.749086380004883,26.542945861816406
25.32,0.0,-12.392548561096191,-21.778913497924805,34.277313232421875
25.34,0.0,-12.392548561096191,-23.902029037475586,43.681610107421875
25.38,0.0,-12.392548561096191,-24.552324295043945,52.646453857421875
25.42,0.0,-12.392548561096191,-24.99125099182129,61.171844482421875
25.44,0.0,-12.392548561096191,-24.267990112304688,68.64254760742188
25.48,0.0,-12.392548561096191,-23.478260040283203,75.32223510742188
25.52,0.0,-12.392548561096191,-21.087236404418945,79.54097747802734
25.54,0.0,-12.392548561096191,-21.087236404418945,82.44137573242188
25.580000000000002,0.0,-12.392548561096191,-19.51338005065918,83.58395385742188
25.62,0.0,-12.392548561096191,-11.14940357208252,85.51753997802734
25.64,0.0,-12.392548561096191,-11.14940357208252,85.51753997802734
25.68,0.0,-12.392548561096191,-3.4130053520202637,85.25387573242188
25.72,0.0,-12.392548561096191,2.000558614730835,84.55075073242188
25.740000000000002,0.0,-12.392548561096191,2.000558614730835,80.59567260742188
25.78,0.0,-12.392548561096191,4.689291954040527,75.41012573242188
25.82,0.0,-12.392548561096191,9.872498512268066,70.40036010742188
25.84,0.0,-12.392548561096191,18.631513595581055,63.017547607421875
25.88,0.0,-12.392548561096191,18.631513595581055,53.876922607421875
25.92,0.0,-12.392548561096191,22.99454689025879,46.230445861816406
25.96,0.0,-12.392548561096191,24.57174301147461,36.298805236816406
26.0,0.0,-12.392548561096191,24.57174301147461,25.57614517211914
26.04,0.0,-12.392548561096191,24.92716407775879,13.974576950073242
26.060000000000002,0.0,-12.392548561096191,22.297969818115234,4.746062278747559
26.1,0.0,-12.392548561096191,22.297969818115234,-2.28518009185791
26.14,0.0,-12.392548561096191,17.47139549255371,-9.052749633789062
26.18,0.0,-12.392548561096191,13.17575740814209,-13.447293281555176
26.2,0.0,-12.392548561096191,10.777280807495117,-15.732429504394531
26.240000000000002,0.0,-12.392548561096191,5.621366500854492,-16.435556411743164
26.26,0.0,-12.392548561096191,0.19358469545841217,-16.347665786743164
26.3,0.0,-12.392548561096191,-2.5414810180664062,-16.259775161743164
26.34,0.0,-12.392548561096191,-7.8902459144592285,-13.271512031555176
26.36,0.0,-12.392548561096191,-12.86424446105957,-7.822277545928955
26.400000000000002,0.0,-12.392548561096191,-15.13488483428955,-2.6367435455322266
26.44,0.0,-12.392548561096191,-19.106334686279297,4.482389450073242
26.46,0.0,-12.392548561096191,-22.16157341003418,13.447259902954102
26.5,0.0,-12.392548561096191,-23.29717254638672,23.378873825073242
26.52,0.0,-12.392548561096191,-24.71462631225586,31.201162338256836
26.560000000000002,0.0,-12.392548561096191,-24.71462631225586,43.242156982421875
26.6,0.0,-12.392548561096191,-24.600589752197266,53.261688232421875
26.62,0.0,-12.392548561096191,-23.033092498779297,62.84176254272461
26.66,0.0,-12.392548561096191,-23.033092498779297,71.80661010742188
26.7,0.0,-12.392548561096191,-18.627845764160156,79.18942260742188
26.740000000000002,0.0,-12.392548561096191,-14.526219367980957,84.46286010742188
26.76,0.0,-12.392548561096191,-9.716699600219727,89.12105560302734
26.8,0.0,-12.392548561096191,-7.118051052093506,90.4394302368164
26.84,0.0,-12.392548561096191,-1.6904970407485962,90.4394302368164
26.86,0.0,-12.392548561096191,3.8228399753570557,90.17575073242188
26.900000000000002,0.0,-12.392548561096191,6.5275349617004395,89.38473510742188
26.94,0.0,-12.392548561096191,11.667683601379395,86.7480239868164
26.96,0.0,-12.392548561096191,16.24094009399414,81.29879760742188
27.0,0.0,-12.392548561096191,18.243350982666016,75.58590698242188
27.04,0.0,-12.392548561096191,21.556182861328125,69.16989135742188
27.060000000000002,0.0,-12.392548561096191,21.556182861328125,58.35934066772461
27.1,0.0,-12.392548561096191,24.510549545288086,50.185516357421875
27.14,0.0,-12.392548561096191,24.99285316467285,40.4296760559082
27.16,0.0,-12.392548561096191,24.99285316467285,29.619125366210938
27.2,0.0,-12.392548561096191,23.420698165893555,19.599592208862305
27.240000000000002,0.0,-12.392548561096191,20.914072036743164,12.04100513458252
27.26,0.0,-12.392548561096191,20.914072036743164,2.636708974838257
27.3,0.0,-12.392548561096191,15.268754959106445,-3.867216110229492
27.34,0.0,-12.392548561096191,10.516709327697754,-10.986349105834961
27.36,0.0,-12.392548561096191,10.516709327697754,-16.523447036743164
27.400000000000002,0.0,-12.392548561096191,7.928579330444336,-19.511735916137695
27.44,0.0,-12.392548561096191,-3.0798003673553467,-20.39064598083496
27.46,0.0,-12.392548561096191,-8.497960090637207,-20.39064598083496
27.5,0.0,-12.392548561096191,-8.497960090637207,-20.39064598083496
27.54,0.0,-12.392548561096191,-15.760300636291504,-18.808609008789062
27.580000000000002,0.0,-12.392548561096191,-19.672428131103516,-14.150420188903809
27.6,0.0,-12.392548561096191,-22.60590171813965,-7.1191511154174805
27.64,0.0,-12.392548561096191,-22.60590171813965,0.17576444149017334
27.68,0.0,-12.392548561096191,-23.657176971435547,8.349588394165039
27.7,0.0,-12.392548561096191,-24.823280334472656,16.611303329467773
27.740000000000002,0.0,-12.392548561096191,-24.823280334472656,27.86130714416504
27.78,0.0,-12.392548561096191,-24.335289001464844,37.61716842651367
27.82,0.0,-12.392548561096191,-19.43863868713379,48.07613754272461
27.84,0.0,-12.392548561096191,-15.447623252868652,60.908172607421875
27.88,0.0,-12.392548561096191,-15.447623252868652,69.43355560302734
27.92,0.0,-12.392548561096191,-13.145586013793945,77.34371948242188
27.96,0.0,-12.392548561096191,-2.5892834663391113,83.4081802368164
28.0,0.0,-12.392548561096191,3.0280232429504395,88.76949310302734
28.02,0.0,-12.392548561096191,3.0280232429504395,90.79098510742188
28.060000000000002,0.0,-12.392548561096191,5.798234939575195,90.79098510742188
28.1,0.0,-12.392548561096191,11.08639907836914,90.52731323242188
28.12,0.0,-12.392548561096191,19.74769401550293,89.82418823242188
28.16,0.0,-12.392548561096191,19.74769401550293,87.01168823242188
28.2,0.0,-12.392548561096191,23.720184326171875,82.70504760742188
28.22,0.0,-12.392548561096191,24.88649559020996,77.08004760742188
28.26,0.0,-12.392548561096191,24.88649559020996,69.69723510742188
28.3,0.0,-12.392548561096191,24.996065139770508,61.25973129272461
28.34,0.0,-12.392548561096191,22.284963607788086,51.943328857421875
28.36,0.0,-12.392548561096191,19.17081642150879,40.3417854309082
28.400000000000002,0.0,-12.392548561096191,19.17081642150879,30.761707305908203
28.44,0.0,-12.392548561096191,12.720849990844727,22.148427963256836
28.48,0.0,-12.392548561096191,7.553666591644287,15.292940139770508
28.5,0.0,-12.392548561096191,1.9957551956176758,7.910134315490723
28.54,0.0,-12.392548561096191,1.9957551956176758,2.4609272480010986
28.580000000000002,0.0,-12.392548561096191,-0.8411521911621094,-0.08790817856788635
28.62,0.0,-12.392548561096191,-11.72767448425293,-1.3183804750442505
28.64,0.0,-12.392548561096191,-16.405654907226562,-1.2304894924163818
28.68,0.0,-12.392548561096191,-16.405654907226562,-0.08790817856788635
28.72,0.0,-12.392548561096191,-21.77659797668457,3.603508234024048
28.76,0.0,-12.392548561096191,-23.987680435180664,7.910134315490723
28.8,0.0,-12.392548561096191,-23.987680435180664,15.029267311096191
28.84,0.0,-12.392548561096191,-24.633018493652344,25.57614517211914
28.86,0.0,-12.392548561096191,-23.03667449951172,34.540985107421875
28.900000000000002,0.0,-12.392548561096191,-21.779878616333008,44.38473892211914
28.94,0.0,-12.392548561096191,-18.433210372924805,54.66793441772461
28.96,0.0,-12.392548561096191,-14.125143051147461,65.30269622802734
29.0,0.0,-12.392548561096191,-11.678498268127441,72.86129760742188
29.02,0.0,-12.392548561096191,-6.358681678771973,79.80465698242188
29.060000000000002,0.0,-12.392548561096191,-6.358681678771973,86.48434448242188
29.1,0.0,-12.392548561096191,2.157694101333618,90.61520385742188
29.14,0.0,-12.392548561096191,7.760908603668213,92.10933685302734
29.16,0.0,-12.392548561096191,12.961119651794434,92.10933685302734
29.2,0.0,-12.392548561096191,15.32346248626709,91.93356323242188
29.240000000000002,0.0,-12.392548561096191,19.416831970214844,91.93356323242188
29.28,0.0,-12.392548561096191,22.492727279663086,88.85739135742188
29.32,0.0,-12.392548561096191,24.387489318847656,83.49606323242188
29.34,0.0,-12.392548561096191,24.857494354248047,76.99215698242188
29.38,0.0,-12.392548561096191,24.810302734375,69.96090698242188
29.42,0.0,-12.392548561096191,23.454153060913086,60.64449691772461
29.44,0.0,-12.392548561096191,23.454153060913086,51.064422607421875
29.48,0.0,-12.392548561096191,19.135217666625977,39.90232849121094
29.52,0.0,-12.392548561096191,14.951654434204102,32.08007049560547
29.54,0.0,-12.392548561096191,9.973335266113281,21.357410430908203
29.580000000000002,0.0,-12.392548561096191,7.266909122467041,14.853485107421875
29.62,0.0,-12.392548561096191,1.5985910892486572,8.525370597839355
29.66,0.0,-12.392548561096191,-4.15812349319458,2.3730363845825195
29.68,0.0,-12.392548561096191,-6.973721504211426,-0.9668169021606445
29.72,0.0,-12.392548561096191,-12.291647911071777,-2.7246344089508057
29.76,0.0,-12.392548561096191,-16.957504272460938,-2.900416135787964
29.78,0.0,-12.392548561096191,-16.957504272460938,-2.021507501602173
29.84,0.0,-12.392548561096191,-18.965993881225586,2.2851455211639404
29.86,0.0,-12.392548561096191,-24.788528442382812,7.558570861816406
29.900000000000002,0.0,-12.392548561096191,-24.788528442382812,14.062468528747559
29.94,0.0,-12.392548561096191,-24.408754348754883,22.499990463256836
29.98,0.0,-12.392548561096191,-22.509607315063477,29.531234741210938
30.02,0.0,-12.392548561096191,-19.39971351623535,41.74803924560547
30.04,0.0,-12.392548561096191,-15.24419116973877,52.55855941772461
30.080000000000002,0.0,-12.392548561096191,-15.24419116973877,62.578086853027344
30.12,0.0,-12.392548561096191,-7.5485734939575195,68.55465698242188
30.14,0.0,-12.392548561096191,-1.844832181930542,74.44332885742188
30.18,0.0,-12.392548561096191,-1.844832181930542,79.27730560302734
30.22,0.0,-12.392548561096191,1.0653727054595947,80.94723510742188
30.240000000000002,0.0,-12.392548561096191,12.181230545043945,81.38668823242188
30.28,0.0,-12.392548561096191,12.181230545043945,81.29879760742188
30.32,0.0,-12.392548561096191,18.930442810058594,80.68356323242188
30.34,0.0,-12.392548561096191,22.19594383239746,77.87106323242188
30.38,0.0,-12.392548561096191,22.19594383239746,72.50972747802734
30.42,0.0,-12.392548561096191,24.998600006103516,64.77536010742188
30.46,0.0,-12.392548561096191,24.858604431152344,56.425750732421875
30.5,0.0,-12.392548561096191,23.564802169799805,49.218719482421875
30.54,0.0,-12.392548561096191,20.983745574951172,37.61716842651367
30.560000000000002,0.0,-12.392548561096191,20.983745574951172,27.59763526916504
30.6,0.0,-12.392548561096191,15.01965618133545,18.720684051513672
30.64,0.0,-12.392548561096191,9.963055610656738,10.898423194885254
30.68,0.0,-12.392548561096191,4.357216835021973,3.603508234024048
30.7,0.0,-12.392548561096191,4.357216835021973,-2.197289228439331
30.740000000000002,0.0,-12.392548561096191,-4.40602445602417,-5.800815105438232
30.78,0.0,-12.392548561096191,-10.016663551330566,-7.998059272766113
30.82,0.0,-12.392548561096191,-15.079150199890137,-8.085949897766113
30.84,0.0,-12.392548561096191,-19.313430786132812,-7.1191511154174805
30.88,0.0,-12.392548561096191,-21.04436492919922,-5.185579299926758
30.92,0.0,-12.392548561096191,-23.613069534301758,-0.8789260387420654
30.96,0.0,-12.392548561096191,-24.87773895263672,6.240207195281982
30.98,0.0,-12.392548561096191,-24.87773895263672,13.974576950073242
31.04,0.0,-12.392548561096191,-24.995500564575195,25.927709579467773
31.060000000000002,0.0,-12.392548561096191,-24.192169189453125,36.386695861816406
31.1,0.0,-12.392548561096191,-18.675973892211914,46.75779342651367
31.14,0.0,-12.392548561096191,-14.265007972717285,56.777313232421875
31.16,0.0,-12.392548561096191,-9.057494163513184,66.62106323242188
31.2,0.0,-12.392548561096191,-6.2439284324646,74.09175872802734
31.240000000000002,0.0,-12.392548561096191,-0.39281386137008667,80.24411010742188
31.28,0.0,-12.392548561096191,5.483684062957764,86.7480239868164
31.3,0.0,-12.392548561096191,5.483684062957764,89.99996185302734
31.34,0.0,-12.392548561096191,8.328415870666504,90.17575073242188
31.38,0.0,-12.392548561096191,18.17453384399414,89.99996185302734
31.42,0.0,-12.392548561096191,21.701396942138672,89.91207885742188
31.44,0.0,-12.392548561096191,24.01235580444336,87.27536010742188
31.48,0.0,-12.392548561096191,24.01235580444336,82.52926635742188
31.52,0.0,-12.392548561096191,24.930665969848633,76.8163833618164
31.54,0.0,-12.392548561096191,23.79035758972168,70.40036010742188
31.580000000000002,0.0,-12.392548561096191,23.79035758972168,60.64449691772461
31.62,0.0,-12.392548561096191,19.60485076904297,52.55855941772461
31.64,0.0,-12.392548561096191,15.390727043151855,43.242156982421875
31.68,0.0,-12.392548561096191,15.390727043151855,33.04684066772461
31.720000000000002,0.0,-12.392548561096191,12.939592361450195,23.466764450073242
31.76,0.0,-12.392548561096191,7.521605014801025,17.490211486816406
31.8,0.0,-12.392548561096191,-4.270955562591553,11.601550102233887
31.82,0.0,-12.392548561096191,-4.270955562591553,6.415988922119141
31.86,0.0,-12.392548561096191,-12.638627052307129,4.042935371398926
31.900000000000002,0.0,-12.392548561096191,-17.386871337890625,3.603508234024048
31.92,0.0,-12.392548561096191,-19.405807495117188,3.779289960861206
31.96,0.0,-12.392548561096191,-22.588369369506836,4.6581711769104
32.0,0.0,-12.392548561096191,-24.484508514404297,8.789043426513672
32.02,0.0,-12.392548561096191,-24.983675003051758,14.677703857421875
32.06,0.0,-12.392548561096191,-24.69650650024414,21.796863555908203
32.1,0.0,-12.392548561096191,-23.067636489868164,28.652326583862305
32.14,0.0,-12.392548561096191,-20.11673927307129,38.40818405151367
32.160000000000004,0.0,-12.392548561096191,-20.11673927307129,49.74605941772461
32.2,0.0,-12.392548561096191,-13.595220565795898,60.11715316772461
32.22,0.0,-12.392548561096191,-8.21193790435791,66.97262573242188
32.26,0.0,-12.392548561096191,-8.21193790435791,75.49801635742188
32.3,0.0,-12.392548561096191,-5.321444034576416,81.38668823242188
32.32,0.0,-12.392548561096191,6.586974143981934,85.78121948242188
32.36,0.0,-12.392548561096191,9.435236930847168,88.24215698242188
32.4,0.0,-12.392548561096191,14.685052871704102,88.76949310302734
32.44,0.0,-12.392548561096191,19.089433670043945,88.76949310302734
32.46,0.0,-12.392548561096191,19.089433670043945,88.33004760742188
32.5,0.0,-12.392548561096191,23.567127227783203,85.34176635742188
32.54,0.0,-12.392548561096191,24.877927780151367,80.77145385742188
32.56,0.0,-12.392548561096191,24.746150970458984,74.17964935302734
32.6,0.0,-12.392548561096191,24.137598037719727,68.11520385742188
32.64,0.0,-12.392548561096191,21.877824783325195,58.974578857421875
32.660000000000004,0.0,-12.392548561096191,18.34373664855957,49.570281982421875
32.7,0.0,-12.392548561096191,18.34373664855957,38.84763717651367
32.74,0.0,-12.392548561096191,11.116387367248535,31.025379180908203
32.78,0.0,-12.392548561096191,5.4212965965271,22.85155487060547
32.82,0.0,-12.392548561096191,-0.593824565410614,16.611303329467773
32.84,0.0,-12.392548561096191,-6.577676773071289,12.392568588256836
32.88,0.0,-12.392548561096191,-6.577676773071289,10.107406616210938
32.92,0.0,-12.392548561096191,-14.733419418334961,9.667951583862305
32.94,0.0,-12.392548561096191,-19.15778350830078,9.843733787536621
32.980000000000004,0.0,-12.392548561096191,-20.962907791137695,10.458970069885254
33.02,0.0,-12.392548561096191,-23.62512969970703,13.710905075073242
33.04,0.0,-12.392548561096191,-24.898845672607422,20.039047241210938
33.08,0.0,-12.392548561096191,-24.98746681213379,26.806615829467773
33.12,0.0,-12.392548561096191,-24.060104370117188,32.871089935302734
33.14,0.0,-12.392548561096191,-21.712451934814453,43.33004379272461
33.18,0.0,-12.392548561096191,-20.045482635498047,52.998016357421875
33.22,0.0,-12.392548561096191,-15.847110748291016,62.578086853027344
33.24,0.0,-12.392548561096191,-10.708490371704102,70.57614135742188
33.28,0.0,-12.392548561096191,-7.8794846534729,77.95895385742188
33.32,0.0,-12.392548561096191,-1.9111634492874146,82.88082885742188
33.34,0.0,-12.392548561096191,4.174004077911377,87.01168823242188
33.38,0.0,-12.392548561096191,7.147192001342773,88.15426635742188
33.42,0.0,-12.392548561096191,12.733406066894531,88.06637573242188
33.46,0.0,-12.392548561096191,17.564851760864258,87.89059448242188
33.480000000000004,0.0,-12.392548561096191,21.352293014526367,85.60543823242188
33.52,0.0,-12.392548561096191,21.352293014526367,79.98043823242188
33.56,0.0,-12.392548561096191,24.59797477722168,74.61911010742188
33.6,0.0,-12.392548561096191,24.946321487426758,68.37887573242188
33.62,0.0,-12.392548561096191,24.946321487426758,57.12887191772461
33.660000000000004,0.0,-12.392548561096191,22.687604904174805,49.74605941772461
33.7,0.0,-12.392548561096191,19.455490112304688,40.5175666809082
33.72,0.0,-12.392548561096191,15.054030418395996,30.67381477355957
33.76,0.0,-12.392548561096191,15.054030418395996,20.917957305908203
33.8,0.0,-12.392548561096191,6.848989009857178,15.117158889770508
33.84,0.0,-12.392548561096191,0.7881482839584351,9.931624412536621
33.86,0.0,-12.392548561096191,0.7881482839584351,5.273407459259033
33.9,0.0,-12.392548561096191,-8.282965660095215,3.2519450187683105
33.94,0.0,-12.392548561096191,-13.784832954406738,2.900381565093994
33.96,0.0,-12.392548561096191,-18.456863403320312,3.0761632919311523
34.0,0.0,-12.392548561096191,-18.456863403320312,5.62497091293335
34.04,0.0,-12.392548561096191,-23.305400848388672,9.755843162536621
34.08,0.0,-12.392548561096191,-24.809661865234375,15.029267311096191
34.1,0.0,-12.392548561096191,-24.80959701538086,23.554655075073242
34.14,0.0,-12.392548561096191,-24.241025924682617,30.32225227355957
34.18,0.0,-12.392548561096191,-22.008411407470703,39.19920349121094
34.2,0.0,-12.392548561096191,-22.008411407470703,50.185516357421875
34.24,0.0,-12.392548561096191,-20.37782096862793,62.92965316772461
34.28,0.0,-12.392548561096191,-11.053407669067383,70.75192260742188
34.300000000000004,0.0,-12.392548561096191,-5.218659400939941,78.48629760742188
34.34,0.0,-12.392548561096191,-5.218659400939941,85.42965698242188
34.38,0.0,-12.392548561096191,4.020056247711182,90.4394302368164
34.42,0.0,-12.392548561096191,9.954816818237305,92.81246948242188
34.44,0.0,-12.392548561096191,15.283060073852539,93.07614135742188
34.480000000000004,0.0,-12.392548561096191,17.61530113220215,92.98825073242188
34.5,0.0,-12.392548561096191,21.436010360717773,92.9003677368164
34.54,0.0,-12.392548561096191,22.86509895324707,91.6698989868164
34.58,0.0,-12.392548561096191,24.64946174621582,88.68160247802734
34.6,0.0,-12.392548561096191,24.64946174621582,83.49606323242188
34.64,0.0,-12.392548561096191,24.473831176757812,76.99215698242188
34.660000000000004,0.0,-12.392548561096191,22.46204948425293,70.57614135742188
34.7,0.0,-12.392548561096191,20.92478370666504,62.49020767211914
34.72,0.0,-12.392548561096191,16.904767990112305,53.876922607421875
34.76,0.0,-12.392548561096191,16.904767990112305,44.38473892211914
34.800000000000004,0.0,-12.392548561096191,9.006335258483887,35.771461486816406
34.82,0.0,-12.392548561096191,2.9680159091949463,29.179670333862305
34.86,0.0,-12.392548561096191,2.9680159091949463,22.060537338256836
34.9,0.0,-12.392548561096191,-6.319998741149902,17.490211486816406
34.94,0.0,-12.392548561096191,-12.105413436889648,14.589813232421875
34.96,0.0,-12.392548561096191,-17.14139747619629,13.447259902954102
35.0,0.0,-12.392548561096191,-17.14139747619629,13.535149574279785
35.04,0.0,-12.392548561096191,-22.619115829467773,14.326140403747559
35.06,0.0,-12.392548561096191,-24.55210304260254,17.402320861816406
35.1,0.0,-12.392548561096191,-24.55210304260254,23.11522674560547
35.14,0.0,-12.392548561096191,-24.5674991607666,28.564434051513672
35.160000000000004,0.0,-12.392548561096191,-22.650325775146484,35.33200454711914
35.2,0.0,-12.392548561096191,-22.650325775146484,45.52731704711914
35.24,0.0,-12.392548561096191,-17.175432205200195,54.49215316772461
35.26,0.0,-12.392548561096191,-12.122983932495117,64.16012573242188
35.300000000000004,0.0,-12.392548561096191,-12.122983932495117,73.21286010742188
35.34,0.0,-12.392548561096191,-3.2246367931365967,80.59567260742188
35.36,0.0,-12.392548561096191,3.0453097820281982,86.04489135742188
35.4,0.0,-12.392548561096191,3.0453097820281982,90.61520385742188
35.44,0.0,-12.392548561096191,11.976313591003418,91.7577896118164
35.46,0.0,-12.392548561096191,17.06642723083496,91.8456802368164
35.5,0.0,-12.392548561096191,17.06642723083496,91.7577896118164
35.54,0.0,-12.392548561096191,22.6037540435791,90.96676635742188
35.58,0.0,-12.392548561096191,24.5537052154541,88.33004760742188
35.62,0.0,-12.392548561096191,24.95027732849121,83.49606323242188
35.64,0.0,-12.392548561096191,24.553443908691406,77.2558364868164
35.68,0.0,-12.392548561096191,22.599355697631836,70.83981323242188
35.7,0.0,-12.392548561096191,19.20943832397461,61.25973129272461
35.74,0.0,-12.392548561096191,17.039369583129883,52.910125732421875
35.78,0.0,-12.392548561096191,11.920345306396484,45.08786392211914
35.800000000000004,0.0,-12.392548561096191,6.0395965576171875,35.94723892211914
35.84,0.0,-12.392548561096191,2.929007053375244,30.14647102355957
35.88,0.0,-12.392548561096191,-3.384880304336548,24.873018264770508
35.9,0.0,-12.392548561096191,-9.486143112182617,21.445301055908203
35.94,0.0,-12.392548561096191,-9.486143112182617,20.390609741210938
35.980000000000004,0.0,-12.392548561096191,-17.39514923095703,20.47850227355957
36.02,0.0,-12.392548561096191,-21.34553337097168,20.917957305908203
36.04,0.0,-12.392548561096191,-23.92998504638672,23.642545700073242
36.08,0.0,-12.392548561096191,-24.653711318969727,27.77341651916504
36.1,0.0,-12.392548561096191,-24.904441833496094,32.25585174560547
36.14,0.0,-12.392548561096191,-24.426734924316406,40.1660041809082
36.18,0.0,-12.392548561096191,-22.30193519592285,47.900360107421875
36.2,0.0,-12.392548561096191,-18.74018096923828,59.501922607421875
36.24,0.0,-12.392548561096191,-18.74018096923828,68.81832885742188
36.28,0.0,-12.392548561096191,-11.222219467163086,78.22262573242188
36.32,0.0,-12.392548561096191,-5.228903293609619,84.46286010742188
36.34,0.0,-12.392548561096191,1.105639100074768,91.05465698242188
36.38,0.0,-12.392548561096191,1.105639100074768,94.30661010742188
36.42,0.0,-12.392548561096191,4.273149013519287,94.74606323242188
36.46,0.0,-12.392548561096191,4.273149013519287,94.74606323242188
36.5,0.0,-12.392548561096191,20.154891967773438,94.57027435302734
36.52,0.0,-12.392548561096191,21.875442504882812,93.77925872802734
36.56,0.0,-12.392548561096191,24.22491455078125,91.3183364868164
36.6,0.0,-12.392548561096191,24.999526977539062,86.57223510742188
36.64,0.0,-12.392548561096191,24.999526977539062,78.39840698242188
36.660000000000004,0.0,-12.392548561096191,23.121545791625977,71.36715698242188
36.7,0.0,-12.392548561096191,19.958131790161133,63.54488754272461
36.72,0.0,-12.392548561096191,15.489428520202637,52.998016357421875
36.76,0.0,-12.392548561096191,12.853351593017578,44.99997329711914
36.800000000000004,0.0,-12.392548561096191,6.992430210113525,36.914039611816406
36.82,0.0,-12.392548561096191,0.6703495383262634,29.443344116210938
36.86,0.0,-12.392548561096191,0.6703495383262634,23.20311737060547
36.9,0.0,-12.392548561096191,-8.770397186279297,19.423810958862305
36.94,0.0,-12.392548561096191,-14.43335247039795,17.57810401916504
36.96,0.0,-12.392548561096191,-14.43335247039795,17.138648986816406
37.0,0.0,-12.392548561096191,-21.05368995666504,17.402320861816406
37.04,0.0,-12.392548561096191,-23.7917423248291,18.36911964416504
37.06,0.0,-12.392548561096191,-23.7917423248291,22.23632049560547
37.1,0.0,-12.392548561096191,-24.93128776550293,26.806615829467773
37.14,0.0,-12.392548561096191,-23.635713577270508,32.25585174560547
37.160000000000004,0.0,-12.392548561096191,-23.635713577270508,41.8359260559082
37.2,0.0,-12.392548561096191,-18.815715789794922,50.009735107421875
37.24,0.0,-12.392548561096191,-13.991158485412598,60.46871566772461
37.26,0.0,-12.392548561096191,-13.991158485412598,69.43355560302734
37.300000000000004,0.0,-12.392548561096191,-5.127419948577881,77.34371948242188
37.34,0.0,-12.392548561096191,1.2964121103286743,82.96871948242188
37.36,0.0,-12.392548561096191,7.63752555847168,88.15426635742188
37.4,0.0,-12.392548561096191,7.63752555847168,90.26364135742188
37.44,0.0,-12.392548561096191,16.078826904296875,90.26364135742188
37.46,0.0,-12.392548561096191,20.444599151611328,90.17575073242188
37.5,0.0,-12.392548561096191,22.131744384765625,89.64839935302734
37.54,0.0,-12.392548561096191,24.37226104736328,87.45114135742188
37.56,0.0,-12.392548561096191,24.98492431640625,82.70504760742188
37.6,0.0,-12.392548561096191,24.662790298461914,76.99215698242188
37.64,0.0,-12.392548561096191,22.7868595123291,70.48824310302734
37.660000000000004,0.0,-12.392548561096191,22.7868595123291,60.996063232421875
37.7,0.0,-12.392548561096191,17.17442512512207,52.734344482421875
37.74,0.0,-12.392548561096191,11.929736137390137,44.64841079711914
37.76,0.0,-12.392548561096191,5.880484580993652,35.59567642211914
37.800000000000004,0.0,-12.392548561096191,2.6794960498809814,29.882797241210938
37.82,0.0,-12.392548561096191,-3.8060684204101562,24.873018264770508
37.86,0.0,-12.392548561096191,-3.8060684204101562,21.00584602355957
37.9,0.0,-12.392548561096191,-6.9809889793396,19.599592208862305
37.94,0.0,-12.392548561096191,-18.003746032714844,19.599592208862305
37.96,0.0,-12.392548561096191,-21.866575241088867,19.863265991210938
38.0,0.0,-12.392548561096191,-21.866575241088867,22.58788299560547
38.04,0.0,-12.392548561096191,-24.835710525512695,26.279272079467773
38.06,0.0,-12.392548561096191,-24.732669830322266,31.201162338256836
38.1,0.0,-12.392548561096191,-24.047250747680664,38.23240280151367
38.14,0.0,-12.392548561096191,-21.465105056762695,46.406227111816406
38.160000000000004,0.0,-12.392548561096191,-21.465105056762695,57.304656982421875
38.2,0.0,-12.392548561096191,-14.936622619628906,66.35739135742188
38.24,0.0,-12.392548561096191,-9.242547035217285,74.97067260742188
38.26,0.0,-12.392548561096191,-9.242547035217285,83.84761810302734
38.300000000000004,0.0,-12.392548561096191,0.3512570559978485,91.05465698242188
38.34,0.0,-12.392548561096191,6.814047813415527,95.53707885742188
38.36,0.0,-12.392548561096191,12.81480884552002,97.47066497802734
38.4,0.0,-12.392548561096191,12.81480884552002,97.64645385742188
38.44,0.0,-12.392548561096191,20.065698623657227,97.64645385742188
38.46,0.0,-12.392548561096191,23.24795913696289,97.55856323242188
38.5,0.0,-12.392548561096191,23.24795913696289,97.11911010742188
38.54,0.0,-12.392548561096191,24.99620819091797,93.51559448242188
38.58,0.0,-12.392548561096191,24.024490356445312,89.29684448242188
38.6,0.0,-12.392548561096191,21.40049934387207,82.35348510742188
38.64,0.0,-12.392548561096191,21.40049934387207,73.74020385742188
38.68,0.0,-12.392548561096191,14.784150123596191,66.35739135742188
38.7,0.0,-12.392548561096191,9.026267051696777,57.040985107421875
38.74,0.0,-12.392548561096191,5.885778903961182,50.800750732421875
38.78,0.0,-12.392548561096191,-0.6476518511772156,44.47262954711914
38.82,0.0,-12.392548561096191,-7.139763355255127,38.32029342651367
38.84,0.0,-12.392548561096191,-7.139763355255127,35.41989517211914
38.88,0.0,-12.392548561096191,-15.82573127746582,34.80466079711914
38.92,0.0,-12.392548561096191,-20.328548431396484,34.98044204711914
38.96,0.0,-12.392548561096191,-23.423261642456055,35.41989517211914
38.980000000000004,0.0,-12.392548561096191,-24.370439529418945,39.11131286621094
39.02,0.0,-12.392548561096191,-24.98046875,43.505828857421875
39.04,0.0,-12.392548561096191,-23.852922439575195,49.482391357421875
39.08,0.0,-12.392548561096191,-22.656585693359375,57.480438232421875
39.12,0.0,-12.392548561096191,-19.101402282714844,65.21481323242188
39.14,0.0,-12.392548561096191,-14.211902618408203,74.97067260742188
39.18,0.0,-12.392548561096191,-14.211902618408203,83.84761810302734
39.22,0.0,-12.392548561096191,-5.138082027435303,91.3183364868164
39.26,0.0,-12.392548561096191,1.4562342166900635,95.71286010742188
39.300000000000004,0.0,-12.392548561096191,7.952045917510986,97.38278198242188
39.32,0.0,-12.392548561096191,7.952045917510986,97.55856323242188
39.36,0.0,-12.392548561096191,16.52419090270996,97.55856323242188
39.4,0.0,-12.392548561096191,20.87161636352539,97.47066497802734
39.42,0.0,-12.392548561096191,20.87161636352539,96.3281021118164
39.46,0.0,-12.392548561096191,24.578115463256836,93.07614135742188
39.5,0.0,-12.392548561096191,24.915664672851562,88.76949310302734
39.54,0.0,-12.392548561096191,23.49765968322754,81.56246948242188
39.56,0.0,-12.392548561096191,23.49765968322754,72.94918823242188
39.6,0.0,-12.392548561096191,18.32415199279785,64.86324310302734
39.64,0.0,-12.392548561096191,13.195626258850098,55.89840316772461
39.660000000000004,0.0,-12.392548561096191,13.195626258850098,47.812469482421875
39.7,0.0,-12.392548561096191,3.8797414302825928,40.6933479309082
39.74,0.0,-12.392548561096191,-2.7735512256622314,36.03512954711914
39.76,0.0,-12.392548561096191,-2.7735512256622314,31.90428924560547
39.800000000000004,0.0,-12.392548561096191,-12.246376991271973,30.32225227355957
39.84,0.0,-12.392548561096191,-17.569005966186523,29.882797241210938
39.86,0.0,-12.392548561096191,-21.645151138305664,30.05858039855957
39.9,0.0,-12.392548561096191,-21.645151138305664,31.728506088256836
39.94,0.0,-12.392548561096191,-24.812543869018555,36.03512954711914
39.980000000000004,0.0,-12.392548561096191,-24.73653221130371,41.66014862060547
40.0,0.0,-12.392548561096191,-24.73653221130371,49.65816879272461
40.04,0.0,-12.392548561096191,-21.347755432128906,58.09566879272461
40.06,0.0,-12.392548561096191,-17.136802673339844,66.18161010742188
40.1,0.0,-12.392548561096191,-14.54820728302002,74.44332885742188
40.14,0.0,-12.392548561096191,-8.635417938232422,82.08981323242188
40.160000000000004,0.0,-12.392548561096191,-2.100653648376465,89.64839935302734
40.2,0.0,-12.392548561096191,1.254643201828003,94.21871948242188
40.22,0.0,-12.392548561096191,7.839906692504883,96.06442260742188
40.26,0.0,-12.392548561096191,7.839906692504883,96.2402114868164
40.300000000000004,0.0,-12.392548561096191,16.529712677001953,96.2402114868164
40.32,0.0,-12.392548561096191,20.921600341796875,96.15231323242188
40.36,0.0,-12.392548561096191,20.921600341796875,94.92184448242188
40.4,0.0,-12.392548561096191,24.616817474365234,91.93356323242188
40.42,0.0,-12.392548561096191,24.88922119140625,87.62692260742188
40.46,0.0,-12.392548561096191,24.347518920898438,82.08981323242188
40.5,0.0,-12.392548561096191,21.955524444580078,75.05856323242188
40.52,0.0,-12.392548561096191,17.973739624023438,66.26950073242188
40.56,0.0,-12.392548561096191,17.973739624023438,55.45895004272461
40.6,0.0,-12.392548561096191,9.672404289245605,48.60348129272461
40.62,0.0,-12.392548561096191,3.1681437492370605,41.48436737060547
40.660000000000004,0.0,-12.392548561096191,-0.20209574699401855,36.298805236816406
40.7,0.0,-12.480466842651367,-6.872686386108398,32.60741424560547
40.72,0.0,-12.392548561096191,-13.046830177307129,29.882797241210938
40.76,0.0,-12.480466842651367,-15.804718971252441,29.443344116210938
40.800000000000004,0.0,-12.480466842651367,-20.40987205505371,29.619125366210938
40.82,0.0,-12.392548561096191,-23.52901840209961,30.49803352355957
40.86,0.0,-12.480466842651367,-24.45472526550293,34.013641357421875
40.9,0.0,-12.392548561096191,-24.9521484375,39.46287536621094
40.94,0.0,-12.480466842651367,-23.625455856323242,47.109352111816406
40.96,0.0,-12.392548561096191,-20.56890869140625,57.65621566772461
41.0,0.0,-12.392548561096191,-20.56890869140625,67.23629760742188
41.04,0.0,-12.392548561096191,-13.255630493164062,76.37692260742188
41.08,0.0,-12.392548561096191,-7.079380512237549,84.63863372802734
41.1,0.0,-12.392548561096191,-0.3799305856227875,93.77925872802734
41.14,0.0,-12.392548561096191,-0.3799305856227875,98.52535247802734
41.18,0.0,-12.392548561096191,9.572360038757324,101.1620864868164
41.22,0.0,-12.392548561096191,15.430196762084961,102.3925552368164
41.24,0.0,-12.392548561096191,17.95780372619629,102.48043823242188
41.28,0.0,-12.392548561096191,21.976043701171875,102.48043823242188
41.32,0.0,-12.392548561096191,24.373584747314453,102.21676635742188
41.34,0.0,-12.568329811096191,24.373584747314453,100.7226333618164
41.38,0.0,-12.919893264770508,24.574031829833984,97.47066497802734
41.42,0.0,-12.832030296325684,22.42525863647461,92.02145385742188
41.44,0.0,-12.832030296325684,18.613447189331055,85.51753997802734
41.480000000000004,0.0,-12.832030296325684,16.167131423950195,78.22262573242188
41.5,0.0,-12.832030296325684,10.419511795043945,71.19137573242188
41.54,0.0,-12.832030296325684,10.419511795043945,62.753875732421875
41.58,0.0,-12.832030296325684,0.49092739820480347,55.45895004272461
41.62,0.0,-12.832030296325684,-6.283099174499512,50.624969482421875
41.64,0.0,-12.832030296325684,-12.592503547668457,46.318336486816406
41.68,0.0,-12.832030296325684,-12.592503547668457,44.64841079711914
41.72,0.0,-12.832030296325684,-20.17252540588379,44.736297607421875
41.76,0.0,-12.832030296325684,-23.41739845275879,44.91208267211914
41.78,0.0,-12.832030296325684,-24.913110733032227,47.37302780151367
41.82,0.0,-12.832030296325684,-24.963802337646484,52.031219482421875
41.84,0.0,-12.832030296325684,-23.664304733276367,57.831993103027344
41.88,0.0,-12.832030296325684,-22.33785629272461,64.42378997802734
41.92,0.0,-12.832030296325684,-18.454301834106445,71.19137573242188
41.94,0.0,-12.832030296325684,-13.183345794677734,81.03512573242188
41.980000000000004,0.0,-12.832030296325684,-13.183345794677734,89.99996185302734
42.02,0.0,-12.832030296325684,-10.147366523742676,95.97653198242188
42.06,0.0,-12.832030296325684,3.3005056381225586,98.61324310302734
42.08,0.0,-12.832030296325684,9.914827346801758,99.40426635742188
42.12,0.0,-12.832030296325684,9.914827346801758,99.40426635742188
42.160000000000004,0.0,-12.832030296325684,18.298477172851562,99.31637573242188
42.18,0.0,-12.832030296325684,22.245100021362305,99.22848510742188
42.22,0.0,-12.832030296325684,22.245100021362305,97.38278198242188
42.26,0.0,-12.832030296325684,23.602426528930664,93.42770385742188
42.28,0.0,-12.832030296325684,24.418407440185547,88.85739135742188
42.32,0.0,-12.832030296325684,24.418407440185547,81.73825073242188
42.36,0.0,-12.832030296325684,20.192556381225586,73.65231323242188
42.4,0.0,-12.832030296325684,15.402467727661133,66.00582885742188
42.42,0.0,-12.832030296325684,9.439311027526855,55.019500732421875
42.46,0.0,-12.832030296325684,9.439311027526855,47.548805236816406
42.5,0.0,-12.832030296325684,-0.7000101804733276,41.3964729309082
42.54,0.0,-12.832030296325684,-7.5065436363220215,36.738258361816406
42.58,0.0,-12.832030296325684,-13.743907928466797,34.189422607421875
42.6,0.0,-12.832030296325684,-18.934974670410156,34.101531982421875
42.64,0.0,-12.832030296325684,-21.009687423706055,34.36520767211914
42.68,0.0,-12.832030296325684,-23.9176025390625,35.50778579711914
42.7,0.0,-12.832030296325684,-24.996068954467773,39.81443786621094
42.74,0.0,-12.832030296325684,-24.81684112548828,44.91208267211914
42.78,0.0,-12.832030296325684,-23.036827087402344,51.503875732421875
42.800000000000004,0.0,-12.832030296325684,-19.487945556640625,61.25973129272461
42.84,0.0,-12.832030296325684,-17.12970733642578,68.29098510742188
42.88,0.0,-12.832030296325684,-11.470978736877441,76.8163833618164
42.9,0.0,-12.832030296325684,-4.926833629608154,84.37496948242188
42.94,0.0,-12.832030296325684,-4.926833629608154,91.3183364868164
42.980000000000004,0.0,-12.832030296325684,5.440366744995117,94.39450073242188
43.02,0.0,-12.832030296325684,11.942667961120605,95.00972747802734
43.04,0.0,-12.832030296325684,11.942667961120605,95.00972747802734
43.08,0.0,-12.832030296325684,19.83414649963379,94.92184448242188
43.12,0.0,-12.832030296325684,23.258575439453125,94.57027435302734
43.14,0.0,-12.832030296325684,23.258575439453125,91.8456802368164
43.18,0.0,-12.832030296325684,24.97650146484375,87.71481323242188
43.22,0.0,-12.832030296325684,23.70920181274414,82.79293823242188
43.24,0.0,-12.832030296325684,23.70920181274414,74.17964935302734
43.28,0.0,-12.832030296325684,18.426433563232422,66.97262573242188
43.32,0.0,-12.832030296325684,13.045109748840332,57.304656982421875
43.36,0.0,-12.832030296325684,6.646146297454834,48.60348129272461
43.38,0.0,-12.832030296325684,6.646146297454834,40.4296760559082
43.42,0.0,-12.832030296325684,3.218196153640747,34.89255142211914
43.46,0.0,-12.832030296325684,-10.450187683105469,31.464834213256836
43.480000000000004,0.0,-12.832030296325684,-16.326784133911133,29.091779708862305
43.52,0.0,-12.832030296325684,-16.326784133911133,29.091779708862305
43.56,0.0,-12.832030296325684,-22.63661766052246,29.267560958862305
43.6,0.0,-12.832030296325684,-24.690231323242188,30.23436164855957
43.62,0.0,-12.832030296325684,-24.810216903686523,34.277313232421875
43.660000000000004,0.0,-12.832030296325684,-24.135217666625977,39.90232849121094
43.7,0.0,-12.832030296325684,-21.37967872619629,46.14255142211914
43.72,0.0,-12.832030296325684,-21.37967872619629,55.45895004272461
43.76,0.0,-12.832030296325684,-14.198541641235352,64.42378997802734
43.800000000000004,0.0,-12.832030296325684,-7.924704551696777,71.19137573242188
43.82,0.0,-12.832030296325684,-1.0236907005310059,80.06832885742188
43.86,0.0,-12.832030296325684,-1.0236907005310059,86.22067260742188
43.9,0.0,-12.832030296325684,9.312414169311523,89.64839935302734
43.94,0.0,-12.832030296325684,15.399847984313965,90.61520385742188
43.96,0.0,-12.832030296325684,15.399847984313965,90.52731323242188
44.0,0.0,-12.832030296325684,22.129003524780273,90.4394302368164
44.04,0.0,-12.832030296325684,24.49342155456543,89.38473510742188
44.06,0.0,-12.832030296325684,24.918445587158203,85.78121948242188
44.1,0.0,-12.832030296325684,24.918445587158203,79.62887573242188
44.14,0.0,-12.832030296325684,21.88257598876953,73.03707885742188
44.18,0.0,-12.832030296325684,17.63979721069336,66.53317260742188
44.2,0.0,-12.832030296325684,11.992471694946289,55.89840316772461
44.24,0.0,-12.832030296325684,8.77841567993164,49.482391357421875
44.26,0.0,-12.832030296325684,1.8888107538223267,42.802703857421875
44.300000000000004,0.0,-12.832030296325684,1.8888107538223267,36.562477111816406
44.34,0.0,-12.832030296325684,-8.557953834533691,33.398406982421875
44.36,0.0,-12.832030296325684,-14.787127494812012,31.289051055908203
44.4,0.0,-12.832030296325684,-14.787127494812012,31.025379180908203
44.44,0.0,-12.832030296325684,-21.789810180664062,31.201162338256836
44.46,0.0,-12.832030296325684,-24.35028076171875,32.34374237060547
44.5,0.0,-12.832030296325684,-24.35028076171875,36.562477111816406
44.54,0.0,-12.832030296325684,-24.906545639038086,41.8359260559082
44.58,0.0,-12.832030296325684,-22.153799057006836,48.60348129272461
44.62,0.0,-12.832030296325684,-18.013883590698242,58.886688232421875
44.64,0.0,-12.832030296325684,-15.374563217163086,66.62106323242188
44.68,0.0,-12.832030296325684,-9.22142219543457,74.35543060302734
44.7,0.0,-12.832030296325684,-2.3229315280914307,82.35348510742188
44.74,0.0,-12.832030296325684,-2.3229315280914307,88.41793060302734
44.78,0.0,-12.832030296325684,8.202858924865723,91.6698989868164
44.800000000000004,0.0,-12.832030296325684,14.513470649719238,92.19723510742188
44.84,0.0,-12.832030296325684,14.513470649719238,92.10933685302734
44.88,0.0,-12.832030296325684,21.651700973510742,92.10933685302734
44.9,0.0,-12.832030296325684,24.294851303100586,91.40621948242188
44.94,0.0,-12.832030296325684,24.886558532714844,88.76949310302734
44.980000000000004,0.0,-12.832030296325684,24.548439025878906,84.46286010742188
45.02,0.0,-12.832030296325684,22.21916961669922,77.87106323242188
45.04,0.0,-12.832030296325684,22.21916961669922,69.87300872802734
45.08,0.0,-12.832030296325684,15.439982414245605,61.25973129272461
45.12,0.0,-12.832030296325684,9.262205123901367,53.17379379272461
45.160000000000004,0.0,-12.832030296325684,2.327625036239624,44.99997329711914
45.18,0.0,-12.832030296325684,2.327625036239624,38.23240280151367
45.22,0.0,-12.832030296325684,-1.248496651649475,34.540985107421875
45.26,0.0,-12.832030296325684,-8.253900527954102,33.310516357421875
45.300000000000004,0.0,-12.832030296325684,-19.73625373840332,33.310516357421875
45.32,0.0,-12.832030296325684,-19.73625373840332,33.574188232421875
45.36,0.0,-12.832030296325684,-21.72728729248047,35.94723892211914
45.4,0.0,-12.832030296325684,-24.33922576904297,40.2538948059082
45.42,0.0,-12.832030296325684,-23.535207748413086,46.14255142211914
45.46,0.0,-12.832030296325684,-23.535207748413086,54.931610107421875
45.5,0.0,-12.832030296325684,-17.856691360473633,63.808563232421875
45.54,0.0,-12.832030296325684,-12.159223556518555,70.66403198242188
45.56,0.0,-12.832030296325684,-5.459126949310303,80.59567260742188
45.6,0.0,-12.832030296325684,-1.902911901473999,87.09957885742188
45.64,0.0,-12.832030296325684,5.255841255187988,92.10933685302734
45.660000000000004,0.0,-12.832030296325684,11.984772682189941,94.74606323242188
45.7,0.0,-12.832030296325684,15.011720657348633,95.00972747802734
45.74,0.0,-12.832030296325684,20.07701873779297,95.00972747802734
45.76,0.0,-12.832030296325684,20.07701873779297,94.74606323242188
45.800000000000004,0.0,-12.832030296325684,24.473766326904297,93.69136810302734
45.84,0.0,-12.832030296325684,24.91357421875,91.3183364868164
45.86,0.0,-12.832030296325684,24.355342864990234,87.53902435302734
45.9,0.0,-12.832030296325684,21.73861312866211,82.70504760742188
45.94,0.0,-12.832030296325684,17.31715202331543,74.61911010742188
45.96,0.0,-12.832030296325684,17.31715202331543,65.30269622802734
46.0,0.0,-12.832030296325684,8.132539749145508,56.249969482421875
46.04,0.0,-12.832030296325684,1.0472402572631836,49.30660629272461
46.06,0.0,-12.832030296325684,-6.128628253936768,41.74803924560547
46.1,0.0,-12.832030296325684,-9.562682151794434,36.738258361816406
46.14,0.0,-12.832030296325684,-15.764366149902344,33.837860107421875
46.160000000000004,0.0,-12.832030296325684,-20.65347671508789,32.43163299560547
46.2,0.0,-12.832030296325684,-22.472339630126953,32.34374237060547
46.24,0.0,-12.832030296325684,-24.666927337646484,32.43163299560547
46.26,0.0,-12.832030296325684,-24.799081802368164,34.80466079711914
46.300000000000004,0.0,-12.832030296325684,-24.080474853515625,39.37498474121094
46.34,0.0,-12.832030296325684,-21.147329330444336,45.351539611816406
46.36,0.0,-12.832030296325684,-16.43941879272461,52.998016357421875
46.4,0.0,-12.832030296325684,-13.537588119506836,61.435516357421875
46.42,0.0,-12.832030296325684,-6.941826343536377,67.3241958618164
46.46,0.0,-12.832030296325684,-3.386826515197754,73.21286010742188
46.5,0.0,-12.832030296325684,3.8638556003570557,78.04684448242188
46.54,0.0,-12.832030296325684,10.792708396911621,80.59567260742188
46.56,0.0,-12.832030296325684,10.792708396911621,80.77145385742188
46.6,0.0,-12.832030296325684,19.32358741760254,80.59567260742188
46.64,0.0,-12.832030296325684,23.06756591796875,79.36520385742188
46.660000000000004,0.0,-12.832030296325684,24.864778518676758,75.41012573242188
46.7,0.0,-12.832030296325684,24.864778518676758,69.69723510742188
46.74,0.0,-12.832030296325684,23.620311737060547,62.92965316772461
46.76,0.0,-12.832030296325684,20.261798858642578,55.371063232421875
46.800000000000004,0.0,-12.832030296325684,17.91423797607422,47.900360107421875
46.84,0.0,-12.832030296325684,12.130037307739258,39.46287536621094
46.86,0.0,-12.832030296325684,5.313485622406006,31.552724838256836
46.9,0.0,-12.832030296325684,1.6964281797409058,25.13669204711914
46.94,0.0,-12.832030296325684,-5.570956230163574,20.65428352355957
46.96,0.0,-12.832030296325684,-12.367762565612793,17.050758361816406
47.0,0.0,-12.832030296325684,-12.367762565612793,15.82028579711914
47.04,0.0,-12.832030296325684,-20.435731887817383,15.99606704711914
47.06,0.0,-12.832030296325684,-23.725141525268555,16.347631454467773
47.1,0.0,-12.832030296325684,-23.725141525268555,19.687484741210938
47.14,0.0,-12.832030296325684,-24.822492599487305,24.169891357421875
47.18,0.0,-12.832030296325684,-22.90077018737793,29.355453491210938
47.2,0.0,-12.832030296325684,-22.90077018737793,37.441383361816406
47.24,0.0,-12.832030296325684,-21.18769645690918,48.955047607421875
47.28,0.0,-12.832030296325684,-16.438886642456055,61.347625732421875
47.32,0.0,-12.832030296325684,-3.234323263168335,68.81832885742188
47.36,0.0,-12.832030296325684,4.091353416442871,76.90426635742188
47.38,0.0,-12.832030296325684,4.091353416442871,84.19918060302734
47.42,0.0,-12.832030296325684,17.097251892089844,89.99996185302734
47.46,0.0,-12.832030296325684,19.588491439819336,92.02145385742188
47.5,0.0,-12.832030296325684,23.255126953125,92.10933685302734
47.52,0.0,-12.832030296325684,24.917922973632812,92.02145385742188
47.56,0.0,-12.832030296325684,24.917922973632812,91.93356323242188
47.6,0.0,-12.832030296325684,23.385332107543945,89.47262573242188
47.64,0.0,-12.832030296325684,19.803369522094727,86.13278198242188
47.660000000000004,0.0,-12.832030296325684,19.803369522094727,80.15621948242188
47.7,0.0,-12.832030296325684,11.352025985717773,73.82809448242188
47.74,0.0,-12.832030296325684,4.373797416687012,66.79684448242188
47.76,0.0,-12.832030296325684,-2.9870755672454834,58.007781982421875
47.800000000000004,0.0,-12.832030296325684,-6.611299514770508,53.085906982421875
47.84,0.0,-12.832030296325684,-13.353188514709473,49.218719482421875
47.86,0.0,-12.832030296325684,-18.937213897705078,47.28513717651367
47.9,0.0,-12.832030296325684,-21.13751792907715,47.109352111816406
47.94,0.0,-12.832030296325684,-24.113521575927734,47.19724655151367
47.96,0.0,-12.832030296325684,-24.98931312561035,48.60348129272461
48.0,0.0,-12.832030296325684,-24.98931312561035,53.789031982421875
48.04,0.0,-12.832030296325684,-24.60736846923828,61.523406982421875
48.08,0.0,-12.832030296325684,-17.935415267944336,68.11520385742188
48.120000000000005,0.0,-12.832030296325684,-12.056875228881836,75.41012573242188
48.14,0.0,-12.832030296325684,-12.056875228881836,83.14450073242188
48.18,0.0,-12.832030296325684,-1.4423775672912598,88.59371185302734
48.22,0.0,-12.832030296325684,5.929598331451416,92.19723510742188
48.24,0.0,-12.832030296325684,5.929598331451416,93.42770385742188
48.28,0.0,-12.832030296325684,15.826948165893555,93.42770385742188
48.32,0.0,-12.832030296325684,20.80512046813965,93.33980560302734
48.34,0.0,-12.832030296325684,23.955867767333984,92.63668823242188
48.38,0.0,-12.832030296325684,24.751432418823242,90.08786010742188
48.42,0.0,-12.832030296325684,24.69340705871582,86.3964614868164
48.44,0.0,-12.832030296325684,23.84031867980957,80.68356323242188
48.480000000000004,0.0,-12.832030296325684,20.57820701599121,74.09175872802734
48.5,0.0,-12.832030296325684,15.497917175292969,66.35739135742188
48.54,0.0,-12.832030296325684,12.410117149353027,57.216766357421875
48.58,0.0,-12.832030296325684,5.479570388793945,51.240203857421875
48.6,0.0,-12.832030296325684,-1.9390759468078613,43.857391357421875
48.64,0.0,-12.832030296325684,-1.9390759468078613,38.75975036621094
48.68,0.0,-12.832030296325684,-12.548382759094238,36.474586486816406
48.7,0.0,-12.832030296325684,-18.36045265197754,36.210914611816406
48.74,0.0,-12.832030296325684,-18.36045265197754,36.474586486816406
48.78,0.0,-12.832030296325684,-23.90357208251953,37.441383361816406
48.800000000000004,0.0,-12.832030296325684,-24.99994659423828,40.2538948059082
48.84,0.0,-12.832030296325684,-24.99994659423828,46.230445861816406
48.88,0.0,-12.832030296325684,-22.496658325195312,52.734344482421875
48.92,0.0,-12.832030296325684,-18.27483367919922,60.996063232421875
48.94,0.0,-12.832030296325684,-18.27483367919922,69.34566497802734
48.980000000000004,0.0,-12.832030296325684,-15.522296905517578,79.45309448242188
49.02,0.0,-12.832030296325684,-1.747009038925171,85.78121948242188
49.06,0.0,-12.832030296325684,5.705465793609619,92.98825073242188
49.08,0.0,-12.832030296325684,5.705465793609619,96.50387573242188
49.120000000000005,0.0,-12.832030296325684,15.735220909118652,97.03121185302734
49.160000000000004,0.0,-12.832030296325684,20.78098487854004,97.03121185302734
49.18,0.0,-12.832030296325684,20.78098487854004,97.03121185302734
49.22,0.0,-12.832030296325684,24.761005401611328,96.94332885742188
49.24,0.0,-12.832030296325684,24.67059326171875,95.88864135742188
49.28,0.0,-12.832030296325684,24.67059326171875,91.93356323242188
49.32,0.0,-12.832030296325684,20.431930541992188,87.45114135742188
49.34,0.0,-12.832030296325684,15.237236976623535,81.8261489868164
49.38,0.0,-12.832030296325684,12.089415550231934,74.88278198242188
49.42,0.0,-12.832030296325684,5.046805381774902,68.81832885742188
49.44,0.0,-12.832030296325684,5.046805381774902,59.677696228027344
49.480000000000004,0.0,-12.832030296325684,-6.165689468383789,54.49215316772461
49.52,0.0,-12.832030296325684,-13.088958740234375,50.97652816772461
49.54,0.0,-12.832030296325684,-18.831226348876953,48.515594482421875
49.58,0.0,-12.832030296325684,-21.09096336364746,48.42770004272461
49.620000000000005,0.0,-12.832030296325684,-24.12997817993164,48.515594482421875
49.64,0.0,-12.832030296325684,-24.982208251953125,50.185516357421875
49.68,0.0,-12.832030296325684,-24.555078506469727,54.316375732421875
49.72,0.0,-12.832030296325684,-22.040889739990234,60.38082504272461
49.74,0.0,-12.832030296325684,-17.522144317626953,66.88473510742188
49.78,0.0,-12.832030296325684,-14.632420539855957,73.82809448242188
49.82,0.0,-12.832030296325684,-7.920010089874268,80.85934448242188
49.84,0.0,-12.832030296325684,-0.4829675555229187,87.53902435302734
49.88,0.0,-12.832030296325684,3.296637535095215,91.3183364868164
49.9,0.0,-12.832030296325684,10.546565055847168,92.37301635742188
49.94,0.0,-12.832030296325684,13.850308418273926,92.37301635742188
49.980000000000004,0.0,-12.832030296325684,19.436826705932617,92.28512573242188
50.0,0.0,-12.832030296325684,23.248430252075195,92.10933685302734
50.04,0.0,-12.832030296325684,24.371532440185547,89.56050872802734
50.08,0.0,-12.832030296325684,24.92179298400879,85.78121948242188
50.120000000000005,0.0,-12.832030296325684,23.187950134277344,79.10152435302734
50.14,0.0,-12.832030296325684,21.505273818969727,72.42184448242188
50.18,0.0,-12.832030296325684,16.69983673095703,65.91793823242188
50.2,0.0,-12.832030296325684,10.357935905456543,55.89840316772461
50.24,0.0,-12.832030296325684,10.357935905456543,48.86715316772461
50.28,0.0,-12.832030296325684,-0.7386224865913391,43.066375732421875
50.32,0.0,-12.832030296325684,-8.200855255126953,39.55076599121094
50.34,0.0,-12.832030296325684,-14.910569190979004,37.26560592651367
50.38,0.0,-12.832030296325684,-14.910569190979004,37.35349655151367
50.42,0.0,-12.832030296325684,-22.240665435791016,37.52927780151367
50.46,0.0,-12.832030296325684,-24.643423080444336,39.19920349121094
50.480000000000004,0.0,-12.832030296325684,-24.76842498779297,44.20895767211914
50.52,0.0,-12.832030296325684,-24.76842498779297,51.15230941772461
50.56,0.0,-12.832030296325684,-20.711368560791016,59.677696228027344
50.6,0.0,-12.832030296325684,-15.537833213806152,66.88473510742188
50.620000000000005,0.0,-12.832030296325684,-8.920475006103516,76.20114135742188
50.660000000000004,0.0,-12.832030296325684,-5.2579665184021,83.05660247802734
50.7,0.0,-12.832030296325684,2.3496572971343994,88.24215698242188
50.72,0.0,-12.832030296325684,9.742222785949707,92.28512573242188
50.76,0.0,-12.832030296325684,13.140239715576172,93.07614135742188
50.78,0.0,-12.832030296325684,18.943025588989258,93.07614135742188
50.82,0.0,-12.832030296325684,18.943025588989258,93.07614135742188
50.86,0.0,-12.832030296325684,24.215730667114258,92.37301635742188
50.88,0.0,-12.832030296325684,24.96137237548828,89.99996185302734
50.92,0.0,-12.832030296325684,24.96137237548828,85.51753997802734
50.96,0.0,-12.832030296325684,21.74534797668457,79.10152435302734
50.980000000000004,0.0,-12.832030296325684,16.99941062927246,72.94918823242188
51.04,0.0,-12.832030296325684,16.99941062927246,63.369110107421875
51.06,0.0,-12.832030296325684,3.3180272579193115,53.43746566772461
51.1,0.0,-12.832030296325684,-0.5156968832015991,46.933570861816406
51.14,0.0,-12.832030296325684,-8.059024810791016,40.7812385559082
51.160000000000004,0.0,-12.832030296325684,-14.848718643188477,36.298805236816406
51.2,0.0,-12.832030296325684,-17.756711959838867,34.36520767211914
51.24,0.0,-12.832030296325684,-22.255512237548828,34.277313232421875
51.28,0.0,-12.832030296325684,-24.66097068786621,34.45309829711914
51.300000000000004,0.0,-12.832030296325684,-24.66097068786621,36.210914611816406
51.34,0.0,-12.832030296325684,-23.901592254638672,40.4296760559082
51.38,0.0,-12.832030296325684,-20.548643112182617,45.43942642211914
51.4,0.0,-12.832030296325684,-15.25332260131836,52.470672607421875
51.44,0.0,-12.832030296325684,-15.25332260131836,62.31442642211914
51.480000000000004,0.0,-12.832030296325684,-4.796952247619629,69.69723510742188
51.52,0.0,-12.832030296325684,2.890303134918213,77.2558364868164
51.54,0.0,-12.832030296325684,2.890303134918213,83.84761810302734
51.58,0.0,-12.832030296325684,13.691362380981445,88.76949310302734
51.620000000000005,0.0,-12.832030296325684,19.40886116027832,90.70309448242188
51.64,0.0,-12.832030296325684,19.40886116027832,90.79098510742188
51.68,0.0,-12.832030296325684,24.40984535217285,90.70309448242188
51.72,0.0,-12.832030296325684,24.894399642944336,89.99996185302734
51.74,0.0,-12.832030296325684,23.009485244750977,87.53902435302734
51.78,0.0,-12.832030296325684,21.225072860717773,83.58395385742188
51.82,0.0,-12.832030296325684,16.183326721191406,78.31051635742188
51.84,0.0,-12.832030296325684,16.183326721191406,70.83981323242188
51.88,0.0,-12.832030296325684,13.046271324157715,62.31442642211914
51.92,0.0,-12.832030296325684,-1.7879962921142578,55.10738754272461
51.94,0.0,-12.832030296325684,-9.321624755859375,48.779266357421875
51.980000000000004,0.0,-12.832030296325684,-12.797714233398438,44.121063232421875
52.02,0.0,-12.832030296325684,-18.75116539001465,41.3964729309082
52.04,0.0,-12.832030296325684,-22.91010856628418,40.4296760559082
52.08,0.0,-12.832030296325684,-24.183330535888672,40.5175666809082
52.1,0.0,-12.832030296325684,-24.962501525878906,40.5175666809082
52.14,0.0,-12.832030296325684,-24.962501525878906,43.242156982421875
52.18,0.0,-12.832030296325684,-21.674692153930664,47.812469482421875
52.22,0.0,-12.832030296325684,-16.814424514770508,53.876922607421875
52.24,0.0,-12.832030296325684,-10.333141326904297,62.92965316772461
52.28,0.0,-12.832030296325684,-10.333141326904297,70.13668823242188
52.32,0.0,-12.832030296325684,1.0381344556808472,76.64059448242188
52.36,0.0,-12.832030296325684,8.654019355773926,80.77145385742188
52.38,0.0,-12.832030296325684,8.654019355773926,83.05660247802734
52.42,0.0,-12.832030296325684,18.306772232055664,83.32028198242188
52.46,0.0,-12.832030296325684,22.652210235595703,83.14450073242188
52.480000000000004,0.0,-12.832030296325684,24.806764602661133,81.73825073242188
52.52,0.0,-12.832030296325684,24.987314224243164,78.48629760742188
52.56,0.0,-12.832030296325684,23.531036376953125,74.09175872802734
52.58,0.0,-12.832030296325684,23.531036376953125,66.88473510742188
52.620000000000005,0.0,-12.832030296325684,17.16939926147461,58.710906982421875
52.660000000000004,0.0,-12.832030296325684,10.739717483520508,51.415985107421875
52.68,0.0,-12.832030296325684,3.2628605365753174,43.066375732421875
52.72,0.0,-12.832030296325684,3.2628605365753174,36.298805236816406
52.76,0.0,-12.832030296325684,-8.31604290008545,32.51952362060547
52.800000000000004,0.0,-12.832030296325684,-15.181533813476562,29.794906616210938
52.82,0.0,-12.832030296325684,-18.097097396850586,29.091779708862305
52.86,0.0,-12.832030296325684,-22.536542892456055,29.267560958862305
52.88,0.0,-12.832030296325684,-24.776552200317383,29.70701789855957
52.92,0.0,-12.832030296325684,-24.993282318115234,32.43163299560547
52.96,0.0,-12.832030296325684,-23.591623306274414,36.650367736816406
52.980000000000004,0.0,-12.832030296325684,-19.879716873168945,43.593719482421875
53.02,0.0,-12.832030296325684,-17.262069702148438,50.449188232421875
53.06,0.0,-12.832030296325684,-10.822888374328613,58.623016357421875
53.08,0.0,-12.832030296325684,-7.1597137451171875,65.91793823242188
53.120000000000005,0.0,-12.832030296325684,0.6046897768974304,71.01559448242188
53.160000000000004,0.0,-12.832030296325684,8.313079833984375,76.64059448242188
53.18,0.0,-12.832030296325684,15.207322120666504,79.18942260742188
53.22,0.0,-12.832030296325684,18.131752014160156,79.36520385742188
53.26,0.0,-12.832030296325684,22.573591232299805,79.10152435302734
53.28,0.0,-12.832030296325684,24.792470932006836,77.60739135742188
53.32,0.0,-12.832030296325684,24.98966407775879,74.00387573242188
53.36,0.0,-12.832030296325684,23.533159255981445,69.60933685302734
53.38,0.0,-12.832030296325684,19.751338958740234,61.787078857421875
53.42,0.0,-12.832030296325684,17.096162796020508,54.49215316772461
53.46,0.0,-12.832030296325684,10.584327697753906,47.28513717651367
53.480000000000004,0.0,-12.832030296325684,3.0217580795288086,39.11131286621094
53.52,0.0,-12.832030296325684,-0.9219462871551514,33.662078857421875
53.56,0.0,-12.832030296325684,-8.645174026489258,29.531234741210938
53.58,0.0,-12.832030296325684,-15.51393985748291,26.455053329467773
53.620000000000005,0.0,-12.832030296325684,-18.409168243408203,26.01559829711914
53.64,0.0,-12.832030296325684,-22.760034561157227,26.10348892211914
53.68,0.0,-12.832030296325684,-22.760034561157227,27.070289611816406
53.72,0.0,-12.832030296325684,-24.970508575439453,29.531234741210938
53.76,0.0,-12.832030296325684,-23.348615646362305,33.837860107421875
53.78,0.0,-12.832030296325684,-19.39887237548828,41.30858612060547
53.82,0.0,-12.832030296325684,-16.665040969848633,48.164031982421875
53.86,0.0,-12.832030296325684,-10.019302368164062,56.95309066772461
53.88,0.0,-12.832030296325684,-10.019302368164062,65.65426635742188
53.92,0.0,-12.832030296325684,1.5946446657180786,71.27926635742188
53.96,0.0,-12.832030296325684,9.307043075561523,76.11325073242188
53.980000000000004,0.0,-12.832030296325684,16.09101676940918,78.22262573242188
54.02,0.0,-12.832030296325684,18.916494369506836,78.48629760742188
54.06,0.0,-12.832030296325684,23.07862663269043,78.22262573242188
54.08,0.0,-12.832030296325684,24.926923751831055,76.8163833618164
54.120000000000005,0.0,-12.832030296325684,24.914674758911133,73.12496948242188
54.160000000000004,0.0,-12.832030296325684,23.0168514251709,69.16989135742188
54.18,0.0,-12.832030296325684,23.0168514251709,61.171844482421875
54.22,0.0,-12.832030296325684,15.952200889587402,53.61324691772461
54.26,0.0,-12.832030296325684,9.117413520812988,46.75779342651367
54.28,0.0,-12.832030296325684,9.117413520812988,38.14451217651367
54.32,0.0,-12.832030296325684,-2.620643138885498,32.60741424560547
54.34,0.0,-12.832030296325684,-10.287071228027344,27.86130714416504
54.38,0.0,-12.832030296325684,-10.287071228027344,24.345672607421875
54.42,0.0,-12.832030296325684,-19.628780364990234,23.554655075073242
54.46,0.0,-12.832030296325684,-23.497678756713867,23.554655075073242
54.5,0.0,-12.832030296325684,-24.98957633972168,24.433565139770508
54.52,0.0,-12.832030296325684,-24.98957633972168,27.509742736816406
54.56,0.0,-12.832030296325684,-22.503232955932617,31.640615463256836
54.6,0.0,-12.832030296325684,-17.93651008605957,37.79294967651367
54.64,0.0,-12.832030296325684,-11.546489715576172,46.75779342651367
54.660000000000004,0.0,-12.832030296325684,-3.9802193641662598,56.162078857421875
54.7,0.0,-12.832030296325684,0.006625732872635126,63.017547607421875
54.74,0.0,-12.832030296325684,7.88030481338501,67.41207885742188
54.78,0.0,-12.832030296325684,7.88030481338501,71.27926635742188
54.800000000000004,0.0,-12.832030296325684,11.565346717834473,72.33394622802734
54.86,0.0,-12.832030296325684,17.96122932434082,72.15817260742188
54.88,0.0,-12.832030296325684,24.986413955688477,70.66403198242188
54.92,0.0,-12.832030296325684,24.533355712890625,66.62106323242188
54.96,0.0,-12.832030296325684,21.760835647583008,60.908172607421875
54.980000000000004,0.0,-12.832030296325684,19.511940002441406,54.755828857421875
55.02,0.0,-12.832030296325684,13.575237274169922,48.339813232421875
55.04,0.0,-12.832030296325684,6.244714260101318,40.2538948059082
55.08,0.0,-12.832030296325684,6.244714260101318,33.574188232421875
55.120000000000005,0.0,-12.832030296325684,-5.702788352966309,29.003890991210938
55.160000000000004,0.0,-12.832030296325684,-13.110818862915039,25.75192642211914
55.18,0.0,-12.832030296325684,-19.1741943359375,25.048799514770508
55.22,0.0,-12.832030296325684,-19.1741943359375,25.22458267211914
55.26,0.0,-12.832030296325684,-24.433195114135742,25.839818954467773
55.28,0.0,-12.832030296325684,-24.851463317871094,28.300764083862305
55.32,0.0,-12.832030296325684,-24.092126846313477,32.25585174560547
55.36,0.0,-12.832030296325684,-20.732465744018555,37.88084030151367
55.38,0.0,-12.832030296325684,-20.732465744018555,46.318336486816406
55.42,0.0,-12.832030296325684,-11.846060752868652,55.195281982421875
55.46,0.0,-12.832030296325684,-4.2460527420043945,63.193328857421875
55.480000000000004,0.0,-12.832030296325684,-4.2460527420043945,70.04878997802734
55.52,0.0,-12.832030296325684,7.723233222961426,76.28903198242188
55.56,0.0,-12.832030296325684,14.87775707244873,79.62887573242188
55.58,0.0,-12.832030296325684,20.492414474487305,80.77145385742188
55.620000000000005,0.0,-12.832030296325684,22.531551361083984,80.77145385742188
55.660000000000004,0.0,-12.832030296325684,24.806711196899414,80.50778198242188
55.68,0.0,-12.832030296325684,24.504621505737305,77.78317260742188
55.72,0.0,-12.832030296325684,23.385295867919922,73.56442260742188
55.76,0.0,-12.832030296325684,19.35379409790039,68.90621948242188
55.78,0.0,-12.832030296325684,13.304710388183594,60.46871566772461
55.82,0.0,-12.832030296325684,9.713225364685059,53.525360107421875
55.86,0.0,-12.832030296325684,1.8640278577804565,46.75779342651367
55.88,0.0,-12.832030296325684,-6.183073043823242,39.6386604309082
55.92,0.0,-12.832030296325684,-10.016639709472656,35.24411392211914
55.94,0.0,-12.832030296325684,-16.801803588867188,32.958980560302734
55.980000000000004,0.0,-12.832030296325684,-19.574424743652344,31.90428924560547
56.02,0.0,-12.832030296325684,-23.515153884887695,31.90428924560547
56.04,0.0,-12.832030296325684,-23.515153884887695,31.992177963256836
56.08,0.0,-12.832030296325684,-24.750690460205078,34.540985107421875
56.120000000000005,0.0,-12.832030296325684,-22.326744079589844,39.81443786621094
56.14,0.0,-12.832030296325684,-17.557973861694336,45.70309829711914
56.18,0.0,-12.832030296325684,-14.441519737243652,52.646453857421875
56.2,0.0,-12.832030296325684,-7.152964115142822,60.64449691772461
56.24,0.0,-12.832030296325684,-3.173339366912842,66.88473510742188
56.28,0.0,-12.832030296325684,4.932995796203613,71.89450073242188
56.300000000000004,0.0,-12.832030296325684,12.523096084594727,77.16793823242188
56.34,0.0,-12.832030296325684,15.86982536315918,79.01363372802734
56.36,0.0,-12.832030296325684,21.223772048950195,79.27730560302734
56.42,0.0,-12.832030296325684,21.223772048950195,78.92574310302734
56.46,0.0,-12.832030296325684,24.884550094604492,76.20114135742188
56.480000000000004,0.0,-12.832030296325684,24.884550094604492,71.27926635742188
56.52,0.0,-12.832030296325684,20.82594871520996,65.74214935302734
56.56,0.0,-12.832030296325684,15.282044410705566,58.18355941772461
56.58,0.0,-12.832030296325684,15.282044410705566,50.53708267211914
56.620000000000005,0.0,-12.832030296325684,4.157245635986328,41.57225799560547
56.660000000000004,0.0,-12.832030296325684,-3.9875876903533936,35.41989517211914
56.68,0.0,-12.832030296325684,-11.71231460571289,29.003890991210938
56.72,0.0,-12.832030296325684,-15.156220436096191,24.697235107421875
56.76,0.0,-12.832030296325684,-20.747730255126953,22.85155487060547
56.800000000000004,0.0,-12.832030296325684,-24.133201599121094,22.499990463256836
56.82,0.0,-12.832030296325684,-24.133201599121094,22.67577362060547
56.86,0.0,-12.832030296325684,-24.35416030883789,24.257781982421875
56.9,0.0,-12.832030296325684,-21.23558235168457,27.68552589416504
56.92,0.0,-12.832030296325684,-15.8485689163208,32.43163299560547
56.96,0.0,-12.832030296325684,-15.8485689163208,40.6054573059082
57.0,0.0,-12.832030296325684,-4.819567680358887,48.25191879272461
57.04,0.0,-12.832030296325684,3.3550901412963867,57.040985107421875
57.06,0.0,-12.832030296325684,11.1738920211792,64.07223510742188
57.1,0.0,-12.832030296325684,11.1738920211792,68.90621948242188
57.14,0.0,-12.832030296325684,20.43309211730957,71.19137573242188
57.18,0.0,-12.832030296325684,23.991962432861328,71.71871948242188
57.2,0.0,-12.832030296325684,24.9754638671875,71.27926635742188
57.24,0.0,-12.832030296325684,24.9754638671875,69.96090698242188
57.28,0.0,-12.832030296325684,21.462646484375,66.00582885742188
57.32,0.0,-12.832030296325684,16.157861709594727,60.908172607421875
57.34,0.0,-12.832030296325684,16.157861709594727,53.701141357421875
57.38,0.0,-12.832030296325684,12.808106422424316,46.318336486816406
57.42,0.0,-12.832030296325684,-3.0396950244903564,39.28709411621094
57.44,0.0,-12.832030296325684,-10.918966293334961,33.662078857421875
57.480000000000004,0.0,-12.832030296325684,-10.918966293334961,28.828107833862305
57.52,0.0,-12.832030296325684,-20.297712326049805,26.982398986816406
57.56,0.0,-12.832030296325684,-23.935094833374023,26.894508361816406
57.58,0.0,-12.832030296325684,-24.7966251373291,27.070289611816406
57.620000000000005,0.0,-12.832030296325684,-24.48649024963379,27.33396339416504
57.64,0.0,-12.832030296325684,-21.52138900756836,30.49803352355957
57.68,0.0,-12.832030296325684,-19.132184982299805,34.98044204711914
57.72,0.0,-12.832030296325684,-12.86323356628418,41.1328010559082
57.74,0.0,-12.832030296325684,-5.1940693855285645,48.86715316772461
57.78,0.0,-12.832030296325684,-1.0908567905426025,55.72262191772461
57.82,0.0,-12.832030296325684,7.094574451446533,60.82027816772461
57.84,0.0,-12.832030296325684,14.51091194152832,63.808563232421875
57.88,0.0,-12.832030296325684,17.672075271606445,64.51168060302734
57.92,0.0,-12.832030296325684,22.46779441833496,64.42378997802734
57.94,0.0,-12.832030296325684,24.813907623291016,63.457000732421875
57.980000000000004,0.0,-12.832030296325684,24.813907623291016,58.710906982421875
58.02,0.0,-12.832030296325684,23.25349235534668,53.789031982421875
58.06,0.0,-12.832030296325684,18.987646102905273,48.07613754272461
58.08,0.0,-12.832030296325684,18.987646102905273,39.46287536621094
58.120000000000005,0.0,-12.832030296325684,8.898648262023926,31.640615463256836
58.160000000000004,0.0,-12.832030296325684,0.7831225395202637,23.994108200073242
58.18,0.0,-12.832030296325684,-7.421638011932373,17.138648986816406
58.22,0.0,-12.832030296325684,-11.27379035949707,12.568350791931152
58.26,0.0,-12.832030296325684,-17.94754409790039,8.876934051513672
58.28,0.0,-12.832030296325684,-22.651500701904297,6.855443477630615
58.32,0.0,-12.832030296325684,-22.651500701904297,7.119115829467773
58.36,0.0,-12.832030296325684,-24.95041847229004,7.470679759979248
58.4,0.0,-12.832030296325684,-23.061017990112305,9.931624412536621
58.42,0.0,-12.832030296325684,-23.061017990112305,15.292940139770508
58.46,0.0,-12.832030296325684,-21.13849639892578,22.32421112060547
58.5,0.0,-12.832030296325684,-15.601166725158691,28.652326583862305
58.54,0.0,-12.832030296325684,-0.15385745465755463,36.650367736816406
58.56,0.0,-12.832030296325684,-0.15385745465755463,45.966773986816406
58.6,0.0,-12.832030296325684,11.876606941223145,51.767547607421875
58.64,0.0,-12.832030296325684,18.437191009521484,57.040985107421875
58.660000000000004,0.0,-12.832030296325684,18.437191009521484,60.64449691772461
58.7,0.0,-12.832030296325684,24.285064697265625,61.347625732421875
58.74,0.0,-12.832030296325684,24.887428283691406,61.25973129272461
58.76,0.0,-12.832030296325684,24.887428283691406,60.20504379272461
58.800000000000004,0.0,-12.832030296325684,20.672922134399414,56.51364517211914
58.84,0.0,-12.832030296325684,14.90148639678955,52.470672607421875
58.86,0.0,-12.832030296325684,7.469738483428955,46.054664611816406
58.9,0.0,-12.832030296325684,7.469738483428955,38.40818405151367
58.94,0.0,-12.832030296325684,-4.956536293029785,34.189422607421875
58.980000000000004,0.0,-12.832030296325684,-12.748187065124512,31.464834213256836
59.0,0.0,-12.832030296325684,-12.748187065124512,30.761707305908203
59.06,0.0,-12.832030296325684,-16.16105842590332,30.849597930908203
59.08,0.0,-12.832030296325684,-21.54290771484375,32.78319549560547
59.120000000000005,0.0,-12.832030296325684,-24.75632667541504,36.562477111816406
59.14,0.0,-12.832030296325684,-22.222108840942383,41.8359260559082
59.18,0.0,-12.832030296325684,-22.222108840942383,49.74605941772461
59.22,0.0,-12.832030296325684,-19.99214744567871,59.501922607421875
59.26,0.0,-12.832030296325684,-6.279195785522461,66.97262573242188
59.300000000000004,0.0,-12.832030296325684,2.0668833255767822,75.49801635742188
59.32,0.0,-12.832030296325684,2.0668833255767822,82.70504760742188
59.36,0.0,-12.832030296325684,13.867897987365723,87.36325073242188
59.4,0.0,-12.832030296325684,19.966032028198242,90.08786010742188
59.42,0.0,-12.832030296325684,19.966032028198242,90.4394302368164
59.46,0.0,-12.832030296325684,24.755481719970703,90.35153198242188
59.480000000000004,0.0,-12.832030296325684,24.5145320892334,90.17575073242188
59.52,0.0,-12.832030296325684,24.5145320892334,88.15426635742188
59.56,0.0,-12.832030296325684,19.06113052368164,84.72653198242188
59.58,0.0,-12.832030296325684,12.624502182006836,79.54097747802734
59.620000000000005,0.0,-12.832030296325684,12.624502182006836,72.15817260742188
59.660000000000004,0.0,-12.832030296325684,8.817220687866211,64.16012573242188
59.7,0.0,-12.832030296325684,-7.759116172790527,55.986297607421875
59.74,0.0,-12.832030296325684,-15.205181121826172,50.800750732421875
59.76,0.0,-12.832030296325684,-20.930313110351562,46.318336486816406
59.800000000000004,0.0,-12.832030296325684,-20.930313110351562,44.121063232421875
59.84,0.0,-12.832030296325684,-24.93734359741211,44.033172607421875
59.86,0.0,-12.832030296325684,-24.108169555664062,44.20895767211914
59.9,0.0,-12.832030296325684,-22.6472225189209,45.52731704711914
59.94,0.0,-12.832030296325684,-17.8385009765625,48.86715316772461
59.96,0.0,-12.832030296325684,-10.996879577636719,55.019500732421875
