dt,yaw_cmd,yaw_pos,pitch_cmd,pitch_pos
0.3,0.0,-6.5917510986328125,0.0,4.130825996398926
0.3,0.0,-6.5917510986328125,4.688468933105469,4.130825996398926
0.3,0.0,-6.5917510986328125,7.73600959777832,4.130825996398926
0.3,0.0,-6.5917510986328125,9.218013763427734,3.1640541553497314
0.3,0.0,-6.5917510986328125,12.068802833557129,-0.08790817856788635
0.3,0.0,-6.5917510986328125,14.730626106262207,-5.185579299926758
0.3,0.0,-6.679669380187988,14.730626106262207,-12.744166374206543
0.3,0.0,-6.679669380187988,18.275638580322266,-17.75391960144043
0.32,0.0,-6.679669380187988,20.284141540527344,-23.027372360229492
0.36,0.0,-6.679669380187988,20.284141540527344,-31.376977920532227
0.4,0.0,-6.767532825469971,22.681716918945312,-37.26564025878906
0.42,0.0,-6.767532825469971,23.830839157104492,-43.24222183227539
0.46,0.0,-6.8554511070251465,23.830839157104492,-52.470733642578125
0.5,0.0,-6.8554511070251465,24.831283569335938,-57.74415969848633
0.52,0.0,-6.8554511070251465,24.998451232910156,-63.36917495727539
0.56,0.0,-6.8554511070251465,24.998451232910156,-69.7851791381836
0.6,0.0,-6.943314552307129,24.4893856048584,-74.09181213378906
0.64,0.0,-6.943314552307129,23.649545669555664,-78.0468978881836
0.66,0.0,-6.943314552307129,22.42281723022461,-82.00199127197266
0.7000000000000001,0.0,-7.031232833862305,21.669992446899414,-84.99027252197266
0.74,0.0,-7.031232833862305,19.90007209777832,-87.7148666381836
0.76,0.0,-7.031232833862305,17.801616668701172,-89.56057739257812
0.8,0.0,-7.031232833862305,16.639432907104492,-90.70315551757812
0.84,0.0,-7.119096279144287,14.112456321716309,-91.93363189697266
0.86,0.0,-7.119096279144287,11.349808692932129,-92.28519439697266
0.9,0.0,-7.119096279144287,9.894003868103027,-92.28519439697266
0.9400000000000001,0.0,-7.119096279144287,6.863167762756348,-92.28519439697266
0.96,0.0,-7.119096279144287,3.7151145935058594,-90.52738189697266
1.0,0.0,-7.031232833862305,2.113309860229492,-87.9785385131836
1.04,0.0,-7.031232833862305,-1.112650752067566,-85.95707702636719
1.06,0.0,-7.031232833862305,-4.323585510253906,-82.00199127197266
1.1,0.0,-7.119096279144287,-5.906596660614014,-78.3105697631836
1.1400000000000001,0.0,-7.119096279144287,-8.994436264038086,-74.09181213378906
1.16,0.0,-7.119096279144287,-11.93475341796875,-68.3789291381836
1.2,0.0,-7.031232833862305,-13.333876609802246,-63.457069396972656
1.24,0.0,-7.119096279144287,-15.960205078125,-58.18361282348633
1.26,0.0,-7.031232833862305,-15.960205078125,-51.328147888183594
1.3,0.0,-7.031232833862305,-19.387319564819336,-46.58204650878906
1.32,0.0,-7.031232833862305,-21.272785186767578,-42.09963607788086
1.36,0.0,-7.031232833862305,-21.272785186767578,-33.750030517578125
1.4000000000000001,0.0,-7.031232833862305,-23.4195613861084,-26.630870819091797
1.44,0.0,-7.031232833862305,-24.35921859741211,-20.039081573486328
1.46,0.0,-7.031232833862305,-24.35921859741211,-12.744166374206543
1.5,0.0,-7.031232833862305,-24.988170623779297,-7.646495819091797
1.54,0.0,-7.031232833862305,-24.874675750732422,-2.6367435455322266
1.56,0.0,-7.031232833862305,-24.874675750732422,2.4609272480010986
1.6,0.0,-7.031232833862305,-23.90662956237793,6.328097820281982
1.6400000000000001,0.0,-7.031232833862305,-22.743568420410156,9.667951583862305
1.6600000000000001,0.0,-7.031232833862305,-21.1871395111084,12.480459213256836
1.7,0.0,-7.031232833862305,-20.2691593170166,14.677703857421875
1.74,0.0,-7.031232833862305,-18.172771453857422,16.874977111816406
1.76,0.0,-7.031232833862305,-15.75912094116211,17.84177589416504
1.8,0.0,-7.031232833862305,-14.445901870727539,18.544902801513672
1.82,0.0,-7.031232833862305,-11.634665489196777,18.632793426513672
1.86,0.0,-7.031232833862305,-11.634665489196777,18.632793426513672
1.9000000000000001,0.0,-7.031232833862305,-7.048104286193848,18.632793426513672
1.92,0.0,-7.031232833862305,-3.820950746536255,18.544902801513672
1.96,0.0,-7.031232833862305,-3.820950746536255,17.226539611816406
2.0,0.0,-7.031232833862305,1.1337897777557373,14.765595436096191
2.02,0.0,-7.031232833862305,4.428578853607178,11.601550102233887
2.06,0.0,-7.031232833862305,4.428578853607178,5.712862014770508
2.1,0.0,-7.031232833862305,9.21316909790039,1.5820183753967285
2.14,0.0,-7.031232833862305,12.215245246887207,-1.669943928718567
2.16,0.0,-7.031232833862305,15.004179954528809,-7.734386444091797
2.2,0.0,-7.031232833862305,16.302871704101562,-14.062530517578125
2.24,0.0,-7.031232833862305,18.67933464050293,-19.511735916137695
2.2600000000000002,0.0,-7.031232833862305,20.725730895996094,-27.421886444091797
2.3000000000000003,0.0,-7.031232833862305,21.613170623779297,-33.925811767578125
2.34,0.0,-7.031232833862305,23.095985412597656,-39.81447219848633
2.36,0.0,-7.031232833862305,24.16695213317871,-48.42775344848633
2.4,0.0,-7.031232833862305,24.54128074645996,-54.93164825439453
2.44,0.0,-7.031232833862305,24.95836639404297,-60.29299545288086
2.46,0.0,-7.031232833862305,24.926761627197266,-66.00587463378906
2.5,0.0,-7.031232833862305,24.742115020751953,-70.75198364257812
2.52,0.0,-7.031232833862305,24.038408279418945,-74.53126525878906
2.56,0.0,-7.031232833862305,23.522178649902344,-78.3984603881836
2.58,0.0,-7.031232833862305,22.17179298400879,-81.38674926757812
2.62,0.0,-7.119096279144287,22.17179298400879,-85.16606140136719
2.66,0.0,-7.119096279144287,19.398391723632812,-88.0664291381836
2.68,0.0,-7.119096279144287,17.0981502532959,-89.91213989257812
2.72,0.0,-7.119096279144287,17.0981502532959,-90.43948364257812
2.7600000000000002,0.0,-7.207014083862305,13.07280158996582,-91.75785064697266
2.7800000000000002,0.0,-7.207014083862305,10.076112747192383,-92.37308502197266
2.82,0.0,-7.207014083862305,10.076112747192383,-92.46097564697266
2.86,0.0,-7.119096279144287,5.246700763702393,-92.28519439697266
2.88,0.0,-7.207014083862305,1.8897247314453125,-90.61526489257812
2.92,0.0,-7.119096279144287,1.8897247314453125,-86.6601791381836
2.96,0.0,-7.119096279144287,-3.1980676651000977,-84.63871002197266
3.0,0.0,-7.119096279144287,-6.533475399017334,-81.91410064697266
3.02,0.0,-7.119096279144287,-9.751266479492188,-77.08009338378906
3.06,0.0,-7.119096279144287,-11.297159194946289,-71.19143676757812
3.1,0.0,-7.119096279144287,-14.22665786743164,-65.03907775878906
3.12,0.0,-7.119096279144287,-16.894153594970703,-57.56837844848633
3.16,0.0,-7.119096279144287,-16.894153594970703,-50.097679138183594
3.2,0.0,-7.119096279144287,-20.294897079467773,-44.91211700439453
3.22,0.0,-7.119096279144287,-22.09836769104004,-39.37501907348633
3.2600000000000002,0.0,-7.119096279144287,-22.09836769104004,-30.673851013183594
3.3000000000000003,0.0,-7.119096279144287,-24.020618438720703,-24.169952392578125
3.3200000000000003,0.0,-7.119096279144287,-24.74308204650879,-17.84181022644043
3.36,0.0,-7.119096279144287,-24.74308204650879,-11.250021934509277
3.4,0.0,-7.119096279144287,-24.950721740722656,-6.2402424812316895
3.42,0.0,-7.119096279144287,-24.499176025390625,-1.3183804750442505
3.46,0.0,-7.119096279144287,-24.499176025390625,3.0761632919311523
3.5,0.0,-7.119096279144287,-22.95463752746582,7.119115829467773
3.54,0.0,-7.119096279144287,-21.373268127441406,10.107406616210938
3.56,0.0,-7.119096279144287,-19.38292121887207,12.30467700958252
3.6,0.0,-7.119096279144287,-18.24557113647461,13.535149574279785
3.64,0.0,-7.119096279144287,-15.712987899780273,14.414031982421875
3.68,0.0,-7.119096279144287,-12.876794815063477,15.117158889770508
3.7,0.0,-7.119096279144287,-12.876794815063477,15.117158889770508
3.74,0.0,-7.119096279144287,-8.171730041503906,15.117158889770508
3.7800000000000002,0.0,-7.119096279144287,-4.821495056152344,15.117158889770508
3.8200000000000003,0.0,-7.119096279144287,-1.3748135566711426,14.501921653747559
3.84,0.0,-7.119096279144287,0.3640096187591553,11.86522388458252
3.88,0.0,-7.119096279144287,3.830604076385498,8.085916519165039
3.9,0.0,-7.119096279144287,7.2264299392700195,2.636708974838257
3.94,0.0,-7.119096279144287,8.877035140991211,-1.4941622018814087
3.98,0.0,-7.119096279144287,12.043222427368164,-6.767587661743164
4.0,0.0,-7.119096279144287,13.54322338104248,-12.304712295532227
4.04,0.0,-7.119096279144287,16.340007781982422,-17.138683319091797
4.0600000000000005,0.0,-7.119096279144287,17.622900009155273,-23.730499267578125
4.1,0.0,-7.119096279144287,19.925691604614258,-30.41017723083496
4.14,0.0,-7.119096279144287,21.840015411376953,-36.0351676940918
4.16,0.0,-7.119096279144287,23.327064514160156,-43.330108642578125
4.2,0.0,-7.119096279144287,23.900463104248047,-51.41604232788086
4.22,0.0,-7.119096279144287,24.69200325012207,-56.77735900878906
4.26,0.0,-7.119096279144287,24.905874252319336,-62.66604995727539
4.28,0.0,-7.119096279144287,24.96360969543457,-68.1152572631836
4.32,0.0,-7.119096279144287,24.96360969543457,-73.21292877197266
4.36,0.0,-7.119096279144287,24.806812286376953,-79.0136947631836
4.4,0.0,-7.207014083862305,22.9627742767334,-83.67191314697266
4.42,0.0,-7.207014083862305,21.342302322387695,-86.3086166381836
4.46,0.0,-7.207014083862305,21.342302322387695,-88.8574447631836
4.5,0.0,-7.207014083862305,18.1221923828125,-91.75785064697266
4.5200000000000005,0.0,-7.207014083862305,15.509976387023926,-93.69144439697266
4.5600000000000005,0.0,-7.294877529144287,15.509976387023926,-94.30668640136719
4.6000000000000005,0.0,-7.294877529144287,11.021450996398926,-94.39456939697266
4.62,0.0,-7.294877529144287,7.735386848449707,-94.48246002197266
4.66,0.0,-7.294877529144287,7.735386848449707,-94.39456939697266
4.7,0.0,-7.294877529144287,2.5293400287628174,-93.16410064697266
4.72,0.0,-7.207014083862305,-1.024344801902771,-89.82424926757812
4.76,0.0,-7.294877529144287,-1.024344801902771,-84.99027252197266
4.8,0.0,-7.294877529144287,-6.300106525421143,-81.91410064697266
4.82,0.0,-7.294877529144287,-9.676461219787598,-79.0136947631836
4.86,0.0,-7.207014083862305,-9.676461219787598,-72.94925689697266
4.9,0.0,-7.207014083862305,-14.357298851013184,-66.44532775878906
4.92,0.0,-7.294877529144287,-17.128276824951172,-61.523468017578125
4.96,0.0,-7.207014083862305,-17.128276824951172,-52.822296142578125
5.0,0.0,-7.207014083862305,-20.616737365722656,-46.84571838378906
5.04,0.0,-7.207014083862305,-22.425918579101562,-42.01174545288086
5.0600000000000005,0.0,-7.207014083862305,-23.16033363342285,-34.80472183227539
5.1000000000000005,0.0,-7.207014083862305,-24.269060134887695,-28.037124633789062
5.12,0.0,-7.207014083862305,-24.269060134887695,-19.775409698486328
5.16,0.0,-7.207014083862305,-24.99107551574707,-12.83205795288086
5.2,0.0,-7.207014083862305,-24.828351974487305,-8.085949897766113
5.22,0.0,-7.207014083862305,-24.828351974487305,-3.164088726043701
5.26,0.0,-7.207014083862305,-23.62278175354004,0.7910005450248718
5.3,0.0,-7.207014083862305,-22.200220108032227,4.130825996398926
5.32,0.0,-7.207014083862305,-22.200220108032227,7.29489803314209
5.36,0.0,-7.207014083862305,-21.312896728515625,10.898423194885254
5.4,0.0,-7.207014083862305,-16.700714111328125,12.832022666931152
5.44,0.0,-7.207014083862305,-13.841041564941406,13.886686325073242
5.46,0.0,-7.207014083862305,-10.688347816467285,13.623013496398926
5.5,0.0,-7.207014083862305,-9.022334098815918,12.392568588256836
5.54,0.0,-7.207014083862305,-5.554360389709473,10.546859741210938
5.5600000000000005,0.0,-7.207014083862305,-5.554360389709473,7.822243690490723
5.6000000000000005,0.0,-7.207014083862305,-0.15011253952980042,6.152316093444824
5.64,0.0,-7.207014083862305,3.477022171020508,4.833953380584717
5.66,0.0,-7.207014083862305,3.477022171020508,1.054673194885254
5.7,0.0,-7.207014083862305,8.762548446655273,-2.7246344089508057
5.74,0.0,-7.207014083862305,12.073320388793945,-6.855478286743164
5.76,0.0,-7.207014083862305,12.073320388793945,-14.150420188903809
5.8,0.0,-7.207014083862305,16.542970657348633,-18.632827758789062
5.82,0.0,-7.207014083862305,19.09788703918457,-23.466825485229492
5.86,0.0,-7.207014083862305,20.226303100585938,-30.41017723083496
5.88,0.0,-7.207014083862305,22.15411376953125,-36.7382926940918
5.92,0.0,-7.207014083862305,22.15411376953125,-45.52735137939453
5.96,0.0,-7.207014083862305,24.147933959960938,-54.05276870727539
5.98,0.0,-7.207014083862305,24.834835052490234,-60.11721420288086
6.0200000000000005,0.0,-7.207014083862305,24.834835052490234,-67.5000228881836
6.0600000000000005,0.0,-7.207014083862305,24.978424072265625,-73.74027252197266
6.1000000000000005,0.0,-7.207014083862305,24.861040115356445,-79.10159301757812
6.140000000000001,0.0,-7.207014083862305,23.026723861694336,-83.84770202636719
6.18,0.0,-7.207014083862305,21.346487045288086,-86.48439025878906
6.22,0.0,-7.207014083862305,19.20063591003418,-88.8574447631836
6.26,0.0,-7.294877529144287,16.634565353393555,-90.61526489257812
6.28,0.0,-7.294877529144287,16.634565353393555,-91.49417877197266
6.32,0.0,-7.294877529144287,12.119686126708984,-92.98831176757812
6.36,0.0,-7.294877529144287,8.76046371459961,-93.86723327636719
6.38,0.0,-7.294877529144287,5.2059550285339355,-93.86723327636719
6.42,0.0,-7.294877529144287,3.379560947418213,-93.60355377197266
6.46,0.0,-7.294877529144287,-0.3215094208717346,-91.40628814697266
6.5,0.0,-7.294877529144287,-4.019021987915039,-86.48439025878906
6.5200000000000005,0.0,-7.294877529144287,-5.840896129608154,-81.29885864257812
6.5600000000000005,0.0,-7.294877529144287,-9.380400657653809,-76.37696838378906
6.6000000000000005,0.0,-7.294877529144287,-12.715620040893555,-69.2578353881836
6.62,0.0,-7.294877529144287,-14.283110618591309,-63.36917495727539
6.66,0.0,-7.294877529144287,-17.173852920532227,-57.392601013183594
6.68,0.0,-7.294877529144287,-18.48077964782715,-50.712913513183594
6.72,0.0,-7.294877529144287,-20.78069305419922,-45.08789825439453
6.74,0.0,-7.294877529144287,-22.61924934387207,-37.52931213378906
6.78,0.0,-7.294877529144287,-23.351842880249023,-30.05861473083496
6.82,0.0,-7.294877529144287,-24.42227554321289,-23.378934860229492
6.84,0.0,-7.294877529144287,-24.42227554321289,-15.732429504394531
6.88,0.0,-7.294877529144287,-24.998876571655273,-10.546895027160645
6.92,0.0,-7.294877529144287,-24.682373046875,-5.537142753601074
6.94,0.0,-7.294877529144287,-24.682373046875,-0.08790817856788635
6.98,0.0,-7.294877529144287,-24.314739227294922,4.482389450073242
7.0200000000000005,0.0,-7.294877529144287,-21.50110626220703,8.085916519165039
7.0600000000000005,0.0,-7.294877529144287,-19.344091415405273,10.98631477355957
7.08,0.0,-7.294877529144287,-16.746557235717773,11.513660430908203
7.12,0.0,-7.294877529144287,-16.746557235717773,11.777332305908203
7.16,0.0,-7.294877529144287,-12.15311336517334,13.623013496398926
7.2,0.0,-7.294877529144287,-8.726213455200195,14.326140403747559
7.22,0.0,-7.294877529144287,-5.096990585327148,13.886686325073242
7.26,0.0,-7.294877529144287,-3.2321159839630127,12.568350791931152
7.28,0.0,-7.294877529144287,0.5450215935707092,10.019515037536621
7.32,0.0,-7.294877529144287,0.5450215935707092,5.185516834259033
7.36,0.0,-7.294877529144287,6.166806221008301,1.230454921722412
7.38,0.0,-7.294877529144287,9.759657859802246,-1.757834792137146
7.42,0.0,-7.294877529144287,9.759657859802246,-8.34962272644043
7.46,0.0,-7.294877529144287,11.47807502746582,-15.556674003601074
7.5,0.0,-7.294877529144287,14.70897102355957,-19.863300323486328
7.54,0.0,-7.294877529144287,20.092613220214844,-24.785188674926758
7.58,0.0,-7.294877529144287,22.118576049804688,-31.376977920532227
7.6000000000000005,0.0,-7.294877529144287,22.118576049804688,-39.02345657348633
7.640000000000001,0.0,-7.294877529144287,24.18579864501953,-47.02149963378906
7.68,0.0,-7.294877529144287,24.867216110229492,-55.01953887939453
7.7,0.0,-7.294877529144287,24.867216110229492,-62.578155517578125
7.74,0.0,-7.294877529144287,24.800678253173828,-68.9941635131836
7.78,0.0,-7.294877529144287,24.029699325561523,-73.65238189697266
7.8,0.0,-7.294877529144287,22.69464111328125,-77.6953353881836
7.84,0.0,-7.294877529144287,22.69464111328125,-81.38674926757812
7.88,0.0,-7.294877529144287,19.70307731628418,-85.07817077636719
7.92,0.0,-7.294877529144287,17.115739822387695,-87.36329650878906
7.94,0.0,-7.294877529144287,14.122138977050781,-87.7148666381836
7.98,0.0,-7.294877529144287,12.494412422180176,-87.7148666381836
8.02,0.0,-7.294877529144287,9.024679183959961,-87.7148666381836
8.040000000000001,0.0,-7.294877529144287,9.024679183959961,-86.92384338378906
8.08,0.0,-7.294877529144287,3.4399845600128174,-86.39649963378906
8.120000000000001,0.0,-7.294877529144287,-0.4083155691623688,-85.78129577636719
8.14,0.0,-7.294877529144287,-0.4083155691623688,-82.26565551757812
8.18,0.0,-7.294877529144287,-6.140433311462402,-78.0468978881836
8.22,0.0,-7.294877529144287,-9.801811218261719,-72.77346801757812
8.24,0.0,-7.294877529144287,-13.232019424438477,-64.51173400878906
8.28,0.0,-7.294877529144287,-13.232019424438477,-56.25001525878906
8.32,0.0,-7.294877529144287,-17.7645263671875,-50.36135482788086
8.36,0.0,-7.294877529144287,-20.270462036132812,-45.26367950439453
8.38,0.0,-7.294877529144287,-22.29057502746582,-37.52931213378906
8.42,0.0,-7.294877529144287,-22.29057502746582,-28.476577758789062
8.48,0.0,-7.294877529144287,-24.685775756835938,-18.544937133789062
8.5,0.0,-7.294877529144287,-24.999893188476562,-10.986349105834961
8.540000000000001,0.0,-7.294877529144287,-24.999893188476562,-4.482452392578125
8.58,0.0,-7.294877529144287,-24.929662704467773,-1.7302845662925392e-05
8.620000000000001,0.0,-7.294877529144287,-23.149333953857422,4.218717098236084
8.64,0.0,-7.294877529144287,-23.149333953857422,7.558570861816406
8.68,0.0,-7.294877529144287,-20.32244873046875,11.07420539855957
8.72,0.0,-7.294877529144287,-17.804576873779297,12.832022666931152
8.74,0.0,-7.294877529144287,-14.848612785339355,13.007804870605469
8.78,0.0,-7.294877529144287,-13.228241920471191,13.095695495605469
8.8,0.0,-7.294877529144287,-9.751821517944336,13.007804870605469
8.84,0.0,-7.294877529144287,-9.751821517944336,11.513660430908203
8.88,0.0,-7.294877529144287,-4.109953880310059,11.07420539855957
8.9,0.0,-7.294877529144287,-0.19819375872612,10.98631477355957
8.94,0.0,-7.294877529144287,1.7669155597686768,8.876934051513672
8.98,0.0,-7.294877529144287,5.6548662185668945,5.097625732421875
9.0,0.0,-7.294877529144287,9.406248092651367,-1.0547077655792236
9.040000000000001,0.0,-7.294877529144287,11.201339721679688,-6.679696559906006
9.08,0.0,-7.294877529144287,14.574199676513672,-13.359403610229492
9.1,0.0,-7.294877529144287,14.574199676513672,-19.951190948486328
9.14,0.0,-7.294877529144287,18.93511199951172,-25.48828887939453
9.18,0.0,-7.294877529144287,21.26959228515625,-31.904321670532227
9.200000000000001,0.0,-7.294877529144287,23.074596405029297,-39.902366638183594
9.24,0.0,-7.294877529144287,23.074596405029297,-50.097679138183594
9.28,0.0,-7.294877529144287,24.69121551513672,-56.51368713378906
9.32,0.0,-7.294877529144287,24.99997901916504,-62.92972183227539
9.36,0.0,-7.294877529144287,24.680288314819336,-70.22463989257812
9.38,0.0,-7.294877529144287,24.28614616394043,-74.61915588378906
9.42,0.0,-7.294877529144287,23.040651321411133,-78.66213989257812
9.44,0.0,-7.294877529144287,21.211999893188477,-82.00199127197266
9.48,0.0,-7.294877529144287,21.211999893188477,-84.46292877197266
9.52,0.0,-7.294877529144287,17.477256774902344,-88.0664291381836
9.56,0.0,-7.294877529144287,14.416304588317871,-89.56057739257812
9.58,0.0,-7.294877529144287,10.986177444458008,-89.56057739257812
9.620000000000001,0.0,-7.294877529144287,9.159340858459473,-89.47268676757812
9.66,0.0,-7.294877529144287,5.3398661613464355,-88.59378051757812
9.68,0.0,-7.294877529144287,1.3806709051132202,-85.34184265136719
9.72,0.0,-7.294877529144287,-0.6198745965957642,-81.29885864257812
9.76,0.0,-7.294877529144287,-4.598892688751221,-77.4316635131836
9.78,0.0,-7.294877529144287,-8.463470458984375,-71.71878051757812
9.82,0.0,-7.294877529144287,-10.321550369262695,-66.00587463378906
9.86,0.0,-7.294877529144287,-13.82919692993164,-60.11721420288086
9.88,0.0,-7.294877529144287,-16.98367691040039,-52.470733642578125
9.92,0.0,-7.294877529144287,-18.40234375,-46.4062614440918
9.96,0.0,-7.294877529144287,-20.87599754333496,-40.605491638183594
9.98,0.0,-7.294877529144287,-22.811656951904297,-30.937522888183594
10.02,0.0,-7.294877529144287,-23.561038970947266,-23.730499267578125
10.06,0.0,-7.294877529144287,-24.597623825073242,-16.611337661743164
10.08,0.0,-7.294877529144287,-24.597623825073242,-9.755876541137695
10.120000000000001,0.0,-7.294877529144287,-24.951141357421875,-4.658234119415283
10.16,0.0,-7.294877529144287,-24.374492645263672,0.17576444149017334
10.18,0.0,-7.294877529144287,-24.374492645263672,4.130825996398926
10.22,0.0,-7.294877529144287,-23.84588623046875,7.6464619636535645
10.26,0.0,-7.294877529144287,-20.21715545654297,11.86522388458252
10.28,0.0,-7.294877529144287,-20.21715545654297,13.623013496398926
10.32,0.0,-7.294877529144287,-16.079790115356445,15.117158889770508
10.36,0.0,-7.294877529144287,-12.774197578430176,16.611303329467773
10.38,0.0,-7.294877529144287,-10.988411903381348,16.347631454467773
10.42,0.0,-7.294877529144287,-7.2091546058654785,15.90817642211914
10.46,0.0,-7.294877529144287,-3.2362709045410156,13.535149574279785
10.5,0.0,-7.294877529144287,0.8256571292877197,8.701151847839355
10.52,0.0,-7.294877529144287,4.869231224060059,3.4277267456054688
10.56,0.0,-7.294877529144287,6.850500106811523,-1.2304894924163818
10.6,0.0,-7.294877529144287,10.665993690490723,-6.2402424812316895
10.64,0.0,-7.294877529144287,14.200955390930176,-13.00783920288086
10.66,0.0,-7.294877529144287,14.200955390930176,-19.423845291137695
10.700000000000001,0.0,-7.294877529144287,15.833210945129395,-26.191415786743164
10.74,0.0,-7.294877529144287,21.21202850341797,-31.289085388183594
10.78,0.0,-7.294877529144287,23.086029052734375,-36.1230583190918
10.8,0.0,-7.294877529144287,24.34248161315918,-42.714874267578125
10.84,0.0,-7.294877529144287,24.72740364074707,-51.06447982788086
10.88,0.0,-7.294877529144287,24.996641159057617,-57.832054138183594
10.9,0.0,-7.294877529144287,24.59279441833496,-66.00587463378906
10.94,0.0,-7.294877529144287,24.14061737060547,-72.07034301757812
10.98,0.0,-7.294877529144287,22.74994659423828,-76.64064025878906
11.0,0.0,-7.294877529144287,20.742630004882812,-80.15628051757812
11.040000000000001,0.0,-7.294877529144287,19.52360725402832,-81.56253814697266
11.08,0.0,-7.294877529144287,16.69525718688965,-82.70511627197266
11.1,0.0,-7.294877529144287,13.410879135131836,-83.05667114257812
11.14,0.0,-7.294877529144287,11.624812126159668,-83.05667114257812
11.18,0.0,-7.294877529144287,7.825158596038818,-83.05667114257812
11.200000000000001,0.0,-7.294877529144287,7.825158596038818,-82.17776489257812
11.24,0.0,-7.294877529144287,1.7532005310058594,-81.03518676757812
11.26,0.0,-7.294877529144287,-2.3823766708374023,-79.27737426757812
11.3,0.0,-7.294877529144287,-4.4340691566467285,-75.84962463378906
11.34,0.0,-7.294877529144287,-8.434804916381836,-70.48831176757812
11.36,0.0,-7.294877529144287,-8.434804916381836,-62.92972183227539
11.4,0.0,-7.294877529144287,-13.974833488464355,-56.86524963378906
11.44,0.0,-7.294877529144287,-17.21155548095703,-51.06447982788086
11.46,0.0,-7.294877529144287,-17.21155548095703,-43.769561767578125
11.5,0.0,-7.294877529144287,-21.15651512145996,-36.5625114440918
11.540000000000001,0.0,-7.294877529144287,-23.071853637695312,-29.091814041137695
11.56,0.0,-7.294877529144287,-24.34947967529297,-20.30275535583496
11.6,0.0,-7.294877529144287,-24.736839294433594,-11.865257263183594
11.64,0.0,-7.294877529144287,-24.994123458862305,-6.152351379394531
11.66,0.0,-7.294877529144287,-24.994123458862305,-0.35158079862594604
11.700000000000001,0.0,-7.294877529144287,-24.078784942626953,4.042935371398926
11.74,0.0,-7.294877529144287,-22.6232967376709,7.031225204467773
11.76,0.0,-7.294877529144287,-20.534313201904297,10.371078491210938
11.8,0.0,-7.294877529144287,-19.269372940063477,11.953113555908203
11.84,0.0,-7.294877529144287,-16.341989517211914,13.007804870605469
11.86,0.0,-7.294877529144287,-12.953482627868652,13.447259902954102
11.9,0.0,-7.294877529144287,-12.953482627868652,13.447259902954102
11.94,0.0,-7.294877529144287,-7.214972019195557,13.447259902954102
11.98,0.0,-7.294877529144287,-3.108048677444458,13.359368324279785
12.02,0.0,-7.294877529144287,1.0900719165802002,11.953113555908203
12.040000000000001,0.0,-7.294877529144287,3.1863272190093994,8.876934051513672
12.08,0.0,-7.294877529144287,7.299001693725586,4.833953380584717
12.1,0.0,-7.294877529144287,7.299001693725586,-1.5820530652999878
12.14,0.0,-7.294877529144287,13.051297187805176,-7.2949323654174805
12.18,0.0,-7.294877529144287,16.448612213134766,-13.447293281555176
12.200000000000001,0.0,-7.294877529144287,16.448612213134766,-21.00588035583496
12.24,0.0,-7.294877529144287,20.64472198486328,-28.300796508789062
12.280000000000001,0.0,-7.294877529144287,22.724044799804688,-35.41992950439453
12.3,0.0,-7.294877529144287,24.15537452697754,-43.593780517578125
12.34,0.0,-7.294877529144287,24.61396598815918,-52.646514892578125
12.38,0.0,-7.294877529144287,24.99948501586914,-58.710960388183594
12.4,0.0,-7.294877529144287,24.66753578186035,-66.09376525878906
12.44,0.0,-7.294877529144287,24.234127044677734,-71.45510864257812
12.48,0.0,-7.294877529144287,22.846923828125,-74.61915588378906
12.5,0.0,-7.294877529144287,20.799833297729492,-78.0468978881836
12.540000000000001,0.0,-7.294877529144287,19.546077728271484,-79.98049926757812
12.58,0.0,-7.294877529144287,16.62251853942871,-81.03518676757812
12.6,0.0,-7.294877529144287,13.215261459350586,-82.00199127197266
12.64,0.0,-7.294877529144287,13.215261459350586,-82.00199127197266
12.68,0.0,-7.294877529144287,7.414235591888428,-82.00199127197266
12.72,0.0,-7.294877529144287,3.2493844032287598,-82.00199127197266
12.74,0.0,-7.294877529144287,3.2493844032287598,-81.91410064697266
12.780000000000001,0.0,-7.294877529144287,-3.143022060394287,-79.36526489257812
12.82,0.0,-7.294877529144287,-7.320263862609863,-75.84962463378906
12.84,0.0,-7.294877529144287,-7.320263862609863,-67.6758041381836
12.88,0.0,-7.294877529144287,-9.337368965148926,-61.084014892578125
12.92,0.0,-7.294877529144287,-16.588945388793945,-55.9863395690918
12.96,0.0,-7.294877529144287,-19.539169311523438,-50.53713607788086
12.98,0.0,-7.294877529144287,-21.917097091674805,-42.978546142578125
13.02,0.0,-7.294877529144287,-21.917097091674805,-33.925811767578125
13.06,0.0,-7.294877529144287,-21.917097091674805,-26.01563262939453
13.120000000000001,0.0,-7.294877529144287,-24.997465133666992,-11.865257263183594
13.14,0.0,-7.294877529144287,-24.566204071044922,-5.888679027557373
13.18,0.0,-7.294877529144287,-24.07568359375,-0.43947166204452515
13.22,0.0,-7.294877529144287,-22.561941146850586,3.0761632919311523
13.26,0.0,-7.294877529144287,-20.37616729736328,6.328097820281982
13.280000000000001,0.0,-7.294877529144287,-20.37616729736328,8.789043426513672
13.32,0.0,-7.294877529144287,-15.98132038116455,11.162096977233887
13.36,0.0,-7.294877529144287,-12.432685852050781,12.568350791931152
13.38,0.0,-7.294877529144287,-8.509387969970703,12.392568588256836
13.42,0.0,-7.294877529144287,-8.509387969970703,11.162096977233887
13.46,0.0,-7.294877529144287,-2.1793487071990967,9.052715301513672
13.5,0.0,-7.294877529144287,2.15351939201355,7.20700740814209
13.52,0.0,-7.294877529144287,2.15351939201355,3.1640541553497314
13.56,0.0,-7.294877529144287,8.497566223144531,-1.4062713384628296
13.6,0.0,-7.294877529144287,12.437230110168457,-6.152351379394531
13.620000000000001,0.0,-7.294877529144287,14.27451229095459,-13.271512031555176
13.66,0.0,-7.294877529144287,17.613983154296875,-19.511735916137695
13.700000000000001,0.0,-7.294877529144287,20.42294692993164,-29.267597198486328
13.72,0.0,-7.294877529144287,20.42294692993164,-37.70509338378906
13.76,0.0,-7.294877529144287,23.457496643066406,-44.29690933227539
13.8,0.0,-7.294877529144287,24.60271453857422,-52.646514892578125
13.82,0.0,-7.294877529144287,24.60271453857422,-59.67776107788086
13.86,0.0,-7.294877529144287,24.896194458007812,-68.4668197631836
13.9,0.0,-7.294877529144287,24.16865348815918,-73.03714752197266
13.94,0.0,-7.294877529144287,22.685317993164062,-76.9043197631836
13.96,0.0,-7.294877529144287,22.685317993164062,-80.33206176757812
14.0,0.0,-7.294877529144287,21.679141998291016,-83.40824127197266
14.040000000000001,0.0,-7.294877529144287,16.080833435058594,-87.1875228881836
14.06,0.0,-7.294877529144287,12.489535331726074,-88.15432739257812
14.1,0.0,-7.294877529144287,12.489535331726074,-88.15432739257812
14.14,0.0,-7.294877529144287,6.413752555847168,-87.80274963378906
14.16,0.0,-7.294877529144287,2.0849955081939697,-86.7480697631836
14.200000000000001,0.0,-7.294877529144287,2.0849955081939697,-83.05667114257812
14.24,0.0,-7.294877529144287,-4.493000030517578,-79.36526489257812
14.280000000000001,0.0,-7.294877529144287,-8.736912727355957,-74.44337463378906
14.3,0.0,-7.294877529144287,-8.736912727355957,-65.74220275878906
14.34,0.0,-7.294877529144287,-14.561366081237793,-60.38088607788086
14.38,0.0,-7.294877529144287,-17.906217575073242,-53.525421142578125
14.42,0.0,-7.294877529144287,-20.695646286010742,-45.1757926940918
14.44,0.0,-7.294877529144287,-21.853702545166016,-37.08985900878906
14.48,0.0,-7.294877529144287,-23.650293350219727,-29.179704666137695
14.5,0.0,-7.294877529144287,-24.708227157592773,-20.742210388183594
14.540000000000001,0.0,-7.294877529144287,-24.948347091674805,-12.568385124206543
14.58,0.0,-7.294877529144287,-24.840314865112305,-6.679696559906006
14.6,0.0,-7.294877529144287,-23.951751708984375,-1.3183804750442505
14.64,0.0,-7.294877529144287,-23.22197723388672,1.7578002214431763
14.68,0.0,-7.294877529144287,-21.219051361083984,5.009735107421875
14.700000000000001,0.0,-7.294877529144287,-21.219051361083984,7.29489803314209
14.74,0.0,-7.294877529144287,-16.981794357299805,10.371078491210938
14.780000000000001,0.0,-7.294877529144287,-13.462976455688477,12.30467700958252
14.8,0.0,-7.294877529144287,-13.462976455688477,12.480459213256836
14.84,0.0,-7.294877529144287,-7.4184370040893555,12.12889575958252
14.88,0.0,-7.294877529144287,-3.0629587173461914,10.722641944885254
14.9,0.0,-7.294877529144287,-0.8385871648788452,7.558570861816406
14.94,0.0,-7.294877529144287,3.6150667667388916,2.9882724285125732
14.98,0.0,-7.294877529144287,7.957011699676514,-2.28518009185791
15.0,0.0,-7.294877529144287,10.042450904846191,-9.316422462463379
15.040000000000001,0.0,-7.294877529144287,13.958586692810059,-15.644537925720215
15.08,0.0,-7.294877529144287,17.431135177612305,-21.884790420532227
15.1,0.0,-7.294877529144287,18.96531105041504,-29.443378448486328
15.120000000000001,0.0,-7.294877529144287,21.56711769104004,-36.1230583190918
15.16,0.0,-7.294877529144287,21.56711769104004,-44.209014892578125
15.200000000000001,0.0,-7.294877529144287,24.15386199951172,-53.261749267578125
15.22,0.0,-7.294877529144287,24.91765785217285,-59.23830795288086
15.26,0.0,-7.294877529144287,24.91765785217285,-67.4121322631836
15.3,0.0,-7.294877529144287,24.556331634521484,-72.77346801757812
15.34,0.0,-7.294877529144287,23.319351196289062,-76.9043197631836
15.36,0.0,-7.294877529144287,21.3262882232666,-80.85940551757812
15.4,0.0,-7.294877529144287,21.3262882232666,-83.40824127197266
15.44,0.0,-7.294877529144287,17.062829971313477,-86.8359603881836
15.46,0.0,-7.294877529144287,13.50366497039795,-88.3301010131836
15.5,0.0,-7.294877529144287,13.50366497039795,-88.4179916381836
15.540000000000001,0.0,-7.294877529144287,7.375284194946289,-88.3301010131836
15.58,0.0,-7.294877529144287,2.9562361240386963,-88.15432739257812
15.6,0.0,-7.294877529144287,-1.5628888607025146,-86.2207260131836
15.64,0.0,-7.294877529144287,-3.813833236694336,-82.61721801757812
15.68,0.0,-7.294877529144287,-8.206198692321777,-78.4863510131836
15.700000000000001,0.0,-7.294877529144287,-12.332674980163574,-70.4004135131836
15.74,0.0,-7.294877529144287,-14.25317668914795,-62.75394058227539
15.780000000000001,0.0,-7.294877529144287,-17.729129791259766,-54.49222183227539
15.8,0.0,-7.294877529144287,-17.729129791259766,-45.1757926940918
15.84,0.0,-7.294877529144287,-19.255617141723633,-37.17774963378906
15.88,0.0,-7.294877529144287,-21.82183074951172,-30.23439598083496
15.92,0.0,-7.294877529144287,-24.735565185546875,-23.203153610229492
15.96,0.0,-7.294877529144287,-24.9831485748291,-15.46878433227539
15.98,0.0,-7.294877529144287,-24.9831485748291,-7.646495819091797
16.02,0.0,-7.294877529144287,-23.805082321166992,-3.076197862625122
16.06,0.0,-7.294877529144287,-22.02201271057129,0.7031096816062927
16.080000000000002,0.0,-7.294877529144287,-22.02201271057129,3.603508234024048
16.12,0.0,-7.294877529144287,-17.99435043334961,6.415988922119141
16.14,0.0,-7.294877529144287,-14.535447120666504,8.876934051513672
16.18,0.0,-7.294877529144287,-14.535447120666504,9.404278755187988
16.22,0.0,-7.294877529144287,-12.614893913269043,9.228497505187988
16.26,0.0,-7.294877529144287,-4.0404744148254395,9.052715301513672
16.28,0.0,-7.294877529144287,0.529312014579773,7.910134315490723
16.32,0.0,-7.294877529144287,2.818495273590088,5.185516834259033
16.36,0.0,-7.294877529144287,7.309120178222656,0.5273279547691345
16.38,0.0,-7.294877529144287,11.55689525604248,-5.273469924926758
16.42,0.0,-7.294877529144287,13.544301986694336,-12.480494499206543
16.46,0.0,-7.294877529144287,17.16166877746582,-19.599628448486328
16.48,0.0,-7.294877529144287,20.201276779174805,-29.355487823486328
16.52,0.0,-7.294877529144287,21.470970153808594,-37.17774963378906
16.54,0.0,-7.294877529144287,23.455322265625,-44.38479995727539
16.580000000000002,0.0,-7.294877529144287,23.455322265625,-55.1074333190918
16.62,0.0,-7.294877529144287,24.926971435546875,-62.40237808227539
16.66,0.0,-7.294877529144287,24.853439331054688,-69.3457260131836
16.7,0.0,-7.294877529144287,23.932636260986328,-75.49806213378906
16.72,0.0,-7.294877529144287,23.932636260986328,-80.15628051757812
16.76,0.0,-7.294877529144287,21.0350284576416,-83.32035064697266
16.8,0.0,-7.294877529144287,18.18602180480957,-85.69340515136719
16.82,0.0,-7.294877529144287,16.520082473754883,-85.86917877197266
16.86,0.0,-7.294877529144287,12.775885581970215,-85.95707702636719
16.88,0.0,-7.294877529144287,8.589983940124512,-85.95707702636719
16.92,0.0,-7.294877529144287,6.375598907470703,-85.69340515136719
16.96,0.0,-7.294877529144287,1.7988626956939697,-83.84770202636719
16.98,0.0,-7.294877529144287,-2.8433704376220703,-79.4531478881836
17.02,0.0,-7.294877529144287,-2.8433704376220703,-73.30081939697266
17.06,0.0,-7.294877529144287,-9.579713821411133,-68.3789291381836
17.1,0.0,-7.294877529144287,-13.692238807678223,-63.457069396972656
17.14,0.0,-7.294877529144287,-17.333200454711914,-58.271507263183594
17.16,0.0,-7.294877529144287,-17.333200454711914,-49.394554138183594
17.2,0.0,-7.294877529144287,-21.637022018432617,-42.36330795288086
17.240000000000002,0.0,-7.294877529144287,-23.586870193481445,-33.574249267578125
17.26,0.0,-7.294877529144287,-24.716136932373047,-23.203153610229492
17.3,0.0,-7.294877529144287,-24.716136932373047,-13.09572982788086
17.34,0.0,-7.294877529144287,-24.958988189697266,-6.943369388580322
17.36,0.0,-7.294877529144287,-23.75223731994629,-1.3183804750442505
17.400000000000002,0.0,-7.294877529144287,-22.918014526367188,3.0761632919311523
17.44,0.0,-7.294877529144287,-20.653579711914062,5.097625732421875
17.46,0.0,-7.294877529144287,-17.66214370727539,6.943334102630615
17.5,0.0,-7.294877529144287,-15.925246238708496,7.910134315490723
17.52,0.0,-7.294877529144287,-12.044645309448242,7.822243690490723
17.56,0.0,-7.294877529144287,-9.934897422790527,7.558570861816406
17.6,0.0,-7.294877529144287,-5.468966007232666,6.152316093444824
17.64,0.0,-7.294877529144287,-0.806471049785614,1.7578002214431763
17.66,0.0,-7.294877529144287,3.8880460262298584,-2.5488526821136475
17.7,0.0,-7.294877529144287,3.8880460262298584,-8.789076805114746
17.740000000000002,0.0,-7.294877529144287,6.195252418518066,-13.183621406555176
17.76,0.0,-7.294877529144287,14.684735298156738,-16.435556411743164
17.8,0.0,-7.294877529144287,14.684735298156738,-21.093772888183594
17.84,0.0,-7.294877529144287,19.756925582885742,-26.630870819091797
17.86,0.0,-7.294877529144287,22.284643173217773,-33.662139892578125
17.900000000000002,0.0,-7.294877529144287,22.284643173217773,-41.57229232788086
17.94,0.0,-7.294877529144287,24.5667724609375,-51.59182357788086
17.96,0.0,-7.294877529144287,24.9998836517334,-58.535179138183594
18.0,0.0,-7.294877529144287,24.9998836517334,-67.5000228881836
18.04,0.0,-7.294877529144287,23.973527908325195,-74.44337463378906
18.06,0.0,-7.294877529144287,22.20485496520996,-79.6289291381836
18.1,0.0,-7.294877529144287,22.20485496520996,-85.42972564697266
18.14,0.0,-7.294877529144287,18.078983306884766,-88.24221801757812
18.16,0.0,-7.294877529144287,14.488511085510254,-88.8574447631836
18.2,0.0,-7.294877529144287,14.488511085510254,-88.8574447631836
18.240000000000002,0.0,-7.294877529144287,8.16244888305664,-88.7695541381836
18.28,0.0,-7.294877529144287,3.539045810699463,-87.80274963378906
18.3,0.0,-7.294877529144287,-1.2160359621047974,-84.81449890136719
18.34,0.0,-7.294877529144287,-1.2160359621047974,-80.06838989257812
18.38,0.0,-7.294877529144287,-8.218689918518066,-75.14649963378906
18.400000000000002,0.0,-7.294877529144287,-12.552663803100586,-68.3789291381836
18.44,0.0,-7.294877529144287,-12.552663803100586,-59.326194763183594
18.48,0.0,-7.294877529144287,-14.558704376220703,-50.097679138183594
18.52,0.0,-7.294877529144287,-21.0946044921875,-44.91211700439453
18.56,0.0,-7.294877529144287,-23.263181686401367,-39.902366638183594
18.580000000000002,0.0,-7.294877529144287,-23.263181686401367,-29.882831573486328
18.62,0.0,-7.294877529144287,-24.032485961914062,-21.093772888183594
18.66,0.0,-7.294877529144287,-24.86345672607422,-12.656275749206543
18.68,0.0,-7.294877529144287,-23.908275604248047,-6.416024208068848
18.72,0.0,-7.294877529144287,-23.908275604248047,-0.9668169021606445
18.76,0.0,-7.294877529144287,-20.84331703186035,2.021472692489624
18.8,0.0,-7.294877529144287,-17.818984985351562,4.306607723236084
18.84,0.0,-7.294877529144287,-17.818984985351562,4.482389450073242
18.86,0.0,-7.294877529144287,-9.923457145690918,6.152316093444824
18.900000000000002,0.0,-7.294877529144287,-7.668789386749268,7.29489803314209
18.94,0.0,-7.294877529144287,-2.9647655487060547,7.20700740814209
18.96,0.0,-7.294877529144287,1.8527978658676147,5.976534366607666
19.0,0.0,-7.294877529144287,1.8527978658676147,2.724599838256836
19.04,0.0,-7.294877529144287,8.900899887084961,-1.3183804750442505
19.06,0.0,-7.294877529144287,13.225152969360352,-6.2402424812316895
19.1,0.0,-7.294877529144287,13.225152969360352,-14.853547096252441
19.14,0.0,-7.294877529144287,18.745759963989258,-21.621116638183594
19.16,0.0,-7.294877529144287,21.579927444458008,-30.05861473083496
19.2,0.0,-7.294877529144287,21.579927444458008,-39.550804138183594
19.240000000000002,0.0,-7.294877529144287,24.29341697692871,-49.04298782348633
19.28,0.0,-7.294877529144287,24.9755859375,-57.48048782348633
19.3,0.0,-7.294877529144287,24.71904182434082,-66.7968978881836
19.34,0.0,-7.294877529144287,24.71904182434082,-74.26758575439453
19.38,0.0,-7.294877529144287,22.600419998168945,-79.6289291381836
19.400000000000002,0.0,-7.294877529144287,20.106908798217773,-84.11136627197266
19.44,0.0,-7.294877529144287,18.56751823425293,-86.92384338378906
19.48,0.0,-7.294877529144287,14.975235939025879,-87.4511947631836
19.5,0.0,-7.294877529144287,10.813090324401855,-87.4511947631836
19.54,0.0,-7.294877529144287,8.56656551361084,-86.8359603881836
19.580000000000002,0.0,-7.294877529144287,3.8486926555633545,-84.37504577636719
19.6,0.0,-7.294877529144287,-1.018902063369751,-79.80471801757812
19.64,0.0,-7.294877529144287,-3.4510862827301025,-74.70704650878906
19.68,0.0,-7.294877529144287,-8.196303367614746,-68.7304916381836
19.7,0.0,-7.294877529144287,-8.196303367614746,-61.78714370727539
19.740000000000002,0.0,-7.294877529144287,-14.680326461791992,-55.7226676940918
19.78,0.0,-7.294877529144287,-18.338415145874023,-50.273460388183594
19.8,0.0,-7.294877529144287,-18.338415145874023,-42.978546142578125
19.84,0.0,-7.294877529144287,-22.476608276367188,-35.15625762939453
19.88,0.0,-7.294877529144287,-24.179475784301758,-27.24610710144043
19.900000000000002,0.0,-7.294877529144287,-24.179475784301758,-16.347665786743164
19.94,0.0,-7.294877529144287,-24.982200622558594,-8.173840522766113
19.98,0.0,-7.294877529144287,-24.316638946533203,-2.5488526821136475
20.0,0.0,-7.294877529144287,-24.316638946533203,4.5702805519104
20.04,0.0,-7.294877529144287,-23.629024505615234,7.822243690490723
20.080000000000002,0.0,-7.294877529144287,-18.68754768371582,10.546859741210938
20.1,0.0,-7.294877529144287,-15.073531150817871,11.953113555908203
20.14,0.0,-7.294877529144287,-15.073531150817871,11.601550102233887
20.18,0.0,-7.294877529144287,-8.601788520812988,11.425768852233887
20.22,0.0,-7.294877529144287,-3.829439401626587,11.24998664855957
20.26,0.0,-7.294877529144287,1.0953046083450317,8.789043426513672
20.28,0.0,-7.294877529144287,3.5550148487091064,5.009735107421875
20.32,0.0,-7.294877529144287,8.349129676818848,0.17576444149017334
20.34,0.0,-7.294877529144287,12.820631980895996,-6.3281331062316895
20.38,0.0,-7.294877529144287,14.8798828125,-14.238311767578125
20.42,0.0,-7.294877529144287,18.543949127197266,-20.65431785583496
20.44,0.0,-7.294877529144287,18.543949127197266,-31.640649795532227
20.48,0.0,-7.294877529144287,20.112462997436523,-39.63869094848633
20.52,0.0,-7.294877529144287,24.28915786743164,-46.6699333190918
20.56,0.0,-7.294877529144287,24.97964096069336,-54.6679801940918
20.580000000000002,0.0,-7.294877529144287,24.686784744262695,-63.10550308227539
20.62,0.0,-7.294877529144287,24.686784744262695,-71.10354614257812
20.66,0.0,-7.294877529144287,22.434974670410156,-76.46485900878906
20.7,0.0,-7.294877529144287,19.808916091918945,-80.33206176757812
20.72,0.0,-7.294877529144287,16.39691925048828,-82.88089752197266
20.76,0.0,-7.294877529144287,14.436837196350098,-83.05667114257812
20.78,0.0,-7.294877529144287,10.104865074157715,-83.05667114257812
20.82,0.0,-7.294877529144287,10.104865074157715,-82.08987426757812
20.86,0.0,-7.294877529144287,2.906716823577881,-80.24417114257812
20.88,0.0,-7.294877529144287,-2.081498384475708,-79.54104614257812
20.92,0.0,-7.294877529144287,-2.081498384475708,-76.5527572631836
20.96,0.0,-7.294877529144287,-4.55821418762207,-71.27932739257812
20.98,0.0,-7.294877529144287,-13.77790641784668,-65.74220275878906
21.02,0.0,-7.294877529144287,-13.77790641784668,-58.623069763183594
21.06,0.0,-7.294877529144287,-15.79507827758789,-47.63673400878906
21.1,0.0,-7.294877529144287,-22.106847763061523,-41.48440170288086
21.14,0.0,-7.294877529144287,-23.990726470947266,-32.871124267578125
21.16,0.0,-7.294877529144287,-24.91136932373047,-22.50002670288086
21.2,0.0,-7.294877529144287,-24.996692657470703,-12.744166374206543
21.240000000000002,0.0,-7.294877529144287,-24.41172218322754,-5.449251651763916
21.26,0.0,-7.294877529144287,-22.84139060974121,2.812490701675415
21.3,0.0,-7.294877529144287,-21.70438575744629,8.261697769165039
21.34,0.0,-7.294877529144287,-18.78296661376953,11.86522388458252
21.38,0.0,-7.294877529144287,-18.78296661376953,13.798794746398926
21.400000000000002,0.0,-7.294877529144287,-17.027732849121094,13.710905075073242
21.44,0.0,-7.294877529144287,-8.47362232208252,13.623013496398926
21.48,0.0,-7.294877529144287,-3.5836308002471924,13.359368324279785
21.5,0.0,-7.294877529144287,1.4555805921554565,11.337878227233887
21.54,0.0,-7.294877529144287,3.9671103954315186,7.7343525886535645
21.580000000000002,0.0,-7.294877529144287,8.845885276794434,2.900381565093994
21.6,0.0,-7.294877529144287,13.366846084594727,-3.779325246810913
21.64,0.0,-7.294877529144287,15.434379577636719,-11.074240684509277
21.68,0.0,-7.294877529144287,19.077049255371094,-18.720718383789062
21.7,0.0,-7.294877529144287,21.94053840637207,-28.652360916137695
21.740000000000002,0.0,-7.294877529144287,23.041484832763672,-37.44142150878906
21.78,0.0,-7.294877529144287,24.52406883239746,-46.0546989440918
21.8,0.0,-7.294877529144287,24.99925422668457,-56.77735900878906
21.84,0.0,-7.294877529144287,24.850643157958984,-64.59961700439453
21.88,0.0,-7.294877529144287,23.787330627441406,-72.15823364257812
21.900000000000002,0.0,-7.294877529144287,21.741729736328125,-79.0136947631836
21.94,0.0,-7.294877529144287,20.374832153320312,-84.99027252197266
21.98,0.0,-7.294877529144287,17.0223445892334,-88.68167114257812
22.0,0.0,-7.382795810699463,12.962687492370605,-90.35159301757812
22.04,0.0,-7.382795810699463,10.718831062316895,-90.35159301757812
22.080000000000002,0.0,-7.382795810699463,5.918785095214844,-90.35159301757812
22.1,0.0,-7.382795810699463,0.8694978952407837,-88.7695541381836
22.14,0.0,-7.382795810699463,-1.6833115816116333,-85.60551452636719
22.16,0.0,-7.382795810699463,-6.712392330169678,-81.21096801757812
22.2,0.0,-7.382795810699463,-6.712392330169678,-74.79493713378906
22.240000000000002,0.0,-7.382795810699463,-13.674858093261719,-66.88478088378906
22.26,0.0,-7.382795810699463,-17.645381927490234,-59.50197982788086
22.3,0.0,-7.382795810699463,-17.645381927490234,-47.63673400878906
22.34,0.0,-7.382795810699463,-22.17775535583496,-41.220726013183594
22.38,0.0,-7.382795810699463,-24.06340980529785,-32.43166732788086
22.400000000000002,0.0,-7.382795810699463,-24.940013885498047,-22.060571670532227
22.44,0.0,-7.382795810699463,-24.940013885498047,-11.513693809509277
22.48,0.0,-7.382795810699463,-24.289777755737305,-5.888679027557373
22.52,0.0,-7.382795810699463,-22.56966209411621,-0.17579905688762665
22.56,0.0,-7.382795810699463,-19.896156311035156,4.6581711769104
22.580000000000002,0.0,-7.382795810699463,-19.896156311035156,5.800752639770508
22.62,0.0,-7.382795810699463,-14.351080894470215,6.855443477630615
22.66,0.0,-7.382795810699463,-9.856857299804688,7.031225204467773
22.68,0.0,-7.382795810699463,-4.9416985511779785,6.503879547119141
22.72,0.0,-7.382795810699463,-2.390718698501587,4.921844005584717
22.76,0.0,-7.382795810699463,2.7628016471862793,1.4062366485595703
22.78,0.0,-7.382795810699463,7.8022966384887695,-3.603543519973755
22.82,0.0,-7.382795810699463,10.211709022521973,-9.843767166137695
22.86,0.0,-7.382795810699463,14.681004524230957,-17.138683319091797
22.88,0.0,-7.382795810699463,18.526655197143555,-25.48828887939453
22.92,0.0,-7.382795810699463,20.162620544433594,-34.18948745727539
22.96,0.0,-7.382795810699463,22.772315979003906,-42.09963607788086
22.98,0.0,-7.294877529144287,24.408374786376953,-54.05276870727539
23.02,0.0,-7.382795810699463,24.408374786376953,-63.28128433227539
23.06,0.0,-7.294877529144287,24.891189575195312,-70.66409301757812
23.080000000000002,0.0,-7.382795810699463,23.875585556030273,-76.37696838378906
23.12,0.0,-7.294877529144287,23.875585556030273,-82.96878814697266
23.16,0.0,-7.382795810699463,20.449420928955078,-87.36329650878906
23.18,0.0,-7.382795810699463,17.037395477294922,-89.38479614257812
23.22,0.0,-7.294877529144287,17.037395477294922,-89.47268676757812
23.26,0.0,-7.294877529144287,10.590021133422852,-89.47268676757812
23.28,0.0,-7.294877529144287,5.674609184265137,-89.47268676757812
23.32,0.0,-7.382795810699463,5.674609184265137,-89.03323364257812
23.36,0.0,-7.294877529144287,-2.0960867404937744,-86.39649963378906
23.400000000000002,0.0,-7.382795810699463,-7.214294910430908,-82.35355377197266
23.42,0.0,-7.382795810699463,-12.022263526916504,-76.37696838378906
23.46,0.0,-7.294877529144287,-14.243535995483398,-68.8183822631836
23.5,0.0,-7.382795810699463,-18.198972702026367,-61.17190170288086
23.54,0.0,-7.382795810699463,-21.363073348999023,-48.16408157348633
23.56,0.0,-7.382795810699463,-22.603160858154297,-40.605491638183594
23.6,0.0,-7.382795810699463,-24.330440521240234,-31.464868545532227
23.64,0.0,-7.294877529144287,-24.993776321411133,-21.533227920532227
23.66,0.0,-7.294877529144287,-24.561939239501953,-10.810566902160645
23.7,0.0,-7.382795810699463,-23.938684463500977,-5.0976881980896
23.740000000000002,0.0,-7.294877529144287,-21.91037940979004,0.26365530490875244
23.76,0.0,-7.294877529144287,-18.917007446289062,4.130825996398926
23.8,0.0,-7.294877529144287,-17.097482681274414,4.921844005584717
23.84,0.0,-7.294877529144287,-12.911974906921387,4.5702805519104
23.86,0.0,-7.382795810699463,-8.153833389282227,3.2519450187683105
23.900000000000002,0.0,-7.382795810699463,-5.624607086181641,0.26365530490875244
23.92,0.0,-7.294877529144287,-0.4052518904209137,-2.7246344089508057
23.96,0.0,-7.294877529144287,-0.4052518904209137,-8.525404930114746
24.0,0.0,-7.294877529144287,7.391122341156006,-12.568385124206543
24.02,0.0,-7.382795810699463,12.230666160583496,-16.435556411743164
24.060000000000002,0.0,-7.294877529144287,14.460538864135742,-21.181663513183594
24.1,0.0,-7.382795810699463,18.415828704833984,-27.070323944091797
24.12,0.0,-7.382795810699463,18.415828704833984,-35.7714958190918
24.16,0.0,-7.382795810699463,22.770586013793945,-42.890655517578125
24.2,0.0,-7.382795810699463,24.430370330810547,-52.910186767578125
24.22,0.0,-7.294877529144287,24.430370330810547,-62.66604995727539
24.26,0.0,-7.294877529144287,24.854328155517578,-70.57620239257812
24.3,0.0,-7.294877529144287,23.763324737548828,-77.7832260131836
24.32,0.0,-7.294877529144287,21.595539093017578,-85.95707702636719
24.36,0.0,-7.382795810699463,21.595539093017578,-91.75785064697266
24.400000000000002,0.0,-7.470659255981445,16.565813064575195,-94.92191314697266
24.44,0.0,-7.558577537536621,12.244367599487305,-95.88868713378906
24.46,0.0,-7.558577537536621,7.3687028884887695,-95.97657775878906
24.5,0.0,-7.558577537536621,7.3687028884887695,-95.44926452636719
24.54,0.0,-7.558577537536621,-0.5008247494697571,-93.16410064697266
24.580000000000002,0.0,-7.558577537536621,-5.773164749145508,-88.8574447631836
24.6,0.0,-7.558577537536621,-10.787795066833496,-82.88089752197266
24.64,0.0,-7.558577537536621,-13.126602172851562,-77.08009338378906
24.68,0.0,-7.558577537536621,-17.33401107788086,-69.16995239257812
24.7,0.0,-7.558577537536621,-20.757369995117188,-58.18361282348633
24.740000000000002,0.0,-7.294877529144287,-20.757369995117188,-46.4062614440918
24.78,0.0,-7.294877529144287,-24.089921951293945,-39.11134719848633
24.8,0.0,-7.207014083862305,-24.959680557250977,-29.707050323486328
24.84,0.0,-7.207014083862305,-24.959680557250977,-19.951190948486328
24.88,0.0,-7.294877529144287,-24.13227081298828,-11.865257263183594
24.92,0.0,-7.207014083862305,-22.19276237487793,-5.712924480438232
24.94,0.0,-7.294877529144287,-22.19276237487793,-1.7302845662925392e-05
24.98,0.0,-7.294877529144287,-17.417219161987305,3.2519450187683105
25.02,0.0,-7.294877529144287,-13.199252128601074,4.218717098236084
25.04,0.0,-7.207014083862305,-13.199252128601074,4.130825996398926
25.080000000000002,0.0,-7.294877529144287,-5.799126625061035,3.0761632919311523
25.12,0.0,-7.294877529144287,-0.47943276166915894,-0.17579905688762665
25.14,0.0,-7.294877529144287,-0.47943276166915894,-4.746124744415283
25.18,0.0,-7.294877529144287,7.470763206481934,-10.195331573486328
25.22,0.0,-7.294877529144287,12.39470100402832,-16.17188262939453
25.240000000000002,0.0,-7.294877529144287,16.749086380004883,-23.730499267578125
25.28,0.0,-7.294877529144287,16.749086380004883,-33.222686767578125
25.32,0.0,-7.294877529144287,21.778913497924805,-41.044944763183594
25.34,0.0,-7.294877529144287,23.902029037475586,-50.185569763183594
25.38,0.0,-7.207014083862305,24.552324295043945,-58.271507263183594
25.42,0.0,-7.294877529144287,24.99125099182129,-66.53321838378906
25.44,0.0,-7.294877529144287,24.267990112304688,-75.23439025878906
25.48,0.0,-7.294877529144287,23.478260040283203,-82.26565551757812
25.52,0.0,-7.294877529144287,21.087236404418945,-88.5058822631836
25.54,0.0,-7.382795810699463,17.71056365966797,-92.90042877197266
25.580000000000002,0.0,-7.558577537536621,15.69968318939209,-94.92191314697266
25.62,0.0,-7.558577537536621,11.14940357208252,-95.36136627197266
25.64,0.0,-7.558577537536621,8.663061141967773,-95.36136627197266
25.68,0.0,-7.558577537536621,3.4130053520202637,-94.83402252197266
25.7,0.0,-7.558577537536621,-2.000558614730835,-92.02151489257812
25.740000000000002,0.0,-7.558577537536621,-4.689291954040527,-87.4511947631836
25.78,0.0,-7.558577537536621,-9.872498512268066,-82.17776489257812
25.8,0.0,-7.558577537536621,-14.594385147094727,-75.14649963378906
25.84,0.0,-7.558577537536621,-16.71139144897461,-66.18165588378906
25.88,0.0,-7.558577537536621,-20.33184051513672,-57.48048782348633
25.900000000000002,0.0,-7.294877529144287,-22.99454689025879,-45.96680450439453
25.94,0.0,-7.207014083862305,-23.92488670349121,-37.44142150878906
25.98,0.0,-7.207014083862305,-24.92716407775879,-27.59766960144043
26.0,0.0,-7.294877529144287,-24.74917984008789,-16.435556411743164
26.04,0.0,-7.207014083862305,-24.21731185913086,-8.43751335144043
26.080000000000002,0.0,-7.207014083862305,-22.297969818115234,-2.4609618186950684
26.1,0.0,-7.207014083862305,-19.317604064941406,4.394498825073242
26.14,0.0,-7.207014083862305,-17.47139549255371,7.6464619636535645
26.18,0.0,-7.294877529144287,-13.17575740814209,9.316388130187988
26.2,0.0,-7.207014083862305,-13.17575740814209,9.052715301513672
26.240000000000002,0.0,-7.207014083862305,-10.777280807495117,8.085916519165039
26.28,0.0,-7.294877529144287,-0.19358469545841217,5.53708028793335
26.3,0.0,-7.207014083862305,5.246931076049805,1.3183457851409912
26.34,0.0,-7.294877529144287,5.246931076049805,-4.13088846206665
26.38,0.0,-7.207014083862305,12.86424446105957,-10.810566902160645
26.400000000000002,0.0,-7.207014083862305,17.224029541015625,-18.193374633789062
26.44,0.0,-7.207014083862305,19.106334686279297,-25.751962661743164
26.48,0.0,-7.207014083862305,22.16157341003418,-34.71683120727539
26.5,0.0,-7.207014083862305,24.15172576904297,-44.56058120727539
26.54,0.0,-7.294877529144287,24.71462631225586,-55.01953887939453
26.580000000000002,0.0,-7.207014083862305,24.940719604492188,-63.54495620727539
26.62,0.0,-7.294877529144287,23.962230682373047,-72.59769439697266
26.64,0.0,-7.207014083862305,23.962230682373047,-81.03518676757812
26.68,0.0,-7.207014083862305,20.349868774414062,-87.9785385131836
26.72,0.0,-7.294877529144287,16.67879867553711,-92.02151489257812
26.740000000000002,0.0,-7.382795810699463,16.67879867553711,-95.36136627197266
26.78,0.0,-7.558577537536621,9.716699600219727,-96.5039291381836
26.82,0.0,-7.558577537536621,4.43174934387207,-96.5039291381836
26.84,0.0,-7.558577537536621,-1.0722802877426147,-96.41603088378906
26.88,0.0,-7.558577537536621,-3.8228399753570557,-94.04300689697266
26.92,0.0,-7.558577537536621,-9.15322494506836,-90.08792114257812
26.94,0.0,-7.558577537536621,-9.15322494506836,-83.32035064697266
26.98,0.0,-7.558577537536621,-16.24094009399414,-78.0468978881836
27.02,0.0,-7.558577537536621,-20.0224552154541,-69.87307739257812
27.04,0.0,-7.558577537536621,-22.82544708251953,-59.50197982788086
27.080000000000002,0.0,-7.558577537536621,-23.81438446044922,-48.69142532348633
27.12,0.0,-7.207014083862305,-24.90509033203125,-40.078147888183594
27.14,0.0,-7.207014083862305,-24.772464752197266,-27.421886444091797
27.18,0.0,-7.207014083862305,-24.772464752197266,-15.293002128601074
27.22,0.0,-7.207014083862305,-22.305437088012695,-6.3281331062316895
27.26,0.0,-7.207014083862305,-19.2635498046875,1.054673194885254
27.28,0.0,-7.207014083862305,-15.268754959106445,8.789043426513672
27.32,0.0,-7.207014083862305,-12.973546981811523,13.623013496398926
27.36,0.0,-7.207014083862305,-7.928579330444336,17.314430236816406
27.38,0.0,-7.207014083862305,-2.4877798557281494,18.281230926513672
27.42,0.0,-7.207014083862305,0.29741770029067993,18.10544776916504
27.44,0.0,-7.207014083862305,5.824725151062012,17.226539611816406
27.48,0.0,-7.207014083862305,5.824725151062012,14.589813232421875
27.52,0.0,-7.207014083862305,13.497052192687988,10.722641944885254
27.54,0.0,-7.207014083862305,17.82743263244629,5.185516834259033
27.580000000000002,0.0,-7.207014083862305,19.672428131103516,-1.3183804750442505
27.62,0.0,-7.207014083862305,22.60590171813965,-8.085949897766113
27.64,0.0,-7.207014083862305,24.412382125854492,-18.01759147644043
27.68,0.0,-7.207014083862305,24.412382125854492,-27.68556022644043
27.72,0.0,-7.207014083862305,24.823280334472656,-37.26564025878906
27.76,0.0,-7.207014083862305,23.541278839111328,-47.46095275878906
27.78,0.0,-7.207014083862305,23.541278839111328,-58.535179138183594
27.82,0.0,-7.207014083862305,22.450942993164062,-69.6972885131836
27.86,0.0,-7.207014083862305,15.447623252868652,-77.6953353881836
27.900000000000002,0.0,-7.207014083862305,10.676863670349121,-85.25395202636719
27.92,0.0,-7.294877529144287,5.365242958068848,-92.19730377197266
27.96,0.0,-7.382795810699463,2.5892834663391113,-96.5918197631836
27.98,0.0,-7.558577537536621,-3.0280232429504395,-99.58010864257812
28.02,0.0,-7.6464409828186035,-3.0280232429504395,-100.63479614257812
28.060000000000002,0.0,-7.6464409828186035,-11.08639907836914,-100.63479614257812
28.1,0.0,-7.6464409828186035,-15.816505432128906,-100.01956939697266
28.12,0.0,-7.6464409828186035,-19.74769401550293,-97.9101791381836
28.16,0.0,-7.6464409828186035,-21.349008560180664,-94.04300689697266
28.2,0.0,-7.6464409828186035,-23.720184326171875,-88.0664291381836
28.22,0.0,-7.6464409828186035,-23.720184326171875,-80.94729614257812
28.26,0.0,-7.6464409828186035,-24.459285736083984,-73.21292877197266
28.3,0.0,-7.6464409828186035,-24.25956153869629,-63.896522521972656
28.32,0.0,-7.470659255981445,-22.284963607788086,-52.73440170288086
28.36,0.0,-7.382795810699463,-22.284963607788086,-41.92385482788086
28.400000000000002,0.0,-7.382795810699463,-20.86180877685547,-32.60744857788086
28.44,0.0,-7.382795810699463,-12.720849990844727,-23.027372360229492
28.46,0.0,-7.382795810699463,-10.203246116638184,-14.150420188903809
28.5,0.0,-7.382795810699463,-4.8060760498046875,-7.1191511154174805
28.52,0.0,-7.382795810699463,0.8411521911621094,-1.1425986289978027
28.560000000000002,0.0,-7.382795810699463,3.6681032180786133,3.4277267456054688
28.6,0.0,-7.382795810699463,9.146790504455566,5.53708028793335
28.62,0.0,-7.382795810699463,14.157817840576172,5.800752639770508
28.66,0.0,-7.382795810699463,14.157817840576172,4.833953380584717
28.7,0.0,-7.382795810699463,20.240083694458008,2.1972546577453613
28.740000000000002,0.0,-7.382795810699463,23.03131103515625,-1.4941622018814087
28.76,0.0,-7.382795810699463,24.633018493652344,-7.558604717254639
28.8,0.0,-7.382795810699463,24.633018493652344,-15.820320129394531
28.84,0.0,-7.382795810699463,24.636884689331055,-22.58791732788086
28.86,0.0,-7.382795810699463,23.03667449951172,-31.201194763183594
28.900000000000002,0.0,-7.382795810699463,21.779878616333008,-38.93556594848633
28.94,0.0,-7.382795810699463,18.433210372924805,-47.81251525878906
28.96,0.0,-7.382795810699463,18.433210372924805,-57.832054138183594
29.0,0.0,-7.382795810699463,11.678498268127441,-65.74220275878906
29.04,0.0,-7.382795810699463,6.358681678771973,-72.86136627197266
29.060000000000002,0.0,-7.382795810699463,6.358681678771973,-79.71682739257812
29.1,0.0,-7.382795810699463,-2.157694101333618,-85.51762390136719
29.14,0.0,-7.382795810699463,-7.760908603668213,-88.8574447631836
29.18,0.0,-7.382795810699463,-12.961119651794434,-90.08792114257812
29.2,0.0,-7.382795810699463,-12.961119651794434,-90.08792114257812
29.240000000000002,0.0,-7.382795810699463,-19.416831970214844,-89.82424926757812
29.28,0.0,-7.382795810699463,-22.492727279663086,-87.6269760131836
29.3,0.0,-7.382795810699463,-22.492727279663086,-83.23246002197266
29.34,0.0,-7.382795810699463,-23.595651626586914,-77.5195541381836
29.38,0.0,-7.382795810699463,-24.810302734375,-70.22463989257812
29.400000000000002,0.0,-7.382795810699463,-23.454153060913086,-62.22659683227539
29.44,0.0,-7.382795810699463,-23.454153060913086,-50.53713607788086
29.48,0.0,-7.382795810699463,-19.135217666625977,-41.74807357788086
29.5,0.0,-7.382795810699463,-14.951654434204102,-32.34377670288086
29.54,0.0,-7.382795810699463,-14.951654434204102,-21.972681045532227
29.580000000000002,0.0,-7.382795810699463,-12.546276092529297,-12.744166374206543
29.6,0.0,-7.382795810699463,-1.5985910892486572,-6.064460754394531
29.64,0.0,-7.382795810699463,-1.5985910892486572,0.7910005450248718
29.68,0.0,-7.382795810699463,6.973721504211426,5.097625732421875
29.7,0.0,-7.382795810699463,12.291647911071777,7.29489803314209
29.740000000000002,0.0,-7.382795810699463,12.291647911071777,7.7343525886535645
29.78,0.0,-7.382795810699463,18.965993881225586,7.558570861816406
29.82,0.0,-7.382795810699463,22.198896408081055,5.712862014770508
29.84,0.0,-7.382795810699463,24.24666404724121,1.5820183753967285
29.88,0.0,-7.382795810699463,24.24666404724121,-3.779325246810913
29.92,0.0,-7.382795810699463,24.870431900024414,-10.722677230834961
29.96,0.0,-7.382795810699463,23.618364334106445,-18.10548210144043
29.98,0.0,-7.382795810699463,21.09713363647461,-27.33399772644043
30.02,0.0,-7.382795810699463,21.09713363647461,-37.44142150878906
30.060000000000002,0.0,-7.382795810699463,15.24419116973877,-47.63673400878906
30.1,0.0,-7.382795810699463,10.26498794555664,-56.3379020690918
30.12,0.0,-7.382795810699463,4.729157447814941,-65.56642150878906
30.16,0.0,-7.382795810699463,1.844832181930542,-72.86136627197266
30.2,0.0,-7.382795810699463,-3.9620165824890137,-78.8379135131836
30.22,0.0,-7.382795810699463,-9.558012008666992,-85.95707702636719
30.26,0.0,-7.382795810699463,-12.181230545043945,-89.56057739257812
30.28,0.0,-7.382795810699463,-16.89971160888672,-90.96683502197266
30.32,0.0,-7.382795810699463,-16.89971160888672,-91.31838989257812
30.36,0.0,-7.382795810699463,-22.19594383239746,-91.31838989257812
30.38,0.0,-7.382795810699463,-24.25678253173828,-90.26370239257812
30.42,0.0,-7.382795810699463,-24.25678253173828,-86.7480697631836
30.46,0.0,-7.382795810699463,-24.858604431152344,-81.82620239257812
30.5,0.0,-7.382795810699463,-23.564802169799805,-76.46485900878906
30.52,0.0,-7.382795810699463,-20.983745574951172,-67.3242416381836
30.560000000000002,0.0,-7.382795810699463,-20.983745574951172,-57.65626907348633
30.6,0.0,-7.382795810699463,-15.01965618133545,-47.37306213378906
30.62,0.0,-7.382795810699463,-9.963055610656738,-40.166038513183594
30.66,0.0,-7.382795810699463,-7.21015739440918,-32.08010482788086
30.7,0.0,-7.382795810699463,-1.4434233903884888,-25.13675308227539
30.72,0.0,-7.382795810699463,4.40602445602417,-17.75391960144043
30.76,0.0,-7.382795810699463,7.261020183563232,-13.183621406555176
30.8,0.0,-7.382795810699463,12.634808540344238,-10.898458480834961
30.84,0.0,-7.382795810699463,17.31573486328125,-10.107439994812012
30.86,0.0,-7.382795810699463,21.04436492919922,-10.546895027160645
30.900000000000002,0.0,-7.382795810699463,22.484317779541016,-12.304712295532227
30.92,0.0,-7.382795810699463,24.414684295654297,-16.17188262939453
30.96,0.0,-7.382795810699463,24.87773895263672,-20.56642723083496
31.0,0.0,-7.382795810699463,24.76601791381836,-26.01563262939453
31.02,0.0,-7.382795810699463,24.76601791381836,-34.453155517578125
31.060000000000002,0.0,-7.382795810699463,22.046756744384766,-42.275421142578125
31.1,0.0,-7.382795810699463,18.675973892211914,-51.41604232788086
31.12,0.0,-7.382795810699463,14.265007972717285,-60.644561767578125
31.16,0.0,-7.382795810699463,11.743653297424316,-69.16995239257812
31.2,0.0,-7.382795810699463,6.2439284324646,-75.41017150878906
31.240000000000002,0.0,-7.382795810699463,0.39281386137008667,-81.82620239257812
31.26,0.0,-7.382795810699463,0.39281386137008667,-87.80274963378906
31.3,0.0,-7.382795810699463,-8.328415870666504,-89.7363510131836
31.34,0.0,-7.382795810699463,-13.631529808044434,-90.00003051757812
31.36,0.0,-7.382795810699463,-13.631529808044434,-90.00003051757812
31.400000000000002,0.0,-7.382795810699463,-20.078937530517578,-88.8574447631836
31.44,0.0,-7.382795810699463,-23.018814086914062,-86.48439025878906
31.46,0.0,-7.382795810699463,-24.667728424072266,-81.65042114257812
31.5,0.0,-7.382795810699463,-24.97538185119629,-76.5527572631836
31.54,0.0,-7.382795810699463,-24.53389549255371,-69.0820541381836
31.560000000000002,0.0,-7.382795810699463,-22.710256576538086,-59.23830795288086
31.6,0.0,-7.382795810699463,-21.308570861816406,-48.955101013183594
31.64,0.0,-7.382795810699463,-17.622957229614258,-40.605491638183594
31.66,0.0,-7.382795810699463,-12.939592361450195,-29.882831573486328
31.7,0.0,-7.382795810699463,-10.304134368896484,-21.796899795532227
31.740000000000002,0.0,-7.382795810699463,-4.631400108337402,-13.710967063903809
31.76,0.0,-7.382795810699463,1.3070825338363647,-6.767587661743164
31.8,0.0,-7.382795810699463,1.3070825338363647,-1.845725655555725
31.84,0.0,-7.382795810699463,9.977465629577637,0.6152188181877136
31.86,0.0,-7.382795810699463,15.12028980255127,1.4062366485595703
31.900000000000002,0.0,-7.382795810699463,17.386871337890625,1.230454921722412
31.94,0.0,-7.382795810699463,21.148027420043945,-1.7302845662925392e-05
31.96,0.0,-7.382795810699463,23.70595932006836,-3.4277613162994385
32.0,0.0,-7.382795810699463,24.484508514404297,-8.43751335144043
32.04,0.0,-7.382795810699463,24.983675003051758,-14.853547096252441
32.06,0.0,-7.382795810699463,24.983675003051758,-22.23635482788086
32.1,0.0,-7.382795810699463,24.69650650024414,-32.25588607788086
32.14,0.0,-7.382795810699463,20.11673927307129,-40.253929138183594
32.18,0.0,-7.382795810699463,16.010684967041016,-49.394554138183594
32.2,0.0,-7.382795810699463,16.010684967041016,-58.886741638183594
32.24,0.0,-7.382795810699463,8.21193790435791,-67.2363510131836
32.28,0.0,-7.382795810699463,2.3532814979553223,-73.47660064697266
32.3,0.0,-7.382795810699463,2.3532814979553223,-80.15628051757812
32.34,0.0,-7.382795810699463,-6.586974143981934,-85.51762390136719
32.38,0.0,-7.382795810699463,-12.147734642028809,-88.5058822631836
32.4,0.0,-7.382795810699463,-14.685052871704102,-89.47268676757812
32.44,0.0,-7.382795810699463,-19.089433670043945,-89.47268676757812
32.46,0.0,-7.382795810699463,-22.39211082458496,-89.2968978881836
32.5,0.0,-7.382795810699463,-23.567127227783203,-87.4511947631836
32.54,0.0,-7.382795810699463,-24.877927780151367,-83.75980377197266
32.56,0.0,-7.382795810699463,-24.746150970458984,-78.7500228881836
32.6,0.0,-7.382795810699463,-24.137598037719727,-72.07034301757812
32.62,0.0,-7.382795810699463,-21.877824783325195,-64.33594512939453
32.660000000000004,0.0,-7.382795810699463,-20.258975982666016,-55.8105583190918
32.7,0.0,-7.382795810699463,-16.159839630126953,-45.8789176940918
32.72,0.0,-7.382795810699463,-11.116387367248535,-36.8261833190918
32.76,0.0,-7.382795810699463,-8.330266952514648,-28.476577758789062
32.8,0.0,-7.382795810699463,-2.4320080280303955,-21.269554138183594
32.84,0.0,-7.382795810699463,3.6118276119232178,-14.150420188903809
32.86,0.0,-7.382795810699463,3.6118276119232178,-9.052749633789062
32.9,0.0,-7.382795810699463,12.179766654968262,-7.207041263580322
32.94,0.0,-7.382795810699463,17.07096290588379,-7.207041263580322
32.96,0.0,-7.382795810699463,20.962907791137695,-7.998059272766113
33.0,0.0,-7.382795810699463,22.45947265625,-10.283222198486328
33.04,0.0,-7.382795810699463,24.442378997802734,-14.414093971252441
33.06,0.0,-7.382795810699463,24.98746681213379,-20.039081573486328
33.1,0.0,-7.382795810699463,24.70660972595215,-26.367197036743164
33.14,0.0,-7.382795810699463,23.05720329284668,-33.837921142578125
33.160000000000004,0.0,-7.382795810699463,23.05720329284668,-42.09963607788086
33.2,0.0,-7.382795810699463,18.080738067626953,-51.943389892578125
33.24,0.0,-7.382795810699463,13.377532958984375,-59.94143295288086
33.26,0.0,-7.382795810699463,7.8794846534729,-68.7304916381836
33.3,0.0,-7.382795810699463,4.9324564933776855,-74.79493713378906
33.34,0.0,-7.382795810699463,-1.1394668817520142,-80.68362426757812
33.36,0.0,-7.382795810699463,-7.147192001342773,-85.86917877197266
33.4,0.0,-7.382795810699463,-10.014623641967773,-88.15432739257812
33.44,0.0,-7.382795810699463,-15.262803077697754,-88.4179916381836
33.46,0.0,-7.382795810699463,-15.262803077697754,-88.4179916381836
33.5,0.0,-7.382795810699463,-21.352293014526367,-87.36329650878906
33.54,0.0,-7.382795810699463,-23.86794662475586,-85.07817077636719
33.56,0.0,-7.382795810699463,-24.959346771240234,-80.15628051757812
33.6,0.0,-7.382795810699463,-24.946321487426758,-74.79493713378906
33.64,0.0,-7.382795810699463,-23.802175521850586,-66.09376525878906
33.660000000000004,0.0,-7.382795810699463,-21.231504440307617,-57.0410270690918
33.7,0.0,-7.382795810699463,-19.455490112304688,-46.84571838378906
33.74,0.0,-7.382795810699463,-15.054030418395996,-39.19923782348633
33.78,0.0,-7.382795810699463,-9.745648384094238,-28.037124633789062
33.8,0.0,-7.382795810699463,-3.848071575164795,-16.875009536743164
33.84,0.0,-7.382795810699463,-3.848071575164795,-8.701186180114746
33.88,0.0,-7.382795810699463,5.3236188888549805,-3.691434383392334
33.9,0.0,-7.382795810699463,11.117724418640137,0.08787357062101364
33.94,0.0,-7.382795810699463,11.117724418640137,2.636708974838257
33.980000000000004,0.0,-7.382795810699463,13.784832954406738,2.3730363845825195
34.0,0.0,-7.382795810699463,22.01499366760254,1.9335819482803345
34.04,0.0,-7.382795810699463,23.305400848388672,0.17576444149017334
34.08,0.0,-7.382795810699463,24.809661865234375,-3.4277613162994385
34.12,0.0,-7.382795810699463,24.80959701538086,-9.931658744812012
34.14,0.0,-7.382795810699463,23.302631378173828,-18.10548210144043
34.2,0.0,-7.382795810699463,23.302631378173828,-26.279306411743164
34.22,0.0,-7.382795810699463,18.435476303100586,-35.24414825439453
34.26,0.0,-7.382795810699463,13.737563133239746,-42.978546142578125
34.28,0.0,-7.382795810699463,8.199247360229492,-53.701202392578125
34.32,0.0,-7.382795810699463,5.218659400939941,-60.29299545288086
34.34,0.0,-7.382795810699463,-0.9381720423698425,-66.44532775878906
34.38,0.0,-7.382795810699463,-0.9381720423698425,-72.68558502197266
34.42,0.0,-7.382795810699463,-9.954816818237305,-76.37696838378906
34.44,0.0,-7.382795810699463,-15.283060073852539,-78.3984603881836
34.480000000000004,0.0,-7.382795810699463,-15.283060073852539,-79.10159301757812
34.52,0.0,-7.382795810699463,-21.436010360717773,-79.10159301757812
34.56,0.0,-7.382795810699463,-23.941890716552734,-79.10159301757812
34.6,0.0,-7.382795810699463,-24.97657012939453,-75.32228088378906
34.62,0.0,-7.382795810699463,-24.473831176757812,-69.16995239257812
34.660000000000004,0.0,-7.382795810699463,-23.651098251342773,-62.578155517578125
34.7,0.0,-7.382795810699463,-20.92478370666504,-54.140655517578125
34.72,0.0,-7.382795810699463,-16.904767990112305,-44.73636245727539
34.76,0.0,-7.382795810699463,-14.48383617401123,-36.0351676940918
34.78,0.0,-7.382795810699463,-9.006335258483887,-28.12501335144043
34.82,0.0,-7.382795810699463,-9.006335258483887,-18.896501541137695
34.86,0.0,-7.382795810699463,3.2576935291290283,-10.195331573486328
34.9,0.0,-7.382795810699463,6.319998741149902,-5.537142753601074
34.92,0.0,-7.382795810699463,12.105413436889648,-2.109398365020752
34.96,0.0,-7.382795810699463,12.105413436889648,-0.7910351753234863
35.0,0.0,-7.382795810699463,19.277647018432617,-0.9668169021606445
35.02,0.0,-7.382795810699463,22.619115829467773,-1.9336165189743042
35.06,0.0,-7.382795810699463,22.619115829467773,-5.0976881980896
35.1,0.0,-7.382795810699463,24.948293685913086,-10.019549369812012
35.12,0.0,-7.382795810699463,24.5674991607666,-16.08399200439453
35.160000000000004,0.0,-7.382795810699463,24.5674991607666,-23.291044235229492
35.2,0.0,-7.382795810699463,21.148683547973633,-31.904321670532227
35.22,0.0,-7.382795810699463,17.175432205200195,-38.67189407348633
35.26,0.0,-7.382795810699463,17.175432205200195,-49.834007263183594
35.300000000000004,0.0,-7.382795810699463,9.288445472717285,-57.91994094848633
35.34,0.0,-7.382795810699463,3.2246367931365967,-64.59961700439453
35.36,0.0,-7.382795810699463,-3.0453097820281982,-71.89456176757812
35.4,0.0,-7.382795810699463,-6.134213447570801,-76.37696838378906
35.42,0.0,-7.382795810699463,-11.976313591003418,-79.89260864257812
35.46,0.0,-7.382795810699463,-11.976313591003418,-81.82620239257812
35.5,0.0,-7.382795810699463,-19.226272583007812,-82.00199127197266
35.54,0.0,-7.382795810699463,-22.6037540435791,-82.00199127197266
35.56,0.0,-7.382795810699463,-24.5537052154541,-81.03518676757812
35.6,0.0,-7.382795810699463,-24.5537052154541,-77.1679916381836
35.64,0.0,-7.382795810699463,-24.553443908691406,-71.89456176757812
35.660000000000004,0.0,-7.382795810699463,-22.599355697631836,-64.68751525878906
35.7,0.0,-7.382795810699463,-22.599355697631836,-54.6679801940918
35.74,0.0,-7.382795810699463,-17.039369583129883,-45.7910270690918
35.78,0.0,-7.382795810699463,-11.920345306396484,-37.96876525878906
35.82,0.0,-7.382795810699463,-6.0395965576171875,-26.982433319091797
35.84,0.0,-7.382795810699463,-6.0395965576171875,-17.050792694091797
35.88,0.0,-7.382795810699463,3.384880304336548,-10.283222198486328
35.9,0.0,-7.382795810699463,9.486143112182617,-5.537142753601074
35.94,0.0,-7.382795810699463,9.486143112182617,-0.9668169021606445
35.980000000000004,0.0,-7.382795810699463,12.333882331848145,0.5273279547691345
36.02,0.0,-7.382795810699463,21.34553337097168,0.7031096816062927
36.04,0.0,-7.382795810699463,23.92998504638672,0.26365530490875244
36.08,0.0,-7.382795810699463,24.653711318969727,-2.021507501602173
36.12,0.0,-7.382795810699463,24.904441833496094,-6.064460754394531
36.14,0.0,-7.382795810699463,23.55464744567871,-13.09572982788086
36.18,0.0,-7.382795810699463,22.30193519592285,-18.984390258789062
36.22,0.0,-7.382795810699463,18.74018096923828,-25.92774200439453
36.24,0.0,-7.382795810699463,13.968644142150879,-35.41992950439453
36.28,0.0,-7.382795810699463,11.222219467163086,-42.62697982788086
36.32,0.0,-7.382795810699463,5.228903293609619,-50.888694763183594
36.34,0.0,-7.382795810699463,-1.105639100074768,-57.91994094848633
36.38,0.0,-7.382795810699463,-4.273149013519287,-63.193397521972656
36.4,0.0,-7.382795810699463,-10.352071762084961,-67.0605697631836
36.44,0.0,-7.382795810699463,-10.352071762084961,-69.87307739257812
36.480000000000004,0.0,-7.382795810699463,-18.106327056884766,-70.22463989257812
36.5,0.0,-7.382795810699463,-21.875442504882812,-70.22463989257812
36.54,0.0,-7.382795810699463,-21.875442504882812,-69.5215072631836
36.58,0.0,-7.382795810699463,-24.81486701965332,-66.18165588378906
36.62,0.0,-7.382795810699463,-24.77553939819336,-61.61136245727539
36.64,0.0,-7.382795810699463,-23.121545791625977,-53.34964370727539
36.68,0.0,-7.382795810699463,-23.121545791625977,-45.08789825439453
36.72,0.0,-7.382795810699463,-17.870634078979492,-37.0019645690918
36.74,0.0,-7.382795810699463,-12.853351593017578,-28.476577758789062
36.78,0.0,-7.382795810699463,-12.853351593017578,-18.369155883789062
36.82,0.0,-7.382795810699463,-3.8635969161987305,-10.107439994812012
36.84,0.0,-7.382795810699463,2.53481125831604,-5.185579299926758
36.88,0.0,-7.382795810699463,2.53481125831604,0.26365530490875244
36.92,0.0,-7.382795810699463,11.697944641113281,3.2519450187683105
36.96,0.0,-7.382795810699463,16.931316375732422,3.691399097442627
36.980000000000004,0.0,-7.382795810699463,21.05368995666504,3.0761632919311523
37.02,0.0,-7.382795810699463,22.609479904174805,1.4941275119781494
37.06,0.0,-7.382795810699463,24.580602645874023,-1.4941622018814087
37.08,0.0,-7.382795810699463,24.96267318725586,-6.064460754394531
37.12,0.0,-7.382795810699463,24.486623764038086,-12.568385124206543
37.14,0.0,-7.382795810699463,22.392343521118164,-19.863300323486328
37.18,0.0,-7.382795810699463,20.77683448791504,-27.421886444091797
37.22,0.0,-7.382795810699463,16.541301727294922,-35.6836051940918
37.24,0.0,-7.382795810699463,11.207496643066406,-44.47269058227539
37.28,0.0,-7.382795810699463,8.236471176147461,-53.61331558227539
37.32,0.0,-7.382795810699463,1.9320523738861084,-59.50197982788086
37.34,0.0,-7.382795810699463,-4.504128932952881,-66.35743713378906
37.38,0.0,-7.382795810699463,-7.63752555847168,-71.19143676757812
37.4,0.0,-7.382795810699463,-13.473787307739258,-73.47660064697266
37.44,0.0,-7.382795810699463,-13.473787307739258,-74.26758575439453
37.480000000000004,0.0,-7.382795810699463,-20.444599151611328,-74.17970275878906
37.5,0.0,-7.382795810699463,-23.448427200317383,-74.17970275878906
37.54,0.0,-7.382795810699463,-23.448427200317383,-71.80667114257812
37.58,0.0,-7.382795810699463,-24.98492431640625,-67.4121322631836
37.62,0.0,-7.382795810699463,-23.92608642578125,-61.962921142578125
37.64,0.0,-7.382795810699463,-23.92608642578125,-52.998077392578125
37.68,0.0,-7.382795810699463,-19.382671356201172,-45.70313262939453
37.7,0.0,-7.382795810699463,-14.67615032196045,-38.14454650878906
37.74,0.0,-7.382795810699463,-11.929736137390137,-29.003923416137695
37.78,0.0,-7.382795810699463,-5.880484580993652,-21.269554138183594
37.82,0.0,-7.382795810699463,0.5676429867744446,-11.337912559509277
37.84,0.0,-7.382795810699463,0.5676429867744446,-5.625033378601074
37.88,0.0,-7.382795810699463,10.038614273071289,-2.021507501602173
37.9,0.0,-7.382795810699463,15.597258567810059,0.17576444149017334
37.94,0.0,-7.382795810699463,18.003746032714844,0.26365530490875244
37.980000000000004,0.0,-7.382795810699463,21.866575241088867,-0.17579905688762665
38.0,0.0,-7.382795810699463,21.866575241088867,-2.28518009185791
38.04,0.0,-7.382795810699463,24.835710525512695,-5.976569652557373
38.08,0.0,-7.382795810699463,24.732669830322266,-11.513693809509277
38.1,0.0,-7.382795810699463,22.951950073242188,-18.720718383789062
38.14,0.0,-7.382795810699463,21.465105056762695,-25.40039825439453
38.18,0.0,-7.382795810699463,17.423229217529297,-33.486358642578125
38.2,0.0,-7.382795810699463,12.194171905517578,-42.275421142578125
38.24,0.0,-7.382795810699463,9.242547035217285,-51.24026107788086
38.28,0.0,-7.382795810699463,2.915794610977173,-57.74415969848633
38.300000000000004,0.0,-7.382795810699463,-3.6131751537323,-64.95118713378906
38.34,0.0,-7.382795810699463,-6.814047813415527,-69.9609603881836
38.38,0.0,-7.382795810699463,-12.81480884552002,-73.03714752197266
38.4,0.0,-7.382795810699463,-17.94243812561035,-74.26758575439453
38.44,0.0,-7.382795810699463,-17.94243812561035,-74.26758575439453
38.480000000000004,0.0,-7.382795810699463,-23.24795913696289,-74.26758575439453
38.52,0.0,-7.382795810699463,-24.83783721923828,-72.07034301757812
38.54,0.0,-7.382795810699463,-24.83783721923828,-67.0605697631836
38.58,0.0,-7.382795810699463,-24.024490356445312,-61.61136245727539
38.6,0.0,-7.382795810699463,-21.40049934387207,-54.05276870727539
38.64,0.0,-7.382795810699463,-21.40049934387207,-44.82422637939453
38.68,0.0,-7.382795810699463,-14.784150123596191,-36.3867301940918
38.72,0.0,-7.382795810699463,-9.026267051696777,-27.77345085144043
38.74,0.0,-7.382795810699463,-2.6424150466918945,-17.66602897644043
38.78,0.0,-7.382795810699463,0.6476518511772156,-10.459003448486328
38.82,0.0,-7.382795810699463,7.139763355255127,-5.625033378601074
38.84,0.0,-7.382795810699463,13.141242027282715,-0.8789260387420654
38.88,0.0,-7.382795810699463,15.82573127746582,0.9667823314666748
38.92,0.0,-7.382795810699463,20.328548431396484,1.230454921722412
38.94,0.0,-7.382795810699463,23.423261642456055,0.35154619812965393
38.980000000000004,0.0,-7.382795810699463,23.423261642456055,-2.109398365020752
39.02,0.0,-7.382795810699463,24.98046875,-6.3281331062316895
39.04,0.0,-7.382795810699463,23.852922439575195,-12.304712295532227
39.08,0.0,-7.382795810699463,23.852922439575195,-19.511735916137695
39.12,0.0,-7.382795810699463,22.656585693359375,-26.279306411743164
39.14,0.0,-7.382795810699463,14.211902618408203,-35.06836700439453
39.18,0.0,-7.382795810699463,14.211902618408203,-43.505889892578125
39.22,0.0,-7.382795810699463,5.138082027435303,-52.73440170288086
39.26,0.0,-7.382795810699463,-1.4562342166900635,-58.447288513183594
39.28,0.0,-7.382795810699463,-1.4562342166900635,-65.21485900878906
39.32,0.0,-7.382795810699463,-4.745434761047363,-70.13674926757812
39.36,0.0,-7.382795810699463,-16.52419090270996,-72.07034301757812
39.38,0.0,-7.382795810699463,-20.87161636352539,-72.15823364257812
39.42,0.0,-7.382795810699463,-20.87161636352539,-72.15823364257812
39.46,0.0,-7.382795810699463,-24.578115463256836,-71.27932739257812
39.480000000000004,0.0,-7.382795810699463,-24.915664672851562,-68.5547103881836
39.52,0.0,-7.382795810699463,-24.422897338867188,-63.98440933227539
39.56,0.0,-7.382795810699463,-22.155994415283203,-58.095726013183594
39.58,0.0,-7.382795810699463,-18.32415199279785,-48.86720657348633
39.62,0.0,-7.382795810699463,-18.32415199279785,-41.044944763183594
39.660000000000004,0.0,-7.382795810699463,-10.254861831665039,-31.289085388183594
39.7,0.0,-7.382795810699463,-3.8797414302825928,-22.67580795288086
39.72,0.0,-7.382795810699463,2.7735512256622314,-12.480494499206543
39.76,0.0,-7.382795810699463,2.7735512256622314,-5.800815105438232
39.800000000000004,0.0,-7.382795810699463,12.246376991271973,-0.7031443119049072
39.84,0.0,-7.382795810699463,17.569005966186523,2.1972546577453613
39.86,0.0,-7.382795810699463,21.645151138305664,3.1640541553497314
39.9,0.0,-7.382795810699463,23.12044906616211,2.9882724285125732
39.94,0.0,-7.382795810699463,24.812543869018555,1.5820183753967285
39.96,0.0,-7.382795810699463,24.73653221130371,-2.109398365020752
40.0,0.0,-7.382795810699463,24.03132438659668,-6.855478286743164
40.04,0.0,-7.382795810699463,21.347755432128906,-13.447293281555176
40.06,0.0,-7.382795810699463,17.136802673339844,-21.181663513183594
40.1,0.0,-7.382795810699463,17.136802673339844,-30.41017723083496
40.14,0.0,-7.382795810699463,8.635417938232422,-38.40821838378906
40.18,0.0,-7.382795810699463,2.100653648376465,-45.96680450439453
40.22,0.0,-7.382795810699463,-4.58820915222168,-55.19532012939453
40.24,0.0,-7.382795810699463,-4.58820915222168,-61.61136245727539
40.28,0.0,-7.382795810699463,-13.865196228027344,-66.00587463378906
40.32,0.0,-7.382795810699463,-18.896190643310547,-69.2578353881836
40.34,0.0,-7.382795810699463,-18.896190643310547,-70.4004135131836
40.38,0.0,-7.382795810699463,-20.921600341796875,-70.4004135131836
40.4,0.0,-7.382795810699463,-24.979413986206055,-70.31253051757812
40.44,0.0,-7.382795810699463,-24.979413986206055,-67.58790588378906
40.480000000000004,0.0,-7.382795810699463,-23.36378288269043,-63.98440933227539
40.5,0.0,-7.382795810699463,-20.147994995117188,-58.271507263183594
40.54,0.0,-7.382795810699463,-20.147994995117188,-49.570335388183594
40.58,0.0,-7.382795810699463,-12.688077926635742,-42.80276107788086
40.62,0.0,-7.382795810699463,-6.479742527008057,-34.80472183227539
40.64,0.0,-7.382795810699463,0.20209574699401855,-25.92774200439453
40.68,0.0,-7.382795810699463,3.569530725479126,-19.248064041137695
40.7,0.0,-7.382795810699463,10.051179885864258,-13.886748313903809
40.74,0.0,-7.382795810699463,13.046830177307129,-10.459003448486328
40.78,0.0,-7.382795810699463,18.274208068847656,-9.140640258789062
40.800000000000004,0.0,-7.382795810699463,22.172338485717773,-9.228531837463379
40.84,0.0,-7.382795810699463,23.52901840209961,-10.459003448486328
40.88,0.0,-7.382795810699463,24.932140350341797,-13.00783920288086
40.9,0.0,-7.382795810699463,24.51402473449707,-17.66602897644043
40.94,0.0,-7.382795810699463,24.51402473449707,-23.642608642578125
40.980000000000004,0.0,-7.382795810699463,20.56890869140625,-31.113306045532227
41.0,0.0,-7.382795810699463,16.00376319885254,-37.26564025878906
41.04,0.0,-7.382795810699463,16.00376319885254,-46.75782775878906
41.08,0.0,-7.382795810699463,7.079380512237549,-54.75586700439453
41.1,0.0,-7.382795810699463,0.3799305856227875,-61.259796142578125
41.14,0.0,-7.382795810699463,-3.012866973876953,-67.2363510131836
41.18,0.0,-7.382795810699463,-9.572360038757324,-72.33401489257812
41.2,0.0,-7.382795810699463,-15.430196762084961,-75.32228088378906
41.24,0.0,-7.382795810699463,-17.95780372619629,-76.5527572631836
41.28,0.0,-7.382795810699463,-21.976043701171875,-76.7285385131836
41.300000000000004,0.0,-7.382795810699463,-24.373584747314453,-76.7285385131836
41.34,0.0,-7.382795810699463,-24.90333366394043,-75.14649963378906
41.38,0.0,-7.382795810699463,-24.574031829833984,-71.19143676757812
41.4,0.0,-7.382795810699463,-22.42525863647461,-64.51173400878906
41.44,0.0,-7.382795810699463,-20.71242332458496,-57.832054138183594
41.480000000000004,0.0,-7.382795810699463,-16.167131423950195,-49.21876907348633
41.5,0.0,-7.382795810699463,-10.419511795043945,-41.13283920288086
41.54,0.0,-7.382795810699463,-7.225000858306885,-33.222686767578125
41.58,0.0,-7.382795810699463,-0.49092739820480347,-26.367197036743164
41.6,0.0,-7.382795810699463,6.283099174499512,-19.335954666137695
41.64,0.0,-7.382795810699463,9.526544570922852,-14.765657424926758
41.660000000000004,0.0,-7.382795810699463,15.423417091369629,-12.656275749206543
41.7,0.0,-7.382795810699463,15.423417091369629,-12.480494499206543
41.74,0.0,-7.382795810699463,22.001178741455078,-12.83205795288086
41.78,0.0,-7.382795810699463,24.39427375793457,-14.150420188903809
41.800000000000004,0.0,-7.382795810699463,24.963802337646484,-18.457046508789062
41.84,0.0,-7.382795810699463,24.545028686523438,-23.11526107788086
41.88,0.0,-7.382795810699463,22.33785629272461,-30.322288513183594
41.92,0.0,-7.382795810699463,18.454301834106445,-37.17774963378906
41.94,0.0,-7.382795810699463,18.454301834106445,-46.4941520690918
41.980000000000004,0.0,-7.382795810699463,10.147366523742676,-55.63477325439453
42.02,0.0,-7.382795810699463,3.559032678604126,-63.017616271972656
42.04,0.0,-7.382795810699463,-3.3005056381225586,-71.45510864257812
42.08,0.0,-7.382795810699463,-6.670379161834717,-76.64064025878906
42.12,0.0,-7.382795810699463,-12.97229290008545,-81.12307739257812
42.14,0.0,-7.382795810699463,-12.97229290008545,-85.07817077636719
42.18,0.0,-7.382795810699463,-20.46575164794922,-85.78129577636719
42.22,0.0,-7.382795810699463,-23.602426528930664,-85.78129577636719
42.24,0.0,-7.382795810699463,-23.602426528930664,-85.69340515136719
42.28,0.0,-7.382795810699463,-24.511615753173828,-82.79300689697266
42.32,0.0,-7.382795810699463,-23.447845458984375,-79.10159301757812
42.36,0.0,-7.382795810699463,-20.192556381225586,-73.56449127197266
42.38,0.0,-7.382795810699463,-20.192556381225586,-64.51173400878906
42.42,0.0,-7.382795810699463,-17.96922492980957,-55.1074333190918
42.46,0.0,-7.382795810699463,-6.156425476074219,-45.7910270690918
42.5,0.0,-7.382795810699463,0.7000101804733276,-37.17774963378906
42.52,0.0,-7.382795810699463,0.7000101804733276,-28.12501335144043
42.56,0.0,-7.382795810699463,10.727631568908691,-20.56642723083496
42.6,0.0,-7.382795810699463,16.49736785888672,-14.414093971252441
42.62,0.0,-7.382795810699463,16.49736785888672,-9.492203712463379
42.660000000000004,0.0,-7.382795810699463,22.68137550354004,-7.558604717254639
42.7,0.0,-7.382795810699463,24.694265365600586,-7.470714092254639
42.72,0.0,-7.382795810699463,24.81684112548828,-7.822277545928955
42.76,0.0,-7.382795810699463,24.1596622467041,-10.019549369812012
42.800000000000004,0.0,-7.382795810699463,21.469627380371094,-13.798856735229492
42.82,0.0,-7.382795810699463,21.469627380371094,-19.160173416137695
42.86,0.0,-7.382795810699463,14.44015121459961,-24.873079299926758
42.88,0.0,-7.382795810699463,8.27935791015625,-31.904321670532227
42.92,0.0,-7.382795810699463,4.926833629608154,-37.88087463378906
42.96,0.0,-7.382795810699463,-2.0000364780426025,-43.066436767578125
42.980000000000004,0.0,-7.382795810699463,-8.77616024017334,-48.77931594848633
43.02,0.0,-7.382795810699463,-8.77616024017334,-52.207061767578125
43.06,0.0,-7.382795810699463,-17.52604866027832,-52.646514892578125
43.1,0.0,-7.382795810699463,-21.75754737854004,-52.646514892578125
43.14,0.0,-7.382795810699463,-24.30771827697754,-52.11916732788086
43.160000000000004,0.0,-7.382795810699463,-24.30771827697754,-49.834007263183594
43.2,0.0,-7.382795810699463,-24.5823917388916,-45.7910270690918
43.24,0.0,-7.382795810699463,-22.373586654663086,-41.74807357788086
43.26,0.0,-7.382795810699463,-22.373586654663086,-34.013702392578125
43.300000000000004,0.0,-7.382795810699463,-15.891305923461914,-25.312536239624023
43.34,0.0,-7.382795810699463,-9.943236351013184,-17.138683319091797
43.36,0.0,-7.382795810699463,-9.943236351013184,-8.964859008789062
43.4,0.0,-7.382795810699463,0.27361375093460083,-3.779325246810913
43.44,0.0,-7.382795810699463,7.175469875335693,-1.7302845662925392e-05
43.46,0.0,-7.382795810699463,7.175469875335693,2.724599838256836
43.5,0.0,-7.382795810699463,10.450187683105469,2.3730363845825195
43.54,0.0,-7.382795810699463,20.930198669433594,1.7578002214431763
43.56,0.0,-7.382795810699463,23.89834976196289,-0.43947166204452515
43.6,0.0,-7.382795810699463,24.690231323242188,-4.306670665740967
43.64,0.0,-7.382795810699463,24.810216903686523,-9.843767166137695
43.660000000000004,0.0,-7.382795810699463,22.984256744384766,-17.49024772644043
43.7,0.0,-7.382795810699463,21.37967872619629,-23.994171142578125
43.74,0.0,-7.382795810699463,16.943317413330078,-32.08010482788086
43.76,0.0,-7.382795810699463,11.172462463378906,-40.517601013183594
43.800000000000004,0.0,-7.382795810699463,7.924704551696777,-48.69142532348633
43.84,0.0,-7.382795810699463,1.0236907005310059,-55.4589958190918
43.86,0.0,-7.382795810699463,-5.96142053604126,-61.699249267578125
43.9,0.0,-7.382795810699463,-9.312414169311523,-66.00587463378906
43.94,0.0,-7.382795810699463,-15.399847984313965,-68.9941635131836
43.96,0.0,-7.382795810699463,-15.399847984313965,-69.9609603881836
44.0,0.0,-7.382795810699463,-18.015134811401367,-69.9609603881836
44.04,0.0,-7.382795810699463,-24.49342155456543,-69.6972885131836
44.06,0.0,-7.382795810699463,-24.918445587158203,-66.70899963378906
44.1,0.0,-7.382795810699463,-24.918445587158203,-62.05081558227539
44.14,0.0,-7.382795810699463,-21.88257598876953,-54.8437614440918
44.160000000000004,0.0,-7.382795810699463,-17.63979721069336,-47.81251525878906
44.2,0.0,-7.382795810699463,-14.966007232666016,-41.044944763183594
44.24,0.0,-7.382795810699463,-8.77841567993164,-32.16799545288086
44.26,0.0,-7.382795810699463,-1.8888107538223267,-23.11526107788086
44.300000000000004,0.0,-7.382795810699463,-1.8888107538223267,-13.623075485229492
44.34,0.0,-7.382795810699463,1.6490284204483032,-7.822277545928955
44.36,0.0,-7.382795810699463,14.787127494812012,-4.218779563903809
44.4,0.0,-7.382795810699463,14.787127494812012,-1.2304894924163818
44.44,0.0,-7.382795810699463,21.789810180664062,-0.8789260387420654
44.46,0.0,-7.382795810699463,24.35028076171875,-1.4062713384628296
44.5,0.0,-7.382795810699463,24.35028076171875,-2.3730709552764893
44.54,0.0,-7.382795810699463,24.513545989990234,-5.800815105438232
44.56,0.0,-7.382795810699463,22.153799057006836,-10.986349105834961
44.6,0.0,-7.382795810699463,22.153799057006836,-18.01759147644043
44.64,0.0,-7.382795810699463,15.374563217163086,-24.169952392578125
44.68,0.0,-7.382795810699463,9.22142219543457,-31.81643295288086
44.7,0.0,-7.382795810699463,2.3229315280914307,-38.93556594848633
44.74,0.0,-7.382795810699463,-1.2336398363113403,-43.24222183227539
44.78,0.0,-7.382795810699463,-8.202858924865723,-47.63673400878906
44.82,0.0,-7.382795810699463,-14.513470649719238,-49.92189407348633
44.84,0.0,-7.382795810699463,-19.65470314025879,-50.097679138183594
44.88,0.0,-7.382795810699463,-21.651700973510742,-50.097679138183594
44.92,0.0,-7.382795810699463,-24.294851303100586,-49.13087844848633
44.94,0.0,-7.382795810699463,-24.971792221069336,-46.0546989440918
44.980000000000004,0.0,-7.382795810699463,-24.548439025878906,-42.36330795288086
45.0,0.0,-7.382795810699463,-22.21916961669922,-37.0019645690918
45.04,0.0,-7.382795810699463,-20.36002540588379,-30.05861473083496
45.08,0.0,-7.382795810699463,-15.439982414245605,-22.14846420288086
45.1,0.0,-7.382795810699463,-9.262205123901367,-11.337912559509277
45.14,0.0,-7.382795810699463,-5.855231285095215,-5.185579299926758
45.18,0.0,-7.382795810699463,1.248496651649475,0.26365530490875244
45.2,0.0,-7.382795810699463,1.248496651649475,5.273407459259033
45.24,0.0,-7.382795810699463,11.539521217346191,7.382789134979248
45.28,0.0,-7.382795810699463,17.34042739868164,7.382789134979248
45.32,0.0,-7.382795810699463,21.72728729248047,6.503879547119141
45.34,0.0,-7.382795810699463,21.72728729248047,3.779289960861206
45.38,0.0,-7.382795810699463,24.905729293823242,-1.7302845662925392e-05
45.42,0.0,-7.382795810699463,24.499921798706055,-4.658234119415283
45.44,0.0,-7.382795810699463,23.535207748413086,-11.162130355834961
45.480000000000004,0.0,-7.382795810699463,20.179330825805664,-17.75391960144043
45.5,0.0,-7.382795810699463,17.856691360473633,-24.697298049926758
45.54,0.0,-7.382795810699463,12.159223556518555,-32.783233642578125
45.56,0.0,-7.382795810699463,5.459126949310303,-40.429710388183594
45.6,0.0,-7.382795810699463,5.459126949310303,-48.33985900878906
45.64,0.0,-7.382795810699463,1.902911901473999,-55.2832145690918
45.7,0.0,-7.382795810699463,-5.255841255187988,-59.062522888183594
45.72,0.0,-7.382795810699463,-11.984772682189941,-60.11721420288086
45.76,0.0,-7.382795810699463,-22.009716033935547,-60.11721420288086
45.800000000000004,0.0,-7.382795810699463,-24.473766326904297,-59.67776107788086
45.82,0.0,-7.382795810699463,-24.91357421875,-57.0410270690918
45.86,0.0,-7.382795810699463,-24.355342864990234,-52.822296142578125
45.9,0.0,-7.382795810699463,-21.73861312866211,-47.46095275878906
45.92,0.0,-7.382795810699463,-17.31715202331543,-41.220726013183594
45.96,0.0,-7.382795810699463,-14.538429260253906,-33.750030517578125
46.0,0.0,-7.382795810699463,-8.132539749145508,-24.873079299926758
46.02,0.0,-7.382795810699463,-1.0472402572631836,-15.205110549926758
46.06,0.0,-7.382795810699463,2.5671157836914062,-8.876968383789062
46.1,0.0,-7.382795810699463,9.562682151794434,-4.218779563903809
46.12,0.0,-7.382795810699463,15.764366149902344,-0.6152534484863281
46.160000000000004,0.0,-7.382795810699463,18.401636123657227,0.5273279547691345
46.2,0.0,-7.382795810699463,22.472339630126953,0.43943706154823303
46.22,0.0,-7.382795810699463,22.472339630126953,-0.5273625254631042
46.26,0.0,-7.382795810699463,24.995817184448242,-3.164088726043701
46.300000000000004,0.0,-7.382795810699463,24.080474853515625,-7.822277545928955
46.34,0.0,-7.382795810699463,24.080474853515625,-14.765657424926758
46.36,0.0,-7.382795810699463,18.99386215209961,-20.65431785583496
46.4,0.0,-7.382795810699463,13.537588119506836,-28.388687133789062
46.42,0.0,-7.382795810699463,6.941826343536377,-36.6504020690918
46.46,0.0,-7.382795810699463,3.386826515197754,-41.92385482788086
46.5,0.0,-7.382795810699463,-3.8638556003570557,-46.6699333190918
46.52,0.0,-7.382795810699463,-10.792708396911621,-50.97658920288086
46.56,0.0,-7.382795810699463,-13.951458930969238,-52.207061767578125
46.6,0.0,-7.382795810699463,-19.32358741760254,-52.207061767578125
46.62,0.0,-7.382795810699463,-23.06756591796875,-52.11916732788086
46.660000000000004,0.0,-7.382795810699463,-24.223262786865234,-50.888694763183594
46.7,0.0,-7.382795810699463,-24.978107452392578,-48.16408157348633
46.72,0.0,-7.382795810699463,-24.560453414916992,-44.033233642578125
46.76,0.0,-7.382795810699463,-22.177309036254883,-38.23243713378906
46.78,0.0,-7.382795810699463,-17.91423797607422,-30.673851013183594
46.82,0.0,-7.382795810699463,-15.184342384338379,-22.67580795288086
46.84,0.0,-7.382795810699463,-8.816240310668945,-14.414093971252441
46.88,0.0,-7.382795810699463,-8.816240310668945,-6.152351379394531
46.92,0.0,-7.382795810699463,1.9577438831329346,-0.9668169021606445
46.94,0.0,-7.382795810699463,9.06591510772705,3.0761632919311523
46.980000000000004,0.0,-7.382795810699463,9.06591510772705,5.185516834259033
47.02,0.0,-7.382795810699463,18.11443328857422,5.185516834259033
47.04,0.0,-7.382795810699463,22.319541931152344,4.6581711769104
47.08,0.0,-7.382795810699463,23.725141525268555,2.4609272480010986
47.12,0.0,-7.382795810699463,24.99057960510254,-1.0547077655792236
47.14,0.0,-7.382795810699463,24.120990753173828,-5.976569652557373
47.18,0.0,-7.382795810699463,22.90077018737793,-12.568385124206543
47.22,0.0,-7.382795810699463,19.01827621459961,-19.423845291137695
47.24,0.0,-7.382795810699463,13.504788398742676,-27.861343383789062
47.28,0.0,-7.382795810699463,13.504788398742676,-37.08985900878906
47.32,0.0,-7.382795810699463,3.234323263168335,-43.330108642578125
47.36,0.0,-7.382795810699463,-4.091353416442871,-49.21876907348633
47.38,0.0,-7.382795810699463,-4.091353416442871,-54.316444396972656
47.42,0.0,-7.382795810699463,-14.236647605895996,-56.51368713378906
47.46,0.0,-7.382795810699463,-19.588491439819336,-57.0410270690918
47.480000000000004,0.0,-7.382795810699463,-19.588491439819336,-56.95314025878906
47.52,0.0,-7.382795810699463,-21.656150817871094,-56.25001525878906
47.56,0.0,-7.382795810699463,-24.35042381286621,-53.525421142578125
47.58,0.0,-7.382795810699463,-23.385332107543945,-49.13087844848633
47.62,0.0,-7.382795810699463,-23.385332107543945,-43.066436767578125
47.660000000000004,0.0,-7.382795810699463,-17.34372901916504,-36.7382926940918
47.7,0.0,-7.382795810699463,-11.352025985717773,-28.476577758789062
47.72,0.0,-7.382795810699463,-4.373797416687012,-18.808609008789062
47.76,0.0,-7.382795810699463,-0.701449990272522,-11.337912559509277
47.800000000000004,0.0,-7.382795810699463,6.611299514770508,-6.679696559906006
47.82,0.0,-7.382795810699463,6.611299514770508,-2.5488526821136475
47.86,0.0,-7.382795810699463,16.323293685913086,-0.6152534484863281
47.9,0.0,-7.382795810699463,21.13751792907715,-0.35158079862594604
47.92,0.0,-7.382795810699463,21.13751792907715,-0.7031443119049072
47.96,0.0,-7.382795810699463,22.875749588012695,-2.6367435455322266
48.0,0.0,-7.382795810699463,24.60736846923828,-6.591805934906006
48.02,0.0,-7.382795810699463,24.60736846923828,-13.271512031555176
48.06,0.0,-7.382795810699463,20.312850952148438,-19.423845291137695
48.1,0.0,-7.382795810699463,15.163196563720703,-25.839853286743164
48.120000000000005,0.0,-7.382795810699463,15.163196563720703,-35.59571075439453
48.18,0.0,-7.382795810699463,1.4423775672912598,-43.85745620727539
48.22,0.0,-7.382795810699463,1.4423775672912598,-53.17386245727539
48.24,0.0,-7.382795810699463,-9.461132049560547,-57.56837844848633
48.28,0.0,-7.382795810699463,-15.826948165893555,-61.435577392578125
48.300000000000004,0.0,-7.382795810699463,-20.80512046813965,-63.808631896972656
48.34,0.0,-7.382795810699463,-22.630535125732422,-64.24808502197266
48.38,0.0,-7.382795810699463,-24.751432418823242,-64.24808502197266
48.4,0.0,-7.382795810699463,-24.69340705871582,-63.632850646972656
48.44,0.0,-7.382795810699463,-23.84031867980957,-60.29299545288086
48.480000000000004,0.0,-7.382795810699463,-20.57820701599121,-54.75586700439453
48.5,0.0,-7.382795810699463,-15.497917175292969,-47.46095275878906
48.54,0.0,-7.382795810699463,-15.497917175292969,-40.781272888183594
48.58,0.0,-7.382795810699463,-5.479570388793945,-31.72854232788086
48.620000000000005,0.0,-7.382795810699463,1.9390759468078613,-23.642608642578125
48.660000000000004,0.0,-7.382795810699463,1.9390759468078613,-15.029329299926758
48.7,0.0,-7.382795810699463,15.628368377685547,-8.43751335144043
48.72,0.0,-7.382795810699463,20.68341636657715,-5.537142753601074
48.76,0.0,-7.382795810699463,22.545093536376953,-4.482452392578125
48.800000000000004,0.0,-7.382795810699463,24.72812843322754,-4.921906471252441
48.82,0.0,-7.382795810699463,24.71255111694336,-5.712924480438232
48.86,0.0,-7.382795810699463,23.871978759765625,-9.140640258789062
48.9,0.0,-7.382795810699463,20.617019653320312,-14.062530517578125
48.92,0.0,-7.382795810699463,15.522296905517578,-19.951190948486328
48.96,0.0,-7.382795810699463,12.420868873596191,-26.367197036743164
49.0,0.0,-7.382795810699463,5.455165386199951,-33.222686767578125
49.02,0.0,-7.382795810699463,5.455165386199951,-39.550804138183594
49.06,0.0,-7.382795810699463,-5.705465793609619,-44.12112808227539
49.1,0.0,-7.382795810699463,-12.650735855102539,-48.16408157348633
49.120000000000005,0.0,-7.382795810699463,-12.650735855102539,-50.449241638183594
49.160000000000004,0.0,-7.382795810699463,-20.78098487854004,-50.449241638183594
49.2,0.0,-7.382795810699463,-23.964805603027344,-50.36135482788086
49.24,0.0,-7.382795810699463,-24.998186111450195,-49.30665969848633
49.26,0.0,-7.382795810699463,-24.998186111450195,-45.70313262939453
49.300000000000004,0.0,-7.382795810699463,-24.67059326171875,-41.044944763183594
49.34,0.0,-7.382795810699463,-18.039140701293945,-34.18948745727539
49.38,0.0,-7.382795810699463,-12.089415550231934,-26.455089569091797
49.4,0.0,-7.382795810699463,-5.046805381774902,-16.17188262939453
49.44,0.0,-7.382795810699463,-1.3114500045776367,-9.316422462463379
49.480000000000004,0.0,-7.382795810699463,6.165689468383789,-4.306670665740967
49.5,0.0,-7.382795810699463,13.088958740234375,0.08787357062101364
49.54,0.0,-7.382795810699463,16.143407821655273,2.1093637943267822
49.56,0.0,-7.382795810699463,21.09096336364746,2.1972546577453613
49.6,0.0,-7.382795810699463,21.09096336364746,1.5820183753967285
49.64,0.0,-7.382795810699463,24.83928871154785,-0.5273625254631042
49.68,0.0,-7.382795810699463,24.555078506469727,-4.306670665740967
49.7,0.0,-7.382795810699463,23.567249298095703,-9.755876541137695
49.74,0.0,-7.382795810699463,20.010498046875,-16.611337661743164
49.78,0.0,-7.382795810699463,14.632420539855957,-23.642608642578125
49.800000000000004,0.0,-7.382795810699463,14.632420539855957,-32.95901107788086
49.84,0.0,-7.382795810699463,4.2506208419799805,-39.11134719848633
49.88,0.0,-7.382795810699463,-3.296637535095215,-45.00000762939453
49.9,0.0,-7.382795810699463,-10.546565055847168,-51.67971420288086
49.94,0.0,-7.382795810699463,-10.546565055847168,-54.8437614440918
49.980000000000004,0.0,-7.382795810699463,-19.436826705932617,-55.63477325439453
50.02,0.0,-7.382795810699463,-23.248430252075195,-55.63477325439453
50.04,0.0,-7.382795810699463,-23.248430252075195,-55.2832145690918
50.1,0.0,-7.382795810699463,-24.371532440185547,-51.943389892578125
50.120000000000005,0.0,-7.382795810699463,-21.505273818969727,-47.19728088378906
50.160000000000004,0.0,-7.382795810699463,-21.505273818969727,-41.660179138183594
50.2,0.0,-7.382795810699463,-13.687396049499512,-34.27737808227539
50.22,0.0,-7.382795810699463,-6.788216590881348,-26.718759536743164
50.26,0.0,-7.382795810699463,-3.060645341873169,-18.544937133789062
50.300000000000004,0.0,-7.382795810699463,4.521670341491699,-11.865257263183594
50.32,0.0,-7.382795810699463,8.200855255126953,-6.855478286743164
50.36,0.0,-7.382795810699463,14.910569190979004,-3.779325246810913
50.38,0.0,-7.382795810699463,20.247690200805664,-1.4941622018814087
50.42,0.0,-7.382795810699463,22.240665435791016,-1.3183804750442505
50.46,0.0,-7.382795810699463,24.643423080444336,-1.4062713384628296
50.480000000000004,0.0,-7.382795810699463,24.76842498779297,-3.691434383392334
50.52,0.0,-7.382795810699463,23.963760375976562,-8.43751335144043
50.56,0.0,-7.382795810699463,20.711368560791016,-14.414093971252441
50.58,0.0,-7.382795810699463,15.537833213806152,-20.214862823486328
50.620000000000005,0.0,-7.382795810699463,12.373908042907715,-27.421886444091797
50.660000000000004,0.0,-7.382795810699463,5.2579665184021,-34.453155517578125
50.68,0.0,-7.382795810699463,-2.3496572971343994,-39.81447219848633
50.72,0.0,-7.382795810699463,-6.117049694061279,-43.68167495727539
50.74,0.0,-7.382795810699463,-13.140239715576172,-46.75782775878906
50.78,0.0,-7.382795810699463,-13.140239715576172,-47.90040588378906
50.82,0.0,-7.382795810699463,-21.211362838745117,-47.90040588378906
50.86,0.0,-7.382795810699463,-24.215730667114258,-47.90040588378906
50.88,0.0,-7.382795810699463,-24.96137237548828,-45.8789176940918
50.92,0.0,-7.382795810699463,-24.455873489379883,-42.80276107788086
50.96,0.0,-7.382795810699463,-21.74534797668457,-38.14454650878906
51.0,0.0,-7.382795810699463,-16.99941062927246,-30.761741638183594
51.02,0.0,-7.382795810699463,-16.99941062927246,-21.181663513183594
51.06,0.0,-7.382795810699463,-7.0726237297058105,-11.77736759185791
51.1,0.0,-7.382795810699463,0.5156968832015991,-5.185579299926758
51.14,0.0,-7.382795810699463,8.059024810791016,1.4062366485595703
51.160000000000004,0.0,-7.382795810699463,8.059024810791016,6.064425468444824
51.2,0.0,-7.382795810699463,17.756711959838867,7.29489803314209
51.24,0.0,-7.382795810699463,22.255512237548828,6.943334102630615
51.28,0.0,-7.382795810699463,24.66097068786621,5.800752639770508
51.300000000000004,0.0,-7.382795810699463,24.66097068786621,2.2851455211639404
51.34,0.0,-7.382795810699463,23.901592254638672,-1.4941622018814087
51.38,0.0,-7.382795810699463,20.548643112182617,-6.591805934906006
51.4,0.0,-7.382795810699463,20.548643112182617,-14.853547096252441
51.44,0.0,-7.382795810699463,12.02685546875,-21.269554138183594
51.480000000000004,0.0,-7.382795810699463,4.796952247619629,-28.828140258789062
51.5,0.0,-7.382795810699463,-2.890303134918213,-35.41992950439453
51.54,0.0,-7.382795810699463,-2.890303134918213,-39.02345657348633
51.58,0.0,-7.382795810699463,-13.691362380981445,-40.429710388183594
51.6,0.0,-7.382795810699463,-19.40886116027832,-40.86916732788086
51.64,0.0,-7.382795810699463,-21.605098724365234,-40.86916732788086
51.68,0.0,-7.382795810699463,-24.40984535217285,-40.86916732788086
51.7,0.0,-7.382795810699463,-24.950557708740234,-40.429710388183594
51.74,0.0,-7.382795810699463,-24.242305755615234,-37.0019645690918
51.78,0.0,-7.382795810699463,-21.225072860717773,-31.552759170532227
51.82,0.0,-7.382795810699463,-16.183326721191406,-22.939481735229492
51.84,0.0,-7.382795810699463,-16.183326721191406,-12.568385124206543
51.88,0.0,-7.382795810699463,-2.0881271362304688,-3.603543519973755
51.92,0.0,-7.382795810699463,-2.0881271362304688,3.3398358821868896
51.96,0.0,-7.382795810699463,9.321624755859375,7.382789134979248
52.0,0.0,-7.382795810699463,15.966412544250488,9.316388130187988
52.02,0.0,-7.382795810699463,21.084590911865234,9.316388130187988
52.06,0.0,-7.382795810699463,22.91010856628418,8.349588394165039
52.1,0.0,-7.382795810699463,24.873146057128906,6.415988922119141
52.120000000000005,0.0,-7.382795810699463,24.962501525878906,2.5488181114196777
52.160000000000004,0.0,-7.382795810699463,23.344118118286133,-1.9336165189743042
52.18,0.0,-7.382795810699463,19.480546951293945,-8.876968383789062
52.22,0.0,-7.382795810699463,19.480546951293945,-17.84181022644043
52.26,0.0,-7.382795810699463,16.814424514770508,-26.367197036743164
52.300000000000004,0.0,-7.382795810699463,2.853231430053711,-34.453155517578125
52.32,0.0,-7.382795810699463,-4.905187606811523,-40.693382263183594
52.36,0.0,-7.382795810699463,-8.654019355773926,-46.9336051940918
52.4,0.0,-7.382795810699463,-15.43742847442627,-51.943389892578125
52.42,0.0,-7.382795810699463,-20.731470108032227,-54.75586700439453
52.46,0.0,-7.382795810699463,-22.652210235595703,-55.4589958190918
52.5,0.0,-7.382795810699463,-24.806764602661133,-55.3711051940918
52.52,0.0,-7.382795810699463,-24.558725357055664,-55.2832145690918
52.56,0.0,-7.382795810699463,-23.531036376953125,-53.085968017578125
52.6,0.0,-7.382795810699463,-19.791088104248047,-49.570335388183594
52.64,0.0,-7.382795810699463,-14.127584457397461,-44.73636245727539
52.68,0.0,-7.382795810699463,-14.127584457397461,-38.05665588378906
52.7,0.0,-7.382795810699463,-10.739717483520508,-28.476577758789062
52.74,0.0,-7.382795810699463,4.534857273101807,-21.181663513183594
52.78,0.0,-7.382795810699463,11.894231796264648,-13.974638938903809
52.800000000000004,0.0,-7.382795810699463,18.097097396850586,-8.525404930114746
52.84,0.0,-7.382795810699463,20.569101333618164,-6.3281331062316895
52.88,0.0,-7.382795810699463,23.95073699951172,-5.537142753601074
52.9,0.0,-7.382795810699463,24.993282318115234,-5.712924480438232
52.94,0.0,-7.382795810699463,24.595178604125977,-7.1191511154174805
52.980000000000004,0.0,-7.382795810699463,22.006921768188477,-10.722677230834961
53.0,0.0,-7.382795810699463,17.262069702148438,-15.908210754394531
53.04,0.0,-7.382795810699463,14.218193054199219,-20.65431785583496
53.08,0.0,-7.382795810699463,7.1597137451171875,-26.630870819091797
53.1,0.0,-7.382795810699463,-0.6046897768974304,-33.837921142578125
53.14,0.0,-7.382795810699463,-4.514252185821533,-37.52931213378906
53.18,0.0,-7.382795810699463,-11.907129287719727,-39.63869094848633
53.2,0.0,-7.382795810699463,-18.131752014160156,-40.253929138183594
53.24,0.0,-7.382795810699463,-20.60772705078125,-40.253929138183594
53.28,0.0,-7.382795810699463,-23.980260848999023,-40.166038513183594
53.300000000000004,0.0,-7.382795810699463,-24.98966407775879,-38.75978088378906
53.34,0.0,-7.382795810699463,-24.5665283203125,-35.59571075439453
53.36,0.0,-7.382795810699463,-21.91481590270996,-31.201194763183594
53.4,0.0,-7.382795810699463,-21.91481590270996,-23.730499267578125
53.44,0.0,-7.382795810699463,-14.015023231506348,-15.293002128601074
53.480000000000004,0.0,-7.382795810699463,-6.889277935028076,-7.3828229904174805
53.5,0.0,-7.382795810699463,0.9219462871551514,-0.26368993520736694
53.54,0.0,-7.382795810699463,0.9219462871551514,5.009735107421875
53.58,0.0,-7.382795810699463,12.231876373291016,7.29489803314209
53.620000000000005,0.0,-7.382795810699463,18.409168243408203,7.6464619636535645
53.660000000000004,0.0,-7.382795810699463,22.760034561157227,7.382789134979248
53.68,0.0,-7.382795810699463,24.849363327026367,4.833953380584717
53.72,0.0,-7.382795810699463,24.849363327026367,-0.5273625254631042
53.76,0.0,-7.382795810699463,23.348615646362305,-5.712924480438232
53.800000000000004,0.0,-7.382795810699463,19.39887237548828,-12.656275749206543
53.82,0.0,-7.382795810699463,13.512214660644531,-20.56642723083496
53.86,0.0,-7.382795810699463,10.019302368164062,-28.12501335144043
53.9,0.0,-7.382795810699463,2.3698368072509766,-34.71683120727539
53.92,0.0,-7.382795810699463,-5.519883632659912,-39.81447219848633
53.96,0.0,-7.382795810699463,-5.519883632659912,-43.417999267578125
54.0,0.0,-7.382795810699463,-9.307043075561523,-45.00000762939453
54.04,0.0,-7.382795810699463,-21.265560150146484,-45.3515739440918
54.06,0.0,-7.382795810699463,-21.265560150146484,-45.3515739440918
54.1,0.0,-7.382795810699463,-23.07862663269043,-44.91211700439453
54.14,0.0,-7.382795810699463,-24.27271270751953,-42.714874267578125
54.18,0.0,-7.382795810699463,-21.178447723388672,-39.02345657348633
54.2,0.0,-7.382795810699463,-15.952200889587402,-32.08010482788086
54.24,0.0,-7.382795810699463,-12.696043014526367,-24.96097183227539
54.28,0.0,-7.382795810699463,-5.3068318367004395,-16.787120819091797
54.300000000000004,0.0,-7.382795810699463,2.620643138885498,-9.404313087463379
54.34,0.0,-7.382795810699463,6.536433219909668,-5.185579299926758
54.36,0.0,-7.382795810699463,13.777141571044922,-2.28518009185791
54.4,0.0,-7.382795810699463,16.917747497558594,-1.0547077655792236
54.44,0.0,-7.382795810699463,21.840972900390625,-1.3183804750442505
54.46,0.0,-7.382795810699463,21.840972900390625,-1.4941622018814087
54.5,0.0,-7.382795810699463,24.98957633972168,-4.306670665740967
54.54,0.0,-7.382795810699463,23.9501895904541,-8.701186180114746
54.56,0.0,-7.382795810699463,23.9501895904541,-15.556674003601074
54.6,0.0,-7.382795810699463,17.93651008605957,-21.533227920532227
54.64,0.0,-7.382795810699463,11.546489715576172,-28.740251541137695
54.660000000000004,0.0,-7.382795810699463,11.546489715576172,-37.08985900878906
54.7,0.0,-7.382795810699463,-0.006625732872635126,-42.714874267578125
54.74,0.0,-7.382795810699463,-7.88030481338501,-47.90040588378906
54.76,0.0,-7.382795810699463,-7.88030481338501,-52.207061767578125
54.800000000000004,0.0,-7.382795810699463,-11.565346717834473,-53.261749267578125
54.84,0.0,-7.382795810699463,-22.5279541015625,-53.17386245727539
54.88,0.0,-7.382795810699463,-24.79694175720215,-52.998077392578125
54.9,0.0,-7.382795810699463,-24.79694175720215,-51.41604232788086
54.94,0.0,-7.382795810699463,-24.986413955688477,-47.63673400878906
54.980000000000004,0.0,-7.382795810699463,-23.448999404907227,-43.417999267578125
55.0,0.0,-7.382795810699463,-13.575237274169922,-37.26564025878906
55.04,0.0,-7.382795810699463,-13.575237274169922,-28.476577758789062
55.08,0.0,-7.382795810699463,1.729505181312561,-17.226573944091797
55.120000000000005,0.0,-7.382795810699463,5.702788352966309,-10.634785652160645
55.160000000000004,0.0,-7.382795810699463,13.110818862915039,-6.3281331062316895
55.2,0.0,-7.382795810699463,13.110818862915039,-2.6367435455322266
55.22,0.0,-7.382795810699463,16.35373878479004,-1.3183804750442505
55.26,0.0,-7.382795810699463,24.433195114135742,-1.4062713384628296
55.300000000000004,0.0,-7.382795810699463,24.851463317871094,-1.669943928718567
55.32,0.0,-7.382795810699463,24.851463317871094,-5.185579299926758
55.36,0.0,-7.382795810699463,20.732465744018555,-10.546895027160645
55.4,0.0,-7.382795810699463,15.230674743652344,-15.996101379394531
55.42,0.0,-7.382795810699463,15.230674743652344,-22.76369857788086
55.46,0.0,-7.382795810699463,4.2460527420043945,-30.49806785583496
55.5,0.0,-7.382795810699463,-3.7965688705444336,-36.8261833190918
55.52,0.0,-7.382795810699463,-11.449402809143066,-42.451202392578125
55.56,0.0,-7.382795810699463,-11.449402809143066,-47.1093864440918
55.6,0.0,-7.382795810699463,-20.492414474487305,-48.955101013183594
55.64,0.0,-7.382795810699463,-23.982421875,-48.955101013183594
55.660000000000004,0.0,-7.382795810699463,-23.982421875,-48.955101013183594
55.7,0.0,-7.382795810699463,-24.806711196899414,-47.90040588378906
55.74,0.0,-7.382795810699463,-21.653362274169922,-45.00000762939453
55.78,0.0,-7.382795810699463,-16.546483993530273,-41.74807357788086
55.800000000000004,0.0,-7.382795810699463,-9.713225364685059,-35.15625762939453
55.84,0.0,-7.382795810699463,-9.713225364685059,-27.33399772644043
55.88,0.0,-7.382795810699463,-5.866051197052002,-21.884790420532227
55.9,0.0,-7.382795810699463,10.016639709472656,-16.347665786743164
55.94,0.0,-7.382795810699463,10.016639709472656,-13.09572982788086
55.980000000000004,0.0,-7.382795810699463,19.574424743652344,-12.656275749206543
56.02,0.0,-7.382795810699463,23.515153884887695,-12.744166374206543
56.04,0.0,-7.382795810699463,23.515153884887695,-13.798856735229492
56.08,0.0,-7.382795810699463,23.85373878479004,-18.632827758789062
56.120000000000005,0.0,-7.382795810699463,23.85373878479004,-24.345735549926758
56.160000000000004,0.0,-7.382795810699463,22.326744079589844,-30.937522888183594
56.2,0.0,-7.382795810699463,10.942400932312012,-37.79298400878906
56.22,0.0,-7.382795810699463,3.173339366912842,-45.70313262939453
56.26,0.0,-7.382795810699463,3.173339366912842,-52.646514892578125
56.300000000000004,0.0,-7.382795810699463,-8.844905853271484,-57.12892150878906
56.32,0.0,-7.382795810699463,-15.86982536315918,-60.46877670288086
56.36,0.0,-7.382795810699463,-15.86982536315918,-61.962921142578125
56.4,0.0,-7.382795810699463,-23.08819007873535,-61.962921142578125
56.44,0.0,-7.382795810699463,-24.943660736083984,-61.78714370727539
56.480000000000004,0.0,-7.382795810699463,-24.163185119628906,-59.150413513183594
56.5,0.0,-7.382795810699463,-22.79833984375,-54.93164825439453
56.54,0.0,-7.382795810699463,-18.298173904418945,-49.570335388183594
56.56,0.0,-7.382795810699463,-11.857682228088379,-42.978546142578125
56.6,0.0,-7.382795810699463,-8.116193771362305,-36.2988395690918
56.64,0.0,-7.382795810699463,-0.08642243593931198,-29.267597198486328
56.68,0.0,-7.382795810699463,7.955894470214844,-21.796899795532227
56.7,0.0,-7.382795810699463,15.156220436096191,-16.259775161743164
56.74,0.0,-7.382795810699463,18.195236206054688,-14.238311767578125
56.78,0.0,-7.382795810699463,22.745014190673828,-14.326202392578125
56.800000000000004,0.0,-7.382795810699463,22.745014190673828,-14.677765846252441
56.84,0.0,-7.382795810699463,24.133201599121094,-17.314464569091797
56.9,0.0,-7.382795810699463,24.94914436340332,-22.412134170532227
56.92,0.0,-7.382795810699463,23.105268478393555,-28.916034698486328
56.96,0.0,-7.382795810699463,18.794939041137695,-35.24414825439453
56.980000000000004,0.0,-7.382795810699463,4.819567680358887,-41.48440170288086
57.02,0.0,-7.382795810699463,0.7426798939704895,-48.60353469848633
57.06,0.0,-7.382795810699463,-7.3633222579956055,-54.140655517578125
57.1,0.0,-7.382795810699463,-14.683887481689453,-59.150413513183594
57.120000000000005,0.0,-7.382795810699463,-14.683887481689453,-61.875030517578125
57.160000000000004,0.0,-7.382795810699463,-22.516496658325195,-62.138702392578125
57.2,0.0,-7.382795810699463,-24.819215774536133,-62.138702392578125
57.22,0.0,-7.382795810699463,-24.45604705810547,-61.084014892578125
57.26,0.0,-7.382795810699463,-23.274587631225586,-58.007835388183594
57.300000000000004,0.0,-7.382795810699463,-19.068906784057617,-52.998077392578125
57.32,0.0,-7.382795810699463,-12.808106422424316,-46.58204650878906
57.36,0.0,-7.382795810699463,-9.110219955444336,-41.13283920288086
57.4,0.0,-7.382795810699463,-1.0773823261260986,-34.98050308227539
57.42,0.0,-7.382795810699463,7.0750603675842285,-29.443378448486328
57.46,0.0,-7.382795810699463,10.918966293334961,-26.630870819091797
57.480000000000004,0.0,-7.382795810699463,17.62171173095703,-25.13675308227539
57.52,0.0,-7.382795810699463,17.62171173095703,-25.13675308227539
57.56,0.0,-7.382795810699463,23.935094833374023,-25.13675308227539
57.58,0.0,-7.382795810699463,24.982255935668945,-26.718759536743164
57.620000000000005,0.0,-7.382795810699463,24.48649024963379,-30.05861473083496
57.660000000000004,0.0,-7.382795810699463,21.52138900756836,-34.36526870727539
57.68,0.0,-7.382795810699463,16.21970558166504,-39.990257263183594
57.72,0.0,-7.382795810699463,12.86323356628418,-46.6699333190918
57.76,0.0,-7.382795810699463,5.1940693855285645,-53.87698745727539
57.800000000000004,0.0,-7.382795810699463,-3.043100357055664,-59.94143295288086
57.82,0.0,-7.382795810699463,-3.043100357055664,-64.33594512939453
57.86,0.0,-7.382795810699463,-14.51091194152832,-66.26954650878906
57.9,0.0,-7.382795810699463,-20.348970413208008,-66.7968978881836
57.94,0.0,-7.382795810699463,-23.96999740600586,-66.70899963378906
57.96,0.0,-7.382795810699463,-23.96999740600586,-65.47853088378906
58.0,0.0,-7.382795810699463,-24.45110321044922,-62.138702392578125
58.04,0.0,-7.382795810699463,-21.415607452392578,-56.95314025878906
58.08,0.0,-7.382795810699463,-16.036113739013672,-47.98830032348633
58.1,0.0,-7.382795810699463,-8.898648262023926,-41.044944763183594
58.14,0.0,-7.382795810699463,-8.898648262023926,-31.992212295532227
58.18,0.0,-7.382795810699463,3.3652889728546143,-25.92774200439453
58.22,0.0,-7.382795810699463,11.27379035949707,-21.709007263183594
58.24,0.0,-7.382795810699463,11.27379035949707,-18.193374633789062
58.28,0.0,-7.382795810699463,22.651500701904297,-17.49024772644043
58.32,0.0,-7.382795810699463,24.09215545654297,-17.49024772644043
58.36,0.0,-7.382795810699463,24.95041847229004,-18.544937133789062
58.38,0.0,-7.382795810699463,24.95041847229004,-22.58791732788086
58.42,0.0,-7.382795810699463,24.34337615966797,-29.091814041137695
58.46,0.0,-7.382795810699463,21.13849639892578,-36.4746208190918
58.5,0.0,-7.382795810699463,8.339625358581543,-42.890655517578125
58.54,0.0,-7.382795810699463,0.15385745465755463,-51.06447982788086
58.58,0.0,-7.382795810699463,-8.052281379699707,-58.095726013183594
58.6,0.0,-7.382795810699463,-11.876606941223145,-63.193397521972656
58.64,0.0,-7.382795810699463,-18.437191009521484,-66.53321838378906
58.660000000000004,0.0,-7.382795810699463,-20.990036010742188,-68.8183822631836
58.7,0.0,-7.382795810699463,-24.285064697265625,-69.16995239257812
58.74,0.0,-7.382795810699463,-24.887428283691406,-69.16995239257812
58.76,0.0,-7.382795810699463,-22.726871490478516,-67.7636947631836
58.800000000000004,0.0,-7.382795810699463,-20.672922134399414,-64.33594512939453
58.84,0.0,-7.382795810699463,-14.90148639678955,-59.50197982788086
58.86,0.0,-7.382795810699463,-11.344931602478027,-52.646514892578125
58.9,0.0,-7.382795810699463,-3.384335517883301,-46.0546989440918
58.94,0.0,-7.382795810699463,4.956536293029785,-40.781272888183594
58.96,0.0,-7.382795810699463,8.977989196777344,-36.6504020690918
59.0,0.0,-7.382795810699463,16.16105842590332,-34.89261245727539
59.02,0.0,-7.382795810699463,21.54290771484375,-34.89261245727539
59.06,0.0,-7.382795810699463,21.54290771484375,-34.89261245727539
59.1,0.0,-7.382795810699463,24.9899959564209,-35.33203887939453
59.120000000000005,0.0,-7.382795810699463,23.82509422302246,-37.3535270690918
59.160000000000004,0.0,-7.382795810699463,23.82509422302246,-41.48440170288086
59.2,0.0,-7.382795810699463,17.197723388671875,-47.02149963378906
59.22,0.0,-7.382795810699463,10.243324279785156,-54.140655517578125
59.26,0.0,-7.382795810699463,6.279195785522461,-60.29299545288086
59.300000000000004,0.0,-7.382795810699463,-2.0668833255767822,-65.74220275878906
59.34,0.0,-7.382795810699463,-2.0668833255767822,-71.54299926757812
59.36,0.0,-7.382795810699463,-13.867897987365723,-73.74027252197266
59.4,0.0,-7.382795810699463,-19.966032028198242,-74.35548400878906
59.42,0.0,-7.382795810699463,-19.966032028198242,-74.26758575439453
59.46,0.0,-7.382795810699463,-24.755481719970703,-74.09181213378906
59.5,0.0,-7.382795810699463,-24.5145320892334,-71.80667114257812
59.52,0.0,-7.382795810699463,-21.507944107055664,-66.53321838378906
59.56,0.0,-7.382795810699463,-19.06113052368164,-61.435577392578125
59.6,0.0,-7.382795810699463,-12.624502182006836,-53.96487808227539
59.620000000000005,0.0,-7.382795810699463,-4.758084774017334,-45.7910270690918
59.660000000000004,0.0,-7.382795810699463,-0.5625636577606201,-41.044944763183594
59.7,0.0,-7.382795810699463,7.759116172790527,-37.08985900878906
59.72,0.0,-7.382795810699463,15.205181121826172,-35.06836700439453
59.76,0.0,-7.382795810699463,18.329139709472656,-35.06836700439453
59.78,0.0,-7.382795810699463,22.934057235717773,-35.15625762939453
59.82,0.0,-7.382795810699463,22.934057235717773,-35.7714958190918
59.86,0.0,-7.382795810699463,24.878747940063477,-37.61720275878906
59.88,0.0,-7.382795810699463,22.6472225189209,-40.605491638183594
59.92,0.0,-7.382795810699463,22.6472225189209,-46.6699333190918
59.96,0.0,-7.382795810699463,14.627769470214844,-54.22854995727539
