dt,yaw_cmd,yaw_pos,pitch_cmd,pitch_pos
0.3,-4.688468933105469,-6.5917510986328125,0.0,-0.43947166204452515
0.3,-4.688468933105469,-6.5917510986328125,0.0,-0.43947166204452515
0.3,-9.218013763427734,-6.679669380187988,0.0,-0.43947166204452515
0.3,-12.068802833557129,-6.943314552307129,0.0,-0.43947166204452515
0.3,-12.068802833557129,-7.822222709655762,0.0,-0.35158079862594604
0.3,-15.977070808410645,-8.701131820678711,0.0,-0.26368993520736694
0.3,-18.275638580322266,-10.546867370605469,0.0,0.08787357062101364
0.32,-18.275638580322266,-13.44723892211914,0.0,0.6152188181877136
0.36,-21.169048309326172,-16.083965301513672,0.0,1.142564058303833
0.4,-22.681716918945312,-19.863245010375977,0.0,1.8456910848617554
0.42,-23.830839157104492,-24.3457088470459,0.0,2.724599838256836
0.46,-24.262659072875977,-29.88280487060547,0.0,3.691399097442627
0.5,-24.831283569335938,-36.03513717651367,0.0,4.921844005584717
0.52,-24.831283569335938,-44.56052780151367,0.0,6.415988922119141
0.56,-24.965457916259766,-53.173805236816406,0.0,8.173807144165039
0.6,-24.4893856048584,-60.380859375,0.0,9.580060958862305
0.62,-23.649545669555664,-66.62108612060547,0.0,10.634751319885254
0.66,-23.649545669555664,-72.2460708618164,0.0,11.601550102233887
0.7000000000000001,-21.669992446899414,-76.55272674560547,0.0,12.392568588256836
0.72,-19.90007209777832,-80.5077896118164,0.0,13.095695495605469
0.76,-19.90007209777832,-85.16600036621094,0.0,13.974576950073242
0.8,-16.639432907104492,-88.59375,0.0,14.677703857421875
0.8200000000000001,-14.112456321716309,-90.4394302368164,0.0,14.941376686096191
0.86,-14.112456321716309,-91.0546646118164,0.0,15.029267311096191
0.9,-9.894003868103027,-91.0546646118164,0.0,15.029267311096191
0.92,-6.863167762756348,-91.0546646118164,0.0,15.029267311096191
0.96,-6.863167762756348,-91.0546646118164,0.0,15.117158889770508
1.0,-2.113309860229492,-91.0546646118164,0.0,15.029267311096191
1.04,1.112650752067566,-91.0546646118164,0.0,15.029267311096191
1.06,4.323585510253906,-91.0546646118164,0.0,15.029267311096191
1.1,4.323585510253906,-90.6152114868164,0.0,15.029267311096191
1.1400000000000001,5.906596660614014,-89.38473510742188,0.0,15.029267311096191
1.16,11.93475341796875,-86.92379760742188,0.0,14.853485107421875
1.2,13.333876609802246,-84.19920349121094,0.0,14.853485107421875
1.24,15.960205078125,-80.8593521118164,0.0,14.238249778747559
1.26,15.960205078125,-75.67382049560547,0.0,13.095695495605469
1.3,19.387319564819336,-71.19140625,0.0,12.30467700958252
1.34,21.272785186767578,-67.32421112060547,0.0,11.689441680908203
1.3800000000000001,22.79947853088379,-61.34762954711914,0.0,10.546859741210938
1.4000000000000001,23.4195613861084,-54.75584411621094,0.0,9.404278755187988
1.44,24.35921859741211,-47.63671112060547,0.0,7.910134315490723
1.46,24.884462356567383,-39.37496566772461,0.0,6.415988922119141
1.5,24.988170623779297,-31.728485107421875,0.0,5.097625732421875
1.54,24.874675750732422,-25.22458839416504,0.0,3.9550445079803467
1.58,24.334522247314453,-18.36912727355957,0.0,2.4609272480010986
1.6,24.334522247314453,-12.919893264770508,0.0,1.5820183753967285
1.6400000000000001,23.90662956237793,-8.43748664855957,0.0,0.8788914680480957
1.68,21.1871395111084,-4.746070384979248,0.0,0.08787357062101364
1.72,19.262964248657227,-1.581998348236084,0.0,-0.43947166204452515
1.74,19.262964248657227,3.7338671972975135e-05,0.0,-0.7031443119049072
1.78,15.75912094116211,1.8457183837890625,0.0,-0.9668169021606445
1.82,13.069117546081543,1.9336365461349487,0.0,-1.0547077655792236
1.84,10.148706436157227,1.9336365461349487,0.0,-1.0547077655792236
1.8800000000000001,8.617646217346191,1.9336365461349487,0.0,-0.9668169021606445
1.92,5.446884632110596,1.9336365461349487,0.0,-1.0547077655792236
1.94,2.17739200592041,1.9336365461349487,0.0,-1.0547077655792236
1.98,0.5233946442604065,1.9336365461349487,0.0,-1.0547077655792236
2.0,-2.786876678466797,1.9336365461349487,0.0,-1.0547077655792236
2.04,-2.786876678466797,3.7338671972975135e-05,0.0,-0.9668169021606445
2.08,-7.648870944976807,-2.900388717651367,0.0,-0.7910351753234863
2.12,-10.737565040588379,-5.185551643371582,0.0,-0.7910351753234863
2.14,-13.639585494995117,-9.843740463256836,0.0,-0.17579905688762665
2.18,-13.639585494995117,-14.589847564697266,0.0,0.7031096816062927
2.22,-17.529783248901367,-19.95116424560547,0.0,1.7578002214431763
2.24,-19.746280670166016,-23.730445861816406,0.0,2.724599838256836
2.2800000000000002,-19.746280670166016,-30.849578857421875,0.0,4.130825996398926
2.32,-22.40448760986328,-38.144493103027344,0.0,5.449189186096191
2.36,-23.68440818786621,-45.17576217651367,0.0,6.591770648956299
2.38,-24.54128074645996,-53.261695861816406,0.0,8.261697769165039
2.42,-24.54128074645996,-60.380859375,0.0,9.667951583862305
2.46,-24.99889373779297,-66.09373474121094,0.0,10.634751319885254
2.5,-24.742115020751953,-70.2245864868164,0.0,11.24998664855957
2.52,-24.038408279418945,-74.53123474121094,0.0,12.04100513458252
2.56,-23.522178649902344,-79.10153198242188,0.0,12.832022666931152
2.6,-22.17179298400879,-84.19920349121094,0.0,13.710905075073242
2.62,-20.417613983154297,-89.29686737060547,0.0,14.765595436096191
2.66,-19.398391723632812,-92.46092224121094,0.0,15.380830764770508
2.7,-17.0981502532959,-94.39452362060547,0.0,15.732394218444824
2.72,-14.483559608459473,-94.57029724121094,0.0,15.82028579711914
2.7600000000000002,-13.07280158996582,-94.57029724121094,0.0,15.82028579711914
2.8000000000000003,-10.076112747192383,-94.57029724121094,0.0,15.82028579711914
2.84,-6.891493320465088,-94.57029724121094,0.0,15.82028579711914
2.86,-6.891493320465088,-94.57029724121094,0.0,15.82028579711914
2.9,-1.8897247314453125,-94.57029724121094,0.0,15.82028579711914
2.94,1.5055915117263794,-94.57029724121094,0.0,15.82028579711914
2.96,4.876628875732422,-94.48241424560547,0.0,15.82028579711914
3.0,6.533475399017334,-93.95507049560547,0.0,15.82028579711914
3.04,9.751266479492188,-92.98826599121094,0.0,15.732394218444824
3.06,12.791302680969238,-90.6152114868164,0.0,15.556612968444824
3.1,14.22665786743164,-87.71484375,0.0,15.468722343444824
3.14,16.894153594970703,-83.93553161621094,0.0,14.853485107421875
3.16,19.2490177154541,-78.57418823242188,0.0,13.886686325073242
3.2,20.294897079467773,-73.30076599121094,0.0,12.744132041931152
3.24,22.09836769104004,-68.64254760742188,0.0,11.953113555908203
3.2600000000000002,23.489002227783203,-62.22654342651367,0.0,10.81053352355957
3.3000000000000003,23.489002227783203,-53.96482467651367,0.0,9.228497505187988
3.34,24.74308204650879,-46.40623474121094,0.0,7.822243690490723
3.36,24.999549865722656,-39.990230560302734,0.0,6.415988922119141
3.4,24.999549865722656,-31.289058685302734,0.0,5.097625732421875
3.44,24.499176025390625,-24.78513526916504,0.0,3.8671536445617676
3.48,23.582632064819336,-19.423818588256836,0.0,2.636708974838257
3.5,22.21706771850586,-14.062501907348633,0.0,1.7578002214431763
3.54,21.373268127441406,-10.986294746398926,0.0,1.142564058303833
3.58,19.38292121887207,-7.470659255981445,0.0,0.7031096816062927
3.6,17.020349502563477,-3.867161512374878,0.0,-1.7302845662925392e-05
3.64,15.712987899780273,-2.460907220840454,0.0,-0.26368993520736694
3.68,12.876794815063477,-2.1972618103027344,0.0,-0.35158079862594604
3.7,9.790511131286621,-2.1972618103027344,0.0,-0.35158079862594604
3.74,8.171730041503906,-2.1972618103027344,0.0,-0.35158079862594604
3.7800000000000002,4.821495056152344,-2.1972618103027344,0.0,-0.35158079862594604
3.8000000000000003,1.3748135566711426,-2.1972618103027344,0.0,-0.35158079862594604
3.84,-0.3640096187591553,-2.1972618103027344,0.0,-0.35158079862594604
3.88,-3.830604076385498,-2.1972618103027344,0.0,-0.35158079862594604
3.92,-7.2264299392700195,-2.900388717651367,0.0,-0.35158079862594604
3.94,-7.2264299392700195,-4.833988189697266,0.0,-0.26368993520736694
3.98,-12.043222427368164,-7.470659255981445,0.0,-0.26368993520736694
4.0200000000000005,-14.977856636047363,-11.162075996398926,0.0,-1.7302845662925392e-05
4.04,-14.977856636047363,-15.556619644165039,0.0,0.7910005450248718
4.08,-18.82012939453125,-20.6542911529541,0.0,1.7578002214431763
4.12,-20.93402099609375,-24.3457088470459,0.0,2.724599838256836
4.16,-22.639062881469727,-31.464841842651367,0.0,4.218717098236084
4.18,-23.900463104248047,-39.63866424560547,0.0,5.62497091293335
4.22,-23.900463104248047,-47.724571228027344,0.0,7.031225204467773
4.26,-24.905874252319336,-56.07420349121094,0.0,8.613261222839355
4.3,-24.96360969543457,-63.45701217651367,0.0,10.107406616210938
4.32,-24.52682113647461,-70.48828125,0.0,11.24998664855957
4.36,-24.124841690063477,-74.53123474121094,0.0,12.04100513458252
4.4,-22.9627742767334,-78.837890625,0.0,12.832022666931152
4.42,-22.9627742767334,-84.02342224121094,0.0,13.623013496398926
4.46,-22.208114624023438,-87.97847747802734,0.0,14.501921653747559
4.5,-18.1221923828125,-90.8788833618164,0.0,15.029267311096191
4.5200000000000005,-16.858659744262695,-92.10935974121094,0.0,15.292940139770508
4.5600000000000005,-14.082782745361328,-92.46092224121094,0.0,15.292940139770508
4.58,-11.021450996398926,-92.46092224121094,0.0,15.292940139770508
4.62,-9.402511596679688,-92.46092224121094,0.0,15.292940139770508
4.64,-7.735386848449707,-92.46092224121094,0.0,15.292940139770508
4.68,-6.028414249420166,-92.46092224121094,0.0,15.292940139770508
4.72,-0.7548521757125854,-92.46092224121094,0.0,15.292940139770508
4.74,-0.7548521757125854,-92.46092224121094,0.0,15.292940139770508
4.78,4.56081485748291,-92.46092224121094,0.0,15.292940139770508
4.8,8.008234977722168,-91.4062271118164,0.0,15.292940139770508
4.84,8.008234977722168,-89.38473510742188,0.0,15.205048561096191
4.88,12.85919189453125,-86.30858612060547,0.0,15.117158889770508
4.92,15.782793998718262,-83.32029724121094,0.0,14.677703857421875
4.94,18.386737823486328,-78.486328125,0.0,13.886686325073242
4.98,19.55159568786621,-73.74021911621094,0.0,12.832022666931152
5.0200000000000005,21.576541900634766,-69.16989135742188,0.0,12.04100513458252
5.0600000000000005,23.16033363342285,-63.63279724121094,0.0,10.98631477355957
5.08,23.775829315185547,-57.39257049560547,0.0,9.843733787536621
5.12,24.637292861938477,-50.273433685302734,0.0,8.349588394165039
5.16,24.99107551574707,-42.01169204711914,0.0,6.855443477630615
5.18,24.99107551574707,-32.43161392211914,0.0,5.273407459259033
5.22,24.97441291809082,-24.96091651916504,0.0,3.8671536445617676
5.26,24.55345916748047,-20.039026260375977,0.0,2.812490701675415
5.28,22.200220108032227,-14.062501907348633,0.0,1.7578002214431763
5.32,21.312896728515625,-10.458949089050293,0.0,1.142564058303833
5.34,19.208433151245117,-7.031232833862305,0.0,0.5273279547691345
5.38,19.208433151245117,-2.3730435371398926,0.0,-0.35158079862594604
5.42,15.311354637145996,0.26368263363838196,0.0,-0.7031443119049072
5.46,12.297371864318848,1.9336365461349487,0.0,-1.0547077655792236
5.48,12.297371864318848,2.8125452995300293,0.0,-1.1425986289978027
5.5200000000000005,7.308018207550049,2.8125452995300293,0.0,-1.2304894924163818
5.5600000000000005,3.770552635192871,2.8125452995300293,0.0,-1.2304894924163818
5.58,3.770552635192871,2.8125452995300293,0.0,-1.2304894924163818
5.62,-1.6674246788024902,2.8125452995300293,0.0,-1.2304894924163818
5.66,-5.269077777862549,2.8125452995300293,0.0,-1.2304894924163818
5.68,-5.269077777862549,2.8125452995300293,0.0,-1.2304894924163818
5.72,-10.44530963897705,2.7246270179748535,0.0,-1.2304894924163818
5.74,-13.637829780578613,0.87894606590271,0.0,-1.1425986289978027
5.78,-13.637829780578613,-2.8124706745147705,0.0,-0.9668169021606445
5.82,-15.130402565002441,-5.449197292327881,0.0,-0.8789260387420654
5.84,-20.226303100585938,-9.66795825958252,0.0,-0.08790817856788635
5.88,-20.226303100585938,-15.029274940490723,0.0,0.7910005450248718
5.92,-22.942846298217773,-20.566373825073242,0.0,1.9335819482803345
5.96,-24.147933959960938,-25.22458839416504,0.0,2.9882724285125732
5.98,-24.834835052490234,-33.22262954711914,0.0,4.482389450073242
6.0200000000000005,-24.834835052490234,-40.957000732421875,0.0,5.800752639770508
6.0600000000000005,-24.861040115356445,-48.42770004272461,0.0,7.20700740814209
6.1000000000000005,-24.206266403198242,-57.0410041809082,0.0,9.052715301513672
6.12,-23.026723861694336,-65.03904724121094,0.0,10.458970069885254
6.16,-22.247251510620117,-71.015625,0.0,11.425768852233887
6.2,-20.329158782958984,-75.49803161621094,0.0,12.216787338256836
6.22,-17.96691131591797,-80.8593521118164,0.0,13.095695495605469
6.26,-16.634565353393555,-85.51757049560547,0.0,13.974576950073242
6.28,-13.7030611038208,-89.29686737060547,0.0,14.677703857421875
6.32,-13.7030611038208,-92.2851333618164,0.0,15.205048561096191
6.36,-8.76046371459961,-93.42771911621094,0.0,15.468722343444824
6.4,-5.2059550285339355,-93.51560974121094,0.0,15.468722343444824
6.44,-5.2059550285339355,-93.51560974121094,0.0,15.468722343444824
6.46,0.3215094208717346,-93.51560974121094,0.0,15.468722343444824
6.5,4.019021987915039,-93.51560974121094,0.0,15.468722343444824
6.54,7.631340980529785,-93.51560974121094,0.0,15.468722343444824
6.5600000000000005,11.078324317932129,-93.42771911621094,0.0,15.468722343444824
6.6000000000000005,12.715620040893555,-93.42771911621094,0.0,15.468722343444824
6.640000000000001,15.771986961364746,-93.25193786621094,0.0,15.468722343444824
6.66,15.771986961364746,-91.66990661621094,0.0,15.380830764770508
6.7,19.685348510742188,-89.12109375,0.0,15.292940139770508
6.74,21.760540008544922,-85.78124237060547,0.0,15.205048561096191
6.76,23.351842880249023,-81.3866958618164,0.0,14.326140403747559
6.8,23.954038619995117,-76.46480560302734,0.0,13.271477699279785
6.84,24.75373649597168,-71.8066177368164,0.0,12.480459213256836
6.86,24.998876571655273,-66.00585174560547,0.0,11.425768852233887
6.9,24.998876571655273,-59.062469482421875,0.0,10.107406616210938
6.94,24.314739227294922,-51.15234375,0.0,8.525370597839355
6.96,23.170082092285156,-44.73630905151367,0.0,7.382789134979248
7.0,23.170082092285156,-36.56248474121094,0.0,5.976534366607666
7.04,20.480886459350586,-29.179677963256836,0.0,4.6581711769104
7.08,18.09700584411621,-22.763671875,0.0,3.4277267456054688
7.1000000000000005,15.300276756286621,-15.82026481628418,0.0,2.021472692489624
7.140000000000001,15.300276756286621,-11.601557731628418,0.0,1.230454921722412
7.18,10.469929695129395,-7.822222709655762,0.0,0.6152188181877136
7.22,6.931837558746338,-3.603516101837158,0.0,-0.08790817856788635
7.26,3.2321159839630127,-0.7910078763961792,0.0,-0.5273625254631042
7.28,3.2321159839630127,0.9668096303939819,0.0,-0.7910351753234863
7.32,-2.435657024383545,1.494154930114746,0.0,-0.8789260387420654
7.36,-6.166806221008301,1.494154930114746,0.0,-0.8789260387420654
7.38,-9.759657859802246,1.494154930114746,0.0,-0.8789260387420654
7.42,-11.47807502746582,1.494154930114746,0.0,-0.8789260387420654
7.46,-14.70897102355957,1.494154930114746,0.0,-0.8789260387420654
7.5,-17.603126525878906,1.494154930114746,0.0,-0.8789260387420654
7.5200000000000005,-17.603126525878906,0.5273826122283936,0.0,-0.8789260387420654
7.5600000000000005,-21.166818618774414,-1.581998348236084,0.0,-0.7910351753234863
7.6000000000000005,-22.942180633544922,-3.7792978286743164,0.0,-0.7031443119049072
7.62,-24.18579864501953,-7.382795810699463,0.0,-0.5273625254631042
7.66,-24.598186492919922,-10.898430824279785,0.0,0.08787357062101364
7.68,-24.991117477416992,-14.853492736816406,0.0,0.7910005450248718
7.72,-24.991117477416992,-20.74215316772461,0.0,1.9335819482803345
7.76,-24.487045288085938,-25.488262176513672,0.0,2.9882724285125732
7.8,-23.431123733520508,-31.113279342651367,0.0,4.218717098236084
7.84,-21.824386596679688,-40.25387191772461,0.0,5.62497091293335
7.88,-19.70307731628418,-48.60348129272461,0.0,7.20700740814209
7.92,-17.115739822387695,-57.919918060302734,0.0,9.228497505187988
7.94,-15.665582656860352,-63.98435592651367,0.0,10.283187866210938
7.98,-12.494412422180176,-69.16989135742188,0.0,11.162096977233887
8.0,-9.024679183959961,-72.3339614868164,0.0,11.601550102233887
8.040000000000001,-7.203060626983643,-75.23436737060547,0.0,12.12889575958252
8.08,-3.4399845600128174,-77.95897674560547,0.0,12.656241416931152
8.1,0.4083155691623688,-79.9804458618164,0.0,13.007804870605469
8.14,0.4083155691623688,-81.6503677368164,0.0,13.271477699279785
8.18,6.140433311462402,-81.9140396118164,0.0,13.271477699279785
8.22,9.801811218261719,-81.9140396118164,0.0,13.271477699279785
8.24,13.232019424438477,-81.9140396118164,0.0,13.271477699279785
8.28,14.834281921386719,-81.9140396118164,0.0,13.271477699279785
8.32,17.7645263671875,-81.9140396118164,0.0,13.271477699279785
8.34,20.270462036132812,-81.9140396118164,0.0,13.271477699279785
8.38,20.270462036132812,-80.8593521118164,0.0,13.271477699279785
8.42,23.10231590270996,-79.189453125,0.0,13.183586120605469
8.46,24.303747177124023,-76.81636810302734,0.0,13.095695495605469
8.48,24.303747177124023,-73.82810974121094,0.0,12.919914245605469
8.52,24.999893188476562,-70.83984375,0.0,12.392568588256836
8.56,24.7078914642334,-68.11520385742188,0.0,11.86522388458252
8.58,23.81521224975586,-63.54490280151367,0.0,11.07420539855957
8.620000000000001,23.81521224975586,-56.68943786621094,0.0,9.755843162536621
8.66,21.39779281616211,-49.30660629272461,0.0,8.349588394165039
8.700000000000001,19.122318267822266,-42.80270767211914,0.0,7.031225204467773
8.72,19.122318267822266,-35.06834030151367,0.0,5.62497091293335
8.76,14.848612785339355,-28.21285057067871,0.0,4.394498825073242
8.8,11.525857925415039,-22.499971389770508,0.0,3.3398358821868896
8.84,11.525857925415039,-16.611310958862305,0.0,2.1972546577453613
8.86,6.032480716705322,-13.359375,0.0,1.5820183753967285
8.9,2.1611902713775635,-10.546867370605469,0.0,1.142564058303833
8.92,-1.7669155597686768,-7.558577537536621,0.0,0.6152188181877136
8.96,-3.7219772338867188,-5.537115573883057,0.0,0.26365530490875244
9.0,-7.5535664558410645,-4.482424736022949,0.0,0.08787357062101364
9.02,-11.201339721679688,-4.482424736022949,0.0,0.08787357062101364
9.06,-12.927602767944336,-4.482424736022949,0.0,0.08787357062101364
9.1,-16.130767822265625,-4.482424736022949,0.0,0.08787357062101364
9.120000000000001,-18.93511199951172,-4.482424736022949,0.0,0.08787357062101364
9.16,-20.165098190307617,-4.482424736022949,0.0,0.08787357062101364
9.200000000000001,-22.241514205932617,-4.482424736022949,0.0,0.08787357062101364
9.22,-23.763431549072266,-6.152324199676514,0.0,0.17576444149017334
9.26,-24.30350112915039,-7.558577537536621,0.0,0.17576444149017334
9.3,-24.923933029174805,-10.195303916931152,0.0,0.26365530490875244
9.32,-24.918663024902344,-13.710938453674316,0.0,0.43943706154823303
9.36,-24.680288314819336,-16.787092208862305,0.0,1.054673194885254
9.4,-23.738515853881836,-20.74215316772461,0.0,1.7578002214431763
9.42,-23.738515853881836,-26.103496551513672,0.0,3.0761632919311523
9.46,-21.211999893188477,-32.51950454711914,0.0,4.394498825073242
9.5,-18.844913482666016,-39.02340316772461,0.0,5.53708028793335
9.52,-15.997968673706055,-46.9335823059082,0.0,6.943334102630615
9.56,-14.416304588317871,-53.437477111816406,0.0,8.261697769165039
9.6,-10.986177444458008,-59.326171875,0.0,9.404278755187988
9.64,-7.273248195648193,-65.21482849121094,0.0,10.458970069885254
9.66,-7.273248195648193,-69.2578125,0.0,11.07420539855957
9.700000000000001,-5.3398661613464355,-71.1034927368164,0.0,11.337878227233887
9.74,-1.3806709051132202,-71.8066177368164,0.0,11.513660430908203
9.78,6.551800727844238,-71.8945083618164,0.0,11.513660430908203
9.82,10.321550369262695,-71.9823989868164,0.0,11.601550102233887
9.84,10.321550369262695,-71.8945083618164,0.0,11.601550102233887
9.88,16.98367691040039,-71.8945083618164,0.0,11.513660430908203
9.92,18.40234375,-71.8945083618164,0.0,11.601550102233887
9.96,20.87599754333496,-71.9823989868164,0.0,11.601550102233887
9.98,20.87599754333496,-71.8945083618164,0.0,11.601550102233887
10.02,23.561038970947266,-71.8945083618164,0.0,11.601550102233887
10.06,24.597623825073242,-71.8066177368164,0.0,11.601550102233887
10.08,24.597623825073242,-70.40036010742188,0.0,11.513660430908203
10.120000000000001,24.877676010131836,-68.5546875,0.0,11.425768852233887
10.16,24.951141357421875,-65.47850036621094,0.0,11.337878227233887
10.200000000000001,23.161073684692383,-61.17184829711914,0.0,10.634751319885254
10.22,21.3409366607666,-55.81053161621094,0.0,9.667951583862305
10.26,21.3409366607666,-48.42770004272461,0.0,8.173807144165039
10.32,20.21715545654297,-39.55074691772461,0.0,6.503879547119141
10.34,17.57807731628418,-30.761714935302734,0.0,5.009735107421875
10.38,10.988411903381348,-23.818361282348633,0.0,3.603508234024048
10.42,7.2091546058654785,-18.19334602355957,0.0,2.3730363845825195
10.46,3.2362709045410156,-13.007811546325684,0.0,1.5820183753967285
10.48,-0.8256571292877197,-8.61326789855957,0.0,0.8788914680480957
10.52,-2.8564836978912354,-4.921852111816406,0.0,0.17576444149017334
10.56,-6.850500106811523,-2.460907220840454,0.0,-0.35158079862594604
10.58,-10.665993690490723,-0.7910078763961792,0.0,-0.5273625254631042
10.620000000000001,-12.4746732711792,-0.08788085728883743,0.0,-0.7031443119049072
10.66,-15.833210945129395,0.17581908404827118,0.0,-0.7031443119049072
10.68,-15.833210945129395,0.08790089190006256,0.0,-0.7031443119049072
10.72,-20.059011459350586,0.08790089190006256,0.0,-0.7031443119049072
10.76,-22.223356246948242,0.08790089190006256,0.0,-0.7031443119049072
10.78,-23.794057846069336,0.08790089190006256,0.0,-0.7031443119049072
10.82,-24.34248161315918,0.08790089190006256,0.0,-0.7031443119049072
10.86,-24.946020126342773,-1.1425713300704956,0.0,-0.6152534484863281
10.88,-24.878707885742188,-3.603516101837158,0.0,-0.6152534484863281
10.92,-24.59279441833496,-6.240187644958496,0.0,-0.5273625254631042
10.96,-23.52501678466797,-9.316394805908203,0.0,-0.17579905688762665
10.98,-21.820449829101562,-14.326147079467773,0.0,0.6152188181877136
11.02,-21.820449829101562,-19.775381088256836,0.0,1.7578002214431763
11.06,-18.171476364135742,-23.818361282348633,0.0,2.724599838256836
11.1,-15.104830741882324,-29.619104385375977,0.0,3.779289960861206
11.120000000000001,-11.624812126159668,-36.47459411621094,0.0,5.009735107421875
11.16,-9.75869369506836,-42.451148986816406,0.0,6.064425468444824
11.200000000000001,-5.8373308181762695,-47.46092224121094,0.0,6.943334102630615
11.24,-1.7532005310058594,-53.613258361816406,0.0,8.261697769165039
11.26,0.31522464752197266,-57.128868103027344,0.0,8.964824676513672
11.3,4.4340691566467285,-59.677730560302734,0.0,9.404278755187988
11.32,8.434804916381836,-61.435550689697266,0.0,9.755843162536621
11.36,10.356243133544922,-61.874977111816406,0.0,9.843733787536621
11.4,13.974833488464355,-61.874977111816406,0.0,9.843733787536621
11.44,17.21155548095703,-61.962867736816406,0.0,9.843733787536621
11.46,18.658031463623047,-61.874977111816406,0.0,9.843733787536621
11.5,21.15651512145996,-61.874977111816406,0.0,9.843733787536621
11.52,23.071853637695312,-61.874977111816406,0.0,9.931624412536621
11.56,23.79312515258789,-61.699195861816406,0.0,9.843733787536621
11.6,24.736839294433594,-60.46872329711914,0.0,9.843733787536621
11.620000000000001,24.994123458862305,-58.798824310302734,0.0,9.755843162536621
11.66,24.994123458862305,-55.45896911621094,0.0,9.580060958862305
11.700000000000001,24.078784942626953,-50.53708267211914,0.0,8.613261222839355
11.74,23.433095932006836,-45.43943405151367,0.0,7.6464619636535645
11.78,20.534313201904297,-40.605438232421875,0.0,6.767552375793457
11.8,17.868711471557617,-33.837867736816406,0.0,5.449189186096191
11.84,16.341989517211914,-27.86128807067871,0.0,4.394498825073242
11.88,12.953482627868652,-21.621063232421875,0.0,3.1640541553497314
11.9,9.197951316833496,-16.171829223632812,0.0,2.021472692489624
11.94,7.214972019195557,-12.480466842651367,0.0,1.4062366485595703
11.98,3.108048677444458,-9.052695274353027,0.0,0.9667823314666748
12.0,-1.0900719165802002,-6.064405918121338,0.0,0.43943706154823303
12.040000000000001,-1.0900719165802002,-3.6913797855377197,0.0,-1.7302845662925392e-05
12.08,-7.299001693725586,-3.2519524097442627,0.0,-0.08790817856788635
12.1,-11.208175659179688,-3.2519524097442627,0.0,-0.08790817856788635
12.14,-11.208175659179688,-3.339815855026245,0.0,-0.08790817856788635
12.18,-16.448612213134766,-3.339815855026245,0.0,-0.08790817856788635
12.200000000000001,-19.38043975830078,-3.339815855026245,0.0,-0.08790817856788635
12.24,-20.64472198486328,-3.339815855026245,0.0,-0.08790817856788635
12.280000000000001,-22.724044799804688,-3.339815855026245,0.0,-0.08790817856788635
12.3,-24.15537452697754,-4.658206462860107,0.0,-0.08790817856788635
12.34,-24.15537452697754,-7.558577537536621,0.0,0.08787357062101364
12.38,-24.99948501586914,-10.546867370605469,0.0,0.08787357062101364
12.42,-24.66753578186035,-13.535157203674316,0.0,0.43943706154823303
12.44,-24.66753578186035,-17.929645538330078,0.0,1.3183457851409912
12.48,-22.846923828125,-21.357418060302734,0.0,2.021472692489624
12.52,-20.799833297729492,-26.894515991210938,0.0,3.2519450187683105
12.540000000000001,-18.15032958984375,-34.453102111816406,0.0,4.6581711769104
12.58,-16.62251853942871,-40.517574310302734,0.0,5.712862014770508
12.620000000000001,-13.215261459350586,-46.75779724121094,0.0,6.855443477630615
12.66,-9.421920776367188,-54.05271530151367,0.0,8.349588394165039
12.68,-9.421920776367188,-59.941375732421875,0.0,9.492170333862305
12.72,-3.2493844032287598,-63.63279724121094,0.0,10.195296287536621
12.76,1.013537883758545,-66.35741424560547,0.0,10.634751319885254
12.780000000000001,1.013537883758545,-67.85155487060547,0.0,10.81053352355957
12.82,7.320263862609863,-67.85155487060547,0.0,10.898423194885254
12.86,11.28687858581543,-67.85155487060547,0.0,10.898423194885254
12.88,11.28687858581543,-67.85155487060547,0.0,10.898423194885254
12.92,13.154406547546387,-67.85155487060547,0.0,10.898423194885254
12.96,19.539169311523438,-67.85155487060547,0.0,10.898423194885254
13.0,21.917097091674805,-67.85155487060547,0.0,10.898423194885254
13.02,23.651243209838867,-67.85155487060547,0.0,10.898423194885254
13.06,23.651243209838867,-67.41207885742188,0.0,10.898423194885254
13.1,24.935462951660156,-66.09373474121094,0.0,10.81053352355957
13.14,24.8741512298584,-64.42381286621094,0.0,10.722641944885254
13.16,24.07568359375,-61.435550689697266,0.0,10.634751319885254
13.200000000000001,23.406007766723633,-57.74413299560547,0.0,9.931624412536621
13.24,21.54954719543457,-52.73434829711914,0.0,9.140606880187988
13.26,21.54954719543457,-46.23045349121094,0.0,7.822243690490723
13.32,20.37616729736328,-38.496055603027344,0.0,6.328097820281982
13.34,12.432685852050781,-29.97066879272461,0.0,4.746062278747559
13.38,12.432685852050781,-22.236328125,0.0,3.2519450187683105
13.42,6.443312168121338,-16.259746551513672,0.0,2.021472692489624
13.46,2.1793487071990967,-11.865202903747559,0.0,1.3183457851409912
13.48,0.013408597558736801,-7.9101409912109375,0.0,0.7031096816062927
13.52,-4.305115699768066,-3.867161512374878,0.0,-0.08790817856788635
13.56,-8.497566223144531,-0.1757444143295288,0.0,-0.6152534484863281
13.58,-8.497566223144531,2.1094183921813965,0.0,-1.1425986289978027
13.620000000000001,-14.27451229095459,3.4277541637420654,0.0,-1.3183804750442505
13.66,-17.613983154296875,3.4277541637420654,0.0,-1.3183804750442505
13.68,-17.613983154296875,3.4277541637420654,0.0,-1.3183804750442505
13.72,-21.60077476501465,3.4277541637420654,0.0,-1.3183804750442505
13.74,-23.457496643066406,3.4277541637420654,0.0,-1.3183804750442505
13.780000000000001,-24.121850967407227,3.4277541637420654,0.0,-1.3183804750442505
13.82,-24.896194458007812,3.4277541637420654,0.0,-1.3183804750442505
13.84,-24.91257667541504,3.4277541637420654,0.0,-1.3183804750442505
13.88,-24.634889602661133,2.373063564300537,0.0,-1.3183804750442505
13.92,-23.517208099365234,0.17581908404827118,0.0,-1.2304894924163818
13.94,-21.679141998291016,-3.867161512374878,0.0,-1.0547077655792236
13.98,-20.50619125366211,-6.679669380187988,0.0,-0.6152534484863281
14.02,-17.69641876220703,-10.722648620605469,0.0,0.08787357062101364
14.040000000000001,-17.69641876220703,-16.259746551513672,0.0,1.054673194885254
14.08,-12.489535331726074,-21.357418060302734,0.0,2.1093637943267822
14.120000000000001,-8.51076602935791,-26.015605926513672,0.0,3.1640541553497314
14.14,-4.266310691833496,-32.51950454711914,0.0,4.394498825073242
14.18,-2.0849955081939697,-37.08982849121094,0.0,5.185516834259033
14.22,2.311692714691162,-41.132781982421875,0.0,5.800752639770508
14.26,6.640314102172852,-44.648414611816406,0.0,6.415988922119141
14.280000000000001,6.640314102172852,-47.02146911621094,0.0,6.855443477630615
14.32,8.736912727355957,-47.9882698059082,0.0,7.119115829467773
14.36,16.296995162963867,-48.076133728027344,0.0,7.119115829467773
14.4,19.376319885253906,-48.076133728027344,0.0,7.119115829467773
14.42,21.853702545166016,-48.076133728027344,0.0,7.119115829467773
14.46,21.853702545166016,-48.076133728027344,0.0,7.119115829467773
14.5,24.274330139160156,-48.076133728027344,0.0,7.119115829467773
14.52,24.948347091674805,-47.46092224121094,0.0,7.119115829467773
14.56,24.992570877075195,-45.87889099121094,0.0,7.031225204467773
14.6,24.49254035949707,-44.29685592651367,0.0,6.943334102630615
14.620000000000001,23.951751708984375,-42.01169204711914,0.0,6.943334102630615
14.66,22.308748245239258,-39.19918441772461,0.0,6.503879547119141
14.700000000000001,19.961286544799805,-33.310523986816406,0.0,5.53708028793335
14.74,16.981794357299805,-27.24608039855957,0.0,4.394498825073242
14.76,13.462976455688477,-20.917936325073242,0.0,2.9882724285125732
14.8,13.462976455688477,-15.556619644165039,0.0,1.9335819482803345
14.84,11.53515338897705,-11.425776481628418,0.0,1.3183457851409912
14.86,3.0629587173461914,-7.734359264373779,0.0,0.6152188181877136
14.9,0.8385871648788452,-3.427734136581421,0.0,-0.17579905688762665
14.94,-3.6150667667388916,-1.0546531677246094,0.0,-0.5273625254631042
14.96,-5.808806419372559,0.26368263363838196,0.0,-0.7910351753234863
15.0,-10.042450904846191,1.4062913656234741,0.0,-0.9668169021606445
15.040000000000001,-13.958586692810059,1.6699366569519043,0.0,-0.9668169021606445
15.08,-17.431135177612305,1.6699366569519043,0.0,-0.9668169021606445
15.1,-17.431135177612305,1.6699366569519043,0.0,-0.9668169021606445
15.14,-21.56711769104004,1.6699366569519043,0.0,-0.9668169021606445
15.18,-23.47808837890625,1.6699366569519043,0.0,-0.9668169021606445
15.22,-24.635089874267578,0.5273826122283936,0.0,-0.9668169021606445
15.24,-24.635089874267578,-2.285125494003296,0.0,-0.7910351753234863
15.280000000000001,-24.878358840942383,-5.009769916534424,0.0,-0.7910351753234863
15.32,-24.03533363342285,-8.43748664855957,0.0,-0.43947166204452515
15.36,-22.41396141052246,-13.007811546325684,0.0,0.35154619812965393
15.38,-21.3262882232666,-17.314437866210938,0.0,1.3183457851409912
15.42,-18.639997482299805,-22.060544967651367,0.0,2.1093637943267822
15.46,-15.346111297607422,-28.300769805908203,0.0,3.603508234024048
15.48,-13.50366497039795,-34.540992736816406,0.0,4.746062278747559
15.52,-9.502035140991211,-39.990230560302734,0.0,5.62497091293335
15.540000000000001,-5.187408447265625,-45.87889099121094,0.0,6.679661750793457
15.58,-2.9562361240386963,-50.53708267211914,0.0,7.6464619636535645
15.6,1.5628888607025146,-54.22849655151367,0.0,8.349588394165039
15.64,1.5628888607025146,-57.65621566772461,0.0,9.052715301513672
15.68,8.206198692321777,-59.326171875,0.0,9.404278755187988
15.700000000000001,12.332674980163574,-60.029296875,0.0,9.492170333862305
15.74,12.332674980163574,-60.11716079711914,0.0,9.580060958862305
15.780000000000001,17.729129791259766,-60.11716079711914,0.0,9.580060958862305
15.82,20.623682022094727,-60.11716079711914,0.0,9.580060958862305
15.84,20.623682022094727,-60.11716079711914,0.0,9.580060958862305
15.88,23.669410705566406,-60.11716079711914,0.0,9.492170333862305
15.92,24.735565185546875,-60.11716079711914,0.0,9.492170333862305
15.94,24.9831485748291,-59.589813232421875,0.0,9.492170333862305
15.98,24.795738220214844,-58.18355941772461,0.0,9.492170333862305
16.02,23.805082321166992,-55.63475036621094,0.0,9.404278755187988
16.04,22.02201271057129,-51.24020767211914,0.0,8.789043426513672
16.080000000000002,20.850313186645508,-47.54878616333008,0.0,8.085916519165039
16.12,17.99435043334961,-42.97848892211914,0.0,7.119115829467773
16.14,17.99435043334961,-37.08982849121094,0.0,6.152316093444824
16.18,16.33356475830078,-29.35546112060547,0.0,4.833953380584717
16.22,8.471232414245605,-23.115234375,0.0,3.603508234024048
16.26,4.0404744148254395,-18.45699119567871,0.0,2.4609272480010986
16.28,4.0404744148254395,-13.62302017211914,0.0,1.6699093580245972
16.32,1.7634410858154297,-9.49217700958252,0.0,0.9667823314666748
16.36,-7.309120178222656,-6.943314552307129,0.0,0.5273279547691345
16.4,-11.55689525604248,-4.218724727630615,0.0,0.08787357062101364
16.42,-11.55689525604248,-3.339815855026245,0.0,-0.08790817856788635
16.46,-13.544301986694336,-3.339815855026245,0.0,-0.08790817856788635
16.5,-20.201276779174805,-3.339815855026245,0.0,-0.08790817856788635
16.52,-20.201276779174805,-3.339815855026245,0.0,-0.08790817856788635
16.56,-23.455322265625,-3.339815855026245,0.0,-0.08790817856788635
16.6,-24.644704818725586,-3.339815855026245,0.0,-0.08790817856788635
16.62,-24.926971435546875,-3.339815855026245,0.0,-0.08790817856788635
16.66,-24.853439331054688,-3.339815855026245,0.0,-0.08790817856788635
16.7,-23.932636260986328,-5.88862419128418,0.0,-1.7302845662925392e-05
16.72,-22.19405174255371,-9.052695274353027,0.0,0.08787357062101364
16.76,-21.0350284576416,-12.480466842651367,0.0,0.26365530490875244
16.8,-18.18602180480957,-15.64448356628418,0.0,0.7910005450248718
16.84,-14.711575508117676,-20.39059066772461,0.0,1.7578002214431763
16.86,-12.775885581970215,-24.609352111816406,0.0,2.812490701675415
16.9,-8.589983940124512,-29.97066879272461,0.0,3.779289960861206
16.94,-4.105381488800049,-36.65037536621094,0.0,5.097625732421875
16.96,0.524075448513031,-42.451148986816406,0.0,6.064425468444824
17.0,2.8433704376220703,-46.05466842651367,0.0,6.679661750793457
17.04,7.3909220695495605,-49.48238754272461,0.0,7.382789134979248
17.080000000000002,11.686277389526367,-52.29489517211914,0.0,7.998025417327881
17.1,11.686277389526367,-53.437477111816406,0.0,8.173807144165039
17.14,17.333200454711914,-53.701148986816406,0.0,8.261697769165039
17.18,20.375104904174805,-53.701148986816406,0.0,8.261697769165039
17.2,20.375104904174805,-53.701148986816406,0.0,8.261697769165039
17.240000000000002,21.637022018432617,-53.701148986816406,0.0,8.261697769165039
17.28,24.716136932373047,-53.701148986816406,0.0,8.261697769165039
17.3,24.716136932373047,-53.437477111816406,0.0,8.261697769165039
17.34,24.958988189697266,-51.41598892211914,0.0,8.173807144165039
17.38,23.75223731994629,-49.746089935302734,0.0,8.085916519165039
17.400000000000002,23.75223731994629,-46.49412536621094,0.0,7.910134315490723
17.44,20.653579711914062,-43.330055236816406,0.0,7.29489803314209
17.48,17.66214370727539,-39.72652816772461,0.0,6.679661750793457
17.52,14.04727554321289,-33.398414611816406,0.0,5.449189186096191
17.56,14.04727554321289,-26.718732833862305,0.0,4.218717098236084
17.580000000000002,12.044645309448242,-21.621063232421875,0.0,3.0761632919311523
17.62,3.1521151065826416,-17.753864288330078,0.0,2.3730363845825195
17.66,-1.547206163406372,-15.117192268371582,0.0,1.9335819482803345
17.68,-1.547206163406372,-12.919893264770508,0.0,1.6699093580245972
17.72,-8.448288917541504,-12.12890338897705,0.0,1.4941275119781494
17.76,-12.712101936340332,-11.865202903747559,0.0,1.4062366485595703
17.8,-16.52725601196289,-11.777339935302734,0.0,1.4062366485595703
17.82,-16.52725601196289,-11.777339935302734,0.0,1.4062366485595703
17.86,-21.11488914489746,-11.777339935302734,0.0,1.4062366485595703
17.900000000000002,-23.255510330200195,-11.777339935302734,0.0,1.4062366485595703
17.92,-24.5667724609375,-11.777339935302734,0.0,1.4062366485595703
17.96,-24.89493751525879,-11.777339935302734,0.0,1.4062366485595703
18.0,-24.880414962768555,-12.656248092651367,0.0,1.4062366485595703
18.02,-23.973527908325195,-14.326147079467773,0.0,1.4062366485595703
18.06,-23.193769454956055,-16.347610473632812,0.0,1.4941275119781494
18.1,-21.01546287536621,-19.599599838256836,0.0,1.6699093580245972
18.12,-18.078983306884766,-23.730445861816406,0.0,2.5488181114196777
18.16,-16.35799789428711,-28.740198135375977,0.0,3.603508234024048
18.18,-12.487266540527344,-34.453102111816406,0.0,4.6581711769104
18.22,-12.487266540527344,-40.957000732421875,0.0,5.712862014770508
18.26,-5.877837181091309,-46.84568786621094,0.0,6.855443477630615
18.3,-1.1672496795654297,-51.6796875,0.0,7.822243690490723
18.32,3.589151382446289,-56.6015510559082,0.0,8.876934051513672
18.36,3.589151382446289,-59.765594482421875,0.0,9.492170333862305
18.400000000000002,10.432840347290039,-61.259765625,0.0,9.755843162536621
18.42,14.558704376220703,-61.78709030151367,0.0,9.843733787536621
18.46,16.432512283325195,-61.78709030151367,0.0,9.843733787536621
18.5,19.715660095214844,-61.78709030151367,0.0,9.843733787536621
18.52,22.280807495117188,-61.78709030151367,0.0,9.843733787536621
18.56,23.263181686401367,-61.78709030151367,0.0,9.843733787536621
18.6,24.581418991088867,-61.78709030151367,0.0,9.843733787536621
18.62,24.99907684326172,-61.699195861816406,0.0,9.843733787536621
18.66,24.86345672607422,-60.46872329711914,0.0,9.843733787536621
18.7,23.908275604248047,-59.326171875,0.0,9.755843162536621
18.72,23.908275604248047,-56.51365661621094,0.0,9.755843162536621
18.76,20.84331703186035,-52.646461486816406,0.0,9.140606880187988
18.8,17.818984985351562,-48.42770004272461,0.0,8.173807144165039
18.82,14.134065628051758,-43.330055236816406,0.0,7.20700740814209
18.86,12.085198402404785,-38.58397674560547,0.0,6.328097820281982
18.900000000000002,7.668789386749268,-32.16796875,0.0,5.185516834259033
18.92,2.9647655487060547,-26.367170333862305,0.0,4.218717098236084
18.96,0.5590291023254395,-22.236328125,0.0,3.1640541553497314
19.0,-4.248246669769287,-19.248037338256836,0.0,2.636708974838257
19.02,-8.900899887084961,-16.435527801513672,0.0,2.1972546577453613
19.06,-11.114558219909668,-16.259746551513672,0.0,2.1972546577453613
19.1,-15.21282958984375,-16.347610473632812,0.0,2.1093637943267822
19.12,-18.745759963989258,-16.347610473632812,0.0,2.1972546577453613
19.16,-20.257579803466797,-16.347610473632812,0.0,2.1972546577453613
19.2,-22.700183868408203,-16.347610473632812,0.0,2.1093637943267822
19.22,-22.700183868408203,-16.347610473632812,0.0,2.1972546577453613
19.26,-24.750930786132812,-16.347610473632812,0.0,2.1093637943267822
19.3,-24.965007781982422,-16.347610473632812,0.0,2.1093637943267822
19.32,-24.239744186401367,-18.01756477355957,0.0,2.1972546577453613
19.36,-23.531391143798828,-19.248037338256836,0.0,2.2851455211639404
19.38,-21.455392837524414,-21.621063232421875,0.0,2.2851455211639404
19.42,-21.455392837524414,-26.015605926513672,0.0,3.0761632919311523
19.46,-16.851600646972656,-30.761714935302734,0.0,3.9550445079803467
19.5,-12.956058502197266,-35.85935592651367,0.0,4.833953380584717
19.52,-8.56656551361084,-42.97848892211914,0.0,6.152316093444824
19.56,-6.237740516662598,-47.8124885559082,0.0,6.943334102630615
19.6,-1.422114610671997,-53.173805236816406,0.0,8.085916519165039
19.64,3.4510862827301025,-57.48043441772461,0.0,9.052715301513672
19.68,8.196303367614746,-60.46872329711914,0.0,9.580060958862305
19.7,8.196303367614746,-61.699195861816406,0.0,9.843733787536621
19.740000000000002,14.680326461791992,-61.874977111816406,0.0,9.931624412536621
19.78,18.338415145874023,-61.874977111816406,0.0,9.843733787536621
19.8,21.296852111816406,-61.874977111816406,0.0,9.931624412536621
19.84,22.476608276367188,-61.874977111816406,0.0,9.843733787536621
19.88,24.179475784301758,-61.874977111816406,0.0,9.931624412536621
19.900000000000002,24.954238891601562,-61.874977111816406,0.0,9.931624412536621
19.94,24.954238891601562,-60.46872329711914,0.0,9.843733787536621
19.98,24.316638946533203,-59.238250732421875,0.0,9.755843162536621
20.02,22.712621688842773,-56.8652229309082,0.0,9.755843162536621
20.04,22.712621688842773,-52.646461486816406,0.0,9.052715301513672
20.080000000000002,18.68754768371582,-48.42770004272461,0.0,8.173807144165039
20.12,15.073531150817871,-44.12107467651367,0.0,7.382789134979248
20.14,15.073531150817871,-38.496055603027344,0.0,6.328097820281982
20.18,8.601788520812988,-32.34375,0.0,5.273407459259033
20.22,3.829439401626587,-26.982406616210938,0.0,4.218717098236084
20.240000000000002,3.829439401626587,-21.093717575073242,0.0,2.9882724285125732
20.28,-3.5550148487091064,-17.490219116210938,0.0,2.2851455211639404
20.32,-8.349129676818848,-15.292974472045898,0.0,1.9335819482803345
20.34,-12.820631980895996,-14.150365829467773,0.0,1.7578002214431763
20.38,-14.8798828125,-13.535157203674316,0.0,1.6699093580245972
20.42,-18.543949127197266,-13.44723892211914,0.0,1.6699093580245972
20.44,-21.483903884887695,-13.44723892211914,0.0,1.6699093580245972
20.48,-21.483903884887695,-13.44723892211914,0.0,1.6699093580245972
20.52,-24.28915786743164,-13.44723892211914,0.0,1.6699093580245972
20.56,-24.97964096069336,-13.44723892211914,0.0,1.6699093580245972
20.580000000000002,-24.686784744262695,-13.44723892211914,0.0,1.6699093580245972
20.62,-24.17304039001465,-13.44723892211914,0.0,1.6699093580245972
20.66,-22.434974670410156,-14.589847564697266,0.0,1.6699093580245972
20.7,-19.808916091918945,-16.347610473632812,0.0,1.7578002214431763
20.72,-16.39691925048828,-19.511682510375977,0.0,1.7578002214431763
20.76,-14.436837196350098,-22.236328125,0.0,2.1093637943267822
20.8,-10.104865074157715,-26.367170333862305,0.0,3.0761632919311523
20.84,-5.3684401512146,-32.78317642211914,0.0,4.394498825073242
20.86,-2.906716823577881,-38.0566291809082,0.0,5.185516834259033
20.900000000000002,2.081498384475708,-42.275360107421875,0.0,5.976534366607666
20.92,6.990242958068848,-45.96678161621094,0.0,6.591770648956299
20.96,6.990242958068848,-49.30660629272461,0.0,7.29489803314209
21.0,13.77790641784668,-50.888641357421875,0.0,7.558570861816406
21.04,17.65450668334961,-51.855472564697266,0.0,7.7343525886535645
21.06,20.826528549194336,-51.943336486816406,0.0,7.7343525886535645
21.1,22.106847763061523,-51.943336486816406,0.0,7.822243690490723
21.14,23.990726470947266,-51.943336486816406,0.0,7.7343525886535645
21.16,24.574827194213867,-51.943336486816406,0.0,7.822243690490723
21.2,24.996692657470703,-51.6796875,0.0,7.7343525886535645
21.22,24.41172218322754,-50.800777435302734,0.0,7.7343525886535645
21.26,23.746807098388672,-49.30660629272461,0.0,7.7343525886535645
21.3,21.70438575744629,-47.02146911621094,0.0,7.558570861816406
21.32,18.78296661376953,-43.68161392211914,0.0,7.382789134979248
21.36,17.027732849121094,-40.517574310302734,0.0,6.767552375793457
21.400000000000002,13.016144752502441,-36.56248474121094,0.0,6.064425468444824
21.42,8.47362232208252,-30.2343692779541,0.0,4.921844005584717
21.46,6.059924602508545,-24.697242736816406,0.0,3.9550445079803467
21.5,1.0699254274368286,-20.74215316772461,0.0,2.900381565093994
21.52,-3.9671103954315186,-16.962873458862305,0.0,2.1972546577453613
21.56,-6.438985347747803,-15.205056190490723,0.0,1.9335819482803345
21.6,-11.163113594055176,-14.677711486816406,0.0,1.7578002214431763
21.62,-15.434379577636719,-14.41406536102295,0.0,1.7578002214431763
21.66,-15.434379577636719,-14.41406536102295,0.0,1.7578002214431763
21.7,-20.61444091796875,-14.41406536102295,0.0,1.7578002214431763
21.72,-23.041484832763672,-14.41406536102295,0.0,1.7578002214431763
21.76,-23.041484832763672,-14.41406536102295,0.0,1.7578002214431763
21.8,-24.889928817749023,-14.41406536102295,0.0,1.7578002214431763
21.84,-24.850643157958984,-14.41406536102295,0.0,1.7578002214431763
21.88,-23.787330627441406,-14.50192928314209,0.0,1.7578002214431763
21.900000000000002,-23.787330627441406,-16.347610473632812,0.0,1.7578002214431763
21.94,-20.374832153320312,-19.599599838256836,0.0,1.8456910848617554
21.98,-17.0223445892334,-22.324190139770508,0.0,2.1972546577453613
22.0,-12.962687492370605,-27.24608039855957,0.0,3.2519450187683105
22.04,-10.718831062316895,-32.60739517211914,0.0,4.306607723236084
22.080000000000002,-5.918785095214844,-37.617149353027344,0.0,5.185516834259033
22.1,-5.918785095214844,-43.769508361816406,0.0,6.240207195281982
22.14,1.6833115816116333,-47.2851448059082,0.0,6.855443477630615
22.18,6.712392330169678,-50.712860107421875,0.0,7.558570861816406
22.2,6.712392330169678,-53.701148986816406,0.0,8.173807144165039
22.240000000000002,13.674858093261719,-55.19529724121094,0.0,8.525370597839355
22.26,17.645381927490234,-55.45896911621094,0.0,8.525370597839355
22.3,17.645381927490234,-55.45896911621094,0.0,8.613261222839355
22.34,22.17775535583496,-55.45896911621094,0.0,8.613261222839355
22.38,24.06340980529785,-55.45896911621094,0.0,8.613261222839355
22.400000000000002,24.06340980529785,-55.45896911621094,0.0,8.613261222839355
22.44,24.986042022705078,-54.93162155151367,0.0,8.613261222839355
22.48,24.289777755737305,-53.78904342651367,0.0,8.525370597839355
22.5,22.56966209411621,-50.888641357421875,0.0,8.437479972839355
22.54,21.346052169799805,-48.8671760559082,0.0,8.261697769165039
22.580000000000002,18.23509407043457,-45.79099655151367,0.0,7.7343525886535645
22.6,14.351080894470215,-41.572265625,0.0,6.943334102630615
22.64,12.168947219848633,-37.7050666809082,0.0,6.240207195281982
22.68,7.439241886138916,-31.992185592651367,0.0,5.273407459259033
22.7,2.390718698501587,-25.751934051513672,0.0,4.130825996398926
22.740000000000002,2.390718698501587,-21.357418060302734,0.0,3.0761632919311523
22.78,-5.3104400634765625,-18.36912727355957,0.0,2.4609272480010986
22.8,-10.211709022521973,-16.787092208862305,0.0,2.1972546577453613
22.84,-10.211709022521973,-16.171829223632812,0.0,2.1093637943267822
22.88,-16.692840576171875,-16.259746551513672,0.0,2.1093637943267822
22.900000000000002,-20.162620544433594,-16.259746551513672,0.0,2.1093637943267822
22.94,-21.58299446105957,-16.259746551513672,0.0,2.1093637943267822
22.98,-23.71757698059082,-16.259746551513672,0.0,2.1093637943267822
23.0,-24.837018966674805,-16.259746551513672,0.0,2.1093637943267822
23.04,-24.998628616333008,-16.259746551513672,0.0,2.1093637943267822
23.06,-24.51558494567871,-16.259746551513672,0.0,2.1093637943267822
23.1,-24.51558494567871,-17.578083038330078,0.0,2.1972546577453613
23.14,-21.831727981567383,-18.984336853027344,0.0,2.1972546577453613
23.18,-18.84560203552246,-21.533201217651367,0.0,2.2851455211639404
23.2,-18.84560203552246,-25.576152801513672,0.0,2.9882724285125732
23.240000000000002,-12.887298583984375,-30.2343692779541,0.0,3.779289960861206
23.28,-8.177101135253906,-34.980445861816406,0.0,4.6581711769104
23.3,-8.177101135253906,-40.957000732421875,0.0,5.712862014770508
23.34,-0.5099889636039734,-45.79099655151367,0.0,6.591770648956299
23.38,4.68023681640625,-49.30660629272461,0.0,7.29489803314209
23.400000000000002,4.68023681640625,-52.91012954711914,0.0,7.998025417327881
23.44,12.022263526916504,-55.01951217651367,0.0,8.525370597839355
23.48,16.31001853942871,-55.72263717651367,0.0,8.613261222839355
23.5,19.889556884765625,-55.81053161621094,0.0,8.613261222839355
23.54,21.363073348999023,-55.81053161621094,0.0,8.613261222839355
23.580000000000002,23.595996856689453,-55.81053161621094,0.0,8.613261222839355
23.6,23.595996856689453,-55.81053161621094,0.0,8.613261222839355
23.64,24.993776321411133,-55.81053161621094,0.0,8.613261222839355
23.68,24.561939239501953,-54.66794967651367,0.0,8.613261222839355
23.7,24.561939239501953,-52.558570861816406,0.0,8.525370597839355
23.740000000000002,21.91037940979004,-49.65816879272461,0.0,8.437479972839355
23.78,18.917007446289062,-47.46092224121094,0.0,7.998025417327881
23.8,15.088465690612793,-43.505836486816406,0.0,7.29489803314209
23.84,12.911974906921387,-39.81444549560547,0.0,6.591770648956299
23.88,8.153833389282227,-34.540992736816406,0.0,5.62497091293335
23.900000000000002,8.153833389282227,-28.915977478027344,0.0,4.6581711769104
23.94,0.4052518904209137,-24.169925689697266,0.0,3.779289960861206
23.98,-4.835525035858154,-21.181636810302734,0.0,2.9882724285125732
24.0,-9.865376472473145,-18.28120994567871,0.0,2.5488181114196777
24.04,-9.865376472473145,-17.226518630981445,0.0,2.3730363845825195
24.080000000000002,-12.230666160583496,-17.314437866210938,0.0,2.3730363845825195
24.12,-20.096773147583008,-17.314437866210938,0.0,2.3730363845825195
24.14,-22.770586013793945,-17.314437866210938,0.0,2.3730363845825195
24.18,-22.770586013793945,-17.314437866210938,0.0,2.3730363845825195
24.22,-24.854328155517578,-17.314437866210938,0.0,2.3730363845825195
24.26,-24.86530876159668,-17.314437866210938,0.0,2.3730363845825195
24.28,-24.451648712158203,-17.578083038330078,0.0,2.3730363845825195
24.32,-22.807798385620117,-18.544910430908203,0.0,2.3730363845825195
24.34,-20.139930725097656,-20.830074310302734,0.0,2.4609272480010986
24.38,-18.457111358642578,-23.818361282348633,0.0,2.636708974838257
24.42,-14.48714542388916,-27.421859741210938,0.0,3.3398358821868896
24.44,-9.862632751464844,-32.51950454711914,0.0,4.218717098236084
24.48,-7.3687028884887695,-37.617149353027344,0.0,5.097625732421875
24.5,-2.1575634479522705,-41.835906982421875,0.0,5.800752639770508
24.54,-2.1575634479522705,-46.58201599121094,0.0,6.767552375793457
24.580000000000002,5.773164749145508,-49.833953857421875,0.0,7.382789134979248
24.62,10.787795066833496,-52.47067642211914,0.0,7.910134315490723
24.64,15.317026138305664,-53.876930236816406,0.0,8.173807144165039
24.68,15.317026138305664,-54.49216842651367,0.0,8.349588394165039
24.72,20.757369995117188,-54.49216842651367,0.0,8.349588394165039
24.76,23.239511489868164,-54.49216842651367,0.0,8.349588394165039
24.78,24.089921951293945,-54.49216842651367,0.0,8.349588394165039
24.82,24.959680557250977,-54.49216842651367,0.0,8.349588394165039
24.84,24.691770553588867,-54.49216842651367,0.0,8.349588394165039
24.88,24.13227081298828,-52.998023986816406,0.0,8.261697769165039
24.92,22.19276237487793,-50.185516357421875,0.0,8.173807144165039
24.94,19.236562728881836,-47.8124885559082,0.0,8.085916519165039
24.98,17.417219161987305,-44.56052780151367,0.0,7.470679759979248
25.02,13.199252128601074,-41.044918060302734,0.0,6.767552375793457
25.060000000000002,8.372600555419922,-36.47459411621094,0.0,6.064425468444824
25.080000000000002,8.372600555419922,-29.88280487060547,0.0,4.921844005584717
25.12,0.47943276166915894,-25.751934051513672,0.0,4.130825996398926
25.16,-4.865814685821533,-22.763671875,0.0,3.3398358821868896
25.18,-4.865814685821533,-20.30272674560547,0.0,2.812490701675415
25.22,-12.39470100402832,-19.072254180908203,0.0,2.636708974838257
25.26,-16.749086380004883,-18.720691680908203,0.0,2.636708974838257
25.28,-18.648109436035156,-18.720691680908203,0.0,2.636708974838257
25.32,-21.778913497924805,-18.720691680908203,0.0,2.636708974838257
25.34,-23.902029037475586,-18.720691680908203,0.0,2.636708974838257
25.38,-24.552324295043945,-18.720691680908203,0.0,2.636708974838257
25.400000000000002,-24.99125099182129,-18.720691680908203,0.0,2.636708974838257
25.44,-24.99125099182129,-19.335899353027344,0.0,2.636708974838257
25.48,-23.478260040283203,-20.830074310302734,0.0,2.636708974838257
25.52,-21.087236404418945,-23.291017532348633,0.0,2.724599838256836
25.54,-17.71056365966797,-27.070297241210938,0.0,3.2519450187683105
25.580000000000002,-17.71056365966797,-31.552705764770508,0.0,4.130825996398926
25.62,-11.14940357208252,-36.38670349121094,0.0,5.009735107421875
25.64,-6.074151992797852,-41.396484375,0.0,5.712862014770508
25.68,-3.4130053520202637,-46.31834411621094,0.0,6.767552375793457
25.72,2.000558614730835,-50.009735107421875,0.0,7.382789134979248
25.740000000000002,2.000558614730835,-53.701148986816406,0.0,8.173807144165039
25.78,9.872498512268066,-56.24998474121094,0.0,8.789043426513672
25.82,14.594385147094727,-57.48043441772461,0.0,9.052715301513672
25.84,18.631513595581055,-57.74413299560547,0.0,9.052715301513672
25.88,20.33184051513672,-57.74413299560547,0.0,9.140606880187988
25.92,22.99454689025879,-57.74413299560547,0.0,9.052715301513672
25.94,24.57174301147461,-57.74413299560547,0.0,9.052715301513672
25.98,24.57174301147461,-57.74413299560547,0.0,9.140606880187988
26.02,24.74917984008789,-57.65621566772461,0.0,9.140606880187988
26.060000000000002,23.397079467773438,-56.42576599121094,0.0,9.052715301513672
26.080000000000002,20.932804107666016,-53.613258361816406,0.0,8.964824676513672
26.12,19.317604064941406,-50.273433685302734,0.0,8.613261222839355
26.16,15.415995597839355,-47.63671112060547,0.0,8.085916519165039
26.2,10.777280807495117,-42.890602111816406,0.0,7.119115829467773
26.22,5.621366500854492,-37.617149353027344,0.0,6.240207195281982
26.26,5.621366500854492,-31.376922607421875,0.0,5.185516834259033
26.3,-2.5414810180664062,-27.509750366210938,0.0,4.394498825073242
26.32,-7.8902459144592285,-24.3457088470459,0.0,3.8671536445617676
26.36,-7.8902459144592285,-21.445281982421875,0.0,3.1640541553497314
26.400000000000002,-15.13488483428955,-20.74215316772461,0.0,2.9882724285125732
26.44,-19.106334686279297,-20.566373825073242,0.0,2.900381565093994
26.46,-19.106334686279297,-20.6542911529541,0.0,2.900381565093994
26.5,-20.758901596069336,-20.566373825073242,0.0,2.900381565093994
26.54,-24.71462631225586,-20.566373825073242,0.0,2.900381565093994
26.560000000000002,-24.940719604492188,-20.566373825073242,0.0,2.900381565093994
26.6,-24.940719604492188,-20.6542911529541,0.0,2.900381565093994
26.64,-23.033092498779297,-21.0058536529541,0.0,2.9882724285125732
26.68,-20.349868774414062,-23.115234375,0.0,2.9882724285125732
26.7,-20.349868774414062,-26.103496551513672,0.0,3.0761632919311523
26.740000000000002,-14.526219367980957,-29.619104385375977,0.0,3.691399097442627
26.78,-9.716699600219727,-33.662086486816406,0.0,4.482389450073242
26.8,-7.118051052093506,-38.496055603027344,0.0,5.273407459259033
26.84,-1.6904970407485962,-42.890602111816406,0.0,6.064425468444824
26.88,3.8228399753570557,-46.84568786621094,0.0,6.767552375793457
26.900000000000002,3.8228399753570557,-50.712860107421875,0.0,7.558570861816406
26.94,11.667683601379395,-52.646461486816406,0.0,7.910134315490723
26.98,16.24094009399414,-53.613258361816406,0.0,8.173807144165039
27.0,20.0224552154541,-53.876930236816406,0.0,8.173807144165039
27.04,21.556182861328125,-53.876930236816406,0.0,8.173807144165039
27.080000000000002,23.81438446044922,-53.876930236816406,0.0,8.173807144165039
27.1,24.90509033203125,-53.876930236816406,0.0,8.261697769165039
27.14,24.99285316467285,-53.876930236816406,0.0,8.261697769165039
27.18,24.24634552001953,-52.646461486816406,0.0,8.173807144165039
27.2,22.305437088012695,-50.009735107421875,0.0,7.998025417327881
27.240000000000002,20.914072036743164,-48.076133728027344,0.0,7.998025417327881
27.28,17.374052047729492,-45.17576217651367,0.0,7.558570861816406
27.3,17.374052047729492,-41.48434829711914,0.0,6.855443477630615
27.34,10.516709327697754,-37.617149353027344,0.0,6.240207195281982
27.38,5.241169452667236,-32.080047607421875,0.0,5.273407459259033
27.400000000000002,-0.29741770029067993,-27.24608039855957,0.0,4.306607723236084
27.44,-0.29741770029067993,-23.642581939697266,0.0,3.603508234024048
27.48,-8.497960090637207,-21.0058536529541,0.0,3.0761632919311523
27.5,-13.497052192687988,-20.039026260375977,0.0,2.900381565093994
27.54,-13.497052192687988,-19.511682510375977,0.0,2.812490701675415
27.580000000000002,-19.672428131103516,-19.511682510375977,0.0,2.812490701675415
27.62,-22.60590171813965,-19.511682510375977,0.0,2.812490701675415
27.64,-22.60590171813965,-19.511682510375977,0.0,2.812490701675415
27.68,-24.861770629882812,-19.511682510375977,0.0,2.812490701675415
27.72,-24.823280334472656,-19.511682510375977,0.0,2.812490701675415
27.740000000000002,-24.823280334472656,-20.4785099029541,0.0,2.812490701675415
27.78,-22.450942993164062,-21.972627639770508,0.0,2.900381565093994
27.82,-19.43863868713379,-24.43357276916504,0.0,2.900381565093994
27.84,-19.43863868713379,-28.300769805908203,0.0,3.4277267456054688
27.88,-17.554096221923828,-32.69528579711914,0.0,4.306607723236084
27.92,-8.072484970092773,-37.792930603027344,0.0,5.097625732421875
27.94,-2.5892834663391113,-43.154273986816406,0.0,6.064425468444824
27.98,0.2203224152326584,-47.54878616333008,0.0,6.855443477630615
28.02,5.798234939575195,-52.11911392211914,0.0,7.822243690490723
28.04,11.08639907836914,-55.89842224121094,0.0,8.701151847839355
28.080000000000002,13.537059783935547,-58.18355941772461,0.0,9.228497505187988
28.12,17.89559555053711,-58.886688232421875,0.0,9.316388130187988
28.14,21.349008560180664,-58.886688232421875,0.0,9.316388130187988
28.18,22.67890739440918,-58.886688232421875,0.0,9.316388130187988
28.22,24.459285736083984,-58.886688232421875,0.0,9.316388130187988
28.240000000000002,24.996065139770508,-58.886688232421875,0.0,9.316388130187988
28.28,24.786293029785156,-58.886688232421875,0.0,9.316388130187988
28.32,23.42230987548828,-58.886688232421875,0.0,9.316388130187988
28.34,23.42230987548828,-57.56835174560547,0.0,9.228497505187988
28.38,19.17081642150879,-55.72263717651367,0.0,9.140606880187988
28.400000000000002,15.074262619018555,-53.085914611816406,0.0,9.140606880187988
28.44,12.720849990844727,-49.57030487060547,0.0,8.437479972839355
28.48,7.553666591644287,-46.6699104309082,0.0,7.910134315490723
28.52,1.9957551956176758,-41.748043060302734,0.0,6.943334102630615
28.54,1.9957551956176758,-38.0566291809082,0.0,6.328097820281982
28.580000000000002,-6.4486260414123535,-34.453102111816406,0.0,5.712862014770508
28.62,-11.72767448425293,-32.080047607421875,0.0,5.273407459259033
28.64,-11.72767448425293,-31.289058685302734,0.0,5.185516834259033
28.68,-14.157817840576172,-30.849578857421875,0.0,5.097625732421875
28.72,-21.77659797668457,-30.673795700073242,0.0,5.009735107421875
28.740000000000002,-23.987680435180664,-30.673795700073242,0.0,5.097625732421875
28.78,-23.987680435180664,-30.673795700073242,0.0,5.097625732421875
28.82,-24.960046768188477,-30.849578857421875,0.0,5.009735107421875
28.86,-23.993066787719727,-32.16796875,0.0,5.097625732421875
28.88,-23.993066787719727,-34.277320861816406,0.0,5.185516834259033
28.92,-20.23877716064453,-37.08982849121094,0.0,5.185516834259033
28.96,-16.386497497558594,-40.166011810302734,0.0,5.62497091293335
28.98,-16.386497497558594,-45.17576217651367,0.0,6.415988922119141
29.02,-14.125143051147461,-50.273433685302734,0.0,7.470679759979248
29.060000000000002,-3.554885149002075,-55.72263717651367,0.0,8.613261222839355
29.1,2.157694101333618,-60.732425689697266,0.0,9.667951583862305
29.12,4.9916205406188965,-64.86326599121094,0.0,10.546859741210938
29.16,10.42912769317627,-67.93942260742188,0.0,10.98631477355957
29.2,15.32346248626709,-69.16989135742188,0.0,11.162096977233887
29.22,15.32346248626709,-69.609375,0.0,11.24998664855957
29.26,21.093549728393555,-69.609375,0.0,11.24998664855957
29.3,23.595651626586914,-69.609375,0.0,11.162096977233887
29.32,23.595651626586914,-69.609375,0.0,11.162096977233887
29.36,24.99915885925293,-69.609375,0.0,11.162096977233887
29.400000000000002,24.293119430541992,-69.609375,0.0,11.24998664855957
29.42,22.304218292236328,-69.609375,0.0,11.24998664855957
29.46,22.304218292236328,-69.609375,0.0,11.162096977233887
29.5,17.157669067382812,-69.609375,0.0,11.24998664855957
29.54,12.546276092529297,-68.73046875,0.0,11.162096977233887
29.560000000000002,7.266909122467041,-66.79686737060547,0.0,11.07420539855957
29.6,7.266909122467041,-63.98435592651367,0.0,10.98631477355957
29.64,-1.287912130355835,-60.11716079711914,0.0,10.458970069885254
29.68,-6.973721504211426,-56.6015510559082,0.0,9.843733787536621
29.7,-12.291647911071777,-51.328125,0.0,8.789043426513672
29.740000000000002,-14.722689628601074,-48.33983612060547,0.0,8.173807144165039
29.78,-18.965993881225586,-46.31834411621094,0.0,7.822243690490723
29.8,-22.198896408081055,-44.73630905151367,0.0,7.558570861816406
29.84,-23.379474639892578,-44.56052780151367,0.0,7.470679759979248
29.88,-24.788528442382812,-44.56052780151367,0.0,7.470679759979248
29.900000000000002,-24.870431900024414,-44.56052780151367,0.0,7.470679759979248
29.94,-24.408754348754883,-44.56052780151367,0.0,7.470679759979248
29.98,-22.509607315063477,-44.56052780151367,0.0,7.470679759979248
30.0,-22.509607315063477,-45.96678161621094,0.0,7.6464619636535645
30.04,-17.439992904663086,-47.8124885559082,0.0,7.6464619636535645
30.080000000000002,-12.84175968170166,-50.097652435302734,0.0,7.6464619636535645
30.1,-7.5485734939575195,-53.261695861816406,0.0,8.173807144165039
30.14,-4.729157447814941,-56.51365661621094,0.0,8.876934051513672
30.18,1.0653727054595947,-59.765594482421875,0.0,9.492170333862305
30.2,6.805782794952393,-62.84177780151367,0.0,10.107406616210938
30.240000000000002,9.558012008666992,-64.16014099121094,0.0,10.371078491210938
30.26,14.639659881591797,-64.51170349121094,0.0,10.458970069885254
30.3,16.89971160888672,-64.51170349121094,0.0,10.458970069885254
30.34,20.70398712158203,-64.51170349121094,0.0,10.458970069885254
30.36,20.70398712158203,-64.51170349121094,0.0,10.458970069885254
30.400000000000002,24.25678253173828,-64.51170349121094,0.0,10.458970069885254
30.44,24.998600006103516,-64.51170349121094,0.0,10.458970069885254
30.46,24.378583908081055,-64.51170349121094,0.0,10.458970069885254
30.5,24.378583908081055,-63.36912155151367,0.0,10.371078491210938
30.54,20.983745574951172,-61.435550689697266,0.0,10.195296287536621
30.580000000000002,17.254186630249023,-58.710906982421875,0.0,10.195296287536621
30.6,15.01965618133545,-55.45896911621094,0.0,9.492170333862305
30.64,9.963055610656738,-50.976558685302734,0.0,8.701151847839355
30.66,4.357216835021973,-46.6699104309082,0.0,7.910134315490723
30.7,4.357216835021973,-41.835906982421875,0.0,6.943334102630615
30.740000000000002,-4.40602445602417,-38.496055603027344,0.0,6.415988922119141
30.78,-10.016663551330566,-36.03513717651367,0.0,5.976534366607666
30.8,-10.016663551330566,-33.57419204711914,0.0,5.62497091293335
30.84,-17.31573486328125,-33.310523986816406,0.0,5.53708028793335
30.88,-21.04436492919922,-33.398414611816406,0.0,5.449189186096191
30.900000000000002,-23.613069534301758,-33.398414611816406,0.0,5.449189186096191
30.94,-24.414684295654297,-33.398414611816406,0.0,5.449189186096191
30.98,-24.995500564575195,-33.398414611816406,0.0,5.449189186096191
31.02,-24.995500564575195,-33.398414611816406,0.0,5.449189186096191
31.060000000000002,-22.046756744384766,-35.59568405151367,0.0,5.53708028793335
31.080000000000002,-22.046756744384766,-38.0566291809082,0.0,5.62497091293335
31.12,-16.586515426635742,-40.605438232421875,0.0,5.712862014770508
31.16,-11.743653297424316,-44.648414611816406,0.0,6.328097820281982
31.18,-11.743653297424316,-48.69139862060547,0.0,7.20700740814209
31.220000000000002,-3.342191696166992,-53.78904342651367,0.0,8.349588394165039
31.26,2.5629477500915527,-58.53512191772461,0.0,9.228497505187988
31.28,2.5629477500915527,-63.017555236816406,0.0,10.107406616210938
31.32,11.05716609954834,-65.91796112060547,0.0,10.722641944885254
31.34,16.015209197998047,-67.67577362060547,0.0,10.898423194885254
31.38,18.17453384399414,-67.93942260742188,0.0,10.98631477355957
31.42,21.701396942138672,-67.93942260742188,0.0,10.98631477355957
31.44,23.018814086914062,-67.93942260742188,0.0,10.98631477355957
31.46,24.01235580444336,-67.93942260742188,0.0,10.98631477355957
31.5,24.667728424072266,-67.93942260742188,0.0,10.98631477355957
31.54,24.53389549255371,-67.93942260742188,0.0,10.98631477355957
31.580000000000002,22.710256576538086,-67.93942260742188,0.0,10.98631477355957
31.6,22.710256576538086,-67.93942260742188,0.0,10.98631477355957
31.64,17.622957229614258,-67.06050872802734,0.0,10.98631477355957
31.68,12.939592361450195,-65.91796112060547,0.0,10.898423194885254
31.7,12.939592361450195,-63.72068405151367,0.0,10.722641944885254
31.740000000000002,4.631400108337402,-60.820289611816406,0.0,10.634751319885254
31.78,-1.3070825338363647,-57.56835174560547,0.0,9.931624412536621
31.8,-7.174892902374268,-53.437477111816406,0.0,9.228497505187988
31.84,-9.977465629577637,-50.185516357421875,0.0,8.613261222839355
31.88,-15.12028980255127,-48.69139862060547,0.0,8.261697769165039
31.900000000000002,-19.405807495117188,-47.8124885559082,0.0,8.173807144165039
31.94,-21.148027420043945,-47.197227478027344,0.0,8.085916519165039
31.98,-23.70595932006836,-47.197227478027344,0.0,8.085916519165039
32.0,-24.91256332397461,-47.197227478027344,0.0,8.085916519165039
32.04,-24.91256332397461,-47.373008728027344,0.0,8.085916519165039
32.08,-24.054861068725586,-48.076133728027344,0.0,8.085916519165039
32.1,-21.748706817626953,-49.30660629272461,0.0,8.173807144165039
32.14,-21.748706817626953,-51.767547607421875,0.0,8.261697769165039
32.18,-16.010684967041016,-54.05271530151367,0.0,8.437479972839355
32.22,-10.983142852783203,-57.2167854309082,0.0,9.052715301513672
32.24,-10.983142852783203,-61.34762954711914,0.0,9.843733787536621
32.28,-2.3532814979553223,-65.21482849121094,0.0,10.546859741210938
32.32,3.644268751144409,-68.90625,0.0,11.162096977233887
32.34,3.644268751144409,-70.57614135742188,0.0,11.425768852233887
32.38,12.147734642028809,-71.36719512939453,0.0,11.513660430908203
32.42,17.010257720947266,-71.7187271118164,0.0,11.601550102233887
32.44,20.892192840576172,-71.8066177368164,0.0,11.601550102233887
32.480000000000004,20.892192840576172,-71.8066177368164,0.0,11.601550102233887
32.52,24.399871826171875,-71.8066177368164,0.0,11.601550102233887
32.54,24.9940242767334,-71.8066177368164,0.0,11.601550102233887
32.58,24.9940242767334,-71.7187271118164,0.0,11.601550102233887
32.62,23.176921844482422,-71.8066177368164,0.0,11.601550102233887
32.660000000000004,20.258975982666016,-71.8066177368164,0.0,11.601550102233887
32.68,16.159839630126953,-71.8066177368164,0.0,11.601550102233887
32.72,16.159839630126953,-70.7519302368164,0.0,11.601550102233887
32.76,8.330266952514648,-69.16989135742188,0.0,11.425768852233887
32.8,2.4320080280303955,-67.41207885742188,0.0,11.337878227233887
32.84,-3.6118276119232178,-64.07225036621094,0.0,11.24998664855957
32.86,-9.447749137878418,-60.820289611816406,0.0,10.546859741210938
32.9,-12.179766654968262,-58.35934066772461,0.0,10.107406616210938
32.94,-17.07096290588379,-57.128868103027344,0.0,9.931624412536621
32.96,-20.962907791137695,-55.81053161621094,0.0,9.667951583862305
33.0,-22.45947265625,-55.45896911621094,0.0,9.580060958862305
33.02,-24.442378997802734,-55.37107849121094,0.0,9.580060958862305
33.06,-24.442378997802734,-55.45896911621094,0.0,9.580060958862305
33.1,-24.70660972595215,-55.45896911621094,0.0,9.580060958862305
33.12,-23.05720329284668,-55.37107849121094,0.0,9.580060958862305
33.160000000000004,-23.05720329284668,-56.6015510559082,0.0,9.667951583862305
33.2,-18.080738067626953,-58.53512191772461,0.0,9.755843162536621
33.24,-13.377532958984375,-60.46872329711914,0.0,9.755843162536621
33.26,-13.377532958984375,-63.63279724121094,0.0,10.283187866210938
33.3,-4.9324564933776855,-66.44530487060547,0.0,10.722641944885254
33.34,1.1394668817520142,-69.43359375,0.0,11.24998664855957
33.36,1.1394668817520142,-70.9277114868164,0.0,11.425768852233887
33.4,10.014623641967773,-71.8066177368164,0.0,11.601550102233887
33.44,15.262803077697754,-72.0702896118164,0.0,11.601550102233887
33.46,15.262803077697754,-72.0702896118164,0.0,11.689441680908203
33.5,21.352293014526367,-72.0702896118164,0.0,11.601550102233887
33.54,23.86794662475586,-72.0702896118164,0.0,11.601550102233887
33.56,23.86794662475586,-72.0702896118164,0.0,11.601550102233887
33.6,24.59797477722168,-72.0702896118164,0.0,11.601550102233887
33.64,24.946321487426758,-72.0702896118164,0.0,11.601550102233887
33.660000000000004,21.231504440307617,-72.0702896118164,0.0,11.601550102233887
33.7,21.231504440307617,-72.0702896118164,0.0,11.601550102233887
33.74,15.054030418395996,-71.1034927368164,0.0,11.601550102233887
33.76,9.745648384094238,-69.52145385742188,0.0,11.513660430908203
33.8,9.745648384094238,-67.06050872802734,0.0,11.425768852233887
33.84,0.7881482839584351,-63.89646911621094,0.0,11.162096977233887
33.88,-5.3236188888549805,-59.941375732421875,0.0,10.371078491210938
33.92,-11.117724418640137,-55.45896911621094,0.0,9.580060958862305
33.94,-16.24370765686035,-50.888641357421875,0.0,8.701151847839355
33.980000000000004,-16.24370765686035,-48.42770004272461,0.0,8.261697769165039
34.02,-22.01499366760254,-46.84568786621094,0.0,7.910134315490723
34.06,-24.24180793762207,-46.31834411621094,0.0,7.910134315490723
34.08,-25.0,-46.31834411621094,0.0,7.822243690490723
34.12,-25.0,-46.31834411621094,0.0,7.822243690490723
34.160000000000004,-23.302631378173828,-46.31834411621094,0.0,7.910134315490723
34.2,-20.37782096862793,-46.31834411621094,0.0,7.822243690490723
34.22,-16.210796356201172,-46.9335823059082,0.0,7.910134315490723
34.26,-13.737563133239746,-48.33983612060547,0.0,7.998025417327881
34.300000000000004,-8.199247360229492,-50.273433685302734,0.0,7.998025417327881
34.32,-2.157224416732788,-53.173805236816406,0.0,8.173807144165039
34.36,-2.157224416732788,-56.953086853027344,0.0,8.964824676513672
34.4,0.9381720423698425,-59.501953125,0.0,9.492170333862305
34.44,12.716341018676758,-60.99606704711914,0.0,9.755843162536621
34.480000000000004,17.61530113220215,-61.523414611816406,0.0,9.843733787536621
34.5,17.61530113220215,-61.523414611816406,0.0,9.843733787536621
34.54,22.86509895324707,-61.611331939697266,0.0,9.843733787536621
34.58,24.64946174621582,-61.523414611816406,0.0,9.843733787536621
34.6,24.64946174621582,-61.435550689697266,0.0,9.843733787536621
34.64,24.473831176757812,-61.34762954711914,0.0,9.843733787536621
34.68,22.46204948425293,-60.205078125,0.0,9.843733787536621
34.7,22.46204948425293,-58.798824310302734,0.0,9.667951583862305
34.74,16.904767990112305,-56.51365661621094,0.0,9.667951583862305
34.78,11.83738899230957,-53.34959030151367,0.0,9.228497505187988
34.800000000000004,9.006335258483887,-49.21874237060547,0.0,8.349588394165039
34.84,2.9680159091949463,-46.14256286621094,0.0,7.822243690490723
34.88,-3.2576935291290283,-42.36325454711914,0.0,7.031225204467773
34.9,-3.2576935291290283,-39.37496566772461,0.0,6.503879547119141
34.94,-12.105413436889648,-37.792930603027344,0.0,6.240207195281982
34.980000000000004,-17.14139747619629,-37.08982849121094,0.0,6.152316093444824
35.0,-21.11320686340332,-37.00193786621094,0.0,6.152316093444824
35.04,-22.619115829467773,-37.00193786621094,0.0,6.152316093444824
35.08,-24.55210304260254,-37.00193786621094,0.0,6.152316093444824
35.12,-24.953563690185547,-37.00193786621094,0.0,6.152316093444824
35.14,-23.79582405090332,-37.44136428833008,0.0,6.152316093444824
35.18,-23.79582405090332,-38.496055603027344,0.0,6.152316093444824
35.22,-19.31419563293457,-40.517574310302734,0.0,6.328097820281982
35.24,-14.765791893005371,-43.330055236816406,0.0,6.328097820281982
35.28,-14.765791893005371,-46.31834411621094,0.0,6.767552375793457
35.32,-6.306695461273193,-50.53708267211914,0.0,7.558570861816406
35.36,-0.09082210063934326,-55.45896911621094,0.0,8.701151847839355
35.38,6.134213447570801,-60.556640625,0.0,9.667951583862305
35.42,6.134213447570801,-64.51170349121094,0.0,10.458970069885254
35.46,14.636878967285156,-66.35741424560547,0.0,10.722641944885254
35.5,19.226272583007812,-66.88472747802734,0.0,10.81053352355957
35.52,22.6037540435791,-66.88472747802734,0.0,10.81053352355957
35.56,23.76726722717285,-66.88472747802734,0.0,10.81053352355957
35.6,24.950252532958984,-66.88472747802734,0.0,10.81053352355957
35.64,24.553443908691406,-66.88472747802734,0.0,10.81053352355957
35.68,24.553443908691406,-66.88472747802734,0.0,10.81053352355957
35.7,23.765731811523438,-66.88472747802734,0.0,10.81053352355957
35.74,17.039369583129883,-66.44530487060547,0.0,10.81053352355957
35.76,11.920345306396484,-65.30272674560547,0.0,10.722641944885254
35.800000000000004,11.920345306396484,-63.28123092651367,0.0,10.546859741210938
35.84,9.052734375,-60.64450454711914,0.0,10.546859741210938
35.88,-3.384880304336548,-57.0410041809082,0.0,9.931624412536621
35.9,-3.384880304336548,-51.767547607421875,0.0,8.964824676513672
35.94,-12.333882331848145,-48.251914978027344,0.0,8.173807144165039
35.980000000000004,-17.39514923095703,-45.87889099121094,0.0,7.7343525886535645
36.0,-21.34553337097168,-43.945289611816406,0.0,7.382789134979248
36.04,-22.821205139160156,-43.417945861816406,0.0,7.29489803314209
36.08,-24.653711318969727,-43.330055236816406,0.0,7.29489803314209
36.12,-24.653711318969727,-43.330055236816406,0.0,7.29489803314209
36.14,-23.55464744567871,-43.330055236816406,0.0,7.29489803314209
36.18,-22.30193519592285,-43.330055236816406,0.0,7.29489803314209
36.22,-18.74018096923828,-43.505836486816406,0.0,7.29489803314209
36.24,-16.488157272338867,-44.12107467651367,0.0,7.29489803314209
36.28,-11.222219467163086,-45.79099655151367,0.0,7.382789134979248
36.300000000000004,-11.222219467163086,-48.77926254272461,0.0,7.382789134979248
36.34,-2.0789408683776855,-51.855472564697266,0.0,7.822243690490723
36.38,4.273149013519287,-55.01951217651367,0.0,8.525370597839355
36.4,10.352071762084961,-58.09569549560547,0.0,9.228497505187988
36.44,13.164471626281738,-59.589813232421875,0.0,9.492170333862305
36.480000000000004,18.106327056884766,-60.380859375,0.0,9.667951583862305
36.5,18.106327056884766,-60.46872329711914,0.0,9.667951583862305
36.54,23.23963737487793,-60.46872329711914,0.0,9.667951583862305
36.58,24.81486701965332,-60.46872329711914,0.0,9.667951583862305
36.6,24.77553939819336,-60.380859375,0.0,9.667951583862305
36.64,24.146224975585938,-60.380859375,0.0,9.667951583862305
36.68,21.717954635620117,-60.029296875,0.0,9.667951583862305
36.7,21.717954635620117,-58.44725799560547,0.0,9.580060958862305
36.74,19.958131790161133,-55.45896911621094,0.0,9.492170333862305
36.78,10.005480766296387,-52.03122329711914,0.0,8.964824676513672
36.82,3.8635969161987305,-48.33983612060547,0.0,8.173807144165039
36.84,-2.53481125831604,-43.85740280151367,0.0,7.29489803314209
36.88,-2.53481125831604,-40.957000732421875,0.0,6.767552375793457
36.92,-11.697944641113281,-39.11132049560547,0.0,6.503879547119141
36.94,-16.931316375732422,-37.7050666809082,0.0,6.240207195281982
36.980000000000004,-16.931316375732422,-37.08982849121094,0.0,6.240207195281982
37.02,-22.609479904174805,-37.08982849121094,0.0,6.152316093444824
37.06,-24.580602645874023,-37.08982849121094,0.0,6.152316093444824
37.1,-24.93128776550293,-37.08982849121094,0.0,6.152316093444824
37.12,-23.635713577270508,-37.1777229309082,0.0,6.152316093444824
37.160000000000004,-23.635713577270508,-38.144493103027344,0.0,6.240207195281982
37.2,-22.392343521118164,-40.166011810302734,0.0,6.328097820281982
37.24,-18.815715789794922,-42.80270767211914,0.0,6.328097820281982
37.28,-8.236471176147461,-45.35154342651367,0.0,6.503879547119141
37.300000000000004,-8.236471176147461,-50.273433685302734,0.0,7.558570861816406
37.34,1.2964121103286743,-53.876930236816406,0.0,8.261697769165039
37.36,7.63752555847168,-57.48043441772461,0.0,9.140606880187988
37.4,7.63752555847168,-60.11716079711914,0.0,9.580060958862305
37.44,16.078826904296875,-61.34762954711914,0.0,9.843733787536621
37.46,20.444599151611328,-61.874977111816406,0.0,9.931624412536621
37.5,20.444599151611328,-61.874977111816406,0.0,9.931624412536621
37.54,24.37226104736328,-61.874977111816406,0.0,9.931624412536621
37.56,24.98492431640625,-61.874977111816406,0.0,9.931624412536621
37.6,24.98492431640625,-61.78709030151367,0.0,9.931624412536621
37.64,22.7868595123291,-61.78709030151367,0.0,9.931624412536621
37.660000000000004,19.382671356201172,-60.29294204711914,0.0,9.843733787536621
37.72,19.382671356201172,-58.798824310302734,0.0,9.755843162536621
37.74,8.98131275177002,-55.54685592651367,0.0,9.580060958862305
37.78,5.880484580993652,-51.943336486816406,0.0,8.964824676513672
37.82,-0.5676429867744446,-48.251914978027344,0.0,8.173807144165039
37.84,-0.5676429867744446,-44.82419967651367,0.0,7.558570861816406
37.88,-3.8060684204101562,-42.53903579711914,0.0,7.119115829467773
37.92,-10.038614273071289,-41.660125732421875,0.0,6.943334102630615
37.96,-20.105493545532227,-41.132781982421875,0.0,6.855443477630615
37.980000000000004,-23.256807327270508,-40.957000732421875,0.0,6.767552375793457
38.02,-24.252269744873047,-40.957000732421875,0.0,6.767552375793457
38.06,-24.99687385559082,-40.957000732421875,0.0,6.767552375793457
38.1,-24.047250747680664,-40.957000732421875,0.0,6.767552375793457
38.12,-22.951950073242188,-40.957000732421875,0.0,6.767552375793457
38.160000000000004,-19.61175537109375,-41.572265625,0.0,6.767552375793457
38.2,-14.936622619628906,-44.12107467651367,0.0,6.943334102630615
38.22,-14.936622619628906,-46.9335823059082,0.0,6.943334102630615
38.26,-6.132055759429932,-50.712860107421875,0.0,7.6464619636535645
38.300000000000004,0.3512570559978485,-54.316383361816406,0.0,8.349588394165039
38.32,6.814047813415527,-58.007781982421875,0.0,9.228497505187988
38.36,9.898933410644531,-60.029296875,0.0,9.580060958862305
38.38,15.511475563049316,-61.083984375,0.0,9.843733787536621
38.42,15.511475563049316,-61.435550689697266,0.0,9.843733787536621
38.46,21.844501495361328,-61.435550689697266,0.0,9.843733787536621
38.480000000000004,24.25160789489746,-61.435550689697266,0.0,9.843733787536621
38.52,24.25160789489746,-61.435550689697266,0.0,9.843733787536621
38.56,24.723642349243164,-61.34762954711914,0.0,9.843733787536621
38.6,22.91047477722168,-61.17184829711914,0.0,9.843733787536621
38.62,19.520336151123047,-59.677730560302734,0.0,9.755843162536621
38.660000000000004,19.520336151123047,-58.007781982421875,0.0,9.667951583862305
38.7,12.009563446044922,-55.19529724121094,0.0,9.492170333862305
38.72,5.885778903961182,-51.855472564697266,0.0,8.964824676513672
38.76,5.885778903961182,-47.54878616333008,0.0,8.085916519165039
38.800000000000004,-3.927363395690918,-44.033180236816406,0.0,7.382789134979248
38.84,-10.228988647460938,-41.923828125,0.0,6.943334102630615
38.86,-10.228988647460938,-40.25387191772461,0.0,6.679661750793457
38.9,-18.235559463500977,-39.46288299560547,0.0,6.591770648956299
38.94,-22.067983627319336,-39.37496566772461,0.0,6.503879547119141
38.96,-24.370439529418945,-39.37496566772461,0.0,6.503879547119141
39.0,-24.370439529418945,-39.37496566772461,0.0,6.503879547119141
39.04,-24.631975173950195,-39.37496566772461,0.0,6.503879547119141
39.08,-22.656585693359375,-39.72652816772461,0.0,6.503879547119141
39.1,-22.656585693359375,-41.132781982421875,0.0,6.591770648956299
39.14,-21.063556671142578,-43.945289611816406,0.0,6.679661750793457
39.18,-16.804187774658203,-45.96678161621094,0.0,6.767552375793457
39.22,-5.138082027435303,-49.48238754272461,0.0,7.382789134979248
39.24,-1.8576816320419312,-53.613258361816406,0.0,8.261697769165039
39.28,4.745434761047363,-57.128868103027344,0.0,9.052715301513672
39.300000000000004,4.745434761047363,-60.732425689697266,0.0,9.755843162536621
39.34,13.893882751464844,-62.49021530151367,0.0,10.019515037536621
39.38,18.863933563232422,-63.36912155151367,0.0,10.195296287536621
39.4,22.51154327392578,-63.45701217651367,0.0,10.195296287536621
39.44,22.51154327392578,-63.45701217651367,0.0,10.195296287536621
39.480000000000004,24.967592239379883,-63.45701217651367,0.0,10.195296287536621
39.52,24.422897338867188,-63.45701217651367,0.0,10.195296287536621
39.54,24.422897338867188,-63.45701217651367,0.0,10.195296287536621
39.58,20.421344757080078,-63.45701217651367,0.0,10.195296287536621
39.62,15.901330947875977,-62.49021530151367,0.0,10.195296287536621
39.64,10.254861831665039,-59.853511810302734,0.0,10.019515037536621
39.68,7.131104469299316,-57.74413299560547,0.0,10.019515037536621
39.72,0.5585054755210876,-54.22849655151367,0.0,9.316388130187988
39.74,-6.057104587554932,-49.57030487060547,0.0,8.437479972839355
39.78,-9.23361587524414,-47.197227478027344,0.0,7.998025417327881
39.82,-15.041524887084961,-44.73630905151367,0.0,7.558570861816406
39.84,-19.783485412597656,-43.68161392211914,0.0,7.382789134979248
39.88,-21.645151138305664,-43.593727111816406,0.0,7.29489803314209
39.92,-24.182693481445312,-43.593727111816406,0.0,7.29489803314209
39.96,-24.182693481445312,-43.593727111816406,0.0,7.29489803314209
39.980000000000004,-24.73653221130371,-43.593727111816406,0.0,7.29489803314209
40.0,-22.895051956176758,-43.593727111816406,0.0,7.29489803314209
40.04,-22.895051956176758,-44.033180236816406,0.0,7.29489803314209
40.08,-17.136802673339844,-45.96678161621094,0.0,7.470679759979248
40.12,-11.697388648986816,-48.77926254272461,0.0,7.470679759979248
40.14,-5.417231559753418,-52.29489517211914,0.0,7.910134315490723
40.18,-2.100653648376465,-55.54685592651367,0.0,8.613261222839355
40.22,4.58820915222168,-58.44725799560547,0.0,9.228497505187988
40.24,4.58820915222168,-60.732425689697266,0.0,9.755843162536621
40.28,13.865196228027344,-61.874977111816406,0.0,9.931624412536621
40.32,18.896190643310547,-62.40232467651367,0.0,10.019515037536621
40.34,22.56903076171875,-62.40232467651367,0.0,10.019515037536621
40.38,22.56903076171875,-62.40232467651367,0.0,10.019515037536621
40.42,24.979413986206055,-62.40232467651367,0.0,10.019515037536621
40.46,24.347518920898438,-62.314430236816406,0.0,10.019515037536621
40.5,21.955524444580078,-62.314430236816406,0.0,10.019515037536621
40.52,17.973739624023438,-60.29294204711914,0.0,9.843733787536621
40.56,15.47201156616211,-58.710906982421875,0.0,9.843733787536621
40.58,9.672404289245605,-56.24998474121094,0.0,9.755843162536621
40.62,6.479742527008057,-52.47067642211914,0.0,9.052715301513672
40.660000000000004,-0.20209574699401855,-48.51561737060547,0.0,8.261697769165039
40.7,-6.872686386108398,-45.79099655151367,0.0,7.7343525886535645
40.72,-6.872686386108398,-43.24216079711914,0.0,7.29489803314209
40.76,-15.804718971252441,-42.62692642211914,0.0,7.119115829467773
40.800000000000004,-20.40987205505371,-42.62692642211914,0.0,7.119115829467773
40.82,-23.52901840209961,-42.62692642211914,0.0,7.119115829467773
40.86,-23.52901840209961,-42.62692642211914,0.0,7.119115829467773
40.9,-24.9521484375,-42.62692642211914,0.0,7.119115829467773
40.94,-23.625455856323242,-43.154273986816406,0.0,7.119115829467773
40.96,-23.625455856323242,-44.12107467651367,0.0,7.20700740814209
41.0,-18.456493377685547,-46.05466842651367,0.0,7.29489803314209
41.04,-13.255630493164062,-48.60348129272461,0.0,7.29489803314209
41.06,-13.255630493164062,-52.29489517211914,0.0,7.910134315490723
41.1,-3.7648308277130127,-55.89842224121094,0.0,8.701151847839355
41.14,3.012866973876953,-59.765594482421875,0.0,9.492170333862305
41.160000000000004,3.012866973876953,-63.54490280151367,0.0,10.195296287536621
41.2,12.617630004882812,-65.39060974121094,0.0,10.546859741210938
41.24,17.95780372619629,-66.35741424560547,0.0,10.722641944885254
41.26,17.95780372619629,-66.35741424560547,0.0,10.722641944885254
41.300000000000004,23.391632080078125,-66.35741424560547,0.0,10.722641944885254
41.32,24.90333366394043,-66.35741424560547,0.0,10.722641944885254
41.36,24.970687866210938,-66.35741424560547,0.0,10.722641944885254
41.4,23.720382690429688,-66.35741424560547,0.0,10.722641944885254
41.42,23.720382690429688,-66.35741424560547,0.0,10.722641944885254
41.46,18.613447189331055,-66.35741424560547,0.0,10.722641944885254
41.5,13.41881275177002,-66.09373474121094,0.0,10.722641944885254
41.52,13.41881275177002,-64.33592224121094,0.0,10.634751319885254
41.56,3.8947720527648926,-62.314430236816406,0.0,10.458970069885254
41.6,-2.922973155975342,-59.238250732421875,0.0,10.283187866210938
41.62,-6.283099174499512,-56.953086853027344,0.0,9.843733787536621
41.660000000000004,-12.592503547668457,-54.140602111816406,0.0,9.316388130187988
41.68,-17.966054916381836,-52.47067642211914,0.0,9.052715301513672
41.72,-17.966054916381836,-51.24020767211914,0.0,8.789043426513672
41.76,-20.17252540588379,-51.15234375,0.0,8.789043426513672
41.800000000000004,-24.913110733032227,-51.15234375,0.0,8.789043426513672
41.84,-24.545028686523438,-51.24020767211914,0.0,8.789043426513672
41.86,-24.545028686523438,-51.943336486816406,0.0,8.876934051513672
41.9,-20.590320587158203,-52.822242736816406,0.0,8.876934051513672
41.94,-15.96977710723877,-54.49216842651367,0.0,8.964824676513672
41.96,-15.96977710723877,-57.30465316772461,0.0,9.140606880187988
42.0,-6.918978691101074,-60.029296875,0.0,9.580060958862305
42.04,-0.13094274699687958,-62.578102111816406,0.0,10.107406616210938
42.06,6.670379161834717,-64.95115661621094,0.0,10.458970069885254
42.1,9.914827346801758,-65.91796112060547,0.0,10.634751319885254
42.14,15.784683227539062,-66.09373474121094,0.0,10.634751319885254
42.160000000000004,20.46575164794922,-66.09373474121094,0.0,10.634751319885254
42.2,22.245100021362305,-66.09373474121094,0.0,10.722641944885254
42.24,24.511615753173828,-66.09373474121094,0.0,10.722641944885254
42.26,24.92388916015625,-66.09373474121094,0.0,10.634751319885254
42.300000000000004,24.418407440185547,-66.09373474121094,0.0,10.634751319885254
42.34,22.030338287353516,-66.09373474121094,0.0,10.722641944885254
42.36,22.030338287353516,-65.39060974121094,0.0,10.634751319885254
42.4,15.402467727661133,-63.80857849121094,0.0,10.546859741210938
42.44,9.439311027526855,-61.17184829711914,0.0,10.458970069885254
42.46,2.754993200302124,-57.56835174560547,0.0,9.931624412536621
42.5,2.754993200302124,-52.998023986816406,0.0,9.140606880187988
42.54,-0.7000101804733276,-49.042964935302734,0.0,8.349588394165039
42.58,-13.743907928466797,-47.46092224121094,0.0,8.085916519165039
42.62,-18.934974670410156,-45.96678161621094,0.0,7.822243690490723
42.660000000000004,-22.68137550354004,-45.52732849121094,0.0,7.7343525886535645
42.68,-23.9176025390625,-45.52732849121094,0.0,7.7343525886535645
42.72,-24.996068954467773,-45.52732849121094,0.0,7.7343525886535645
42.74,-24.1596622467041,-45.52732849121094,0.0,7.7343525886535645
42.78,-23.036827087402344,-45.70310974121094,0.0,7.7343525886535645
42.800000000000004,-19.487945556640625,-46.58201599121094,0.0,7.7343525886535645
42.84,-19.487945556640625,-48.33983612060547,0.0,7.822243690490723
42.88,-11.470978736877441,-50.624996185302734,0.0,7.910134315490723
42.92,-4.926833629608154,-53.261695861816406,0.0,8.173807144165039
42.94,-4.926833629608154,-56.8652229309082,0.0,8.964824676513672
42.980000000000004,5.440366744995117,-59.41403579711914,0.0,9.492170333862305
43.02,11.942667961120605,-60.908206939697266,0.0,9.755843162536621
43.04,11.942667961120605,-61.611331939697266,0.0,9.843733787536621
43.08,19.83414649963379,-61.611331939697266,0.0,9.843733787536621
43.12,23.258575439453125,-61.611331939697266,0.0,9.843733787536621
43.14,24.88422203063965,-61.611331939697266,0.0,9.843733787536621
43.18,24.97650146484375,-61.523414611816406,0.0,9.843733787536621
43.22,23.70920181274414,-61.523414611816406,0.0,9.843733787536621
43.26,20.601245880126953,-60.29294204711914,0.0,9.843733787536621
43.28,18.426433563232422,-59.326171875,0.0,9.755843162536621
43.32,13.045109748840332,-57.56835174560547,0.0,9.667951583862305
43.36,6.646146297454834,-54.22849655151367,0.0,9.316388130187988
43.38,6.646146297454834,-49.921871185302734,0.0,8.525370597839355
43.42,-3.7609474658966064,-47.2851448059082,0.0,7.998025417327881
43.46,-10.450187683105469,-44.56052780151367,0.0,7.470679759979248
43.480000000000004,-16.326784133911133,-42.97848892211914,0.0,7.20700740814209
43.52,-18.812955856323242,-42.62692642211914,0.0,7.119115829467773
43.56,-22.63661766052246,-42.62692642211914,0.0,7.119115829467773
43.58,-24.690231323242188,-42.62692642211914,0.0,7.119115829467773
43.62,-24.996318817138672,-42.62692642211914,0.0,7.119115829467773
43.64,-24.135217666625977,-42.62692642211914,0.0,7.119115829467773
43.68,-22.984256744384766,-43.24216079711914,0.0,7.119115829467773
43.72,-19.352798461914062,-43.945289611816406,0.0,7.20700740814209
43.74,-19.352798461914062,-46.14256286621094,0.0,7.29489803314209
43.78,-11.172462463378906,-48.69139862060547,0.0,7.29489803314209
43.82,-4.519352436065674,-51.59177017211914,0.0,7.7343525886535645
43.84,-4.519352436065674,-55.72263717651367,0.0,8.701151847839355
43.88,5.96142053604126,-58.53512191772461,0.0,9.316388130187988
43.92,12.479552268981934,-60.380859375,0.0,9.667951583862305
43.94,18.015134811401367,-61.435550689697266,0.0,9.843733787536621
43.980000000000004,20.273237228393555,-61.611331939697266,0.0,9.843733787536621
44.02,23.54523468017578,-61.611331939697266,0.0,9.843733787536621
44.04,24.954341888427734,-61.611331939697266,0.0,9.843733787536621
44.08,24.918445587158203,-61.611331939697266,0.0,9.931624412536621
44.12,23.367469787597656,-61.523414611816406,0.0,9.843733787536621
44.14,23.367469787597656,-60.732425689697266,0.0,9.843733787536621
44.18,17.63979721069336,-59.501953125,0.0,9.755843162536621
44.2,11.992471694946289,-58.18355941772461,0.0,9.667951583862305
44.24,11.992471694946289,-54.93162155151367,0.0,9.492170333862305
44.28,8.77841567993164,-51.24020767211914,0.0,8.789043426513672
44.32,-5.154714584350586,-47.2851448059082,0.0,7.998025417327881
44.34,-11.790420532226562,-42.890602111816406,0.0,7.20700740814209
44.38,-11.790420532226562,-39.72652816772461,0.0,6.591770648956299
44.42,-19.837797164916992,-37.8808479309082,0.0,6.240207195281982
44.46,-23.30423355102539,-36.47459411621094,0.0,6.064425468444824
44.480000000000004,-23.30423355102539,-35.85935592651367,0.0,5.976534366607666
44.52,-24.961462020874023,-35.94724655151367,0.0,5.976534366607666
44.56,-23.571449279785156,-35.94724655151367,0.0,5.976534366607666
44.58,-20.288841247558594,-35.94724655151367,0.0,5.976534366607666
44.62,-20.288841247558594,-35.94724655151367,0.0,5.976534366607666
44.660000000000004,-12.423937797546387,-36.56248474121094,0.0,5.976534366607666
44.7,-5.831601142883301,-37.792930603027344,0.0,6.064425468444824
44.72,-5.831601142883301,-39.81444549560547,0.0,6.152316093444824
44.76,4.766106128692627,-42.36325454711914,0.0,6.152316093444824
44.800000000000004,11.474143028259277,-45.08787155151367,0.0,6.503879547119141
44.82,11.474143028259277,-47.02146911621094,0.0,6.855443477630615
44.86,19.65470314025879,-47.9882698059082,0.0,7.031225204467773
44.9,23.209083557128906,-48.69139862060547,0.0,7.20700740814209
44.92,23.209083557128906,-48.69139862060547,0.0,7.20700740814209
44.96,24.971792221069336,-48.69139862060547,0.0,7.20700740814209
45.0,23.624744415283203,-48.69139862060547,0.0,7.20700740814209
45.02,20.36002540588379,-48.69139862060547,0.0,7.20700740814209
45.06,18.084915161132812,-48.1640510559082,0.0,7.20700740814209
45.08,12.478984832763672,-46.9335823059082,0.0,7.119115829467773
45.12,12.478984832763672,-44.648414611816406,0.0,6.943334102630615
45.160000000000004,2.327625036239624,-42.18747329711914,0.0,6.943334102630615
45.2,-4.799933433532715,-39.990230560302734,0.0,6.591770648956299
45.22,-11.539521217346191,-37.5292854309082,0.0,6.240207195281982
45.26,-11.539521217346191,-35.94724655151367,0.0,5.976534366607666
45.300000000000004,-19.73625373840332,-35.50779342651367,0.0,5.888643741607666
45.32,-23.272310256958008,-35.59568405151367,0.0,5.888643741607666
45.36,-24.33922576904297,-35.59568405151367,0.0,5.888643741607666
45.4,-24.959793090820312,-35.59568405151367,0.0,5.888643741607666
45.42,-24.959793090820312,-35.59568405151367,0.0,5.888643741607666
45.46,-22.085163116455078,-36.38670349121094,0.0,5.888643741607666
45.5,-17.856691360473633,-37.7050666809082,0.0,5.976534366607666
45.52,-12.159223556518555,-39.81444549560547,0.0,6.064425468444824
45.56,-8.901585578918457,-42.53903579711914,0.0,6.152316093444824
45.6,-1.902911901473999,-45.26365661621094,0.0,6.503879547119141
45.62,5.255841255187988,-48.69139862060547,0.0,7.20700740814209
45.660000000000004,8.710136413574219,-51.24020767211914,0.0,7.6464619636535645
45.7,15.011720657348633,-52.822242736816406,0.0,8.085916519165039
45.72,20.07701873779297,-53.701148986816406,0.0,8.173807144165039
45.76,22.009716033935547,-53.78904342651367,0.0,8.261697769165039
45.78,24.473766326904297,-53.78904342651367,0.0,8.261697769165039
45.82,24.473766326904297,-53.78904342651367,0.0,8.261697769165039
45.86,24.355342864990234,-53.525367736816406,0.0,8.261697769165039
45.9,21.73861312866211,-53.085914611816406,0.0,8.261697769165039
45.92,17.31715202331543,-50.976558685302734,0.0,8.085916519165039
45.96,17.31715202331543,-49.30660629272461,0.0,7.998025417327881
46.0,8.132539749145508,-46.58201599121094,0.0,7.910134315490723
46.04,1.0472402572631836,-43.85740280151367,0.0,7.382789134979248
46.06,-6.128628253936768,-40.429656982421875,0.0,6.767552375793457
46.1,-6.128628253936768,-37.968711853027344,0.0,6.240207195281982
46.14,-15.764366149902344,-36.38670349121094,0.0,5.976534366607666
46.160000000000004,-20.65347671508789,-35.15623092651367,0.0,5.888643741607666
46.2,-20.65347671508789,-35.24412155151367,0.0,5.800752639770508
46.24,-20.65347671508789,-35.24412155151367,0.0,5.888643741607666
46.28,-24.799081802368164,-35.24412155151367,0.0,5.800752639770508
46.300000000000004,-22.8547420501709,-35.24412155151367,0.0,5.800752639770508
46.34,-22.8547420501709,-35.24412155151367,0.0,5.800752639770508
46.38,-16.43941879272461,-36.65037536621094,0.0,5.888643741607666
46.4,-10.349353790283203,-38.4081916809082,0.0,5.976534366607666
46.44,-10.349353790283203,-41.132781982421875,0.0,5.976534366607666
46.480000000000004,0.2406177669763565,-44.73630905151367,0.0,6.415988922119141
46.52,7.406231880187988,-47.54878616333008,0.0,6.943334102630615
46.54,13.951458930969238,-50.712860107421875,0.0,7.6464619636535645
46.58,13.951458930969238,-52.822242736816406,0.0,8.085916519165039
46.62,21.422590255737305,-53.613258361816406,0.0,8.173807144165039
46.660000000000004,24.223262786865234,-53.78904342651367,0.0,8.261697769165039
46.68,24.978107452392578,-53.78904342651367,0.0,8.261697769165039
46.72,24.560453414916992,-53.78904342651367,0.0,8.261697769165039
46.76,22.177309036254883,-53.613258361816406,0.0,8.261697769165039
46.78,17.91423797607422,-53.085914611816406,0.0,8.261697769165039
46.82,15.184342384338379,-52.03122329711914,0.0,8.085916519165039
46.86,8.816240310668945,-50.097652435302734,0.0,7.998025417327881
46.9,1.6964281797409058,-47.900352478027344,0.0,7.998025417327881
46.92,-5.570956230163574,-44.99998092651367,0.0,7.558570861816406
46.96,-9.06591510772705,-43.154273986816406,0.0,7.20700740814209
47.0,-15.405685424804688,-42.099609375,0.0,7.031225204467773
47.02,-20.435731887817383,-41.835906982421875,0.0,6.943334102630615
47.06,-20.435731887817383,-41.923828125,0.0,6.943334102630615
47.1,-24.62203025817871,-41.923828125,0.0,6.943334102630615
47.14,-24.822492599487305,-41.923828125,0.0,6.943334102630615
47.160000000000004,-22.90077018737793,-41.923828125,0.0,6.943334102630615
47.2,-21.18769645690918,-42.62692642211914,0.0,7.031225204467773
47.24,-16.438886642456055,-44.12107467651367,0.0,7.119115829467773
47.26,-10.278955459594727,-46.9335823059082,0.0,7.119115829467773
47.300000000000004,-10.278955459594727,-50.36129379272461,0.0,7.558570861816406
47.34,0.43274614214897156,-53.78904342651367,0.0,8.261697769165039
47.38,7.6624579429626465,-57.65621566772461,0.0,9.140606880187988
47.4,14.236647605895996,-60.908206939697266,0.0,9.755843162536621
47.44,17.097251892089844,-62.753883361816406,0.0,10.107406616210938
47.480000000000004,21.656150817871094,-63.63279724121094,0.0,10.283187866210938
47.5,23.255126953125,-63.63279724121094,0.0,10.283187866210938
47.54,24.917922973632812,-63.63279724121094,0.0,10.283187866210938
47.56,24.43047523498535,-63.63279724121094,0.0,10.283187866210938
47.6,24.43047523498535,-63.63279724121094,0.0,10.283187866210938
47.64,19.803369522094727,-63.63279724121094,0.0,10.283187866210938
47.68,14.506113052368164,-63.63279724121094,0.0,10.283187866210938
47.7,7.949935436248779,-63.19334411621094,0.0,10.283187866210938
47.74,7.949935436248779,-61.083984375,0.0,10.107406616210938
47.78,-2.9870755672454834,-58.798824310302734,0.0,10.019515037536621
47.82,-10.092047691345215,-56.1620979309082,0.0,9.667951583862305
47.86,-16.323293685913086,-53.525367736816406,0.0,9.228497505187988
47.9,-21.13751792907715,-51.064422607421875,0.0,8.789043426513672
47.92,-24.113521575927734,-50.53708267211914,0.0,8.613261222839355
47.96,-24.113521575927734,-50.53708267211914,0.0,8.701151847839355
48.0,-24.60736846923828,-50.53708267211914,0.0,8.613261222839355
48.04,-22.24357032775879,-50.712860107421875,0.0,8.701151847839355
48.06,-20.312850952148438,-51.41598892211914,0.0,8.701151847839355
48.1,-15.163196563720703,-52.382789611816406,0.0,8.701151847839355
48.120000000000005,-8.684552192687988,-53.96482467651367,0.0,8.789043426513672
48.160000000000004,-5.12026834487915,-55.98631286621094,0.0,8.876934051513672
48.18,2.268167495727539,-58.09569549560547,0.0,9.228497505187988
48.22,5.929598331451416,-59.765594482421875,0.0,9.492170333862305
48.26,12.784753799438477,-60.820289611816406,0.0,9.755843162536621
48.28,18.52032470703125,-60.99606704711914,0.0,9.755843162536621
48.32,20.80512046813965,-60.99606704711914,0.0,9.755843162536621
48.36,23.955867767333984,-60.99606704711914,0.0,9.755843162536621
48.38,23.955867767333984,-60.908206939697266,0.0,9.755843162536621
48.42,24.69340705871582,-60.908206939697266,0.0,9.755843162536621
48.46,22.45849609375,-60.732425689697266,0.0,9.755843162536621
48.480000000000004,22.45849609375,-59.677730560302734,0.0,9.667951583862305
48.52,15.497917175292969,-58.44725799560547,0.0,9.580060958862305
48.56,9.045801162719727,-55.98631286621094,0.0,9.580060958862305
48.58,1.7906084060668945,-52.20700454711914,0.0,9.052715301513672
48.620000000000005,-1.9390759468078613,-48.60348129272461,0.0,8.261697769165039
48.660000000000004,-9.189403533935547,-46.6699104309082,0.0,7.910134315490723
48.68,-15.628368377685547,-44.47263717651367,0.0,7.470679759979248
48.72,-15.628368377685547,-43.769508361816406,0.0,7.382789134979248
48.76,-18.36045265197754,-43.68161392211914,0.0,7.382789134979248
48.800000000000004,-24.72812843322754,-43.68161392211914,0.0,7.382789134979248
48.84,-24.71255111694336,-43.68161392211914,0.0,7.382789134979248
48.86,-22.496658325195312,-43.68161392211914,0.0,7.382789134979248
48.9,-22.496658325195312,-43.85740280151367,0.0,7.382789134979248
48.94,-15.522296905517578,-44.91209030151367,0.0,7.382789134979248
48.980000000000004,-9.0399169921875,-47.2851448059082,0.0,7.470679759979248
49.02,-1.747009038925171,-50.888641357421875,0.0,7.6464619636535645
49.04,2.0012893676757812,-53.701148986816406,0.0,8.349588394165039
49.08,9.282148361206055,-56.07420349121094,0.0,8.789043426513672
49.120000000000005,15.735220909118652,-57.65621566772461,0.0,9.140606880187988
49.14,18.465906143188477,-57.919918060302734,0.0,9.228497505187988
49.18,22.627952575683594,-58.007781982421875,0.0,9.228497505187988
49.22,23.964805603027344,-57.919918060302734,0.0,9.228497505187988
49.24,24.761005401611328,-57.74413299560547,0.0,9.228497505187988
49.28,23.785234451293945,-57.74413299560547,0.0,9.228497505187988
49.32,20.431930541992188,-57.56835174560547,0.0,9.228497505187988
49.34,15.237236976623535,-56.07420349121094,0.0,9.052715301513672
49.38,12.089415550231934,-53.78904342651367,0.0,8.964824676513672
49.42,5.046805381774902,-50.712860107421875,0.0,8.701151847839355
49.46,-2.4545528888702393,-47.8124885559082,0.0,8.085916519165039
49.5,-9.737592697143555,-45.08787155151367,0.0,7.558570861816406
49.52,-9.737592697143555,-43.593727111816406,0.0,7.29489803314209
49.56,-18.831226348876953,-43.330055236816406,0.0,7.29489803314209
49.6,-22.870845794677734,-43.330055236816406,0.0,7.29489803314209
49.620000000000005,-24.83928871154785,-43.330055236816406,0.0,7.29489803314209
49.660000000000004,-24.83928871154785,-43.330055236816406,0.0,7.29489803314209
49.7,-23.567249298095703,-43.417945861816406,0.0,7.29489803314209
49.74,-20.010498046875,-43.85740280151367,0.0,7.29489803314209
49.76,-20.010498046875,-45.61521530151367,0.0,7.382789134979248
49.800000000000004,-11.407174110412598,-47.9882698059082,0.0,7.382789134979248
49.84,-4.2506208419799805,-50.888641357421875,0.0,7.6464619636535645
49.86,-4.2506208419799805,-54.58005905151367,0.0,8.437479972839355
49.9,7.001506328582764,-57.48043441772461,0.0,9.140606880187988
49.94,13.850308418273926,-58.974605560302734,0.0,9.404278755187988
49.980000000000004,19.436826705932617,-59.765594482421875,0.0,9.492170333862305
50.0,23.248430252075195,-59.853511810302734,0.0,9.492170333862305
50.04,23.248430252075195,-59.853511810302734,0.0,9.492170333862305
50.08,24.92179298400879,-59.853511810302734,0.0,9.492170333862305
50.120000000000005,23.187950134277344,-59.853511810302734,0.0,9.580060958862305
50.14,19.325912475585938,-59.765594482421875,0.0,9.492170333862305
50.18,16.69983673095703,-58.974605560302734,0.0,9.492170333862305
50.22,10.357935905456543,-57.39257049560547,0.0,9.404278755187988
50.24,3.060645341873169,-54.49216842651367,0.0,9.316388130187988
50.28,-0.7386224865913391,-51.15234375,0.0,8.789043426513672
50.300000000000004,-8.200855255126953,-48.60348129272461,0.0,8.261697769165039
50.34,-8.200855255126953,-46.58201599121094,0.0,7.910134315490723
50.38,-17.785171508789062,-45.35154342651367,0.0,7.6464619636535645
50.42,-22.240665435791016,-45.08787155151367,0.0,7.558570861816406
50.44,-22.240665435791016,-45.08787155151367,0.0,7.6464619636535645
50.480000000000004,-24.996614456176758,-45.08787155151367,0.0,7.558570861816406
50.52,-23.963760375976562,-45.08787155151367,0.0,7.6464619636535645
50.54,-23.963760375976562,-45.61521530151367,0.0,7.6464619636535645
50.58,-18.338665008544922,-46.9335823059082,0.0,7.7343525886535645
50.620000000000005,-12.373908042907715,-48.51561737060547,0.0,7.7343525886535645
50.64,-12.373908042907715,-50.976558685302734,0.0,7.7343525886535645
50.68,-8.920475006103516,-53.613258361816406,0.0,8.261697769165039
50.7,6.117049694061279,-57.48043441772461,0.0,9.052715301513672
50.74,6.117049694061279,-61.17184829711914,0.0,9.843733787536621
50.78,16.231382369995117,-63.63279724121094,0.0,10.283187866210938
50.800000000000004,21.211362838745117,-64.68748474121094,0.0,10.458970069885254
50.84,21.211362838745117,-64.95115661621094,0.0,10.458970069885254
50.88,24.880558013916016,-64.95115661621094,0.0,10.458970069885254
50.9,24.455873489379883,-64.95115661621094,0.0,10.458970069885254
50.94,24.455873489379883,-64.95115661621094,0.0,10.546859741210938
50.980000000000004,19.603290557861328,-64.95115661621094,0.0,10.458970069885254
51.0,13.994695663452148,-64.95115661621094,0.0,10.458970069885254
51.04,13.994695663452148,-64.95115661621094,0.0,10.458970069885254
51.08,3.3180272579193115,-64.51170349121094,0.0,10.458970069885254
51.1,-4.338132381439209,-63.36912155151367,0.0,10.458970069885254
51.14,-4.338132381439209,-61.78709030151367,0.0,10.283187866210938
51.18,-14.848718643188477,-60.380859375,0.0,10.283187866210938
51.22,-20.245370864868164,-59.853511810302734,0.0,10.283187866210938
51.24,-23.739213943481445,-59.853511810302734,0.0,10.283187866210938
51.28,-23.739213943481445,-59.853511810302734,0.0,10.283187866210938
51.32,-24.743541717529297,-59.941375732421875,0.0,10.283187866210938
51.36,-22.49226951599121,-60.29294204711914,0.0,10.283187866210938
51.4,-18.11650848388672,-61.083984375,0.0,10.371078491210938
51.42,-18.11650848388672,-62.578102111816406,0.0,10.371078491210938
51.46,-8.513598442077637,-64.42381286621094,0.0,10.458970069885254
51.5,-0.9652576446533203,-66.18163299560547,0.0,10.722641944885254
51.52,6.67787504196167,-68.02733612060547,0.0,10.98631477355957
51.56,10.307117462158203,-68.29098510742188,0.0,10.98631477355957
51.58,16.74968719482422,-68.37889862060547,0.0,10.98631477355957
51.620000000000005,19.40886116027832,-68.37889862060547,0.0,11.07420539855957
51.660000000000004,23.285602569580078,-68.37889862060547,0.0,11.07420539855957
51.68,24.950557708740234,-68.37889862060547,0.0,10.98631477355957
51.72,24.894399642944336,-68.37889862060547,0.0,10.98631477355957
51.76,23.009485244750977,-68.37889862060547,0.0,10.98631477355957
51.800000000000004,18.931468963623047,-68.37889862060547,0.0,11.07420539855957
51.82,18.931468963623047,-68.20311737060547,0.0,11.07420539855957
51.86,16.183326721191406,-66.79686737060547,0.0,10.98631477355957
51.9,2.0881271362304688,-64.95115661621094,0.0,10.81053352355957
51.92,-5.622004508972168,-62.92966842651367,0.0,10.81053352355957
51.96,-5.622004508972168,-60.556640625,0.0,10.458970069885254
52.0,-15.966412544250488,-58.974605560302734,0.0,10.195296287536621
52.02,-21.084590911865234,-58.710906982421875,0.0,10.195296287536621
52.06,-21.084590911865234,-58.710906982421875,0.0,10.195296287536621
52.1,-24.873146057128906,-58.710906982421875,0.0,10.195296287536621
52.14,-24.448823928833008,-58.710906982421875,0.0,10.195296287536621
52.160000000000004,-21.674692153930664,-58.710906982421875,0.0,10.195296287536621
52.2,-19.480546951293945,-58.710906982421875,0.0,10.195296287536621
52.24,-13.740560531616211,-59.941375732421875,0.0,10.195296287536621
52.26,-6.67451810836792,-61.699195861816406,0.0,10.283187866210938
52.300000000000004,-2.853231430053711,-63.80857849121094,0.0,10.371078491210938
52.34,4.905187606811523,-65.39060974121094,0.0,10.546859741210938
52.36,12.193486213684082,-66.44530487060547,0.0,10.722641944885254
52.4,15.43742847442627,-66.44530487060547,0.0,10.722641944885254
52.44,20.731470108032227,-66.44530487060547,0.0,10.722641944885254
52.46,24.021886825561523,-66.44530487060547,0.0,10.722641944885254
52.5,24.806764602661133,-66.44530487060547,0.0,10.722641944885254
52.54,24.558725357055664,-66.44530487060547,0.0,10.722641944885254
52.56,24.558725357055664,-66.44530487060547,0.0,10.722641944885254
52.6,19.791088104248047,-66.44530487060547,0.0,10.722641944885254
52.64,14.127584457397461,-65.83006286621094,0.0,10.722641944885254
52.68,7.088421821594238,-64.07225036621094,0.0,10.634751319885254
52.7,-0.6434369087219238,-61.17184829711914,0.0,10.458970069885254
52.74,-0.6434369087219238,-57.74413299560547,0.0,10.019515037536621
52.78,-11.894231796264648,-55.98631286621094,0.0,9.667951583862305
52.82,-18.097097396850586,-54.49216842651367,0.0,9.404278755187988
52.84,-20.569101333618164,-53.78904342651367,0.0,9.228497505187988
52.88,-23.95073699951172,-53.613258361816406,0.0,9.228497505187988
52.9,-24.993282318115234,-53.613258361816406,0.0,9.228497505187988
52.94,-24.595178604125977,-53.613258361816406,0.0,9.228497505187988
52.980000000000004,-22.006921768188477,-53.78904342651367,0.0,9.228497505187988
53.0,-19.879716873168945,-54.84373092651367,0.0,9.316388130187988
53.38,21.91481590270996,-54.84373092651367,0.0,16.699193954467773
53.4,17.096162796020508,-54.84373092651367,0.0,17.57810401916504
53.44,14.015023231506348,-54.84373092651367,0.0,18.457012176513672
53.480000000000004,6.889277935028076,-54.84373092651367,0.0,19.160139083862305
53.5,6.889277935028076,-54.84373092651367,0.0,20.214828491210938
53.54,-4.843541145324707,-54.84373092651367,0.0,20.917957305908203
53.58,-12.231876373291016,-54.84373092651367,0.0,21.445301055908203
53.6,-12.231876373291016,-54.84373092651367,0.0,21.708972930908203
53.64,-20.84493637084961,-54.84373092651367,0.0,21.796863555908203
53.68,-24.106199264526367,-54.84373092651367,0.0,21.796863555908203
53.7,-24.970508575439453,-54.84373092651367,0.0,21.884756088256836
53.74,-24.4661865234375,-54.84373092651367,0.0,21.884756088256836
53.78,-21.64539909362793,-54.84373092651367,0.0,22.148427963256836
53.800000000000004,-16.665040969848633,-54.84373092651367,0.0,22.499990463256836
53.84,-13.512214660644531,-54.84373092651367,0.0,23.11522674560547
53.88,-6.273846626281738,-54.84373092651367,0.0,23.906217575073242
53.9,1.5946446657180786,-54.84373092651367,0.0,24.785127639770508
53.94,5.519883632659912,-54.84373092651367,0.0,25.400362014770508
53.980000000000004,12.860651016235352,-54.84373092651367,0.0,25.66403579711914
54.0,18.916494369506836,-54.84373092651367,0.0,25.839818954467773
54.04,21.265560150146484,-54.84373092651367,0.0,25.927709579467773
54.08,24.309572219848633,-54.84373092651367,0.0,25.927709579467773
54.1,24.309572219848633,-54.84373092651367,0.0,25.927709579467773
54.14,24.27271270751953,-54.84373092651367,0.0,25.927709579467773
54.18,21.178447723388672,-54.84373092651367,0.0,25.927709579467773
54.2,18.803640365600586,-54.84373092651367,0.0,25.927709579467773
54.24,12.696043014526367,-54.84373092651367,0.0,25.927709579467773
54.26,5.3068318367004395,-54.84373092651367,0.0,25.927709579467773
54.300000000000004,1.36079740524292,-54.84373092651367,0.0,25.839818954467773
54.34,-6.536433219909668,-54.84373092651367,0.0,25.75192642211914
54.36,-13.777141571044922,-54.84373092651367,0.0,25.66403579711914
54.4,-16.917747497558594,-54.84373092651367,0.0,25.48825454711914
54.44,-21.840972900390625,-54.84373092651367,0.0,25.400362014770508
54.480000000000004,-24.556337356567383,-54.84373092651367,0.0,25.312471389770508
54.5,-24.98957633972168,-54.84373092651367,0.0,25.312471389770508
54.54,-23.9501895904541,-54.84373092651367,0.0,25.400362014770508
54.56,-20.481592178344727,-54.84373092651367,0.0,25.312471389770508
54.6,-17.93651008605957,-54.84373092651367,0.0,25.400362014770508
54.64,-11.546489715576172,-54.84373092651367,0.0,25.312471389770508
54.660000000000004,-7.864346981048584,-54.84373092651367,0.0,25.400362014770508
54.7,0.006625732872635126,-54.84373092651367,0.0,25.48825454711914
54.74,7.88030481338501,-54.84373092651367,0.0,25.48825454711914
54.76,7.88030481338501,-54.84373092651367,0.0,25.57614517211914
54.800000000000004,17.96122932434082,-54.84373092651367,0.0,25.57614517211914
54.84,22.5279541015625,-54.84373092651367,0.0,25.57614517211914
54.88,24.79694175720215,-54.84373092651367,0.0,25.57614517211914
54.92,24.79694175720215,-54.84373092651367,0.0,25.57614517211914
54.94,21.760835647583008,-54.84373092651367,0.0,25.57614517211914
54.980000000000004,21.760835647583008,-54.84373092651367,0.0,25.48825454711914
55.02,13.575237274169922,-54.84373092651367,0.0,25.48825454711914
55.04,6.244714260101318,-54.84373092651367,0.0,25.48825454711914
55.08,2.2875709533691406,-54.84373092651367,0.0,25.048799514770508
55.120000000000005,-5.702788352966309,-54.84373092651367,0.0,24.433565139770508
55.14,-13.110818862915039,-54.84373092651367,0.0,23.906217575073242
55.18,-16.35373878479004,-54.84373092651367,0.0,23.642545700073242
55.22,-21.49888801574707,-54.84373092651367,0.0,23.642545700073242
55.24,-21.49888801574707,-54.84373092651367,0.0,23.642545700073242
55.28,-24.965999603271484,-54.84373092651367,0.0,23.642545700073242
55.32,-24.092126846313477,-54.84373092651367,0.0,23.642545700073242
55.34,-20.732465744018555,-54.84373092651367,0.0,23.642545700073242
55.38,-18.218603134155273,-54.84373092651367,0.0,23.642545700073242
55.42,-11.846060752868652,-54.84373092651367,0.0,23.642545700073242
55.44,-4.2460527420043945,-54.84373092651367,0.0,23.730438232421875
55.480000000000004,-4.2460527420043945,-54.84373092651367,0.0,23.730438232421875
55.52,7.723233222961426,-54.84373092651367,0.0,23.818328857421875
55.56,14.87775707244873,-54.84373092651367,0.0,23.906217575073242
55.58,20.492414474487305,-54.84373092651367,0.0,23.994108200073242
55.620000000000005,22.531551361083984,-54.84373092651367,0.0,23.994108200073242
55.660000000000004,24.806711196899414,-54.84373092651367,0.0,23.994108200073242
55.68,24.806711196899414,-54.84373092651367,0.0,23.994108200073242
55.72,24.982452392578125,-54.84373092651367,0.0,23.994108200073242
55.76,23.385295867919922,-54.84373092651367,0.0,23.994108200073242
55.78,13.304710388183594,-54.84373092651367,0.0,23.906217575073242
55.82,9.713225364685059,-54.84373092651367,0.0,23.818328857421875
55.86,1.8640278577804565,-54.84373092651367,0.0,23.818328857421875
55.88,-6.183073043823242,-54.84373092651367,0.0,23.642545700073242
55.92,-10.016639709472656,-54.84373092651367,0.0,23.554655075073242
55.94,-16.801803588867188,-54.84373092651367,0.0,23.378873825073242
55.980000000000004,-19.574424743652344,-54.84373092651367,0.0,23.20311737060547
56.02,-23.515153884887695,-54.84373092651367,0.0,23.20311737060547
56.04,-24.994346618652344,-54.84373092651367,0.0,23.20311737060547
56.1,-23.85373878479004,-54.84373092651367,0.0,23.20311737060547
56.120000000000005,-22.326744079589844,-54.84373092651367,0.0,23.20311737060547
56.160000000000004,-17.557973861694336,-54.84373092651367,0.0,23.20311737060547
56.18,-10.942400932312012,-54.84373092651367,0.0,23.20311737060547
56.22,-7.152964115142822,-54.84373092651367,0.0,23.20311737060547
56.26,0.8911948204040527,-54.84373092651367,0.0,23.2910099029541
56.28,0.8911948204040527,-54.84373092651367,0.0,23.2910099029541
56.32,4.932995796203613,-54.84373092651367,0.0,23.2910099029541
56.36,18.796043395996094,-54.84373092651367,0.0,23.2910099029541
56.4,23.08819007873535,-54.84373092651367,0.0,23.2910099029541
56.42,23.08819007873535,-54.84373092651367,0.0,23.2910099029541
56.46,24.884550094604492,-54.84373092651367,0.0,23.2910099029541
56.5,22.79833984375,-54.84373092651367,0.0,23.2910099029541
56.52,22.79833984375,-54.84373092651367,0.0,23.2910099029541
56.56,15.282044410705566,-54.84373092651367,0.0,23.2910099029541
56.6,8.116193771362305,-54.84373092651367,0.0,23.2910099029541
56.620000000000005,0.08642243593931198,-54.84373092651367,0.0,23.20311737060547
56.660000000000004,-3.9875876903533936,-54.84373092651367,0.0,23.11522674560547
56.7,-11.71231460571289,-54.84373092651367,0.0,22.76366424560547
56.72,-18.195236206054688,-54.84373092651367,0.0,22.58788299560547
56.76,-20.747730255126953,-54.84373092651367,0.0,22.499990463256836
56.78,-24.133201599121094,-54.84373092651367,0.0,22.412099838256836
56.82,-24.133201599121094,-54.84373092651367,0.0,22.412099838256836
56.86,-24.87468147277832,-54.84373092651367,0.0,22.32421112060547
56.9,-24.35416030883789,-54.84373092651367,0.0,22.32421112060547
56.92,-15.8485689163208,-54.84373092651367,0.0,22.32421112060547
56.96,-15.8485689163208,-54.84373092651367,0.0,22.32421112060547
57.0,-4.819567680358887,-54.84373092651367,0.0,22.412099838256836
57.04,3.3550901412963867,-54.84373092651367,0.0,22.412099838256836
57.06,11.1738920211792,-54.84373092651367,0.0,22.412099838256836
57.1,11.1738920211792,-54.84373092651367,0.0,22.499990463256836
57.14,20.43309211730957,-54.84373092651367,0.0,22.499990463256836
57.18,23.991962432861328,-54.84373092651367,0.0,22.412099838256836
57.2,24.819215774536133,-54.84373092651367,0.0,22.499990463256836
57.24,24.45604705810547,-54.84373092651367,0.0,22.499990463256836
57.26,21.462646484375,-54.84373092651367,0.0,22.412099838256836
57.300000000000004,19.068906784057617,-54.84373092651367,0.0,22.499990463256836
57.34,12.808106422424316,-54.84373092651367,0.0,22.499990463256836
57.36,5.164323806762695,-54.84373092651367,0.0,22.412099838256836
57.4,1.0773823261260986,-54.84373092651367,0.0,22.412099838256836
57.44,-7.0750603675842285,-54.84373092651367,0.0,22.32421112060547
57.46,-14.466754913330078,-54.84373092651367,0.0,21.884756088256836
57.5,-14.466754913330078,-54.84373092651367,0.0,21.533193588256836
57.54,-22.42157745361328,-54.84373092651367,0.0,21.445301055908203
57.56,-24.7966251373291,-54.84373092651367,0.0,21.445301055908203
57.6,-24.982255935668945,-54.84373092651367,0.0,21.357410430908203
57.64,-23.322418212890625,-54.84373092651367,0.0,21.357410430908203
57.660000000000004,-23.322418212890625,-54.84373092651367,0.0,21.445301055908203
57.7,-21.52138900756836,-54.84373092651367,0.0,21.445301055908203
57.72,-9.15427303314209,-54.84373092651367,0.0,21.533193588256836
57.76,-5.1940693855285645,-54.84373092651367,0.0,21.621084213256836
57.800000000000004,3.043100357055664,-54.84373092651367,0.0,21.884756088256836
57.82,10.952478408813477,-54.84373092651367,0.0,22.060537338256836
57.86,10.952478408813477,-54.84373092651367,0.0,22.060537338256836
57.9,14.51091194152832,-54.84373092651367,0.0,22.060537338256836
57.94,23.96999740600586,-54.84373092651367,0.0,22.060537338256836
57.96,24.975908279418945,-54.84373092651367,0.0,22.060537338256836
58.0,24.45110321044922,-54.84373092651367,0.0,22.060537338256836
58.02,21.415607452392578,-54.84373092651367,0.0,22.060537338256836
58.06,21.415607452392578,-54.84373092651367,0.0,22.060537338256836
58.1,12.642016410827637,-54.84373092651367,0.0,22.060537338256836
58.14,4.909039497375488,-54.84373092651367,0.0,21.884756088256836
58.160000000000004,4.909039497375488,-54.84373092651367,0.0,21.708972930908203
58.2,-7.421638011932373,-54.84373092651367,0.0,21.09373664855957
58.24,-14.81513500213623,-54.84373092651367,0.0,20.74217414855957
58.26,-14.81513500213623,-54.84373092651367,0.0,20.390609741210938
58.300000000000004,-22.651500701904297,-54.84373092651367,0.0,20.214828491210938
58.32,-24.86574935913086,-54.84373092651367,0.0,20.214828491210938
58.36,-24.86574935913086,-54.84373092651367,0.0,20.214828491210938
58.4,-23.061017990112305,-54.84373092651367,0.0,20.214828491210938
58.44,-18.62877082824707,-54.84373092651367,0.0,20.214828491210938
58.46,-15.601166725158691,-54.84373092651367,0.0,20.302719116210938
58.5,-8.339625358581543,-54.84373092651367,0.0,20.390609741210938
58.54,-0.15385745465755463,-54.84373092651367,0.0,20.47850227355957
58.56,8.052281379699707,-54.84373092651367,0.0,21.00584602355957
58.6,11.876606941223145,-54.84373092651367,0.0,21.181629180908203
58.64,18.437191009521484,-54.84373092651367,0.0,21.269519805908203
58.660000000000004,22.957759857177734,-54.84373092651367,0.0,21.269519805908203
58.7,22.957759857177734,-54.84373092651367,0.0,21.269519805908203
58.76,24.285064697265625,-54.84373092651367,0.0,21.269519805908203
58.78,20.672922134399414,-54.84373092651367,0.0,21.269519805908203
58.82,20.672922134399414,-54.84373092651367,0.0,21.181629180908203
58.86,18.040010452270508,-54.84373092651367,0.0,21.09373664855957
58.88,3.384335517883301,-54.84373092651367,0.0,20.917957305908203
58.92,-0.7968385815620422,-54.84373092651367,0.0,20.039047241210938
58.96,-8.977989196777344,-54.84373092651367,0.0,19.599592208862305
58.980000000000004,-16.16105842590332,-54.84373092651367,0.0,19.160139083862305
59.02,-16.16105842590332,-54.84373092651367,0.0,18.984357833862305
59.06,-23.359912872314453,-54.84373092651367,0.0,18.984357833862305
59.1,-24.9899959564209,-54.84373092651367,0.0,18.984357833862305
59.120000000000005,-24.9899959564209,-54.84373092651367,0.0,18.984357833862305
59.160000000000004,-22.222108840942383,-54.84373092651367,0.0,18.984357833862305
59.2,-17.197723388671875,-54.84373092651367,0.0,18.984357833862305
59.24,-10.243324279785156,-54.84373092651367,0.0,18.984357833862305
59.28,-10.243324279785156,-54.84373092651367,0.0,19.072246551513672
59.300000000000004,2.0668833255767822,-54.84373092651367,0.0,19.160139083862305
59.34,10.184164047241211,-54.84373092651367,0.0,19.599592208862305
59.38,17.15968894958496,-54.84373092651367,0.0,20.126937866210938
59.4,19.966032028198242,-54.84373092651367,0.0,20.47850227355957
59.44,23.818937301635742,-54.84373092651367,0.0,20.56639289855957
59.46,24.98971176147461,-54.84373092651367,0.0,20.56639289855957
59.5,24.5145320892334,-54.84373092651367,0.0,20.56639289855957
59.54,21.507944107055664,-54.84373092651367,0.0,20.56639289855957
59.56,21.507944107055664,-54.84373092651367,0.0,20.56639289855957
59.6,12.624502182006836,-54.84373092651367,0.0,20.56639289855957
59.620000000000005,4.758084774017334,-54.84373092651367,0.0,20.390609741210938
59.660000000000004,4.758084774017334,-54.84373092651367,0.0,20.390609741210938
59.7,-7.759116172790527,-54.84373092651367,0.0,19.863265991210938
59.74,-15.205181121826172,-54.84373092651367,0.0,19.511701583862305
59.76,-20.930313110351562,-54.84373092651367,0.0,19.248029708862305
59.800000000000004,-22.934057235717773,-54.84373092651367,0.0,19.160139083862305
59.82,-24.93734359741211,-54.84373092651367,0.0,19.160139083862305
59.86,-24.93734359741211,-54.84373092651367,0.0,19.160139083862305
59.9,-22.6472225189209,-54.84373092651367,0.0,19.160139083862305
59.94,-17.8385009765625,-54.84373092651367,0.0,19.160139083862305
59.96,-10.996879577636719,-54.84373092651367,0.0,19.160139083862305
