dt,yaw_cmd,yaw_pos,pitch_cmd,pitch_pos
0.32,0.0,-2.1093435287475586,-9.137480735778809,0.17576444149017334
0.32,0.0,-2.1093435287475586,-14.923172950744629,0.17576444149017334
0.32,0.0,-2.1093435287475586,-17.655542373657227,1.3183457851409912
0.32,0.0,-2.1093435287475586,-22.692014694213867,4.218717098236084
0.32,0.0,-2.1093435287475586,-27.02676773071289,8.613261222839355
0.32,0.0,-2.1093435287475586,-27.02676773071289,13.886686325073242
0.32,0.0,-2.1093435287475586,-28.886917114257812,23.11522674560547
0.34,0.0,-2.1093435287475586,-34.57168960571289,29.619125366210938
0.38,0.0,-2.1093435287475586,-34.57168960571289,40.3417854309082
0.42,0.0,-2.1972618103027344,-34.78822708129883,48.42770004272461
0.46,0.0,-2.1972618103027344,-33.557464599609375,58.886688232421875
0.48,0.0,-2.1972618103027344,-33.557464599609375,68.11520385742188
0.52,0.0,-2.1972618103027344,-29.736177444458008,77.95895385742188
0.56,0.0,-2.1972618103027344,-25.984498977661133,85.78121948242188
0.58,0.0,-2.1972618103027344,-25.984498977661133,94.57027435302734
0.62,0.0,-2.1972618103027344,-18.8404541015625,99.75582885742188
0.66,0.0,-2.1972618103027344,-13.284575462341309,106.5234146118164
0.68,0.0,-2.1972618103027344,-13.284575462341309,113.37887573242188
0.72,0.0,-2.1972618103027344,-4.199591159820557,118.74020385742188
0.76,0.0,-2.1972618103027344,2.075927972793579,122.95894622802734
0.78,0.0,-2.1972618103027344,2.075927972793579,125.9472427368164
0.8200000000000001,0.0,-2.1972618103027344,11.31437873840332,126.73824310302734
0.86,0.0,-2.1972618103027344,17.06585693359375,126.73824310302734
0.88,0.0,-2.1972618103027344,22.270658493041992,126.73824310302734
0.92,0.0,-2.1972618103027344,22.270658493041992,126.0351333618164
0.96,0.0,-2.285125494003296,24.613779067993164,122.60738372802734
0.98,0.0,-2.285125494003296,31.82454490661621,118.12496948242188
1.02,0.0,-2.285125494003296,31.82454490661621,110.03903198242188
1.06,0.0,-2.3730435371398926,34.56663131713867,103.09566497802734
1.1,0.0,-2.285125494003296,34.99000930786133,95.71286010742188
1.12,0.0,-2.285125494003296,34.99000930786133,84.72653198242188
1.16,0.0,-2.285125494003296,33.47360610961914,74.61911010742188
1.2,0.0,-2.285125494003296,31.071176528930664,64.24801635742188
1.22,0.0,-2.285125494003296,29.47747802734375,51.679656982421875
1.26,0.0,-2.285125494003296,25.568862915039062,38.67185974121094
1.3,0.0,-2.285125494003296,20.807241439819336,28.915996551513672
1.32,0.0,-2.285125494003296,20.807241439819336,17.57810401916504
1.36,0.0,-2.285125494003296,12.41223430633545,10.195296287536621
1.4000000000000001,0.0,-2.285125494003296,6.249491214752197,3.0761632919311523
1.42,0.0,-2.285125494003296,3.073871374130249,-3.603543519973755
1.46,0.0,-2.285125494003296,-3.3333444595336914,-8.525404930114746
1.5,0.0,-2.285125494003296,-9.635957717895508,-11.074240684509277
1.54,0.0,-2.285125494003296,-9.635957717895508,-11.425804138183594
1.56,0.0,-2.285125494003296,-12.681360244750977,-11.337912559509277
1.6,0.0,-2.285125494003296,-23.56568717956543,-10.371113777160645
1.6400000000000001,0.0,-2.285125494003296,-27.908313751220703,-7.2949323654174805
1.68,0.0,-2.285125494003296,-31.309268951416016,-2.6367435455322266
1.7,0.0,-2.285125494003296,-33.64970016479492,4.5702805519104
1.74,0.0,-2.285125494003296,-34.394683837890625,10.195296287536621
1.78,0.0,-2.285125494003296,-34.99997329711914,16.962865829467773
1.8,0.0,-2.285125494003296,-34.854087829589844,25.312471389770508
1.84,0.0,-2.285125494003296,-33.668949127197266,31.90428924560547
1.8800000000000001,0.0,-2.285125494003296,-31.32741928100586,41.48436737060547
1.9000000000000001,0.0,-2.285125494003296,-31.32741928100586,53.43746566772461
1.94,0.0,-2.285125494003296,-29.745431900024414,63.896453857421875
1.98,0.0,-2.285125494003296,-21.00879669189453,74.09175872802734
2.02,0.0,-2.285125494003296,-15.46090316772461,82.52926635742188
2.04,0.0,-2.285125494003296,-15.46090316772461,92.9003677368164
2.08,0.0,-2.285125494003296,-6.18765926361084,98.87692260742188
2.12,0.0,-2.285125494003296,0.31785088777542114,106.0839614868164
2.16,0.0,-2.285125494003296,6.819551944732666,114.25778198242188
2.18,0.0,-2.285125494003296,6.819551944732666,122.08003997802734
2.22,0.0,-2.285125494003296,16.069700241088867,127.61715698242188
2.2600000000000002,0.0,-2.285125494003296,21.58510398864746,131.04490661621094
2.3000000000000003,0.0,-2.285125494003296,26.34838104248047,133.06637573242188
2.32,0.0,-2.285125494003296,30.18927764892578,133.50582885742188
2.36,0.0,-2.285125494003296,31.71912384033203,133.59371948242188
2.4,0.0,-2.285125494003296,33.92781448364258,133.06637573242188
2.44,0.0,-2.285125494003296,34.937721252441406,131.22067260742188
2.46,0.0,-2.285125494003296,34.97897720336914,127.70504760742188
2.5,0.0,-2.285125494003296,34.12965774536133,123.22262573242188
2.54,0.0,-2.3730435371398926,34.12965774536133,115.83981323242188
2.56,0.0,-2.3730435371398926,30.59564971923828,107.92965698242188
2.6,0.0,-2.3730435371398926,26.84979248046875,99.66793823242188
2.62,0.0,-2.285125494003296,22.138525009155273,90.08786010742188
2.66,0.0,-2.3730435371398926,19.47145652770996,80.68356323242188
2.7,0.0,-2.285125494003296,13.632577896118164,71.19137573242188
2.74,0.0,-2.3730435371398926,7.296490669250488,60.732391357421875
2.7600000000000002,0.0,-2.3730435371398926,7.296490669250488,50.53708267211914
2.8000000000000003,0.0,-2.3730435371398926,4.012397289276123,42.36327362060547
2.84,0.0,-2.3730435371398926,-2.6401236057281494,37.17771530151367
2.86,0.0,-2.3730435371398926,-15.44183349609375,34.277313232421875
2.9,0.0,-2.3730435371398926,-15.44183349609375,33.837860107421875
2.94,0.0,-2.3730435371398926,-23.69179344177246,33.925750732421875
2.98,0.0,-2.3730435371398926,-28.158910751342773,33.925750732421875
3.0,0.0,-2.3730435371398926,-31.601348876953125,35.59567642211914
3.04,0.0,-2.3730435371398926,-32.89625930786133,39.46287536621094
3.08,0.0,-2.3730435371398926,-34.57168960571289,43.593719482421875
3.1,0.0,-2.3730435371398926,-34.57168960571289,52.11910629272461
3.14,0.0,-2.3730435371398926,-34.9357795715332,60.38082504272461
3.18,0.0,-2.285125494003296,-34.69734573364258,66.53317260742188
3.22,0.0,-2.285125494003296,-30.43227195739746,75.41012573242188
3.2600000000000002,0.0,-2.3730435371398926,-30.43227195739746,85.16598510742188
3.3000000000000003,0.0,-2.3730435371398926,-21.6882381439209,95.44918823242188
3.34,0.0,-2.3730435371398926,-21.6882381439209,103.62300872802734
3.36,0.0,-2.3730435371398926,-12.929020881652832,111.1816177368164
3.4,0.0,-2.3730435371398926,-6.431232929229736,118.12496948242188
3.42,0.0,-2.3730435371398926,0.31415504217147827,126.73824310302734
3.46,0.0,-2.3730435371398926,3.701070785522461,131.74801635742188
3.5,0.0,-2.3730435371398926,10.34438705444336,135.17575073242188
3.52,0.0,-2.3730435371398926,16.605741500854492,138.25192260742188
3.56,0.0,-2.3730435371398926,16.605741500854492,139.65817260742188
3.6,0.0,-2.3730435371398926,24.768329620361328,139.74606323242188
3.64,0.0,-2.3730435371398926,29.087312698364258,139.74606323242188
3.66,0.0,-2.3730435371398926,32.30849075317383,138.69137573242188
3.7,0.0,-2.3730435371398926,32.30849075317383,135.35153198242188
3.74,0.0,-2.3730435371398926,34.81890106201172,130.34176635742188
3.7800000000000002,0.0,-2.3730435371398926,34.84614181518555,123.83785247802734
3.8200000000000003,0.0,-2.3730435371398926,33.542728424072266,114.7851333618164
3.86,0.0,-2.3730435371398926,30.95425033569336,104.15036010742188
3.88,0.0,-2.3730435371398926,29.205991744995117,96.3281021118164
3.92,0.0,-2.3730435371398926,24.882963180541992,86.3085708618164
3.94,0.0,-2.3730435371398926,19.597959518432617,75.14645385742188
3.98,0.0,-2.3730435371398926,16.65614891052246,65.56637573242188
4.0,0.0,-2.3730435371398926,10.314371109008789,55.81051254272461
4.04,0.0,-2.3730435371398926,6.975362777709961,47.46091842651367
4.08,0.0,-2.3730435371398926,0.12196746468544006,40.0781135559082
4.1,0.0,-2.3730435371398926,-6.743406772613525,32.69530487060547
4.14,0.0,-2.285125494003296,-10.096945762634277,28.740217208862305
4.16,0.0,-2.3730435371398926,-16.48197364807129,27.070289611816406
4.2,0.0,-2.3730435371398926,-16.48197364807129,27.070289611816406
4.24,0.0,-2.3730435371398926,-19.450719833374023,27.070289611816406
4.26,0.0,-2.3730435371398926,-29.17336082458496,27.158180236816406
4.3,0.0,-2.3730435371398926,-30.94475746154785,28.124980926513672
4.34,0.0,-2.3730435371398926,-33.56218719482422,31.113271713256836
4.36,0.0,-2.3730435371398926,-34.861820220947266,37.17771530151367
4.4,0.0,-2.3730435371398926,-34.998046875,43.242156982421875
4.44,0.0,-2.3730435371398926,-34.233882904052734,50.53708267211914
4.48,0.0,-2.3730435371398926,-32.114803314208984,60.55660629272461
4.5,0.0,-2.3730435371398926,-32.114803314208984,69.52145385742188
4.54,0.0,-2.3730435371398926,-26.58418083190918,78.92574310302734
4.58,0.0,-2.285125494003296,-21.537065505981445,87.18746185302734
4.6000000000000005,0.0,-2.3730435371398926,-15.62647819519043,95.09762573242188
4.64,0.0,-2.3730435371398926,-15.62647819519043,101.6015396118164
4.68,0.0,-2.3730435371398926,-5.659477233886719,108.98433685302734
4.72,0.0,-2.285125494003296,1.3339297771453857,114.7851333618164
4.74,0.0,-2.3730435371398926,1.3339297771453857,121.4648208618164
4.78,0.0,-2.3730435371398926,11.649555206298828,125.77145385742188
4.82,0.0,-2.3730435371398926,18.006175994873047,128.14450073242188
4.84,0.0,-2.3730435371398926,23.642780303955078,128.93551635742188
4.88,0.0,-2.3730435371398926,26.11778450012207,128.93551635742188
4.92,0.0,-2.285125494003296,30.254058837890625,128.84762573242188
4.94,0.0,-2.3730435371398926,33.16737365722656,127.88082122802734
4.98,0.0,-2.3730435371398926,34.12514877319336,124.89254760742188
5.0200000000000005,0.0,-2.3730435371398926,34.9915771484375,120.32223510742188
5.04,0.0,-2.3730435371398926,34.43207931518555,112.76364135742188
5.08,0.0,-2.3730435371398926,34.43207931518555,103.53511810302734
5.12,0.0,-2.3730435371398926,30.97535514831543,96.5917739868164
5.16,0.0,-2.3730435371398926,27.057270050048828,86.48434448242188
5.18,0.0,-2.3730435371398926,22.023820877075195,75.67379760742188
5.22,0.0,-2.3730435371398926,19.15087890625,65.83004760742188
5.26,0.0,-2.285125494003296,12.838813781738281,55.28316879272461
5.3,0.0,-2.3730435371398926,5.990209579467773,44.296844482421875
5.32,0.0,-2.285125494003296,-1.1132296323776245,34.71677017211914
5.36,0.0,-2.3730435371398926,-4.668862342834473,29.531234741210938
5.4,0.0,-2.3730435371398926,-11.603363990783691,25.400362014770508
5.42,0.0,-2.3730435371398926,-18.062400817871094,24.257781982421875
5.46,0.0,-2.3730435371398926,-21.028005599975586,24.257781982421875
5.5,0.0,-2.3730435371398926,-26.2752628326416,24.257781982421875
5.5200000000000005,0.0,-2.3730435371398926,-30.429533004760742,24.697235107421875
5.5600000000000005,0.0,-2.3730435371398926,-32.03939437866211,26.10348892211914
5.6000000000000005,0.0,-2.3730435371398926,-34.23772430419922,29.091779708862305
5.62,0.0,-2.3730435371398926,-34.23772430419922,35.24411392211914
5.66,0.0,-2.3730435371398926,-34.802001953125,42.978485107421875
5.7,0.0,-2.3730435371398926,-33.386878967285156,50.624969482421875
5.74,0.0,-2.3730435371398926,-30.533973693847656,59.589813232421875
5.76,0.0,-2.3730435371398926,-30.533973693847656,67.58785247802734
5.8,0.0,-2.3730435371398926,-23.87820053100586,76.99215698242188
5.82,0.0,-2.3730435371398926,-18.125675201416016,84.19918060302734
5.86,0.0,-2.3730435371398926,-18.125675201416016,93.25191497802734
5.9,0.0,-2.3730435371398926,-8.125657081604004,97.99801635742188
5.92,0.0,-2.3730435371398926,-0.9562187790870667,103.18355560302734
5.96,0.0,-2.3730435371398926,2.665921211242676,108.72067260742188
6.0,0.0,-2.3730435371398926,9.791304588317871,112.76364135742188
6.0200000000000005,0.0,-2.3730435371398926,16.503978729248047,116.4550552368164
6.0600000000000005,0.0,-2.3730435371398926,16.503978729248047,117.86129760742188
6.1000000000000005,0.0,-2.3730435371398926,19.614032745361328,117.86129760742188
6.140000000000001,0.0,-2.3730435371398926,25.172969818115234,117.86129760742188
6.18,0.0,-2.3730435371398926,32.85600280761719,117.15816497802734
6.22,0.0,-2.3730435371398926,34.640865325927734,114.25778198242188
6.26,0.0,-2.3730435371398926,34.640865325927734,108.72067260742188
6.28,0.0,-2.3730435371398926,34.973289489746094,101.95308685302734
6.32,0.0,-2.3730435371398926,32.520362854003906,95.09762573242188
6.36,0.0,-2.3730435371398926,29.12425994873047,86.7480239868164
6.38,0.0,-2.3730435371398926,24.452983856201172,77.08004760742188
6.42,0.0,-2.3730435371398926,21.699838638305664,66.62106323242188
6.46,0.0,-2.3730435371398926,15.507308006286621,55.986297607421875
6.5,0.0,-2.3730435371398926,8.6280517578125,45.52731704711914
6.5200000000000005,0.0,-2.3730435371398926,8.6280517578125,35.06833267211914
6.5600000000000005,0.0,-2.3730435371398926,-2.3156938552856445,28.740217208862305
6.6000000000000005,0.0,-2.3730435371398926,-9.560428619384766,23.818328857421875
6.640000000000001,0.0,-2.3730435371398926,-16.38979148864746,20.56639289855957
6.66,0.0,-2.3730435371398926,-16.38979148864746,19.775375366210938
6.72,0.0,-2.3730435371398926,-19.552766799926758,19.863265991210938
6.74,0.0,-2.3730435371398926,-31.513032913208008,19.951156616210938
6.78,0.0,-2.3730435371398926,-32.94426345825195,21.445301055908203
6.82,0.0,-2.3730435371398926,-34.691741943359375,24.609344482421875
6.86,0.0,-2.3730435371398926,-34.89079666137695,28.828107833862305
6.9,0.0,-2.3730435371398926,-34.89079666137695,36.650367736816406
6.92,0.0,-2.3730435371398926,-34.4026985168457,45.26364517211914
6.96,0.0,-2.3730435371398926,-28.697265625,54.66793441772461
7.0,0.0,-2.3730435371398926,-23.8241024017334,62.66598129272461
7.04,0.0,-2.3730435371398926,-17.87209129333496,72.50972747802734
7.0600000000000005,0.0,-2.3730435371398926,-17.87209129333496,81.8261489868164
7.1000000000000005,0.0,-2.3730435371398926,-7.513229846954346,89.20894622802734
7.140000000000001,0.0,-2.3730435371398926,-0.10625959187746048,94.65817260742188
7.18,0.0,-2.3730435371398926,7.312756061553955,98.61324310302734
7.2,0.0,-2.3730435371398926,7.312756061553955,103.09566497802734
7.24,0.0,-2.3730435371398926,17.72888946533203,105.46871948242188
7.28,0.0,-2.3730435371398926,23.734607696533203,106.43551635742188
7.32,0.0,-2.3730435371398926,28.6612491607666,106.5234146118164
7.36,0.0,-2.3730435371398926,28.6612491607666,106.5234146118164
7.38,0.0,-2.3730435371398926,30.64621925354004,106.43551635742188
7.42,0.0,-2.3730435371398926,34.90229415893555,104.23825073242188
7.46,0.0,-2.3730435371398926,34.65627670288086,100.7226333618164
7.48,0.0,-2.3730435371398926,32.81184387207031,94.39450073242188
7.5200000000000005,0.0,-2.3730435371398926,31.312572479248047,87.45114135742188
7.5600000000000005,0.0,-2.3730435371398926,27.243860244750977,79.54097747802734
7.6000000000000005,0.0,-2.3730435371398926,21.908721923828125,68.02731323242188
7.62,0.0,-2.3730435371398926,21.908721923828125,55.195281982421875
7.66,0.0,-2.3730435371398926,12.078981399536133,45.878883361816406
7.7,0.0,-2.3730435371398926,4.748519420623779,36.826148986816406
7.74,0.0,-2.3730435371398926,-2.810544013977051,29.091779708862305
7.76,0.0,-2.3730435371398926,-2.810544013977051,23.11522674560547
7.8,0.0,-2.3730435371398926,-13.80683708190918,20.47850227355957
7.84,0.0,-2.3730435371398926,-20.40768051147461,19.775375366210938
7.86,0.0,-2.3730435371398926,-26.056182861328125,19.775375366210938
7.9,0.0,-2.3730435371398926,-28.437294006347656,19.863265991210938
7.94,0.0,-2.3730435371398926,-32.17074966430664,20.390609741210938
7.96,0.0,-2.3730435371398926,-32.17074966430664,23.554655075073242
8.0,0.0,-2.3730435371398926,-34.893192291259766,27.24607276916504
8.040000000000001,0.0,-2.3730435371398926,-34.65795135498047,31.376941680908203
8.06,0.0,-2.3730435371398926,-32.77859878540039,39.9902229309082
8.1,0.0,-2.3730435371398926,-31.245824813842773,47.02146530151367
8.14,0.0,-2.3730435371398926,-27.082456588745117,56.95309066772461
8.18,0.0,-2.3730435371398926,-21.624359130859375,65.47848510742188
8.2,0.0,-2.3730435371398926,-21.624359130859375,76.46481323242188
8.24,0.0,-2.3730435371398926,-11.585927963256836,83.75972747802734
8.28,0.0,-2.3730435371398926,-4.122525691986084,91.49411010742188
8.32,0.0,-2.3730435371398926,3.5457544326782227,96.2402114868164
8.34,0.0,-2.3730435371398926,3.5457544326782227,100.45895385742188
8.38,0.0,-2.3730435371398926,14.628332138061523,104.23825073242188
8.42,0.0,-2.3730435371398926,21.216617584228516,106.34762573242188
8.44,0.0,-2.3730435371398926,24.147090911865234,107.31441497802734
8.48,0.0,-2.3730435371398926,29.10169219970703,107.31441497802734
8.52,0.0,-2.3730435371398926,32.65119171142578,107.22654724121094
8.540000000000001,0.0,-2.3730435371398926,33.84104537963867,107.22654724121094
8.58,0.0,-2.3730435371398926,34.97585678100586,106.0839614868164
8.620000000000001,0.0,-2.3730435371398926,34.40930938720703,102.21676635742188
8.64,0.0,-2.3730435371398926,34.40930938720703,96.7675552368164
8.68,0.0,-2.3730435371398926,30.441852569580078,88.76949310302734
8.72,0.0,-2.3730435371398926,25.900142669677734,81.56246948242188
8.74,0.0,-2.3730435371398926,25.900142669677734,70.48824310302734
8.78,0.0,-2.3730435371398926,23.135517120361328,58.79879379272461
8.82,0.0,-2.3730435371398926,16.786026000976562,49.042938232421875
8.84,0.0,-2.3730435371398926,1.945859670639038,39.37498474121094
8.88,0.0,-2.3730435371398926,-1.9467822313308716,31.201162338256836
8.92,0.0,-2.3730435371398926,-9.617301940917969,24.257781982421875
8.94,0.0,-2.3730435371398926,-16.819257736206055,18.808574676513672
8.98,0.0,-2.3730435371398926,-20.1312313079834,16.08395767211914
9.02,0.0,-2.3730435371398926,-25.97025489807129,14.765595436096191
9.06,0.0,-2.3730435371398926,-30.524032592773438,14.765595436096191
9.08,0.0,-2.3730435371398926,-30.524032592773438,15.117158889770508
9.120000000000001,0.0,-2.3730435371398926,-34.46104431152344,16.523412704467773
9.16,0.0,-2.3730435371398926,-34.959251403808594,19.599592208862305
9.18,0.0,-2.3730435371398926,-34.959251403808594,24.345672607421875
9.22,0.0,-2.3730435371398926,-32.442928314208984,28.652326583862305
9.26,0.0,-2.3730435371398926,-28.705198287963867,35.06833267211914
9.28,0.0,-2.3730435371398926,-23.5212459564209,43.33004379272461
9.32,0.0,-2.3730435371398926,-20.464691162109375,51.855438232421875
9.36,0.0,-2.3730435371398926,-13.613001823425293,61.25973129272461
9.4,0.0,-2.3730435371398926,-6.067575454711914,68.37887573242188
9.42,0.0,-2.3730435371398926,-2.152479887008667,76.28903198242188
9.46,0.0,-2.3730435371398926,5.715091705322266,81.38668823242188
9.48,0.0,-2.3730435371398926,5.715091705322266,87.27536010742188
9.52,0.0,-2.3730435371398926,16.86461639404297,90.35153198242188
9.56,0.0,-2.3730435371398926,23.310415267944336,91.14254760742188
9.58,0.0,-2.3730435371398926,23.310415267944336,91.14254760742188
9.620000000000001,0.0,-2.3730435371398926,30.674739837646484,91.14254760742188
9.66,0.0,-2.3730435371398926,33.67726516723633,91.14254760742188
9.700000000000001,0.0,-2.3730435371398926,34.958038330078125,89.73629760742188
9.72,0.0,-2.3730435371398926,34.958038330078125,85.16598510742188
9.76,0.0,-2.3730435371398926,33.52180862426758,79.18942260742188
9.8,0.0,-2.3730435371398926,30.39065170288086,72.24606323242188
9.82,0.0,-2.3730435371398926,30.39065170288086,63.193328857421875
9.86,0.0,-2.3730435371398926,22.823287963867188,52.910125732421875
9.9,0.0,-2.3730435371398926,16.238557815551758,42.53905487060547
9.92,0.0,-2.3730435371398926,8.807026863098145,31.992177963256836
9.96,0.0,-2.3730435371398926,4.892204284667969,23.906217575073242
10.0,0.0,-2.3730435371398926,-3.082155227661133,17.490211486816406
10.02,0.0,-2.3730435371398926,-3.082155227661133,11.689441680908203
10.06,0.0,-2.3730435371398926,-14.628332138061523,7.470679759979248
10.1,0.0,-2.3730435371398926,-21.462696075439453,4.833953380584717
10.14,0.0,-2.3730435371398926,-27.181684494018555,4.306607723236084
10.16,0.0,-2.3730435371398926,-27.181684494018555,4.482389450073242
10.200000000000001,0.0,-2.3730435371398926,-33.02675247192383,5.185516834259033
10.22,0.0,-2.3730435371398926,-34.79716491699219,8.173807144165039
10.26,0.0,-2.3730435371398926,-34.99909210205078,11.777332305908203
10.3,0.0,-2.3730435371398926,-34.019962310791016,17.402320861816406
10.34,0.0,-2.3730435371398926,-31.245824813842773,24.082000732421875
10.36,0.0,-2.3730435371398926,-31.245824813842773,30.410144805908203
10.4,0.0,-2.3730435371398926,-24.05328369140625,39.19920349121094
10.42,0.0,-2.3730435371398926,-17.601261138916016,46.75779342651367
10.46,0.0,-2.3730435371398926,-13.9993257522583,56.162078857421875
10.5,0.0,-2.3730435371398926,-6.281308650970459,63.54488754272461
10.52,0.0,-2.3730435371398926,1.7779302597045898,71.10348510742188
10.56,0.0,-2.3730435371398926,5.801675319671631,77.69527435302734
10.6,0.0,-2.3730435371398926,13.568723678588867,82.1777114868164
10.64,0.0,-2.3730435371398926,13.568723678588867,86.57223510742188
10.66,0.0,-2.3730435371398926,17.207653045654297,87.89059448242188
10.700000000000001,0.0,-2.3730435371398926,23.75157928466797,87.89059448242188
10.74,0.0,-2.3730435371398926,23.75157928466797,87.71481323242188
10.78,0.0,-2.3730435371398926,34.71384811401367,86.7480239868164
10.82,0.0,-2.3730435371398926,34.808040618896484,83.75972747802734
10.84,0.0,-2.3730435371398926,34.808040618896484,77.51950073242188
10.88,0.0,-2.3730435371398926,31.45004653930664,70.75192260742188
10.92,0.0,-2.3730435371398926,27.047889709472656,62.753875732421875
10.96,0.0,-2.3730435371398926,21.174705505371094,51.855438232421875
10.98,0.0,-2.3730435371398926,14.145687103271484,40.0781135559082
11.02,0.0,-2.3730435371398926,10.314371109008789,31.289051055908203
11.06,0.0,-2.3730435371398926,2.2778913974761963,23.466764450073242
11.08,0.0,-2.3730435371398926,-5.890044212341309,16.25973892211914
11.120000000000001,0.0,-2.3730435371398926,-9.883526802062988,11.513660430908203
11.16,0.0,-2.3730435371398926,-17.4156436920166,8.173807144165039
11.18,0.0,-2.3730435371398926,-20.850311279296875,6.152316093444824
11.22,0.0,-2.3730435371398926,-26.819538116455078,5.888643741607666
11.26,0.0,-2.3730435371398926,-31.31958770751953,6.152316093444824
11.28,0.0,-2.3730435371398926,-31.31958770751953,7.6464619636535645
11.32,0.0,-2.3730435371398926,-34.78954315185547,10.898423194885254
11.36,0.0,-2.3730435371398926,-34.723087310791016,15.117158889770508
11.38,0.0,-2.3730435371398926,-34.723087310791016,21.796863555908203
11.42,0.0,-2.3730435371398926,-31.050308227539062,26.542945861816406
11.46,0.0,-2.3730435371398926,-26.410322189331055,32.60741424560547
11.5,0.0,-2.3730435371398926,-26.410322189331055,42.978485107421875
11.52,0.0,-2.3730435371398926,-13.051714897155762,54.66793441772461
11.56,0.0,-2.3730435371398926,-9.125885009765625,62.753875732421875
11.6,0.0,-2.3730435371398926,-0.9423639178276062,69.96090698242188
11.64,0.0,-2.3730435371398926,7.301008701324463,79.10152435302734
11.66,0.0,-2.3730435371398926,7.301008701324463,86.3964614868164
11.700000000000001,0.0,-2.3730435371398926,11.300387382507324,91.58200073242188
11.74,0.0,-2.3730435371398926,25.19863510131836,93.86715698242188
11.76,0.0,-2.3730435371398926,30.211692810058594,94.92184448242188
11.8,0.0,-2.3730435371398926,30.211692810058594,94.92184448242188
11.84,0.0,-2.3730435371398926,34.482791900634766,95.00972747802734
11.88,0.0,-2.3730435371398926,34.923309326171875,94.92184448242188
11.9,0.0,-2.3730435371398926,33.38715362548828,94.92184448242188
11.94,0.0,-2.3730435371398926,31.89911460876465,93.07614135742188
11.98,0.0,-2.3730435371398926,27.585620880126953,88.94528198242188
12.0,0.0,-2.3730435371398926,21.699838638305664,82.35348510742188
12.040000000000001,0.0,-2.3730435371398926,21.699838638305664,73.74020385742188
12.08,0.0,-2.3730435371398926,10.667855262756348,65.03903198242188
12.120000000000001,0.0,-2.3730435371398926,2.452127695083618,55.10738754272461
12.14,0.0,-2.3730435371398926,-5.91099214553833,46.933570861816406
12.18,0.0,-2.3730435371398926,-9.997814178466797,40.6933479309082
12.22,0.0,-2.3730435371398926,-17.688241958618164,36.123023986816406
12.24,0.0,-2.3730435371398926,-17.688241958618164,34.277313232421875
12.280000000000001,0.0,-2.3730435371398926,-27.206697463989258,34.189422607421875
12.32,0.0,-2.3730435371398926,-31.670520782470703,34.277313232421875
12.34,0.0,-2.3730435371398926,-34.31034469604492,35.33200454711914
12.38,0.0,-2.3730435371398926,-34.89268493652344,38.67185974121094
12.42,0.0,-2.3730435371398926,-34.53685760498047,42.89059066772461
12.44,0.0,-2.3730435371398926,-32.178749084472656,49.92184066772461
12.48,0.0,-2.3730435371398926,-30.285602569580078,57.480438232421875
12.52,0.0,-2.3730435371398926,-25.2056884765625,63.457000732421875
12.56,0.0,-2.3730435371398926,-18.65397071838379,72.50972747802734
12.58,0.0,-2.3730435371398926,-11.00874137878418,81.03512573242188
12.620000000000001,0.0,-2.3730435371398926,-6.912874221801758,87.80270385742188
12.66,0.0,-2.3730435371398926,1.5268837213516235,92.98825073242188
12.68,0.0,-2.3730435371398926,9.88441276550293,95.97653198242188
12.72,0.0,-2.3730435371398926,13.878125190734863,97.47066497802734
12.76,0.0,-2.3730435371398926,21.201181411743164,97.64645385742188
12.780000000000001,0.0,-2.3730435371398926,27.283260345458984,97.64645385742188
12.82,0.0,-2.3730435371398926,29.742509841918945,97.64645385742188
12.86,0.0,-2.3730435371398926,33.31343078613281,97.64645385742188
12.88,0.0,-2.3730435371398926,34.37101745605469,97.55856323242188
12.92,0.0,-2.3730435371398926,34.94905471801758,94.92184448242188
12.96,0.0,-2.3730435371398926,33.45737075805664,89.82418823242188
12.98,0.0,-2.3730435371398926,31.956653594970703,83.84761810302734
13.02,0.0,-2.3730435371398926,27.55374526977539,76.37692260742188
13.06,0.0,-2.3730435371398926,21.50792121887207,66.00582885742188
13.1,0.0,-2.3730435371398926,21.50792121887207,52.20699691772461
13.14,0.0,-2.3730435371398926,5.990209579467773,41.3964729309082
13.16,0.0,-2.3730435371398926,5.990209579467773,32.34374237060547
13.200000000000001,0.0,-2.3730435371398926,-6.812301158905029,27.070289611816406
13.24,0.0,-2.3730435371398926,-14.952420234680176,23.554655075073242
13.280000000000001,0.0,-2.3730435371398926,-22.20144271850586,22.412099838256836
13.3,0.0,-2.3730435371398926,-22.20144271850586,22.412099838256836
13.34,0.0,-2.3730435371398926,-30.465988159179688,22.412099838256836
13.38,0.0,-2.3730435371398926,-33.74679946899414,22.58788299560547
13.42,0.0,-2.3730435371398926,-33.74679946899414,25.48825454711914
13.44,0.0,-2.3730435371398926,-34.82030487060547,28.652326583862305
13.48,0.0,-2.3730435371398926,-32.90004348754883,33.837860107421875
13.5,0.0,-2.3730435371398926,-28.982053756713867,41.8359260559082
13.540000000000001,0.0,-2.3730435371398926,-26.342296600341797,49.482391357421875
13.58,0.0,-2.3730435371398926,-19.89928436279297,58.623016357421875
13.6,0.0,-2.3730435371398926,-12.238408088684082,66.35739135742188
13.64,0.0,-2.3730435371398926,-12.238408088684082,75.76168823242188
13.68,0.0,-2.3730435371398926,-8.094197273254395,81.73825073242188
13.700000000000001,0.0,-2.3730435371398926,9.083059310913086,87.53902435302734
13.74,0.0,-2.3730435371398926,13.197332382202148,91.58200073242188
13.780000000000001,0.0,-2.3730435371398926,20.76114845275879,93.51559448242188
13.8,0.0,-2.3730435371398926,27.055511474609375,94.30661010742188
13.84,0.0,-2.3730435371398926,29.60088539123535,94.30661010742188
13.88,0.0,-2.3730435371398926,33.28926086425781,94.30661010742188
13.9,0.0,-2.3730435371398926,34.37397766113281,94.30661010742188
13.94,0.0,-2.3730435371398926,34.93744659423828,94.21871948242188
13.96,0.0,-2.3730435371398926,33.3399658203125,90.61520385742188
14.0,0.0,-2.3730435371398926,31.75496482849121,85.69332885742188
14.040000000000001,0.0,-2.3730435371398926,27.132139205932617,79.45309448242188
14.08,0.0,-2.3730435371398926,27.132139205932617,69.08200073242188
14.1,0.0,-2.3730435371398926,24.165143966674805,58.18355941772461
14.14,0.0,-2.3730435371398926,9.05717945098877,48.42770004272461
14.18,0.0,-2.3730435371398926,0.3945387303829193,38.58396911621094
14.22,0.0,-2.3730435371398926,-8.299907684326172,28.564434051513672
14.24,0.0,-2.3730435371398926,-8.299907684326172,20.214828491210938
14.280000000000001,0.0,-2.3730435371398926,-20.218061447143555,15.468722343444824
14.32,0.0,-2.3730435371398926,-26.685487747192383,12.216787338256836
14.34,0.0,-2.3730435371398926,-29.31398582458496,10.283187866210938
14.38,0.0,-2.3730435371398926,-33.15110778808594,10.107406616210938
14.4,0.0,-2.3730435371398926,-34.90229415893555,10.371078491210938
14.44,0.0,-2.3730435371398926,-34.90229415893555,11.337878227233887
14.48,0.0,-2.3730435371398926,-33.402645111083984,14.414031982421875
14.5,0.0,-2.3730435371398926,-29.736177444458008,18.36911964416504
14.540000000000001,0.0,-2.3730435371398926,-29.736177444458008,23.906217575073242
14.58,0.0,-2.3730435371398926,-20.801298141479492,28.388652801513672
14.620000000000001,0.0,-2.3730435371398926,-13.099711418151855,34.98044204711914
14.66,0.0,-2.3730435371398926,-13.099711418151855,44.296844482421875
14.68,0.0,-2.3730435371398926,-8.900891304016113,53.701141357421875
14.72,0.0,-2.3730435371398926,8.63611125946045,60.02926254272461
14.76,0.0,-2.3730435371398926,16.867855072021484,64.59957122802734
14.8,0.0,-2.3730435371398926,16.867855072021484,69.52145385742188
14.82,0.0,-2.3730435371398926,20.612083435058594,72.77340698242188
14.86,0.0,-2.3730435371398926,31.76777458190918,73.38864135742188
14.9,0.0,-2.3730435371398926,34.441654205322266,73.21286010742188
14.92,0.0,-2.3730435371398926,34.899932861328125,72.68551635742188
14.96,0.0,-2.3730435371398926,34.899932861328125,68.99411010742188
15.0,0.0,-2.3730435371398926,31.396333694458008,63.896453857421875
15.02,0.0,-2.3730435371398926,26.47871971130371,57.56832504272461
15.06,0.0,-2.3730435371398926,23.35105323791504,50.449188232421875
15.1,0.0,-2.3730435371398926,16.008928298950195,41.92382049560547
15.120000000000001,0.0,-2.3730435371398926,7.621486663818359,32.43163299560547
15.16,0.0,-2.3730435371398926,3.203630208969116,26.10348892211914
15.200000000000001,0.0,-2.3730435371398926,-5.721473217010498,21.533193588256836
15.22,0.0,-2.3730435371398926,-5.721473217010498,18.281230926513672
15.26,0.0,-2.3730435371398926,-18.2464656829834,17.490211486816406
15.3,0.0,-2.3730435371398926,-25.224271774291992,17.490211486816406
15.34,0.0,-2.3730435371398926,-30.556529998779297,17.57810401916504
15.36,0.0,-2.3730435371398926,-30.556529998779297,19.072246551513672
15.4,0.0,-2.3730435371398926,-34.730918884277344,22.060537338256836
15.44,0.0,-2.3730435371398926,-34.69063949584961,25.48825454711914
15.48,0.0,-2.3730435371398926,-32.36646270751953,31.025379180908203
15.5,0.0,-2.3730435371398926,-30.38835906982422,38.58396911621094
15.540000000000001,0.0,-2.3730435371398926,-24.960166931152344,45.878883361816406
15.56,0.0,-2.3730435371398926,-17.877653121948242,55.371063232421875
15.6,0.0,-2.3730435371398926,-13.85776424407959,62.84176254272461
15.64,0.0,-2.3730435371398926,-5.192113399505615,69.52145385742188
15.68,0.0,-2.3730435371398926,3.825087308883667,78.13473510742188
15.700000000000001,0.0,-2.3730435371398926,3.825087308883667,84.11128997802734
15.74,0.0,-2.3730435371398926,16.703264236450195,88.06637573242188
15.780000000000001,0.0,-2.3730435371398926,24.021717071533203,89.82418823242188
15.82,0.0,-2.3730435371398926,29.742509841918945,89.91207885742188
15.84,0.0,-2.3730435371398926,33.479270935058594,89.91207885742188
15.88,0.0,-2.3730435371398926,34.51824951171875,89.82418823242188
15.92,0.0,-2.3730435371398926,34.846920013427734,88.15426635742188
15.96,0.0,-2.3730435371398926,32.8365364074707,83.84761810302734
15.98,0.0,-2.3730435371398926,32.8365364074707,76.8163833618164
16.02,0.0,-2.3730435371398926,25.75985336303711,68.90621948242188
16.06,0.0,-2.3730435371398926,18.790590286254883,62.050750732421875
16.080000000000002,0.0,-2.3730435371398926,18.790590286254883,50.185516357421875
16.12,0.0,-2.3730435371398926,6.118528842926025,40.86913299560547
16.16,0.0,-2.3730435371398926,-2.9790561199188232,33.22262191772461
16.18,0.0,-2.3730435371398926,-11.881904602050781,26.455053329467773
16.22,0.0,-2.3730435371398926,-16.069700241088867,22.499990463256836
16.26,0.0,-2.3730435371398926,-23.56090545654297,21.00584602355957
16.28,0.0,-2.3730435371398926,-29.454540252685547,20.830066680908203
16.32,0.0,-2.3730435371398926,-31.670520782470703,20.917957305908203
16.36,0.0,-2.3730435371398926,-34.448699951171875,21.09373664855957
16.38,0.0,-2.3730435371398926,-34.875179290771484,23.20311737060547
16.42,0.0,-2.3730435371398926,-34.18922805786133,26.01559829711914
16.46,0.0,-2.3730435371398926,-31.07415199279785,29.794906616210938
16.5,0.0,-2.3730435371398926,-25.824811935424805,37.17771530151367
16.52,0.0,-2.3730435371398926,-25.824811935424805,45.175758361816406
16.56,0.0,-2.3730435371398926,-14.76167106628418,54.84371566772461
16.6,0.0,-2.3730435371398926,-5.9947614669799805,61.69919204711914
16.62,0.0,-2.3730435371398926,3.1925885677337646,68.11520385742188
16.66,0.0,-2.3730435371398926,7.745887756347656,74.35543060302734
16.7,0.0,-2.3730435371398926,16.377544403076172,78.83785247802734
16.740000000000002,0.0,-2.3730435371398926,23.88157844543457,81.56246948242188
16.76,0.0,-2.3730435371398926,23.88157844543457,82.2656021118164
16.8,0.0,-2.3730435371398926,27.04319953918457,82.1777114868164
16.84,0.0,-2.3730435371398926,31.908613204956055,81.8261489868164
16.86,0.0,-2.3730435371398926,34.80425262451172,79.27730560302734
16.9,0.0,-2.3730435371398926,34.01125717163086,75.23433685302734
16.94,0.0,-2.3730435371398926,30.65959930419922,69.69723510742188
16.96,0.0,-2.3730435371398926,25.16141128540039,61.962860107421875
17.0,0.0,-2.3730435371398926,21.720857620239258,53.525360107421875
17.04,0.0,-2.3730435371398926,13.755876541137695,45.175758361816406
17.080000000000002,0.0,-2.3730435371398926,4.818999290466309,34.189422607421875
17.1,0.0,-2.3730435371398926,4.818999290466309,26.630836486816406
17.14,0.0,-2.3730435371398926,-9.030400276184082,22.060537338256836
17.18,0.0,-2.3730435371398926,-17.611642837524414,19.423810958862305
17.2,0.0,-2.3730435371398926,-17.611642837524414,18.896465301513672
17.240000000000002,0.0,-2.3730435371398926,-27.997282028198242,18.984357833862305
17.28,0.0,-2.3730435371398926,-32.544898986816406,19.072246551513672
17.3,0.0,-2.3730435371398926,-32.544898986816406,20.390609741210938
17.34,0.0,-2.3730435371398926,-34.99000930786133,23.2910099029541
17.38,0.0,-2.3730435371398926,-33.52579116821289,26.718727111816406
17.42,0.0,-2.3730435371398926,-29.675098419189453,32.08007049560547
17.44,0.0,-2.3730435371398926,-29.675098419189453,40.6933479309082
17.48,0.0,-2.3730435371398926,-20.054819107055664,48.339813232421875
17.52,0.0,-2.3730435371398926,-11.7392578125,57.65621566772461
17.54,0.0,-2.3730435371398926,-2.5774667263031006,65.03903198242188
17.580000000000002,0.0,-2.3730435371398926,2.1174333095550537,71.63082885742188
17.62,0.0,-2.3730435371398926,11.31437873840332,77.60739135742188
17.64,0.0,-2.3730435371398926,19.705766677856445,82.00192260742188
17.68,0.0,-2.3730435371398926,19.705766677856445,84.72653198242188
17.72,0.0,-2.3730435371398926,29.48395347595215,85.25387573242188
17.76,0.0,-2.3730435371398926,33.43996047973633,85.16598510742188
17.8,0.0,-2.3730435371398926,34.98414993286133,84.90231323242188
17.82,0.0,-2.3730435371398926,34.808040618896484,82.52926635742188
17.86,0.0,-2.3730435371398926,32.57168197631836,78.74996948242188
17.900000000000002,0.0,-2.3730435371398926,27.97231101989746,72.50972747802734
17.92,0.0,-2.3730435371398926,24.882963180541992,66.26950073242188
17.96,0.0,-2.3730435371398926,17.40281867980957,57.831993103027344
18.0,0.0,-2.3730435371398926,8.650437355041504,47.724578857421875
18.02,0.0,-2.3730435371398926,3.9931209087371826,39.11131286621094
18.06,0.0,-2.3730435371398926,-5.459691047668457,32.43163299560547
18.1,0.0,-2.3730435371398926,-14.52080249786377,27.42185401916504
18.12,0.0,-2.3730435371398926,-14.52080249786377,24.960908889770508
18.16,0.0,-2.3730435371398926,-25.944843292236328,24.873018264770508
18.2,0.0,-2.3730435371398926,-31.297697067260742,24.960908889770508
18.240000000000002,0.0,-2.3730435371398926,-34.3555793762207,25.048799514770508
18.26,0.0,-2.3730435371398926,-34.3555793762207,26.10348892211914
18.3,0.0,-2.3730435371398926,-34.9448356628418,29.70701789855957
18.34,0.0,-2.3730435371398926,-30.90581703186035,34.45309829711914
18.38,0.0,-2.3730435371398926,-25.34056282043457,41.8359260559082
18.400000000000002,0.0,-2.3730435371398926,-25.34056282043457,50.185516357421875
18.44,0.0,-2.3730435371398926,-13.636832237243652,59.501922607421875
18.48,0.0,-2.3730435371398926,-4.434328079223633,65.12691497802734
18.52,0.0,-2.3730435371398926,-4.434328079223633,73.74020385742188
18.54,0.0,-2.3730435371398926,0.33725398778915405,79.54097747802734
18.580000000000002,0.0,-2.3730435371398926,18.498130798339844,83.14450073242188
18.62,0.0,-2.3730435371398926,25.846006393432617,85.07808685302734
18.64,0.0,-2.3730435371398926,31.269935607910156,85.34176635742188
18.68,0.0,-2.3730435371398926,33.12583541870117,85.16598510742188
18.72,0.0,-2.3730435371398926,34.948455810546875,84.99020385742188
18.740000000000002,0.0,-2.3730435371398926,34.1534538269043,81.73825073242188
18.78,0.0,-2.3730435371398926,32.78345489501953,77.87106323242188
18.82,0.0,-2.3730435371398926,28.223527908325195,71.80661010742188
18.84,0.0,-2.3730435371398926,28.223527908325195,64.07223510742188
18.88,0.0,-2.3730435371398926,17.546924591064453,54.316375732421875
18.92,0.0,-2.3730435371398926,8.646855354309082,46.318336486816406
18.94,0.0,-2.3730435371398926,8.646855354309082,35.859352111816406
18.98,0.0,-2.3730435371398926,-5.715091705322266,29.179670333862305
19.02,0.0,-2.3730435371398926,-14.909799575805664,24.257781982421875
19.06,0.0,-2.3730435371398926,-22.981199264526367,21.09373664855957
19.080000000000002,0.0,-2.3730435371398926,-22.981199264526367,20.214828491210938
19.12,0.0,-2.3730435371398926,-31.670520782470703,20.214828491210938
19.16,0.0,-2.3730435371398926,-34.53641128540039,20.302719116210938
19.2,0.0,-2.3730435371398926,-34.77262496948242,21.445301055908203
19.22,0.0,-2.3730435371398926,-32.35519790649414,24.785127639770508
19.26,0.0,-2.3730435371398926,-30.19955825805664,28.21286964416504
19.3,0.0,-2.3730435371398926,-24.197208404541016,33.13473129272461
19.32,0.0,-2.3730435371398926,-24.197208404541016,41.30858612060547
19.36,0.0,-2.3730435371398926,-11.892333984375,49.13082504272461
19.400000000000002,0.0,-2.3730435371398926,-2.400508403778076,57.12887191772461
19.44,0.0,-2.3730435371398926,7.282934665679932,63.808563232421875
19.46,0.0,-2.3730435371398926,7.282934665679932,69.96090698242188
19.5,0.0,-2.3730435371398926,11.96269702911377,74.97067260742188
19.54,0.0,-2.3730435371398926,27.550325393676758,76.8163833618164
19.580000000000002,0.0,-2.3730435371398926,32.42973709106445,77.08004760742188
19.6,0.0,-2.3730435371398926,32.42973709106445,76.8163833618164
19.64,0.0,-2.3730435371398926,34.98063659667969,75.67379760742188
19.68,0.0,-2.3730435371398926,33.301795959472656,71.89450073242188
19.7,0.0,-2.3730435371398926,29.033756256103516,66.35739135742188
19.740000000000002,0.0,-2.3730435371398926,26.023460388183594,59.589813232421875
19.78,0.0,-2.3730435371398926,18.540470123291016,52.11910629272461
19.82,0.0,-2.3730435371398926,9.605751991271973,42.09960174560547
19.84,0.0,-2.3730435371398926,9.605751991271973,33.486297607421875
19.88,0.0,-2.3730435371398926,4.808016777038574,28.21286964416504
19.900000000000002,0.0,-2.3730435371398926,-14.385315895080566,24.257781982421875
19.94,0.0,-2.3730435371398926,-14.385315895080566,22.499990463256836
19.98,0.0,-2.3730435371398926,-26.182270050048828,22.499990463256836
20.0,0.0,-2.3730435371398926,-31.601348876953125,22.499990463256836
20.04,0.0,-2.3730435371398926,-33.39933395385742,22.67577362060547
20.080000000000002,0.0,-2.3730435371398926,-34.99155807495117,23.994108200073242
20.12,0.0,-2.3730435371398926,-33.8247184753418,27.509742736816406
20.14,0.0,-2.3730435371398926,-33.8247184753418,32.958980560302734
20.18,0.0,-2.3730435371398926,-27.147891998291016,40.4296760559082
20.22,0.0,-2.3730435371398926,-19.917524337768555,47.28513717651367
20.240000000000002,0.0,-2.3730435371398926,-11.102547645568848,57.040985107421875
20.28,0.0,-2.3730435371398926,-6.314938545227051,63.28121566772461
20.32,0.0,-2.3730435371398926,3.5457544326782227,68.99411010742188
20.34,0.0,-2.3730435371398926,13.13140869140625,75.93746948242188
20.38,0.0,-2.3730435371398926,17.579692840576172,79.36520385742188
20.42,0.0,-2.3730435371398926,25.34183692932129,81.21090698242188
20.44,0.0,-2.3730435371398926,31.085201263427734,81.56246948242188
20.48,0.0,-2.3730435371398926,33.0474967956543,81.47457885742188
20.52,0.0,-2.3730435371398926,34.953346252441406,80.85934448242188
20.54,0.0,-2.3730435371398926,34.058021545410156,77.87106323242188
20.580000000000002,0.0,-2.3730435371398926,32.57168197631836,73.03707885742188
20.62,0.0,-2.3730435371398926,27.667314529418945,67.06051635742188
20.64,0.0,-2.3730435371398926,20.53284454345703,58.447235107421875
20.68,0.0,-2.3730435371398926,16.301549911499023,50.449188232421875
20.7,0.0,-2.3730435371398926,6.935517311096191,42.01171112060547
20.740000000000002,0.0,-2.3730435371398926,1.9901413917541504,34.277313232421875
20.78,0.0,-2.3730435371398926,-7.925995826721191,28.652326583862305
20.8,0.0,-2.3730435371398926,-17.207653045654297,24.169891357421875
20.84,0.0,-2.3730435371398926,-17.207653045654297,22.499990463256836
20.88,0.0,-2.3730435371398926,-28.31993865966797,22.499990463256836
20.92,0.0,-2.3730435371398926,-32.97256088256836,22.58788299560547
20.96,0.0,-2.3730435371398926,-34.94561004638672,22.67577362060547
20.98,0.0,-2.3730435371398926,-34.94561004638672,25.13669204711914
21.02,0.0,-2.3730435371398926,-32.57979202270508,28.21286964416504
21.06,0.0,-2.3730435371398926,-27.63105583190918,32.43163299560547
21.080000000000002,0.0,-2.3730435371398926,-27.63105583190918,40.4296760559082
21.14,0.0,-2.3730435371398926,-24.275203704833984,50.71285629272461
21.16,0.0,-2.3730435371398926,-16.14107322692871,60.908172607421875
21.2,0.0,-2.3730435371398926,3.339782953262329,67.41207885742188
21.240000000000002,0.0,-2.3730435371398926,13.090286254882812,74.70700073242188
21.28,0.0,-2.3730435371398926,21.770090103149414,80.85934448242188
21.3,0.0,-2.3730435371398926,21.770090103149414,85.78121948242188
21.34,0.0,-2.3730435371398926,31.24998664855957,88.06637573242188
21.38,0.0,-2.3730435371398926,34.44296646118164,88.50582885742188
21.400000000000002,0.0,-2.3730435371398926,34.97938919067383,88.50582885742188
21.44,0.0,-2.3730435371398926,33.87266540527344,88.41793060302734
21.46,0.0,-2.3730435371398926,29.956241607666016,87.53902435302734
21.5,0.0,-2.3730435371398926,27.035572052001953,84.81442260742188
21.54,0.0,-2.3730435371398926,19.569623947143555,80.50778198242188
21.56,0.0,-2.3730435371398926,15.17927074432373,75.58590698242188
21.6,0.0,-2.3730435371398926,5.539080619812012,68.64254760742188
21.62,0.0,-2.3730435371398926,-4.569943428039551,60.908172607421875
21.66,0.0,-2.3730435371398926,-9.53642749786377,55.10738754272461
21.7,0.0,-2.3730435371398926,-18.7734375,51.503875732421875
21.740000000000002,0.0,-2.3730435371398926,-26.445457458496094,49.65816879272461
21.76,0.0,-2.3730435371398926,-26.445457458496094,49.65816879272461
21.8,0.0,-2.3730435371398926,-33.65376281738281,50.09762191772461
21.84,0.0,-2.3730435371398926,-34.997188568115234,53.261688232421875
21.86,0.0,-2.3730435371398926,-34.997188568115234,58.18355941772461
21.900000000000002,0.0,-2.3730435371398926,-28.982053756713867,63.808563232421875
21.94,0.0,-2.3730435371398926,-25.824811935424805,69.60933685302734
21.98,0.0,-2.3730435371398926,-17.941162109375,76.90426635742188
22.0,0.0,-2.3730435371398926,-17.941162109375,84.19918060302734
22.04,0.0,-2.3730435371398926,-3.505305290222168,91.05465698242188
22.080000000000002,0.0,-2.3730435371398926,6.674485206604004,95.09762573242188
22.12,0.0,-2.3730435371398926,6.674485206604004,97.73434448242188
22.14,0.0,-2.3730435371398926,11.607723236083984,99.14058685302734
22.18,0.0,-2.3730435371398926,27.91556167602539,99.40426635742188
22.22,0.0,-2.3730435371398926,32.82276153564453,99.40426635742188
22.26,0.0,-2.3730435371398926,34.93397521972656,99.40426635742188
22.28,0.0,-2.3730435371398926,34.93397521972656,99.40426635742188
22.34,0.0,-2.3730435371398926,34.87298583984375,96.3281021118164
22.36,0.0,-2.3730435371398926,32.520362854003906,91.05465698242188
22.400000000000002,0.0,-2.3730435371398926,27.38252830505371,83.49606323242188
22.44,0.0,-2.3730435371398926,10.692492485046387,75.49801635742188
22.48,0.0,-2.3730435371398926,0.565462052822113,67.3241958618164
22.5,0.0,-2.3730435371398926,0.565462052822113,59.238250732421875
22.54,0.0,-2.3730435371398926,-14.453512191772461,53.61324691772461
22.580000000000002,0.0,-2.3730435371398926,-23.092498779296875,50.009735107421875
22.6,0.0,-2.3730435371398926,-23.092498779296875,48.515594482421875
22.64,0.0,-2.3730435371398926,-32.13241195678711,48.60348129272461
22.68,0.0,-2.3730435371398926,-34.779720306396484,48.69137191772461
22.7,0.0,-2.3730435371398926,-34.41352844238281,52.031219482421875
22.740000000000002,0.0,-2.3730435371398926,-33.097991943359375,56.51364517211914
22.78,0.0,-2.3730435371398926,-28.34109878540039,61.171844482421875
22.8,0.0,-2.3730435371398926,-21.115062713623047,66.70895385742188
22.84,0.0,-2.3730435371398926,-16.764129638671875,73.47653198242188
22.88,0.0,-2.3730435371398926,-7.0586442947387695,79.80465698242188
22.900000000000002,0.0,-2.3730435371398926,3.2698729038238525,86.66012573242188
22.94,0.0,-2.3730435371398926,8.386054992675781,90.70309448242188
22.98,0.0,-2.3730435371398926,17.96178436279297,92.81246948242188
23.02,0.0,-2.3730435371398926,25.97025489807129,93.25191497802734
23.04,0.0,-2.3730435371398926,25.97025489807129,93.25191497802734
23.080000000000002,0.0,-2.3730435371398926,33.55247497558594,93.25191497802734
23.12,0.0,-2.3730435371398926,34.998558044433594,93.16403198242188
23.14,0.0,-2.3730435371398926,33.36378479003906,91.05465698242188
23.18,0.0,-2.3730435371398926,31.42364501953125,87.01168823242188
23.22,0.0,-2.3730435371398926,25.508209228515625,81.38668823242188
23.240000000000002,0.0,-2.3730435371398926,17.334632873535156,73.30075073242188
23.28,0.0,-2.3730435371398926,12.619330406188965,65.39059448242188
23.32,0.0,-2.3730435371398926,2.452127695083618,56.51364517211914
23.36,0.0,-2.3730435371398926,-7.939495086669922,48.515594482421875
23.38,0.0,-2.3730435371398926,-7.939495086669922,42.62694549560547
23.42,0.0,-2.3730435371398926,-21.944013595581055,39.55076599121094
23.46,0.0,-2.3730435371398926,-29.01154899597168,38.49607467651367
23.5,0.0,-2.3730435371398926,-29.01154899597168,38.40818405151367
23.54,0.0,-2.3730435371398926,-31.6088924407959,39.19920349121094
23.56,0.0,-2.3730435371398926,-34.63755416870117,42.802703857421875
23.6,0.0,-2.3730435371398926,-31.420795440673828,47.63668441772461
23.64,0.0,-2.3730435371398926,-25.4505615234375,53.61324691772461
23.68,0.0,-2.3730435371398926,-17.193973541259766,61.69919204711914
23.72,0.0,-2.3730435371398926,-7.38773775100708,69.16989135742188
23.76,0.0,-2.3730435371398926,3.0895183086395264,77.60739135742188
23.78,0.0,-2.3730435371398926,3.0895183086395264,82.88082885742188
23.82,0.0,-2.3730435371398926,18.006175994873047,86.57223510742188
23.86,0.0,-2.3730435371398926,26.10855484008789,88.06637573242188
23.88,0.0,-2.3730435371398926,26.10855484008789,88.24215698242188
23.92,0.0,-2.3730435371398926,33.67499923706055,88.24215698242188
23.96,0.0,-2.3730435371398926,34.988094329833984,88.06637573242188
24.0,0.0,-2.3730435371398926,33.12941360473633,85.69332885742188
24.02,0.0,-2.3730435371398926,33.12941360473633,80.24411010742188
24.060000000000002,0.0,-2.3730435371398926,24.825063705444336,74.35543060302734
24.1,0.0,-2.3730435371398926,16.336698532104492,67.58785247802734
24.12,0.0,-2.3730435371398926,11.477749824523926,57.74410629272461
24.16,0.0,-2.3730435371398926,1.0827527046203613,50.88863754272461
24.2,0.0,-2.3730435371398926,-9.418127059936523,44.296844482421875
24.22,0.0,-2.3730435371398926,-19.06494903564453,39.28709411621094
24.26,0.0,-2.3730435371398926,-23.28628158569336,37.089820861816406
24.3,0.0,-2.3730435371398926,-30.038597106933594,37.089820861816406
24.34,0.0,-2.3730435371398926,-34.039405822753906,37.17771530151367
24.36,0.0,-2.3730435371398926,-34.039405822753906,39.37498474121094
24.400000000000002,0.0,-2.3730435371398926,-34.14291763305664,42.89059066772461
24.44,0.0,-2.3730435371398926,-30.261489868164062,47.37302780151367
24.46,0.0,-2.3730435371398926,-23.587539672851562,55.371063232421875
24.52,0.0,-2.3730435371398926,-14.731504440307617,63.369110107421875
24.560000000000002,0.0,-2.3730435371398926,-4.5076422691345215,71.80661010742188
24.580000000000002,0.0,-2.3730435371398926,0.8250536322593689,78.57418823242188
24.62,0.0,-2.3730435371398926,11.31437873840332,83.4081802368164
24.66,0.0,-2.3730435371398926,20.76114845275879,87.80270385742188
24.7,0.0,-2.3730435371398926,28.285694122314453,89.20894622802734
24.72,0.0,-2.3730435371398926,28.285694122314453,89.20894622802734
24.76,0.0,-2.3730435371398926,34.49349594116211,89.20894622802734
24.8,0.0,-2.3730435371398926,34.67575454711914,89.12105560302734
24.84,0.0,-2.3730435371398926,31.621578216552734,86.13278198242188
24.86,0.0,-2.3730435371398926,31.621578216552734,80.33200073242188
24.900000000000002,0.0,-2.3730435371398926,21.659215927124023,74.09175872802734
24.94,0.0,-2.3730435371398926,12.328391075134277,66.88473510742188
24.96,0.0,-2.3730435371398926,1.8351417779922485,57.39255142211914
25.0,0.0,-2.3730435371398926,-3.5420773029327393,51.32809066772461
25.04,0.0,-2.3730435371398926,-13.92561149597168,46.933570861816406
25.080000000000002,0.0,-2.3730435371398926,-23.00558090209961,44.121063232421875
25.1,0.0,-2.3730435371398926,-26.781505584716797,43.94528579711914
25.14,0.0,-2.3730435371398926,-32.35696029663086,44.033172607421875
25.18,0.0,-2.3730435371398926,-34.88080596923828,45.790992736816406
25.2,0.0,-2.3730435371398926,-34.88080596923828,50.36129379272461
25.240000000000002,0.0,-2.3730435371398926,-32.49433517456055,55.89840316772461
25.28,0.0,-2.3730435371398926,-26.998565673828125,61.25973129272461
25.3,0.0,-2.3730435371398926,-26.998565673828125,67.93942260742188
25.34,0.0,-2.3730435371398926,-14.175262451171875,75.84957885742188
25.38,0.0,-2.3730435371398926,-3.750683307647705,81.56246948242188
25.42,0.0,-2.3730435371398926,7.037827968597412,88.06637573242188
25.44,0.0,-2.3730435371398926,7.037827968597412,91.6698989868164
25.98,0.0,-2.3730435371398926,-34.60627365112305,91.6698989868164
26.02,0.0,-2.3730435371398926,-34.53685760498047,91.6698989868164
26.04,0.0,-2.3730435371398926,-34.53685760498047,91.6698989868164
26.080000000000002,0.0,-2.3730435371398926,-28.22407341003418,91.6698989868164
26.12,0.0,-2.3730435371398926,-20.464691162109375,91.6698989868164
26.14,0.0,-2.3730435371398926,-10.70305061340332,63.896453857421875
26.18,0.0,-2.3730435371398926,-5.362925052642822,67.76363372802734
26.22,0.0,-2.3730435371398926,5.5837812423706055,72.24606323242188
26.240000000000002,0.0,-2.3730435371398926,15.99084758758545,75.67379760742188
26.28,0.0,-2.3730435371398926,20.66805076599121,76.02536010742188
26.32,0.0,-2.3730435371398926,28.393598556518555,75.67379760742188
26.34,0.0,-2.3730435371398926,33.33462142944336,74.97067260742188
26.38,0.0,-2.3730435371398926,34.59513854980469,71.63082885742188
26.42,0.0,-2.3730435371398926,34.53685760498047,67.14840698242188
26.44,0.0,-2.3730435371398926,31.07415199279785,59.238250732421875
26.48,0.0,-2.3730435371398926,28.158361434936523,51.943328857421875
26.52,0.0,-2.3730435371398926,20.314489364624023,43.505828857421875
26.54,0.0,-2.3730435371398926,10.45643424987793,33.398406982421875
26.580000000000002,0.0,-2.3730435371398926,5.070549488067627,26.894508361816406
26.62,0.0,-2.3730435371398926,-5.948328495025635,21.708972930908203
26.64,0.0,-2.3730435371398926,-16.384075164794922,18.01755714416504
26.68,0.0,-2.3730435371398926,-21.053850173950195,16.962865829467773
26.72,0.0,-2.3730435371398926,-28.714181900024414,16.787084579467773
26.740000000000002,0.0,-2.3730435371398926,-28.714181900024414,16.874977111816406
26.78,0.0,-2.3730435371398926,-34.689781188964844,17.665992736816406
26.82,0.0,-2.3730435371398926,-34.40930938720703,20.214828491210938
26.84,0.0,-2.3730435371398926,-34.40930938720703,24.609344482421875
26.88,0.0,-2.3730435371398926,-32.965118408203125,29.179670333862305
26.92,0.0,-2.3730435371398926,-14.713900566101074,38.49607467651367
26.96,0.0,-2.3730435371398926,-9.499971389770508,45.70309829711914
26.98,0.0,-2.3730435371398926,1.514883041381836,53.085906982421875
27.02,0.0,-2.3730435371398926,7.037827968597412,59.853477478027344
27.060000000000002,0.0,-2.3730435371398926,17.41965103149414,63.808563232421875
27.080000000000002,0.0,-2.3730435371398926,17.41965103149414,68.64254760742188
27.12,0.0,-2.3730435371398926,29.43406105041504,71.63082885742188
27.16,0.0,-2.3730435371398926,33.888431549072266,72.86129760742188
27.18,0.0,-2.3730435371398926,33.888431549072266,72.68551635742188
27.22,0.0,-2.3730435371398926,34.10823440551758,72.0702896118164
27.26,0.0,-2.3730435371398926,29.91554832458496,69.43355560302734
27.28,0.0,-2.3730435371398926,22.688495635986328,64.24801635742188
27.32,0.0,-2.3730435371398926,18.154123306274414,58.447235107421875
27.36,0.0,-2.3730435371398926,7.817056655883789,51.679656982421875
27.38,0.0,-2.3730435371398926,-3.3213868141174316,43.242156982421875
27.42,0.0,-2.3730435371398926,-8.83742904663086,37.70505905151367
27.46,0.0,-2.3730435371398926,-19.059524536132812,34.540985107421875
27.5,0.0,-2.3730435371398926,-27.34392738342285,33.925750732421875
27.52,0.0,-2.3730435371398926,-27.34392738342285,34.013641357421875
27.560000000000002,0.0,-2.3730435371398926,-34.353458404541016,34.013641357421875
27.6,0.0,-2.3730435371398926,-34.70994186401367,36.123023986816406
27.62,0.0,-2.3730435371398926,-31.509817123413086,40.7812385559082
27.66,0.0,-2.3730435371398926,-28.662841796875,45.615211486816406
27.7,0.0,-2.3730435371398926,-20.836950302124023,51.855438232421875
27.72,0.0,-2.3730435371398926,-20.836950302124023,60.02926254272461
27.76,0.0,-2.3730435371398926,-16.05902862548828,65.91793823242188
27.8,0.0,-2.3730435371398926,5.849053382873535,73.30075073242188
27.82,0.0,-2.3730435371398926,5.849053382873535,80.50778198242188
27.86,0.0,-2.3730435371398926,11.31437873840332,86.48434448242188
27.900000000000002,0.0,-2.3730435371398926,28.965986251831055,89.38473510742188
27.94,0.0,-2.3730435371398926,33.705299377441406,89.99996185302734
27.96,0.0,-2.3730435371398926,34.95537567138672,89.99996185302734
28.0,0.0,-2.3730435371398926,34.21453857421875,89.91207885742188
28.04,0.0,-2.3730435371398926,30.092994689941406,89.91207885742188
28.060000000000002,0.0,-2.3730435371398926,30.092994689941406,87.53902435302734
28.1,0.0,-2.3730435371398926,18.263809204101562,83.75972747802734
28.14,0.0,-2.3730435371398926,7.80174446105957,78.13473510742188
28.16,0.0,-2.3730435371398926,-3.4804818630218506,70.57614135742188
28.2,0.0,-2.3730435371398926,-9.061641693115234,65.65426635742188
28.240000000000002,0.0,-2.3730435371398926,-19.37383460998535,61.87497329711914
28.26,0.0,-2.3730435371398926,-23.832901000976562,60.38082504272461
28.3,0.0,-2.3730435371398926,-30.770347595214844,60.38082504272461
28.32,0.0,-2.3730435371398926,-34.48674011230469,60.38082504272461
28.36,0.0,-2.3730435371398926,-34.9986572265625,62.050750732421875
28.400000000000002,0.0,-2.3730435371398926,-33.25830841064453,65.03903198242188
28.42,0.0,-2.3730435371398926,-28.019447326660156,70.31246948242188
28.46,0.0,-2.3730435371398926,-24.2452335357666,76.37692260742188
28.5,0.0,-2.3730435371398926,-14.881370544433594,81.03512573242188
28.52,0.0,-2.3730435371398926,-14.881370544433594,88.33004760742188
28.560000000000002,0.0,-2.3730435371398926,1.7622424364089966,92.98825073242188
28.580000000000002,0.0,-2.3730435371398926,12.884359359741211,95.27340698242188
28.62,0.0,-2.3730435371398926,18.006175994873047,96.41598510742188
28.66,0.0,-2.3730435371398926,26.690868377685547,96.94332885742188
28.68,0.0,-2.3730435371398926,26.690868377685547,96.94332885742188
28.740000000000002,0.0,-2.3730435371398926,34.958038330078125,96.94332885742188
28.76,0.0,-2.3730435371398926,34.958038330078125,96.94332885742188
28.8,0.0,-2.3730435371398926,31.629493713378906,96.50387573242188
28.84,0.0,-2.3730435371398926,25.11833953857422,92.9003677368164
28.88,0.0,-2.3730435371398926,15.924235343933105,86.92379760742188
28.900000000000002,0.0,-2.3730435371398926,10.617680549621582,80.24411010742188
28.94,0.0,-2.3730435371398926,-0.7068102955818176,73.30075073242188
28.96,0.0,-2.3730435371398926,-6.420333385467529,68.29098510742188
29.0,0.0,-2.3730435371398926,-17.184314727783203,64.42378997802734
29.04,0.0,-2.3730435371398926,-26.112863540649414,62.49020767211914
29.080000000000002,0.0,-2.3730435371398926,-32.244163513183594,62.578086853027344
29.1,0.0,-2.3730435371398926,-34.039405822753906,62.578086853027344
29.14,0.0,-2.3730435371398926,-34.843360900878906,64.68746185302734
29.18,0.0,-2.3730435371398926,-31.896072387695312,69.16989135742188
29.2,0.0,-2.3730435371398926,-31.896072387695312,76.11325073242188
29.240000000000002,0.0,-2.3730435371398926,-21.224699020385742,81.47457885742188
29.28,0.0,-2.3730435371398926,-11.054340362548828,87.97847747802734
29.32,0.0,-2.3730435371398926,0.31785088777542114,93.86715698242188
29.34,0.0,-2.3730435371398926,0.31785088777542114,97.29489135742188
29.38,0.0,-2.3730435371398926,16.936630249023438,99.14058685302734
29.42,0.0,-2.3730435371398926,25.97025489807129,100.19528198242188
29.44,0.0,-2.3730435371398926,32.18819046020508,100.3710708618164
29.48,0.0,-2.3730435371398926,34.01409149169922,100.3710708618164
29.52,0.0,-2.3730435371398926,34.846920013427734,100.3710708618164
29.560000000000002,0.0,-2.3730435371398926,31.88274383544922,100.10739135742188
29.6,0.0,-2.3730435371398926,25.4378719329834,96.7675552368164
29.62,0.0,-2.3730435371398926,25.4378719329834,91.05465698242188
29.66,0.0,-2.3730435371398926,10.856888771057129,84.46286010742188
29.7,0.0,-2.3730435371398926,-0.5959498286247253,77.16793823242188
29.740000000000002,0.0,-2.3730435371398926,-11.990480422973633,70.75192260742188
29.76,0.0,-2.3730435371398926,-17.271181106567383,66.26950073242188
29.8,0.0,-2.3730435371398926,-26.2722110748291,63.457000732421875
29.84,0.0,-2.3730435371398926,-32.39031982421875,63.10543441772461
29.88,0.0,-2.3730435371398926,-34.94663619995117,63.28121566772461
29.92,0.0,-2.3730435371398926,-33.652748107910156,65.74214935302734
29.94,0.0,-2.3730435371398926,-28.644269943237305,70.48824310302734
29.98,0.0,-2.3730435371398926,-24.903099060058594,75.76168823242188
30.02,0.0,-2.3730435371398926,-15.46090316772461,80.06832885742188
30.04,0.0,-2.3730435371398926,-10.021719932556152,85.78121948242188
30.060000000000002,0.0,-2.3730435371398926,-4.301395893096924,90.79098510742188
30.1,0.0,-2.3730435371398926,1.540730357170105,94.04293060302734
30.14,0.0,-2.3730435371398926,18.17702865600586,94.92184448242188
30.16,0.0,-2.3730435371398926,26.99915313720703,94.92184448242188
30.2,0.0,-2.3730435371398926,26.99915313720703,94.92184448242188
30.240000000000002,0.0,-2.3730435371398926,34.39039993286133,94.92184448242188
30.28,0.0,-2.3730435371398926,34.61438751220703,94.92184448242188
30.3,0.0,-2.3730435371398926,33.26262283325195,94.39450073242188
30.34,0.0,-2.3730435371398926,27.816043853759766,91.49411010742188
30.38,0.0,-2.3730435371398926,19.255939483642578,85.60543823242188
30.400000000000002,0.0,-2.3730435371398926,19.255939483642578,77.51950073242188
30.44,0.0,-2.3730435371398926,2.732250928878784,69.43355560302734
30.48,0.0,-2.3730435371398926,-8.943778038024902,62.49020767211914
30.5,0.0,-2.3730435371398926,-8.943778038024902,54.228485107421875
30.54,0.0,-2.3730435371398926,-24.20388412475586,49.833953857421875
30.580000000000002,0.0,-2.3730435371398926,-31.2032470703125,47.63668441772461
30.6,0.0,-2.3730435371398926,-34.691741943359375,47.37302780151367
30.64,0.0,-2.3730435371398926,-34.97744369506836,47.46091842651367
30.68,0.0,-2.3730435371398926,-32.58687973022461,48.69137191772461
30.72,0.0,-2.3730435371398926,-26.512529373168945,53.17379379272461
30.76,0.0,-2.3730435371398926,-17.43487548828125,58.710906982421875
30.78,0.0,-2.3730435371398926,-17.43487548828125,64.07223510742188
30.82,0.0,-2.3730435371398926,-0.4906267821788788,70.04878997802734
30.86,0.0,-2.3730435371398926,11.160365104675293,76.64059448242188
30.88,0.0,-2.3730435371398926,11.160365104675293,81.29879760742188
30.92,0.0,-2.3730435371398926,29.494403839111328,84.55075073242188
30.96,0.0,-2.3730435371398926,32.251346588134766,85.07808685302734
31.0,0.0,-2.3730435371398926,34.937721252441406,84.99020385742188
31.04,0.0,-2.3730435371398926,33.638492584228516,84.81442260742188
31.060000000000002,0.0,-2.3730435371398926,33.638492584228516,81.47457885742188
31.1,0.0,-2.3730435371398926,24.647258758544922,77.4316177368164
31.14,0.0,-2.3730435371398926,14.948243141174316,71.45504760742188
31.16,0.0,-2.3730435371398926,3.5301268100738525,63.720672607421875
31.2,0.0,-2.3730435371398926,-2.4189445972442627,56.777313232421875
31.240000000000002,0.0,-2.3730435371398926,-13.942564010620117,52.294891357421875
31.26,0.0,-2.3730435371398926,-23.870092391967773,49.13082504272461
31.3,0.0,-2.3730435371398926,-27.866437911987305,48.69137191772461
31.34,0.0,-2.3730435371398926,-33.34502410888672,48.779266357421875
31.36,0.0,-2.3730435371398926,-34.66666030883789,49.482391357421875
31.400000000000002,0.0,-2.3730435371398926,-34.27934265136719,53.085906982421875
31.44,0.0,-2.3730435371398926,-29.931365966796875,58.007781982421875
31.46,0.0,-2.3730435371398926,-29.931365966796875,63.369110107421875
31.5,0.0,-2.3730435371398926,-17.18029022216797,69.08200073242188
31.54,0.0,-2.3730435371398926,-5.953791618347168,76.8163833618164
31.580000000000002,0.0,-2.3730435371398926,5.970180511474609,82.70504760742188
31.6,0.0,-2.3730435371398926,5.970180511474609,87.97847747802734
31.64,0.0,-2.3730435371398926,22.152833938598633,89.82418823242188
31.68,0.0,-2.3730435371398926,29.973430633544922,89.91207885742188
31.7,0.0,-2.3730435371398926,34.30595397949219,89.91207885742188
31.740000000000002,0.0,-2.3730435371398926,34.986427307128906,89.82418823242188
31.78,0.0,-2.3730435371398926,33.271812438964844,88.85739135742188
31.8,0.0,-2.3730435371398926,27.667314529418945,85.42965698242188
31.84,0.0,-2.3730435371398926,23.593000411987305,80.59567260742188
31.88,0.0,-2.3730435371398926,13.493734359741211,74.97067260742188
31.92,0.0,-2.3730435371398926,1.8065366744995117,66.18161010742188
31.96,0.0,-2.3730435371398926,-10.099599838256836,57.65621566772461
32.0,0.0,-2.3730435371398926,-10.099599838256836,52.11910629272461
32.02,0.0,-2.3730435371398926,-15.694238662719727,49.30660629272461
32.06,0.0,-2.3730435371398926,-32.011436462402344,49.042938232421875
32.1,0.0,-2.3730435371398926,-34.91145324707031,49.13082504272461
32.12,0.0,-2.3730435371398926,-33.69282150268555,51.064422607421875
32.160000000000004,0.0,-2.3730435371398926,-31.562719345092773,54.84371566772461
32.2,0.0,-2.3730435371398926,-24.571701049804688,59.150360107421875
32.22,0.0,-2.3730435371398926,-14.667774200439453,63.984344482421875
32.26,0.0,-2.3730435371398926,-8.978612899780273,70.13668823242188
32.3,0.0,-2.3730435371398926,3.031529426574707,76.90426635742188
32.34,0.0,-2.3730435371398926,14.68874454498291,81.47457885742188
32.38,0.0,-2.3730435371398926,14.68874454498291,84.02340698242188
32.4,0.0,-2.3730435371398926,19.945627212524414,84.19918060302734
32.44,0.0,-2.3730435371398926,33.723907470703125,84.11128997802734
32.480000000000004,0.0,-2.3730435371398926,34.89832305908203,83.84761810302734
32.5,0.0,-2.3730435371398926,31.907094955444336,80.33200073242188
32.54,0.0,-2.3730435371398926,28.940027236938477,76.64059448242188
32.58,0.0,-2.3730435371398926,20.502901077270508,70.57614135742188
32.6,0.0,-2.3730435371398926,9.605751991271973,62.66598129272461
32.64,0.0,-2.3730435371398926,3.6339902877807617,54.84371566772461
32.68,0.0,-2.3730435371398926,-8.460492134094238,49.13082504272461
32.72,0.0,-2.3730435371398926,-19.545869827270508,45.26364517211914
32.74,0.0,-2.3730435371398926,-19.545869827270508,44.296844482421875
32.78,0.0,-2.3730435371398926,-31.434215545654297,44.38473892211914
32.82,0.0,-2.3730435371398926,-34.802001953125,44.82419204711914
32.86,0.0,-2.3730435371398926,-33.97428894042969,48.25191879272461
32.88,0.0,-2.3730435371398926,-31.99610137939453,53.43746566772461
32.92,0.0,-2.3730435371398926,-25.2056884765625,59.326141357421875
32.94,0.0,-2.3730435371398926,-15.362180709838867,64.51168060302734
32.980000000000004,0.0,-2.3730435371398926,-9.655498504638672,70.92770385742188
33.02,0.0,-2.3730435371398926,2.4641101360321045,77.51950073242188
33.06,0.0,-2.3730435371398926,14.291753768920898,82.88082885742188
33.08,0.0,-2.3730435371398926,14.291753768920898,86.66012573242188
33.12,0.0,-2.3730435371398926,28.393598556518555,87.53902435302734
33.160000000000004,0.0,-2.3730435371398926,33.69607162475586,87.53902435302734
33.2,0.0,-2.3730435371398926,34.89605712890625,87.27536010742188
33.24,0.0,-2.3730435371398926,31.83991050720215,86.04489135742188
33.26,0.0,-2.3730435371398926,31.83991050720215,81.47457885742188
33.3,0.0,-2.3730435371398926,20.208255767822266,76.28903198242188
33.34,0.0,-2.3730435371398926,9.128561019897461,69.52145385742188
33.38,0.0,-2.3730435371398926,-3.075712203979492,61.523406982421875
33.4,0.0,-2.3730435371398926,-3.075712203979492,55.10738754272461
33.44,0.0,-2.3730435371398926,-20.22711181640625,52.38277816772461
33.480000000000004,0.0,-2.3730435371398926,-28.842496871948242,51.503875732421875
33.5,0.0,-2.3730435371398926,-33.915069580078125,51.503875732421875
33.54,0.0,-2.3730435371398926,-34.90612030029297,52.38277816772461
33.58,0.0,-2.3730435371398926,-33.64027786254883,55.546844482421875
33.62,0.0,-2.3730435371398926,-28.223527908325195,60.46871566772461
33.64,0.0,-2.3730435371398926,-28.223527908325195,65.74214935302734
33.68,0.0,-2.3730435371398926,-13.884910583496094,72.24606323242188
33.72,0.0,-2.3730435371398926,-1.8988069295883179,79.01363372802734
33.76,0.0,-2.3730435371398926,10.32938003540039,84.99020385742188
33.78,0.0,-2.3730435371398926,16.05656623840332,89.29684448242188
33.82,0.0,-2.3730435371398926,25.846006393432617,91.05465698242188
33.84,0.0,-2.3730435371398926,32.42973709106445,91.3183364868164
33.88,0.0,-2.3730435371398926,34.24308776855469,91.40621948242188
33.92,0.0,-2.3730435371398926,34.625789642333984,91.3183364868164
33.96,0.0,-2.3730435371398926,30.693851470947266,91.14254760742188
33.980000000000004,0.0,-2.3730435371398926,27.24095916748047,88.59371185302734
34.02,0.0,-2.3730435371398926,17.896713256835938,84.99020385742188
34.06,0.0,-2.3730435371398926,6.310394287109375,78.22262573242188
34.1,0.0,-2.3730435371398926,6.310394287109375,70.83981323242188
34.12,0.0,-2.3730435371398926,0.12196746468544006,65.56637573242188
34.160000000000004,0.0,-2.3730435371398926,-12.076379776000977,64.24801635742188
34.2,0.0,-2.3730435371398926,-30.608205795288086,63.720672607421875
34.22,0.0,-2.3730435371398926,-34.60723876953125,63.720672607421875
34.26,0.0,-2.3730435371398926,-34.985958099365234,64.86324310302734
34.300000000000004,0.0,-2.3730435371398926,-32.4373779296875,68.20309448242188
34.34,0.0,-2.3730435371398926,-32.4373779296875,74.35543060302734
34.36,0.0,-2.3730435371398926,-21.189416885375977,79.36520385742188
34.4,0.0,-2.3730435371398926,-10.110215187072754,84.90231323242188
34.44,0.0,-2.3730435371398926,-10.110215187072754,91.58200073242188
34.46,0.0,-2.3730435371398926,8.429107666015625,94.13082122802734
34.5,0.0,-2.3730435371398926,19.791208267211914,95.09762573242188
34.54,0.0,-2.3730435371398926,28.65117073059082,95.27340698242188
34.56,0.0,-2.3730435371398926,28.65117073059082,95.27340698242188
34.6,0.0,-2.3730435371398926,31.773590087890625,95.18551635742188
34.64,0.0,-2.3730435371398926,33.59735870361328,95.18551635742188
34.68,0.0,-2.3730435371398926,28.015016555786133,94.04293060302734
34.7,0.0,-2.3730435371398926,18.85991859436035,90.08786010742188
34.74,0.0,-2.3730435371398926,13.291413307189941,85.07808685302734
34.78,0.0,-2.3730435371398926,1.0596635341644287,78.66207122802734
34.800000000000004,0.0,-2.3730435371398926,1.0596635341644287,71.36715698242188
34.84,0.0,-2.3730435371398926,-17.055368423461914,67.06051635742188
34.88,0.0,-2.3730435371398926,-26.72371482849121,64.51168060302734
34.9,0.0,-2.3730435371398926,-32.97256088256836,63.457000732421875
34.94,0.0,-2.3730435371398926,-32.97256088256836,63.457000732421875
34.980000000000004,0.0,-2.3730435371398926,-34.31380844116211,64.42378997802734
35.02,0.0,-2.3730435371398926,-29.675098419189453,67.85153198242188
35.04,0.0,-2.3730435371398926,-21.215147018432617,73.47653198242188
35.08,0.0,-2.3730435371398926,-21.215147018432617,79.27730560302734
35.12,0.0,-2.3730435371398926,-3.832435131072998,85.25387573242188
35.160000000000004,0.0,-2.3730435371398926,8.711305618286133,90.61520385742188
35.18,0.0,-2.3730435371398926,8.711305618286133,93.86715698242188
35.22,0.0,-2.3730435371398926,24.956281661987305,94.83395385742188
35.26,0.0,-2.3730435371398926,32.026363372802734,94.83395385742188
35.28,0.0,-2.3730435371398926,34.95048904418945,94.83395385742188
35.32,0.0,-2.3730435371398926,34.714202880859375,94.83395385742188
35.36,0.0,-2.3730435371398926,30.87845230102539,94.83395385742188
35.38,0.0,-2.3730435371398926,23.027854919433594,93.86715698242188
35.42,0.0,-2.3730435371398926,17.896713256835938,90.52731323242188
35.46,0.0,-2.3730435371398926,6.055744647979736,85.78121948242188
35.5,0.0,-2.3730435371398926,-6.581035137176514,78.31051635742188
35.52,0.0,-2.3730435371398926,-6.581035137176514,74.17964935302734
35.56,0.0,-2.3730435371398926,-23.447938919067383,71.71871948242188
35.6,0.0,-2.3730435371398926,-31.155811309814453,71.36715698242188
35.64,0.0,-2.3730435371398926,-34.791160583496094,71.36715698242188
35.660000000000004,0.0,-2.3730435371398926,-34.791160583496094,74.17964935302734
35.7,0.0,-2.3730435371398926,-31.71404457092285,78.04684448242188
35.74,0.0,-2.3730435371398926,-24.35694694519043,81.65036010742188
35.78,0.0,-2.3730435371398926,-13.795798301696777,87.97847747802734
35.800000000000004,0.0,-2.3730435371398926,-13.795798301696777,93.60347747802734
35.84,0.0,-2.3730435371398926,4.954411506652832,98.08590698242188
35.88,0.0,-2.3730435371398926,16.997241973876953,102.56832885742188
35.9,0.0,-2.3730435371398926,16.997241973876953,108.54488372802734
35.94,0.0,-2.3730435371398926,30.447776794433594,111.7089614868164
35.980000000000004,0.0,-2.3730435371398926,34.60627365112305,113.81832885742188
36.0,0.0,-2.3730435371398926,34.18922805786133,114.7851333618164
36.04,0.0,-2.3730435371398926,32.255653381347656,114.87301635742188
36.08,0.0,-2.3730435371398926,25.254358291625977,114.7851333618164
36.1,0.0,-2.3730435371398926,14.898930549621582,114.7851333618164
36.14,0.0,-2.3730435371398926,8.878548622131348,113.46675872802734
36.18,0.0,-2.3730435371398926,-3.848048210144043,110.39059448242188
36.2,0.0,-2.3730435371398926,-16.069700241088867,106.78707885742188
36.24,0.0,-2.3730435371398926,-21.473642349243164,106.34762573242188
36.28,0.0,-2.3730435371398926,-29.963884353637695,106.2597427368164
36.300000000000004,0.0,-2.3730435371398926,-34.46104431152344,106.2597427368164
36.34,0.0,-2.3730435371398926,-34.99886703491211,106.9628677368164
36.38,0.0,-2.3730435371398926,-32.55813980102539,108.89645385742188
36.42,0.0,-2.3730435371398926,-25.75985336303711,112.14839935302734
36.44,0.0,-2.3730435371398926,-25.75985336303711,117.77340698242188
36.480000000000004,0.0,-2.3730435371398926,-9.499971389770508,124.10153198242188
36.52,0.0,-2.3730435371398926,3.2698729038238525,129.28707885742188
36.56,0.0,-2.3730435371398926,15.60745906829834,133.06637573242188
36.58,0.0,-2.3730435371398926,15.60745906829834,135.43942260742188
36.62,0.0,-2.3730435371398926,21.08704948425293,135.96678161621094
36.660000000000004,0.0,-2.3730435371398926,29.742509841918945,135.96678161621094
36.68,0.0,-2.3730435371398926,34.413360595703125,135.26364135742188
36.72,0.0,-2.3730435371398926,32.65518569946289,133.94528198242188
36.76,0.0,-2.3730435371398926,25.89765739440918,131.57223510742188
36.78,0.0,-2.3730435371398926,15.633918762207031,126.1230239868164
36.82,0.0,-2.3730435371398926,9.605751991271973,120.76168823242188
36.86,0.0,-2.3730435371398926,-3.222952127456665,114.69723510742188
36.88,0.0,-2.3730435371398926,-3.222952127456665,107.84176635742188
36.92,0.0,-2.3730435371398926,-9.58531379699707,104.8534927368164
36.96,0.0,-2.3730435371398926,-21.12464141845703,104.15036010742188
36.980000000000004,0.0,-2.3730435371398926,-34.42759323120117,104.15036010742188
37.02,0.0,-2.3730435371398926,-34.99965286254883,104.15036010742188
37.06,0.0,-2.3730435371398926,-32.55813980102539,104.15036010742188
37.08,0.0,-2.3730435371398926,-25.67461585998535,105.20504760742188
37.12,0.0,-2.3730435371398926,-20.837692260742188,108.01753997802734
37.160000000000004,0.0,-2.3730435371398926,-9.197227478027344,111.4452896118164
37.18,0.0,-2.3730435371398926,3.707502603530884,116.8066177368164
37.22,0.0,-2.3730435371398926,10.082789421081543,121.28903198242188
37.26,0.0,-2.3730435371398926,21.58510398864746,124.6288833618164
37.300000000000004,0.0,-2.3730435371398926,30.133024215698242,125.68356323242188
37.32,0.0,-2.3730435371398926,30.133024215698242,125.68356323242188
37.36,0.0,-2.3730435371398926,34.98857116699219,125.5956802368164
37.4,0.0,-2.3730435371398926,32.255653381347656,124.7167739868164
37.42,0.0,-2.3730435371398926,25.079700469970703,121.4648208618164
37.46,0.0,-2.3730435371398926,20.111574172973633,117.33395385742188
37.5,0.0,-2.3730435371398926,8.269384384155273,111.79684448242188
37.54,0.0,-2.3730435371398926,-4.7210540771484375,105.38082885742188
37.56,0.0,-2.3730435371398926,-11.085896492004395,102.65621948242188
37.6,0.0,-2.3730435371398926,-22.45191764831543,101.77731323242188
37.62,0.0,-2.3730435371398926,-30.71514129638672,101.77731323242188
37.660000000000004,0.0,-2.3730435371398926,-33.30207824707031,101.77731323242188
37.7,0.0,-2.3730435371398926,-34.932952880859375,101.95308685302734
37.74,0.0,-2.3730435371398926,-31.71404457092285,103.79879760742188
37.76,0.0,-2.3730435371398926,-28.397920608520508,106.9628677368164
37.800000000000004,0.0,-2.3730435371398926,-18.925254821777344,110.91793823242188
37.82,0.0,-2.3730435371398926,-6.812301158905029,116.4550552368164
37.86,0.0,-2.3730435371398926,-0.2836642265319824,122.60738372802734
37.88,0.0,-2.3730435371398926,12.578813552856445,127.44136810302734
37.92,0.0,-2.3730435371398926,18.459680557250977,130.60545349121094
37.96,0.0,-2.3730435371398926,28.09016227722168,132.01168823242188
38.0,0.0,-2.3730435371398926,33.797019958496094,132.18746948242188
38.02,0.0,-2.3730435371398926,33.797019958496094,132.18746948242188
38.06,0.0,-2.3730435371398926,33.417789459228516,131.66012573242188
38.1,0.0,-2.3730435371398926,27.2455997467041,129.46286010742188
38.14,0.0,-2.3730435371398926,17.244653701782227,125.33200073242188
38.160000000000004,0.0,-2.3730435371398926,17.244653701782227,119.09176635742188
38.2,0.0,-2.3730435371398926,-1.7733162641525269,112.0605239868164
38.24,0.0,-2.3730435371398926,-14.53341293334961,106.1718521118164
38.28,0.0,-2.3730435371398926,-25.251800537109375,102.3925552368164
38.300000000000004,0.0,-2.3730435371398926,-25.251800537109375,101.42575073242188
38.34,0.0,-2.3730435371398926,-34.317081451416016,101.42575073242188
38.38,0.0,-2.3730435371398926,-34.43207931518555,101.42575073242188
38.4,0.0,-2.3730435371398926,-34.43207931518555,101.42575073242188
38.44,0.0,-2.3730435371398926,-32.63652801513672,103.35934448242188
38.480000000000004,0.0,-2.3730435371398926,-25.652626037597656,106.1718521118164
38.52,0.0,-2.3730435371398926,-2.267749071121216,110.91793823242188
38.56,0.0,-2.3730435371398926,10.822625160217285,115.92770385742188
38.58,0.0,-2.3730435371398926,16.90427589416504,119.00387573242188
38.62,0.0,-2.3730435371398926,27.055511474609375,120.32223510742188
38.64,0.0,-2.3730435371398926,30.759334564208984,120.5859146118164
38.68,0.0,-2.3730435371398926,34.7585334777832,120.5859146118164
38.72,0.0,-2.3730435371398926,33.80085754394531,120.41012573242188
38.74,0.0,-2.3730435371398926,33.80085754394531,117.15816497802734
38.78,0.0,-2.3730435371398926,23.543134689331055,112.85153198242188
38.82,0.0,-2.3730435371398926,12.238408088684082,107.66597747802734
38.84,0.0,-2.3730435371398926,12.238408088684082,101.1620864868164
38.88,0.0,-2.3730435371398926,-7.434696197509766,95.44918823242188
38.92,0.0,-2.3730435371398926,-19.62244987487793,90.26364135742188
38.94,0.0,-2.3730435371398926,-28.998620986938477,86.92379760742188
38.980000000000004,0.0,-2.3730435371398926,-32.18819046020508,85.51753997802734
39.02,0.0,-2.3730435371398926,-34.9915771484375,85.51753997802734
39.06,0.0,-2.3730435371398926,-32.75749206542969,85.51753997802734
39.1,0.0,-2.3730435371398926,-25.799850463867188,86.8359146118164
39.12,0.0,-2.3730435371398926,-25.799850463867188,89.38473510742188
39.160000000000004,0.0,-2.3730435371398926,-8.840110778808594,92.37301635742188
39.2,0.0,-2.3730435371398926,4.441660404205322,95.27340698242188
39.22,0.0,-2.3730435371398926,17.08763313293457,97.47066497802734
39.26,0.0,-2.3730435371398926,22.588430404663086,97.82223510742188
39.28,0.0,-2.3730435371398926,30.94475746154785,97.82223510742188
39.32,0.0,-2.3730435371398926,33.492977142333984,97.82223510742188
39.36,0.0,-2.3730435371398926,34.86174011230469,97.82223510742188
39.4,0.0,-2.3730435371398926,34.86174011230469,97.73434448242188
39.42,0.0,-2.3730435371398926,27.55374526977539,95.8007583618164
39.46,0.0,-2.3730435371398926,17.46291160583496,92.02145385742188
39.480000000000004,0.0,-2.3730435371398926,4.821744918823242,86.04489135742188
39.52,0.0,-2.3730435371398926,-1.88773512840271,79.98043823242188
39.56,0.0,-2.3730435371398926,-14.858786582946777,75.84957885742188
39.58,0.0,-2.3730435371398926,-14.858786582946777,71.45504760742188
39.62,0.0,-2.3730435371398926,-29.742509841918945,70.22457885742188
39.660000000000004,0.0,-2.3730435371398926,-34.49427795410156,70.31246948242188
39.7,0.0,-2.3730435371398926,-34.1939697265625,70.48824310302734
39.72,0.0,-2.3730435371398926,-34.1939697265625,74.35543060302734
39.76,0.0,-2.3730435371398926,-24.55327033996582,78.39840698242188
39.800000000000004,0.0,-2.3730435371398926,-13.364036560058594,82.70504760742188
39.84,0.0,-2.3730435371398926,-0.20327837765216827,89.38473510742188
39.86,0.0,-2.3730435371398926,6.515682220458984,92.81246948242188
39.9,0.0,-2.3730435371398926,18.991275787353516,94.39450073242188
39.92,0.0,-2.3730435371398926,28.672382354736328,94.83395385742188
39.96,0.0,-2.3730435371398926,31.99460220336914,94.83395385742188
40.0,0.0,-2.3730435371398926,34.98358917236328,94.83395385742188
40.02,0.0,-2.3730435371398926,34.98358917236328,94.83395385742188
40.06,0.0,-2.3730435371398926,29.838542938232422,94.21871948242188
40.1,0.0,-2.3730435371398926,20.717979431152344,91.6698989868164
40.12,0.0,-2.3730435371398926,20.717979431152344,86.3964614868164
40.160000000000004,0.0,-2.3730435371398926,1.821300745010376,79.80465698242188
40.2,0.0,-2.3730435371398926,-11.533598899841309,73.82809448242188
40.22,0.0,-2.3730435371398926,-17.688241958618164,68.46676635742188
40.26,0.0,-2.3730435371398926,-27.803701400756836,65.12691497802734
40.300000000000004,0.0,-2.3730435371398926,-33.783775329589844,63.457000732421875
40.32,0.0,-2.3730435371398926,-34.91399383544922,63.54488754272461
40.36,0.0,-2.3730435371398926,-33.23868179321289,63.54488754272461
40.4,0.0,-2.3730435371398926,-26.599201202392578,66.09371948242188
40.42,0.0,-2.3730435371398926,-26.599201202392578,70.66403198242188
40.46,0.0,-2.3730435371398926,-21.699838638305664,76.99215698242188
40.5,0.0,-2.3730435371398926,3.84070086479187,82.2656021118164
40.54,0.0,-2.3730435371398926,16.768184661865234,87.45114135742188
40.56,0.0,-2.3730435371398926,22.400842666625977,90.52731323242188
40.6,0.0,-2.3730435371398926,30.94260025024414,91.6698989868164
40.64,0.0,-2.3730435371398926,34.838523864746094,92.02145385742188
40.660000000000004,0.0,-2.3730435371398926,34.838523864746094,92.02145385742188
40.7,0.0,-2.3730435371398926,34.82835006713867,92.02145385742188
40.74,0.0,-2.3730435371398926,22.292036056518555,91.8456802368164
40.78,0.0,-2.3730435371398926,10.328496932983398,88.15426635742188
40.82,0.0,-2.3730435371398926,-3.2008697986602783,82.52926635742188
40.84,0.0,-2.3730435371398926,-3.2008697986602783,77.34371948242188
40.88,0.0,-2.3730435371398926,-21.972074508666992,75.23433685302734
40.92,0.0,-2.3730435371398926,-30.708049774169922,74.70700073242188
40.94,0.0,-2.3730435371398926,-34.79397201538086,74.79488372802734
40.980000000000004,0.0,-2.3730435371398926,-34.866214752197266,76.64059448242188
41.02,0.0,-2.3730435371398926,-31.050308227539062,79.36520385742188
41.06,0.0,-2.3730435371398926,-22.513526916503906,84.11128997802734
41.08,0.0,-2.3730435371398926,-22.513526916503906,90.17575073242188
41.12,0.0,-2.3730435371398926,-16.854900360107422,95.27340698242188
41.160000000000004,0.0,-2.3730435371398926,9.780658721923828,99.58004760742188
41.2,0.0,-2.3730435371398926,21.908721923828125,105.02926635742188
41.22,0.0,-2.3730435371398926,21.908721923828125,110.56637573242188
41.26,0.0,-2.3730435371398926,33.39186477661133,114.43356323242188
41.300000000000004,0.0,-2.3730435371398926,34.8603401184082,116.8066177368164
41.32,0.0,-2.3730435371398926,30.992116928100586,117.42184448242188
41.36,0.0,-2.3730435371398926,27.209022521972656,117.42184448242188
41.4,0.0,-2.3730435371398926,16.666711807250977,117.50972747802734
41.44,0.0,-2.3730435371398926,3.56046199798584,117.24605560302734
41.46,0.0,-2.3730435371398926,3.56046199798584,114.52145385742188
41.5,0.0,-2.3730435371398926,-16.475452423095703,110.91793823242188
41.54,0.0,-2.3730435371398926,-27.088308334350586,108.10543060302734
41.56,0.0,-2.3730435371398926,-27.088308334350586,107.49020385742188
41.6,0.0,-2.3730435371398926,-34.8489875793457,107.49020385742188
41.64,0.0,-2.3730435371398926,-33.410362243652344,107.49020385742188
41.68,0.0,-2.3730435371398926,-26.809444427490234,108.63277435302734
41.7,0.0,-2.3730435371398926,-26.809444427490234,110.91793823242188
41.74,0.0,-2.3730435371398926,-9.627074241638184,114.60934448242188
41.78,0.0,-2.3730435371398926,4.105091571807861,118.56442260742188
41.82,0.0,-2.3730435371398926,17.207653045654297,121.6406021118164
41.84,0.0,-2.3730435371398926,17.207653045654297,122.43160247802734
41.88,0.0,-2.3730435371398926,31.334009170532227,122.43160247802734
41.92,0.0,-2.3730435371398926,34.926456451416016,122.43160247802734
41.94,0.0,-2.3730435371398926,34.926456451416016,121.20114135742188
41.980000000000004,0.0,-2.3730435371398926,30.180858612060547,117.86129760742188
42.02,0.0,-2.3730435371398926,20.967388153076172,113.02730560302734
42.06,0.0,-2.3730435371398926,8.477526664733887,105.82028198242188
42.08,0.0,-2.3730435371398926,8.477526664733887,99.58004760742188
42.12,0.0,-2.3730435371398926,-12.076379776000977,95.53707885742188
42.160000000000004,0.0,-2.3730435371398926,-23.870092391967773,94.04293060302734
42.2,0.0,-2.3730435371398926,-31.931354522705078,93.86715698242188
42.22,0.0,-2.3730435371398926,-34.1366081237793,93.86715698242188
42.26,0.0,-2.3730435371398926,-34.45829391479492,93.86715698242188
42.300000000000004,0.0,-2.3730435371398926,-29.369396209716797,94.74606323242188
42.32,0.0,-2.3730435371398926,-25.012577056884766,95.62496948242188
42.36,0.0,-2.3730435371398926,-13.527830123901367,97.82223510742188
42.38,0.0,-2.3730435371398926,0.09239967912435532,101.42575073242188
42.42,0.0,-2.3730435371398926,7.037827968597412,106.2597427368164
42.46,0.0,-2.3730435371398926,19.82777214050293,109.86324310302734
42.5,0.0,-2.3730435371398926,29.494403839111328,111.9726333618164
42.52,0.0,-2.3730435371398926,29.494403839111328,112.0605239868164
42.56,0.0,-2.3730435371398926,34.98220443725586,112.0605239868164
42.6,0.0,-2.3730435371398926,31.77823829650879,112.0605239868164
42.64,0.0,-2.3730435371398926,23.538347244262695,111.1816177368164
42.660000000000004,0.0,-2.3730435371398926,23.538347244262695,107.1386489868164
42.7,0.0,-2.3730435371398926,4.748519420623779,103.27144622802734
42.74,0.0,-2.3730435371398926,-9.1731538772583,99.49214935302734
42.76,0.0,-2.3730435371398926,-9.1731538772583,97.91011810302734
42.800000000000004,0.0,-2.3730435371398926,-26.695051193237305,97.91011810302734
42.84,0.0,-2.3730435371398926,-33.421356201171875,97.91011810302734
42.86,0.0,-2.3730435371398926,-34.82328414916992,97.91011810302734
42.9,0.0,-2.3730435371398926,-33.41998291015625,97.91011810302734
42.94,0.0,-2.3730435371398926,-26.68010711669922,99.14058685302734
42.96,0.0,-2.3730435371398926,-15.672761917114258,102.8320083618164
43.0,0.0,-2.3730435371398926,-9.097335815429688,107.66597747802734
43.04,0.0,-2.3730435371398926,4.881225109100342,111.9726333618164
43.08,0.0,-2.3730435371398926,18.084556579589844,115.31246948242188
43.1,0.0,-2.3730435371398926,18.084556579589844,116.98238372802734
43.160000000000004,0.0,-2.3730435371398926,23.718984603881836,116.98238372802734
43.18,0.0,-2.3730435371398926,31.91809844970703,116.8945083618164
43.22,0.0,-2.3730435371398926,32.442928314208984,116.27926635742188
43.26,0.0,-2.3730435371398926,24.668243408203125,113.46675872802734
43.28,0.0,-2.3730435371398926,12.914422988891602,109.16012573242188
43.32,0.0,-2.3730435371398926,6.118528842926025,104.41403198242188
43.36,0.0,-2.3730435371398926,-7.939495086669922,100.89840698242188
43.4,0.0,-2.3730435371398926,-20.721702575683594,98.61324310302734
43.42,0.0,-2.3730435371398926,-25.97025489807129,98.34957885742188
43.46,0.0,-2.3730435371398926,-33.115379333496094,98.34957885742188
43.5,0.0,-2.3730435371398926,-34.899932861328125,98.34957885742188
43.52,0.0,-2.3730435371398926,-34.899932861328125,98.52535247802734
43.56,0.0,-2.3730435371398926,-27.12746810913086,100.8105239868164
43.6,0.0,-2.3730435371398926,-16.19352149963379,104.41403198242188
43.62,0.0,-2.3730435371398926,-16.19352149963379,110.39059448242188
43.660000000000004,0.0,-2.3730435371398926,4.471904277801514,116.1913833618164
43.7,0.0,-2.3730435371398926,17.828378677368164,121.6406021118164
43.74,0.0,-2.3730435371398926,28.285694122314453,126.5624771118164
43.76,0.0,-2.3730435371398926,28.285694122314453,129.11129760742188
43.800000000000004,0.0,-2.3730435371398926,34.99332046508789,129.72653198242188
43.84,0.0,-2.3730435371398926,32.4043083190918,129.72653198242188
43.88,0.0,-2.3730435371398926,24.513731002807617,129.46286010742188
43.92,0.0,-2.3730435371398926,12.605539321899414,128.14450073242188
43.94,0.0,-2.3730435371398926,12.605539321899414,124.80465698242188
43.980000000000004,0.0,-2.3730435371398926,-8.429107666015625,120.2343521118164
44.02,0.0,-2.3730435371398926,-21.216617584228516,115.92770385742188
44.04,0.0,-2.3730435371398926,-30.524032592773438,113.90621185302734
44.08,0.0,-2.3730435371398926,-33.362667083740234,113.81832885742188
44.12,0.0,-2.3730435371398926,-34.81993103027344,113.81832885742188
44.14,0.0,-2.3730435371398926,-30.541648864746094,114.3456802368164
44.18,0.0,-2.3730435371398926,-26.434560775756836,116.1913833618164
44.22,0.0,-2.3730435371398926,-15.128463745117188,118.56442260742188
44.24,0.0,-2.3730435371398926,-15.128463745117188,123.31051635742188
44.28,0.0,-2.3730435371398926,5.819899082183838,128.67184448242188
44.300000000000004,0.0,-2.3730435371398926,19.083541870117188,131.9237823486328
44.34,0.0,-2.3730435371398926,24.653818130493164,133.76950073242188
44.38,0.0,-2.3730435371398926,32.51249694824219,134.99996948242188
44.42,0.0,-2.3730435371398926,34.983333587646484,134.99996948242188
44.44,0.0,-2.3730435371398926,34.983333587646484,134.82418823242188
44.480000000000004,0.0,-2.3730435371398926,27.937284469604492,133.68161010742188
44.52,0.0,-2.3730435371398926,17.197193145751953,131.30856323242188
44.56,0.0,-2.3730435371398926,3.5898752212524414,126.2988052368164
44.58,0.0,-2.3730435371398926,3.5898752212524414,121.1132583618164
44.62,0.0,-2.3730435371398926,-17.207653045654297,118.74020385742188
44.660000000000004,0.0,-2.3730435371398926,-27.960086822509766,118.21286010742188
44.68,0.0,-2.3730435371398926,-34.04798889160156,118.21286010742188
44.72,0.0,-2.3730435371398926,-34.98640060424805,118.21286010742188
44.76,0.0,-2.3730435371398926,-32.45020294189453,119.79489135742188
44.78,0.0,-2.3730435371398926,-24.479413986206055,123.74996948242188
44.82,0.0,-2.3730435371398926,-18.8404541015625,128.23239135742188
44.86,0.0,-2.3730435371398926,-5.435959815979004,132.3632354736328
44.88,0.0,-2.3730435371398926,8.887486457824707,137.28512573242188
44.92,0.0,-2.3730435371398926,15.637225151062012,140.88865661621094
44.96,0.0,-2.3730435371398926,26.89005470275879,142.82223510742188
45.0,0.0,-2.3730435371398926,33.623138427734375,142.91012573242188
45.02,0.0,-2.3730435371398926,34.90229415893555,142.64645385742188
45.06,0.0,-2.3730435371398926,33.01050567626953,141.76754760742188
45.1,0.0,-2.3730435371398926,25.548664093017578,139.74606323242188
45.12,0.0,-2.3730435371398926,20.088125228881836,136.31832885742188
45.160000000000004,0.0,-2.3730435371398926,6.859423637390137,131.22067260742188
45.18,0.0,-2.3730435371398926,-7.535789489746094,125.0683364868164
45.22,0.0,-2.3730435371398926,-14.406371116638184,121.90426635742188
45.26,0.0,-2.3730435371398926,-26.03458023071289,120.9374771118164
45.28,0.0,-2.3730435371398926,-33.253990173339844,120.9374771118164
45.32,0.0,-2.3730435371398926,-34.78954315185547,120.9374771118164
45.36,0.0,-2.3730435371398926,-33.3804931640625,122.43160247802734
45.4,0.0,-2.3730435371398926,-26.296615600585938,126.0351333618164
45.42,0.0,-2.3730435371398926,-26.296615600585938,130.95700073242188
45.46,0.0,-2.3730435371398926,-7.866584300994873,134.82418823242188
45.5,0.0,-2.3730435371398926,6.581035137176514,139.30661010742188
45.54,0.0,-2.3730435371398926,19.9129638671875,143.26168823242188
45.56,0.0,-2.3730435371398926,29.851093292236328,144.14059448242188
45.6,0.0,-2.3730435371398926,32.98370361328125,144.14059448242188
45.64,0.0,-2.3730435371398926,34.90028381347656,143.87692260742188
45.660000000000004,0.0,-2.3730435371398926,30.843582153320312,141.94332885742188
45.7,0.0,-2.3730435371398926,26.751737594604492,139.74606323242188
45.74,0.0,-2.3730435371398926,15.314839363098145,135.79098510742188
45.76,0.0,-2.3730435371398926,1.2443628311157227,128.93551635742188
45.800000000000004,0.0,-2.3730435371398926,-6.031171798706055,123.39839935302734
45.84,0.0,-2.3730435371398926,-19.49678611755371,120.41012573242188
45.88,0.0,-2.3730435371398926,-29.614681243896484,119.35543823242188
45.92,0.0,-2.3730435371398926,-29.614681243896484,119.2675552368164
45.96,0.0,-2.3730435371398926,-33.69207000732422,119.44332885742188
45.980000000000004,0.0,-2.3730435371398926,-26.93259048461914,121.99214935302734
46.02,0.0,-2.3730435371398926,-21.699838638305664,125.68356323242188
46.04,0.0,-2.3730435371398926,-8.65670394897461,129.55075073242188
46.08,0.0,-2.3730435371398926,-1.4151787757873535,133.59371948242188
46.12,0.0,-2.3730435371398926,12.939324378967285,137.10934448242188
46.160000000000004,0.0,-2.3730435371398926,25.059066772460938,140.62496948242188
46.18,0.0,-2.3730435371398926,29.59743309020996,141.50387573242188
46.22,0.0,-2.3730435371398926,34.640865325927734,141.50387573242188
46.26,0.0,-2.3730435371398926,33.67071533203125,140.88865661621094
46.28,0.0,-2.3730435371398926,30.939144134521484,139.30661010742188
46.32,0.0,-2.3730435371398926,21.572736740112305,136.58200073242188
46.36,0.0,-2.3730435371398926,8.446146011352539,130.86911010742188
46.38,0.0,-2.3730435371398926,1.1704869270324707,124.7167739868164
46.42,0.0,-2.3730435371398926,-13.21786880493164,120.32223510742188
46.44,0.0,-2.3730435371398926,-25.306119918823242,117.42184448242188
46.480000000000004,0.0,-2.3730435371398926,-29.800325393676758,116.98238372802734
46.52,0.0,-2.3730435371398926,-34.70085144042969,116.98238372802734
46.54,0.0,-2.3730435371398926,-33.53241729736328,117.15816497802734
46.58,0.0,-2.3730435371398926,-30.691631317138672,118.74020385742188
46.62,0.0,-2.3730435371398926,-21.115062713623047,121.6406021118164
46.64,0.0,-2.3730435371398926,-7.830565929412842,127.00191497802734
46.68,0.0,-2.3730435371398926,-0.5100287795066833,131.57223510742188
46.72,0.0,-2.3730435371398926,13.878125190734863,133.94528198242188
46.74,0.0,-2.3730435371398926,25.832918167114258,135.35153198242188
46.78,0.0,-2.3730435371398926,30.211692810058594,135.35153198242188
46.82,0.0,-2.3730435371398926,34.802001953125,135.17575073242188
46.84,0.0,-2.3730435371398926,33.26032257080078,134.47262573242188
46.88,0.0,-2.3730435371398926,30.22987174987793,131.83590698242188
46.92,0.0,-2.3730435371398926,20.314489364624023,127.00191497802734
46.94,0.0,-2.3730435371398926,6.805050373077393,120.84957885742188
46.980000000000004,0.0,-2.3730435371398926,-0.5663859248161316,115.04879760742188
47.02,0.0,-2.3730435371398926,-14.909799575805664,110.83004760742188
47.04,0.0,-2.3730435371398926,-26.619009017944336,108.54488372802734
47.08,0.0,-2.3730435371398926,-30.806821823120117,108.28121948242188
47.12,0.0,-2.3730435371398926,-34.91399383544922,108.28121948242188
47.14,0.0,-2.3730435371398926,-34.91399383544922,108.28121948242188
47.18,0.0,-2.3730435371398926,-29.52520751953125,109.95114135742188
47.22,0.0,-2.3730435371398926,-19.15087890625,112.41207885742188
47.24,0.0,-2.3730435371398926,-19.15087890625,117.07027435302734
47.28,0.0,-2.3730435371398926,2.0574803352355957,122.69528198242188
47.32,0.0,-2.3730435371398926,16.29500961303711,128.23239135742188
47.34,0.0,-2.3730435371398926,16.29500961303711,131.83590698242188
47.38,0.0,-2.3730435371398926,31.547128677368164,133.06637573242188
47.42,0.0,-2.3730435371398926,34.9915771484375,133.15426635742188
47.44,0.0,-2.3730435371398926,34.9915771484375,132.89059448242188
47.480000000000004,0.0,-2.3730435371398926,28.537677764892578,132.09957885742188
47.52,0.0,-2.3730435371398926,17.598066329956055,130.34176635742188
47.56,0.0,-2.3730435371398926,3.497950315475464,125.77145385742188
47.6,0.0,-2.3730435371398926,3.497950315475464,120.76168823242188
47.62,0.0,-2.3730435371398926,-23.959148406982422,118.38863372802734
47.660000000000004,0.0,-2.3730435371398926,-28.82416534423828,118.03707122802734
47.7,0.0,-2.3730435371398926,-34.461204528808594,118.03707122802734
47.74,0.0,-2.3730435371398926,-33.894657135009766,118.21286010742188
47.76,0.0,-2.3730435371398926,-33.894657135009766,120.41012573242188
47.800000000000004,0.0,-2.3730435371398926,-31.269519805908203,124.18942260742188
47.84,0.0,-2.3730435371398926,-8.614619255065918,129.11129760742188
47.86,0.0,-2.3730435371398926,-8.614619255065918,133.50582885742188
47.9,0.0,-2.3730435371398926,-1.207425594329834,135.96678161621094
47.94,0.0,-2.3730435371398926,25.6557674407959,137.81246948242188
47.96,0.0,-2.3730435371398926,33.233177185058594,137.90036010742188
48.0,0.0,-2.3730435371398926,33.233177185058594,137.63668823242188
48.04,0.0,-2.3730435371398926,33.17091369628906,136.4940948486328
48.08,0.0,-2.3730435371398926,25.508840560913086,133.85739135742188
48.1,0.0,-2.3730435371398926,13.206745147705078,128.05661010742188
48.14,0.0,-2.3730435371398926,13.206745147705078,121.6406021118164
48.18,0.0,-2.3730435371398926,5.990209579467773,115.40036010742188
48.2,0.0,-2.3730435371398926,-22.230716705322266,108.19332122802734
48.24,0.0,-2.3730435371398926,-22.230716705322266,103.44723510742188
48.28,0.0,-2.3730435371398926,-27.49038314819336,101.2499771118164
48.32,0.0,-2.3730435371398926,-34.344234466552734,100.98629760742188
48.36,0.0,-2.3730435371398926,-28.387113571166992,100.98629760742188
48.38,0.0,-2.3730435371398926,-28.387113571166992,100.98629760742188
48.42,0.0,-2.3730435371398926,-10.314371109008789,101.42575073242188
48.46,0.0,-2.3730435371398926,4.6184916496276855,103.18355560302734
48.5,0.0,-2.3730435371398926,18.711009979248047,104.8534927368164
48.54,0.0,-2.3730435371398926,18.711009979248047,104.8534927368164
48.58,0.0,-2.3730435371398926,24.613779067993164,104.8534927368164
48.6,0.0,-2.3730435371398926,32.770816802978516,104.67770385742188
48.64,0.0,-2.3730435371398926,30.617162704467773,103.09566497802734
48.68,0.0,-2.3730435371398926,20.685941696166992,100.01950073242188
48.72,0.0,-2.3730435371398926,6.935517311096191,95.3613052368164
48.74,0.0,-2.3730435371398926,6.935517311096191,89.20894622802734
48.78,0.0,-2.3730435371398926,-15.230037689208984,85.16598510742188
48.82,0.0,-2.3730435371398926,-27.055511474609375,82.2656021118164
48.84,0.0,-2.3730435371398926,-27.055511474609375,80.94723510742188
48.88,0.0,-2.3730435371398926,-31.197803497314453,81.03512573242188
48.92,0.0,-2.3730435371398926,-32.27570343017578,81.12301635742188
48.96,0.0,-2.3730435371398926,-23.587539672851562,83.23239135742188
48.980000000000004,0.0,-2.3730435371398926,-23.587539672851562,86.8359146118164
49.02,0.0,-2.3730435371398926,-3.073871374130249,90.8788833618164
49.06,0.0,-2.3730435371398926,11.893202781677246,93.33980560302734
49.08,0.0,-2.3730435371398926,24.653818130493164,94.39450073242188
49.120000000000005,0.0,-2.3730435371398926,29.43406105041504,94.39450073242188
49.160000000000004,0.0,-2.3730435371398926,34.67424774169922,94.39450073242188
49.2,0.0,-2.3730435371398926,33.44867706298828,94.48239135742188
49.22,0.0,-2.3730435371398926,33.44867706298828,93.42770385742188
49.26,0.0,-2.3730435371398926,20.292661666870117,89.91207885742188
49.300000000000004,0.0,-2.3730435371398926,6.3540143966674805,84.90231323242188
49.34,0.0,-2.3730435371398926,-8.780196189880371,78.31051635742188
49.36,0.0,-2.3730435371398926,-22.2763614654541,73.82809448242188
49.4,0.0,-2.3730435371398926,-27.593013763427734,71.89450073242188
49.44,0.0,-2.3730435371398926,-34.1100959777832,71.71871948242188
49.46,0.0,-2.3730435371398926,-34.22462844848633,71.71871948242188
49.5,0.0,-2.3730435371398926,-31.822622299194336,73.38864135742188
49.54,0.0,-2.3730435371398926,-22.660341262817383,76.8163833618164
49.56,0.0,-2.3730435371398926,-9.228426933288574,81.21090698242188
49.6,0.0,-2.3730435371398926,-1.6810290813446045,85.8691177368164
49.620000000000005,0.0,-2.3730435371398926,13.295687675476074,89.56050872802734
49.660000000000004,0.0,-2.3730435371398926,13.295687675476074,91.14254760742188
49.7,0.0,-2.3730435371398926,30.300874710083008,91.2304458618164
49.74,0.0,-2.3730435371398926,34.870853424072266,91.2304458618164
49.76,0.0,-2.3730435371398926,32.84771728515625,91.2304458618164
49.800000000000004,0.0,-2.3730435371398926,32.84771728515625,89.82418823242188
49.84,0.0,-2.3730435371398926,18.597644805908203,86.3085708618164
49.88,0.0,-2.3730435371398926,4.2326130867004395,81.29879760742188
49.9,0.0,-2.3730435371398926,-10.942059516906738,75.32223510742188
49.94,0.0,-2.3730435371398926,-17.923704147338867,71.01559448242188
