dt,yaw_cmd,yaw_pos,pitch_cmd,pitch_pos
0.3,0.0,-6.5917510986328125,0.0,-0.35158079862594604
0.3,0.0,-6.5917510986328125,4.688468933105469,-0.35158079862594604
0.3,0.0,-6.5917510986328125,7.73600959777832,-0.35158079862594604
0.3,0.0,-6.5917510986328125,10.664216995239258,-1.9336165189743042
0.3,0.0,-6.5917510986328125,12.068802833557129,-5.625033378601074
0.3,0.0,-6.5917510986328125,14.730626106262207,-10.986349105834961
0.3,0.0,-6.679669380187988,17.160354614257812,-18.808609008789062
0.3,0.0,-6.679669380187988,18.275638580322266,-25.92774200439453
0.34,0.0,-6.679669380187988,20.284141540527344,-32.69533920288086
0.36,0.0,-6.767532825469971,21.969362258911133,-39.902366638183594
0.4,0.0,-6.8554511070251465,22.681716918945312,-46.2304801940918
0.42,0.0,-6.943314552307129,23.830839157104492,-52.29494857788086
0.46,0.0,-7.031232833862305,23.830839157104492,-59.23830795288086
0.5,0.0,-7.031232833862305,24.831283569335938,-64.95118713378906
0.52,0.0,-7.119096279144287,24.998451232910156,-69.87307739257812
0.56,0.0,-7.294877529144287,24.998451232910156,-75.49806213378906
0.6,0.0,-7.470659255981445,24.4893856048584,-80.24417114257812
0.62,0.0,-7.6464409828186035,23.649545669555664,-83.84770202636719
0.66,0.0,-7.734359264373779,23.083515167236328,-87.8906478881836
0.7000000000000001,0.0,-7.734359264373779,21.669992446899414,-90.79104614257812
0.74,0.0,-7.734359264373779,21.669992446899414,-94.04300689697266
0.76,0.0,-7.734359264373779,20.82797622680664,-97.64651489257812
0.8,0.0,-7.734359264373779,16.639432907104492,-100.10745239257812
0.8200000000000001,0.0,-7.734359264373779,14.112456321716309,-100.89847564697266
0.86,0.0,-7.734359264373779,14.112456321716309,-100.89847564697266
0.9,0.0,-7.734359264373779,9.894003868103027,-100.98636627197266
0.9400000000000001,0.0,-7.734359264373779,6.863167762756348,-100.89847564697266
0.96,0.0,-7.734359264373779,6.863167762756348,-100.19534301757812
1.0,0.0,-7.734359264373779,2.113309860229492,-99.40432739257812
1.04,0.0,-7.734359264373779,-1.112650752067566,-97.20706176757812
1.06,0.0,-7.734359264373779,-2.723365545272827,-93.51566314697266
1.1,0.0,-7.734359264373779,-5.906596660614014,-88.7695541381836
1.12,0.0,-7.734359264373779,-8.994436264038086,-84.02347564697266
1.16,0.0,-7.734359264373779,-8.994436264038086,-79.0136947631836
1.2,0.0,-7.734359264373779,-13.333876609802246,-74.44337463378906
1.22,0.0,-7.734359264373779,-15.960205078125,-68.8183822631836
1.26,0.0,-7.734359264373779,-15.960205078125,-62.49026870727539
1.3,0.0,-7.734359264373779,-19.387319564819336,-57.21681213378906
1.32,0.0,-7.734359264373779,-21.272785186767578,-50.712913513183594
1.36,0.0,-7.382795810699463,-21.272785186767578,-44.47269058227539
1.4000000000000001,0.0,-7.294877529144287,-23.4195613861084,-38.84767532348633
1.42,0.0,-7.382795810699463,-24.35921859741211,-31.289085388183594
1.46,0.0,-7.294877529144287,-24.35921859741211,-24.345735549926758
1.5,0.0,-7.294877529144287,-24.988170623779297,-18.01759147644043
1.52,0.0,-7.294877529144287,-24.874675750732422,-12.568385124206543
1.58,0.0,-7.294877529144287,-24.874675750732422,-6.943369388580322
1.6,0.0,-7.294877529144287,-23.3756046295166,-1.4941622018814087
1.6400000000000001,0.0,-7.294877529144287,-22.743568420410156,2.636708974838257
1.68,0.0,-7.382795810699463,-21.1871395111084,4.921844005584717
1.7,0.0,-7.294877529144287,-19.262964248657227,6.767552375793457
1.74,0.0,-7.294877529144287,-18.172771453857422,8.173807144165039
1.76,0.0,-7.294877529144287,-15.75912094116211,9.580060958862305
1.8,0.0,-7.382795810699463,-15.75912094116211,9.843733787536621
1.84,0.0,-7.382795810699463,-11.634665489196777,11.24998664855957
1.86,0.0,-7.294877529144287,-8.617646217346191,11.86522388458252
1.9000000000000001,0.0,-7.382795810699463,-8.617646217346191,11.337878227233887
1.94,0.0,-7.294877529144287,-7.048104286193848,10.81053352355957
1.96,0.0,-7.294877529144287,-0.5233946442604065,9.755843162536621
2.0,0.0,-7.294877529144287,-0.5233946442604065,6.152316093444824
2.04,0.0,-7.382795810699463,4.428578853607178,2.5488181114196777
2.06,0.0,-7.294877529144287,7.648870944976807,-0.9668169021606445
2.1,0.0,-7.294877529144287,7.648870944976807,-7.470714092254639
2.14,0.0,-7.294877529144287,12.215245246887207,-11.865257263183594
2.18,0.0,-7.382795810699463,15.004179954528809,-16.17188262939453
2.2,0.0,-7.294877529144287,17.529783248901367,-23.642608642578125
2.24,0.0,-7.294877529144287,17.529783248901367,-31.464868545532227
2.2800000000000002,0.0,-7.294877529144287,20.725730895996094,-36.8261833190918
2.32,0.0,-7.294877529144287,22.40448760986328,-42.890655517578125
2.34,0.0,-7.294877529144287,23.68440818786621,-51.943389892578125
2.38,0.0,-7.294877529144287,24.16695213317871,-57.832054138183594
2.42,0.0,-7.294877529144287,24.805540084838867,-63.98440933227539
2.44,0.0,-7.294877529144287,24.99889373779297,-70.22463989257812
2.48,0.0,-7.382795810699463,24.926761627197266,-75.14649963378906
2.52,0.0,-7.6464409828186035,24.44561004638672,-80.06838989257812
2.54,0.0,-7.822222709655762,23.522178649902344,-84.46292877197266
2.58,0.0,-7.822222709655762,23.522178649902344,-88.8574447631836
2.62,0.0,-7.822222709655762,21.343433380126953,-93.07621002197266
2.64,0.0,-7.822222709655762,19.398391723632812,-95.80082702636719
2.68,0.0,-7.822222709655762,19.398391723632812,-96.9433822631836
2.72,0.0,-7.822222709655762,18.290267944335938,-98.4375228881836
2.7600000000000002,0.0,-7.822222709655762,13.07280158996582,-100.81057739257812
2.7800000000000002,0.0,-7.822222709655762,10.076112747192383,-101.07424926757812
2.82,0.0,-7.822222709655762,8.503747940063477,-100.89847564697266
2.86,0.0,-7.822222709655762,5.246700763702393,-99.75588989257812
2.88,0.0,-7.822222709655762,1.8897247314453125,-97.20706176757812
2.92,0.0,-7.822222709655762,0.19295619428157806,-93.69144439697266
2.96,0.0,-7.822222709655762,-3.1980676651000977,-90.00003051757812
3.0,0.0,-7.822222709655762,-6.533475399017334,-85.51762390136719
3.02,0.0,-7.822222709655762,-6.533475399017334,-80.68362426757812
3.06,0.0,-7.822222709655762,-8.160888671875,-77.08009338378906
3.1,0.0,-7.822222709655762,-11.297159194946289,-73.56449127197266
3.14,0.0,-7.822222709655762,-16.894153594970703,-68.9941635131836
3.16,0.0,-7.822222709655762,-16.894153594970703,-63.193397521972656
3.2,0.0,-7.822222709655762,-20.294897079467773,-56.86524963378906
3.24,0.0,-7.822222709655762,-22.09836769104004,-49.21876907348633
3.2600000000000002,0.0,-7.382795810699463,-22.84718894958496,-43.330108642578125
3.3000000000000003,0.0,-7.207014083862305,-24.020618438720703,-36.8261833190918
3.3200000000000003,0.0,-7.294877529144287,-24.74308204650879,-28.12501335144043
3.36,0.0,-7.294877529144287,-24.930166244506836,-21.269554138183594
3.38,0.0,-7.294877529144287,-24.950721740722656,-14.150420188903809
3.42,0.0,-7.294877529144287,-24.78372573852539,-8.613295555114746
3.46,0.0,-7.294877529144287,-24.098236083984375,-4.921906471252441
3.5,0.0,-7.294877529144287,-22.95463752746582,-1.2304894924163818
3.52,0.0,-7.294877529144287,-22.21706771850586,1.230454921722412
3.56,0.0,-7.294877529144287,-20.427099227905273,3.8671536445617676
3.6,0.0,-7.294877529144287,-18.24557113647461,5.712862014770508
3.62,0.0,-7.294877529144287,-18.24557113647461,7.20700740814209
3.66,0.0,-7.294877529144287,-17.020349502563477,9.228497505187988
3.7,0.0,-7.294877529144287,-11.361357688903809,10.634751319885254
3.72,0.0,-7.294877529144287,-8.171730041503906,10.81053352355957
3.7600000000000002,0.0,-7.294877529144287,-6.512744903564453,10.371078491210938
3.8000000000000003,0.0,-7.294877529144287,-3.1060996055603027,9.140606880187988
3.8200000000000003,0.0,-7.294877529144287,0.3640096187591553,5.273407459259033
3.86,0.0,-7.294877529144287,2.1019585132598877,0.5273279547691345
3.9,0.0,-7.294877529144287,5.541541576385498,-2.7246344089508057
3.92,0.0,-7.294877529144287,8.877035140991211,-8.26173210144043
3.96,0.0,-7.294877529144287,10.48526668548584,-12.91994857788086
4.0,0.0,-7.294877529144287,13.54322338104248,-17.84181022644043
4.0200000000000005,0.0,-7.294877529144287,16.340007781982422,-25.13675308227539
4.0600000000000005,0.0,-7.294877529144287,17.622900009155273,-31.552759170532227
4.1,0.0,-7.294877529144287,19.925691604614258,-37.17774963378906
4.12,0.0,-7.294877529144287,19.925691604614258,-45.1757926940918
4.16,0.0,-7.294877529144287,22.639062881469727,-52.11916732788086
4.2,0.0,-7.294877529144287,23.900463104248047,-57.91994094848633
4.22,0.0,-7.294877529144287,24.356252670288086,-64.51173400878906
4.26,0.0,-7.294877529144287,24.905874252319336,-69.87307739257812
4.3,0.0,-7.294877529144287,24.96360969543457,-75.41017150878906
4.32,0.0,-7.558577537536621,24.806812286376953,-79.98049926757812
4.34,0.0,-7.822222709655762,24.124841690063477,-83.93559265136719
4.38,0.0,-7.822222709655762,24.124841690063477,-88.8574447631836
4.42,0.0,-7.822222709655762,22.208114624023438,-93.16410064697266
4.44,0.0,-7.822222709655762,20.369487762451172,-96.1523666381836
4.48,0.0,-7.822222709655762,20.369487762451172,-97.7343978881836
4.5200000000000005,0.0,-7.822222709655762,16.858659744262695,-100.28323364257812
4.5600000000000005,0.0,-7.822222709655762,14.082782745361328,-101.77738189697266
4.58,0.0,-7.822222709655762,11.021450996398926,-102.04104614257812
4.62,0.0,-7.822222709655762,11.021450996398926,-101.77738189697266
4.66,0.0,-7.822222709655762,6.028414249420166,-101.25003814697266
4.68,0.0,-7.822222709655762,2.5293400287628174,-100.01956939697266
4.72,0.0,-7.822222709655762,2.5293400287628174,-97.20706176757812
4.76,0.0,-7.822222709655762,-2.7992382049560547,-93.95511627197266
4.78,0.0,-7.822222709655762,-6.300106525421143,-90.52738189697266
4.82,0.0,-7.822222709655762,-6.300106525421143,-84.99027252197266
4.86,0.0,-7.822222709655762,-8.008234977722168,-81.12307739257812
4.9,0.0,-7.822222709655762,-14.357298851013184,-77.6953353881836
4.92,0.0,-7.822222709655762,-17.128276824951172,-70.92776489257812
4.96,0.0,-7.822222709655762,-17.128276824951172,-63.193397521972656
5.0,0.0,-7.822222709655762,-20.616737365722656,-57.0410270690918
5.04,0.0,-7.822222709655762,-22.425918579101562,-49.48244094848633
5.0600000000000005,0.0,-7.558577537536621,-22.425918579101562,-43.505889892578125
5.1000000000000005,0.0,-7.207014083862305,-24.269060134887695,-37.3535270690918
5.12,0.0,-7.294877529144287,-24.87844467163086,-28.828140258789062
5.16,0.0,-7.294877529144287,-24.87844467163086,-21.621116638183594
5.2,0.0,-7.294877529144287,-24.828351974487305,-14.414093971252441
5.24,0.0,-7.294877529144287,-24.15096664428711,-9.580095291137695
5.26,0.0,-7.294877529144287,-22.971464157104492,-5.712924480438232
5.3,0.0,-7.294877529144287,-22.200220108032227,-2.5488526821136475
5.34,0.0,-7.294877529144287,-20.31395149230957,-0.17579905688762665
5.36,0.0,-7.294877529144287,-18.00196647644043,1.9335819482803345
5.4,0.0,-7.294877529144287,-18.00196647644043,2.812490701675415
5.44,0.0,-7.294877529144287,-13.841041564941406,4.5702805519104
5.46,0.0,-7.294877529144287,-10.688347816467285,5.273407459259033
5.5,0.0,-7.294877529144287,-10.688347816467285,5.009735107421875
5.54,0.0,-7.294877529144287,-5.554360389709473,4.218717098236084
5.5600000000000005,0.0,-7.294877529144287,-1.9659678936004639,4.130825996398926
5.6000000000000005,0.0,-7.294877529144287,-1.9659678936004639,0.6152188181877136
5.64,0.0,-7.294877529144287,3.477022171020508,-2.3730709552764893
5.68,0.0,-7.294877529144287,7.034057140350342,-6.2402424812316895
5.7,0.0,-7.294877529144287,10.44530963897705,-13.09572982788086
5.74,0.0,-7.294877529144287,10.44530963897705,-19.951190948486328
5.78,0.0,-7.294877529144287,12.073320388793945,-25.40039825439453
5.82,0.0,-7.294877529144287,17.867868423461914,-29.355487823486328
5.84,0.0,-7.294877529144287,20.226303100585938,-34.62894058227539
5.88,0.0,-7.294877529144287,21.24692153930664,-40.517601013183594
5.92,0.0,-7.294877529144287,22.942846298217773,-48.07618713378906
5.96,0.0,-7.294877529144287,24.147933959960938,-58.095726013183594
5.98,0.0,-7.294877529144287,24.834835052490234,-66.35743713378906
6.0200000000000005,0.0,-7.294877529144287,24.834835052490234,-73.12503814697266
6.0600000000000005,0.0,-7.470659255981445,24.861040115356445,-78.4863510131836
6.1000000000000005,0.0,-7.822222709655762,24.206266403198242,-83.23246002197266
6.12,0.0,-7.822222709655762,24.206266403198242,-88.24221801757812
6.16,0.0,-7.9101409912109375,22.247251510620117,-92.19730377197266
6.2,0.0,-7.822222709655762,20.329158782958984,-95.00981140136719
6.22,0.0,-7.822222709655762,20.329158782958984,-96.85548400878906
6.26,0.0,-7.822222709655762,16.634565353393555,-100.01956939697266
6.3,0.0,-7.822222709655762,13.7030611038208,-101.68949127197266
6.32,0.0,-7.822222709655762,13.7030611038208,-102.04104614257812
6.36,0.0,-7.822222709655762,8.76046371459961,-102.04104614257812
6.4,0.0,-7.822222709655762,5.2059550285339355,-101.86527252197266
6.42,0.0,-7.822222709655762,1.5336923599243164,-100.01956939697266
6.46,0.0,-7.822222709655762,1.5336923599243164,-96.5039291381836
6.5,0.0,-7.9101409912109375,-4.019021987915039,-92.98831176757812
6.54,0.0,-7.822222709655762,-7.631340980529785,-88.0664291381836
6.5600000000000005,0.0,-7.822222709655762,-7.631340980529785,-82.44144439697266
6.6000000000000005,0.0,-7.822222709655762,-12.715620040893555,-78.2226791381836
6.640000000000001,0.0,-7.822222709655762,-15.771986961364746,-72.15823364257812
6.66,0.0,-7.822222709655762,-18.48077964782715,-64.16019439697266
6.7,0.0,-7.822222709655762,-18.48077964782715,-56.07423400878906
6.74,0.0,-7.822222709655762,-21.760540008544922,-48.69142532348633
6.78,0.0,-7.558577537536621,-23.351842880249023,-43.94534683227539
6.8,0.0,-7.294877529144287,-24.42227554321289,-35.7714958190918
6.84,0.0,-7.294877529144287,-24.42227554321289,-27.68556022644043
6.88,0.0,-7.294877529144287,-24.998876571655273,-21.093772888183594
6.92,0.0,-7.294877529144287,-24.682373046875,-14.589875221252441
6.94,0.0,-7.294877529144287,-23.809757232666016,-9.404313087463379
6.98,0.0,-7.294877529144287,-23.170082092285156,-5.976569652557373
7.0,0.0,-7.294877529144287,-21.50110626220703,-2.988306999206543
7.04,0.0,-7.294877529144287,-20.480886459350586,-0.7031443119049072
7.08,0.0,-7.294877529144287,-18.09700584411621,1.054673194885254
7.1000000000000005,0.0,-7.294877529144287,-15.300276756286621,2.1972546577453613
7.140000000000001,0.0,-7.294877529144287,-13.766257286071777,2.2851455211639404
7.18,0.0,-7.294877529144287,-10.469929695129395,2.2851455211639404
7.2,0.0,-7.294877529144287,-6.931837558746338,1.9335819482803345
7.24,0.0,-7.294877529144287,-5.096990585327148,0.9667823314666748
7.28,0.0,-7.294877529144287,-1.3478530645370483,-1.757834792137146
7.3,0.0,-7.294877529144287,2.435657024383545,-5.712924480438232
7.34,0.0,-7.294877529144287,4.31318998336792,-9.580095291137695
7.38,0.0,-7.294877529144287,7.985804557800293,-14.238311767578125
7.4,0.0,-7.294877529144287,11.47807502746582,-20.12697410583496
7.44,0.0,-7.294877529144287,13.131059646606445,-26.279306411743164
7.48,0.0,-7.294877529144287,16.20258140563965,-32.51955795288086
7.5,0.0,-7.294877529144287,18.902360916137695,-39.37501907348633
7.54,0.0,-7.294877529144287,20.092613220214844,-46.6699333190918
7.5600000000000005,0.0,-7.294877529144287,22.118576049804688,-53.701202392578125
7.6000000000000005,0.0,-7.294877529144287,22.118576049804688,-61.17190170288086
7.640000000000001,0.0,-7.294877529144287,22.942180633544922,-66.70899963378906
7.68,0.0,-7.294877529144287,24.867216110229492,-71.98246002197266
7.7,0.0,-7.470659255981445,24.968963623046875,-78.9258041381836
7.74,0.0,-7.822222709655762,24.800678253173828,-84.55081939697266
7.76,0.0,-7.822222709655762,24.029699325561523,-88.59378051757812
7.8,0.0,-7.9101409912109375,24.029699325561523,-93.42777252197266
7.84,0.0,-7.9101409912109375,21.824386596679688,-97.5586166381836
7.86,0.0,-7.9101409912109375,19.70307731628418,-100.28323364257812
7.9,0.0,-7.9101409912109375,18.464176177978516,-101.07424926757812
7.94,0.0,-7.822222709655762,15.665582656860352,-102.65628814697266
7.98,0.0,-7.9101409912109375,14.122138977050781,-102.91996002197266
8.0,0.0,-7.822222709655762,12.494412422180176,-102.83207702636719
8.040000000000001,0.0,-7.9101409912109375,7.203060626983643,-102.83207702636719
8.08,0.0,-7.9101409912109375,3.4399845600128174,-102.74417877197266
8.1,0.0,-7.9101409912109375,3.4399845600128174,-101.86527252197266
8.14,0.0,-7.822222709655762,-2.335890531539917,-99.6679916381836
8.18,0.0,-7.822222709655762,-6.140433311462402,-96.1523666381836
8.2,0.0,-7.9101409912109375,-6.140433311462402,-89.7363510131836
8.24,0.0,-7.9101409912109375,-11.551135063171387,-84.90238189697266
8.28,0.0,-7.9101409912109375,-14.834281921386719,-80.50784301757812
8.3,0.0,-7.9101409912109375,-14.834281921386719,-73.91605377197266
8.34,0.0,-7.822222709655762,-19.074628829956055,-66.70899963378906
8.38,0.0,-7.9101409912109375,-21.34465980529785,-60.73244857788086
8.4,0.0,-7.822222709655762,-23.10231590270996,-51.15237045288086
8.44,0.0,-7.470659255981445,-23.77479362487793,-45.00000762939453
8.48,0.0,-7.382795810699463,-24.685775756835938,-38.67189407348633
8.52,0.0,-7.382795810699463,-24.999893188476562,-29.091814041137695
8.540000000000001,0.0,-7.382795810699463,-24.7078914642334,-21.181663513183594
8.58,0.0,-7.382795810699463,-24.335721969604492,-14.150420188903809
8.620000000000001,0.0,-7.382795810699463,-23.149333953857422,-9.580095291137695
8.64,0.0,-7.382795810699463,-23.149333953857422,-6.152351379394531
8.68,0.0,-7.382795810699463,-20.32244873046875,-3.3398704528808594
8.72,0.0,-7.382795810699463,-17.804576873779297,-0.8789260387420654
8.74,0.0,-7.382795810699463,-17.804576873779297,-0.17579905688762665
8.78,0.0,-7.382795810699463,-16.377140045166016,0.26365530490875244
8.82,0.0,-7.382795810699463,-9.751821517944336,1.5820183753967285
8.84,0.0,-7.382795810699463,-6.032480716705322,1.5820183753967285
8.88,0.0,-7.382795810699463,-4.109953880310059,1.054673194885254
8.92,0.0,-7.382795810699463,-0.19819375872612,-0.5273625254631042
8.94,0.0,-7.382795810699463,-0.19819375872612,-4.834015846252441
8.98,0.0,-7.382795810699463,5.6548662185668945,-9.404313087463379
9.02,0.0,-7.382795810699463,9.406248092651367,-13.623075485229492
9.040000000000001,0.0,-7.382795810699463,12.927602767944336,-20.742210388183594
9.08,0.0,-7.382795810699463,14.574199676513672,-28.388687133789062
9.1,0.0,-7.382795810699463,17.587480545043945,-35.06836700439453
9.14,0.0,-7.382795810699463,17.587480545043945,-43.066436767578125
9.18,0.0,-7.382795810699463,21.26959228515625,-50.53713607788086
9.22,0.0,-7.382795810699463,23.074596405029297,-57.21681213378906
9.24,0.0,-7.382795810699463,24.30350112915039,-65.74220275878906
9.28,0.0,-7.382795810699463,24.30350112915039,-72.59769439697266
9.32,0.0,-7.382795810699463,24.99997901916504,-78.0468978881836
9.34,0.0,-7.6464409828186035,24.680288314819336,-83.23246002197266
9.38,0.0,-7.822222709655762,24.680288314819336,-88.59378051757812
9.42,0.0,-7.822222709655762,23.040651321411133,-93.16410064697266
9.46,0.0,-7.822222709655762,21.211999893188477,-95.97657775878906
9.48,0.0,-7.9101409912109375,21.211999893188477,-98.4375228881836
9.52,0.0,-7.822222709655762,17.477256774902344,-101.60159301757812
9.56,0.0,-7.9101409912109375,14.416304588317871,-103.62308502197266
9.58,0.0,-7.9101409912109375,10.986177444458008,-103.79887390136719
9.620000000000001,0.0,-7.822222709655762,10.986177444458008,-103.44730377197266
9.66,0.0,-7.822222709655762,9.159340858459473,-102.39262390136719
9.68,0.0,-7.9101409912109375,1.3806709051132202,-102.30472564697266
9.72,0.0,-7.9101409912109375,1.3806709051132202,-100.54690551757812
9.76,0.0,-7.822222709655762,-0.6198745965957642,-97.2949447631836
9.78,0.0,-7.822222709655762,-8.463470458984375,-93.07621002197266
9.82,0.0,-7.822222709655762,-8.463470458984375,-86.39649963378906
9.86,0.0,-7.822222709655762,-13.82919692993164,-80.85940551757812
9.88,0.0,-7.822222709655762,-16.98367691040039,-75.93751525878906
9.92,0.0,-7.822222709655762,-16.98367691040039,-66.18165588378906
9.96,0.0,-7.822222709655762,-20.87599754333496,-60.11721420288086
10.0,0.0,-7.6464409828186035,-22.811656951904297,-52.11916732788086
10.02,0.0,-7.382795810699463,-24.1577205657959,-44.47269058227539
10.06,0.0,-7.382795810699463,-24.1577205657959,-36.1230583190918
10.1,0.0,-7.382795810699463,-24.9958438873291,-28.564470291137695
10.14,0.0,-7.382795810699463,-24.743642807006836,-22.060571670532227
10.16,0.0,-7.382795810699463,-23.84588623046875,-13.974638938903809
10.200000000000001,0.0,-7.382795810699463,-23.161073684692383,-9.228531837463379
10.24,0.0,-7.382795810699463,-21.3409366607666,-6.591805934906006
10.26,0.0,-7.382795810699463,-21.3409366607666,-4.218779563903809
10.3,0.0,-7.382795810699463,-17.57807731628418,-1.4941622018814087
10.34,0.0,-7.382795810699463,-14.475019454956055,0.26365530490875244
10.36,0.0,-7.382795810699463,-10.988411903381348,0.43943706154823303
10.4,0.0,-7.382795810699463,-9.129337310791016,-1.7302845662925392e-05
10.44,0.0,-7.382795810699463,-5.240478515625,-1.845725655555725
10.46,0.0,-7.382795810699463,-5.240478515625,-6.064460754394531
10.5,0.0,-7.382795810699463,0.8256571292877197,-8.26173210144043
10.540000000000001,0.0,-7.382795810699463,4.869231224060059,-10.371113777160645
10.58,0.0,-7.382795810699463,8.787071228027344,-15.732429504394531
10.6,0.0,-7.382795810699463,8.787071228027344,-23.027372360229492
10.64,0.0,-7.382795810699463,14.200955390930176,-29.61916160583496
10.66,0.0,-7.382795810699463,17.36041259765625,-35.06836700439453
10.700000000000001,0.0,-7.382795810699463,18.772212982177734,-42.01174545288086
10.74,0.0,-7.382795810699463,21.21202850341797,-49.74611282348633
10.76,0.0,-7.382795810699463,21.21202850341797,-58.095726013183594
10.8,0.0,-7.382795810699463,23.794057846069336,-64.33594512939453
10.84,0.0,-7.382795810699463,24.72740364074707,-70.57620239257812
10.86,0.0,-7.382795810699463,24.72740364074707,-77.5195541381836
10.9,0.0,-7.558577537536621,24.878707885742188,-82.79300689697266
10.94,0.0,-7.822222709655762,24.14061737060547,-87.7148666381836
10.96,0.0,-7.822222709655762,22.74994659423828,-92.72464752197266
11.0,0.0,-7.9101409912109375,22.74994659423828,-96.41603088378906
11.040000000000001,0.0,-7.822222709655762,19.52360725402832,-100.37112426757812
11.08,0.0,-7.822222709655762,16.69525718688965,-103.09574127197266
11.1,0.0,-7.822222709655762,16.69525718688965,-103.44730377197266
11.14,0.0,-7.822222709655762,11.624812126159668,-103.53519439697266
11.18,0.0,-7.822222709655762,7.825158596038818,-103.62308502197266
11.200000000000001,0.0,-7.9101409912109375,7.825158596038818,-103.53519439697266
11.24,0.0,-7.822222709655762,1.7532005310058594,-102.39262390136719
11.28,0.0,-7.822222709655762,-2.3823766708374023,-100.37112426757812
11.3,0.0,-7.822222709655762,-4.4340691566467285,-96.9433822631836
11.34,0.0,-7.9101409912109375,-8.434804916381836,-91.93363189697266
11.36,0.0,-7.822222709655762,-12.207201957702637,-84.63871002197266
11.4,0.0,-7.822222709655762,-13.974833488464355,-79.36526489257812
11.44,0.0,-7.822222709655762,-17.21155548095703,-72.42191314697266
11.46,0.0,-7.822222709655762,-19.97611427307129,-63.720741271972656
11.5,0.0,-7.734359264373779,-21.15651512145996,-56.4257926940918
11.540000000000001,0.0,-7.470659255981445,-23.071853637695312,-48.51564025878906
11.58,0.0,-7.470659255981445,-24.34947967529297,-41.92385482788086
11.6,0.0,-7.382795810699463,-24.34947967529297,-33.134796142578125
11.64,0.0,-7.382795810699463,-24.994123458862305,-26.191415786743164
11.68,0.0,-7.382795810699463,-24.556060791015625,-19.072282791137695
11.700000000000001,0.0,-7.470659255981445,-23.433095932006836,-11.865257263183594
11.74,0.0,-7.470659255981445,-22.6232967376709,-7.998059272766113
11.76,0.0,-7.470659255981445,-20.534313201904297,-5.888679027557373
11.8,0.0,-7.470659255981445,-20.534313201904297,-4.394561290740967
11.84,0.0,-7.470659255981445,-19.269372940063477,-2.8125252723693848
11.86,0.0,-7.470659255981445,-12.953482627868652,-0.6152534484863281
11.9,0.0,-7.470659255981445,-12.953482627868652,-1.7302845662925392e-05
11.94,0.0,-7.470659255981445,-7.214972019195557,-0.17579905688762665
11.96,0.0,-7.470659255981445,-3.108048677444458,-0.7910351753234863
12.0,0.0,-7.470659255981445,-3.108048677444458,-4.570343017578125
12.040000000000001,0.0,-7.470659255981445,3.1863272190093994,-8.613295555114746
12.08,0.0,-7.470659255981445,7.299001693725586,-12.128931045532227
12.1,0.0,-7.470659255981445,11.208175659179688,-18.808609008789062
12.14,0.0,-7.470659255981445,11.208175659179688,-27.33399772644043
12.18,0.0,-7.470659255981445,16.448612213134766,-34.101593017578125
12.200000000000001,0.0,-7.470659255981445,19.38043975830078,-39.550804138183594
12.24,0.0,-7.470659255981445,19.38043975830078,-48.51564025878906
12.280000000000001,0.0,-7.470659255981445,22.724044799804688,-56.1621208190918
12.3,0.0,-7.382795810699463,24.15537452697754,-62.84183120727539
12.34,0.0,-7.470659255981445,24.15537452697754,-71.54299926757812
12.38,0.0,-7.470659255981445,24.99948501586914,-77.1679916381836
12.4,0.0,-7.470659255981445,24.66753578186035,-82.17776489257812
12.44,0.0,-7.734359264373779,24.66753578186035,-87.80274963378906
12.48,0.0,-7.822222709655762,22.846923828125,-92.19730377197266
12.52,0.0,-7.9101409912109375,20.799833297729492,-95.80082702636719
12.540000000000001,0.0,-7.9101409912109375,20.799833297729492,-97.64651489257812
12.58,0.0,-7.822222709655762,16.62251853942871,-100.37112426757812
12.620000000000001,0.0,-7.9101409912109375,13.215261459350586,-102.39262390136719
12.64,0.0,-7.822222709655762,9.421920776367188,-102.74417877197266
12.68,0.0,-7.9101409912109375,9.421920776367188,-102.39262390136719
12.72,0.0,-7.822222709655762,3.2493844032287598,-101.42581939697266
12.74,0.0,-7.822222709655762,-1.013537883758545,-99.2285385131836
12.780000000000001,0.0,-7.9101409912109375,-1.013537883758545,-94.13089752197266
12.82,0.0,-7.822222709655762,-7.320263862609863,-88.7695541381836
12.86,0.0,-7.822222709655762,-11.28687858581543,-84.37504577636719
12.88,0.0,-7.822222709655762,-14.926140785217285,-78.8379135131836
12.92,0.0,-7.822222709655762,-16.588945388793945,-72.24613189697266
12.96,0.0,-7.822222709655762,-19.539169311523438,-64.51173400878906
12.98,0.0,-7.822222709655762,-21.917097091674805,-55.19532012939453
13.02,0.0,-7.382795810699463,-21.917097091674805,-46.4062614440918
13.06,0.0,-7.382795810699463,-24.259624481201172,-40.429710388183594
13.1,0.0,-7.382795810699463,-24.935462951660156,-32.43166732788086
13.120000000000001,0.0,-7.382795810699463,-24.8741512298584,-24.609407424926758
13.16,0.0,-7.382795810699463,-24.566204071044922,-17.84181022644043
13.18,0.0,-7.382795810699463,-23.406007766723633,-12.304712295532227
13.22,0.0,-7.382795810699463,-23.406007766723633,-7.998059272766113
13.26,0.0,-7.382795810699463,-20.37616729736328,-4.921906471252441
13.3,0.0,-7.382795810699463,-17.581802368164062,-2.5488526821136475
13.32,0.0,-7.382795810699463,-14.260705947875977,-1.757834792137146
13.36,0.0,-7.382795810699463,-12.432685852050781,-1.9336165189743042
13.4,0.0,-7.382795810699463,-8.509387969970703,-2.5488526821136475
13.42,0.0,-7.382795810699463,-4.328022003173828,-5.361361026763916
13.46,0.0,-7.382795810699463,-2.1793487071990967,-8.085949897766113
13.48,0.0,-7.382795810699463,2.15351939201355,-11.337912559509277
13.52,0.0,-7.382795810699463,2.15351939201355,-16.787120819091797
13.56,0.0,-7.382795810699463,4.305115699768066,-19.775409698486328
13.6,0.0,-7.382795810699463,12.437230110168457,-22.412134170532227
13.620000000000001,0.0,-7.382795810699463,16.00450897216797,-28.12501335144043
13.66,0.0,-7.382795810699463,16.00450897216797,-36.0351676940918
13.700000000000001,0.0,-7.382795810699463,20.42294692993164,-43.330108642578125
13.74,0.0,-7.382795810699463,22.614931106567383,-53.17386245727539
13.76,0.0,-7.382795810699463,22.614931106567383,-62.49026870727539
13.82,0.0,-7.382795810699463,24.896194458007812,-72.07034301757812
13.84,0.0,-7.382795810699463,24.896194458007812,-79.10159301757812
13.88,0.0,-7.470659255981445,24.634889602661133,-84.19925689697266
13.92,0.0,-7.6464409828186035,23.517208099365234,-88.9453353881836
13.94,0.0,-7.9101409912109375,23.517208099365234,-93.60355377197266
13.98,0.0,-7.822222709655762,22.685317993164062,-97.9101791381836
14.02,0.0,-7.822222709655762,17.69641876220703,-100.98636627197266
14.040000000000001,0.0,-7.822222709655762,14.34078598022461,-103.00785064697266
14.08,0.0,-7.822222709655762,12.489535331726074,-103.00785064697266
14.120000000000001,0.0,-7.822222709655762,8.51076602935791,-102.56839752197266
14.14,0.0,-7.822222709655762,8.51076602935791,-101.60159301757812
14.18,0.0,-7.822222709655762,2.0849955081939697,-99.58010864257812
14.22,0.0,-7.9101409912109375,-2.311692714691162,-96.5039291381836
14.24,0.0,-7.9101409912109375,-2.311692714691162,-90.70315551757812
14.280000000000001,0.0,-7.822222709655762,-8.736912727355957,-86.13285827636719
14.32,0.0,-7.822222709655762,-12.713004112243652,-82.00199127197266
14.34,0.0,-7.822222709655762,-12.713004112243652,-76.64064025878906
14.38,0.0,-7.822222709655762,-17.906217575073242,-69.7851791381836
14.42,0.0,-7.822222709655762,-20.695646286010742,-63.017616271972656
14.44,0.0,-7.822222709655762,-20.695646286010742,-52.646514892578125
14.48,0.0,-7.470659255981445,-21.853702545166016,-45.4394645690918
14.52,0.0,-7.382795810699463,-21.853702545166016,-36.8261833190918
14.56,0.0,-7.382795810699463,-24.992570877075195,-29.882831573486328
14.6,0.0,-7.382795810699463,-24.49254035949707,-22.67580795288086
14.620000000000001,0.0,-7.382795810699463,-23.22197723388672,-15.644537925720215
14.66,0.0,-7.470659255981445,-22.308748245239258,-10.459003448486328
14.68,0.0,-7.382795810699463,-19.961286544799805,-7.470714092254639
14.72,0.0,-7.470659255981445,-19.961286544799805,-5.537142753601074
14.76,0.0,-7.382795810699463,-15.28328800201416,-3.779325246810913
14.8,0.0,-7.470659255981445,-11.53515338897705,-2.7246344089508057
14.82,0.0,-7.382795810699463,-7.4184370040893555,-2.8125252723693848
14.86,0.0,-7.382795810699463,-7.4184370040893555,-4.04299783706665
14.9,0.0,-7.382795810699463,-0.8385871648788452,-6.943369388580322
14.94,0.0,-7.470659255981445,3.6150667667388916,-10.195331573486328
14.98,0.0,-7.470659255981445,3.6150667667388916,-16.611337661743164
15.02,0.0,-7.382795810699463,5.808806419372559,-22.939481735229492
15.040000000000001,0.0,-7.382795810699463,15.757698059082031,-27.070323944091797
15.08,0.0,-7.470659255981445,15.757698059082031,-32.16799545288086
15.120000000000001,0.0,-7.470659255981445,20.34773826599121,-37.61720275878906
15.14,0.0,-7.470659255981445,22.613445281982422,-44.82422637939453
15.18,0.0,-7.382795810699463,22.613445281982422,-56.1621208190918
15.22,0.0,-7.470659255981445,24.635089874267578,-64.07230377197266
15.24,0.0,-7.470659255981445,24.999046325683594,-72.33401489257812
15.280000000000001,0.0,-7.470659255981445,24.999046325683594,-78.66213989257812
15.32,0.0,-7.470659255981445,24.03533363342285,-84.37504577636719
15.34,0.0,-7.6464409828186035,22.41396141052246,-88.8574447631836
15.38,0.0,-7.822222709655762,22.41396141052246,-92.72464752197266
15.42,0.0,-7.822222709655762,18.639997482299805,-96.41603088378906
15.46,0.0,-7.822222709655762,15.346111297607422,-98.7011947631836
15.48,0.0,-7.822222709655762,13.50366497039795,-98.87698364257812
15.52,0.0,-7.822222709655762,9.502035140991211,-98.7011947631836
15.56,0.0,-7.822222709655762,5.187408447265625,-97.64651489257812
15.6,0.0,-7.822222709655762,0.6999840140342712,-93.69144439697266
15.64,0.0,-7.822222709655762,-3.813833236694336,-87.2754135131836
15.66,0.0,-7.822222709655762,-3.813833236694336,-81.91410064697266
15.700000000000001,0.0,-7.822222709655762,-10.31143569946289,-77.8711166381836
15.74,0.0,-7.822222709655762,-14.25317668914795,-72.24613189697266
15.76,0.0,-7.822222709655762,-17.729129791259766,-64.42384338378906
15.8,0.0,-7.822222709655762,-17.729129791259766,-55.8984489440918
15.84,0.0,-7.822222709655762,-21.82183074951172,-47.72462463378906
15.88,0.0,-7.470659255981445,-23.669410705566406,-42.36330795288086
15.9,0.0,-7.382795810699463,-23.669410705566406,-33.574249267578125
15.94,0.0,-7.382795810699463,-24.962953567504883,-26.191415786743164
15.98,0.0,-7.382795810699463,-24.795738220214844,-19.160173416137695
16.0,0.0,-7.382795810699463,-24.402036666870117,-12.128931045532227
16.04,0.0,-7.382795810699463,-23.009607315063477,-7.470714092254639
16.06,0.0,-7.382795810699463,-20.850313186645508,-3.779325246810913
16.1,0.0,-7.382795810699463,-20.850313186645508,-0.9668169021606445
16.14,0.0,-7.382795810699463,-16.33356475830078,0.26365530490875244
16.18,0.0,-7.382795810699463,-12.614893913269043,0.7031096816062927
16.2,0.0,-7.382795810699463,-12.614893913269043,0.43943706154823303
16.240000000000002,0.0,-7.382795810699463,-6.282668590545654,-0.26368993520736694
16.28,0.0,-7.382795810699463,-1.7634410858154297,-0.5273625254631042
16.3,0.0,-7.382795810699463,0.529312014579773,-4.13088846206665
16.34,0.0,-7.382795810699463,5.084811687469482,-8.876968383789062
16.38,0.0,-7.382795810699463,9.472596168518066,-16.08399200439453
16.4,0.0,-7.382795810699463,9.472596168518066,-23.994171142578125
16.44,0.0,-7.382795810699463,15.417892456054688,-30.49806785583496
16.48,0.0,-7.382795810699463,18.760705947875977,-36.8261833190918
16.5,0.0,-7.382795810699463,18.760705947875977,-45.52735137939453
16.54,0.0,-7.382795810699463,22.55880355834961,-53.87698745727539
16.580000000000002,0.0,-7.382795810699463,24.152679443359375,-61.435577392578125
16.6,0.0,-7.382795810699463,24.926971435546875,-70.48831176757812
16.64,0.0,-7.382795810699463,24.996829986572266,-76.2890853881836
16.68,0.0,-7.382795810699463,24.497777938842773,-81.12307739257812
16.72,0.0,-7.558577537536621,23.16261100769043,-86.48439025878906
16.740000000000002,0.0,-7.734359264373779,23.16261100769043,-90.52738189697266
16.78,0.0,-7.9101409912109375,19.69525718688965,-94.92191314697266
16.82,0.0,-7.9101409912109375,16.520082473754883,-97.8222885131836
16.84,0.0,-7.822222709655762,16.520082473754883,-98.7011947631836
16.88,0.0,-7.9101409912109375,10.729523658752441,-98.7011947631836
16.92,0.0,-7.9101409912109375,6.375598907470703,-98.7011947631836
16.94,0.0,-7.822222709655762,6.375598907470703,-98.52542114257812
16.98,0.0,-7.9101409912109375,-0.524075448513031,-96.7676010131836
17.02,0.0,-7.822222709655762,-5.138953685760498,-93.77934265136719
17.04,0.0,-7.822222709655762,-9.579713821411133,-87.7148666381836
17.080000000000002,0.0,-7.9101409912109375,-9.579713821411133,-81.56253814697266
17.12,0.0,-7.822222709655762,-15.580060005187988,-76.46485900878906
17.16,0.0,-7.822222709655762,-18.936256408691406,-68.9062728881836
17.18,0.0,-7.822222709655762,-20.375104904174805,-61.435577392578125
17.22,0.0,-7.822222709655762,-22.710803985595703,-51.943389892578125
17.26,0.0,-7.6464409828186035,-24.25734519958496,-43.94534683227539
17.28,0.0,-7.294877529144287,-24.25734519958496,-33.398468017578125
17.32,0.0,-7.294877529144287,-24.983531951904297,-25.224641799926758
17.36,0.0,-7.294877529144287,-24.377748489379883,-17.402355194091797
17.38,0.0,-7.294877529144287,-24.377748489379883,-8.613295555114746
17.42,0.0,-7.294877529144287,-21.882169723510742,-3.4277613162994385
17.46,0.0,-7.294877529144287,-19.242834091186523,1.5820183753967285
17.48,0.0,-7.294877529144287,-19.242834091186523,6.415988922119141
17.52,0.0,-7.294877529144287,-14.04727554321289,8.701151847839355
17.56,0.0,-7.294877529144287,-9.934897422790527,9.316388130187988
17.6,0.0,-7.294877529144287,-5.468966007232666,8.789043426513672
17.62,0.0,-7.294877529144287,-5.468966007232666,7.470679759979248
17.66,0.0,-7.294877529144287,-3.1521151065826416,2.9882724285125732
17.7,0.0,-7.294877529144287,1.547206163406372,-1.2304894924163818
17.72,0.0,-7.294877529144287,10.627062797546387,-6.064460754394531
17.76,0.0,-7.294877529144287,10.627062797546387,-13.710967063903809
17.8,0.0,-7.294877529144287,16.52725601196289,-21.00588035583496
17.82,0.0,-7.294877529144287,19.756925582885742,-28.916034698486328
17.86,0.0,-7.294877529144287,19.756925582885742,-38.93556594848633
17.900000000000002,0.0,-7.294877529144287,23.255510330200195,-48.42775344848633
17.92,0.0,-7.294877529144287,24.5667724609375,-56.1621208190918
17.96,0.0,-7.294877529144287,24.5667724609375,-65.21485900878906
18.0,0.0,-7.294877529144287,24.880414962768555,-72.15823364257812
18.04,0.0,-7.294877529144287,23.973527908325195,-77.5195541381836
18.06,0.0,-7.294877529144287,23.973527908325195,-81.82620239257812
18.1,0.0,-7.558577537536621,21.01546287536621,-85.95707702636719
18.14,0.0,-7.6464409828186035,18.078983306884766,-89.12112426757812
18.16,0.0,-7.822222709655762,18.078983306884766,-90.1758041381836
18.22,0.0,-7.822222709655762,16.35799789428711,-90.87893676757812
18.240000000000002,0.0,-7.822222709655762,5.877837181091309,-92.46097564697266
18.28,0.0,-7.822222709655762,5.877837181091309,-92.90042877197266
18.32,0.0,-7.822222709655762,-1.2160359621047974,-92.90042877197266
18.36,0.0,-7.822222709655762,-5.9304890632629395,-91.49417877197266
18.400000000000002,0.0,-7.822222709655762,-5.9304890632629395,-87.7148666381836
18.42,0.0,-7.822222709655762,-8.218689918518066,-83.23246002197266
18.46,0.0,-7.822222709655762,-16.432512283325195,-79.36526489257812
18.5,0.0,-7.822222709655762,-19.715660095214844,-73.56449127197266
18.52,0.0,-7.822222709655762,-22.280807495117188,-64.59961700439453
18.56,0.0,-7.822222709655762,-23.263181686401367,-57.12892150878906
18.6,0.0,-7.822222709655762,-24.581418991088867,-47.54884719848633
18.62,0.0,-7.294877529144287,-24.99907684326172,-39.63869094848633
18.66,0.0,-7.207014083862305,-24.86345672607422,-29.794940948486328
18.7,0.0,-7.207014083862305,-23.908275604248047,-21.972681045532227
18.72,0.0,-7.207014083862305,-22.072288513183594,-11.162130355834961
18.76,0.0,-7.207014083862305,-20.84331703186035,-5.361361026763916
18.8,0.0,-7.207014083862305,-17.818984985351562,0.9667823314666748
18.82,0.0,-7.207014083862305,-17.818984985351562,7.20700740814209
18.86,0.0,-7.294877529144287,-12.085198402404785,11.07420539855957
18.900000000000002,0.0,-7.294877529144287,-7.668789386749268,13.623013496398926
18.92,0.0,-7.207014083862305,-7.668789386749268,14.501921653747559
18.96,0.0,-7.294877529144287,-0.5590291023254395,14.062468528747559
19.0,0.0,-7.207014083862305,4.248246669769287,13.183586120605469
19.02,0.0,-7.294877529144287,4.248246669769287,10.458970069885254
19.06,0.0,-7.207014083862305,11.114558219909668,5.888643741607666
19.1,0.0,-7.294877529144287,15.21282958984375,-0.26368993520736694
19.12,0.0,-7.294877529144287,15.21282958984375,-8.525404930114746
19.16,0.0,-7.207014083862305,20.257579803466797,-17.92970085144043
19.2,0.0,-7.207014083862305,22.700183868408203,-27.15821647644043
19.22,0.0,-7.294877529144287,24.29341697692871,-39.46290969848633
19.26,0.0,-7.294877529144287,24.29341697692871,-52.646514892578125
19.3,0.0,-7.207014083862305,24.965007781982422,-62.31448745727539
19.34,0.0,-7.294877529144287,24.239744186401367,-71.45510864257812
19.38,0.0,-7.207014083862305,22.600419998168945,-80.41995239257812
19.400000000000002,0.0,-7.470659255981445,20.106908798217773,-88.5058822631836
19.44,0.0,-7.734359264373779,18.56751823425293,-92.54885864257812
19.48,0.0,-7.822222709655762,14.975235939025879,-94.39456939697266
19.5,0.0,-7.822222709655762,14.975235939025879,-94.48246002197266
19.54,0.0,-7.822222709655762,8.56656551361084,-94.30668640136719
19.580000000000002,0.0,-7.822222709655762,3.8486926555633545,-92.90042877197266
19.62,0.0,-7.822222709655762,-1.018902063369751,-88.59378051757812
19.64,0.0,-7.822222709655762,-1.018902063369751,-83.58402252197266
19.68,0.0,-7.822222709655762,-8.196303367614746,-79.36526489257812
19.7,0.0,-7.822222709655762,-12.632186889648438,-73.56449127197266
19.740000000000002,0.0,-7.822222709655762,-12.632186889648438,-64.42384338378906
19.78,0.0,-7.822222709655762,-18.338415145874023,-57.12892150878906
19.82,0.0,-7.822222709655762,-21.296852111816406,-48.33985900878906
19.84,0.0,-7.382795810699463,-23.44065284729004,-41.220726013183594
19.88,0.0,-7.294877529144287,-23.44065284729004,-30.41017723083496
19.92,0.0,-7.294877529144287,-24.179475784301758,-23.027372360229492
19.96,0.0,-7.294877529144287,-24.769067764282227,-12.568385124206543
20.0,0.0,-7.294877529144287,-23.629024505615234,-5.625033378601074
20.02,0.0,-7.294877529144287,-23.629024505615234,1.3183457851409912
20.06,0.0,-7.294877529144287,-20.230087280273438,6.152316093444824
20.1,0.0,-7.294877529144287,-16.963180541992188,9.492170333862305
20.12,0.0,-7.294877529144287,-13.036775588989258,11.07420539855957
20.16,0.0,-7.294877529144287,-13.036775588989258,11.162096977233887
20.2,0.0,-7.294877529144287,-3.829439401626587,9.755843162536621
20.240000000000002,0.0,-7.294877529144287,-1.3742121458053589,7.031225204467773
20.28,0.0,-7.294877529144287,3.5550148487091064,2.724599838256836
20.3,0.0,-7.294877529144287,3.5550148487091064,-4.13088846206665
20.34,0.0,-7.294877529144287,10.636543273925781,-10.634785652160645
20.38,0.0,-7.294877529144287,14.8798828125,-16.962902069091797
20.400000000000002,0.0,-7.294877529144287,14.8798828125,-24.082061767578125
20.44,0.0,-7.294877529144287,20.112462997436523,-32.16799545288086
20.46,0.0,-7.294877529144287,22.64457130432129,-39.81447219848633
20.5,0.0,-7.294877529144287,23.582815170288086,-48.69142532348633
20.54,0.0,-7.294877529144287,24.75638771057129,-57.0410270690918
20.580000000000002,0.0,-7.294877529144287,24.956451416015625,-66.35743713378906
20.6,0.0,-7.294877529144287,24.686784744262695,-72.42191314697266
20.64,0.0,-7.294877529144287,23.4200382232666,-76.9043197631836
20.68,0.0,-7.470659255981445,21.22735595703125,-80.77151489257812
20.72,0.0,-7.558577537536621,18.19349479675293,-83.49612426757812
20.740000000000002,0.0,-7.822222709655762,18.19349479675293,-84.81449890136719
20.78,0.0,-7.822222709655762,16.39691925048828,-86.3086166381836
20.82,0.0,-7.822222709655762,7.77579402923584,-89.03323364257812
20.84,0.0,-7.822222709655762,7.77579402923584,-90.00003051757812
20.88,0.0,-7.822222709655762,0.41512370109558105,-90.08792114257812
20.92,0.0,-7.822222709655762,-4.55821418762207,-89.7363510131836
20.94,0.0,-7.822222709655762,-4.55821418762207,-87.0117416381836
20.98,0.0,-7.822222709655762,-11.623374938964844,-83.75980377197266
21.02,0.0,-7.822222709655762,-15.79507827758789,-80.06838989257812
21.04,0.0,-7.822222709655762,-15.79507827758789,-74.00391387939453
21.080000000000002,0.0,-7.822222709655762,-20.826528549194336,-65.91798400878906
21.12,0.0,-7.822222709655762,-23.165210723876953,-59.150413513183594
21.16,0.0,-7.822222709655762,-23.990726470947266,-48.16408157348633
21.18,0.0,-7.382795810699463,-24.574827194213867,-39.46290969848633
21.22,0.0,-7.294877529144287,-24.829669952392578,-29.97072410583496
21.26,0.0,-7.294877529144287,-23.746807098388672,-22.060571670532227
21.28,0.0,-7.294877529144287,-23.746807098388672,-11.162130355834961
21.32,0.0,-7.294877529144287,-20.347068786621094,-4.921906471252441
21.36,0.0,-7.294877529144287,-17.027732849121094,1.4062366485595703
21.400000000000002,0.0,-7.294877529144287,-13.016144752502441,8.349588394165039
21.42,0.0,-7.294877529144287,-8.47362232208252,12.656241416931152
21.46,0.0,-7.294877529144287,-8.47362232208252,15.292940139770508
21.5,0.0,-7.294877529144287,-1.0699254274368286,15.468722343444824
21.54,0.0,-7.294877529144287,3.9671103954315186,15.029267311096191
21.56,0.0,-7.294877529144287,8.845885276794434,13.623013496398926
21.6,0.0,-7.294877529144287,11.163113594055176,10.107406616210938
21.64,0.0,-7.294877529144287,15.434379577636719,5.273407459259033
21.66,0.0,-7.294877529144287,19.077049255371094,-2.28518009185791
21.7,0.0,-7.294877529144287,20.61444091796875,-10.283222198486328
21.740000000000002,0.0,-7.294877529144287,23.041484832763672,-19.160173416137695
21.78,0.0,-7.294877529144287,24.52406883239746,-31.376977920532227
21.8,0.0,-7.294877529144287,24.99925422668457,-44.29690933227539
21.84,0.0,-7.294877529144287,24.850643157958984,-55.8105583190918
21.88,0.0,-7.294877529144287,23.787330627441406,-65.47853088378906
21.900000000000002,0.0,-7.294877529144287,21.741729736328125,-74.88282775878906
21.94,0.0,-7.470659255981445,20.374832153320312,-82.44144439697266
21.98,0.0,-7.6464409828186035,17.0223445892334,-88.9453353881836
22.0,0.0,-7.9101409912109375,12.962687492370605,-93.69144439697266
22.04,0.0,-7.9101409912109375,10.718831062316895,-95.53715515136719
22.080000000000002,0.0,-7.9101409912109375,5.918785095214844,-95.62504577636719
22.12,0.0,-7.9101409912109375,0.8694978952407837,-95.36136627197266
22.16,0.0,-7.9101409912109375,-4.219442367553711,-93.07621002197266
22.18,0.0,-7.9101409912109375,-4.219442367553711,-87.6269760131836
22.22,0.0,-7.9101409912109375,-6.712392330169678,-82.08987426757812
22.26,0.0,-7.9101409912109375,-15.742240905761719,-77.3437728881836
22.3,0.0,-7.9101409912109375,-19.364151000976562,-70.75198364257812
22.34,0.0,-7.9101409912109375,-22.17775535583496,-61.78714370727539
22.36,0.0,-7.9101409912109375,-22.17775535583496,-50.80080795288086
22.400000000000002,0.0,-7.470659255981445,-24.940013885498047,-41.30862045288086
22.44,0.0,-7.382795810699463,-24.986042022705078,-31.640649795532227
22.48,0.0,-7.382795810699463,-24.289777755737305,-22.939481735229492
22.5,0.0,-7.382795810699463,-24.289777755737305,-11.95314884185791
22.54,0.0,-7.382795810699463,-21.346052169799805,-5.449251651763916
22.56,0.0,-7.382795810699463,-18.23509407043457,1.054673194885254
22.6,0.0,-7.382795810699463,-16.380247116088867,7.382789134979248
22.64,0.0,-7.382795810699463,-12.168947219848633,12.392568588256836
22.66,0.0,-7.382795810699463,-7.439241886138916,17.84177589416504
22.7,0.0,-7.382795810699463,-4.9416985511779785,20.214828491210938
22.740000000000002,0.0,-7.382795810699463,0.18659253418445587,20.65428352355957
22.76,0.0,-7.382795810699463,2.7628016471862793,20.56639289855957
22.8,0.0,-7.382795810699463,7.8022966384887695,19.599592208862305
22.82,0.0,-7.382795810699463,12.512849807739258,17.314430236816406
22.86,0.0,-7.382795810699463,14.681004524230957,13.007804870605469
22.88,0.0,-7.382795810699463,18.526655197143555,7.470679759979248
22.92,0.0,-7.382795810699463,18.526655197143555,-1.1425986289978027
22.96,0.0,-7.382795810699463,20.162620544433594,-9.140640258789062
22.98,0.0,-7.382795810699463,24.408374786376953,-18.632827758789062
23.02,0.0,-7.382795810699463,24.408374786376953,-31.113306045532227
23.06,0.0,-7.382795810699463,24.891189575195312,-41.92385482788086
23.080000000000002,0.0,-7.382795810699463,23.875585556030273,-52.822296142578125
23.12,0.0,-7.382795810699463,23.875585556030273,-63.28128433227539
23.16,0.0,-7.382795810699463,20.449420928955078,-72.68558502197266
23.2,0.0,-7.382795810699463,17.037395477294922,-80.15628051757812
23.22,0.0,-7.6464409828186035,12.887298583984375,-87.1875228881836
23.26,0.0,-7.9101409912109375,12.887298583984375,-91.31838989257812
23.3,0.0,-7.9101409912109375,5.674609184265137,-92.72464752197266
23.34,0.0,-7.9101409912109375,0.5099889636039734,-92.72464752197266
23.36,0.0,-7.9101409912109375,-4.68023681640625,-92.02151489257812
23.400000000000002,0.0,-7.822222709655762,-4.68023681640625,-88.7695541381836
23.44,0.0,-7.9101409912109375,-12.022263526916504,-85.51762390136719
23.48,0.0,-7.9101409912109375,-16.31001853942871,-81.03518676757812
23.52,0.0,-7.9101409912109375,-19.889556884765625,-75.76173400878906
23.54,0.0,-7.822222709655762,-19.889556884765625,-66.70899963378906
23.580000000000002,0.0,-7.822222709655762,-23.595996856689453,-59.23830795288086
23.62,0.0,-7.822222709655762,-24.79817008972168,-49.834007263183594
23.64,0.0,-7.470659255981445,-24.914836883544922,-41.396507263183594
23.68,0.0,-7.382795810699463,-24.914836883544922,-30.05861473083496
23.72,0.0,-7.382795810699463,-23.051664352416992,-21.621116638183594
23.740000000000002,0.0,-7.382795810699463,-20.52715492248535,-11.865257263183594
23.78,0.0,-7.382795810699463,-18.917007446289062,-5.273469924926758
23.82,0.0,-7.382795810699463,-15.088465690612793,1.4062366485595703
23.84,0.0,-7.382795810699463,-15.088465690612793,8.789043426513672
23.88,0.0,-7.382795810699463,-8.153833389282227,14.062468528747559
23.92,0.0,-7.382795810699463,-3.032182455062866,18.984357833862305
23.94,0.0,-7.382795810699463,-3.032182455062866,21.884756088256836
23.98,0.0,-7.382795810699463,4.835525035858154,22.148427963256836
24.02,0.0,-7.382795810699463,9.865376472473145,22.060537338256836
24.04,0.0,-7.382795810699463,14.460538864135742,21.181629180908203
24.080000000000002,0.0,-7.382795810699463,14.460538864135742,18.720684051513672
24.12,0.0,-7.382795810699463,20.096773147583008,13.974576950073242
24.16,0.0,-7.382795810699463,22.770586013793945,7.910134315490723
24.18,0.0,-7.382795810699463,22.770586013793945,-1.0547077655792236
24.22,0.0,-7.382795810699463,24.854328155517578,-9.140640258789062
24.26,0.0,-7.382795810699463,24.86530876159668,-18.720718383789062
24.28,0.0,-7.382795810699463,24.86530876159668,-31.376977920532227
24.32,0.0,-7.382795810699463,22.807798385620117,-42.18752670288086
24.34,0.0,-7.382795810699463,20.139930725097656,-53.085968017578125
24.38,0.0,-7.382795810699463,20.139930725097656,-63.457069396972656
24.42,0.0,-7.382795810699463,14.48714542388916,-72.07034301757812
24.44,0.0,-7.382795810699463,9.862632751464844,-78.8379135131836
24.48,0.0,-7.6464409828186035,9.862632751464844,-86.92384338378906
24.52,0.0,-7.822222709655762,2.1575634479522705,-90.70315551757812
24.560000000000002,0.0,-7.9101409912109375,-3.1544272899627686,-92.46097564697266
24.580000000000002,0.0,-7.822222709655762,-8.327303886413574,-92.46097564697266
24.62,0.0,-7.822222709655762,-10.787795066833496,-92.19730377197266
24.66,0.0,-7.9101409912109375,-15.317026138305664,-90.43948364257812
24.68,0.0,-7.9101409912109375,-19.154434204101562,-86.7480697631836
24.72,0.0,-7.822222709655762,-20.757369995117188,-82.79300689697266
24.76,0.0,-7.822222709655762,-23.239511489868164,-78.8379135131836
24.78,0.0,-7.9101409912109375,-24.66559600830078,-71.54299926757812
24.82,0.0,-7.822222709655762,-24.959680557250977,-63.98440933227539
24.86,0.0,-7.822222709655762,-24.691770553588867,-56.07423400878906
24.88,0.0,-7.822222709655762,-23.296165466308594,-45.7910270690918
24.92,0.0,-7.382795810699463,-22.19276237487793,-38.58400344848633
24.96,0.0,-7.294877529144287,-19.236562728881836,-29.179704666137695
24.98,0.0,-7.294877529144287,-19.236562728881836,-19.511735916137695
25.02,0.0,-7.382795810699463,-13.199252128601074,-10.722677230834961
25.060000000000002,0.0,-7.294877529144287,-8.372600555419922,-5.0097975730896
25.080000000000002,0.0,-7.294877529144287,-5.799126625061035,1.230454921722412
25.12,0.0,-7.294877529144287,-0.47943276166915894,6.591770648956299
25.14,0.0,-7.294877529144287,4.865814685821533,10.81053352355957
25.18,0.0,-7.294877529144287,7.470763206481934,12.832022666931152
25.22,0.0,-7.382795810699463,12.39470100402832,13.447259902954102
25.240000000000002,0.0,-7.294877529144287,16.749086380004883,13.095695495605469
25.28,0.0,-7.294877529144287,16.749086380004883,11.425768852233887
25.32,0.0,-7.294877529144287,21.778913497924805,7.998025417327881
25.34,0.0,-7.382795810699463,23.902029037475586,2.9882724285125732
25.38,0.0,-7.294877529144287,23.902029037475586,-4.394561290740967
25.42,0.0,-7.294877529144287,24.99125099182129,-12.568385124206543
25.44,0.0,-7.294877529144287,24.267990112304688,-21.093772888183594
25.48,0.0,-7.294877529144287,24.267990112304688,-33.134796142578125
25.52,0.0,-7.294877529144287,21.087236404418945,-42.978546142578125
25.560000000000002,0.0,-7.294877529144287,17.71056365966797,-54.8437614440918
25.580000000000002,0.0,-7.382795810699463,17.71056365966797,-65.30274963378906
25.62,0.0,-7.382795810699463,11.14940357208252,-73.03714752197266
25.64,0.0,-7.294877529144287,6.074151992797852,-79.89260864257812
25.68,0.0,-7.558577537536621,3.4130053520202637,-86.2207260131836
25.72,0.0,-7.734359264373779,-2.000558614730835,-90.08792114257812
25.740000000000002,0.0,-7.9101409912109375,-7.323644638061523,-91.93363189697266
25.78,0.0,-7.9101409912109375,-9.872498512268066,-92.02151489257812
25.82,0.0,-7.822222709655762,-14.594385147094727,-91.75785064697266
25.84,0.0,-7.822222709655762,-18.631513595581055,-89.56057739257812
25.88,0.0,-7.822222709655762,-20.33184051513672,-86.48439025878906
25.92,0.0,-7.822222709655762,-22.99454689025879,-82.61721801757812
25.94,0.0,-7.822222709655762,-24.57174301147461,-77.6074447631836
25.98,0.0,-7.822222709655762,-24.92716407775879,-71.27932739257812
26.02,0.0,-7.822222709655762,-24.74917984008789,-63.896522521972656
26.04,0.0,-7.822222709655762,-23.397079467773438,-53.78909683227539
26.080000000000002,0.0,-7.822222709655762,-22.297969818115234,-45.6152458190918
26.12,0.0,-7.382795810699463,-19.317604064941406,-38.93556594848633
26.14,0.0,-7.382795810699463,-15.415995597839355,-28.388687133789062
26.18,0.0,-7.382795810699463,-13.17575740814209,-20.39064598083496
26.22,0.0,-7.382795810699463,-8.249104499816895,-12.128931045532227
26.240000000000002,0.0,-7.382795810699463,-5.621366500854492,-6.416024208068848
26.28,0.0,-7.382795810699463,-0.19358469545841217,-1.1425986289978027
26.3,0.0,-7.382795810699463,-0.19358469545841217,5.009735107421875
26.34,0.0,-7.382795810699463,2.5414810180664062,7.910134315490723
26.36,0.0,-7.382795810699463,12.86424446105957,9.755843162536621
26.400000000000002,0.0,-7.382795810699463,12.86424446105957,9.492170333862305
26.44,0.0,-7.382795810699463,19.106334686279297,8.789043426513672
26.48,0.0,-7.382795810699463,22.16157341003418,7.29489803314209
26.52,0.0,-7.382795810699463,24.15172576904297,2.1972546577453613
26.54,0.0,-7.382795810699463,24.15172576904297,-4.306670665740967
26.580000000000002,0.0,-7.382795810699463,24.71462631225586,-13.271512031555176
26.62,0.0,-7.382795810699463,23.962230682373047,-21.00588035583496
26.64,0.0,-7.382795810699463,21.824169158935547,-32.08010482788086
26.68,0.0,-7.382795810699463,20.349868774414062,-41.48440170288086
26.72,0.0,-7.382795810699463,16.67879867553711,-52.207061767578125
26.740000000000002,0.0,-7.382795810699463,12.196115493774414,-62.05081558227539
26.78,0.0,-7.382795810699463,12.196115493774414,-70.92776489257812
26.82,0.0,-7.382795810699463,4.43174934387207,-76.46485900878906
26.84,0.0,-7.470659255981445,-1.0722802877426147,-80.77151489257812
26.88,0.0,-7.558577537536621,-3.8228399753570557,-83.32035064697266
26.92,0.0,-7.558577537536621,-9.15322494506836,-83.84770202636719
26.94,0.0,-7.558577537536621,-9.15322494506836,-83.84770202636719
26.98,0.0,-7.558577537536621,-16.24094009399414,-83.49612426757812
27.02,0.0,-7.558577537536621,-20.0224552154541,-81.56253814697266
27.04,0.0,-7.558577537536621,-21.556182861328125,-79.0136947631836
27.080000000000002,0.0,-7.558577537536621,-23.81438446044922,-75.05860900878906
27.1,0.0,-7.558577537536621,-23.81438446044922,-67.5000228881836
27.14,0.0,-7.558577537536621,-24.99285316467285,-61.17190170288086
27.18,0.0,-7.558577537536621,-24.24634552001953,-52.11916732788086
27.22,0.0,-7.470659255981445,-22.305437088012695,-43.593780517578125
27.240000000000002,0.0,-7.470659255981445,-22.305437088012695,-33.486358642578125
27.28,0.0,-7.470659255981445,-17.374052047729492,-24.345735549926758
27.32,0.0,-7.470659255981445,-12.973546981811523,-15.380892753601074
27.34,0.0,-7.470659255981445,-7.928579330444336,-7.3828229904174805
27.38,0.0,-7.470659255981445,-5.241169452667236,-1.1425986289978027
27.42,0.0,-7.470659255981445,0.29741770029067993,5.097625732421875
27.44,0.0,-7.470659255981445,5.824725151062012,9.843733787536621
27.48,0.0,-7.470659255981445,5.824725151062012,13.007804870605469
27.52,0.0,-7.470659255981445,13.497052192687988,14.150358200073242
27.54,0.0,-7.470659255981445,17.82743263244629,13.886686325073242
27.580000000000002,0.0,-7.470659255981445,17.82743263244629,12.744132041931152
27.62,0.0,-7.470659255981445,22.60590171813965,10.634751319885254
27.66,0.0,-7.470659255981445,24.412382125854492,6.152316093444824
27.68,0.0,-7.470659255981445,24.99941062927246,-0.7031443119049072
27.72,0.0,-7.470659255981445,24.823280334472656,-7.470714092254639
27.76,0.0,-7.470659255981445,23.541278839111328,-16.347665786743164
27.78,0.0,-7.470659255981445,21.077720642089844,-26.806652069091797
27.82,0.0,-7.470659255981445,19.43863868713379,-37.0019645690918
27.86,0.0,-7.470659255981445,15.447623252868652,-45.7910270690918
27.88,0.0,-7.470659255981445,13.145586013793945,-55.1074333190918
27.92,0.0,-7.470659255981445,8.072484970092773,-62.22659683227539
27.94,0.0,-7.470659255981445,2.5892834663391113,-68.9062728881836
27.98,0.0,-7.470659255981445,2.5892834663391113,-73.38871002197266
28.02,0.0,-7.470659255981445,-5.798234939575195,-74.53126525878906
28.04,0.0,-7.470659255981445,-11.08639907836914,-74.53126525878906
28.080000000000002,0.0,-7.470659255981445,-11.08639907836914,-74.53126525878906
28.12,0.0,-7.470659255981445,-17.89559555053711,-72.94925689697266
28.16,0.0,-7.470659255981445,-21.349008560180664,-69.7851791381836
28.18,0.0,-7.470659255981445,-23.720184326171875,-64.24808502197266
28.22,0.0,-7.470659255981445,-23.720184326171875,-57.56837844848633
28.26,0.0,-7.470659255981445,-24.996065139770508,-49.74611282348633
28.3,0.0,-7.470659255981445,-24.25956153869629,-43.066436767578125
28.34,0.0,-7.470659255981445,-22.284963607788086,-33.662139892578125
28.36,0.0,-7.470659255981445,-20.86180877685547,-25.04886245727539
28.400000000000002,0.0,-7.470659255981445,-17.233423233032227,-15.556674003601074
28.44,0.0,-7.470659255981445,-12.720849990844727,-6.943369388580322
28.46,0.0,-7.470659255981445,-12.720849990844727,0.7031096816062927
28.5,0.0,-7.470659255981445,-4.8060760498046875,7.29489803314209
28.54,0.0,-7.470659255981445,0.8411521911621094,12.12889575958252
28.560000000000002,0.0,-7.470659255981445,6.4486260414123535,17.138648986816406
28.6,0.0,-7.470659255981445,9.146790504455566,19.423810958862305
28.64,0.0,-7.470659255981445,14.157817840576172,19.423810958862305
28.66,0.0,-7.470659255981445,18.441930770874023,18.896465301513672
28.7,0.0,-7.470659255981445,20.240083694458008,17.665992736816406
28.740000000000002,0.0,-7.470659255981445,23.03131103515625,14.853485107421875
28.76,0.0,-7.470659255981445,24.633018493652344,8.964824676513672
28.8,0.0,-7.470659255981445,24.958650588989258,2.1972546577453613
28.84,0.0,-7.470659255981445,24.636884689331055,-5.0976881980896
28.86,0.0,-7.470659255981445,24.636884689331055,-16.08399200439453
28.900000000000002,0.0,-7.470659255981445,21.779878616333008,-25.312536239624023
28.94,0.0,-7.470659255981445,18.433210372924805,-35.85938262939453
28.96,0.0,-7.470659255981445,14.125143051147461,-45.96680450439453
29.0,0.0,-7.470659255981445,11.678498268127441,-54.8437614440918
29.04,0.0,-7.470659255981445,6.358681678771973,-61.61136245727539
29.060000000000002,0.0,-7.470659255981445,3.554885149002075,-67.9394760131836
29.1,0.0,-7.470659255981445,-2.157694101333618,-71.36721801757812
29.14,0.0,-7.470659255981445,-7.760908603668213,-72.59769439697266
29.16,0.0,-7.470659255981445,-10.42912769317627,-72.68558502197266
29.2,0.0,-7.470659255981445,-15.32346248626709,-72.68558502197266
29.22,0.0,-7.470659255981445,-19.416831970214844,-71.19143676757812
29.26,0.0,-7.470659255981445,-21.093549728393555,-67.8515853881836
29.3,0.0,-7.470659255981445,-23.595651626586914,-63.896522521972656
29.34,0.0,-7.470659255981445,-24.857494354248047,-56.3379020690918
29.36,0.0,-7.470659255981445,-24.857494354248047,-47.54884719848633
29.400000000000002,0.0,-7.470659255981445,-24.99915885925293,-39.990257263183594
29.44,0.0,-7.470659255981445,-22.304218292236328,-30.58595848083496
29.48,0.0,-7.470659255981445,-19.135217666625977,-22.76369857788086
29.5,0.0,-7.470659255981445,-14.951654434204102,-11.77736759185791
29.54,0.0,-7.470659255981445,-12.546276092529297,-5.361361026763916
29.580000000000002,0.0,-7.470659255981445,-7.266909122467041,1.4941275119781494
29.6,0.0,-7.470659255981445,-1.5985910892486572,8.613261222839355
29.64,0.0,-7.470659255981445,1.287912130355835,13.271477699279785
29.68,0.0,-7.470659255981445,6.973721504211426,17.665992736816406
29.7,0.0,-7.470659255981445,12.291647911071777,19.775375366210938
29.740000000000002,0.0,-7.470659255981445,14.722689628601074,19.863265991210938
29.78,0.0,-7.470659255981445,18.965993881225586,19.687484741210938
29.8,0.0,-7.470659255981445,22.198896408081055,17.402320861816406
29.84,0.0,-7.470659255981445,22.198896408081055,13.095695495605469
29.88,0.0,-7.470659255981445,24.788528442382812,7.382789134979248
29.92,0.0,-7.470659255981445,24.870431900024414,0.17576444149017334
29.94,0.0,-7.470659255981445,23.618364334106445,-8.964859008789062
29.98,0.0,-7.470659255981445,22.509607315063477,-18.193374633789062
30.02,0.0,-7.470659255981445,19.39971351623535,-27.68556022644043
30.04,0.0,-7.470659255981445,15.24419116973877,-38.67189407348633
30.080000000000002,0.0,-7.470659255981445,12.84175968170166,-46.75782775878906
30.1,0.0,-7.470659255981445,7.5485734939575195,-54.05276870727539
30.14,0.0,-7.470659255981445,7.5485734939575195,-60.55666732788086
30.18,0.0,-7.470659255981445,-1.0653727054595947,-64.33594512939453
30.22,0.0,-7.470659255981445,-6.805782794952393,-65.74220275878906
30.240000000000002,0.0,-7.470659255981445,-12.181230545043945,-65.83009338378906
30.28,0.0,-7.470659255981445,-14.639659881591797,-65.74220275878906
30.32,0.0,-7.470659255981445,-18.930442810058594,-64.33594512939453
30.36,0.0,-7.470659255981445,-18.930442810058594,-60.38088607788086
30.38,0.0,-7.470659255981445,-20.70398712158203,-53.78909683227539
30.42,0.0,-7.470659255981445,-24.796972274780273,-47.37306213378906
30.46,0.0,-7.470659255981445,-24.858604431152344,-42.36330795288086
30.48,0.0,-7.470659255981445,-23.564802169799805,-34.36526870727539
30.52,0.0,-7.470659255981445,-22.4280948638916,-26.367197036743164
30.560000000000002,0.0,-7.470659255981445,-19.25127410888672,-17.138683319091797
30.580000000000002,0.0,-7.470659255981445,-15.01965618133545,-7.998059272766113
30.62,0.0,-7.470659255981445,-15.01965618133545,-1.7302845662925392e-05
30.66,0.0,-7.470659255981445,-7.21015739440918,6.767552375793457
30.7,0.0,-7.470659255981445,-1.4434233903884888,11.601550102233887
30.72,0.0,-7.470659255981445,4.40602445602417,16.699193954467773
30.76,0.0,-7.470659255981445,7.261020183563232,19.335920333862305
30.8,0.0,-7.470659255981445,12.634808540344238,19.511701583862305
30.82,0.0,-7.470659255981445,15.079150199890137,18.984357833862305
30.86,0.0,-7.470659255981445,19.313430786132812,18.10544776916504
30.88,0.0,-7.470659255981445,22.484317779541016,15.468722343444824
30.92,0.0,-7.470659255981445,22.484317779541016,9.931624412536621
30.96,0.0,-7.470659255981445,24.87773895263672,3.0761632919311523
31.0,0.0,-7.470659255981445,24.76601791381836,-4.13088846206665
31.02,0.0,-7.470659255981445,23.281625747680664,-14.853547096252441
31.060000000000002,0.0,-7.470659255981445,22.046756744384766,-23.906280517578125
31.1,0.0,-7.470659255981445,18.675973892211914,-34.27737808227539
31.12,0.0,-7.470659255981445,14.265007972717285,-44.29690933227539
31.16,0.0,-7.470659255981445,11.743653297424316,-53.78909683227539
31.2,0.0,-7.470659255981445,6.2439284324646,-60.55666732788086
31.240000000000002,0.0,-7.470659255981445,0.39281386137008667,-67.14845275878906
31.26,0.0,-7.470659255981445,-2.5629477500915527,-71.01565551757812
31.3,0.0,-7.470659255981445,-8.328415870666504,-72.15823364257812
31.32,0.0,-7.470659255981445,-13.631529808044434,-72.15823364257812
31.36,0.0,-7.470659255981445,-16.015209197998047,-72.15823364257812
31.38,0.0,-7.470659255981445,-20.078937530517578,-70.66409301757812
31.42,0.0,-7.470659255981445,-21.701396942138672,-67.4121322631836
31.44,0.0,-7.470659255981445,-24.01235580444336,-63.808631896972656
31.48,0.0,-7.470659255981445,-24.01235580444336,-57.392601013183594
31.52,0.0,-7.470659255981445,-24.930665969848633,-49.74611282348633
31.54,0.0,-7.470659255981445,-23.79035758972168,-43.94534683227539
31.580000000000002,0.0,-7.470659255981445,-23.79035758972168,-34.80472183227539
31.62,0.0,-7.470659255981445,-19.60485076904297,-26.367197036743164
31.66,0.0,-7.470659255981445,-15.390727043151855,-17.050792694091797
31.68,0.0,-7.470659255981445,-10.304134368896484,-7.998059272766113
31.720000000000002,0.0,-7.470659255981445,-7.521605014801025,-1.669943928718567
31.76,0.0,-7.470659255981445,-1.6745059490203857,5.273407459259033
31.78,0.0,-7.470659255981445,4.270955562591553,10.98631477355957
31.82,0.0,-7.470659255981445,7.174892902374268,15.117158889770508
31.86,0.0,-7.470659255981445,12.638627052307129,18.10544776916504
31.88,0.0,-7.470659255981445,17.386871337890625,18.896465301513672
31.92,0.0,-7.470659255981445,19.405807495117188,18.720684051513672
31.96,0.0,-7.470659255981445,22.588369369506836,17.490211486816406
31.98,0.0,-7.470659255981445,24.484508514404297,14.414031982421875
32.02,0.0,-7.470659255981445,24.91256332397461,9.667951583862305
32.06,0.0,-7.470659255981445,24.69650650024414,3.1640541553497314
32.1,0.0,-7.470659255981445,23.067636489868164,-5.800815105438232
32.12,0.0,-7.470659255981445,23.067636489868164,-17.66602897644043
32.160000000000004,0.0,-7.470659255981445,21.748706817626953,-29.179704666137695
32.2,0.0,-7.470659255981445,18.194931030273438,-40.86916732788086
32.24,0.0,-7.470659255981445,8.21193790435791,-50.273460388183594
32.26,0.0,-7.470659255981445,2.3532814979553223,-58.007835388183594
32.3,0.0,-7.470659255981445,2.3532814979553223,-65.47853088378906
32.34,0.0,-7.470659255981445,-6.586974143981934,-70.31253051757812
32.36,0.0,-7.470659255981445,-12.147734642028809,-72.94925689697266
32.4,0.0,-7.470659255981445,-12.147734642028809,-73.30081939697266
32.44,0.0,-7.470659255981445,-19.089433670043945,-73.30081939697266
32.46,0.0,-7.470659255981445,-22.39211082458496,-72.86136627197266
32.5,0.0,-7.470659255981445,-22.39211082458496,-69.60940551757812
32.54,0.0,-7.470659255981445,-24.877927780151367,-65.21485900878906
32.58,0.0,-7.470659255981445,-24.746150970458984,-60.46877670288086
32.6,0.0,-7.470659255981445,-24.746150970458984,-52.11916732788086
32.64,0.0,-7.470659255981445,-21.877824783325195,-45.6152458190918
32.68,0.0,-7.470659255981445,-18.34373664855957,-39.63869094848633
32.7,0.0,-7.470659255981445,-18.34373664855957,-29.531269073486328
32.74,0.0,-7.470659255981445,-11.116387367248535,-22.060571670532227
32.78,0.0,-7.470659255981445,-5.4212965965271,-13.447293281555176
32.8,0.0,-7.470659255981445,-5.4212965965271,-6.416024208068848
32.84,0.0,-7.470659255981445,3.6118276119232178,-1.0547077655792236
32.88,0.0,-7.470659255981445,9.447749137878418,4.042935371398926
32.9,0.0,-7.470659255981445,9.447749137878418,7.20700740814209
32.94,0.0,-7.470659255981445,17.07096290588379,8.261697769165039
32.980000000000004,0.0,-7.470659255981445,20.962907791137695,7.998025417327881
33.0,0.0,-7.470659255981445,20.962907791137695,7.29489803314209
33.04,0.0,-7.470659255981445,24.442378997802734,4.6581711769104
33.06,0.0,-7.470659255981445,24.98746681213379,0.35154619812965393
33.1,0.0,-7.470659255981445,24.98746681213379,-6.152351379394531
33.14,0.0,-7.470659255981445,23.05720329284668,-13.886748313903809
33.18,0.0,-7.470659255981445,20.045482635498047,-22.412134170532227
33.2,0.0,-7.470659255981445,15.847110748291016,-33.662139892578125
33.24,0.0,-7.470659255981445,13.377532958984375,-41.92385482788086
33.28,0.0,-7.470659255981445,7.8794846534729,-49.92189407348633
33.3,0.0,-7.470659255981445,1.9111634492874146,-57.56837844848633
33.34,0.0,-7.470659255981445,-1.1394668817520142,-62.40237808227539
33.38,0.0,-7.470659255981445,-7.147192001342773,-65.12696838378906
33.4,0.0,-7.470659255981445,-12.733406066894531,-65.74220275878906
33.44,0.0,-7.470659255981445,-15.262803077697754,-65.74220275878906
33.480000000000004,0.0,-7.470659255981445,-19.604930877685547,-65.21485900878906
33.5,0.0,-7.470659255981445,-22.780521392822266,-62.84183120727539
33.54,0.0,-7.470659255981445,-23.86794662475586,-58.974632263183594
33.56,0.0,-7.470659255981445,-24.959346771240234,-53.437530517578125
33.6,0.0,-7.470659255981445,-24.959346771240234,-46.6699333190918
33.64,0.0,-7.470659255981445,-23.802175521850586,-41.13283920288086
33.660000000000004,0.0,-7.470659255981445,-21.231504440307617,-33.750030517578125
33.7,0.0,-7.470659255981445,-21.231504440307617,-23.994171142578125
33.74,0.0,-7.470659255981445,-15.054030418395996,-13.886748313903809
33.76,0.0,-7.470659255981445,-9.745648384094238,-7.1191511154174805
33.8,0.0,-7.470659255981445,-9.745648384094238,1.054673194885254
33.84,0.0,-7.470659255981445,-0.7881482839584351,7.470679759979248
33.88,0.0,-7.470659255981445,5.3236188888549805,12.568350791931152
33.9,0.0,-7.470659255981445,5.3236188888549805,18.281230926513672
33.94,0.0,-7.470659255981445,13.784832954406738,20.830066680908203
33.980000000000004,0.0,-7.470659255981445,18.456863403320312,21.445301055908203
34.0,0.0,-7.470659255981445,18.456863403320312,21.269519805908203
34.04,0.0,-7.470659255981445,23.305400848388672,20.830066680908203
34.08,0.0,-7.470659255981445,24.809661865234375,18.544902801513672
34.1,0.0,-7.470659255981445,24.809661865234375,13.447259902954102
34.14,0.0,-7.470659255981445,24.241025924682617,7.29489803314209
34.18,0.0,-7.470659255981445,22.008411407470703,-0.17579905688762665
34.2,0.0,-7.470659255981445,22.008411407470703,-9.580095291137695
34.24,0.0,-7.470659255981445,16.210796356201172,-19.335954666137695
34.28,0.0,-7.470659255981445,11.053407669067383,-27.77345085144043
34.300000000000004,0.0,-7.470659255981445,11.053407669067383,-36.8261833190918
34.34,0.0,-7.470659255981445,2.157224416732788,-42.451202392578125
34.36,0.0,-7.470659255981445,-4.020056247711182,-46.75782775878906
34.4,0.0,-7.470659255981445,-7.041093349456787,-49.30665969848633
34.44,0.0,-7.470659255981445,-12.716341018676758,-49.570335388183594
34.46,0.0,-7.470659255981445,-17.61530113220215,-49.570335388183594
34.5,0.0,-7.470659255981445,-19.676952362060547,-49.04298782348633
34.52,0.0,-7.470659255981445,-22.86509895324707,-47.81251525878906
34.56,0.0,-7.470659255981445,-22.86509895324707,-44.73636245727539
34.6,0.0,-7.470659255981445,-24.97657012939453,-40.781272888183594
34.64,0.0,-7.470659255981445,-24.473831176757812,-35.15625762939453
34.68,0.0,-7.470659255981445,-22.46204948425293,-26.279306411743164
34.7,0.0,-7.470659255981445,-19.062824249267578,-16.347665786743164
34.74,0.0,-7.470659255981445,-16.904767990112305,-8.43751335144043
34.78,0.0,-7.470659255981445,-11.83738899230957,-2.28518009185791
34.800000000000004,0.0,-7.470659255981445,-6.0345139503479,5.976534366607666
34.84,0.0,-7.470659255981445,-2.9680159091949463,11.07420539855957
34.88,0.0,-7.470659255981445,3.2576935291290283,15.732394218444824
34.9,0.0,-7.470659255981445,9.284676551818848,19.599592208862305
34.94,0.0,-7.470659255981445,12.105413436889648,20.390609741210938
34.980000000000004,0.0,-7.470659255981445,17.14139747619629,20.214828491210938
35.0,0.0,-7.470659255981445,21.11320686340332,19.335920333862305
35.04,0.0,-7.470659255981445,21.11320686340332,16.347631454467773
35.08,0.0,-7.470659255981445,24.55210304260254,11.86522388458252
35.1,0.0,-7.470659255981445,24.953563690185547,5.712862014770508
35.14,0.0,-7.470659255981445,24.953563690185547,-3.2519795894622803
35.18,0.0,-7.470659255981445,22.650325775146484,-12.216821670532227
35.22,0.0,-7.470659255981445,19.31419563293457,-21.357444763183594
35.24,0.0,-7.470659255981445,14.765791893005371,-32.95901107788086
35.28,0.0,-7.470659255981445,12.122983932495117,-40.605491638183594
35.32,0.0,-7.470659255981445,6.306695461273193,-47.90040588378906
35.36,0.0,-7.470659255981445,0.09082210063934326,-54.6679801940918
35.38,0.0,-7.470659255981445,-6.134213447570801,-59.062522888183594
35.42,0.0,-7.470659255981445,-6.134213447570801,-60.29299545288086
35.46,0.0,-7.470659255981445,-9.127020835876465,-60.29299545288086
35.480000000000004,0.0,-7.470659255981445,-19.226272583007812,-59.85354232788086
35.52,0.0,-7.470659255981445,-19.226272583007812,-57.392601013183594
35.56,0.0,-7.470659255981445,-23.76726722717285,-52.998077392578125
35.58,0.0,-7.470659255981445,-24.950252532958984,-48.33985900878906
35.62,0.0,-7.470659255981445,-24.950252532958984,-42.978546142578125
35.660000000000004,0.0,-7.470659255981445,-24.95027732849121,-37.26564025878906
35.68,0.0,-7.470659255981445,-21.07257843017578,-29.355487823486328
35.72,0.0,-7.470659255981445,-21.07257843017578,-20.214862823486328
35.76,0.0,-7.470659255981445,-14.596745491027832,-10.459003448486328
35.78,0.0,-7.470659255981445,-9.052734375,-3.9551069736480713
35.82,0.0,-7.470659255981445,-9.052734375,4.833953380584717
35.86,0.0,-7.470659255981445,-6.0395965576171875,10.546859741210938
35.88,0.0,-7.470659255981445,6.487077236175537,16.25973892211914
35.92,0.0,-7.470659255981445,9.486143112182617,21.00584602355957
35.96,0.0,-7.470659255981445,14.984460830688477,23.466764450073242
35.980000000000004,0.0,-7.470659255981445,19.527009963989258,24.169891357421875
36.02,0.0,-7.470659255981445,21.34553337097168,24.082000732421875
36.06,0.0,-7.470659255981445,23.92998504638672,23.642545700073242
36.08,0.0,-7.470659255981445,24.980396270751953,21.533193588256836
36.12,0.0,-7.470659255981445,24.426734924316406,15.90817642211914
36.160000000000004,0.0,-7.470659255981445,24.426734924316406,8.789043426513672
36.2,0.0,-7.470659255981445,20.688518524169922,0.35154619812965393
36.22,0.0,-7.470659255981445,16.488157272338867,-6.855478286743164
36.26,0.0,-7.470659255981445,16.488157272338867,-18.01759147644043
36.300000000000004,0.0,-7.470659255981445,8.293194770812988,-25.839853286743164
36.34,0.0,-7.470659255981445,2.0789408683776855,-33.398468017578125
36.36,0.0,-7.470659255981445,2.0789408683776855,-38.58400344848633
36.4,0.0,-7.470659255981445,-10.352071762084961,-40.341819763183594
36.44,0.0,-7.470659255981445,-13.164471626281738,-40.517601013183594
36.480000000000004,0.0,-7.470659255981445,-18.106327056884766,-40.517601013183594
36.5,0.0,-7.470659255981445,-21.875442504882812,-40.517601013183594
36.54,0.0,-7.470659255981445,-21.875442504882812,-37.70509338378906
36.58,0.0,-7.470659255981445,-24.81486701965332,-33.398468017578125
36.6,0.0,-7.470659255981445,-24.77553939819336,-28.740251541137695
36.64,0.0,-7.470659255981445,-24.146224975585938,-22.67580795288086
36.68,0.0,-7.470659255981445,-21.717954635620117,-15.293002128601074
36.7,0.0,-7.470659255981445,-17.870634078979492,-6.855478286743164
36.74,0.0,-7.470659255981445,-15.489428520202637,0.08787357062101364
36.76,0.0,-7.470659255981445,-10.005480766296387,6.855443477630615
36.800000000000004,0.0,-7.470659255981445,-10.005480766296387,13.447259902954102
36.84,0.0,-7.470659255981445,-0.6703495383262634,19.863265991210938
36.86,0.0,-7.470659255981445,5.6991167068481445,23.20311737060547
36.9,0.0,-7.470659255981445,5.6991167068481445,25.22458267211914
36.94,0.0,-7.470659255981445,14.43335247039795,25.22458267211914
36.980000000000004,0.0,-7.470659255981445,19.150394439697266,25.22458267211914
37.0,0.0,-7.470659255981445,19.150394439697266,24.609344482421875
37.04,0.0,-7.470659255981445,23.7917423248291,22.060537338256836
37.08,0.0,-7.470659255981445,24.96267318725586,17.665992736816406
37.1,0.0,-7.470659255981445,24.486623764038086,11.162096977233887
37.14,0.0,-7.470659255981445,24.486623764038086,2.1972546577453613
37.18,0.0,-7.470659255981445,20.77683448791504,-6.416024208068848
37.22,0.0,-7.470659255981445,16.541301727294922,-16.347665786743164
37.24,0.0,-7.470659255981445,11.207496643066406,-25.92774200439453
37.28,0.0,-7.470659255981445,8.236471176147461,-33.662139892578125
37.32,0.0,-7.470659255981445,1.9320523738861084,-38.75978088378906
37.34,0.0,-7.470659255981445,1.9320523738861084,-42.36330795288086
37.38,0.0,-7.470659255981445,-7.63752555847168,-42.890655517578125
37.42,0.0,-7.470659255981445,-13.473787307739258,-42.890655517578125
37.44,0.0,-7.470659255981445,-16.078826904296875,-42.890655517578125
37.46,0.0,-7.470659255981445,-20.444599151611328,-42.890655517578125
37.5,0.0,-7.470659255981445,-20.444599151611328,-41.48440170288086
37.54,0.0,-7.470659255981445,-24.37226104736328,-37.44142150878906
37.58,0.0,-7.470659255981445,-24.98492431640625,-32.25588607788086
37.6,0.0,-7.470659255981445,-23.92608642578125,-25.13675308227539
37.64,0.0,-7.470659255981445,-22.7868595123291,-16.699228286743164
37.68,0.0,-7.470659255981445,-19.382671356201172,-8.964859008789062
37.7,0.0,-7.470659255981445,-14.67615032196045,-1.1425986289978027
37.74,0.0,-7.470659255981445,-11.929736137390137,6.679661750793457
37.78,0.0,-7.470659255981445,-5.880484580993652,12.744132041931152
37.800000000000004,0.0,-7.470659255981445,0.5676429867744446,20.65428352355957
37.84,0.0,-7.470659255981445,3.8060684204101562,24.873018264770508
37.88,0.0,-7.470659255981445,10.038614273071289,27.24607276916504
37.9,0.0,-7.470659255981445,12.927063941955566,28.476543426513672
37.94,0.0,-7.470659255981445,18.003746032714844,28.652326583862305
37.980000000000004,0.0,-7.470659255981445,21.866575241088867,28.564434051513672
38.0,0.0,-7.470659255981445,24.252269744873047,27.33396339416504
38.04,0.0,-7.470659255981445,24.835710525512695,24.433565139770508
38.08,0.0,-7.470659255981445,24.732669830322266,19.248029708862305
38.1,0.0,-7.470659255981445,22.951950073242188,11.953113555908203
38.14,0.0,-7.470659255981445,21.465105056762695,4.218717098236084
38.160000000000004,0.0,-7.470659255981445,17.423229217529297,-3.2519795894622803
38.2,0.0,-7.470659255981445,14.936622619628906,-12.656275749206543
38.24,0.0,-7.470659255981445,9.242547035217285,-20.65431785583496
38.26,0.0,-7.470659255981445,2.915794610977173,-28.828140258789062
38.300000000000004,0.0,-7.470659255981445,2.915794610977173,-34.36526870727539
38.34,0.0,-7.470659255981445,-0.3512570559978485,-36.4746208190918
38.36,0.0,-7.470659255981445,-12.81480884552002,-36.5625114440918
38.4,0.0,-7.470659255981445,-15.511475563049316,-36.4746208190918
38.42,0.0,-7.470659255981445,-20.065698623657227,-36.4746208190918
38.46,0.0,-7.470659255981445,-20.065698623657227,-35.15625762939453
38.5,0.0,-7.470659255981445,-24.25160789489746,-32.08010482788086
38.52,0.0,-7.470659255981445,-24.99620819091797,-27.77345085144043
38.56,0.0,-7.470659255981445,-24.723642349243164,-22.060571670532227
38.6,0.0,-7.470659255981445,-22.91047477722168,-14.326202392578125
38.64,0.0,-7.470659255981445,-22.91047477722168,-6.064460754394531
38.660000000000004,0.0,-7.470659255981445,-17.302186965942383,0.8788914680480957
38.7,0.0,-7.470659255981445,-12.009563446044922,8.173807144165039
38.74,0.0,-7.470659255981445,-5.885778903961182,16.874977111816406
38.76,0.0,-7.470659255981445,0.6476518511772156,23.554655075073242
38.800000000000004,0.0,-7.470659255981445,3.927363395690918,27.24607276916504
38.84,0.0,-7.470659255981445,10.228988647460938,29.531234741210938
38.86,0.0,-7.470659255981445,15.82573127746582,30.849597930908203
38.9,0.0,-7.470659255981445,18.235559463500977,30.937488555908203
38.94,0.0,-7.470659255981445,22.067983627319336,30.849597930908203
38.96,0.0,-7.470659255981445,24.370439529418945,29.091779708862305
39.0,0.0,-7.470659255981445,24.892662048339844,25.75192642211914
39.04,0.0,-7.470659255981445,24.631975173950195,20.74217414855957
39.06,0.0,-7.470659255981445,24.631975173950195,13.007804870605469
39.1,0.0,-7.470659255981445,21.063556671142578,4.218717098236084
39.14,0.0,-7.470659255981445,16.804187774658203,-4.04299783706665
39.160000000000004,0.0,-7.470659255981445,11.369755744934082,-15.029329299926758
39.2,0.0,-7.470659255981445,11.369755744934082,-24.169952392578125
39.24,0.0,-7.470659255981445,8.32740306854248,-31.81643295288086
39.28,0.0,-7.470659255981445,-4.745434761047363,-35.50782012939453
39.32,0.0,-7.470659255981445,-11.019570350646973,-36.4746208190918
39.34,0.0,-7.470659255981445,-16.52419090270996,-36.4746208190918
39.38,0.0,-7.470659255981445,-18.863933563232422,-36.3867301940918
39.42,0.0,-7.470659255981445,-22.51154327392578,-35.7714958190918
39.44,0.0,-7.470659255981445,-24.578115463256836,-32.95901107788086
39.480000000000004,0.0,-7.470659255981445,-24.967592239379883,-28.916034698486328
39.52,0.0,-7.470659255981445,-24.422897338867188,-23.291044235229492
39.56,0.0,-7.470659255981445,-22.155994415283203,-13.798856735229492
39.58,0.0,-7.470659255981445,-18.32415199279785,-6.152351379394531
39.62,0.0,-7.470659255981445,-18.32415199279785,2.900381565093994
39.660000000000004,0.0,-7.470659255981445,-10.254861831665039,9.492170333862305
39.7,0.0,-7.470659255981445,-3.8797414302825928,15.82028579711914
39.72,0.0,-7.470659255981445,2.7735512256622314,22.499990463256836
39.76,0.0,-7.470659255981445,2.7735512256622314,25.48825454711914
39.800000000000004,0.0,-7.470659255981445,12.246376991271973,26.455053329467773
39.84,0.0,-7.470659255981445,17.569005966186523,26.455053329467773
39.86,0.0,-7.470659255981445,21.645151138305664,26.279272079467773
39.9,0.0,-7.470659255981445,23.12044906616211,25.312471389770508
39.94,0.0,-7.470659255981445,24.812543869018555,22.32421112060547
39.96,0.0,-7.470659255981445,24.73653221130371,16.17184829711914
40.0,0.0,-7.470659255981445,24.03132438659668,9.755843162536621
40.04,0.0,-7.470659255981445,21.347755432128906,1.6699093580245972
40.06,0.0,-7.470659255981445,21.347755432128906,-8.26173210144043
40.1,0.0,-7.470659255981445,14.54820728302002,-18.720718383789062
40.14,0.0,-7.470659255981445,8.635417938232422,-27.50977897644043
40.160000000000004,0.0,-7.470659255981445,2.100653648376465,-36.8261833190918
40.2,0.0,-7.470659255981445,2.100653648376465,-43.417999267578125
40.24,0.0,-7.470659255981445,-7.839906692504883,-47.81251525878906
40.28,0.0,-7.470659255981445,-13.865196228027344,-50.097679138183594
40.300000000000004,0.0,-7.470659255981445,-13.865196228027344,-50.449241638183594
40.34,0.0,-7.470659255981445,-20.921600341796875,-50.36135482788086
40.38,0.0,-7.470659255981445,-23.808359146118164,-50.009788513183594
40.42,0.0,-7.470659255981445,-23.808359146118164,-47.46095275878906
40.44,0.0,-7.470659255981445,-24.616817474365234,-43.769561767578125
40.480000000000004,0.0,-7.470659255981445,-23.36378288269043,-39.72658157348633
40.52,0.0,-7.470659255981445,-20.147994995117188,-33.310577392578125
40.54,0.0,-7.470659255981445,-20.147994995117188,-25.312536239624023
40.58,0.0,-7.470659255981445,-12.688077926635742,-16.699228286743164
40.6,0.0,-7.470659255981445,-6.479742527008057,-9.140640258789062
40.64,0.0,-7.470659255981445,-6.479742527008057,-2.6367435455322266
40.68,0.0,-7.470659255981445,3.569530725479126,4.042935371398926
40.72,0.0,-7.470659255981445,10.051179885864258,8.349588394165039
40.74,0.0,-7.470659255981445,15.804718971252441,11.86522388458252
40.78,0.0,-7.470659255981445,18.274208068847656,13.095695495605469
40.82,0.0,-7.470659255981445,22.172338485717773,13.183586120605469
40.86,0.0,-7.470659255981445,22.172338485717773,12.30467700958252
40.88,0.0,-7.470659255981445,23.52901840209961,9.843733787536621
40.92,0.0,-7.470659255981445,24.932140350341797,5.361298561096191
40.94,0.0,-7.470659255981445,22.302419662475586,-1.2304894924163818
40.980000000000004,0.0,-7.470659255981445,20.56890869140625,-8.085949897766113
41.02,0.0,-7.470659255981445,16.00376319885254,-15.996101379394531
41.04,0.0,-7.470659255981445,10.262504577636719,-25.92774200439453
41.08,0.0,-7.470659255981445,7.079380512237549,-34.62894058227539
41.1,0.0,-7.470659255981445,0.3799305856227875,-40.341819763183594
41.14,0.0,-7.470659255981445,0.3799305856227875,-46.0546989440918
41.18,0.0,-7.470659255981445,-3.012866973876953,-49.30665969848633
41.22,0.0,-7.470659255981445,-15.430196762084961,-50.185569763183594
41.24,0.0,-7.470659255981445,-20.153404235839844,-50.185569763183594
41.28,0.0,-7.470659255981445,-21.976043701171875,-50.097679138183594
41.300000000000004,0.0,-7.470659255981445,-24.373584747314453,-48.77931594848633
41.34,0.0,-7.470659255981445,-24.373584747314453,-45.8789176940918
41.38,0.0,-7.470659255981445,-24.574031829833984,-42.451202392578125
41.42,0.0,-7.470659255981445,-22.42525863647461,-36.9140739440918
41.44,0.0,-7.470659255981445,-18.613447189331055,-29.091814041137695
41.480000000000004,0.0,-7.470659255981445,-18.613447189331055,-21.00588035583496
41.52,0.0,-7.470659255981445,-10.419511795043945,-11.601585388183594
41.56,0.0,-7.470659255981445,-3.8947720527648926,-5.361361026763916
41.58,0.0,-7.470659255981445,2.922973155975342,2.1093637943267822
41.62,0.0,-7.470659255981445,6.283099174499512,7.7343525886535645
41.660000000000004,0.0,-7.470659255981445,12.592503547668457,11.337878227233887
41.68,0.0,-7.470659255981445,12.592503547668457,14.414031982421875
41.72,0.0,-7.470659255981445,20.17252540588379,15.117158889770508
41.76,0.0,-7.470659255981445,23.41739845275879,15.029267311096191
41.78,0.0,-7.470659255981445,23.41739845275879,13.623013496398926
41.84,0.0,-7.470659255981445,24.39427375793457,9.228497505187988
41.86,0.0,-7.470659255981445,24.963802337646484,2.812490701675415
41.9,0.0,-7.470659255981445,20.590320587158203,-4.218779563903809
41.94,0.0,-7.470659255981445,15.96977710723877,-12.392602920532227
41.96,0.0,-7.470659255981445,10.147366523742676,-22.412134170532227
42.0,0.0,-7.470659255981445,6.918978691101074,-30.849632263183594
42.02,0.0,-7.470659255981445,0.13094274699687958,-36.9140739440918
42.06,0.0,-7.470659255981445,-3.3005056381225586,-41.57229232788086
42.1,0.0,-7.470659255981445,-9.914827346801758,-44.12112808227539
42.12,0.0,-7.470659255981445,-15.784683227539062,-44.91211700439453
42.160000000000004,0.0,-7.470659255981445,-18.298477172851562,-44.91211700439453
42.2,0.0,-7.470659255981445,-22.245100021362305,-44.82422637939453
42.22,0.0,-7.470659255981445,-24.511615753173828,-44.56058120727539
42.26,0.0,-7.470659255981445,-24.955034255981445,-42.01174545288086
42.300000000000004,0.0,-7.470659255981445,-24.418407440185547,-37.52931213378906
42.32,0.0,-7.470659255981445,-22.030338287353516,-31.201194763183594
42.36,0.0,-7.470659255981445,-20.192556381225586,-24.96097183227539
42.38,0.0,-7.470659255981445,-15.402467727661133,-17.49024772644043
42.42,0.0,-7.470659255981445,-12.541020393371582,-9.755876541137695
42.46,0.0,-7.470659255981445,-6.156425476074219,-4.746124744415283
42.480000000000004,0.0,-7.470659255981445,-2.754993200302124,1.142564058303833
42.52,0.0,-7.470659255981445,4.142498970031738,5.800752639770508
42.54,0.0,-7.470659255981445,10.727631568908691,9.667951583862305
42.58,0.0,-7.470659255981445,13.743907928466797,10.98631477355957
42.62,0.0,-7.470659255981445,18.934974670410156,10.98631477355957
42.64,0.0,-7.470659255981445,22.68137550354004,10.107406616210938
42.68,0.0,-7.470659255981445,23.9176025390625,7.998025417327881
42.7,0.0,-7.470659255981445,24.996068954467773,4.306607723236084
42.74,0.0,-7.470659255981445,24.996068954467773,-2.197289228439331
42.78,0.0,-7.470659255981445,23.036827087402344,-9.755876541137695
42.82,0.0,-7.470659255981445,19.487945556640625,-18.457046508789062
42.84,0.0,-7.470659255981445,14.44015121459961,-29.003923416137695
42.88,0.0,-7.470659255981445,14.44015121459961,-38.32032775878906
42.92,0.0,-7.470659255981445,4.926833629608154,-44.209014892578125
42.94,0.0,-7.470659255981445,-2.0000364780426025,-49.570335388183594
42.980000000000004,0.0,-7.470659255981445,-2.0000364780426025,-52.998077392578125
43.02,0.0,-7.470659255981445,-14.87834644317627,-53.61331558227539
43.06,0.0,-7.470659255981445,-17.52604866027832,-53.525421142578125
43.1,0.0,-7.470659255981445,-21.75754737854004,-52.646514892578125
43.12,0.0,-7.470659255981445,-21.75754737854004,-50.097679138183594
43.160000000000004,0.0,-7.470659255981445,-24.88422203063965,-46.58204650878906
43.2,0.0,-7.470659255981445,-24.5823917388916,-42.890655517578125
43.22,0.0,-7.470659255981445,-22.373586654663086,-36.5625114440918
43.26,0.0,-7.470659255981445,-20.601245880126953,-29.61916160583496
43.28,0.0,-7.470659255981445,-15.891305923461914,-22.939481735229492
43.32,0.0,-7.470659255981445,-15.891305923461914,-12.568385124206543
43.36,0.0,-7.470659255981445,-13.045109748840332,-5.625033378601074
43.4,0.0,-7.470659255981445,0.27361375093460083,-1.7302845662925392e-05
43.44,0.0,-7.470659255981445,7.175469875335693,4.921844005584717
43.46,0.0,-7.470659255981445,7.175469875335693,7.998025417327881
43.5,0.0,-7.470659255981445,16.326784133911133,9.316388130187988
43.54,0.0,-7.470659255981445,20.930198669433594,9.052715301513672
43.56,0.0,-7.470659255981445,20.930198669433594,8.349588394165039
43.6,0.0,-7.470659255981445,24.690231323242188,5.361298561096191
43.64,0.0,-7.470659255981445,24.810216903686523,0.9667823314666748
43.660000000000004,0.0,-7.470659255981445,22.984256744384766,-5.625033378601074
43.7,0.0,-7.470659255981445,21.37967872619629,-13.183621406555176
43.74,0.0,-7.470659255981445,16.943317413330078,-20.91798973083496
43.78,0.0,-7.470659255981445,11.172462463378906,-32.16799545288086
43.800000000000004,0.0,-7.470659255981445,11.172462463378906,-40.517601013183594
43.84,0.0,-7.470659255981445,1.0236907005310059,-46.6699333190918
43.88,0.0,-7.470659255981445,-5.96142053604126,-51.85549545288086
43.9,0.0,-7.470659255981445,-5.96142053604126,-54.8437614440918
43.94,0.0,-7.470659255981445,-15.399847984313965,-55.2832145690918
43.980000000000004,0.0,-7.470659255981445,-20.273237228393555,-55.19532012939453
44.02,0.0,-7.470659255981445,-23.54523468017578,-54.22854995727539
44.04,0.0,-7.470659255981445,-24.954341888427734,-51.24026107788086
44.08,0.0,-7.470659255981445,-24.918445587158203,-47.63673400878906
44.12,0.0,-7.470659255981445,-23.367469787597656,-43.593780517578125
44.14,0.0,-7.470659255981445,-19.96067237854004,-37.61720275878906
44.18,0.0,-7.470659255981445,-17.63979721069336,-30.322288513183594
44.22,0.0,-7.470659255981445,-11.992471694946289,-22.76369857788086
44.24,0.0,-7.470659255981445,-5.387954235076904,-13.623075485229492
44.28,0.0,-7.470659255981445,-1.8888107538223267,-7.558604717254639
44.32,0.0,-7.470659255981445,5.154714584350586,-2.7246344089508057
44.34,0.0,-7.470659255981445,11.790420532226562,2.724599838256836
44.38,0.0,-7.470659255981445,11.790420532226562,5.62497091293335
44.42,0.0,-7.470659255981445,19.837797164916992,6.064425468444824
44.46,0.0,-7.470659255981445,23.30423355102539,5.62497091293335
44.480000000000004,0.0,-7.470659255981445,24.906545639038086,4.042935371398926
44.52,0.0,-7.470659255981445,24.961462020874023,0.35154619812965393
44.56,0.0,-7.470659255981445,23.571449279785156,-4.482452392578125
44.6,0.0,-7.470659255981445,20.288841247558594,-12.83205795288086
44.62,0.0,-7.470659255981445,20.288841247558594,-22.324243545532227
44.660000000000004,0.0,-7.470659255981445,12.423937797546387,-31.72854232788086
44.7,0.0,-7.470659255981445,5.831601142883301,-39.550804138183594
44.72,0.0,-7.470659255981445,-1.2336398363113403,-47.90040588378906
44.76,0.0,-7.470659255981445,-4.766106128692627,-53.701202392578125
44.800000000000004,0.0,-7.470659255981445,-11.474143028259277,-57.21681213378906
44.82,0.0,-7.470659255981445,-17.258981704711914,-59.23830795288086
44.86,0.0,-7.470659255981445,-19.65470314025879,-59.23830795288086
44.9,0.0,-7.470659255981445,-23.209083557128906,-59.150413513183594
44.92,0.0,-7.470659255981445,-24.886558532714844,-57.21681213378906
44.96,0.0,-7.470659255981445,-24.971792221069336,-53.525421142578125
45.0,0.0,-7.470659255981445,-23.624744415283203,-48.51564025878906
45.02,0.0,-7.470659255981445,-22.21916961669922,-43.85745620727539
45.06,0.0,-7.470659255981445,-18.084915161132812,-38.75978088378906
45.1,0.0,-7.470659255981445,-12.478984832763672,-31.289085388183594
45.12,0.0,-7.470659255981445,-12.478984832763672,-23.291044235229492
45.160000000000004,0.0,-7.470659255981445,-2.327625036239624,-16.08399200439453
45.2,0.0,-7.470659255981445,4.799933433532715,-10.195331573486328
45.22,0.0,-7.470659255981445,11.539521217346191,-5.976569652557373
45.26,0.0,-7.470659255981445,14.589282035827637,-3.2519795894622803
45.300000000000004,0.0,-7.470659255981445,19.73625373840332,-1.757834792137146
45.32,0.0,-7.470659255981445,19.73625373840332,-1.9336165189743042
45.36,0.0,-7.470659255981445,24.33922576904297,-2.5488526821136475
45.38,0.0,-7.470659255981445,24.959793090820312,-4.921906471252441
45.42,0.0,-7.470659255981445,24.499921798706055,-9.667985916137695
45.46,0.0,-7.470659255981445,22.085163116455078,-15.380892753601074
45.480000000000004,0.0,-7.470659255981445,22.085163116455078,-23.378934860229492
45.52,0.0,-7.470659255981445,15.164883613586426,-32.69533920288086
45.56,0.0,-7.470659255981445,8.901585578918457,-40.166038513183594
45.58,0.0,-7.470659255981445,8.901585578918457,-49.21876907348633
45.62,0.0,-7.470659255981445,-1.6935540437698364,-55.8984489440918
45.660000000000004,0.0,-7.470659255981445,-8.710136413574219,-60.38088607788086
45.68,0.0,-7.470659255981445,-15.011720657348633,-62.84183120727539
45.72,0.0,-7.470659255981445,-17.728004455566406,-63.017616271972656
45.76,0.0,-7.470659255981445,-22.009716033935547,-63.017616271972656
45.800000000000004,0.0,-7.470659255981445,-23.485637664794922,-61.78714370727539
45.82,0.0,-7.470659255981445,-24.91357421875,-58.007835388183594
45.86,0.0,-7.470659255981445,-24.355342864990234,-52.646514892578125
45.9,0.0,-7.470659255981445,-21.73861312866211,-47.1093864440918
45.92,0.0,-7.470659255981445,-17.31715202331543,-41.835968017578125
45.96,0.0,-7.470659255981445,-17.31715202331543,-33.662139892578125
46.0,0.0,-7.470659255981445,-8.132539749145508,-25.40039825439453
46.02,0.0,-7.470659255981445,-1.0472402572631836,-17.75391960144043
46.06,0.0,-7.470659255981445,2.5671157836914062,-10.459003448486328
46.08,0.0,-7.470659255981445,9.562682151794434,-5.888679027557373
46.12,0.0,-7.470659255981445,12.797242164611816,-0.8789260387420654
46.160000000000004,0.0,-7.470659255981445,18.401636123657227,3.4277267456054688
46.18,0.0,-7.470659255981445,22.472339630126953,5.712862014770508
46.22,0.0,-7.470659255981445,23.81970977783203,5.976534366607666
46.26,0.0,-7.470659255981445,24.995817184448242,5.449189186096191
46.28,0.0,-7.470659255981445,24.080474853515625,3.4277267456054688
46.32,0.0,-7.470659255981445,22.8547420501709,-0.17579905688762665
46.36,0.0,-7.470659255981445,18.99386215209961,-5.361361026763916
46.38,0.0,-7.470659255981445,13.537588119506836,-13.183621406555176
46.42,0.0,-7.470659255981445,13.537588119506836,-21.884790420532227
46.46,0.0,-7.470659255981445,3.386826515197754,-30.849632263183594
46.480000000000004,0.0,-7.470659255981445,-3.8638556003570557,-37.79298400878906
46.52,0.0,-7.470659255981445,-3.8638556003570557,-44.033233642578125
46.56,0.0,-7.470659255981445,-13.951458930969238,-48.25197219848633
46.58,0.0,-7.470659255981445,-19.32358741760254,-50.185569763183594
46.62,0.0,-7.470659255981445,-19.32358741760254,-50.185569763183594
46.660000000000004,0.0,-7.470659255981445,-21.422590255737305,-50.097679138183594
46.68,0.0,-7.470659255981445,-24.978107452392578,-49.74611282348633
46.72,0.0,-7.470659255981445,-24.978107452392578,-47.19728088378906
46.76,0.0,-7.470659255981445,-22.177309036254883,-44.033233642578125
46.800000000000004,0.0,-7.470659255981445,-17.91423797607422,-40.517601013183594
46.82,0.0,-7.470659255981445,-17.91423797607422,-33.486358642578125
46.86,0.0,-7.470659255981445,-8.816240310668945,-26.894542694091797
46.9,0.0,-7.470659255981445,-1.6964281797409058,-20.12697410583496
46.92,0.0,-7.470659255981445,-1.6964281797409058,-12.128931045532227
46.96,0.0,-7.470659255981445,1.9577438831329346,-7.998059272766113
47.0,0.0,-7.470659255981445,15.405685424804688,-5.0976881980896
47.02,0.0,-7.470659255981445,15.405685424804688,-2.988306999206543
47.06,0.0,-7.470659255981445,18.11443328857422,-2.5488526821136475
47.1,0.0,-7.470659255981445,24.62203025817871,-3.076197862625122
47.12,0.0,-7.470659255981445,24.822492599487305,-4.921906471252441
47.160000000000004,0.0,-7.470659255981445,24.822492599487305,-10.195331573486328
47.2,0.0,-7.470659255981445,24.120990753173828,-16.17188262939453
47.22,0.0,-7.470659255981445,16.438886642456055,-22.939481735229492
47.26,0.0,-7.470659255981445,16.438886642456055,-32.783233642578125
47.300000000000004,0.0,-7.470659255981445,13.504788398742676,-41.30862045288086
47.34,0.0,-7.470659255981445,-0.43274614214897156,-51.41604232788086
47.36,0.0,-7.470659255981445,-7.6624579429626465,-59.50197982788086
47.4,0.0,-7.470659255981445,-11.068815231323242,-65.12696838378906
47.44,0.0,-7.470659255981445,-17.097251892089844,-69.16995239257812
47.46,0.0,-7.470659255981445,-21.656150817871094,-71.01565551757812
47.5,0.0,-7.470659255981445,-21.656150817871094,-71.19143676757812
47.54,0.0,-7.470659255981445,-24.917922973632812,-71.10354614257812
47.56,0.0,-7.470659255981445,-24.43047523498535,-69.3457260131836
47.6,0.0,-7.470659255981445,-23.385332107543945,-65.91798400878906
47.64,0.0,-7.470659255981445,-19.803369522094727,-62.22659683227539
47.660000000000004,0.0,-7.470659255981445,-14.506113052368164,-55.2832145690918
47.7,0.0,-7.470659255981445,-11.352025985717773,-48.69142532348633
47.74,0.0,-7.470659255981445,-4.373797416687012,-43.68167495727539
47.76,0.0,-7.470659255981445,2.9870755672454834,-37.88087463378906
47.800000000000004,0.0,-7.470659255981445,2.9870755672454834,-32.43166732788086
47.84,0.0,-7.470659255981445,13.353188514709473,-29.443378448486328
47.86,0.0,-7.470659255981445,18.937213897705078,-28.037124633789062
47.9,0.0,-7.470659255981445,21.13751792907715,-28.037124633789062
47.94,0.0,-7.470659255981445,24.113521575927734,-28.037124633789062
47.96,0.0,-7.470659255981445,24.98931312561035,-28.037124633789062
48.0,0.0,-7.470659255981445,24.60736846923828,-30.849632263183594
48.04,0.0,-7.470659255981445,22.24357032775879,-35.24414825439453
48.06,0.0,-7.470659255981445,17.935415267944336,-41.396507263183594
48.1,0.0,-7.470659255981445,15.163196563720703,-48.77931594848633
48.14,0.0,-7.470659255981445,8.684552192687988,-56.86524963378906
48.160000000000004,0.0,-7.470659255981445,1.4423775672912598,-65.03907775878906
48.2,0.0,-7.470659255981445,-2.268167495727539,-71.01565551757812
48.24,0.0,-7.470659255981445,-9.461132049560547,-74.35548400878906
48.26,0.0,-7.470659255981445,-15.826948165893555,-75.93751525878906
48.300000000000004,0.0,-7.470659255981445,-18.52032470703125,-76.02540588378906
48.34,0.0,-7.470659255981445,-22.630535125732422,-75.93751525878906
48.36,0.0,-7.470659255981445,-22.630535125732422,-74.26758575439453
48.4,0.0,-7.470659255981445,-24.999238967895508,-70.83987426757812
48.44,0.0,-7.470659255981445,-23.84031867980957,-65.56642150878906
48.46,0.0,-7.470659255981445,-20.57820701599121,-59.589866638183594
48.5,0.0,-7.470659255981445,-20.57820701599121,-50.80080795288086
48.54,0.0,-7.470659255981445,-12.410117149353027,-44.73636245727539
48.58,0.0,-7.470659255981445,-5.479570388793945,-38.58400344848633
48.6,0.0,-7.470659255981445,1.9390759468078613,-30.937522888183594
48.64,0.0,-7.470659255981445,5.626469612121582,-26.191415786743164
48.68,0.0,-7.470659255981445,12.548382759094238,-22.23635482788086
48.7,0.0,-7.470659255981445,12.548382759094238,-18.896501541137695
48.74,0.0,-7.470659255981445,20.68341636657715,-18.10548210144043
48.78,0.0,-7.470659255981445,23.90357208251953,-18.193374633789062
48.800000000000004,0.0,-7.470659255981445,24.99994659423828,-18.720718383789062
48.84,0.0,-7.470659255981445,24.71255111694336,-21.445337295532227
48.88,0.0,-7.470659255981445,22.496658325195312,-26.103525161743164
48.9,0.0,-7.470659255981445,22.496658325195312,-33.398468017578125
48.94,0.0,-7.470659255981445,20.617019653320312,-41.220726013183594
48.980000000000004,0.0,-7.470659255981445,9.0399169921875,-50.888694763183594
49.02,0.0,-7.470659255981445,1.747009038925171,-58.79885482788086
49.04,0.0,-7.470659255981445,-5.705465793609619,-66.7968978881836
49.08,0.0,-7.470659255981445,-9.282148361206055,-72.15823364257812
49.120000000000005,0.0,-7.470659255981445,-15.735220909118652,-75.32228088378906
49.14,0.0,-7.470659255981445,-20.78098487854004,-76.46485900878906
49.18,0.0,-7.470659255981445,-22.627952575683594,-76.46485900878906
49.22,0.0,-7.470659255981445,-24.761005401611328,-76.46485900878906
49.24,0.0,-7.470659255981445,-24.67059326171875,-74.61915588378906
49.28,0.0,-7.470659255981445,-23.785234451293945,-70.66409301757812
49.32,0.0,-7.470659255981445,-20.431930541992188,-65.74220275878906
49.34,0.0,-7.470659255981445,-20.431930541992188,-59.765647888183594
49.38,0.0,-7.470659255981445,-12.089415550231934,-51.767608642578125
49.42,0.0,-7.470659255981445,-5.046805381774902,-46.2304801940918
49.44,0.0,-7.470659255981445,-5.046805381774902,-41.660179138183594
49.480000000000004,0.0,-7.470659255981445,6.165689468383789,-37.70509338378906
49.52,0.0,-7.470659255981445,13.088958740234375,-34.98050308227539
49.54,0.0,-7.470659255981445,13.088958740234375,-34.013702392578125
49.58,0.0,-7.470659255981445,16.143407821655273,-34.013702392578125
49.620000000000005,0.0,-7.470659255981445,21.09096336364746,-34.013702392578125
49.660000000000004,0.0,-7.470659255981445,24.982208251953125,-34.54104995727539
49.7,0.0,-7.470659255981445,23.567249298095703,-38.58400344848633
49.74,0.0,-7.470659255981445,20.010498046875,-44.47269058227539
49.76,0.0,-7.470659255981445,20.010498046875,-53.525421142578125
49.800000000000004,0.0,-7.470659255981445,11.407174110412598,-62.40237808227539
49.84,0.0,-7.470659255981445,4.2506208419799805,-70.57620239257812
49.86,0.0,-7.470659255981445,-3.296637535095215,-77.2558822631836
49.9,0.0,-7.470659255981445,-3.296637535095215,-83.05667114257812
49.94,0.0,-7.470659255981445,-13.850308418273926,-85.78129577636719
49.980000000000004,0.0,-7.470659255981445,-19.436826705932617,-86.57228088378906
50.0,0.0,-7.470659255981445,-23.248430252075195,-86.57228088378906
50.04,0.0,-7.470659255981445,-24.371532440185547,-86.48439025878906
50.08,0.0,-7.470659255981445,-24.92179298400879,-84.28715515136719
50.1,0.0,-7.470659255981445,-23.187950134277344,-80.50784301757812
50.14,0.0,-7.470659255981445,-21.505273818969727,-76.5527572631836
50.18,0.0,-7.470659255981445,-16.69983673095703,-70.4004135131836
50.2,0.0,-7.470659255981445,-10.357935905456543,-62.84183120727539
50.24,0.0,-7.470659255981445,-10.357935905456543,-53.96487808227539
50.28,0.0,-7.470659255981445,0.7386224865913391,-47.63673400878906
50.300000000000004,0.0,-7.470659255981445,8.200855255126953,-44.648475646972656
50.34,0.0,-7.470659255981445,8.200855255126953,-42.451202392578125
50.38,0.0,-7.470659255981445,17.785171508789062,-42.01174545288086
50.4,0.0,-7.470659255981445,22.240665435791016,-42.01174545288086
50.44,0.0,-7.470659255981445,22.240665435791016,-42.01174545288086
50.480000000000004,0.0,-7.470659255981445,23.717470169067383,-42.62697982788086
50.5,0.0,-7.470659255981445,23.963760375976562,-44.82422637939453
50.54,0.0,-7.470659255981445,23.963760375976562,-50.449241638183594
50.58,0.0,-7.470659255981445,18.338665008544922,-57.12892150878906
50.620000000000005,0.0,-7.470659255981445,12.373908042907715,-64.59961700439453
50.64,0.0,-7.470659255981445,12.373908042907715,-73.56449127197266
50.68,0.0,-7.470659255981445,1.4717897176742554,-79.80471801757812
50.72,0.0,-7.470659255981445,-6.117049694061279,-84.81449890136719
50.74,0.0,-7.470659255981445,-6.117049694061279,-88.0664291381836
50.78,0.0,-7.470659255981445,-9.742222785949707,-88.24221801757812
50.82,0.0,-7.470659255981445,-16.231382369995117,-88.15432739257812
50.86,0.0,-7.470659255981445,-24.215730667114258,-87.1875228881836
50.9,0.0,-7.470659255981445,-24.96137237548828,-84.63871002197266
50.92,0.0,-7.470659255981445,-24.96137237548828,-80.59573364257812
50.96,0.0,-7.470659255981445,-21.74534797668457,-76.37696838378906
51.0,0.0,-7.470659255981445,-16.99941062927246,-69.7851791381836
51.02,0.0,-7.470659255981445,-16.99941062927246,-62.05081558227539
51.06,0.0,-7.470659255981445,-7.0726237297058105,-52.73440170288086
51.1,0.0,-7.470659255981445,0.5156968832015991,-46.14259338378906
51.120000000000005,0.0,-7.470659255981445,8.059024810791016,-40.605491638183594
51.160000000000004,0.0,-7.470659255981445,11.590415000915527,-35.6836051940918
51.2,0.0,-7.470659255981445,17.756711959838867,-31.992212295532227
51.22,0.0,-7.470659255981445,22.255512237548828,-29.794940948486328
51.26,0.0,-7.470659255981445,23.739213943481445,-29.61916160583496
51.300000000000004,0.0,-7.470659255981445,24.99854850769043,-29.61916160583496
51.32,0.0,-7.470659255981445,23.901592254638672,-30.23439598083496
51.36,0.0,-7.470659255981445,22.49226951599121,-32.43166732788086
51.4,0.0,-7.470659255981445,18.11650848388672,-35.94727325439453
51.42,0.0,-7.470659255981445,18.11650848388672,-41.92385482788086
51.46,0.0,-7.470659255981445,8.513598442077637,-49.04298782348633
51.5,0.0,-7.470659255981445,0.9652576446533203,-55.8984489440918
51.52,0.0,-7.470659255981445,0.9652576446533203,-61.875030517578125
51.56,0.0,-7.470659255981445,-2.890303134918213,-64.86329650878906
51.6,0.0,-7.470659255981445,-16.74968719482422,-65.30274963378906
51.620000000000005,0.0,-7.470659255981445,-21.605098724365234,-65.30274963378906
51.660000000000004,0.0,-7.470659255981445,-21.605098724365234,-64.68751525878906
51.7,0.0,-7.470659255981445,-24.950557708740234,-62.578155517578125
51.74,0.0,-7.470659255981445,-24.242305755615234,-58.710960388183594
51.76,0.0,-7.470659255981445,-21.225072860717773,-51.767608642578125
51.800000000000004,0.0,-7.470659255981445,-18.931468963623047,-46.6699333190918
51.84,0.0,-7.470659255981445,-13.046271324157715,-41.92385482788086
51.86,0.0,-7.470659255981445,-13.046271324157715,-34.54104995727539
51.9,0.0,-7.470659255981445,-2.0881271362304688,-28.916034698486328
51.94,0.0,-7.470659255981445,5.622004508972168,-24.345735549926758
51.96,0.0,-7.470659255981445,5.622004508972168,-20.47853660583496
52.0,0.0,-7.470659255981445,15.966412544250488,-18.632827758789062
52.04,0.0,-7.470659255981445,21.084590911865234,-18.544937133789062
52.06,0.0,-7.470659255981445,21.084590911865234,-18.544937133789062
52.1,0.0,-7.470659255981445,22.91010856628418,-21.00588035583496
52.14,0.0,-7.470659255981445,24.448823928833008,-25.312536239624023
52.18,0.0,-7.470659255981445,21.674692153930664,-31.552759170532227
52.2,0.0,-7.470659255981445,16.814424514770508,-38.67189407348633
52.24,0.0,-7.470659255981445,13.740560531616211,-46.14259338378906
52.28,0.0,-7.470659255981445,6.67451810836792,-54.40433120727539
52.300000000000004,0.0,-7.470659255981445,-1.0381344556808472,-61.435577392578125
52.34,0.0,-7.470659255981445,-4.905187606811523,-65.65431213378906
52.38,0.0,-7.470659255981445,-12.193486213684082,-68.0273666381836
52.4,0.0,-7.470659255981445,-12.193486213684082,-68.2910385131836
52.44,0.0,-7.470659255981445,-20.731470108032227,-68.2910385131836
52.480000000000004,0.0,-7.470659255981445,-24.021886825561523,-67.14845275878906
52.5,0.0,-7.470659255981445,-24.987314224243164,-64.33594512939453
52.54,0.0,-7.470659255981445,-24.558725357055664,-60.46877670288086
52.56,0.0,-7.470659255981445,-21.928916931152344,-54.8437614440918
52.6,0.0,-7.470659255981445,-19.791088104248047,-48.33985900878906
52.620000000000005,0.0,-7.470659255981445,-14.127584457397461,-43.769561767578125
52.660000000000004,0.0,-7.470659255981445,-10.739717483520508,-37.70509338378906
52.7,0.0,-7.470659255981445,-3.2628605365753174,-31.201194763183594
52.72,0.0,-7.470659255981445,4.534857273101807,-24.609407424926758
52.76,0.0,-7.470659255981445,8.31604290008545,-19.599628448486328
52.800000000000004,0.0,-7.470659255981445,15.181533813476562,-15.46878433227539
52.82,0.0,-7.470659255981445,15.181533813476562,-13.271512031555176
52.86,0.0,-7.470659255981445,22.536542892456055,-13.271512031555176
52.9,0.0,-7.470659255981445,24.776552200317383,-13.447293281555176
52.92,0.0,-7.470659255981445,24.776552200317383,-15.117220878601074
52.96,0.0,-7.470659255981445,23.591623306274414,-18.808609008789062
53.0,0.0,-7.470659255981445,19.879716873168945,-23.994171142578125
53.02,0.0,-7.470659255981445,19.879716873168945,-32.08010482788086
53.06,0.0,-7.470659255981445,10.822888374328613,-39.37501907348633
53.1,0.0,-7.470659255981445,3.3189358711242676,-46.2304801940918
53.120000000000005,0.0,-7.470659255981445,-4.514252185821533,-53.34964370727539
53.160000000000004,0.0,-7.470659255981445,-4.514252185821533,-57.48048782348633
53.2,0.0,-7.470659255981445,-8.313079833984375,-59.23830795288086
53.22,0.0,-7.470659255981445,-20.60772705078125,-59.326194763183594
53.26,0.0,-7.470659255981445,-20.60772705078125,-59.23830795288086
53.300000000000004,0.0,-7.470659255981445,-22.573591232299805,-57.832054138183594
53.34,0.0,-7.470659255981445,-24.5665283203125,-54.05276870727539
53.36,0.0,-7.470659255981445,-24.5665283203125,-48.60353469848633
53.4,0.0,-7.470659255981445,-19.751338958740234,-44.12112808227539
53.44,0.0,-7.470659255981445,-14.015023231506348,-39.02345657348633
53.46,0.0,-7.470659255981445,-6.889277935028076,-30.49806785583496
53.5,0.0,-7.470659255981445,-3.0217580795288086,-24.433626174926758
53.54,0.0,-7.470659255981445,4.843541145324707,-18.369155883789062
53.56,0.0,-7.470659255981445,12.231876373291016,-12.656275749206543
53.6,0.0,-7.470659255981445,12.231876373291016,-9.404313087463379
53.64,0.0,-7.470659255981445,20.84493637084961,-9.140640258789062
53.660000000000004,0.0,-7.470659255981445,24.106199264526367,-9.667985916137695
53.7,0.0,-7.470659255981445,24.849363327026367,-10.019549369812012
53.74,0.0,-7.470659255981445,24.4661865234375,-12.480494499206543
53.76,0.0,-7.470659255981445,21.64539909362793,-17.66602897644043
53.800000000000004,0.0,-7.470659255981445,21.64539909362793,-24.521514892578125
53.84,0.0,-7.470659255981445,13.512214660644531,-31.72854232788086
53.86,0.0,-7.470659255981445,6.273846626281738,-39.550804138183594
53.9,0.0,-7.470659255981445,2.3698368072509766,-46.4941520690918
53.94,0.0,-7.470659255981445,-5.519883632659912,-52.646514892578125
53.96,0.0,-7.470659255981445,-12.860651016235352,-57.12892150878906
54.0,0.0,-7.470659255981445,-16.09101676940918,-58.886741638183594
54.02,0.0,-7.470659255981445,-21.265560150146484,-59.062522888183594
54.06,0.0,-7.470659255981445,-21.265560150146484,-59.062522888183594
54.1,0.0,-7.470659255981445,-24.926923751831055,-57.56837844848633
54.120000000000005,0.0,-7.470659255981445,-24.27271270751953,-54.316444396972656
54.160000000000004,0.0,-7.470659255981445,-24.27271270751953,-48.955101013183594
54.2,0.0,-7.470659255981445,-23.0168514251709,-44.82422637939453
54.24,0.0,-7.470659255981445,-12.696043014526367,-39.81447219848633
54.26,0.0,-7.470659255981445,-12.696043014526367,-31.376977920532227
54.300000000000004,0.0,-7.470659255981445,-1.36079740524292,-25.66407012939453
54.34,0.0,-7.470659255981445,6.536433219909668,-19.775409698486328
54.36,0.0,-7.470659255981445,13.777141571044922,-14.150420188903809
54.4,0.0,-7.470659255981445,16.917747497558594,-11.601585388183594
54.44,0.0,-7.470659255981445,21.840972900390625,-10.722677230834961
54.46,0.0,-7.470659255981445,24.556337356567383,-10.810566902160645
54.5,0.0,-7.470659255981445,24.98957633972168,-11.337912559509277
54.54,0.0,-7.470659255981445,23.9501895904541,-14.677765846252441
54.56,0.0,-7.470659255981445,23.9501895904541,-20.39064598083496
54.6,0.0,-7.470659255981445,17.93651008605957,-27.33399772644043
54.64,0.0,-7.470659255981445,11.546489715576172,-35.06836700439453
54.660000000000004,0.0,-7.470659255981445,3.9802193641662598,-42.80276107788086
54.7,0.0,-7.470659255981445,3.9802193641662598,-50.53713607788086
54.74,0.0,-7.470659255981445,-7.88030481338501,-54.75586700439453
54.76,0.0,-7.470659255981445,-14.954697608947754,-56.86524963378906
54.800000000000004,0.0,-7.470659255981445,-14.954697608947754,-57.0410270690918
54.84,0.0,-7.470659255981445,-22.5279541015625,-57.0410270690918
54.86,0.0,-7.470659255981445,-24.79694175720215,-55.8984489440918
54.9,0.0,-7.470659255981445,-24.986413955688477,-52.910186767578125
54.94,0.0,-7.470659255981445,-23.448999404907227,-48.86720657348633
54.980000000000004,0.0,-7.470659255981445,-19.511940002441406,-43.85745620727539
55.0,0.0,-7.470659255981445,-13.575237274169922,-38.40821838378906
55.04,0.0,-7.470659255981445,-10.039860725402832,-31.201194763183594
55.08,0.0,-7.470659255981445,-2.2875709533691406,-25.751962661743164
55.1,0.0,-7.470659255981445,5.702788352966309,-18.632827758789062
55.14,0.0,-7.470659255981445,9.529570579528809,-14.150420188903809
55.18,0.0,-7.470659255981445,16.35373878479004,-11.601585388183594
55.2,0.0,-7.470659255981445,21.49888801574707,-10.722677230834961
55.24,0.0,-7.470659255981445,23.267284393310547,-10.810566902160645
55.28,0.0,-7.470659255981445,24.965999603271484,-11.425804138183594
55.32,0.0,-7.470659255981445,24.092126846313477,-15.556674003601074
55.34,0.0,-7.470659255981445,24.092126846313477,-21.621116638183594
55.38,0.0,-7.470659255981445,22.707279205322266,-29.091814041137695
55.42,0.0,-7.470659255981445,11.846060752868652,-37.26564025878906
55.44,0.0,-7.470659255981445,4.2460527420043945,-45.6152458190918
55.480000000000004,0.0,-7.470659255981445,0.22815251350402832,-52.910186767578125
55.52,0.0,-7.470659255981445,-7.723233222961426,-57.65626907348633
55.54,0.0,-7.470659255981445,-14.87775707244873,-61.347686767578125
55.58,0.0,-7.470659255981445,-17.91864013671875,-62.05081558227539
55.6,0.0,-7.470659255981445,-22.531551361083984,-62.05081558227539
55.64,0.0,-7.470659255981445,-22.531551361083984,-61.523468017578125
55.68,0.0,-7.470659255981445,-24.982452392578125,-59.062522888183594
55.72,0.0,-7.470659255981445,-23.385295867919922,-55.01953887939453
55.76,0.0,-7.470659255981445,-19.35379409790039,-48.42775344848633
55.78,0.0,-7.470659255981445,-19.35379409790039,-43.066436767578125
55.82,0.0,-7.470659255981445,-9.713225364685059,-36.4746208190918
55.86,0.0,-7.470659255981445,-1.8640278577804565,-29.97072410583496
55.88,0.0,-7.470659255981445,6.183073043823242,-24.169952392578125
55.92,0.0,-7.470659255981445,10.016639709472656,-19.423845291137695
55.96,0.0,-7.470659255981445,16.801803588867188,-15.732429504394531
55.980000000000004,0.0,-7.470659255981445,21.8321475982666,-14.414093971252441
56.02,0.0,-7.470659255981445,21.8321475982666,-14.589875221252441
56.06,0.0,-7.470659255981445,24.994346618652344,-15.205110549926758
56.1,0.0,-7.470659255981445,23.85373878479004,-17.75391960144043
56.120000000000005,0.0,-7.470659255981445,22.326744079589844,-21.709007263183594
56.160000000000004,0.0,-7.470659255981445,17.557973861694336,-27.33399772644043
56.18,0.0,-7.470659255981445,10.942400932312012,-34.71683120727539
56.22,0.0,-7.470659255981445,10.942400932312012,-43.066436767578125
56.26,0.0,-7.470659255981445,-0.8911948204040527,-50.009788513183594
56.300000000000004,0.0,-7.470659255981445,-8.844905853271484,-55.2832145690918
56.32,0.0,-7.470659255981445,-8.844905853271484,-58.974632263183594
56.36,0.0,-7.470659255981445,-18.796043395996094,-59.94143295288086
56.4,0.0,-7.470659255981445,-23.08819007873535,-59.94143295288086
56.42,0.0,-7.470659255981445,-24.943660736083984,-59.062522888183594
56.46,0.0,-7.470659255981445,-24.943660736083984,-55.8984489440918
56.5,0.0,-7.470659255981445,-22.79833984375,-51.41604232788086
56.54,0.0,-7.470659255981445,-18.298173904418945,-47.1093864440918
56.56,0.0,-7.470659255981445,-11.857682228088379,-42.275421142578125
56.6,0.0,-7.470659255981445,-8.116193771362305,-35.50782012939453
56.64,0.0,-7.470659255981445,-0.08642243593931198,-29.882831573486328
56.660000000000004,0.0,-7.470659255981445,-0.08642243593931198,-24.257844924926758
56.7,0.0,-7.470659255981445,11.71231460571289,-20.30275535583496
56.74,0.0,-7.470659255981445,18.195236206054688,-17.226573944091797
56.76,0.0,-7.470659255981445,18.195236206054688,-16.08399200439453
56.800000000000004,0.0,-7.470659255981445,24.133201599121094,-16.08399200439453
56.84,0.0,-7.470659255981445,24.94914436340332,-16.347665786743164
56.86,0.0,-7.470659255981445,24.94914436340332,-19.775409698486328
56.9,0.0,-7.470659255981445,21.23558235168457,-24.433626174926758
56.94,0.0,-7.470659255981445,15.8485689163208,-30.761741638183594
56.96,0.0,-7.470659255981445,15.8485689163208,-38.93556594848633
57.0,0.0,-7.470659255981445,12.47537612915039,-49.04298782348633
57.04,0.0,-7.470659255981445,4.819567680358887,-60.11721420288086
57.08,0.0,-7.470659255981445,-3.3550901412963867,-67.3242416381836
57.120000000000005,0.0,-7.470659255981445,-17.798398971557617,-71.89456176757812
57.160000000000004,0.0,-7.470659255981445,-22.516496658325195,-74.44337463378906
57.18,0.0,-7.470659255981445,-22.516496658325195,-74.70704650878906
57.22,0.0,-7.470659255981445,-24.45604705810547,-74.61915588378906
57.26,0.0,-7.470659255981445,-23.274587631225586,-73.74027252197266
57.300000000000004,0.0,-7.470659255981445,-19.068906784057617,-71.10354614257812
57.32,0.0,-7.470659255981445,-12.808106422424316,-66.35743713378906
57.36,0.0,-7.470659255981445,-9.110219955444336,-62.31448745727539
57.4,0.0,-7.470659255981445,-1.0773823261260986,-56.51368713378906
57.42,0.0,-7.470659255981445,-1.0773823261260986,-50.80080795288086
57.46,0.0,-7.470659255981445,3.0396950244903564,-48.16408157348633
57.5,0.0,-7.470659255981445,10.918966293334961,-47.81251525878906
57.52,0.0,-7.470659255981445,22.42157745361328,-47.81251525878906
57.56,0.0,-7.470659255981445,22.42157745361328,-48.07618713378906
57.6,0.0,-7.470659255981445,24.982255935668945,-50.36135482788086
57.64,0.0,-7.470659255981445,23.322418212890625,-54.6679801940918
57.660000000000004,0.0,-7.470659255981445,19.132184982299805,-61.347686767578125
57.7,0.0,-7.470659255981445,16.21970558166504,-68.2910385131836
57.74,0.0,-7.470659255981445,9.15427303314209,-75.41017150878906
57.76,0.0,-7.470659255981445,5.1940693855285645,-83.14456939697266
57.800000000000004,0.0,-7.470659255981445,1.0908567905426025,-89.12112426757812
57.84,0.0,-7.470659255981445,-10.952478408813477,-91.31838989257812
57.86,0.0,-7.6464409828186035,-17.672075271606445,-91.58206176757812
57.9,0.0,-7.6464409828186035,-17.672075271606445,-91.40628814697266
57.94,0.0,-7.6464409828186035,-23.96999740600586,-90.26370239257812
57.96,0.0,-7.6464409828186035,-24.975908279418945,-87.4511947631836
58.0,0.0,-7.6464409828186035,-24.975908279418945,-83.14456939697266
58.04,0.0,-7.6464409828186035,-18.987646102905273,-77.2558822631836
58.08,0.0,-7.6464409828186035,-18.987646102905273,-69.87307739257812
58.120000000000005,0.0,-7.6464409828186035,-8.898648262023926,-62.66604995727539
58.160000000000004,0.0,-7.6464409828186035,-0.7831225395202637,-55.01953887939453
58.18,0.0,-7.470659255981445,-0.7831225395202637,-47.81251525878906
58.22,0.0,-7.470659255981445,11.27379035949707,-44.29690933227539
58.26,0.0,-7.470659255981445,17.94754409790039,-42.451202392578125
58.28,0.0,-7.470659255981445,22.651500701904297,-41.660179138183594
58.32,0.0,-7.470659255981445,24.09215545654297,-41.660179138183594
58.36,0.0,-7.470659255981445,24.95041847229004,-41.74807357788086
58.38,0.0,-7.470659255981445,24.95041847229004,-42.451202392578125
58.42,0.0,-7.470659255981445,21.13849639892578,-45.1757926940918
58.46,0.0,-7.470659255981445,15.601166725158691,-49.74611282348633
58.480000000000004,0.0,-7.470659255981445,15.601166725158691,-57.48048782348633
58.52,0.0,-7.470659255981445,12.139471054077148,-66.53321838378906
58.56,0.0,-7.470659255981445,-4.004520893096924,-73.56449127197266
58.6,0.0,-7.470659255981445,-11.876606941223145,-79.1894760131836
58.620000000000005,0.0,-7.470659255981445,-11.876606941223145,-83.40824127197266
58.660000000000004,0.0,-7.470659255981445,-20.990036010742188,-84.81449890136719
58.7,0.0,-7.470659255981445,-24.285064697265625,-84.81449890136719
58.72,0.0,-7.470659255981445,-24.887428283691406,-84.81449890136719
58.76,0.0,-7.470659255981445,-24.144784927368164,-83.40824127197266
58.800000000000004,0.0,-7.470659255981445,-20.672922134399414,-80.59573364257812
58.82,0.0,-7.470659255981445,-20.672922134399414,-76.5527572631836
58.86,0.0,-7.470659255981445,-11.344931602478027,-70.75198364257812
58.9,0.0,-7.470659255981445,-3.384335517883301,-64.33594512939453
58.92,0.0,-7.470659255981445,-3.384335517883301,-58.007835388183594
58.96,0.0,-7.470659255981445,8.977989196777344,-52.910186767578125
59.0,0.0,-7.470659255981445,16.16105842590332,-50.36135482788086
59.02,0.0,-7.470659255981445,21.54290771484375,-49.834007263183594
59.06,0.0,-7.470659255981445,23.359912872314453,-49.834007263183594
59.08,0.0,-7.470659255981445,24.9899959564209,-49.92189407348633
59.120000000000005,0.0,-7.470659255981445,24.75632667541504,-51.85549545288086
59.160000000000004,0.0,-7.470659255981445,22.222108840942383,-55.9863395690918
59.18,0.0,-7.470659255981445,17.197723388671875,-61.962921142578125
59.22,0.0,-7.470659255981445,13.917344093322754,-68.8183822631836
59.26,0.0,-7.470659255981445,6.279195785522461,-75.67384338378906
59.28,0.0,-7.470659255981445,-2.0668833255767822,-82.88089752197266
59.32,0.0,-7.470659255981445,-6.212985515594482,-88.0664291381836
59.36,0.0,-7.470659255981445,-13.867897987365723,-90.52738189697266
59.38,0.0,-7.470659255981445,-19.966032028198242,-90.70315551757812
59.42,0.0,-7.470659255981445,-22.207080841064453,-90.61526489257812
59.46,0.0,-7.470659255981445,-24.755481719970703,-89.7363510131836
59.480000000000004,0.0,-7.470659255981445,-24.5145320892334,-86.6601791381836
59.52,0.0,-7.470659255981445,-23.342994689941406,-83.05667114257812
59.56,0.0,-7.470659255981445,-19.06113052368164,-79.36526489257812
59.58,0.0,-7.470659255981445,-12.624502182006836,-72.94925689697266
59.620000000000005,0.0,-7.470659255981445,-8.817220687866211,-65.65431213378906
59.660000000000004,0.0,-7.470659255981445,-0.5625636577606201,-60.38088607788086
59.68,0.0,-7.470659255981445,7.759116172790527,-53.701202392578125
59.72,0.0,-7.470659255981445,11.647921562194824,-50.53713607788086
59.76,0.0,-7.470659255981445,18.329139709472656,-49.48244094848633
59.78,0.0,-7.470659255981445,18.329139709472656,-49.48244094848633
59.82,0.0,-7.470659255981445,24.282726287841797,-49.48244094848633
59.86,0.0,-7.470659255981445,24.878747940063477,-50.36135482788086
59.88,0.0,-7.470659255981445,22.6472225189209,-54.316444396972656
59.92,0.0,-7.470659255981445,20.537315368652344,-59.150413513183594
59.96,0.0,-7.470659255981445,14.627769470214844,-65.74220275878906
59.980000000000004,0.0,-7.470659255981445,7.049737453460693,-73.74027252197266
