dt,yaw_cmd,yaw_pos,pitch_cmd,pitch_pos
0.3,4.688468933105469,-6.50388765335083,0.0,-0.5273625254631042
0.3,7.73600959777832,-6.50388765335083,0.0,-0.5273625254631042
0.3,9.218013763427734,-6.50388765335083,0.0,-0.5273625254631042
0.3,12.068802833557129,-6.415969371795654,0.0,-0.5273625254631042
0.3,14.730626106262207,-6.415969371795654,0.0,-0.5273625254631042
0.3,15.977070808410645,-4.57028865814209,0.0,-0.5273625254631042
0.3,18.275638580322266,-2.724606990814209,0.0,-0.7910351753234863
0.32,20.284141540527344,0.08790089190006256,0.0,-0.7910351753234863
0.36,21.169048309326172,3.515672206878662,0.0,-1.4062713384628296
0.4,22.681716918945312,6.679688930511475,0.0,-2.021507501602173
0.42,23.830839157104492,10.810587882995605,0.0,-2.988306999206543
0.46,23.830839157104492,15.908204078674316,0.0,-3.867216110229492
0.5,24.831283569335938,20.918010711669922,0.0,-4.746124744415283
0.52,24.998451232910156,27.2460994720459,0.0,-6.064460754394531
0.56,24.998451232910156,35.419921875,0.0,-7.646495819091797
0.6,24.4893856048584,42.89067459106445,0.0,-8.876968383789062
0.62,23.649545669555664,48.95512008666992,0.0,-9.931658744812012
0.66,23.649545669555664,56.689456939697266,0.0,-11.074240684509277
0.7000000000000001,23.083515167236328,62.75389862060547,0.0,-12.216821670532227
0.74,19.90007209777832,67.58792114257812,0.0,-13.09572982788086
0.78,17.801616668701172,70.92778015136719,0.0,-13.623075485229492
0.8,15.40805721282959,75.146484375,0.0,-14.414093971252441
0.84,14.112456321716309,78.31055450439453,0.0,-14.941438674926758
0.88,11.349808692932129,78.75003814697266,0.0,-15.117220878601074
0.9,8.396409034729004,80.5957260131836,0.0,-15.380892753601074
0.9400000000000001,8.396409034729004,80.5957260131836,0.0,-15.380892753601074
0.98,3.7151145935058594,80.5957260131836,0.0,-15.380892753601074
1.0,0.5018197298049927,80.5957260131836,0.0,-15.380892753601074
1.04,0.5018197298049927,80.5957260131836,0.0,-15.380892753601074
1.08,-4.323585510253906,80.50785827636719,0.0,-15.46878433227539
1.12,-7.465739727020264,80.50785827636719,0.0,-15.380892753601074
1.1400000000000001,-7.465739727020264,80.50785827636719,0.0,-15.46878433227539
1.18,-11.93475341796875,79.18946838378906,0.0,-15.380892753601074
1.22,-14.677613258361816,77.95899200439453,0.0,-15.293002128601074
1.24,-14.677613258361816,74.53128051757812,0.0,-15.205110549926758
1.28,-15.960205078125,70.22464752197266,0.0,-14.853547096252441
1.32,-15.960205078125,64.7754135131836,0.0,-13.886748313903809
1.36,-22.08281898498535,59.6777458190918,0.0,-12.91994857788086
1.3800000000000001,-23.4195613861084,51.76762771606445,0.0,-11.425804138183594
1.42,-23.940269470214844,44.47265625,0.0,-10.283222198486328
1.46,-24.674455642700195,37.44144058227539,0.0,-8.789076805114746
1.5,-24.988170623779297,28.212926864624023,0.0,-7.1191511154174805
1.52,-24.984962463378906,19.687538146972656,0.0,-5.537142753601074
1.56,-24.657609939575195,12.480486869812012,0.0,-4.218779563903809
1.58,-23.90662956237793,6.76760721206665,0.0,-2.988306999206543
1.62,-23.90662956237793,1.0547277927398682,0.0,-1.9336165189743042
1.6600000000000001,-22.013080596923828,-3.5155975818634033,0.0,-1.1425986289978027
1.7,-20.2691593170166,-6.679669380187988,0.0,-0.6152534484863281
1.72,-20.2691593170166,-10.81051254272461,0.0,-1.7302845662925392e-05
1.76,-17.003173828125,-12.040985107421875,0.0,0.26365530490875244
1.8,-14.445901870727539,-12.392548561096191,0.0,0.26365530490875244
1.82,-14.445901870727539,-12.392548561096191,0.0,0.35154619812965393
1.86,-10.148706436157227,-12.392548561096191,0.0,0.35154619812965393
1.9000000000000001,-7.048104286193848,-12.30468463897705,0.0,0.35154619812965393
1.92,-3.820950746536255,-12.30468463897705,0.0,0.35154619812965393
1.96,-2.17739200592041,-12.30468463897705,0.0,0.35154619812965393
2.0,1.1337897777557373,-12.30468463897705,0.0,0.35154619812965393
2.02,2.786876678466797,-12.30468463897705,0.0,0.35154619812965393
2.06,6.051641464233398,-12.30468463897705,0.0,0.35154619812965393
2.1,9.21316909790039,-10.371085166931152,0.0,0.26365530490875244
2.12,9.21316909790039,-8.876913070678711,0.0,0.17576444149017334
2.16,13.639585494995117,-6.240187644958496,0.0,0.08787357062101364
2.18,16.302871704101562,-2.6366889476776123,0.0,-0.35158079862594604
2.22,17.529783248901367,1.494154930114746,0.0,-0.9668169021606445
2.2600000000000002,19.746280670166016,5.712916374206543,0.0,-1.845725655555725
2.3000000000000003,19.746280670166016,10.986369132995605,0.0,-2.988306999206543
2.32,20.725730895996094,17.050811767578125,0.0,-4.04299783706665
2.36,23.68440818786621,22.50004768371582,0.0,-5.0976881980896
2.4,24.54128074645996,29.355480194091797,0.0,-6.503914833068848
2.42,24.95836639404297,37.17774200439453,0.0,-7.822277545928955
2.46,24.99889373779297,44.736358642578125,0.0,-9.140640258789062
2.5,24.742115020751953,51.15236282348633,0.0,-10.283222198486328
2.52,24.038408279418945,58.6230583190918,0.0,-11.513693809509277
2.56,23.522178649902344,64.24807739257812,0.0,-12.480494499206543
2.6,22.17179298400879,68.81839752197266,0.0,-13.271512031555176
2.62,20.417613983154297,73.38866424560547,0.0,-14.062530517578125
2.66,19.398391723632812,77.60742950439453,0.0,-14.853547096252441
2.7,17.0981502532959,80.68363952636719,0.0,-15.293002128601074
2.74,14.483559608459473,83.23245239257812,0.0,-15.732429504394531
2.7600000000000002,14.483559608459473,84.46292114257812,0.0,-15.996101379394531
2.8000000000000003,10.076112747192383,84.63870239257812,0.0,-16.08399200439453
2.84,6.891493320465088,84.63870239257812,0.0,-16.08399200439453
2.86,6.891493320465088,84.63870239257812,0.0,-16.08399200439453
2.9,1.8897247314453125,84.63870239257812,0.0,-16.08399200439453
2.92,-1.5055915117263794,84.55078125,0.0,-16.08399200439453
2.96,-3.1980676651000977,84.63870239257812,0.0,-16.08399200439453
3.0,-6.533475399017334,84.55078125,0.0,-16.08399200439453
3.04,-9.751266479492188,83.23245239257812,0.0,-16.08399200439453
3.08,-12.791302680969238,80.77149963378906,0.0,-15.908210754394531
3.1,-12.791302680969238,77.87113189697266,0.0,-15.908210754394531
3.14,-16.894153594970703,74.091796875,0.0,-15.556674003601074
3.18,-19.2490177154541,70.04887390136719,0.0,-14.941438674926758
3.2,-19.2490177154541,64.6875,0.0,-13.974638938903809
3.24,-22.09836769104004,57.91992950439453,0.0,-12.568385124206543
3.2800000000000002,-23.489002227783203,50.36137390136719,0.0,-11.162130355834961
3.3200000000000003,-24.439361572265625,41.66020202636719,0.0,-9.580095291137695
3.34,-24.74308204650879,33.837886810302734,0.0,-8.173840522766113
3.38,-24.999549865722656,26.367189407348633,0.0,-6.767587661743164
3.42,-24.78372573852539,17.226594924926758,0.0,-4.921906471252441
3.44,-24.78372573852539,9.40433406829834,0.0,-3.691434383392334
3.48,-24.499176025390625,4.4824442863464355,0.0,-2.6367435455322266
3.52,-22.21706771850586,0.7031643390655518,0.0,-1.757834792137146
3.54,-20.427099227905273,-4.130861282348633,0.0,-1.1425986289978027
3.58,-20.427099227905273,-7.9101409912109375,0.0,-0.5273625254631042
3.62,-17.020349502563477,-10.019521713256836,0.0,-0.08790817856788635
3.66,-14.329628944396973,-10.986294746398926,0.0,0.08787357062101364
3.68,-14.329628944396973,-11.162075996398926,0.0,0.08787357062101364
3.72,-12.876794815063477,-11.162075996398926,0.0,0.08787357062101364
3.7600000000000002,-6.512744903564453,-11.162075996398926,0.0,0.08787357062101364
3.8000000000000003,-3.1060996055603027,-11.162075996398926,0.0,0.08787357062101364
3.8200000000000003,0.3640096187591553,-11.162075996398926,0.0,0.08787357062101364
3.86,2.1019585132598877,-11.162075996398926,0.0,0.08787357062101364
3.9,5.541541576385498,-11.162075996398926,0.0,0.08787357062101364
3.92,7.2264299392700195,-11.162075996398926,0.0,0.08787357062101364
3.96,10.48526668548584,-10.722648620605469,0.0,0.08787357062101364
3.98,13.54322338104248,-9.580039978027344,0.0,-1.7302845662925392e-05
4.0200000000000005,14.977856636047363,-7.294877529144287,0.0,-1.7302845662925392e-05
4.0600000000000005,17.622900009155273,-4.482424736022949,0.0,-0.17579905688762665
4.08,17.622900009155273,-0.1757444143295288,0.0,-0.6152534484863281
4.12,20.93402099609375,4.130880832672119,0.0,-1.4941622018814087
4.16,22.639062881469727,8.437506675720215,0.0,-2.3730709552764893
4.18,23.900463104248047,13.09575080871582,0.0,-3.4277613162994385
4.22,24.356252670288086,18.896493911743164,0.0,-4.394561290740967
4.26,24.905874252319336,25.13671875,0.0,-5.625033378601074
4.28,24.96360969543457,32.34376907348633,0.0,-7.1191511154174805
4.32,24.806812286376953,40.07816696166992,0.0,-8.173840522766113
4.34,24.124841690063477,46.14261245727539,0.0,-9.404313087463379
4.38,24.124841690063477,54.14065170288086,0.0,-10.722677230834961
4.42,22.208114624023438,60.82035446166992,0.0,-11.865257263183594
4.46,20.369487762451172,65.91796875,0.0,-12.744166374206543
4.48,18.1221923828125,71.10356140136719,0.0,-13.623075485229492
4.5200000000000005,16.858659744262695,75.93753051757812,0.0,-14.501983642578125
4.5600000000000005,14.082782745361328,79.27738189697266,0.0,-15.029329299926758
4.58,11.021450996398926,82.08983612060547,0.0,-15.644537925720215
4.62,11.021450996398926,84.55078125,0.0,-16.08399200439453
4.66,6.028414249420166,85.16605377197266,0.0,-16.259775161743164
4.7,2.5293400287628174,85.51760864257812,0.0,-16.259775161743164
4.72,2.5293400287628174,85.51760864257812,0.0,-16.259775161743164
4.76,-2.7992382049560547,85.51760864257812,0.0,-16.259775161743164
4.8,-6.300106525421143,85.51760864257812,0.0,-16.259775161743164
4.82,-9.676461219787598,85.51760864257812,0.0,-16.259775161743164
4.86,-11.296224594116211,85.4296875,0.0,-16.259775161743164
4.9,-14.357298851013184,85.4296875,0.0,-16.259775161743164
4.94,-17.128276824951172,84.19921875,0.0,-16.259775161743164
4.96,-17.128276824951172,81.21098327636719,0.0,-16.08399200439453
5.0,-20.616737365722656,77.95899200439453,0.0,-16.08399200439453
5.04,-22.425918579101562,74.7070541381836,0.0,-15.644537925720215
5.0600000000000005,-23.775829315185547,68.81839752197266,0.0,-14.765657424926758
5.1000000000000005,-23.775829315185547,62.57811737060547,0.0,-13.623075485229492
5.14,-24.87844467163086,55.634769439697266,0.0,-12.304712295532227
5.18,-24.97441291809082,47.548866271972656,0.0,-10.722677230834961
5.2,-24.97441291809082,39.55082321166992,0.0,-9.228531837463379
5.24,-24.15096664428711,31.464860916137695,0.0,-7.558604717254639
5.28,-22.971464157104492,23.29103660583496,0.0,-6.152351379394531
5.3,-22.971464157104492,14.062522888183594,0.0,-4.570343017578125
5.34,-20.31395149230957,8.261725425720215,0.0,-3.3398704528808594
5.38,-18.00196647644043,3.691453695297241,0.0,-2.3730709552764893
5.4,-18.00196647644043,-2.548825263977051,0.0,-1.3183804750442505
5.44,-13.841041564941406,-6.767532825469971,0.0,-0.6152534484863281
5.48,-10.688347816467285,-9.66795825958252,0.0,-0.08790817856788635
5.5,-10.688347816467285,-12.832030296325684,0.0,0.35154619812965393
5.54,-5.554360389709473,-13.535157203674316,0.0,0.43943706154823303
5.58,-1.9659678936004639,-13.535157203674316,0.0,0.5273279547691345
5.6000000000000005,1.6674246788024902,-13.535157203674316,0.0,0.5273279547691345
5.64,3.477022171020508,-13.535157203674316,0.0,0.5273279547691345
5.68,7.034057140350342,-13.535157203674316,0.0,0.5273279547691345
5.7,10.44530963897705,-13.535157203674316,0.0,0.5273279547691345
5.74,12.073320388793945,-13.535157203674316,0.0,0.5273279547691345
5.76,15.130402565002441,-13.535157203674316,0.0,0.5273279547691345
5.8,15.130402565002441,-13.535157203674316,0.0,0.5273279547691345
5.84,19.09788703918457,-12.040985107421875,0.0,0.43943706154823303
5.86,21.24692153930664,-9.66795825958252,0.0,0.35154619812965393
5.9,21.24692153930664,-6.8554511070251465,0.0,0.26365530490875244
5.94,22.15411376953125,-3.0761706829071045,0.0,-0.17579905688762665
5.96,24.55744171142578,1.4062913656234741,0.0,-0.9668169021606445
6.0,24.55744171142578,7.031252384185791,0.0,-2.109398365020752
6.04,24.987241744995117,11.425796508789062,0.0,-3.076197862625122
6.08,24.600311279296875,16.435548782348633,0.0,-4.04299783706665
6.1000000000000005,24.600311279296875,23.29103660583496,0.0,-5.273469924926758
6.140000000000001,24.206266403198242,29.882823944091797,0.0,-6.591805934906006
6.16,21.346487045288086,37.08987808227539,0.0,-7.734386444091797
6.2,21.346487045288086,45.878910064697266,0.0,-9.316422462463379
6.24,17.96691131591797,52.20705032348633,0.0,-10.459003448486328
6.28,15.21073055267334,58.35940933227539,0.0,-11.425804138183594
6.3,12.119686126708984,64.16014862060547,0.0,-12.480494499206543
6.34,10.469168663024902,68.90625762939453,0.0,-13.271512031555176
6.38,7.002863883972168,72.5976791381836,0.0,-13.886748313903809
6.4,3.379560947418213,76.55274200439453,0.0,-14.677765846252441
6.44,1.5336923599243164,78.75003814697266,0.0,-15.029329299926758
6.46,-2.1758265495300293,80.94728088378906,0.0,-15.380892753601074
6.5,-2.1758265495300293,81.8261947631836,0.0,-15.644537925720215
6.54,-7.631340980529785,81.8261947631836,0.0,-15.644537925720215
6.58,-11.078324317932129,81.9140625,0.0,-15.644537925720215
6.6000000000000005,-11.078324317932129,81.8261947631836,0.0,-15.644537925720215
6.640000000000001,-15.771986961364746,81.8261947631836,0.0,-15.644537925720215
6.68,-18.48077964782715,81.8261947631836,0.0,-15.644537925720215
6.7,-20.78069305419922,81.8261947631836,0.0,-15.644537925720215
6.74,-20.78069305419922,81.8261947631836,0.0,-15.644537925720215
6.78,-23.351842880249023,80.33207702636719,0.0,-15.556674003601074
6.82,-24.42227554321289,78.31055450439453,0.0,-15.556674003601074
6.84,-24.94636344909668,74.443359375,0.0,-15.556674003601074
6.88,-24.94636344909668,70.13673400878906,0.0,-14.941438674926758
6.92,-24.682373046875,65.74219512939453,0.0,-14.062530517578125
6.96,-23.809757232666016,60.38087463378906,0.0,-13.09572982788086
6.98,-23.809757232666016,51.94340896606445,0.0,-11.513693809509277
7.0200000000000005,-23.170082092285156,43.154319763183594,0.0,-10.019549369812012
7.0600000000000005,-21.50110626220703,36.562530517578125,0.0,-8.613295555114746
7.08,-16.746557235717773,27.7734432220459,0.0,-7.1191511154174805
7.12,-16.746557235717773,18.808629989624023,0.0,-5.361361026763916
7.16,-12.15311336517334,11.865278244018555,0.0,-4.13088846206665
7.18,-8.726213455200195,7.822298049926758,0.0,-3.2519795894622803
7.22,-8.726213455200195,3.6035356521606445,0.0,-2.28518009185791
7.26,-3.2321159839630127,-0.8788713812828064,0.0,-1.5820530652999878
7.3,0.5450215935707092,-3.5155975818634033,0.0,-1.2304894924163818
7.32,4.31318998336792,-5.9765424728393555,0.0,-0.7910351753234863
7.36,6.166806221008301,-6.152324199676514,0.0,-0.7031443119049072
7.4,9.759657859802246,-6.50388765335083,0.0,-0.6152534484863281
7.44,13.131059646606445,-6.50388765335083,0.0,-0.6152534484863281
7.48,16.20258140563965,-6.50388765335083,0.0,-0.6152534484863281
7.5,16.20258140563965,-6.415969371795654,0.0,-0.6152534484863281
7.54,20.092613220214844,-6.415969371795654,0.0,-0.6152534484863281
7.58,22.118576049804688,-6.415969371795654,0.0,-0.6152534484863281
7.6000000000000005,22.118576049804688,-5.88862419128418,0.0,-0.6152534484863281
7.640000000000001,24.18579864501953,-3.867161512374878,0.0,-0.7910351753234863
7.68,24.867216110229492,-1.7577801942825317,0.0,-0.8789260387420654
7.7,24.968963623046875,1.6699366569519043,0.0,-0.9668169021606445
7.74,24.800678253173828,4.834007740020752,0.0,-1.669943928718567
7.78,24.029699325561523,8.34964370727539,0.0,-2.3730709552764893
7.8,22.69464111328125,12.216841697692871,0.0,-3.2519795894622803
7.84,21.824386596679688,17.226594924926758,0.0,-4.04299783706665
7.88,19.70307731628418,22.50004768371582,0.0,-5.185579299926758
7.9,17.115739822387695,29.882823944091797,0.0,-6.679696559906006
7.94,15.665582656860352,37.08987808227539,0.0,-7.646495819091797
7.96,12.494412422180176,42.626976013183594,0.0,-8.789076805114746
8.0,12.494412422180176,49.5703239440918,0.0,-9.931658744812012
8.040000000000001,7.203060626983643,53.876949310302734,0.0,-10.722677230834961
8.08,3.4399845600128174,58.27149200439453,0.0,-11.425804138183594
8.1,3.4399845600128174,62.57811737060547,0.0,-12.216821670532227
8.14,-2.335890531539917,64.86328125,0.0,-12.568385124206543
8.18,-6.140433311462402,67.14844512939453,0.0,-12.83205795288086
8.2,-9.801811218261719,67.67578887939453,0.0,-12.91994857788086
8.24,-11.551135063171387,67.58792114257812,0.0,-12.91994857788086
8.28,-14.834281921386719,67.58792114257812,0.0,-12.91994857788086
8.32,-17.7645263671875,67.58792114257812,0.0,-12.91994857788086
8.34,-17.7645263671875,67.58792114257812,0.0,-13.00783920288086
8.38,-19.074628829956055,67.58792114257812,0.0,-13.00783920288086
8.42,-21.34465980529785,67.58792114257812,0.0,-13.00783920288086
8.44,-24.303747177124023,67.58792114257812,0.0,-13.00783920288086
8.48,-24.685775756835938,66.79688262939453,0.0,-13.00783920288086
8.52,-24.999893188476562,64.5996322631836,0.0,-12.91994857788086
8.540000000000001,-24.7078914642334,59.765663146972656,0.0,-12.656275749206543
8.58,-24.335721969604492,54.843780517578125,0.0,-12.04103946685791
8.620000000000001,-23.149333953857422,48.779335021972656,0.0,-10.898458480834961
8.64,-21.39779281616211,42.45119094848633,0.0,-9.843767166137695
8.68,-20.32244873046875,36.474613189697266,0.0,-8.701186180114746
8.700000000000001,-17.804576873779297,29.355480194091797,0.0,-7.3828229904174805
8.74,-16.377140045166016,22.50004768371582,0.0,-5.976569652557373
8.78,-13.228241920471191,15.820340156555176,0.0,-4.834015846252441
8.8,-13.228241920471191,9.66797924041748,0.0,-3.691434383392334
8.84,-7.916954517364502,6.15234375,0.0,-2.900416135787964
8.88,-4.109953880310059,3.691453695297241,0.0,-2.3730709552764893
8.92,-0.19819375872612,0.7031643390655518,0.0,-1.845725655555725
8.94,1.7669155597686768,-1.1425713300704956,0.0,-1.5820530652999878
8.98,5.6548662185668945,-1.845698356628418,0.0,-1.4941622018814087
9.0,5.6548662185668945,-1.845698356628418,0.0,-1.4062713384628296
9.040000000000001,11.201339721679688,-1.845698356628418,0.0,-1.4062713384628296
9.08,14.574199676513672,-1.845698356628418,0.0,-1.4062713384628296
9.1,14.574199676513672,-1.845698356628418,0.0,-1.4062713384628296
9.14,18.93511199951172,-1.845698356628418,0.0,-1.4062713384628296
9.18,21.26959228515625,-1.845698356628418,0.0,-1.4062713384628296
9.200000000000001,23.074596405029297,-0.9667896032333374,0.0,-1.4941622018814087
9.24,23.074596405029297,1.1425913572311401,0.0,-1.5820530652999878
9.28,23.763431549072266,3.515672206878662,0.0,-1.757834792137146
9.32,24.99997901916504,5.712916374206543,0.0,-1.9336165189743042
9.34,24.680288314819336,8.964852333068848,0.0,-2.5488526821136475
9.38,24.28614616394043,11.601578712463379,0.0,-3.076197862625122
9.42,23.040651321411133,15.732421875,0.0,-3.867216110229492
9.46,21.211999893188477,22.236347198486328,0.0,-5.0097975730896
9.48,21.211999893188477,29.003917694091797,0.0,-6.416024208068848
9.52,17.477256774902344,35.50783920288086,0.0,-7.470714092254639
9.540000000000001,14.416304588317871,42.89067459106445,0.0,-8.789076805114746
9.58,14.416304588317871,50.18558883666992,0.0,-10.107439994812012
9.620000000000001,12.742194175720215,56.16211700439453,0.0,-11.074240684509277
9.66,9.159340858459473,60.29301071166992,0.0,-11.865257263183594
9.68,1.3806709051132202,64.86328125,0.0,-12.656275749206543
9.72,-0.6198745965957642,68.37891387939453,0.0,-13.183621406555176
9.74,-4.598892688751221,70.31251525878906,0.0,-13.359403610229492
9.78,-4.598892688751221,71.71876525878906,0.0,-13.798856735229492
9.82,-10.321550369262695,72.68553924560547,0.0,-13.974638938903809
9.84,-13.82919692993164,72.861328125,0.0,-14.062530517578125
9.88,-15.455961227416992,72.861328125,0.0,-14.062530517578125
9.92,-18.40234375,72.861328125,0.0,-14.062530517578125
9.94,-18.40234375,72.861328125,0.0,-14.062530517578125
9.98,-19.7026424407959,72.7734603881836,0.0,-14.062530517578125
10.02,-23.561038970947266,72.7734603881836,0.0,-14.062530517578125
10.040000000000001,-23.561038970947266,72.7734603881836,0.0,-14.062530517578125
10.08,-24.877676010131836,72.7734603881836,0.0,-14.062530517578125
10.120000000000001,-24.951141357421875,71.63090515136719,0.0,-14.062530517578125
10.14,-24.374492645263672,69.43360900878906,0.0,-13.974638938903809
10.18,-23.84588623046875,66.62110137939453,0.0,-13.974638938903809
10.200000000000001,-22.324329376220703,63.54494857788086,0.0,-13.359403610229492
10.24,-22.324329376220703,56.513675689697266,0.0,-12.392602920532227
10.28,-18.960174560546875,49.306678771972656,0.0,-10.986349105834961
10.32,-16.079790115356445,43.24217987060547,0.0,-10.019549369812012
10.36,-12.774197578430176,34.892578125,0.0,-8.34962272644043
10.38,-10.988411903381348,28.212926864624023,0.0,-7.207041263580322
10.42,-7.2091546058654785,21.972700119018555,0.0,-5.888679027557373
10.46,-3.2362709045410156,16.435548782348633,0.0,-5.0097975730896
10.48,0.8256571292877197,12.832050323486328,0.0,-4.394561290740967
10.52,2.8564836978912354,11.601578712463379,0.0,-4.13088846206665
10.56,6.850500106811523,11.425796508789062,0.0,-4.13088846206665
10.58,6.850500106811523,11.425796508789062,0.0,-4.13088846206665
10.620000000000001,12.4746732711792,11.425796508789062,0.0,-4.13088846206665
10.66,15.833210945129395,11.425796508789062,0.0,-4.13088846206665
10.68,15.833210945129395,11.425796508789062,0.0,-4.13088846206665
10.72,20.059011459350586,11.425796508789062,0.0,-4.13088846206665
10.74,22.223356246948242,11.425796508789062,0.0,-4.13088846206665
10.78,23.086029052734375,11.425796508789062,0.0,-4.13088846206665
10.82,24.34248161315918,11.425796508789062,0.0,-4.13088846206665
10.84,24.34248161315918,13.183613777160645,0.0,-4.218779563903809
10.88,24.72740364074707,16.347684860229492,0.0,-4.482452392578125
10.92,24.59279441833496,19.423839569091797,0.0,-4.482452392578125
10.96,23.52501678466797,23.115253448486328,0.0,-5.185579299926758
10.98,23.52501678466797,28.828134536743164,0.0,-6.3281331062316895
11.02,20.742630004882812,34.62893295288086,0.0,-7.3828229904174805
11.040000000000001,18.171476364135742,40.42972946166992,0.0,-8.34962272644043
11.08,16.69525718688965,46.23047637939453,0.0,-9.404313087463379
11.120000000000001,13.410879135131836,52.11918640136719,0.0,-10.459003448486328
11.14,13.410879135131836,59.6777458190918,0.0,-11.689476013183594
11.18,7.825158596038818,63.896507263183594,0.0,-12.480494499206543
11.22,3.80873441696167,68.73048400878906,0.0,-13.271512031555176
11.26,-0.31522464752197266,71.45512390136719,0.0,-13.798856735229492
11.28,-2.3823766708374023,74.091796875,0.0,-14.326202392578125
11.32,-6.456191062927246,76.37696075439453,0.0,-14.677765846252441
11.36,-10.356243133544922,77.69535064697266,0.0,-14.853547096252441
11.38,-13.974833488464355,77.60742950439453,0.0,-14.941438674926758
11.42,-13.974833488464355,77.60742950439453,0.0,-14.941438674926758
11.46,-18.658031463623047,77.60742950439453,0.0,-14.941438674926758
11.5,-21.15651512145996,77.60742950439453,0.0,-14.941438674926758
11.52,-23.071853637695312,77.60742950439453,0.0,-14.941438674926758
11.56,-23.79312515258789,77.51956176757812,0.0,-14.941438674926758
11.6,-24.736839294433594,77.08008575439453,0.0,-14.941438674926758
11.620000000000001,-24.994123458862305,75.58596801757812,0.0,-14.941438674926758
11.66,-24.994123458862305,72.68553924560547,0.0,-14.941438674926758
11.700000000000001,-24.078784942626953,70.13673400878906,0.0,-14.765657424926758
11.74,-22.6232967376709,66.53323364257812,0.0,-14.150420188903809
11.76,-21.654842376708984,62.841819763183594,0.0,-13.359403610229492
11.8,-19.269372940063477,56.42581558227539,0.0,-12.304712295532227
11.82,-19.269372940063477,47.724647521972656,0.0,-10.722677230834961
11.86,-14.699779510498047,41.30863952636719,0.0,-9.667985916137695
11.9,-11.115262031555176,35.244140625,0.0,-8.34962272644043
11.94,-7.214972019195557,27.5976619720459,0.0,-7.1191511154174805
11.96,-3.108048677444458,20.21488380432129,0.0,-5.712924480438232
12.0,-1.013014554977417,16.171903610229492,0.0,-4.921906471252441
12.040000000000001,3.1863272190093994,12.832050323486328,0.0,-4.482452392578125
12.06,7.299001693725586,11.601578712463379,0.0,-4.218779563903809
12.1,7.299001693725586,11.689496994018555,0.0,-4.218779563903809
12.14,9.286160469055176,11.777359962463379,0.0,-4.218779563903809
12.16,16.448612213134766,11.777359962463379,0.0,-4.218779563903809
12.200000000000001,16.448612213134766,11.777359962463379,0.0,-4.218779563903809
12.24,20.64472198486328,11.777359962463379,0.0,-4.218779563903809
12.26,22.724044799804688,11.777359962463379,0.0,-4.218779563903809
12.3,23.523818969726562,11.777359962463379,0.0,-4.218779563903809
12.34,24.61396598815918,11.777359962463379,0.0,-4.218779563903809
12.38,24.99948501586914,12.744187355041504,0.0,-4.218779563903809
12.4,24.99948501586914,15.029294967651367,0.0,-4.394561290740967
12.44,24.234127044677734,17.138675689697266,0.0,-4.570343017578125
12.48,22.846923828125,21.00587272644043,0.0,-4.834015846252441
12.5,20.799833297729492,25.312498092651367,0.0,-5.625033378601074
12.540000000000001,20.799833297729492,31.640642166137695,0.0,-6.855478286743164
12.58,20.799833297729492,37.08987808227539,0.0,-7.822277545928955
12.620000000000001,13.215261459350586,43.857444763183594,0.0,-9.140640258789062
12.64,9.421920776367188,51.32814407348633,0.0,-10.283222198486328
12.68,7.414235591888428,57.04102325439453,0.0,-11.337912559509277
12.72,3.2493844032287598,61.87504577636719,0.0,-12.216821670532227
12.74,-1.013537883758545,66.70901489257812,0.0,-12.91994857788086
12.780000000000001,-1.013537883758545,70.31251525878906,0.0,-13.623075485229492
12.82,-7.320263862609863,73.3008041381836,0.0,-14.062530517578125
12.86,-11.28687858581543,75.41018676757812,0.0,-14.589875221252441
12.88,-13.154406547546387,76.46487426757812,0.0,-14.853547096252441
12.92,-16.588945388793945,76.90430450439453,0.0,-14.853547096252441
12.96,-19.539169311523438,76.90430450439453,0.0,-14.853547096252441
12.98,-19.539169311523438,76.90430450439453,0.0,-14.853547096252441
13.02,-22.8684024810791,76.90430450439453,0.0,-14.853547096252441
13.06,-24.259624481201172,76.90430450439453,0.0,-14.853547096252441
13.08,-24.935462951660156,76.90430450439453,0.0,-14.853547096252441
13.120000000000001,-24.935462951660156,76.90430450439453,0.0,-14.853547096252441
13.16,-24.566204071044922,75.93753051757812,0.0,-14.853547096252441
13.200000000000001,-23.406007766723633,73.8281478881836,0.0,-14.853547096252441
13.22,-23.406007766723633,70.57621765136719,0.0,-14.853547096252441
13.26,-20.37616729736328,67.32422637939453,0.0,-14.326202392578125
13.3,-17.581802368164062,64.0722885131836,0.0,-13.623075485229492
13.32,-17.581802368164062,57.04102325439453,0.0,-12.392602920532227
13.36,-12.432685852050781,49.83402633666992,0.0,-11.074240684509277
13.4,-8.509387969970703,43.593746185302734,0.0,-10.107439994812012
13.42,-4.328022003173828,37.52930450439453,0.0,-8.789076805114746
13.46,-2.1793487071990967,32.25590515136719,0.0,-7.734386444091797
13.5,2.15351939201355,28.564489364624023,0.0,-7.207041263580322
13.52,6.425142288208008,23.730464935302734,0.0,-6.3281331062316895
13.56,8.497566223144531,22.060564041137695,0.0,-6.064460754394531
13.6,12.437230110168457,21.269573211669922,0.0,-5.888679027557373
13.620000000000001,16.00450897216797,20.830093383789062,0.0,-5.888679027557373
13.66,17.613983154296875,20.830093383789062,0.0,-5.888679027557373
13.700000000000001,20.42294692993164,20.830093383789062,0.0,-5.888679027557373
13.72,22.614931106567383,20.830093383789062,0.0,-5.888679027557373
13.76,23.457496643066406,20.830093383789062,0.0,-5.888679027557373
13.780000000000001,24.60271453857422,21.181655883789062,0.0,-5.888679027557373
13.82,24.896194458007812,21.621137619018555,0.0,-5.888679027557373
13.86,24.91257667541504,23.115253448486328,0.0,-6.064460754394531
13.88,24.634889602661133,25.48828125,0.0,-6.2402424812316895
13.92,23.517208099365234,29.003917694091797,0.0,-6.416024208068848
13.94,21.679141998291016,33.750022888183594,0.0,-7.3828229904174805
13.98,20.50619125366211,38.5839958190918,0.0,-8.085949897766113
14.02,17.69641876220703,43.505882263183594,0.0,-8.964859008789062
14.040000000000001,17.69641876220703,49.04298400878906,0.0,-10.019549369812012
14.08,16.080833435058594,55.546905517578125,0.0,-11.162130355834961
14.120000000000001,8.51076602935791,61.78712844848633,0.0,-12.216821670532227
14.14,4.266310691833496,66.35745239257812,0.0,-13.00783920288086
14.18,2.0849955081939697,70.57621765136719,0.0,-13.623075485229492
14.22,-2.311692714691162,74.267578125,0.0,-14.326202392578125
14.24,-2.311692714691162,77.87113189697266,0.0,-15.029329299926758
14.280000000000001,-8.736912727355957,79.62894439697266,0.0,-15.293002128601074
14.32,-12.713004112243652,81.21098327636719,0.0,-15.556674003601074
14.34,-12.713004112243652,81.38676452636719,0.0,-15.556674003601074
14.38,-17.906217575073242,81.38676452636719,0.0,-15.556674003601074
14.42,-20.695646286010742,81.38676452636719,0.0,-15.556674003601074
14.44,-22.841230392456055,81.38676452636719,0.0,-15.556674003601074
14.48,-23.650293350219727,81.38676452636719,0.0,-15.556674003601074
14.52,-24.708227157592773,81.38676452636719,0.0,-15.556674003601074
14.540000000000001,-24.992570877075195,81.21098327636719,0.0,-15.556674003601074
14.58,-24.840314865112305,79.80473327636719,0.0,-15.556674003601074
14.620000000000001,-23.951751708984375,78.83790588378906,0.0,-15.556674003601074
14.66,-22.308748245239258,75.146484375,0.0,-15.46878433227539
14.68,-22.308748245239258,71.19142150878906,0.0,-14.941438674926758
14.72,-18.545194625854492,66.97266387939453,0.0,-14.238311767578125
14.74,-15.28328800201416,62.929683685302734,0.0,-13.359403610229492
14.780000000000001,-15.28328800201416,54.843780517578125,0.0,-12.04103946685791
14.82,-9.514993667602539,46.84573745727539,0.0,-10.634785652160645
14.84,-5.262063026428223,42.09962844848633,0.0,-9.667985916137695
14.88,-3.0629587173461914,37.44144058227539,0.0,-8.701186180114746
14.92,1.3933528661727905,33.398460388183594,0.0,-7.998059272766113
14.94,1.3933528661727905,29.091833114624023,0.0,-7.207041263580322
14.98,3.6150667667388916,25.04885482788086,0.0,-6.679696559906006
15.02,12.048362731933594,23.730464935302734,0.0,-6.416024208068848
15.06,15.757698059082031,23.46681785583496,0.0,-6.3281331062316895
15.08,18.96531105041504,23.5546817779541,0.0,-6.3281331062316895
15.120000000000001,20.34773826599121,23.5546817779541,0.0,-6.3281331062316895
15.16,22.613445281982422,23.5546817779541,0.0,-6.3281331062316895
15.18,24.15386199951172,23.5546817779541,0.0,-6.3281331062316895
15.22,24.15386199951172,23.642601013183594,0.0,-6.3281331062316895
15.26,24.999046325683594,24.257808685302734,0.0,-6.3281331062316895
15.280000000000001,24.556331634521484,26.103546142578125,0.0,-6.591805934906006
15.32,24.556331634521484,29.70704460144043,0.0,-6.855478286743164
15.36,22.41396141052246,33.750022888183594,0.0,-7.470714092254639
15.38,20.06494903564453,37.88086700439453,0.0,-8.085949897766113
15.42,20.06494903564453,43.33010482788086,0.0,-8.964859008789062
15.46,15.346111297607422,48.16407012939453,0.0,-9.843767166137695
15.5,11.550369262695312,53.349609375,0.0,-10.722677230834961
15.52,11.550369262695312,60.02931213378906,0.0,-11.865257263183594
15.56,5.187408447265625,64.7754135131836,0.0,-12.744166374206543
15.6,0.6999840140342712,68.90625762939453,0.0,-13.359403610229492
15.620000000000001,0.6999840140342712,71.98246765136719,0.0,-13.886748313903809
15.66,-6.034361362457275,74.794921875,0.0,-14.414093971252441
15.68,-10.31143569946289,76.025390625,0.0,-14.765657424926758
15.72,-10.31143569946289,76.99222564697266,0.0,-14.941438674926758
15.76,-16.05699920654297,76.99222564697266,0.0,-14.941438674926758
15.8,-19.255617141723633,76.99222564697266,0.0,-14.941438674926758
15.82,-21.82183074951172,76.99222564697266,0.0,-14.941438674926758
15.860000000000001,-22.839954376220703,76.99222564697266,0.0,-14.941438674926758
15.9,-24.30310821533203,76.99222564697266,0.0,-14.941438674926758
15.92,-24.962953567504883,76.99222564697266,0.0,-14.941438674926758
15.96,-24.9831485748291,76.72852325439453,0.0,-14.941438674926758
15.98,-24.402036666870117,75.23440551757812,0.0,-14.941438674926758
16.02,-23.805082321166992,72.7734603881836,0.0,-14.941438674926758
16.06,-22.02201271057129,70.04887390136719,0.0,-14.765657424926758
16.1,-19.504077911376953,66.00588989257812,0.0,-14.062530517578125
16.12,-19.504077911376953,60.64457702636719,0.0,-13.00783920288086
16.16,-17.99435043334961,53.26174545288086,0.0,-11.689476013183594
16.2,-14.535447120666504,45.439483642578125,0.0,-10.371113777160645
16.22,-6.282668590545654,39.2871208190918,0.0,-9.140640258789062
16.26,-6.282668590545654,32.16798782348633,0.0,-7.734386444091797
16.3,0.529312014579773,26.718753814697266,0.0,-6.855478286743164
16.32,5.084811687469482,20.742229461669922,0.0,-5.888679027557373
16.36,7.309120178222656,17.402376174926758,0.0,-5.0976881980896
16.38,11.55689525604248,14.941431999206543,0.0,-4.746124744415283
16.42,11.55689525604248,13.798823356628418,0.0,-4.570343017578125
16.46,17.16166877746582,13.798823356628418,0.0,-4.570343017578125
16.5,20.201276779174805,13.798823356628418,0.0,-4.570343017578125
16.52,22.55880355834961,13.798823356628418,0.0,-4.570343017578125
16.56,23.455322265625,13.798823356628418,0.0,-4.570343017578125
16.6,24.644704818725586,13.798823356628418,0.0,-4.570343017578125
16.62,24.996829986572266,13.798823356628418,0.0,-4.570343017578125
16.66,24.853439331054688,13.798823356628418,0.0,-4.570343017578125
16.7,23.932636260986328,14.941431999206543,0.0,-4.658234119415283
16.72,22.19405174255371,15.908204078674316,0.0,-4.746124744415283
16.76,21.0350284576416,18.54492950439453,0.0,-4.921906471252441
16.8,18.18602180480957,21.357437133789062,0.0,-5.185579299926758
16.82,14.711575508117676,25.400419235229492,0.0,-5.625033378601074
16.86,12.775885581970215,29.882823944091797,0.0,-6.679696559906006
16.9,8.589983940124512,35.683624267578125,0.0,-7.734386444091797
16.92,4.105381488800049,42.01176452636719,0.0,-8.789076805114746
16.96,4.105381488800049,46.23047637939453,0.0,-9.580095291137695
17.0,-2.8433704376220703,49.92189025878906,0.0,-10.107439994812012
17.02,-7.3909220695495605,52.031272888183594,0.0,-10.459003448486328
17.06,-9.579713821411133,54.667999267578125,0.0,-10.898458480834961
17.1,-13.692238807678223,55.898468017578125,0.0,-11.162130355834961
17.12,-17.333200454711914,56.601593017578125,0.0,-11.250021934509277
17.16,-18.936256408691406,56.601593017578125,0.0,-11.250021934509277
17.2,-21.637022018432617,56.513675689697266,0.0,-11.250021934509277
17.22,-23.586870193481445,56.513675689697266,0.0,-11.250021934509277
17.26,-24.25734519958496,56.513675689697266,0.0,-11.250021934509277
17.3,-24.958988189697266,56.25003433227539,0.0,-11.250021934509277
17.32,-24.7893009185791,54.31643295288086,0.0,-11.162130355834961
17.36,-24.377748489379883,51.50392532348633,0.0,-11.074240684509277
17.400000000000002,-22.918014526367188,48.427772521972656,0.0,-10.810566902160645
17.42,-20.653579711914062,44.47265625,0.0,-10.195331573486328
17.46,-19.242834091186523,40.69337463378906,0.0,-9.492203712463379
17.5,-15.925246238708496,35.947265625,0.0,-8.525404930114746
17.52,-12.044645309448242,29.531261444091797,0.0,-7.2949323654174805
17.56,-9.934897422790527,23.29103660583496,0.0,-6.2402424812316895
17.6,-5.468966007232666,18.28128433227539,0.0,-5.0976881980896
17.62,-5.468966007232666,13.447314262390137,0.0,-4.394561290740967
17.66,1.547206163406372,10.54688835144043,0.0,-3.9551069736480713
17.7,6.195252418518066,10.019542694091797,0.0,-3.867216110229492
17.72,10.627062797546387,10.019542694091797,0.0,-3.779325246810913
17.76,12.712101936340332,9.931678771972656,0.0,-3.779325246810913
17.8,16.52725601196289,9.931678771972656,0.0,-3.779325246810913
17.82,19.756925582885742,9.931678771972656,0.0,-3.779325246810913
17.86,21.11488914489746,10.019542694091797,0.0,-3.779325246810913
17.900000000000002,23.255510330200195,10.019542694091797,0.0,-3.779325246810913
17.92,24.5667724609375,9.931678771972656,0.0,-3.779325246810913
17.96,24.89493751525879,9.931678771972656,0.0,-3.779325246810913
18.0,24.880414962768555,9.931678771972656,0.0,-3.779325246810913
18.04,23.973527908325195,11.337933540344238,0.0,-3.867216110229492
18.06,23.193769454956055,12.919968605041504,0.0,-3.9551069736480713
18.1,21.01546287536621,16.083986282348633,0.0,-4.394561290740967
18.12,18.078983306884766,20.56644630432129,0.0,-4.658234119415283
18.16,16.35799789428711,24.960935592651367,0.0,-5.625033378601074
18.2,12.487266540527344,30.49808692932129,0.0,-6.767587661743164
18.22,8.16244888305664,36.650394439697266,0.0,-7.910168170928955
18.26,5.877837181091309,42.45119094848633,0.0,-8.964859008789062
18.3,1.1672496795654297,46.757816314697266,0.0,-9.667985916137695
18.32,-3.589151382446289,51.32814407348633,0.0,-10.371113777160645
18.36,-5.9304890632629395,53.701168060302734,0.0,-10.810566902160645
18.400000000000002,-10.432840347290039,56.33789825439453,0.0,-11.250021934509277
18.42,-14.558704376220703,57.656280517578125,0.0,-11.425804138183594
18.46,-14.558704376220703,58.44727325439453,0.0,-11.513693809509277
18.5,-16.432512283325195,58.35940933227539,0.0,-11.513693809509277
18.54,-19.715660095214844,58.35940933227539,0.0,-11.513693809509277
18.580000000000002,-24.032485961914062,58.35940933227539,0.0,-11.513693809509277
18.6,-24.90468978881836,58.35940933227539,0.0,-11.601585388183594
18.64,-24.90468978881836,58.35940933227539,0.0,-11.513693809509277
18.68,-24.498821258544922,57.21680450439453,0.0,-11.513693809509277
18.7,-23.09701919555664,55.01955795288086,0.0,-11.425804138183594
18.740000000000002,-23.09701919555664,50.88871383666992,0.0,-11.162130355834961
18.78,-19.421236038208008,47.02151870727539,0.0,-10.634785652160645
18.82,-16.051197052001953,42.45119094848633,0.0,-9.931658744812012
18.84,-16.051197052001953,37.79300308227539,0.0,-8.876968383789062
18.88,-9.923457145690918,32.95903396606445,0.0,-7.822277545928955
18.92,-5.342040538787842,26.630889892578125,0.0,-6.855478286743164
18.94,-5.342040538787842,19.072275161743164,0.0,-5.449251651763916
18.98,1.8527978658676147,14.589868545532227,0.0,-4.746124744415283
19.02,6.604959964752197,11.162151336669922,0.0,-4.13088846206665
19.04,6.604959964752197,10.371106147766113,0.0,-3.867216110229492
19.080000000000002,13.225152969360352,10.371106147766113,0.0,-3.867216110229492
19.12,17.058847427368164,10.371106147766113,0.0,-3.867216110229492
19.14,17.058847427368164,10.371106147766113,0.0,-3.867216110229492
19.18,21.579927444458008,10.371106147766113,0.0,-3.867216110229492
19.22,23.607603073120117,10.371106147766113,0.0,-3.867216110229492
19.240000000000002,23.607603073120117,10.371106147766113,0.0,-3.867216110229492
19.28,24.9755859375,10.371106147766113,0.0,-3.867216110229492
19.32,24.71904182434082,10.371106147766113,0.0,-3.867216110229492
19.34,24.71904182434082,10.371106147766113,0.0,-3.867216110229492
19.38,22.600419998168945,10.898451805114746,0.0,-3.867216110229492
19.400000000000002,20.106908798217773,12.216841697692871,0.0,-4.04299783706665
19.44,20.106908798217773,15.556640625,0.0,-4.306670665740967
19.48,14.975235939025879,19.160194396972656,0.0,-4.570343017578125
19.52,10.813090324401855,23.115253448486328,0.0,-5.273469924926758
19.54,6.237740516662598,28.828134536743164,0.0,-6.503914833068848
19.580000000000002,3.8486926555633545,34.189449310302734,0.0,-7.470714092254639
19.6,-1.018902063369751,38.671913146972656,0.0,-8.173840522766113
19.64,-1.018902063369751,43.417964935302734,0.0,-8.964859008789062
19.68,-8.196303367614746,46.14261245727539,0.0,-9.492203712463379
19.72,-12.632186889648438,48.16407012939453,0.0,-9.843767166137695
19.740000000000002,-16.588552474975586,49.13090133666992,0.0,-10.019549369812012
19.78,-16.588552474975586,49.482460021972656,0.0,-10.107439994812012
19.82,-21.296852111816406,49.3945426940918,0.0,-10.107439994812012
19.86,-23.44065284729004,49.3945426940918,0.0,-10.107439994812012
19.900000000000002,-24.685714721679688,49.3945426940918,0.0,-10.107439994812012
19.92,-24.982200622558594,49.3945426940918,0.0,-10.107439994812012
19.96,-24.769067764282227,49.3945426940918,0.0,-10.107439994812012
20.0,-23.629024505615234,48.427772521972656,0.0,-10.019549369812012
20.04,-21.576053619384766,45.615264892578125,0.0,-9.931658744812012
20.06,-20.230087280273438,43.24217987060547,0.0,-9.843767166137695
20.1,-16.963180541992188,40.25394821166992,0.0,-9.316422462463379
20.12,-13.036775588989258,35.947265625,0.0,-8.525404930114746
20.16,-10.87255573272705,30.49808692932129,0.0,-7.3828229904174805
20.18,-6.246464252471924,25.839845657348633,0.0,-6.679696559906006
20.22,-3.829439401626587,19.86332130432129,0.0,-5.625033378601074
20.26,1.0953046083450317,16.171903610229492,0.0,-4.921906471252441
20.28,3.5550148487091064,13.27153205871582,0.0,-4.570343017578125
20.32,8.349129676818848,12.656269073486328,0.0,-4.306670665740967
20.34,12.820631980895996,12.656269073486328,0.0,-4.306670665740967
20.38,14.8798828125,12.656269073486328,0.0,-4.306670665740967
20.42,18.543949127197266,12.656269073486328,0.0,-4.306670665740967
20.46,21.483903884887695,12.656269073486328,0.0,-4.306670665740967
20.5,23.582815170288086,12.656269073486328,0.0,-4.306670665740967
20.52,23.582815170288086,12.656269073486328,0.0,-4.306670665740967
20.56,24.97964096069336,12.656269073486328,0.0,-4.306670665740967
20.6,24.686784744262695,12.919968605041504,0.0,-4.306670665740967
20.62,24.686784744262695,15.380858421325684,0.0,-4.482452392578125
20.66,22.434974670410156,18.36914825439453,0.0,-4.658234119415283
20.7,19.808916091918945,21.621137619018555,0.0,-4.921906471252441
20.72,16.39691925048828,26.103546142578125,0.0,-5.800815105438232
20.76,14.436837196350098,31.201215744018555,0.0,-6.943369388580322
20.8,10.104865074157715,36.914093017578125,0.0,-7.910168170928955
20.82,7.77579402923584,43.24217987060547,0.0,-9.140640258789062
20.86,5.3684401512146,48.251991271972656,0.0,-9.931658744812012
20.900000000000002,5.3684401512146,52.20705032348633,0.0,-10.459003448486328
20.96,-9.353206634521484,56.86524200439453,0.0,-11.250021934509277
20.98,-13.77790641784668,58.886756896972656,0.0,-11.601585388183594
21.02,-13.77790641784668,59.32618713378906,0.0,-11.689476013183594
21.06,-19.33735466003418,59.32618713378906,0.0,-11.689476013183594
21.1,-22.106847763061523,59.23832321166992,0.0,-11.689476013183594
21.12,-23.990726470947266,59.23832321166992,0.0,-11.689476013183594
21.16,-23.990726470947266,59.32618713378906,0.0,-11.689476013183594
21.2,-24.996692657470703,59.23832321166992,0.0,-11.689476013183594
21.240000000000002,-24.41172218322754,58.09571075439453,0.0,-11.689476013183594
21.26,-23.746807098388672,55.634769439697266,0.0,-11.513693809509277
21.3,-21.70438575744629,52.29496765136719,0.0,-11.425804138183594
21.34,-18.78296661376953,48.3398551940918,0.0,-10.810566902160645
21.38,-15.098987579345703,43.417964935302734,0.0,-10.107439994812012
21.400000000000002,-15.098987579345703,38.7597770690918,0.0,-8.964859008789062
21.44,-8.47362232208252,34.27737045288086,0.0,-8.085949897766113
21.48,-3.5836308002471924,27.4218807220459,0.0,-7.031260013580322
21.5,-1.0699254274368286,21.533220291137695,0.0,-5.888679027557373
21.54,3.9671103954315186,17.4902400970459,0.0,-5.0097975730896
21.56,8.845885276794434,14.326168060302734,0.0,-4.570343017578125
21.6,11.163113594055176,12.656269073486328,0.0,-4.306670665740967
21.64,15.434379577636719,12.128923416137695,0.0,-4.306670665740967
21.68,15.434379577636719,12.216841697692871,0.0,-4.306670665740967
21.72,17.344369888305664,12.216841697692871,0.0,-4.306670665740967
21.740000000000002,23.905710220336914,12.216841697692871,0.0,-4.306670665740967
21.78,23.905710220336914,12.216841697692871,0.0,-4.306670665740967
21.82,24.99925422668457,12.216841697692871,0.0,-4.306670665740967
21.84,24.445362091064453,12.216841697692871,0.0,-4.306670665740967
21.88,24.445362091064453,12.832050323486328,0.0,-4.306670665740967
21.92,21.741729736328125,14.67773151397705,0.0,-4.482452392578125
21.96,18.79631996154785,16.699249267578125,0.0,-4.570343017578125
21.98,17.0223445892334,20.12696647644043,0.0,-4.834015846252441
22.02,12.962687492370605,23.5546817779541,0.0,-5.273469924926758
22.06,12.962687492370605,29.091833114624023,0.0,-6.503914833068848
22.1,10.718831062316895,35.771488189697266,0.0,-7.822277545928955
22.12,5.918785095214844,42.71489334106445,0.0,-8.964859008789062
22.16,-4.219442367553711,46.23047637939453,0.0,-9.580095291137695
22.2,-9.136065483093262,50.88871383666992,0.0,-10.195331573486328
22.22,-9.136065483093262,53.789085388183594,0.0,-10.810566902160645
22.26,-15.742240905761719,56.77737808227539,0.0,-11.250021934509277
22.3,-19.364151000976562,58.18362808227539,0.0,-11.513693809509277
22.32,-22.17775535583496,59.062538146972656,0.0,-11.601585388183594
22.36,-22.17775535583496,59.062538146972656,0.0,-11.601585388183594
22.400000000000002,-24.631296157836914,59.062538146972656,0.0,-11.601585388183594
22.44,-24.986042022705078,59.062538146972656,0.0,-11.601585388183594
22.46,-24.986042022705078,59.062538146972656,0.0,-11.689476013183594
22.52,-24.76862335205078,58.710975646972656,0.0,-11.689476013183594
22.54,-23.554288864135742,57.30472183227539,0.0,-11.601585388183594
22.580000000000002,-18.23509407043457,54.931644439697266,0.0,-11.425804138183594
22.62,-14.351080894470215,51.76762771606445,0.0,-11.337912559509277
22.64,-9.856857299804688,47.548866271972656,0.0,-10.722677230834961
22.68,-7.439241886138916,43.593746185302734,0.0,-10.107439994812012
22.7,-2.390718698501587,40.42972946166992,0.0,-9.404313087463379
22.740000000000002,-2.390718698501587,36.210968017578125,0.0,-8.613295555114746
22.78,5.3104400634765625,34.80471420288086,0.0,-8.173840522766113
22.82,10.211709022521973,31.201215744018555,0.0,-7.646495819091797
22.84,10.211709022521973,30.849651336669922,0.0,-7.470714092254639
22.88,12.512849807739258,29.97074317932129,0.0,-7.470714092254639
22.92,20.162620544433594,30.14652442932129,0.0,-7.470714092254639
22.94,22.772315979003906,30.14652442932129,0.0,-7.470714092254639
22.98,22.772315979003906,30.14652442932129,0.0,-7.470714092254639
23.02,23.71757698059082,30.23438835144043,0.0,-7.470714092254639
23.04,24.891189575195312,31.289077758789062,0.0,-7.558604717254639
23.080000000000002,24.891189575195312,33.837886810302734,0.0,-7.734386444091797
23.12,22.97782325744629,36.650394439697266,0.0,-7.822277545928955
23.14,20.449420928955078,39.023475646972656,0.0,-8.173840522766113
23.18,18.84560203552246,42.45119094848633,0.0,-8.789076805114746
23.22,15.044159889221191,45.703128814697266,0.0,-9.492203712463379
23.240000000000002,10.590021133422852,50.88871383666992,0.0,-10.283222198486328
23.28,8.177101135253906,56.33789825439453,0.0,-11.162130355834961
23.32,3.109633684158325,60.46879196166992,0.0,-11.95314884185791
23.34,-2.0960867404937744,64.4238510131836,0.0,-12.656275749206543
23.38,-4.68023681640625,67.50000762939453,0.0,-13.09572982788086
23.42,-9.67059326171875,69.16996002197266,0.0,-13.271512031555176
23.44,-14.243535995483398,69.25782775878906,0.0,-13.359403610229492
23.48,-16.31001853942871,69.25782775878906,0.0,-13.359403610229492
23.52,-19.889556884765625,69.25782775878906,0.0,-13.359403610229492
23.54,-22.603160858154297,69.25782775878906,0.0,-13.447293281555176
23.580000000000002,-23.595996856689453,69.16996002197266,0.0,-13.359403610229492
23.62,-24.79817008972168,69.16996002197266,0.0,-13.359403610229492
23.64,-24.914836883544922,69.25782775878906,0.0,-13.359403610229492
23.68,-24.561939239501953,69.16996002197266,0.0,-13.359403610229492
23.72,-23.051664352416992,68.81839752197266,0.0,-13.359403610229492
23.740000000000002,-20.52715492248535,66.26953125,0.0,-13.359403610229492
23.78,-20.52715492248535,62.66603469848633,0.0,-13.271512031555176
23.82,-15.088465690612793,57.48050308227539,0.0,-12.392602920532227
23.86,-10.5919189453125,52.734397888183594,0.0,-11.601585388183594
23.88,-10.5919189453125,45.26369857788086,0.0,-10.371113777160645
23.92,-8.153833389282227,41.22072219848633,0.0,-9.404313087463379
23.96,-3.032182455062866,37.88086700439453,0.0,-8.876968383789062
23.98,7.391122341156006,35.068359375,0.0,-8.34962272644043
24.02,9.865376472473145,32.871116638183594,0.0,-7.822277545928955
24.060000000000002,14.460538864135742,31.728561401367188,0.0,-7.734386444091797
24.080000000000002,16.530006408691406,31.728561401367188,0.0,-7.646495819091797
24.12,20.096773147583008,31.728561401367188,0.0,-7.646495819091797
24.14,22.770586013793945,31.728561401367188,0.0,-7.646495819091797
24.18,23.733097076416016,31.728561401367188,0.0,-7.646495819091797
24.2,24.854328155517578,31.728561401367188,0.0,-7.646495819091797
24.240000000000002,24.854328155517578,31.728561401367188,0.0,-7.646495819091797
24.28,24.451648712158203,33.750022888183594,0.0,-7.822277545928955
24.3,22.807798385620117,35.683624267578125,0.0,-7.998059272766113
24.34,22.807798385620117,38.671913146972656,0.0,-8.085949897766113
24.38,18.457111358642578,41.66020202636719,0.0,-8.701186180114746
24.42,14.48714542388916,44.47265625,0.0,-9.316422462463379
24.44,14.48714542388916,49.65824508666992,0.0,-10.107439994812012
24.48,7.3687028884887695,55.01955795288086,0.0,-10.986349105834961
24.52,2.1575634479522705,59.8535270690918,0.0,-11.865257263183594
24.54,2.1575634479522705,64.5996322631836,0.0,-12.744166374206543
24.580000000000002,-5.773164749145508,69.16996002197266,0.0,-13.359403610229492
24.62,-10.787795066833496,70.57621765136719,0.0,-13.710967063903809
24.64,-15.317026138305664,73.3008041381836,0.0,-14.062530517578125
24.68,-15.317026138305664,74.35549926757812,0.0,-14.326202392578125
24.72,-17.33401107788086,74.35549926757812,0.0,-14.326202392578125
24.76,-23.239511489868164,74.35549926757812,0.0,-14.326202392578125
24.8,-24.66559600830078,74.35549926757812,0.0,-14.326202392578125
24.82,-24.968534469604492,74.35549926757812,0.0,-14.326202392578125
24.86,-24.968534469604492,74.443359375,0.0,-14.414093971252441
24.900000000000002,-23.296165466308594,74.443359375,0.0,-14.414093971252441
24.92,-20.834449768066406,74.091796875,0.0,-14.414093971252441
24.96,-20.834449768066406,72.2461166381836,0.0,-14.326202392578125
25.0,-15.397103309631348,69.96095275878906,0.0,-14.326202392578125
25.04,-10.84877872467041,67.41213989257812,0.0,-14.238311767578125
25.060000000000002,-10.84877872467041,63.720726013183594,0.0,-13.623075485229492
25.1,-0.47943276166915894,56.25003433227539,0.0,-12.304712295532227
25.14,2.205488681793213,49.83402633666992,0.0,-10.986349105834961
25.16,7.470763206481934,44.38479232788086,0.0,-10.283222198486328
25.2,7.470763206481934,39.55082321166992,0.0,-9.228531837463379
25.240000000000002,14.656468391418457,36.914093017578125,0.0,-8.613295555114746
25.28,18.648109436035156,34.27737045288086,0.0,-8.173840522766113
25.3,18.648109436035156,31.816425323486328,0.0,-7.734386444091797
25.34,20.331308364868164,31.728561401367188,0.0,-7.646495819091797
25.38,24.552324295043945,31.552778244018555,0.0,-7.646495819091797
25.400000000000002,24.99125099182129,31.552778244018555,0.0,-7.646495819091797
25.44,24.99125099182129,31.552778244018555,0.0,-7.646495819091797
25.48,23.478260040283203,31.552778244018555,0.0,-7.646495819091797
25.52,21.087236404418945,31.552778244018555,0.0,-7.646495819091797
25.54,17.71056365966797,32.16798782348633,0.0,-7.646495819091797
25.580000000000002,15.69968318939209,33.925804138183594,0.0,-7.822277545928955
25.6,11.14940357208252,35.771488189697266,0.0,-7.910168170928955
25.66,11.14940357208252,38.23242950439453,0.0,-8.085949897766113
25.68,8.663061141967773,41.57228469848633,0.0,-8.701186180114746
25.72,-2.000558614730835,44.648433685302734,0.0,-9.316422462463379
25.76,-7.323644638061523,48.16407012939453,0.0,-9.843767166137695
25.78,-12.305693626403809,52.29496765136719,0.0,-10.459003448486328
25.82,-14.594385147094727,54.667999267578125,0.0,-10.986349105834961
25.86,-18.631513595581055,57.21680450439453,0.0,-11.337912559509277
25.88,-18.631513595581055,58.44727325439453,0.0,-11.601585388183594
25.92,-22.99454689025879,58.9746208190918,0.0,-11.689476013183594
25.96,-24.57174301147461,58.9746208190918,0.0,-11.689476013183594
25.98,-24.57174301147461,58.886756896972656,0.0,-11.689476013183594
26.02,-24.74917984008789,58.9746208190918,0.0,-11.689476013183594
26.060000000000002,-23.397079467773438,58.9746208190918,0.0,-11.689476013183594
26.1,-20.932804107666016,57.91992950439453,0.0,-11.689476013183594
26.12,-20.932804107666016,55.898468017578125,0.0,-11.513693809509277
26.16,-15.415995597839355,53.26174545288086,0.0,-11.425804138183594
26.18,-10.777280807495117,49.5703239440918,0.0,-10.986349105834961
26.22,-8.249104499816895,46.494171142578125,0.0,-10.546895027160645
26.26,-2.9254438877105713,41.83598709106445,0.0,-9.667985916137695
26.3,2.5414810180664062,38.05664825439453,0.0,-8.789076805114746
26.32,7.8902459144592285,35.50783920288086,0.0,-8.26173210144043
26.36,10.43959903717041,31.992204666137695,0.0,-7.734386444091797
26.400000000000002,15.13488483428955,31.376996994018555,0.0,-7.558604717254639
26.42,19.106334686279297,30.14652442932129,0.0,-7.470714092254639
26.46,20.758901596069336,30.23438835144043,0.0,-7.470714092254639
26.5,23.29717254638672,30.14652442932129,0.0,-7.470714092254639
26.52,24.71462631225586,30.23438835144043,0.0,-7.470714092254639
26.560000000000002,24.97878646850586,30.14652442932129,0.0,-7.470714092254639
26.6,24.600589752197266,30.58595085144043,0.0,-7.470714092254639
26.62,24.600589752197266,32.16798782348633,0.0,-7.646495819091797
26.66,23.962230682373047,34.892578125,0.0,-7.822277545928955
26.7,21.824169158935547,37.44144058227539,0.0,-7.910168170928955
26.72,14.526219367980957,40.60551071166992,0.0,-8.525404930114746
26.76,14.526219367980957,44.296875,0.0,-9.228531837463379
26.8,7.118051052093506,48.6914176940918,0.0,-10.019549369812012
26.82,1.6904970407485962,52.822261810302734,0.0,-10.634785652160645
26.86,1.6904970407485962,58.44727325439453,0.0,-11.601585388183594
26.900000000000002,-9.15322494506836,63.369163513183594,0.0,-12.480494499206543
26.94,-11.667683601379395,65.390625,0.0,-12.83205795288086
26.98,-16.24094009399414,67.06058502197266,0.0,-13.09572982788086
27.0,-20.0224552154541,67.76371002197266,0.0,-13.09572982788086
27.04,-21.556182861328125,67.76371002197266,0.0,-13.09572982788086
27.080000000000002,-23.81438446044922,67.76371002197266,0.0,-13.09572982788086
27.1,-23.81438446044922,67.76371002197266,0.0,-13.09572982788086
27.14,-24.99285316467285,67.76371002197266,0.0,-13.09572982788086
27.18,-24.24634552001953,67.76371002197266,0.0,-13.09572982788086
27.2,-22.305437088012695,67.76371002197266,0.0,-13.09572982788086
27.240000000000002,-22.305437088012695,67.14844512939453,0.0,-13.09572982788086
27.28,-17.374052047729492,64.7754135131836,0.0,-13.09572982788086
27.32,-12.973546981811523,61.08399963378906,0.0,-13.00783920288086
27.34,-7.928579330444336,55.810550689697266,0.0,-12.216821670532227
27.38,-7.928579330444336,49.83402633666992,0.0,-10.986349105834961
27.42,0.29741770029067993,45.17578125,0.0,-10.371113777160645
27.44,5.824725151062012,42.89067459106445,0.0,-9.843767166137695
27.48,5.824725151062012,41.04493713378906,0.0,-9.492203712463379
27.52,13.497052192687988,40.42972946166992,0.0,-9.316422462463379
27.560000000000002,17.82743263244629,40.07816696166992,0.0,-9.316422462463379
27.580000000000002,19.672428131103516,40.16603088378906,0.0,-9.316422462463379
27.62,22.60590171813965,40.16603088378906,0.0,-9.316422462463379
27.66,24.412382125854492,40.16603088378906,0.0,-9.316422462463379
27.7,24.99941062927246,40.16603088378906,0.0,-9.316422462463379
27.72,24.335289001464844,40.25394821166992,0.0,-9.316422462463379
27.76,23.541278839111328,42.01176452636719,0.0,-9.404313087463379
27.8,21.077720642089844,43.593746185302734,0.0,-9.492203712463379
27.84,17.554096221923828,46.757816314697266,0.0,-9.755876541137695
27.86,17.554096221923828,50.71293258666992,0.0,-10.283222198486328
27.900000000000002,8.072484970092773,56.42581558227539,0.0,-11.250021934509277
27.94,8.072484970092773,62.05083084106445,0.0,-12.216821670532227
27.98,-0.2203224152326584,66.00588989257812,0.0,-12.91994857788086
28.02,-5.798234939575195,69.34574127197266,0.0,-13.447293281555176
28.04,-11.08639907836914,71.45512390136719,0.0,-13.886748313903809
28.080000000000002,-13.537059783935547,72.9492416381836,0.0,-14.150420188903809
28.12,-17.89559555053711,73.564453125,0.0,-14.326202392578125
28.14,-21.349008560180664,73.4765853881836,0.0,-14.326202392578125
28.18,-21.349008560180664,73.4765853881836,0.0,-14.326202392578125
28.22,-24.459285736083984,73.4765853881836,0.0,-14.326202392578125
28.240000000000002,-24.996065139770508,73.4765853881836,0.0,-14.326202392578125
28.28,-24.996065139770508,73.4765853881836,0.0,-14.326202392578125
28.32,-23.42230987548828,73.4765853881836,0.0,-14.326202392578125
28.34,-20.86180877685547,73.4765853881836,0.0,-14.326202392578125
28.38,-19.17081642150879,71.5429916381836,0.0,-14.326202392578125
28.42,-15.074262619018555,69.60939025878906,0.0,-14.326202392578125
28.44,-10.203246116638184,66.44532012939453,0.0,-14.150420188903809
28.48,-7.553666591644287,63.45702362060547,0.0,-13.535184860229492
28.52,-1.9957551956176758,58.09571075439453,0.0,-12.568385124206543
28.54,3.6681032180786133,52.822261810302734,0.0,-11.601585388183594
28.580000000000002,6.4486260414123535,47.90042495727539,0.0,-10.810566902160645
28.62,11.72767448425293,46.0546875,0.0,-10.459003448486328
28.64,16.405654907226562,43.593746185302734,0.0,-10.107439994812012
28.68,18.441930770874023,43.593746185302734,0.0,-10.107439994812012
28.72,21.77659797668457,43.593746185302734,0.0,-10.107439994812012
28.740000000000002,21.77659797668457,43.593746185302734,0.0,-10.107439994812012
28.78,24.633018493652344,43.593746185302734,0.0,-10.107439994812012
28.82,24.960046768188477,43.593746185302734,0.0,-10.107439994812012
28.86,23.993066787719727,43.593746185302734,0.0,-10.107439994812012
28.88,23.03667449951172,44.47265625,0.0,-10.107439994812012
28.92,20.23877716064453,46.0546875,0.0,-10.195331573486328
28.96,16.386497497558594,48.6914176940918,0.0,-10.283222198486328
28.98,11.678498268127441,52.29496765136719,0.0,-10.459003448486328
29.02,11.678498268127441,56.07425308227539,0.0,-11.250021934509277
29.060000000000002,9.078385353088379,60.29301071166992,0.0,-11.95314884185791
29.1,-2.157694101333618,65.12698364257812,0.0,-12.744166374206543
29.12,-7.760908603668213,70.04887390136719,0.0,-13.623075485229492
29.16,-10.42912769317627,72.861328125,0.0,-14.150420188903809
29.2,-15.32346248626709,75.322265625,0.0,-14.677765846252441
29.22,-19.416831970214844,76.81643676757812,0.0,-14.941438674926758
29.26,-21.093549728393555,77.16800689697266,0.0,-14.941438674926758
29.3,-23.595651626586914,77.16800689697266,0.0,-15.029329299926758
29.32,-24.857494354248047,77.16800689697266,0.0,-14.941438674926758
29.36,-24.99915885925293,77.16800689697266,0.0,-15.029329299926758
29.400000000000002,-24.293119430541992,77.16800689697266,0.0,-14.941438674926758
29.42,-24.293119430541992,77.16800689697266,0.0,-15.029329299926758
29.46,-20.858272552490234,77.08008575439453,0.0,-15.029329299926758
29.5,-17.157669067382812,76.37696075439453,0.0,-14.941438674926758
29.52,-12.546276092529297,74.443359375,0.0,-14.941438674926758
29.560000000000002,-12.546276092529297,71.71876525878906,0.0,-14.941438674926758
29.6,-4.462906360626221,69.08203887939453,0.0,-14.677765846252441
29.64,1.287912130355835,65.91796875,0.0,-14.150420188903809
29.66,1.287912130355835,63.105464935302734,0.0,-13.535184860229492
29.7,12.291647911071777,59.15039825439453,0.0,-12.744166374206543
29.740000000000002,14.722689628601074,57.12894058227539,0.0,-12.480494499206543
29.78,18.965993881225586,56.77737808227539,0.0,-12.480494499206543
29.8,22.198896408081055,56.86524200439453,0.0,-12.480494499206543
29.84,23.379474639892578,56.86524200439453,0.0,-12.392602920532227
29.88,24.788528442382812,56.86524200439453,0.0,-12.480494499206543
29.92,24.870431900024414,57.21680450439453,0.0,-12.392602920532227
29.94,24.408754348754883,58.535194396972656,0.0,-12.480494499206543
29.98,22.509607315063477,59.8535270690918,0.0,-12.480494499206543
30.0,22.509607315063477,61.96290969848633,0.0,-12.480494499206543
30.04,17.439992904663086,64.4238510131836,0.0,-12.744166374206543
30.080000000000002,12.84175968170166,67.41213989257812,0.0,-13.183621406555176
30.12,7.5485734939575195,70.48829650878906,0.0,-13.798856735229492
30.14,7.5485734939575195,74.794921875,0.0,-14.589875221252441
30.18,-1.0653727054595947,78.57425689697266,0.0,-15.205110549926758
30.2,-6.805782794952393,80.68363952636719,0.0,-15.556674003601074
30.240000000000002,-9.558012008666992,82.3535385131836,0.0,-15.820320129394531
30.28,-14.639659881591797,83.3203125,0.0,-15.996101379394531
30.3,-18.930442810058594,83.4082260131836,0.0,-16.08399200439453
30.34,-20.70398712158203,83.4082260131836,0.0,-16.08399200439453
30.38,-23.385711669921875,83.4082260131836,0.0,-16.08399200439453
30.400000000000002,-24.796972274780273,83.4082260131836,0.0,-16.08399200439453
30.44,-24.998600006103516,83.4082260131836,0.0,-16.08399200439453
30.48,-24.378583908081055,83.4082260131836,0.0,-16.08399200439453
30.5,-22.4280948638916,82.79296875,0.0,-16.08399200439453
30.54,-20.983745574951172,80.94728088378906,0.0,-15.996101379394531
30.580000000000002,-17.254186630249023,78.31055450439453,0.0,-15.908210754394531
30.62,-12.578156471252441,74.88284301757812,0.0,-15.820320129394531
30.64,-7.21015739440918,70.40042877197266,0.0,-15.029329299926758
30.68,-7.21015739440918,66.00588989257812,0.0,-14.150420188903809
30.72,1.4911352396011353,62.66603469848633,0.0,-13.535184860229492
30.740000000000002,7.261020183563232,58.9746208190918,0.0,-12.744166374206543
30.78,7.261020183563232,56.25003433227539,0.0,-12.304712295532227
30.82,15.079150199890137,54.052734375,0.0,-11.95314884185791
30.84,19.313430786132812,53.701168060302734,0.0,-11.865257263183594
30.88,19.313430786132812,53.701168060302734,0.0,-11.77736759185791
30.92,23.613069534301758,53.701168060302734,0.0,-11.77736759185791
30.96,24.87773895263672,53.701168060302734,0.0,-11.77736759185791
30.98,24.87773895263672,53.701168060302734,0.0,-11.77736759185791
31.02,24.995500564575195,54.052734375,0.0,-11.77736759185791
31.060000000000002,22.046756744384766,55.898468017578125,0.0,-11.865257263183594
31.1,18.675973892211914,58.18362808227539,0.0,-11.865257263183594
31.12,14.265007972717285,60.99613571166992,0.0,-12.216821670532227
31.16,11.743653297424316,63.896507263183594,0.0,-12.568385124206543
31.2,6.2439284324646,67.41213989257812,0.0,-13.183621406555176
31.220000000000002,0.39281386137008667,70.92778015136719,0.0,-13.886748313903809
31.26,0.39281386137008667,74.88284301757812,0.0,-14.589875221252441
31.3,-8.328415870666504,77.51956176757812,0.0,-15.029329299926758
31.34,-13.631529808044434,78.83790588378906,0.0,-15.205110549926758
31.36,-18.17453384399414,80.24415588378906,0.0,-15.46878433227539
31.400000000000002,-18.17453384399414,80.24415588378906,0.0,-15.556674003601074
31.44,-23.018814086914062,80.24415588378906,0.0,-15.556674003601074
31.48,-24.667728424072266,80.33207702636719,0.0,-15.556674003601074
31.5,-24.930665969848633,80.33207702636719,0.0,-15.556674003601074
31.54,-24.53389549255371,79.98051452636719,0.0,-15.556674003601074
31.580000000000002,-22.710256576538086,79.54103088378906,0.0,-15.46878433227539
31.62,-19.60485076904297,78.92581939697266,0.0,-15.46878433227539
31.66,-15.390727043151855,76.025390625,0.0,-15.46878433227539
31.68,-15.390727043151855,72.50975799560547,0.0,-15.380892753601074
31.720000000000002,-7.521605014801025,69.25782775878906,0.0,-14.853547096252441
31.740000000000002,-1.6745059490203857,65.47854614257812,0.0,-14.062530517578125
31.78,-1.6745059490203857,60.20509338378906,0.0,-12.91994857788086
31.82,7.174892902374268,55.546905517578125,0.0,-12.216821670532227
31.86,12.638627052307129,51.76762771606445,0.0,-11.425804138183594
31.88,17.386871337890625,48.5156364440918,0.0,-10.898458480834961
31.92,17.386871337890625,48.16407012939453,0.0,-10.722677230834961
31.96,22.588369369506836,48.251991271972656,0.0,-10.722677230834961
32.0,24.484508514404297,48.251991271972656,0.0,-10.722677230834961
32.04,24.983675003051758,48.251991271972656,0.0,-10.722677230834961
32.06,24.983675003051758,48.251991271972656,0.0,-10.722677230834961
32.1,24.983675003051758,48.251991271972656,0.0,-10.722677230834961
32.14,20.11673927307129,48.6914176940918,0.0,-10.722677230834961
32.160000000000004,16.010684967041016,50.62501907348633,0.0,-10.898458480834961
32.2,13.595220565795898,52.734397888183594,0.0,-10.898458480834961
32.24,8.21193790435791,55.458988189697266,0.0,-11.162130355834961
32.28,8.21193790435791,59.6777458190918,0.0,-11.865257263183594
32.32,-3.644268751144409,64.3359375,0.0,-12.656275749206543
32.34,-9.435236930847168,68.73048400878906,0.0,-13.359403610229492
32.38,-9.435236930847168,70.31251525878906,0.0,-13.710967063903809
32.42,-17.010257720947266,71.80668640136719,0.0,-13.974638938903809
32.44,-20.892192840576172,72.5976791381836,0.0,-14.062530517578125
32.480000000000004,-20.892192840576172,72.5976791381836,0.0,-14.150420188903809
32.52,-24.399871826171875,72.5976791381836,0.0,-14.150420188903809
32.56,-24.9940242767334,72.5976791381836,0.0,-14.150420188903809
32.58,-24.9940242767334,72.5976791381836,0.0,-14.150420188903809
32.62,-24.746150970458984,72.5976791381836,0.0,-14.150420188903809
32.660000000000004,-20.258975982666016,72.33397674560547,0.0,-14.150420188903809
32.7,-16.159839630126953,71.27934265136719,0.0,-14.150420188903809
32.72,-11.116387367248535,69.69730377197266,0.0,-14.150420188903809
32.76,-8.330266952514648,67.76371002197266,0.0,-14.150420188903809
32.8,-2.4320080280303955,65.12698364257812,0.0,-13.886748313903809
32.82,3.6118276119232178,60.20509338378906,0.0,-12.91994857788086
32.86,3.6118276119232178,55.01955795288086,0.0,-12.128931045532227
32.9,12.179766654968262,51.94340896606445,0.0,-11.425804138183594
32.94,17.07096290588379,49.482460021972656,0.0,-11.074240684509277
32.96,17.07096290588379,48.6914176940918,0.0,-10.898458480834961
33.0,19.15778350830078,48.779335021972656,0.0,-10.898458480834961
33.04,22.45947265625,48.779335021972656,0.0,-10.898458480834961
33.06,24.98746681213379,48.779335021972656,0.0,-10.898458480834961
33.1,24.70660972595215,48.779335021972656,0.0,-10.898458480834961
33.14,23.05720329284668,48.8671989440918,0.0,-10.898458480834961
33.160000000000004,23.05720329284668,50.00980758666992,0.0,-10.898458480834961
33.2,18.080738067626953,51.50392532348633,0.0,-11.074240684509277
33.24,13.377532958984375,53.613304138183594,0.0,-11.074240684509277
33.26,13.377532958984375,56.95315933227539,0.0,-11.337912559509277
33.3,4.9324564933776855,60.38087463378906,0.0,-12.04103946685791
33.34,-1.1394668817520142,63.808589935302734,0.0,-12.568385124206543
33.36,-1.1394668817520142,67.67578887939453,0.0,-13.183621406555176
33.4,-4.174004077911377,69.52152252197266,0.0,-13.535184860229492
33.44,-15.262803077697754,70.92778015136719,0.0,-13.710967063903809
33.46,-19.604930877685547,71.3672103881836,0.0,-13.798856735229492
33.5,-19.604930877685547,71.3672103881836,0.0,-13.798856735229492
33.54,-21.352293014526367,71.3672103881836,0.0,-13.798856735229492
33.56,-24.959346771240234,71.3672103881836,0.0,-13.798856735229492
33.6,-24.959346771240234,71.3672103881836,0.0,-13.798856735229492
33.64,-23.802175521850586,71.10356140136719,0.0,-13.798856735229492
33.68,-21.231504440307617,70.48829650878906,0.0,-13.798856735229492
33.7,-17.386024475097656,69.78517150878906,0.0,-13.798856735229492
33.74,-15.054030418395996,69.08203887939453,0.0,-13.798856735229492
33.78,-9.745648384094238,66.79688262939453,0.0,-13.710967063903809
33.82,-9.745648384094238,63.54494857788086,0.0,-13.535184860229492
33.84,2.284571886062622,57.21680450439453,0.0,-12.392602920532227
33.88,5.3236188888549805,52.29496765136719,0.0,-11.425804138183594
33.92,11.117724418640137,46.669952392578125,0.0,-10.546895027160645
33.94,16.24370765686035,43.154319763183594,0.0,-10.019549369812012
33.980000000000004,16.24370765686035,42.45119094848633,0.0,-9.755876541137695
34.02,22.01499366760254,42.09962844848633,0.0,-9.667985916137695
34.06,24.24180793762207,42.09962844848633,0.0,-9.667985916137695
34.08,25.0,42.18754577636719,0.0,-9.667985916137695
34.12,24.80959701538086,42.18754577636719,0.0,-9.667985916137695
34.160000000000004,23.302631378173828,42.18754577636719,0.0,-9.755876541137695
34.18,20.37782096862793,42.18754577636719,0.0,-9.755876541137695
34.22,18.435476303100586,42.18754577636719,0.0,-9.667985916137695
34.26,13.737563133239746,42.626976013183594,0.0,-9.667985916137695
34.28,8.199247360229492,43.857444763183594,0.0,-9.843767166137695
34.32,5.218659400939941,45.703128814697266,0.0,-9.931658744812012
34.34,-0.9381720423698425,47.98828887939453,0.0,-9.931658744812012
34.38,-0.9381720423698425,50.97657775878906,0.0,-10.283222198486328
34.42,-9.954816818237305,53.085960388183594,0.0,-10.722677230834961
34.46,-15.283060073852539,54.404296875,0.0,-10.986349105834961
34.480000000000004,-19.676952362060547,55.458988189697266,0.0,-11.074240684509277
34.52,-19.676952362060547,55.546905517578125,0.0,-11.074240684509277
34.56,-23.941890716552734,55.546905517578125,0.0,-11.074240684509277
34.6,-24.97657012939453,55.546905517578125,0.0,-11.074240684509277
34.62,-24.97657012939453,54.931644439697266,0.0,-11.074240684509277
34.660000000000004,-24.91783332824707,53.96487045288086,0.0,-11.074240684509277
34.7,-20.92478370666504,51.15236282348633,0.0,-10.898458480834961
34.74,-16.904767990112305,48.779335021972656,0.0,-10.722677230834961
34.76,-11.83738899230957,45.615264892578125,0.0,-10.371113777160645
34.800000000000004,-9.006335258483887,42.36332702636719,0.0,-9.843767166137695
34.82,-2.9680159091949463,39.90238571166992,0.0,-9.228531837463379
34.86,-2.9680159091949463,36.123050689697266,0.0,-8.525404930114746
34.9,6.319998741149902,34.101585388183594,0.0,-8.085949897766113
34.94,12.105413436889648,31.904342651367188,0.0,-7.734386444091797
34.96,17.14139747619629,30.322307586669922,0.0,-7.558604717254639
35.0,17.14139747619629,30.23438835144043,0.0,-7.470714092254639
35.04,22.619115829467773,30.23438835144043,0.0,-7.558604717254639
35.08,24.55210304260254,30.23438835144043,0.0,-7.470714092254639
35.1,24.953563690185547,30.23438835144043,0.0,-7.470714092254639
35.14,24.953563690185547,30.23438835144043,0.0,-7.470714092254639
35.18,22.650325775146484,30.849651336669922,0.0,-7.470714092254639
35.22,19.31419563293457,31.904342651367188,0.0,-7.646495819091797
35.24,17.175432205200195,34.101585388183594,0.0,-7.822277545928955
35.28,12.122983932495117,36.73831558227539,0.0,-7.822277545928955
35.32,6.306695461273193,39.63868713378906,0.0,-8.34962272644043
35.34,6.306695461273193,43.24217987060547,0.0,-8.876968383789062
35.38,3.2246367931365967,46.582035064697266,0.0,-9.580095291137695
35.42,-9.127020835876465,49.5703239440918,0.0,-10.019549369812012
35.44,-14.636878967285156,51.67970657348633,0.0,-10.283222198486328
35.480000000000004,-14.636878967285156,52.29496765136719,0.0,-10.459003448486328
35.52,-21.081945419311523,52.734397888183594,0.0,-10.546895027160645
35.54,-23.76726722717285,52.822261810302734,0.0,-10.546895027160645
35.58,-23.76726722717285,52.734397888183594,0.0,-10.546895027160645
35.62,-24.95027732849121,52.734397888183594,0.0,-10.546895027160645
35.64,-23.765731811523438,52.558616638183594,0.0,-10.546895027160645
35.68,-23.765731811523438,51.855491638183594,0.0,-10.546895027160645
35.72,-19.20943832397461,50.09767150878906,0.0,-10.371113777160645
35.76,-14.596745491027832,48.07620620727539,0.0,-10.371113777160645
35.78,-11.920345306396484,45.703128814697266,0.0,-10.283222198486328
35.82,-6.0395965576171875,42.626976013183594,0.0,-9.931658744812012
35.84,0.22933095693588257,39.63868713378906,0.0,-9.316422462463379
35.88,0.22933095693588257,37.17774200439453,0.0,-8.701186180114746
35.92,9.486143112182617,35.947265625,0.0,-8.43751335144043
35.94,14.984460830688477,34.892578125,0.0,-8.173840522766113
35.980000000000004,17.39514923095703,33.662105560302734,0.0,-7.998059272766113
36.02,21.34553337097168,33.222679138183594,0.0,-7.998059272766113
36.04,23.92998504638672,33.310543060302734,0.0,-7.998059272766113
36.08,24.653711318969727,33.310543060302734,0.0,-7.998059272766113
36.12,24.904441833496094,33.310543060302734,0.0,-7.998059272766113
36.14,23.55464744567871,33.310543060302734,0.0,-7.998059272766113
36.18,22.30193519592285,34.62893295288086,0.0,-8.085949897766113
36.22,18.74018096923828,36.650394439697266,0.0,-8.26173210144043
36.24,18.74018096923828,38.7597770690918,0.0,-8.26173210144043
36.28,11.222219467163086,41.30863952636719,0.0,-8.613295555114746
36.32,5.228903293609619,44.12109375,0.0,-9.140640258789062
36.34,-1.105639100074768,48.779335021972656,0.0,-9.931658744812012
36.38,-1.105639100074768,52.558616638183594,0.0,-10.546895027160645
36.42,-10.352071762084961,56.33789825439453,0.0,-11.162130355834961
36.46,-15.76339054107666,58.09571075439453,0.0,-11.513693809509277
36.480000000000004,-20.154891967773438,59.6777458190918,0.0,-11.77736759185791
36.52,-21.875442504882812,60.02931213378906,0.0,-11.865257263183594
36.54,-24.22491455078125,60.11722946166992,0.0,-11.865257263183594
36.58,-24.22491455078125,60.11722946166992,0.0,-11.865257263183594
36.62,-24.77553939819336,60.11722946166992,0.0,-11.865257263183594
36.660000000000004,-23.121545791625977,60.11722946166992,0.0,-11.865257263183594
36.7,-23.121545791625977,59.5019645690918,0.0,-11.865257263183594
36.74,-15.489428520202637,57.56836700439453,0.0,-11.77736759185791
36.76,-10.005480766296387,54.49221420288086,0.0,-11.689476013183594
36.800000000000004,-6.992430210113525,50.53715515136719,0.0,-11.162130355834961
36.84,-0.6703495383262634,46.93360137939453,0.0,-10.546895027160645
36.86,5.6991167068481445,42.27540969848633,0.0,-9.843767166137695
36.9,8.770397186279297,40.69337463378906,0.0,-9.492203712463379
36.94,14.43335247039795,39.8144645690918,0.0,-9.228531837463379
36.980000000000004,19.150394439697266,39.023475646972656,0.0,-9.140640258789062
37.0,22.609479904174805,39.023475646972656,0.0,-9.140640258789062
37.04,23.7917423248291,39.023475646972656,0.0,-9.140640258789062
37.08,24.96267318725586,39.023475646972656,0.0,-9.140640258789062
37.12,24.96267318725586,39.023475646972656,0.0,-9.140640258789062
37.14,22.392343521118164,39.2871208190918,0.0,-9.140640258789062
37.18,20.77683448791504,40.16603088378906,0.0,-9.140640258789062
37.22,16.541301727294922,41.57228469848633,0.0,-9.316422462463379
37.24,11.207496643066406,43.593746185302734,0.0,-9.316422462463379
37.28,8.236471176147461,46.0546875,0.0,-9.580095291137695
37.32,1.9320523738861084,49.3945426940918,0.0,-10.107439994812012
37.34,-4.504128932952881,53.26174545288086,0.0,-10.634785652160645
37.38,-7.63752555847168,56.33789825439453,0.0,-11.250021934509277
37.42,-13.473787307739258,58.710975646972656,0.0,-11.601585388183594
37.44,-13.473787307739258,60.20509338378906,0.0,-11.865257263183594
37.480000000000004,-20.444599151611328,60.46879196166992,0.0,-11.865257263183594
37.52,-23.448427200317383,60.46879196166992,0.0,-11.95314884185791
37.54,-23.448427200317383,60.46879196166992,0.0,-11.95314884185791
37.58,-24.37226104736328,60.46879196166992,0.0,-11.95314884185791
37.62,-24.98492431640625,60.46879196166992,0.0,-11.95314884185791
37.64,-21.263948440551758,60.29301071166992,0.0,-11.95314884185791
37.68,-21.263948440551758,58.44727325439453,0.0,-11.865257263183594
37.72,-14.67615032196045,55.986331939697266,0.0,-11.77736759185791
37.74,-8.98131275177002,52.47075271606445,0.0,-11.425804138183594
37.78,-8.98131275177002,47.6367301940918,0.0,-10.634785652160645
37.82,-5.880484580993652,43.24217987060547,0.0,-10.019549369812012
37.86,6.9809889793396,39.99024963378906,0.0,-9.316422462463379
37.88,6.9809889793396,37.88086700439453,0.0,-8.789076805114746
37.92,15.597258567810059,36.386749267578125,0.0,-8.525404930114746
37.94,20.105493545532227,35.15627670288086,0.0,-8.34962272644043
37.980000000000004,21.866575241088867,35.068359375,0.0,-8.34962272644043
38.02,24.252269744873047,35.068359375,0.0,-8.34962272644043
38.04,24.99687385559082,35.068359375,0.0,-8.34962272644043
38.08,24.732669830322266,35.068359375,0.0,-8.34962272644043
38.12,22.951950073242188,35.068359375,0.0,-8.34962272644043
38.14,22.951950073242188,35.947265625,0.0,-8.34962272644043
38.18,17.423229217529297,37.26565933227539,0.0,-8.43751335144043
38.22,12.194171905517578,38.32034683227539,0.0,-8.525404930114746
38.24,6.132055759429932,40.51759338378906,0.0,-8.613295555114746
38.28,2.915794610977173,42.45119094848633,0.0,-8.789076805114746
38.32,-3.6131751537323,45.08791732788086,0.0,-9.316422462463379
38.34,-3.6131751537323,48.16407012939453,0.0,-9.843767166137695
38.38,-6.814047813415527,50.18558883666992,0.0,-10.107439994812012
38.42,-17.94243812561035,50.88871383666992,0.0,-10.195331573486328
38.46,-21.844501495361328,51.06449890136719,0.0,-10.283222198486328
38.480000000000004,-24.25160789489746,51.24028015136719,0.0,-10.283222198486328
38.52,-24.83783721923828,51.24028015136719,0.0,-10.283222198486328
38.54,-24.723642349243164,51.15236282348633,0.0,-10.283222198486328
38.58,-24.723642349243164,51.15236282348633,0.0,-10.283222198486328
38.62,-21.40049934387207,51.15236282348633,0.0,-10.283222198486328
38.660000000000004,-17.302186965942383,48.8671989440918,0.0,-10.107439994812012
38.68,-12.009563446044922,47.10938262939453,0.0,-10.107439994812012
38.72,-9.026267051696777,43.593746185302734,0.0,-9.931658744812012
38.76,-2.6424150466918945,41.83598709106445,0.0,-9.667985916137695
38.78,3.927363395690918,38.144569396972656,0.0,-8.876968383789062
38.82,3.927363395690918,36.650394439697266,0.0,-8.43751335144043
38.86,13.141242027282715,35.068359375,0.0,-8.26173210144043
38.9,18.235559463500977,34.189449310302734,0.0,-8.085949897766113
38.94,22.067983627319336,33.398460388183594,0.0,-8.085949897766113
38.96,23.423261642456055,33.486324310302734,0.0,-8.085949897766113
39.0,24.892662048339844,33.486324310302734,0.0,-8.085949897766113
39.02,24.631975173950195,33.486324310302734,0.0,-8.085949897766113
39.06,23.852922439575195,33.398460388183594,0.0,-8.085949897766113
39.1,21.063556671142578,34.45315170288086,0.0,-8.085949897766113
39.12,16.804187774658203,36.562530517578125,0.0,-8.26173210144043
39.160000000000004,16.804187774658203,38.496131896972656,0.0,-8.26173210144043
39.2,8.32740306854248,41.04493713378906,0.0,-8.525404930114746
39.24,1.8576816320419312,43.33010482788086,0.0,-8.964859008789062
39.26,1.8576816320419312,47.19729995727539,0.0,-9.667985916137695
39.300000000000004,-1.4562342166900635,50.36137390136719,0.0,-10.107439994812012
39.34,-13.893882751464844,52.64653396606445,0.0,-10.459003448486328
39.38,-18.863933563232422,53.701168060302734,0.0,-10.722677230834961
39.4,-22.51154327392578,55.01955795288086,0.0,-10.898458480834961
39.44,-22.51154327392578,55.107421875,0.0,-10.898458480834961
39.480000000000004,-24.967592239379883,55.107421875,0.0,-10.898458480834961
39.52,-24.422897338867188,54.843780517578125,0.0,-10.898458480834961
39.56,-22.155994415283203,54.49221420288086,0.0,-10.898458480834961
39.58,-18.32415199279785,53.96487045288086,0.0,-10.898458480834961
39.62,-15.901330947875977,51.855491638183594,0.0,-10.722677230834961
39.660000000000004,-10.254861831665039,49.65824508666992,0.0,-10.722677230834961
39.68,-3.8797414302825928,47.10938262939453,0.0,-10.546895027160645
39.72,-0.5585054755210876,43.593746185302734,0.0,-10.019549369812012
39.74,6.057104587554932,41.48442077636719,0.0,-9.667985916137695
39.78,6.057104587554932,40.69337463378906,0.0,-9.404313087463379
39.82,15.041524887084961,39.55082321166992,0.0,-9.316422462463379
39.86,19.783485412597656,39.8144645690918,0.0,-9.316422462463379
39.88,23.12044906616211,39.8144645690918,0.0,-9.316422462463379
39.92,24.182693481445312,39.8144645690918,0.0,-9.316422462463379
39.96,24.998384475708008,39.8144645690918,0.0,-9.316422462463379
39.980000000000004,24.03132438659668,39.8144645690918,0.0,-9.316422462463379
40.02,24.03132438659668,39.90238571166992,0.0,-9.228531837463379
40.06,19.416881561279297,41.22072219848633,0.0,-9.316422462463379
40.1,14.54820728302002,42.89067459106445,0.0,-9.492203712463379
40.12,8.635417938232422,45.615264892578125,0.0,-9.580095291137695
40.160000000000004,5.417231559753418,48.779335021972656,0.0,-9.931658744812012
40.2,-1.254643201828003,52.031272888183594,0.0,-10.459003448486328
40.22,-7.839906692504883,55.283203125,0.0,-11.074240684509277
40.26,-10.950995445251465,57.91992950439453,0.0,-11.425804138183594
40.300000000000004,-16.529712677001953,59.062538146972656,0.0,-11.689476013183594
40.32,-16.529712677001953,59.5019645690918,0.0,-11.77736759185791
40.36,-22.56903076171875,59.5019645690918,0.0,-11.77736759185791
40.4,-24.616817474365234,59.5019645690918,0.0,-11.77736759185791
40.42,-24.616817474365234,59.5019645690918,0.0,-11.77736759185791
40.46,-24.347518920898438,59.5019645690918,0.0,-11.77736759185791
40.480000000000004,-21.955524444580078,59.5019645690918,0.0,-11.77736759185791
40.52,-21.955524444580078,57.91992950439453,0.0,-11.77736759185791
40.56,-15.47201156616211,55.458988189697266,0.0,-11.601585388183594
40.6,-9.672404289245605,52.20705032348633,0.0,-11.425804138183594
40.62,-3.1681437492370605,47.724647521972656,0.0,-10.722677230834961
40.660000000000004,0.20209574699401855,44.38479232788086,0.0,-10.195331573486328
40.7,6.872686386108398,41.74806213378906,0.0,-9.667985916137695
40.72,10.051179885864258,40.86915588378906,0.0,-9.492203712463379
40.76,15.804718971252441,40.42972946166992,0.0,-9.404313087463379
40.78,20.40987205505371,40.34181213378906,0.0,-9.404313087463379
40.82,20.40987205505371,40.34181213378906,0.0,-9.316422462463379
40.86,22.172338485717773,40.34181213378906,0.0,-9.404313087463379
40.88,24.9521484375,40.34181213378906,0.0,-9.404313087463379
40.92,24.9521484375,40.34181213378906,0.0,-9.316422462463379
40.96,22.302419662475586,40.34181213378906,0.0,-9.404313087463379
41.0,18.456493377685547,41.39650344848633,0.0,-9.404313087463379
41.02,18.456493377685547,43.24217987060547,0.0,-9.580095291137695
41.06,16.00376319885254,46.0546875,0.0,-9.667985916137695
41.1,3.7648308277130127,49.04298400878906,0.0,-10.019549369812012
41.12,-3.012866973876953,52.910179138183594,0.0,-10.634785652160645
41.160000000000004,-3.012866973876953,57.39258575439453,0.0,-11.337912559509277
41.2,-12.617630004882812,60.20509338378906,0.0,-11.865257263183594
41.24,-17.95780372619629,61.69926452636719,0.0,-12.216821670532227
41.26,-17.95780372619629,62.31447219848633,0.0,-12.392602920532227
41.300000000000004,-20.153404235839844,62.31447219848633,0.0,-12.392602920532227
41.34,-24.90333366394043,62.31447219848633,0.0,-12.392602920532227
41.38,-24.574031829833984,62.31447219848633,0.0,-12.392602920532227
41.4,-24.574031829833984,62.31447219848633,0.0,-12.392602920532227
41.44,-20.71242332458496,62.31447219848633,0.0,-12.304712295532227
41.480000000000004,-16.167131423950195,62.05083084106445,0.0,-12.392602920532227
41.5,-10.419511795043945,60.02931213378906,0.0,-12.216821670532227
41.54,-10.419511795043945,57.656280517578125,0.0,-12.216821670532227
41.58,-0.49092739820480347,54.14065170288086,0.0,-11.865257263183594
41.62,6.283099174499512,49.5703239440918,0.0,-11.074240684509277
41.64,12.592503547668457,46.0546875,0.0,-10.546895027160645
41.68,15.423417091369629,45.17578125,0.0,-10.371113777160645
41.72,20.17252540588379,45.08791732788086,0.0,-10.371113777160645
41.76,23.41739845275879,45.08791732788086,0.0,-10.371113777160645
41.78,24.913110733032227,45.08791732788086,0.0,-10.371113777160645
41.82,24.963802337646484,45.08791732788086,0.0,-10.371113777160645
41.86,23.664304733276367,45.08791732788086,0.0,-10.371113777160645
41.88,20.590320587158203,45.08791732788086,0.0,-10.371113777160645
41.92,18.454301834106445,46.582035064697266,0.0,-10.371113777160645
41.96,13.183345794677734,47.98828887939453,0.0,-10.459003448486328
41.980000000000004,13.183345794677734,50.88871383666992,0.0,-10.546895027160645
42.02,3.559032678604126,53.085960388183594,0.0,-10.722677230834961
42.06,-3.3005056381225586,56.689456939697266,0.0,-11.250021934509277
42.08,-3.3005056381225586,59.765663146972656,0.0,-11.865257263183594
42.12,-12.97229290008545,61.17191696166992,0.0,-12.128931045532227
42.160000000000004,-18.298477172851562,61.87504577636719,0.0,-12.304712295532227
42.18,-18.298477172851562,61.96290969848633,0.0,-12.304712295532227
42.22,-23.602426528930664,61.96290969848633,0.0,-12.304712295532227
42.24,-24.955034255981445,61.96290969848633,0.0,-12.304712295532227
42.28,-24.955034255981445,61.96290969848633,0.0,-12.304712295532227
42.32,-23.447845458984375,61.96290969848633,0.0,-12.304712295532227
42.34,-20.192556381225586,61.96290969848633,0.0,-12.304712295532227
42.38,-17.96922492980957,60.64457702636719,0.0,-12.216821670532227
42.42,-12.541020393371582,58.710975646972656,0.0,-12.128931045532227
42.44,-6.156425476074219,55.458988189697266,0.0,-12.04103946685791
42.480000000000004,-6.156425476074219,50.88871383666992,0.0,-11.250021934509277
42.52,4.142498970031738,47.37308120727539,0.0,-10.722677230834961
42.56,10.727631568908691,45.439483642578125,0.0,-10.459003448486328
42.58,10.727631568908691,45.08791732788086,0.0,-10.371113777160645
42.62,13.743907928466797,45.08791732788086,0.0,-10.371113777160645
42.660000000000004,22.68137550354004,45.08791732788086,0.0,-10.371113777160645
42.68,24.694265365600586,45.08791732788086,0.0,-10.371113777160645
42.72,24.694265365600586,45.08791732788086,0.0,-10.371113777160645
42.76,24.996068954467773,45.08791732788086,0.0,-10.371113777160645
42.78,21.469627380371094,46.318389892578125,0.0,-10.371113777160645
42.82,21.469627380371094,48.16407012939453,0.0,-10.459003448486328
42.86,14.44015121459961,50.88871383666992,0.0,-10.546895027160645
42.9,8.27935791015625,53.613304138183594,0.0,-10.810566902160645
42.92,1.478142499923706,57.656280517578125,0.0,-11.513693809509277
42.96,1.478142499923706,62.138694763183594,0.0,-12.304712295532227
43.0,-8.77616024017334,64.4238510131836,0.0,-12.656275749206543
43.04,-14.87834644317627,66.44532012939453,0.0,-13.00783920288086
43.06,-19.83414649963379,67.32422637939453,0.0,-13.09572982788086
43.1,-21.75754737854004,67.32422637939453,0.0,-13.09572982788086
43.14,-24.30771827697754,67.32422637939453,0.0,-13.09572982788086
43.160000000000004,-24.97650146484375,67.32422637939453,0.0,-13.09572982788086
43.2,-24.97650146484375,67.32422637939453,0.0,-13.09572982788086
43.24,-22.373586654663086,67.32422637939453,0.0,-13.09572982788086
43.28,-18.426433563232422,67.32422637939453,0.0,-13.09572982788086
43.300000000000004,-18.426433563232422,67.32422637939453,0.0,-13.09572982788086
43.34,-15.891305923461914,65.47854614257812,0.0,-13.09572982788086
43.38,-9.943236351013184,62.57811737060547,0.0,-12.91994857788086
43.4,3.7609474658966064,57.832069396972656,0.0,-12.568385124206543
43.44,3.7609474658966064,53.349609375,0.0,-11.77736759185791
43.480000000000004,13.52076244354248,49.04298400878906,0.0,-10.986349105834961
43.52,18.812955856323242,46.84573745727539,0.0,-10.634785652160645
43.54,18.812955856323242,45.966827392578125,0.0,-10.546895027160645
43.58,23.89834976196289,46.0546875,0.0,-10.546895027160645
43.62,24.996318817138672,46.0546875,0.0,-10.546895027160645
43.64,24.996318817138672,46.0546875,0.0,-10.546895027160645
43.68,22.984256744384766,46.0546875,0.0,-10.546895027160645
43.72,19.352798461914062,46.0546875,0.0,-10.546895027160645
43.74,14.198541641235352,46.582035064697266,0.0,-10.546895027160645
43.78,11.172462463378906,47.90042495727539,0.0,-10.634785652160645
43.82,4.519352436065674,49.65824508666992,0.0,-10.634785652160645
43.84,-2.493121862411499,52.29496765136719,0.0,-10.722677230834961
43.88,-5.96142053604126,55.01955795288086,0.0,-11.074240684509277
43.9,-12.479552268981934,57.04102325439453,0.0,-11.337912559509277
43.94,-15.399847984313965,58.35940933227539,0.0,-11.689476013183594
43.980000000000004,-20.273237228393555,59.062538146972656,0.0,-11.689476013183594
44.0,-23.54523468017578,59.062538146972656,0.0,-11.689476013183594
44.04,-23.54523468017578,59.062538146972656,0.0,-11.689476013183594
44.08,-24.918445587158203,59.062538146972656,0.0,-11.689476013183594
44.12,-23.367469787597656,58.7988395690918,0.0,-11.77736759185791
44.14,-19.96067237854004,58.00784683227539,0.0,-11.689476013183594
44.18,-17.63979721069336,56.07425308227539,0.0,-11.513693809509277
44.22,-11.992471694946289,53.43752670288086,0.0,-11.513693809509277
44.24,-5.387954235076904,49.65824508666992,0.0,-10.986349105834961
44.28,-1.8888107538223267,46.582035064697266,0.0,-10.546895027160645
44.300000000000004,5.154714584350586,43.066402435302734,0.0,-10.107439994812012
44.34,8.557953834533691,42.01176452636719,0.0,-9.843767166137695
44.38,14.787127494812012,42.09962844848633,0.0,-9.755876541137695
44.42,19.837797164916992,42.09962844848633,0.0,-9.667985916137695
44.44,19.837797164916992,42.09962844848633,0.0,-9.667985916137695
44.480000000000004,21.789810180664062,42.09962844848633,0.0,-9.667985916137695
44.52,24.961462020874023,42.09962844848633,0.0,-9.667985916137695
44.56,23.571449279785156,42.09962844848633,0.0,-9.667985916137695
44.58,23.571449279785156,42.09962844848633,0.0,-9.667985916137695
44.62,22.153799057006836,43.417964935302734,0.0,-9.843767166137695
44.660000000000004,12.423937797546387,45.439483642578125,0.0,-9.931658744812012
44.7,5.831601142883301,48.16407012939453,0.0,-10.019549369812012
44.72,5.831601142883301,52.20705032348633,0.0,-10.546895027160645
44.76,2.3229315280914307,55.01955795288086,0.0,-11.074240684509277
44.800000000000004,-11.474143028259277,57.56836700439453,0.0,-11.425804138183594
44.82,-14.513470649719238,59.23832321166992,0.0,-11.77736759185791
44.86,-19.65470314025879,59.765663146972656,0.0,-11.865257263183594
44.88,-23.209083557128906,59.6777458190918,0.0,-11.865257263183594
44.92,-23.209083557128906,59.6777458190918,0.0,-11.865257263183594
44.96,-24.971792221069336,59.6777458190918,0.0,-11.865257263183594
45.0,-23.624744415283203,59.765663146972656,0.0,-11.865257263183594
45.02,-20.36002540588379,59.5019645690918,0.0,-11.865257263183594
45.06,-18.084915161132812,58.44727325439453,0.0,-11.865257263183594
45.1,-12.478984832763672,56.601593017578125,0.0,-11.689476013183594
45.12,-12.478984832763672,53.43752670288086,0.0,-11.601585388183594
45.160000000000004,-2.327625036239624,49.5703239440918,0.0,-10.986349105834961
45.18,4.799933433532715,46.494171142578125,0.0,-10.546895027160645
45.22,8.253900527954102,43.769527435302734,0.0,-10.107439994812012
45.26,14.589282035827637,42.36332702636719,0.0,-9.931658744812012
45.28,19.73625373840332,42.36332702636719,0.0,-9.843767166137695
45.32,21.72728729248047,42.36332702636719,0.0,-9.843767166137695
45.34,24.33922576904297,42.36332702636719,0.0,-9.843767166137695
45.38,24.33922576904297,42.36332702636719,0.0,-9.931658744812012
45.42,24.499921798706055,42.36332702636719,0.0,-9.843767166137695
45.46,22.085163116455078,42.36332702636719,0.0,-9.843767166137695
45.5,17.856691360473633,42.89067459106445,0.0,-9.931658744812012
45.52,17.856691360473633,44.20901107788086,0.0,-10.019549369812012
45.56,15.164883613586426,46.0546875,0.0,-10.107439994812012
45.58,1.902911901473999,48.6914176940918,0.0,-10.107439994812012
45.62,-1.6935540437698364,51.94340896606445,0.0,-10.459003448486328
45.660000000000004,-8.710136413574219,54.580078125,0.0,-10.986349105834961
45.68,-11.984772682189941,57.21680450439453,0.0,-11.337912559509277
45.72,-17.728004455566406,58.886756896972656,0.0,-11.689476013183594
45.74,-22.009716033935547,59.6777458190918,0.0,-11.77736759185791
45.78,-23.485637664794922,59.6777458190918,0.0,-11.77736759185791
45.82,-24.953195571899414,59.6777458190918,0.0,-11.77736759185791
45.86,-24.355342864990234,59.6777458190918,0.0,-11.77736759185791
45.88,-24.355342864990234,59.414100646972656,0.0,-11.77736759185791
45.92,-19.733922958374023,58.7988395690918,0.0,-11.77736759185791
45.96,-14.538429260253906,57.30472183227539,0.0,-11.689476013183594
45.980000000000004,-14.538429260253906,54.667999267578125,0.0,-11.601585388183594
46.02,-4.6388115882873535,51.32814407348633,0.0,-11.337912559509277
46.06,2.5671157836914062,47.90042495727539,0.0,-10.722677230834961
46.08,9.562682151794434,45.3515625,0.0,-10.459003448486328
46.12,12.797242164611816,44.296875,0.0,-10.283222198486328
46.160000000000004,18.401636123657227,44.12109375,0.0,-10.283222198486328
46.18,18.401636123657227,44.12109375,0.0,-10.283222198486328
46.22,23.81970977783203,44.12109375,0.0,-10.283222198486328
46.26,24.995817184448242,44.12109375,0.0,-10.283222198486328
46.28,24.995817184448242,44.12109375,0.0,-10.195331573486328
46.32,22.8547420501709,44.12109375,0.0,-10.283222198486328
46.36,18.99386215209961,45.703128814697266,0.0,-10.283222198486328
46.38,18.99386215209961,47.98828887939453,0.0,-10.371113777160645
46.42,10.349353790283203,50.80079650878906,0.0,-10.459003448486328
46.46,3.386826515197754,53.173824310302734,0.0,-10.722677230834961
46.480000000000004,-3.8638556003570557,57.30472183227539,0.0,-11.425804138183594
46.52,-7.406231880187988,60.11722946166992,0.0,-11.95314884185791
46.56,-13.951458930969238,62.31447219848633,0.0,-12.304712295532227
46.58,-16.815393447875977,63.193382263183594,0.0,-12.480494499206543
46.62,-21.422590255737305,63.369163513183594,0.0,-12.480494499206543
46.64,-24.223262786865234,63.369163513183594,0.0,-12.480494499206543
46.68,-24.864778518676758,63.369163513183594,0.0,-12.480494499206543
46.72,-24.560453414916992,63.281246185302734,0.0,-12.480494499206543
46.74,-22.177309036254883,63.281246185302734,0.0,-12.480494499206543
46.78,-22.177309036254883,63.281246185302734,0.0,-12.480494499206543
46.82,-15.184342384338379,62.49025344848633,0.0,-12.480494499206543
46.86,-8.816240310668945,59.5019645690918,0.0,-12.304712295532227
46.9,-1.6964281797409058,56.16211700439453,0.0,-12.216821670532227
46.92,-1.6964281797409058,52.11918640136719,0.0,-11.513693809509277
46.96,9.06591510772705,48.6914176940918,0.0,-10.986349105834961
47.0,15.405685424804688,47.81250762939453,0.0,-10.722677230834961
47.02,15.405685424804688,47.81250762939453,0.0,-10.722677230834961
47.06,22.319541931152344,47.81250762939453,0.0,-10.722677230834961
47.1,24.62203025817871,47.724647521972656,0.0,-10.722677230834961
47.12,24.822492599487305,47.724647521972656,0.0,-10.722677230834961
47.160000000000004,24.822492599487305,47.724647521972656,0.0,-10.722677230834961
47.2,21.18769645690918,48.16407012939453,0.0,-10.722677230834961
47.24,16.438886642456055,49.482460021972656,0.0,-10.810566902160645
47.26,16.438886642456055,51.855491638183594,0.0,-10.898458480834961
47.300000000000004,6.830726623535156,54.580078125,0.0,-11.074240684509277
47.32,-0.43274614214897156,57.832069396972656,0.0,-11.513693809509277
47.36,-4.091353416442871,61.25978088378906,0.0,-12.128931045532227
47.4,-11.068815231323242,62.841819763183594,0.0,-12.480494499206543
47.42,-17.097251892089844,64.7754135131836,0.0,-12.744166374206543
47.46,-19.588491439819336,65.47854614257812,0.0,-12.744166374206543
47.480000000000004,-23.255126953125,65.47854614257812,0.0,-12.744166374206543
47.52,-24.35042381286621,65.47854614257812,0.0,-12.83205795288086
47.54,-24.94493293762207,65.47854614257812,0.0,-12.744166374206543
47.58,-24.94493293762207,65.390625,0.0,-12.744166374206543
47.62,-24.43047523498535,64.86328125,0.0,-12.744166374206543
47.660000000000004,-17.34372901916504,64.16014862060547,0.0,-12.744166374206543
47.7,-11.352025985717773,62.929683685302734,0.0,-12.744166374206543
47.72,-11.352025985717773,59.5019645690918,0.0,-12.568385124206543
47.76,-0.701449990272522,56.42581558227539,0.0,-12.304712295532227
47.800000000000004,6.611299514770508,52.64653396606445,0.0,-11.601585388183594
47.82,13.353188514709473,47.81250762939453,0.0,-10.810566902160645
47.86,16.323293685913086,46.84573745727539,0.0,-10.634785652160645
47.9,21.13751792907715,46.0546875,0.0,-10.459003448486328
47.92,24.113521575927734,45.3515625,0.0,-10.459003448486328
47.96,24.823354721069336,45.439483642578125,0.0,-10.459003448486328
48.0,24.60736846923828,45.439483642578125,0.0,-10.459003448486328
48.02,22.24357032775879,45.439483642578125,0.0,-10.459003448486328
48.06,20.312850952148438,45.703128814697266,0.0,-10.459003448486328
48.1,15.163196563720703,46.582035064697266,0.0,-10.459003448486328
48.120000000000005,8.684552192687988,48.251991271972656,0.0,-10.634785652160645
48.160000000000004,5.12026834487915,50.36137390136719,0.0,-10.634785652160645
48.2,-2.268167495727539,52.47075271606445,0.0,-10.722677230834961
48.22,-9.461132049560547,56.16211700439453,0.0,-11.250021934509277
48.26,-9.461132049560547,58.35940933227539,0.0,-11.689476013183594
48.300000000000004,-18.52032470703125,59.6777458190918,0.0,-11.77736759185791
48.32,-22.630535125732422,59.6777458190918,0.0,-11.865257263183594
48.36,-22.630535125732422,59.6777458190918,0.0,-11.865257263183594
48.4,-24.999238967895508,59.6777458190918,0.0,-11.865257263183594
48.44,-23.84031867980957,59.6777458190918,0.0,-11.865257263183594
48.46,-22.45849609375,59.6777458190918,0.0,-11.865257263183594
48.5,-18.240825653076172,59.32618713378906,0.0,-11.865257263183594
48.52,-12.410117149353027,57.744144439697266,0.0,-11.77736759185791
48.56,-9.045801162719727,55.371124267578125,0.0,-11.689476013183594
48.6,-1.7906084060668945,52.29496765136719,0.0,-11.425804138183594
48.620000000000005,5.626469612121582,48.427772521972656,0.0,-10.810566902160645
48.660000000000004,9.189403533935547,46.494171142578125,0.0,-10.634785652160645
48.7,15.628368377685547,45.878910064697266,0.0,-10.459003448486328
48.72,15.628368377685547,45.08791732788086,0.0,-10.459003448486328
48.76,22.545093536376953,45.08791732788086,0.0,-10.459003448486328
48.800000000000004,24.72812843322754,45.08791732788086,0.0,-10.459003448486328
48.82,24.71255111694336,45.17578125,0.0,-10.459003448486328
48.86,24.71255111694336,45.527347564697266,0.0,-10.459003448486328
48.9,20.617019653320312,46.494171142578125,0.0,-10.459003448486328
48.92,15.522296905517578,48.07620620727539,0.0,-10.546895027160645
48.96,15.522296905517578,50.44923782348633,0.0,-10.634785652160645
49.0,5.455165386199951,53.349609375,0.0,-10.810566902160645
49.04,-2.0012893676757812,56.86524200439453,0.0,-11.337912559509277
49.06,-9.282148361206055,59.8535270690918,0.0,-11.865257263183594
49.1,-12.650735855102539,60.90821838378906,0.0,-12.128931045532227
49.14,-18.465906143188477,62.05083084106445,0.0,-12.304712295532227
49.160000000000004,-22.627952575683594,62.138694763183594,0.0,-12.304712295532227
49.2,-23.964805603027344,62.138694763183594,0.0,-12.304712295532227
49.24,-24.998186111450195,62.138694763183594,0.0,-12.304712295532227
49.26,-23.785234451293945,62.138694763183594,0.0,-12.304712295532227
49.300000000000004,-22.361736297607422,61.87504577636719,0.0,-12.304712295532227
49.34,-18.039140701293945,61.17191696166992,0.0,-12.304712295532227
49.38,-12.089415550231934,58.710975646972656,0.0,-12.128931045532227
49.4,-12.089415550231934,55.810550689697266,0.0,-12.128931045532227
49.44,-1.3114500045776367,51.67970657348633,0.0,-11.425804138183594
49.46,6.165689468383789,47.548866271972656,0.0,-10.722677230834961
49.5,6.165689468383789,44.91213607788086,0.0,-10.283222198486328
49.54,16.143407821655273,42.802757263183594,0.0,-10.019549369812012
49.58,21.09096336364746,42.45119094848633,0.0,-9.931658744812012
49.6,21.09096336364746,42.53911209106445,0.0,-9.931658744812012
49.64,24.83928871154785,42.53911209106445,0.0,-9.931658744812012
49.660000000000004,24.555078506469727,42.53911209106445,0.0,-9.931658744812012
49.7,23.567249298095703,42.45119094848633,0.0,-9.931658744812012
49.74,20.010498046875,42.53911209106445,0.0,-9.931658744812012
49.76,14.632420539855957,42.53911209106445,0.0,-9.931658744812012
49.800000000000004,14.632420539855957,43.33010482788086,0.0,-9.931658744812012
49.84,4.2506208419799805,44.824222564697266,0.0,-10.019549369812012
49.86,-3.296637535095215,46.93360137939453,0.0,-10.107439994812012
49.9,-7.001506328582764,49.2187614440918,0.0,-10.107439994812012
49.94,-13.850308418273926,51.06449890136719,0.0,-10.283222198486328
49.96,-19.436826705932617,52.11918640136719,0.0,-10.459003448486328
50.0,-19.436826705932617,52.11918640136719,0.0,-10.459003448486328
50.04,-24.371532440185547,52.11918640136719,0.0,-10.459003448486328
50.06,-24.92179298400879,52.11918640136719,0.0,-10.459003448486328
50.1,-24.335481643676758,52.11918640136719,0.0,-10.459003448486328
50.14,-21.505273818969727,51.94340896606445,0.0,-10.459003448486328
50.160000000000004,-21.505273818969727,50.80079650878906,0.0,-10.459003448486328
50.2,-13.687396049499512,48.95512008666992,0.0,-10.283222198486328
50.24,-6.788216590881348,47.37308120727539,0.0,-10.283222198486328
50.26,0.7386224865913391,43.593746185302734,0.0,-10.107439994812012
50.300000000000004,4.521670341491699,42.18754577636719,0.0,-9.755876541137695
50.34,11.690838813781738,40.34181213378906,0.0,-9.492203712463379
50.36,17.785171508789062,39.8144645690918,0.0,-9.316422462463379
50.4,20.247690200805664,39.90238571166992,0.0,-9.316422462463379
50.44,23.717470169067383,39.8144645690918,0.0,-9.316422462463379
50.46,23.717470169067383,39.8144645690918,0.0,-9.316422462463379
50.5,24.76842498779297,39.8144645690918,0.0,-9.316422462463379
50.54,22.600955963134766,39.8144645690918,0.0,-9.316422462463379
50.58,18.338665008544922,39.90238571166992,0.0,-9.316422462463379
50.6,18.338665008544922,40.69337463378906,0.0,-9.316422462463379
50.64,8.920475006103516,42.09962844848633,0.0,-9.492203712463379
50.68,1.4717897176742554,43.769527435302734,0.0,-9.580095291137695
50.72,-6.117049694061279,46.84573745727539,0.0,-9.755876541137695
50.74,-6.117049694061279,49.482460021972656,0.0,-10.019549369812012
50.78,-16.231382369995117,50.62501907348633,0.0,-10.283222198486328
50.82,-21.211362838745117,51.06449890136719,0.0,-10.283222198486328
50.84,-24.215730667114258,51.32814407348633,0.0,-10.371113777160645
50.88,-24.880558013916016,51.32814407348633,0.0,-10.371113777160645
50.92,-24.455873489379883,51.32814407348633,0.0,-10.371113777160645
50.94,-21.74534797668457,51.32814407348633,0.0,-10.371113777160645
50.980000000000004,-19.603290557861328,51.32814407348633,0.0,-10.371113777160645
51.02,-13.994695663452148,50.88871383666992,0.0,-10.371113777160645
51.04,-7.0726237297058105,48.6914176940918,0.0,-10.195331573486328
51.08,-3.3180272579193115,46.93360137939453,0.0,-10.195331573486328
51.120000000000005,4.338132381439209,43.769527435302734,0.0,-10.019549369812012
51.14,4.338132381439209,42.45119094848633,0.0,-9.931658744812012
51.18,14.848718643188477,42.45119094848633,0.0,-9.843767166137695
51.2,20.245370864868164,42.45119094848633,0.0,-9.843767166137695
51.24,22.255512237548828,42.45119094848633,0.0,-9.931658744812012
51.26,24.66097068786621,42.45119094848633,0.0,-9.843767166137695
51.300000000000004,24.99854850769043,42.45119094848633,0.0,-9.843767166137695
51.34,23.901592254638672,42.45119094848633,0.0,-9.843767166137695
51.38,20.548643112182617,42.71489334106445,0.0,-9.843767166137695
51.4,18.11650848388672,43.857444763183594,0.0,-9.931658744812012
51.44,12.02685546875,45.439483642578125,0.0,-10.107439994812012
51.46,4.796952247619629,48.427772521972656,0.0,-10.107439994812012
51.5,4.796952247619629,52.20705032348633,0.0,-10.459003448486328
51.54,-6.67787504196167,53.96487045288086,0.0,-10.898458480834961
51.56,-13.691362380981445,55.986331939697266,0.0,-11.250021934509277
51.6,-16.74968719482422,57.04102325439453,0.0,-11.425804138183594
51.64,-21.605098724365234,57.656280517578125,0.0,-11.513693809509277
51.660000000000004,-23.285602569580078,57.744144439697266,0.0,-11.513693809509277
51.7,-24.950557708740234,57.744144439697266,0.0,-11.513693809509277
51.74,-24.950557708740234,57.744144439697266,0.0,-11.513693809509277
51.76,-23.009485244750977,57.744144439697266,0.0,-11.513693809509277
51.800000000000004,-18.931468963623047,57.56836700439453,0.0,-11.513693809509277
51.84,-13.046271324157715,56.42581558227539,0.0,-11.425804138183594
51.86,-9.595338821411133,54.14065170288086,0.0,-11.337912559509277
51.88,-2.0881271362304688,51.06449890136719,0.0,-11.162130355834961
51.92,-2.0881271362304688,47.46094512939453,0.0,-10.634785652160645
51.96,9.321624755859375,45.08791732788086,0.0,-10.283222198486328
52.0,15.966412544250488,43.066402435302734,0.0,-10.019549369812012
52.02,21.084590911865234,42.978538513183594,0.0,-10.019549369812012
52.06,22.91010856628418,42.978538513183594,0.0,-10.019549369812012
52.08,24.873146057128906,42.978538513183594,0.0,-10.019549369812012
52.120000000000005,24.962501525878906,42.978538513183594,0.0,-10.019549369812012
52.160000000000004,23.344118118286133,42.978538513183594,0.0,-10.019549369812012
52.18,19.480546951293945,42.978538513183594,0.0,-10.019549369812012
52.22,19.480546951293945,43.417964935302734,0.0,-10.019549369812012
52.26,10.333141326904297,44.736358642578125,0.0,-10.107439994812012
52.300000000000004,2.853231430053711,46.84573745727539,0.0,-10.195331573486328
52.32,-4.905187606811523,49.83402633666992,0.0,-10.195331573486328
52.36,-8.654019355773926,52.11918640136719,0.0,-10.459003448486328
52.4,-15.43742847442627,53.173824310302734,0.0,-10.634785652160645
52.42,-15.43742847442627,53.96487045288086,0.0,-10.810566902160645
52.46,-18.306772232055664,53.876949310302734,0.0,-10.810566902160645
52.5,-24.806764602661133,53.876949310302734,0.0,-10.810566902160645
52.54,-24.558725357055664,53.876949310302734,0.0,-10.810566902160645
52.56,-24.558725357055664,53.701168060302734,0.0,-10.810566902160645
52.6,-23.531036376953125,52.998043060302734,0.0,-10.810566902160645
52.64,-14.127584457397461,50.53715515136719,0.0,-10.634785652160645
52.660000000000004,-7.088421821594238,47.98828887939453,0.0,-10.634785652160645
52.7,-7.088421821594238,44.648433685302734,0.0,-10.283222198486328
52.74,4.534857273101807,42.27540969848633,0.0,-9.843767166137695
52.76,11.894231796264648,39.726600646972656,0.0,-9.316422462463379
52.800000000000004,15.181533813476562,38.40821075439453,0.0,-9.052749633789062
52.84,20.569101333618164,38.32034683227539,0.0,-8.964859008789062
52.86,23.95073699951172,38.32034683227539,0.0,-8.876968383789062
52.9,23.95073699951172,38.32034683227539,0.0,-8.876968383789062
52.94,24.595178604125977,38.32034683227539,0.0,-8.876968383789062
52.980000000000004,22.006921768188477,38.32034683227539,0.0,-8.876968383789062
53.0,17.262069702148438,38.32034683227539,0.0,-8.876968383789062
53.04,17.262069702148438,38.32034683227539,0.0,-8.876968383789062
53.08,7.1597137451171875,38.32034683227539,0.0,-8.876968383789062
53.120000000000005,-0.6046897768974304,39.4629020690918,0.0,-8.964859008789062
53.14,-8.313079833984375,41.22072219848633,0.0,-9.052749633789062
53.18,-11.907129287719727,42.18754577636719,0.0,-9.140640258789062
53.22,-18.131752014160156,42.802757263183594,0.0,-9.140640258789062
53.24,-22.573591232299805,42.802757263183594,0.0,-9.140640258789062
53.28,-23.980260848999023,42.802757263183594,0.0,-9.140640258789062
53.32,-24.98966407775879,42.802757263183594,0.0,-9.140640258789062
53.34,-24.98966407775879,42.802757263183594,0.0,-9.052749633789062
53.38,-24.5665283203125,42.802757263183594,0.0,-9.052749633789062
53.42,-17.096162796020508,42.71489334106445,0.0,-9.052749633789062
53.46,-14.015023231506348,41.57228469848633,0.0,-9.052749633789062
53.480000000000004,-10.584327697753906,39.199256896972656,0.0,-8.964859008789062
53.52,0.9219462871551514,37.001956939697266,0.0,-8.525404930114746
53.56,8.645174026489258,33.662105560302734,0.0,-7.998059272766113
53.58,15.51393985748291,31.113298416137695,0.0,-7.646495819091797
53.620000000000005,18.409168243408203,28.828134536743164,0.0,-7.2949323654174805
53.660000000000004,22.760034561157227,27.7734432220459,0.0,-7.1191511154174805
53.68,22.760034561157227,26.982452392578125,0.0,-7.031260013580322
53.74,24.106199264526367,26.982452392578125,0.0,-7.031260013580322
53.76,21.64539909362793,26.982452392578125,0.0,-7.031260013580322
53.800000000000004,21.64539909362793,26.982452392578125,0.0,-7.031260013580322
53.84,19.39887237548828,27.4218807220459,0.0,-7.031260013580322
53.86,6.273846626281738,28.38870620727539,0.0,-7.1191511154174805
53.9,2.3698368072509766,30.14652442932129,0.0,-7.2949323654174805
53.94,-5.519883632659912,31.992204666137695,0.0,-7.470714092254639
53.96,-9.307043075561523,34.013668060302734,0.0,-7.470714092254639
54.0,-16.09101676940918,35.50783920288086,0.0,-7.646495819091797
54.02,-21.265560150146484,36.386749267578125,0.0,-7.646495819091797
54.06,-23.07862663269043,36.386749267578125,0.0,-7.646495819091797
54.1,-24.926923751831055,36.386749267578125,0.0,-7.734386444091797
54.14,-24.926923751831055,36.386749267578125,0.0,-7.646495819091797
54.18,-21.178447723388672,36.386749267578125,0.0,-7.646495819091797
54.2,-18.803640365600586,35.859405517578125,0.0,-7.646495819091797
54.24,-12.696043014526367,34.189449310302734,0.0,-7.558604717254639
54.26,-5.3068318367004395,31.113298416137695,0.0,-7.470714092254639
54.300000000000004,-1.36079740524292,28.652353286743164,0.0,-7.207041263580322
54.34,6.536433219909668,26.191408157348633,0.0,-6.855478286743164
54.38,13.777141571044922,24.697290420532227,0.0,-6.503914833068848
54.42,13.777141571044922,24.521509170532227,0.0,-6.416024208068848
54.44,16.917747497558594,24.521509170532227,0.0,-6.416024208068848
54.480000000000004,21.840972900390625,24.521509170532227,0.0,-6.416024208068848
54.52,24.785938262939453,24.521509170532227,0.0,-6.416024208068848
54.54,24.785938262939453,24.521509170532227,0.0,-6.416024208068848
54.58,20.481592178344727,24.521509170532227,0.0,-6.416024208068848
54.620000000000005,14.932653427124023,25.751981735229492,0.0,-6.591805934906006
54.64,7.864346981048584,28.38870620727539,0.0,-6.767587661743164
54.68,3.9802193641662598,31.201215744018555,0.0,-6.855478286743164
54.72,-3.994180202484131,34.189449310302734,0.0,-7.470714092254639
54.74,-11.565346717834473,36.826175689697266,0.0,-7.822277545928955
54.78,-14.954697608947754,38.05664825439453,0.0,-7.910168170928955
54.82,-20.507539749145508,38.144569396972656,0.0,-7.910168170928955
54.84,-23.97023582458496,38.144569396972656,0.0,-7.910168170928955
54.88,-24.79694175720215,38.144569396972656,0.0,-7.910168170928955
54.92,-24.533355712890625,38.144569396972656,0.0,-7.910168170928955
54.94,-21.760835647583008,38.144569396972656,0.0,-7.910168170928955
54.980000000000004,-19.511940002441406,38.144569396972656,0.0,-7.910168170928955
55.02,-13.575237274169922,36.826175689697266,0.0,-7.910168170928955
55.04,-13.575237274169922,34.189449310302734,0.0,-7.646495819091797
55.08,-10.039860725402832,29.97074317932129,0.0,-7.3828229904174805
55.120000000000005,-2.2875709533691406,26.894535064697266,0.0,-6.855478286743164
55.14,13.110818862915039,22.148483276367188,0.0,-5.976569652557373
55.18,13.110818862915039,18.896493911743164,0.0,-5.273469924926758
55.22,21.49888801574707,16.259767532348633,0.0,-5.0097975730896
55.24,24.433195114135742,15.908204078674316,0.0,-4.921906471252441
55.28,24.433195114135742,15.908204078674316,0.0,-4.921906471252441
55.32,24.092126846313477,15.908204078674316,0.0,-4.834015846252441
55.34,20.732465744018555,15.908204078674316,0.0,-4.921906471252441
55.38,20.732465744018555,15.908204078674316,0.0,-4.834015846252441
55.42,11.846060752868652,15.908204078674316,0.0,-4.921906471252441
55.44,4.2460527420043945,15.908204078674316,0.0,-4.834015846252441
55.480000000000004,4.2460527420043945,15.908204078674316,0.0,-4.921906471252441
55.52,-7.723233222961426,15.908204078674316,0.0,-4.921906471252441
55.54,-14.87775707244873,17.402376174926758,0.0,-4.921906471252441
55.58,-17.91864013671875,18.54492950439453,0.0,-5.0097975730896
55.620000000000005,-22.531551361083984,19.160194396972656,0.0,-5.0976881980896
55.64,-24.806711196899414,19.248056411743164,0.0,-5.0976881980896
55.68,-24.982452392578125,19.248056411743164,0.0,-5.0976881980896
55.72,-23.385295867919922,19.248056411743164,0.0,-5.0976881980896
55.74,-23.385295867919922,19.248056411743164,0.0,-5.0976881980896
55.78,-21.653362274169922,19.248056411743164,0.0,-5.0976881980896
55.82,-16.546483993530273,18.54492950439453,0.0,-5.0097975730896
55.84,-1.8640278577804565,17.226594924926758,0.0,-4.921906471252441
55.88,-1.8640278577804565,15.644558906555176,0.0,-4.834015846252441
55.94,13.587594032287598,15.117213249206543,0.0,-4.746124744415283
55.96,13.587594032287598,15.117213249206543,0.0,-4.746124744415283
56.0,21.8321475982666,15.117213249206543,0.0,-4.746124744415283
56.04,24.578702926635742,15.117213249206543,0.0,-4.746124744415283
56.06,24.578702926635742,15.117213249206543,0.0,-4.746124744415283
56.1,23.85373878479004,15.117213249206543,0.0,-4.746124744415283
56.14,20.20963478088379,15.117213249206543,0.0,-4.746124744415283
56.160000000000004,14.441519737243652,15.117213249206543,0.0,-4.746124744415283
56.2,14.441519737243652,16.611330032348633,0.0,-4.834015846252441
56.24,3.173339366912842,18.720712661743164,0.0,-4.921906471252441
56.28,-4.932995796203613,21.181655883789062,0.0,-5.273469924926758
56.32,-12.523096084594727,23.5546817779541,0.0,-5.625033378601074
56.34,-18.796043395996094,25.48828125,0.0,-5.800815105438232
56.38,-21.223772048950195,26.191408157348633,0.0,-5.800815105438232
56.4,-24.339374542236328,26.191408157348633,0.0,-5.800815105438232
56.44,-24.339374542236328,26.191408157348633,0.0,-5.800815105438232
56.480000000000004,-24.943660736083984,26.191408157348633,0.0,-5.800815105438232
56.52,-20.82594871520996,26.191408157348633,0.0,-5.800815105438232
56.54,-20.82594871520996,26.015625,0.0,-5.800815105438232
56.58,-11.857682228088379,23.730464935302734,0.0,-5.625033378601074
56.620000000000005,-4.157245635986328,21.884782791137695,0.0,-5.625033378601074
56.64,-4.157245635986328,18.720712661743164,0.0,-5.273469924926758
56.68,7.955894470214844,16.875030517578125,0.0,-5.0097975730896
56.72,15.156220436096191,16.347684860229492,0.0,-4.921906471252441
56.74,20.747730255126953,16.347684860229492,0.0,-4.921906471252441
56.78,22.745014190673828,16.347684860229492,0.0,-4.921906471252441
56.82,24.87468147277832,16.347684860229492,0.0,-4.921906471252441
56.84,24.35416030883789,16.347684860229492,0.0,-4.921906471252441
56.88,23.105268478393555,16.347684860229492,0.0,-4.921906471252441
56.92,18.794939041137695,16.347684860229492,0.0,-4.921906471252441
56.94,12.47537612915039,18.28128433227539,0.0,-5.0097975730896
56.980000000000004,8.76583480834961,19.86332130432129,0.0,-5.185579299926758
57.02,0.7426798939704895,22.324264526367188,0.0,-5.537142753601074
57.04,0.7426798939704895,25.400419235229492,0.0,-5.625033378601074
57.08,-3.3550901412963867,28.740270614624023,0.0,-6.3281331062316895
57.120000000000005,-20.43309211730957,31.376996994018555,0.0,-6.855478286743164
57.160000000000004,-22.516496658325195,32.34376907348633,0.0,-6.943369388580322
57.2,-24.819215774536133,32.43168640136719,0.0,-7.031260013580322
57.22,-24.45604705810547,32.43168640136719,0.0,-7.031260013580322
57.26,-23.274587631225586,32.43168640136719,0.0,-7.031260013580322
57.300000000000004,-19.068906784057617,32.43168640136719,0.0,-7.031260013580322
57.32,-19.068906784057617,32.43168640136719,0.0,-7.031260013580322
57.36,-9.110219955444336,32.43168640136719,0.0,-7.031260013580322
57.4,-1.0773823261260986,30.937515258789062,0.0,-6.855478286743164
57.42,7.0750603675842285,27.685579299926758,0.0,-6.767587661743164
57.46,7.0750603675842285,24.960935592651367,0.0,-6.416024208068848
57.5,17.62171173095703,23.5546817779541,0.0,-6.2402424812316895
57.52,22.42157745361328,23.115253448486328,0.0,-6.2402424812316895
57.56,22.42157745361328,23.115253448486328,0.0,-6.2402424812316895
57.6,24.982255935668945,23.115253448486328,0.0,-6.2402424812316895
57.64,23.322418212890625,23.5546817779541,0.0,-6.2402424812316895
57.660000000000004,19.132184982299805,24.433591842651367,0.0,-6.2402424812316895
57.7,16.21970558166504,25.48828125,0.0,-6.416024208068848
57.74,9.15427303314209,27.5976619720459,0.0,-6.591805934906006
57.76,5.1940693855285645,30.14652442932129,0.0,-6.679696559906006
57.800000000000004,-3.043100357055664,32.51955032348633,0.0,-7.1191511154174805
57.84,-3.043100357055664,34.80471420288086,0.0,-7.470714092254639
57.86,-7.094574451446533,36.035186767578125,0.0,-7.646495819091797
57.9,-20.348970413208008,36.123050689697266,0.0,-7.646495819091797
57.94,-23.96999740600586,36.123050689697266,0.0,-7.646495819091797
57.96,-23.96999740600586,36.123050689697266,0.0,-7.646495819091797
58.0,-24.45110321044922,36.123050689697266,0.0,-7.646495819091797
58.02,-21.415607452392578,36.123050689697266,0.0,-7.646495819091797
58.06,-18.987646102905273,35.771488189697266,0.0,-7.646495819091797
58.1,-12.642016410827637,33.486324310302734,0.0,-7.3828229904174805
58.120000000000005,-4.909039497375488,30.410171508789062,0.0,-7.3828229904174805
58.160000000000004,-0.7831225395202637,27.685579299926758,0.0,-6.943369388580322
58.2,7.421638011932373,24.345727920532227,0.0,-6.503914833068848
58.22,7.421638011932373,21.884782791137695,0.0,-5.976569652557373
58.26,11.27379035949707,21.884782791137695,0.0,-5.888679027557373
58.300000000000004,22.651500701904297,21.884782791137695,0.0,-5.888679027557373
58.32,24.86574935913086,21.884782791137695,0.0,-5.888679027557373
58.36,24.86574935913086,21.884782791137695,0.0,-5.888679027557373
58.4,24.95041847229004,21.884782791137695,0.0,-5.888679027557373
58.42,18.62877082824707,21.884782791137695,0.0,-5.888679027557373
58.46,15.601166725158691,22.587909698486328,0.0,-5.976569652557373
58.5,8.339625358581543,24.609371185302734,0.0,-6.152351379394531
58.52,0.15385745465755463,27.50979995727539,0.0,-6.3281331062316895
58.56,-4.004520893096924,30.49808692932129,0.0,-6.767587661743164
58.6,-11.876606941223145,32.95903396606445,0.0,-7.207041263580322
58.620000000000005,-18.437191009521484,34.45315170288086,0.0,-7.470714092254639
58.660000000000004,-20.990036010742188,34.892578125,0.0,-7.470714092254639
58.7,-24.285064697265625,34.80471420288086,0.0,-7.470714092254639
58.72,-24.887428283691406,34.80471420288086,0.0,-7.470714092254639
58.76,-24.144784927368164,34.80471420288086,0.0,-7.470714092254639
58.800000000000004,-20.672922134399414,34.80471420288086,0.0,-7.470714092254639
58.82,-14.90148639678955,34.80471420288086,0.0,-7.470714092254639
58.86,-11.344931602478027,32.34376907348633,0.0,-7.2949323654174805
58.9,-3.384335517883301,30.410171508789062,0.0,-7.2949323654174805
58.92,4.956536293029785,26.806673049926758,0.0,-6.855478286743164
58.96,4.956536293029785,23.9062442779541,0.0,-6.3281331062316895
59.0,16.16105842590332,22.236347198486328,0.0,-6.064460754394531
59.02,21.54290771484375,22.324264526367188,0.0,-6.064460754394531
59.06,21.54290771484375,22.324264526367188,0.0,-6.064460754394531
59.1,24.9899959564209,22.236347198486328,0.0,-6.064460754394531
59.14,23.82509422302246,22.324264526367188,0.0,-6.064460754394531
59.160000000000004,19.99214744567871,23.203174591064453,0.0,-6.064460754394531
59.2,17.197723388671875,24.785154342651367,0.0,-6.2402424812316895
59.24,10.243324279785156,26.455108642578125,0.0,-6.416024208068848
59.26,10.243324279785156,29.267616271972656,0.0,-6.503914833068848
59.300000000000004,-2.0668833255767822,32.25590515136719,0.0,-7.031260013580322
59.34,-10.184164047241211,35.33205795288086,0.0,-7.558604717254639
59.36,-10.184164047241211,38.144569396972656,0.0,-7.910168170928955
59.4,-13.867897987365723,38.7597770690918,0.0,-7.998059272766113
59.44,-19.966032028198242,38.7597770690918,0.0,-8.085949897766113
59.46,-24.98971176147461,38.7597770690918,0.0,-7.998059272766113
59.5,-24.98971176147461,38.7597770690918,0.0,-8.085949897766113
59.54,-21.507944107055664,38.7597770690918,0.0,-8.085949897766113
59.56,-16.071746826171875,38.7597770690918,0.0,-7.998059272766113
59.6,-12.624502182006836,38.7597770690918,0.0,-7.998059272766113
59.64,-4.758084774017334,38.7597770690918,0.0,-8.085949897766113
59.660000000000004,3.649864912033081,37.35352325439453,0.0,-7.910168170928955
59.7,7.759116172790527,35.419921875,0.0,-7.822277545928955
59.74,15.205181121826172,33.662105560302734,0.0,-7.822277545928955
59.76,20.930313110351562,32.43168640136719,0.0,-7.734386444091797
59.800000000000004,22.934057235717773,33.13481521606445,0.0,-7.734386444091797
59.84,24.93734359741211,33.04689407348633,0.0,-7.734386444091797
59.86,24.108169555664062,33.04689407348633,0.0,-7.734386444091797
59.9,22.6472225189209,33.04689407348633,0.0,-7.734386444091797
59.92,17.8385009765625,33.486324310302734,0.0,-7.822277545928955
59.96,14.627769470214844,34.892578125,0.0,-7.910168170928955
