dt,yaw_cmd,yaw_pos,pitch_cmd,pitch_pos
1778609641.3938935,0.0,3.339890480041504,0.0,-1.0547077655792236
1778609641.3948545,0.0,3.339890480041504,0.0,-1.0547077655792236
1778609641.395712,-2.7480969429016113,3.339890480041504,10.648796081542969,-1.0547077655792236
1778609641.3965254,-4.11525297164917,3.339890480041504,15.331151962280273,-1.1425986289978027
1778609641.3973415,-5.47219181060791,3.339890480041504,19.274982452392578,-3.5156521797180176
1778609641.3981085,-6.814687252044678,2.7246270179748535,22.28867530822754,-8.085949897766113
1778609641.398822,-8.138521194458008,1.5820730924606323,24.225215911865234,-14.150420188903809
1778609641.3995507,-9.439498901367188,-0.6152260899543762,24.989429473876953,-21.181663513183594
1778609641.4287267,-10.713459014892578,-3.9550795555114746,24.54277229309082,-30.58595848083496
1778609641.465446,-11.956291198730469,-8.525349617004395,22.905349731445312,-40.078147888183594
1778609641.4988365,-13.163948059082031,-13.18359375,20.155132293701172,-49.394554138183594
1778609641.5342486,-14.33245849609375,-16.611310958862305,16.424333572387695,-56.77735900878906
1778609641.5694242,-15.457941055297852,-20.30272674560547,11.893145561218262,-63.36917495727539
1778609641.6043441,-16.536619186401367,-25.31247901916504,6.781106948852539,-67.2363510131836
1778609641.6394784,-17.56483268737793,-29.97066879272461,1.3365304470062256,-68.7304916381836
1778609641.6744723,-18.53905487060547,-34.89255905151367,-4.175525665283203,-68.8183822631836
1778609641.708892,-19.455900192260742,-39.46288299560547,-9.486140251159668,-68.8183822631836
1778609641.7445529,-20.3121395111084,-44.033180236816406,-14.33565616607666,-66.88478088378906
1778609641.779225,-21.10471534729004,-48.33983612060547,-18.486404418945312,-63.017616271972656
1778609641.815122,-21.830751419067383,-53.613258361816406,-21.73439598083496,-56.51368713378906
1778609641.8498843,-22.487558364868164,-58.623043060302734,-23.919416427612305,-49.74611282348633
1778609641.885025,-23.07265853881836,-63.28123092651367,-24.933013916015625,-41.30862045288086
1778609641.919658,-23.583782196044922,-67.93942260742188,-24.723962783813477,-31.81643295288086
1778609641.9531176,-24.018890380859375,-71.8066177368164,-23.300966262817383,-23.466825485229492
1778609641.9885721,-24.37617301940918,-77.43163299560547,-20.73239517211914,-11.95314884185791
1778609642.023599,-24.654064178466797,-83.40818786621094,-17.143112182617188,-1.4062713384628296
1778609642.060451,-24.85125160217285,-89.47265625,-12.708487510681152,8.701151847839355
1778609642.0938303,-24.966678619384766,-94.13084411621094,-7.645914554595947,16.347631454467773
1778609642.1288826,-24.999555587768555,-97.47069549560547,-2.2042129039764404,25.312471389770508
1778609642.1639233,-24.949359893798828,-101.3378677368164,3.3485569953918457,31.025379180908203
1778609642.199202,-24.815847396850586,-106.08394622802734,8.73827838897705,36.738258361816406
1778609642.2337217,-24.59905242919922,-111.2695083618164,13.698308944702148,41.30858612060547
1778609642.268961,-24.299293518066406,-116.19136810302734,17.982702255249023,43.066375732421875
1778609642.3043232,-23.917171478271484,-121.5527114868164,21.378442764282227,42.978485107421875
1778609642.3394578,-23.453577041625977,-125.59565734863281,23.716106414794922,42.451168060302734
1778609642.3743947,-22.909683227539062,-128.93551635742188,24.878395080566406,39.9902229309082
1778609642.4097278,-22.286949157714844,-132.36326599121094,24.806110382080078,34.540985107421875
1778609642.444841,-21.587120056152344,-136.40623474121094,23.501277923583984,27.59763526916504
1778609642.4803774,-20.812219619750977,-140.36129760742188,21.02721405029297,20.039047241210938
1778609642.515217,-19.964548110961914,-143.70115661621094,17.50557518005371,9.931624412536621
1778609642.5484388,-19.046680450439453,-145.72262573242188,13.110455513000488,2.2851455211639404
1778609642.5835893,-18.06145477294922,-148.09567260742188,8.059867858886719,-6.767587661743164
1778609642.6180348,-17.0119686126709,-150.20504760742188,2.6049957275390625,-13.447293281555176
1778609642.6531901,-15.901572227478027,-152.13865661621094,-2.9822540283203125,-19.775409698486328
1778609642.688632,-14.733855247497559,-153.01756286621094,-8.422782897949219,-23.291044235229492
1778609642.7239926,-13.512639045715332,-153.54490661621094,-13.444241523742676,-24.257844924926758
1778609642.7593029,-12.241968154907227,-154.51170349121094,-17.79468536376953,-24.169952392578125
1778609642.7943711,-10.926091194152832,-155.56637573242188,-21.255268096923828,-23.554718017578125
1778609642.8295577,-9.5694580078125,-156.26951599121094,-23.651302337646484,-20.65431785583496
1778609642.8664553,-8.1766939163208,-156.26951599121094,-24.861175537109375,-16.08399200439453
1778609642.8996818,-6.752596378326416,-156.26951599121094,-24.822607040405273,-11.513693809509277
1778609642.9348178,-5.30211067199707,-156.26951599121094,-23.535959243774414,-4.921906471252441
1778609642.969808,-3.8303184509277344,-156.18162536621094,-21.064401626586914,2.900381565093994
1778609643.0050058,-2.342418670654297,-156.26951599121094,-17.530920028686523,11.425768852233887
1778609643.0402334,-0.8437105417251587,-156.18162536621094,-13.112284660339355,19.687484741210938
1778609643.0735617,0.6604251861572266,-156.00582885742188,-8.030301094055176,25.48825454711914
1778609643.1084664,2.1645452976226807,-155.56637573242188,-2.540735960006714,32.25585174560547
1778609643.143657,3.663163185119629,-154.33592224121094,3.0795094966888428,37.52927780151367
1778609643.1787426,5.1507697105407715,-153.01756286621094,8.546339988708496,40.4296760559082
1778609643.2139058,6.621851444244385,-150.55661010742188,13.582830429077148,41.30858612060547
1778609643.2490835,8.070914268493652,-148.00779724121094,17.933273315429688,40.7812385559082
1778609643.2843208,9.492502212524414,-144.66795349121094,21.3762149810791,39.46287536621094
1778609643.3193827,10.881217956542969,-140.80075073242188,23.735790252685547,34.89255142211914
1778609643.3543754,12.231744766235352,-136.23043823242188,24.890790939331055,27.77341651916504
1778609643.3894598,13.53886890411377,-132.71482849121094,24.78099250793457,20.302719116210938
1778609643.4247878,14.797496795654297,-128.671875,23.410388946533203,10.195296287536621
1778609643.4598565,16.0026798248291,-124.18943786621094,20.847190856933594,1.054673194885254
1778609643.4947028,17.149633407592773,-119.619140625,17.22052574157715,-10.546895027160645
1778609643.5293753,18.233753204345703,-115.22459411621094,12.71403694152832,-20.56642723083496
1778609643.5647566,19.250642776489258,-110.4784927368164,7.556668281555176,-31.464868545532227
1778609643.6002598,20.19612693786621,-106.25973510742188,2.0110950469970703,-38.67189407348633
1778609643.6334424,21.06627082824707,-101.51365661621094,-3.6396050453186035,-43.85745620727539
1778609643.6686485,21.857398986816406,-97.20700073242188,-9.106383323669434,-47.46095275878906
1778609643.7034678,22.566110610961914,-92.54881286621094,-14.109004974365234,-47.90040588378906
1778609643.7388623,23.189302444458008,-86.66014862060547,-18.39044761657715,-48.07618713378906
1778609643.7737603,23.724170684814453,-81.73826599121094,-21.730148315429688,-47.90040588378906
1778609643.808464,24.168241500854492,-76.37694549560547,-23.9554443359375,-46.58204650878906
1778609643.843851,24.519372940063477,-71.36719512939453,-24.950584411621094,-43.066436767578125
1778609643.8789487,24.77577018737793,-67.32421112060547,-24.66284942626953,-36.7382926940918
1778609643.914023,24.935997009277344,-62.49021530151367,-23.105445861816406,-31.376977920532227
1778609643.9490485,24.998985290527344,-57.56835174560547,-20.35702896118164,-24.433626174926758
1778609643.9841835,24.964040756225586,-52.646461486816406,-16.55782699584961,-15.644537925720215
1778609644.0192425,24.830852508544922,-47.63671112060547,-11.902591705322266,-7.998059272766113
1778609644.0543394,24.59950065612793,-43.24216079711914,-6.630692481994629,-0.7910351753234863
1778609644.0896027,24.27045440673828,-39.46288299560547,-1.0138757228851318,3.9550445079803467
1778609644.1241243,23.844575881958008,-35.15623092651367,4.657702922821045,9.140606880187988
1778609644.159715,23.323123931884766,-31.289058685302734,10.090448379516602,11.953113555908203
1778609644.195066,22.70775032043457,-27.86128807067871,15.002532958984375,12.392568588256836
1778609644.2291577,22.000499725341797,-25.22458839416504,19.138545989990234,11.425768852233887
1778609644.266809,21.20380210876465,-21.796844482421875,22.282835006713867,9.755843162536621
1778609644.2997277,20.320466995239258,-19.423818588256836,24.27081871032715,6.328097820281982
1778609644.334905,19.353683471679688,-17.138654708862305,24.997695922851562,1.142564058303833
1778609644.370055,18.306997299194336,-15.732401847839355,24.42407989501953,-5.800815105438232
1778609644.4050908,17.18431282043457,-13.62302017211914,22.578227996826172,-14.501983642578125
1778609644.4405525,15.989875793457031,-10.986294746398926,19.554777145385742,-24.257844924926758
1778609644.473588,14.728256225585938,-8.525349617004395,15.509987831115723,-34.62894058227539
1778609644.5084665,13.404339790344238,-6.943314552307129,10.653773307800293,-43.85745620727539
1778609644.5437677,12.023301124572754,-5.537115573883057,5.238883018493652,-52.998077392578125
1778609644.579098,10.590596199035645,-5.624979019165039,-0.4521949291229248,-58.623069763183594
1778609644.6139705,9.111933708190918,-5.624979019165039,-6.121931076049805,-62.66604995727539
1778609644.6490228,7.593255996704102,-5.624979019165039,-11.473299980163574,-63.896522521972656
1778609644.6840932,6.040719509124756,-5.624979019165039,-16.225351333618164,-63.896522521972656
1778609644.7191932,4.460667133331299,-5.624979019165039,-20.128005981445312,-63.896522521972656
1778609644.7542808,2.859605312347412,-5.624979019165039,-22.975269317626953,-62.40237808227539
1778609644.7893233,1.2441768646240234,-5.624979019165039,-24.616195678710938,-58.79885482788086
1778609644.8245862,-0.37886545062065125,-5.9765424728393555,-24.962982177734375,-52.73440170288086
1778609644.859858,-2.0026867389678955,-7.6464409828186035,-23.99577522277832,-45.8789176940918
1778609644.8948183,-3.62039852142334,-9.93160343170166,-21.763914108276367,-39.46290969848633
1778609644.9298325,-5.225088119506836,-12.568329811096191,-18.38352394104004,-29.882831573486328
1778609644.9649544,-6.809847354888916,-14.677711486816406,-14.031591415405273,-20.56642723083496
1778609644.9999952,-8.367804527282715,-16.962873458862305,-8.936775207519531,-9.755876541137695
1778609645.035026,-9.892151832580566,-20.30272674560547,-3.3674819469451904,-2.7246344089508057
1778609645.0684497,-11.376177787780762,-24.78513526916504,2.382230043411255,4.042935371398926
1778609645.1035867,-12.813297271728516,-29.35546112060547,8.008143424987793,10.634751319885254
1778609645.13842,-14.197080612182617,-33.486305236816406,13.211976051330566,14.414031982421875
1778609645.173567,-15.521285057067871,-37.792930603027344,17.717220306396484,16.874977111816406
1778609645.2088597,-16.779882431030273,-41.835906982421875,21.28388214111328,17.050758361816406
1778609645.2441509,-17.96708869934082,-45.52732849121094,23.721336364746094,16.611303329467773
1778609645.2790904,-19.077394485473633,-50.712860107421875,24.898601531982422,15.117158889770508
1778609645.3139827,-20.1055850982666,-55.81053161621094,24.751493453979492,10.98631477355957
1778609645.3511028,-21.046775817871094,-60.908206939697266,23.286216735839844,5.273407459259033
1778609645.3844986,-21.89643096923828,-65.47850036621094,20.579252243041992,-1.9336165189743042
1778609645.4195578,-22.650392532348633,-69.78515625,16.773473739624023,-9.667985916137695
1778609645.4544263,-23.304893493652344,-74.00389099121094,12.070703506469727,-18.544937133789062
1778609645.4895618,-23.856592178344727,-80.068359375,6.721111297607422,-25.13675308227539
1778609645.5245876,-24.302581787109375,-85.95702362060547,1.0099624395370483,-30.05861473083496
1778609645.5598257,-24.64040756225586,-91.3183364868164,-4.757543563842773,-32.69533920288086
1778609645.594988,-24.868087768554688,-95.97653198242188,-10.272563934326172,-32.95901107788086
1778609645.6302512,-24.984127044677734,-100.3710708618164,-15.239160537719727,-32.60744857788086
1778609645.6674094,-24.987524032592773,-105.64452362060547,-19.390213012695312,-30.673851013183594
1778609645.6985788,-24.87778091430664,-110.7421646118164,-22.501846313476562,-27.070323944091797
1778609645.7338789,-24.654918670654297,-115.83980560302734,-24.40558433532715,-21.621116638183594
1778609645.768872,-24.319473266601562,-121.5527114868164,-24.997568130493164,-15.644537925720215
1778609645.804215,-23.87249755859375,-125.68357849121094,-24.244333267211914,-7.207041263580322
1778609645.8389153,-23.315568923950195,-129.0234375,-22.184816360473633,0.43943706154823303
1778609645.8734193,-22.650785446166992,-132.01170349121094,-18.928457260131836,9.667951583862305
1778609645.908942,-21.880756378173828,-136.23043823242188,-14.649493217468262,18.281230926513672
1778609645.944488,-21.008596420288086,-140.36129760742188,-9.577746391296387,26.367162704467773
1778609645.9794927,-20.037921905517578,-143.87693786621094,-3.9863460063934326,34.540985107421875
1778609646.0148942,-18.972829818725586,-145.89842224121094,1.8229120969772339,39.9902229309082
1778609646.049864,-17.81789207458496,-147.91990661621094,7.535826206207275,44.20895767211914
1778609646.0849667,-16.57813262939453,-149.67770385742188,12.84277629852295,46.406227111816406
1778609646.120095,-15.25900650024414,-151.25975036621094,17.455522537231445,46.406227111816406
1778609646.1544733,-13.866386413574219,-152.31443786621094,21.12291717529297,45.966773986816406
1778609646.1880057,-12.406532287597656,-152.66600036621094,23.64463996887207,44.033172607421875
1778609646.2232337,-10.886064529418945,-152.75389099121094,24.88223648071289,39.55076599121094
1778609646.258262,-9.31194019317627,-152.75389099121094,24.766826629638672,31.992177963256836
1778609646.2938528,-7.691420078277588,-152.75389099121094,23.303054809570312,24.082000732421875
1778609646.3290014,-6.032037734985352,-152.75389099121094,20.56903648376465,14.150358200073242
1778609646.3640747,-4.341564178466797,-152.75389099121094,16.712318420410156,5.097625732421875
1778609646.399167,-2.6279749870300293,-152.75389099121094,11.942012786865234,-4.570343017578125
1778609646.4344103,-0.8994116187095642,-152.75389099121094,6.517560005187988,-12.216821670532227
1778609646.4694128,0.8358557224273682,-152.57810974121094,0.7346789836883545,-19.335954666137695
1778609646.504054,2.569467306137085,-152.22654724121094,-5.090703010559082,-23.906280517578125
1778609646.5393412,4.2930145263671875,-151.61131286621094,-10.639694213867188,-25.66407012939453
1778609646.5751264,5.9980788230896,-150.46873474121094,-15.607901573181152,-25.66407012939453
1778609646.6101036,7.676275730133057,-148.44723510742188,-19.722169876098633,-25.57617950439453
1778609646.6452484,9.319293975830078,-146.16207885742188,-22.755661010742188,-24.433626174926758
1778609646.67847,10.918939590454102,-142.47067260742188,-24.54044532775879,-21.621116638183594
1778609646.7135599,12.467175483703613,-138.42771911621094,-24.97690200805664,-18.01759147644043
1778609646.7487407,13.956164360046387,-133.24217224121094,-24.03938865661621,-13.886748313903809
1778609646.7837865,15.378308296203613,-127.265625,-21.777873992919922,-6.855478286743164
1778609646.8186567,16.72629165649414,-121.9042739868164,-18.315380096435547,-0.08790817856788635
1778609646.8541582,17.993118286132812,-116.63085174560547,-13.84141731262207,8.261697769165039
1778609646.8888643,19.172147750854492,-111.09373474121094,-8.601709365844727,14.414031982421875
1778609646.9240584,20.257137298583984,-106.17186737060547,-2.884770393371582,21.00584602355957
1778609646.9594076,21.242273330688477,-100.8984146118164,2.9939193725585938,26.191381454467773
1778609646.994448,22.122203826904297,-96.767578125,8.709296226501465,29.355453491210938
1778609647.0297694,22.89207649230957,-92.1972427368164,13.944685935974121,31.113271713256836
1778609647.0662537,23.547561645507812,-86.13280487060547,18.409379959106445,30.937488555908203
1778609647.0996544,24.08487892150879,-81.5624771118164,21.854829788208008,29.882797241210938
1778609647.1347878,24.500825881958008,-76.11327362060547,24.088565826416016,26.894508361816406
1778609647.1699913,24.792800903320312,-70.9277114868164,24.98504638671875,22.060537338256836
1778609647.2053137,24.958812713623047,-66.62108612060547,24.492826461791992,15.468722343444824
1778609647.2403555,24.99751091003418,-61.611331939697266,22.637624740600586,7.382789134979248
1778609647.2735457,24.908184051513672,-56.51365661621094,19.521116256713867,-1.5820530652999878
1778609647.3084548,24.690780639648438,-50.976558685302734,15.315471649169922,-11.601585388183594
1778609647.3435986,24.345911026000977,-46.9335823059082,10.253954887390137,-21.445337295532227
1778609647.3786433,23.874849319458008,-43.06637954711914,4.618072032928467,-29.707050323486328
1778609647.4137723,23.27953338623047,-39.63866424560547,-1.2780200242996216,-35.41992950439453
1778609647.449035,22.562564849853516,-35.94724655151367,-7.1049885749816895,-38.49611282348633
1778609647.4840593,21.72719383239746,-33.13473892211914,-12.536709785461426,-38.93556594848633
1778609647.5191631,20.777318954467773,-30.673795700073242,-17.26854133605957,-38.93556594848633
1778609647.554498,19.717458724975586,-28.037071228027344,-21.034460067749023,-38.67189407348633
1778609647.5896738,18.55274772644043,-25.22458839416504,-23.622085571289062,-36.8261833190918
1778609647.6245472,17.288904190063477,-21.796844482421875,-24.884761810302734,-33.04690170288086
1778609647.659641,15.932208061218262,-20.30272674560547,-24.749971389770508,-26.279306411743164
1778609647.6949596,14.489477157592773,-18.896472930908203,-23.223623275756836,-19.248064041137695
1778609647.7299612,12.968029975891113,-18.808555603027344,-20.389944076538086,-9.667985916137695
1778609647.7651017,11.375653266906738,-18.808555603027344,-16.406946182250977,-2.28518009185791
1778609647.8003755,9.720563888549805,-18.808555603027344,-11.497732162475586,5.888643741607666
1778609647.8350575,8.011369705200195,-18.808555603027344,-5.938091278076172,12.480459213256836
1778609647.8723736,6.257025718688965,-18.808555603027344,-0.04107750952243805,18.896465301513672
1778609647.90353,4.466789245605469,-18.808555603027344,5.860572814941406,23.2910099029541
1778609647.9387205,2.6501705646514893,-18.808555603027344,11.43320083618164,25.66403579711914
1778609647.9738166,0.8168860673904419,-18.896472930908203,16.361099243164062,25.75192642211914
1778609648.009161,-1.0231943130493164,-18.808555603027344,20.36444664001465,25.312471389770508
1778609648.0441606,-2.8600997924804688,-18.808555603027344,23.21526336669922,24.345672607421875
1778609648.0792835,-4.683812141418457,-19.072254180908203,24.75048828125,21.796863555908203
1778609648.1147833,-6.484321117401123,-20.830074310302734,24.88141441345215,16.787084579467773
1778609648.1496148,-8.251677513122559,-23.642581939697266,23.598936080932617,10.371078491210938
1778609648.1846902,-9.976052284240723,-27.33397102355957,20.974292755126953,3.1640541553497314
1778609648.219947,-11.647789001464844,-32.51950454711914,17.15522575378418,-5.449251651763916
1778609648.2547917,-13.257460594177246,-38.2324104309082,12.357794761657715,-12.91994857788086
1778609648.290025,-14.795923233032227,-43.505836486816406,6.8542375564575195,-19.599628448486328
1778609648.325175,-16.254371643066406,-48.1640510559082,0.9576082229614258,-25.04886245727539
1778609648.360124,-17.624387741088867,-53.34959030151367,-4.995984077453613,-26.806652069091797
1778609648.3934617,-18.897994995117188,-57.30465316772461,-10.666510581970215,-26.718759536743164
1778609648.428573,-20.06770896911621,-61.259765625,-15.729453086853027,-26.01563262939453
1778609648.4657304,-21.12657356262207,-66.26951599121094,-19.894418716430664,-23.554718017578125
1778609648.4986513,-22.068222045898438,-71.1034927368164,-22.921855926513672,-19.335954666137695
1778609648.5337863,-22.886899948120117,-77.25585174560547,-24.636934280395508,-13.271512031555176
1778609648.5691383,-23.577516555786133,-83.84764099121094,-24.939739227294922,-6.416024208068848
1778609648.604121,-24.135679244995117,-90.2636489868164,-23.81122589111328,2.021472692489624
1778609648.6392558,-24.557710647583008,-95.53709411621094,-21.314525604248047,10.634751319885254
1778609648.6743262,-24.8406982421875,-98.876953125,-17.591554641723633,19.072246551513672
1778609648.709371,-24.98249626159668,-103.0956802368164,-12.855056762695312,28.388652801513672
1778609648.7445567,-24.981761932373047,-108.28125,-7.376556396484375,36.738258361816406
1778609648.7796552,-24.83795738220215,-113.46678161621094,-1.4708678722381592,45.175758361816406
1778609648.8150547,-24.551366806030273,-118.65231323242188,4.521938323974609,50.449188232421875
1778609648.8497791,-24.123106002807617,-124.0136489868164,10.25609302520752,53.876922607421875
1778609648.8848803,-23.555110931396484,-127.96874237060547,15.400090217590332,55.019500732421875
1778609648.9201016,-22.850143432617188,-131.30856323242188,19.6558837890625,55.019500732421875
1778609648.953429,-22.011781692504883,-135.35153198242188,22.776227951049805,54.58004379272461
1778609648.9884644,-21.04439926147461,-139.04295349121094,24.579132080078125,51.855438232421875
1778609649.0235627,-19.953157424926758,-141.67965698242188,24.95858383178711,47.109352111816406
1778609649.0587966,-18.743972778320312,-144.14060974121094,23.89090919494629,40.7812385559082
1778609649.094069,-17.423490524291992,-146.33787536621094,21.43636703491211,31.376941680908203
1778609649.1283698,-15.999056816101074,-148.27145385742188,17.73588752746582,22.32421112060547
1778609649.1636162,-14.478672981262207,-149.58981323242188,13.003097534179688,11.513660430908203
1778609649.1995432,-12.87096118927002,-150.02928161621094,7.512092590332031,4.306607723236084
1778609649.2346451,-11.185115814208984,-150.11715698242188,1.5816460847854614,-3.076197862625122
1778609649.2715104,-9.4308500289917,-150.29293823242188,-4.443240642547607,-7.998059272766113
1778609649.30459,-7.618348598480225,-150.29293823242188,-10.211384773254395,-10.459003448486328
1778609649.339658,-5.758205890655518,-150.29293823242188,-15.38589859008789,-10.634785652160645
1778609649.3748145,-3.861368179321289,-150.29293823242188,-19.663902282714844,-10.371113777160645
1778609649.4099069,-1.9390685558319092,-150.29293823242188,-22.794322967529297,-8.613295555114746
1778609649.4452376,-0.0027638261672109365,-150.02928161621094,-24.59271812438965,-4.570343017578125
1778609649.4803345,1.93593430519104,-149.32614135742188,-24.9522647857666,0.43943706154823303
1778609649.513582,3.865328073501587,-148.71090698242188,-23.85021209716797,5.888643741607666
1778609649.548536,5.773704528808594,-147.65623474121094,-21.349470138549805,13.535149574279785
1778609649.5836327,7.649406433105469,-145.28318786621094,-17.59512710571289,20.47850227355957
1778609649.6189106,9.480904579162598,-141.50389099121094,-12.806177139282227,28.476543426513672
1778609649.653803,11.256868362426758,-136.40623474121094,-7.2628326416015625,35.24411392211914
1778609649.6909213,12.966238021850586,-131.22067260742188,-1.2902250289916992,41.04491424560547
1778609649.7241101,14.598297119140625,-126.65035247802734,4.760616779327393,46.406227111816406
1778609649.7590356,16.142738342285156,-120.9374771118164,10.533371925354004,49.30660629272461
1778609649.794311,17.58972930908203,-115.57615661621094,15.687419891357422,50.273406982421875
1778609649.829595,18.929988861083984,-110.03907012939453,19.917978286743164,49.92184066772461
1778609649.8647301,20.154830932617188,-105.02928161621094,22.97419548034668,48.69137191772461
1778609649.89972,21.25623893737793,-100.10742950439453,24.67412567138672,46.318336486816406
1778609649.9347274,22.22692108154297,-95.44921112060547,24.915666580200195,41.2206916809082
1778609649.96988,23.060348510742188,-89.82421875,23.682832717895508,33.837860107421875
1778609650.0049014,23.75082015991211,-84.02342224121094,21.046924591064453,25.400362014770508
1778609650.0400813,24.29349136352539,-78.662109375,17.16254234313965,14.853485107421875
1778609650.0734282,24.684425354003906,-73.47654724121094,12.258649826049805,4.921844005584717
1778609650.1085413,24.920610427856445,-68.81832885742188,6.625173568725586,-5.0976881980896
1778609650.1438754,24.999998092651367,-64.33592224121094,0.5959475636482239,-13.09572982788086
1778609650.1786215,24.921525955200195,-59.062469482421875,-5.471015930175781,-20.742210388183594
1778609650.213655,24.685117721557617,-54.22849655151367,-11.214766502380371,-24.96097183227539
1778609650.248765,24.291709899902344,-49.30660629272461,-16.29290199279785,-26.191415786743164
1778609650.283968,23.743244171142578,-44.99998092651367,-20.40202522277832,-26.191415786743164
1778609650.3191218,23.042665481567383,-41.220703125,-23.29594612121582,-26.103525161743164
1778609650.3543286,22.193910598754883,-37.968711853027344,-24.800527572631836,-23.730499267578125
1778609650.3894382,21.201892852783203,-34.36521530151367,-24.824291229248047,-19.951190948486328
1778609650.4244711,20.072481155395508,-32.080047607421875,-23.364105224609375,-14.501983642578125
1778609650.4591396,18.812458038330078,-29.79488754272461,-20.5056095123291,-6.767587661743164
1778609650.4943657,17.429502487182617,-28.300769805908203,-16.4183292388916,-0.6152534484863281
1778609650.5299132,15.932127952575684,-26.367170333862305,-11.345747947692871,6.767552375793457
1778609650.5649228,14.329646110534668,-25.04880714416504,-5.590900897979736,13.359368324279785
1778609650.599861,12.632109642028809,-24.697242736816406,0.5016466379165649,19.511701583862305
1778609650.6349792,10.850251197814941,-24.697242736816406,6.566384792327881,24.873018264770508
1778609650.672141,8.995417594909668,-24.697242736816406,12.23876953125,27.42185401916504
1778609650.7037256,7.079503059387207,-24.697242736816406,17.177156448364258,27.949199676513672
1778609650.7385972,5.114874362945557,-24.697242736816406,21.08342933654785,27.949199676513672
1778609650.7736845,3.1142916679382324,-24.78513526916504,23.721071243286133,27.68552589416504
1778609650.8091564,1.0908278226852417,-24.697242736816406,24.929601669311523,25.839818954467773
1778609650.8440604,-0.9422153234481812,-24.697242736816406,24.63446044921875,22.23632049560547
1778609650.8794177,-2.9713943004608154,-24.697242736816406,22.85173797607422,16.787084579467773
1778609650.914411,-4.983212947845459,-24.78513526916504,19.687450408935547,9.228497505187988
1778609650.9496126,-6.9642109870910645,-26.630844116210938,15.331368446350098,1.230454921722412
1778609650.98499,-8.901056289672852,-29.179677963256836,10.045763969421387,-7.646495819091797
1778609651.0197759,-10.780633926391602,-33.04684829711914,4.149706840515137,-13.974638938903809
1778609651.0551343,-12.59013843536377,-38.4081916809082,-2.000114679336548,-18.984390258789062
1778609651.08991,-14.317160606384277,-44.648414611816406,-8.03093433380127,-22.060571670532227
1778609651.125041,-15.949775695800781,-50.36129379272461,-13.576495170593262,-22.67580795288086
1778609651.1600246,-17.47662925720215,-55.98631286621094,-18.29932403564453,-22.324243545532227
1778609651.1953807,-18.887014389038086,-60.64450454711914,-21.911319732666016,-19.951190948486328
1778609651.2287478,-20.170961380004883,-65.30272674560547,-24.191429138183594,-16.08399200439453
1778609651.2634215,-21.31929588317871,-70.13671875,-24.999277114868164,-10.810566902160645
1778609651.2985725,-22.323720932006836,-75.58592224121094,-24.28394889831543,-3.779325246810913
1778609651.3336308,-23.1768741607666,-82.3534927368164,-22.08732795715332,4.921844005584717
1778609651.3686697,-23.872390747070312,-89.03317260742188,-18.54178810119629,12.216787338256836
1778609651.4037955,-24.404953002929688,-95.18553924560547,-13.862354278564453,22.58788299560547
1778609651.4388354,-24.770334243774414,-98.7890396118164,-8.333778381347656,30.67381477355957
1778609651.4741712,-24.965435028076172,-102.91990661621094,-2.2933013439178467,39.28709411621094
1778609651.5092695,-24.988323211669922,-108.45703125,3.889849901199341,46.230445861816406
1778609651.544342,-24.838247299194336,-113.99412536621094,9.837003707885742,51.32809066772461
1778609651.579452,-24.515653610229492,-119.26757049560547,15.183235168457031,54.84371566772461
1778609651.6144056,-24.022193908691406,-124.71678161621094,19.59980010986328,55.986297607421875
1778609651.649608,-23.36072540283203,-128.32029724121094,22.81441879272461,55.546844482421875
1778609651.6846373,-22.535295486450195,-131.39646911621094,24.628162384033203,54.40426254272461
1778609651.720027,-21.551124572753906,-135.43942260742188,24.92788314819336,50.36129379272461
1778609651.7550755,-20.41458511352539,-138.51560974121094,23.69340705871582,45.26364517211914
1778609651.788374,-19.13315200805664,-140.53709411621094,20.999027252197266,39.6386604309082
1778609651.8234558,-17.71537208557129,-142.91014099121094,17.00917625427246,29.794906616210938
1778609651.85877,-16.170804977416992,-145.28318786621094,11.968518257141113,21.181629180908203
1778609651.893611,-14.509964942932129,-146.95310974121094,6.18705940246582,11.24998664855957
1778609651.9288902,-12.744250297546387,-147.04098510742188,0.02116749994456768,4.394498825073242
1778609651.964065,-10.885875701904297,-147.04098510742188,-6.148343563079834,-1.9336165189743042
1778609651.999106,-8.947784423828125,-147.04098510742188,-11.939711570739746,-5.712924480438232
1778609652.0342393,-6.943564414978027,-147.04098510742188,-16.993867874145508,-6.943369388580322
1778609652.0711336,-4.887355327606201,-147.04098510742188,-20.99675178527832,-6.855478286743164
1778609652.104379,-2.7937510013580322,-147.04098510742188,-23.698909759521484,-6.591805934906006
1778609652.1394231,-0.6776962280273438,-146.95310974121094,-24.9311466217041,-3.691434383392334
1778609652.1744654,1.4456173181533813,-146.51364135742188,-24.61525535583496,0.7031096816062927
1778609652.2098243,3.5608601570129395,-145.89842224121094,-22.769121170043945,5.976534366607666
1778609652.2448003,5.652674674987793,-144.84373474121094,-19.5058536529541,13.095695495605469
1778609652.2797954,7.705789089202881,-143.17381286621094,-15.027009010314941,19.775375366210938
1778609652.3149881,9.705126762390137,-140.09764099121094,-9.610260009765625,27.509742736816406
1778609652.350096,11.635919570922852,-135.26364135742188,-3.592284679412842,34.101531982421875
1778609652.3852103,13.483819007873535,-131.48435974121094,2.652085065841675,39.19920349121094
1778609652.4184167,15.235006332397461,-126.56249237060547,8.733172416687012,43.681610107421875
1778609652.4534323,16.87629508972168,-120.76168823242188,14.270768165588379,46.406227111816406
1778609652.4885297,18.395238876342773,-114.34569549560547,18.917936325073242,46.845680236816406
1778609652.5238478,19.78021812438965,-107.84176635742188,22.382816314697266,46.669898986816406
1778609652.55886,21.020551681518555,-101.4257583618164,24.447050094604492,44.82419204711914
1778609652.5938866,22.106565475463867,-96.50386810302734,24.97966766357422,41.1328010559082
1778609652.6289723,23.029678344726562,-91.66990661621094,23.94552993774414,34.628875732421875
1778609652.664236,23.782480239868164,-85.34178924560547,21.407791137695312,27.509742736816406
1778609652.6986046,24.358793258666992,-79.9804458618164,17.524185180664062,18.01755714416504
1778609652.7341096,24.753721237182617,-74.00389099121094,12.53736686706543,8.085916519165039
1778609652.7694793,24.96370506286621,-69.16989135742188,6.759860515594482,-1.4941622018814087
1778609652.804558,24.98655891418457,-64.42381286621094,0.5545666217803955,-8.43751335144043
1778609652.8400111,24.821491241455078,-59.150386810302734,-5.687974452972412,-13.798856735229492
1778609652.8770287,24.469125747680664,-54.316383361816406,-11.574138641357422,-16.699228286743164
1778609652.9100096,23.9315128326416,-49.57030487060547,-16.732053756713867,-17.050792694091797
1778609652.9448676,23.212112426757812,-45.43943405151367,-20.835145950317383,-17.050792694091797
1778609652.9781816,22.3157901763916,-42.01169204711914,-23.622892379760742,-16.523447036743164
1778609653.0136032,21.248783111572266,-39.28710174560547,-24.91748809814453,-12.656275749206543
1778609653.048798,20.018667221069336,-36.38670349121094,-24.63530731201172,-6.767587661743164
1778609653.083543,18.634309768676758,-34.013648986816406,-22.792455673217773,-1.0547077655792236
1778609653.118724,17.10580825805664,-32.080047607421875,-19.504009246826172,5.273407459259033
1778609653.153984,15.444419860839844,-31.113279342651367,-14.976975440979004,13.271477699279785
1778609653.1888487,13.662491798400879,-30.5859317779541,-9.497385025024414,20.302719116210938
1778609653.2243197,11.773365020751953,-30.498014450073242,-3.4123330116271973,27.070289611816406
1778609653.259423,9.791284561157227,-30.498014450073242,2.891939640045166,30.849597930908203
1778609653.294539,7.731292247772217,-30.498014450073242,9.014516830444336,33.22262191772461
1778609653.3298244,5.6091179847717285,-30.498014450073242,14.565302848815918,33.837860107421875
1778609653.3648412,3.4410595893859863,-30.498014450073242,19.18991470336914,33.837860107421875
1778609653.3997042,1.2438628673553467,-30.498014450073242,22.592376708984375,33.398406982421875
1778609653.4347882,-0.9654092788696289,-30.498014450073242,24.55415916442871,31.81639862060547
1778609653.4718115,-3.169506788253784,-30.498014450073242,24.948352813720703,28.124980926513672
1778609653.5034032,-5.351126670837402,-30.498014450073242,23.748004913330078,23.0273380279541
1778609653.5384994,-7.4930500984191895,-31.728485107421875,21.028121948242188,16.523412704467773
1778609653.5736558,-9.578278541564941,-33.57419204711914,16.961118698120117,7.470679759979248
1778609653.6105409,-11.590169906616211,-37.7050666809082,11.806041717529297,-1.5820530652999878
1778609653.643763,-13.5125732421875,-42.099609375,5.8921732902526855,-9.755876541137695
1778609653.678996,-15.329961776733398,-47.54878616333008,-0.4019032418727875,-15.732429504394531
1778609653.7139175,-17.02756118774414,-54.22849655151367,-6.672486782073975,-20.56642723083496
1778609653.7490635,-18.59147071838379,-60.64450454711914,-12.516633987426758,-22.23635482788086
1778609653.7841444,-20.008785247802734,-66.53316497802734,-17.558073043823242,-22.23635482788086
1778609653.8193488,-21.267704010009766,-71.6308364868164,-21.47149085998535,-21.181663513183594
1778609653.8535755,-22.357635498046875,-77.95897674560547,-24.00360679626465,-18.808609008789062
1778609653.8886144,-23.269285202026367,-84.63865661621094,-24.989702224731445,-14.062530517578125
1778609653.9219346,-23.9947509765625,-91.23045349121094,-24.36445426940918,-7.998059272766113
1778609653.95908,-24.527587890625,-96.50386810302734,-22.166431427001953,-0.8789260387420654
1778609653.994242,-24.862876892089844,-100.7226333618164,-18.535856246948242,7.29489803314209
1778609654.0298202,-24.997276306152344,-105.55660247802734,-13.705814361572266,14.677703857421875
1778609654.0649946,-24.929054260253906,-112.23631286621094,-7.987418174743652,24.521455764770508
1778609654.1002455,-24.658124923706055,-118.91600799560547,-1.7498644590377808,32.08007049560547
1778609654.1353338,-24.186050415039062,-125.24410247802734,4.603331565856934,39.19920349121094
1778609654.1683943,-23.516050338745117,-129.375,10.660408973693848,44.20895767211914
1778609654.2035346,-22.65298080444336,-131.74801635742188,16.028057098388672,46.494117736816406
1778609654.2387397,-21.603307723999023,-134.91207885742188,20.356998443603516,46.845680236816406
1778609654.2756872,-20.375070571899414,-137.54879760742188,23.364805221557617,46.75779342651367
1778609654.308844,-18.977819442749023,-139.74606323242188,24.85443115234375,46.054664611816406
1778609654.3439724,-17.42255210876465,-141.76756286621094,24.727262496948242,42.36327362060547
1778609654.3790789,-15.721632957458496,-143.87693786621094,22.989791870117188,36.03512954711914
1778609654.4140687,-13.888700485229492,-144.75584411621094,19.75346565246582,27.509742736816406
1778609654.4492445,-11.938560485839844,-145.10740661621094,15.227694511413574,18.984357833862305
1778609654.4844396,-9.88707447052002,-145.37107849121094,9.706430435180664,9.492170333862305
1778609654.5194023,-7.751033306121826,-145.37107849121094,3.5491909980773926,2.9882724285125732
1778609654.5544412,-5.548020839691162,-145.28318786621094,-2.8422718048095703,-2.8125252723693848
1778609654.5898283,-3.296276569366455,-145.28318786621094,-9.05014419555664,-5.712924480438232
1778609654.62488,-1.0145432949066162,-145.19529724121094,-14.667860984802246,-6.3281331062316895
1778609654.6597524,1.278085470199585,-145.01951599121094,-19.326765060424805,-6.2402424812316895
1778609654.6952188,3.5623250007629395,-144.49217224121094,-22.720380783081055,-5.537142753601074
1778609654.7299697,5.818861484527588,-142.99803161621094,-24.62467384338379,-2.021507501602173
1778609654.7652233,8.028514862060547,-140.71286010742188,-24.912981033325195,1.9335819482803345
1778609654.7982528,10.172404289245605,-136.40623474121094,-23.564579010009766,6.767552375793457
1778609654.833483,12.232110023498535,-132.18746948242188,-20.666324615478516,13.447259902954102
1778609654.8704672,14.189834594726562,-126.65035247802734,-16.40721321105957,19.248029708862305
1778609654.9037094,16.0285587310791,-121.3769302368164,-11.066195487976074,26.894508361816406
1778609654.9388037,17.732194900512695,-114.6093521118164,-4.994032859802246,32.60741424560547
1778609654.9738083,19.285730361938477,-107.49020385742188,1.4096546173095703,37.52927780151367
1778609655.0088959,20.675365447998047,-101.60154724121094,7.722634315490723,41.2206916809082
1778609655.0441744,21.888639450073242,-96.85543823242188,13.527888298034668,43.33004379272461
1778609655.0792444,22.91455078125,-91.66990661621094,18.44118881225586,43.15426254272461
1778609655.1143136,23.743661880493164,-85.60545349121094,22.136598587036133,42.275386810302734
1778609655.1496177,24.36819076538086,-80.419921875,24.36819076538086,39.46287536621094
1778609655.1847963,24.782093048095703,-74.17967224121094,24.986549377441406,34.540985107421875
1778609655.2201185,24.981121063232422,-68.90625,23.948915481567383,28.037090301513672
1778609655.2547677,24.962886810302734,-63.98435592651367,21.32230567932129,20.917957305908203
1778609655.2899623,24.726882934570312,-58.53512191772461,17.27933692932129,10.722641944885254
1778609655.325157,24.274503707885742,-53.34959030151367,12.087035179138184,0.9667823314666748
1778609655.3600037,23.609052658081055,-48.77926254272461,6.089324951171875,-8.43751335144043
1778609655.3934035,22.735721588134766,-45.26365661621094,-0.31565722823143005,-14.941438674926758
1778609655.4286666,21.66156005859375,-42.18747329711914,-6.701932430267334,-21.181663513183594
1778609655.4636805,20.395421981811523,-39.72652816772461,-12.643988609313965,-24.345735549926758
1778609655.4987376,18.94791030883789,-37.2656135559082,-17.745153427124023,-24.697298049926758
1778609655.5339062,17.331281661987305,-35.59568405151367,-21.664142608642578,-24.697298049926758
1778609655.5705688,15.559362411499023,-34.36521530151367,-24.137981414794922,-23.466825485229492
1778609655.603586,13.64742660522461,-34.101539611816406,-24.999788284301758,-20.12697410583496
1778609655.638743,11.612076759338379,-33.398414611816406,-24.19017219543457,-15.117220878601074
1778609655.6760077,9.471097946166992,-33.310523986816406,-21.761489868164062,-7.207041263580322
1778609655.7090683,7.24331521987915,-33.310523986816406,-17.874618530273438,-1.0547077655792236
1778609655.744282,4.948422908782959,-33.310523986816406,-12.788454055786133,5.976534366607666
1778609655.779324,2.6068196296691895,-33.22262954711914,-6.842799186706543,13.447259902954102
1778609655.8144195,0.23942750692367554,-33.310523986816406,-0.43575865030288696,19.423810958862305
1778609655.849708,-2.1324939727783203,-33.310523986816406,6.002847194671631,24.785127639770508
1778609655.8848438,-4.487536907196045,-33.310523986816406,12.040294647216797,27.59763526916504
1778609655.919911,-6.80433988571167,-34.71677780151367,17.270057678222656,28.388652801513672
1778609655.9548943,-9.061779975891113,-37.00193786621094,21.3392333984375,28.388652801513672
1778609655.9900775,-11.239169120788574,-40.429656982421875,23.972461700439453,28.124980926513672
1778609656.023248,-13.316444396972656,-45.08787155151367,24.990676879882812,26.718727111816406
1778609656.0583663,-15.274357795715332,-50.097652435302734,24.323436737060547,23.378873825073242
1778609656.0935962,-17.09465789794922,-56.24998474121094,22.013954162597656,18.10544776916504
1778609656.1287837,-18.7602596282959,-63.10544967651367,18.216466903686523,10.98631477355957
1778609656.1636648,-20.255416870117188,-70.0488052368164,13.186090469360352,3.2519450187683105
1778609656.1987214,-21.565876007080078,-75.58592224121094,7.261817455291748,-4.394561290740967
1778609656.2340236,-22.67901039123535,-82.2656021118164,0.8437759876251221,-9.580095291137695
1778609656.2707164,-23.583955764770508,-88.9453125,-5.633725166320801,-13.535184860229492
1778609656.3041687,-24.271724700927734,-94.57029724121094,-11.731559753417969,-14.853547096252441
1778609656.3390777,-24.73529815673828,-98.61325073242188,-17.035566329956055,-14.941438674926758
1778609656.3742359,-24.969701766967773,-103.88671112060547,-21.18474006652832,-14.238311767578125
1778609656.4093513,-24.972076416015625,-109.9511489868164,-23.89588737487793,-10.810566902160645
1778609656.4444845,-24.74171257019043,-116.54292297363281,-24.98310089111328,-5.537142753601074
1778609656.4797761,-24.280073165893555,-123.5741958618164,-24.370635986328125,0.7031096816062927
1778609656.5141146,-23.59079360961914,-128.49609375,-22.09836196899414,8.349588394165039
1778609656.5477254,-22.679664611816406,-131.39646911621094,-18.319337844848633,15.82028579711914
1778609656.584799,-21.554595947265625,-134.56053161621094,-13.289650917053223,24.082000732421875
1778609656.6200523,-20.225547790527344,-137.46092224121094,-7.351208209991455,32.43163299560547
1778609656.6551924,-18.704456329345703,-139.74606323242188,-0.9086008667945862,39.02342224121094
1778609656.6901746,-17.00513458251953,-141.59176635742188,5.598394870758057,44.20895767211914
1778609656.7233813,-15.143150329589844,-142.82225036621094,11.724803924560547,47.812469482421875
1778609656.758394,-13.135696411132812,-143.26170349121094,17.050899505615234,48.86715316772461
1778609656.7934918,-11.001431465148926,-143.26170349121094,21.211015701293945,48.69137191772461
1778609656.828806,-8.760315895080566,-143.26170349121094,23.918746948242188,48.07613754272461
1778609656.8638003,-6.433426380157471,-143.26170349121094,24.986797332763672,45.08786392211914
1778609656.8989708,-4.04276704788208,-143.26170349121094,24.340089797973633,39.9902229309082
1778609656.934024,-1.611057996749878,-143.26170349121094,22.021202087402344,32.16796112060547
1778609656.9691355,0.8384740352630615,-142.99803161621094,18.187734603881836,23.818328857421875
1778609657.0043416,3.282317876815796,-142.55857849121094,13.101765632629395,13.974576950073242
1778609657.0394435,5.696902751922607,-141.59176635742188,7.112071514129639,5.53708028793335
1778609657.076396,8.058826446533203,-138.42771911621094,0.630308210849762,-2.197289228439331
1778609657.1096826,10.34508228302002,-135.43942260742188,-5.897201061248779,-7.822277545928955
1778609657.1449935,12.533287048339844,-131.13278198242188,-12.020177841186523,-11.074240684509277
1778609657.1799846,14.60190200805664,-126.65035247802734,-17.315462112426758,-11.95314884185791
1778609657.2148826,16.53044891357422,-121.1132583618164,-21.416322708129883,-11.95314884185791
1778609657.2483385,18.29971694946289,-115.13670349121094,-24.03795051574707,-11.865257263183594
1778609657.2832994,19.89196014404297,-107.40233612060547,-24.997373580932617,-9.843767166137695
1778609657.318346,21.291080474853516,-99.755859375,-24.22637939453125,-6.591805934906006
1778609657.3536305,22.482799530029297,-94.57029724121094,-21.776535034179688,-1.4941622018814087
1778609657.388775,23.454811096191406,-88.33004760742188,-17.815908432006836,5.097625732421875
1778609657.4236214,24.196908950805664,-82.4413833618164,-12.617694854736328,10.371078491210938
1778609657.4588923,24.70111083984375,-75.84960174560547,-6.541520595550537,16.435522079467773
1778609657.4938054,24.961750030517578,-70.57614135742188,-0.008658241480588913,21.445301055908203
1778609657.5291333,24.97554588317871,-66.35741424560547,6.527107238769531,25.048799514770508
1778609657.5641577,24.74165153503418,-60.99606704711914,12.610978126525879,26.806615829467773
1778609657.5993237,24.261682510375977,-56.42576599121094,17.818811416625977,26.630836486816406
1778609657.63456,23.539710998535156,-51.855472564697266,21.786758422851562,25.312471389770508
1778609657.6695805,22.58224868774414,-48.076133728027344,24.23678207397461,22.9394474029541
1778609657.7040746,21.398191452026367,-44.033180236816406,24.996286392211914,18.36911964416504
1778609657.737699,19.99875259399414,-41.220703125,24.01042366027832,12.216787338256836
1778609657.7749574,18.397357940673828,-38.58397674560547,21.34623146057129,4.306607723236084
1778609657.8097634,16.60953140258789,-37.08982849121094,17.188241958618164,-4.658234119415283
1778609657.8450441,14.652751922607422,-36.47459411621094,11.825861930847168,-13.710967063903809
1778609657.878247,12.546284675598145,-36.47459411621094,5.633368015289307,-21.884790420532227
1778609657.9133928,10.311001777648926,-36.47459411621094,-0.9561160802841187,-28.476577758789062
1778609657.948391,7.96918249130249,-36.47459411621094,-7.4808526039123535,-32.43166732788086
1778609657.9835794,5.5442914962768555,-36.47459411621094,-13.482826232910156,-33.222686767578125
1778609658.0187905,3.06075119972229,-36.47459411621094,-18.53992462158203,-33.222686767578125
1778609658.054139,0.5436973571777344,-36.47459411621094,-22.295696258544922,-33.222686767578125
1778609658.0889962,-1.9812731742858887,-36.47459411621094,-24.484588623046875,-31.376977920532227
1778609658.124034,-4.488361835479736,-36.47459411621094,-24.950868606567383,-26.894542694091797
1778609658.1591756,-6.951830863952637,-38.0566291809082,-23.659862518310547,-21.093772888183594
1778609658.194268,-9.346270561218262,-39.990230560302734,-20.700698852539062,-14.238311767578125
1778609658.229421,-11.646862030029297,-43.330055236816406,-16.28034210205078,-4.834015846252441
1778609658.2647564,-13.829634666442871,-46.40623474121094,-10.709257125854492,2.3730363845825195
1778609658.2999249,-15.871726036071777,-51.855472564697266,-4.379755020141602,11.07420539855957
1778609658.3347912,-17.75162124633789,-57.919918060302734,2.26155161857605,18.808574676513672
1778609658.3697696,-19.449382781982422,-64.42381286621094,8.745199203491211,25.048799514770508
1778609658.4048505,-20.94687843322754,-71.19140625,14.612053871154785,29.619125366210938
1778609658.4399107,-22.227970123291016,-77.95897674560547,19.445859909057617,31.992177963256836
1778609658.4769516,-23.278701782226562,-85.25389099121094,22.902860641479492,33.04684066772461
1778609658.5079782,-24.087461471557617,-92.02146911621094,24.736360549926758,33.398406982421875
1778609658.54334,-24.645112991333008,-98.173828125,24.814481735229492,32.51952362060547
1778609658.5788207,-24.945112228393555,-103.71092224121094,23.12981414794922,28.652326583862305
1778609658.6137586,-24.98358726501465,-109.3359375,19.800260543823242,23.378873825073242
1778609658.648994,-24.759408950805664,-115.31245422363281,15.060946464538574,16.787084579467773
1778609658.6841807,-24.274202346801758,-121.72848510742188,9.247780799865723,8.085916519165039
1778609658.7192273,-23.532365798950195,-126.12300872802734,2.7737693786621094,1.6699093580245972
1778609658.754361,-22.541030883789062,-128.93551635742188,-3.9002397060394287,-4.394561290740967
1778609658.789395,-21.310007095336914,-131.30856323242188,-10.29831600189209,-8.43751335144043
1778609658.8245666,-19.851694107055664,-134.20896911621094,-15.963388442993164,-9.667985916137695
1778609658.8596988,-18.18097496032715,-137.10934448242188,-20.48995018005371,-9.492203712463379
1778609658.8945007,-16.31505584716797,-139.21873474121094,-23.553178787231445,-8.085949897766113
1778609658.9299567,-14.273317337036133,-140.53709411621094,-24.932373046875,-4.921906471252441
1778609658.9649782,-12.077103614807129,-140.71286010742188,-24.52701187133789,-0.6152534484863281
1778609658.9998102,-9.749519348144531,-140.62496948242188,-22.364259719848633,4.482389450073242
1778609659.0350475,-7.315181255340576,-140.62496948242188,-18.597328186035156,11.513660430908203
1778609659.0683458,-4.799972057342529,-140.62496948242188,-13.494791984558105,18.10544776916504
1778609659.1035442,-2.2307639122009277,-140.44918823242188,-7.421599388122559,24.873018264770508
1778609659.1384344,0.3648644983768463,-139.92184448242188,-0.813076376914978,32.08007049560547
1778609659.173734,2.958921432495117,-139.30661010742188,5.856192588806152,36.826148986816406
1778609659.2086062,5.523303985595703,-138.42771911621094,12.106419563293457,39.72654724121094
1778609659.243592,8.030102729797363,-137.02146911621094,17.487144470214844,40.1660041809082
1778609659.2805722,10.45190715789795,-134.91207885742188,21.609766006469727,39.81443786621094
1778609659.3142977,12.762107849121094,-131.22067260742188,24.17571449279785,37.79294967651367
1778609659.3492463,14.935190200805664,-127.17769622802734,24.99821662902832,34.101531982421875
1778609659.3844402,16.9470272064209,-121.8163833618164,24.016054153442383,28.037090301513672
1778609659.4194694,18.775142669677734,-115.22459411621094,21.29829978942871,20.47850227355957
1778609659.4545228,20.398983001708984,-107.13864135742188,17.039640426635742,10.898423194885254
1778609659.48979,21.800138473510742,-99.1406021118164,11.546602249145508,0.17576444149017334
1778609659.5247927,22.96257781982422,-93.1640396118164,5.215621471405029,-8.173840522766113
1778609659.560023,23.872827529907227,-86.66014862060547,-1.4954500198364258,-16.347665786743164
1778609659.5951715,24.520139694213867,-80.5077896118164,-8.100401878356934,-21.709007263183594
1778609659.630039,24.896636962890625,-74.00389099121094,-14.119871139526367,-24.082061767578125
1778609659.663383,24.997404098510742,-69.08202362060547,-19.11617088317871,-24.433626174926758
1778609659.6984217,24.82057762145996,-64.33592224121094,-22.72519302368164,-24.433626174926758
1778609659.7335172,24.367368698120117,-59.238250732421875,-24.683067321777344,-23.554718017578125
1778609659.7688737,23.642086029052734,-54.49216842651367,-24.84560775756836,-20.39064598083496
1778609659.803914,22.6520938873291,-49.57030487060547,-23.1991024017334,-16.17188262939453
1778609659.8390167,21.407756805419922,-46.31834411621094,-19.861635208129883,-10.195331573486328
1778609659.8756359,19.922338485717773,-43.330055236816406,-15.074795722961426,-2.021507501602173
1778609659.9088943,18.211872100830078,-41.835906982421875,-9.18635368347168,3.779289960861206
1778609659.9440322,16.294998168945312,-40.517574310302734,-2.625122308731079,11.689441680908203
1778609659.9792707,14.192768096923828,-39.55074691772461,4.1301751136779785,17.490211486816406
1778609660.0143905,11.928420066833496,-38.847618103027344,10.585790634155273,22.85155487060547
1778609660.0494208,9.527135848999023,-38.847618103027344,16.269046783447266,26.542945861816406
1778609660.084568,7.015760898590088,-38.847618103027344,20.76299285888672,27.158180236816406
1778609660.1198323,4.422511577606201,-38.847618103027344,23.737106323242188,26.982398986816406
1778609660.1549137,1.7766629457473755,-38.847618103027344,24.971725463867188,26.191381454467773
1778609660.1899776,-0.8917799592018127,-38.847618103027344,24.374448776245117,23.818328857421875
1778609660.223404,-3.552419424057007,-38.847618103027344,21.987228393554688,19.160139083862305
1778609660.2587101,-6.174811840057373,-40.166011810302734,17.983612060546875,12.480459213256836
1778609660.2935655,-8.728815078735352,-41.923828125,12.656303405761719,4.833953380584717
1778609660.32859,-11.18493938446045,-44.82419967651367,6.395914554595947,-2.988306999206543
1778609660.3638062,-13.514689445495605,-48.77926254272461,-0.337556391954422,-8.964859008789062
1778609660.3987904,-15.690896987915039,-54.22849655151367,-7.048455238342285,-12.392602920532227
1778609660.4339237,-17.68804931640625,-60.11716079711914,-13.241931915283203,-13.623075485229492
1778609660.4684563,-19.482587814331055,-66.79686737060547,-18.46045684814453,-13.535184860229492
1778609660.5036664,-21.053199768066406,-73.12498474121094,-22.317697525024414,-12.480494499206543
1778609660.5390565,-22.381071090698242,-80.947265625,-24.527233123779297,-9.404313087463379
1778609660.5741644,-23.450132369995117,-89.47265625,-24.923982620239258,-3.5156521797180176
1778609660.6093757,-24.247255325317383,-97.11913299560547,-23.476713180541992,3.8671536445617676
1778609660.644344,-24.76242446899414,-102.39256286621094,-20.290674209594727,10.98631477355957
1778609660.6817062,-24.988876342773438,-108.28125,-15.600133895874023,18.896465301513672
1778609660.7147355,-24.923198699951172,-113.90624237060547,-9.75131607055664,27.86130714416504
1778609660.749723,-24.56538963317871,-119.7070083618164,-3.176990509033203,34.98044204711914
1778609660.7848039,-23.918880462646484,-124.71678161621094,3.63545823097229,41.2206916809082
1778609660.8201492,-22.990510940551758,-127.79296112060547,10.180109977722168,45.52731704711914
1778609660.85321,-21.790483474731445,-130.42965698242188,15.970081329345703,47.109352111816406
1778609660.888521,-20.332242965698242,-133.24217224121094,20.57379913330078,47.28513717651367
1778609660.923557,-18.632354736328125,-136.49412536621094,23.64727210998535,47.02146530151367
1778609660.958676,-16.71031951904297,-138.60350036621094,24.959922790527344,45.351539611816406
1778609660.993749,-14.588363647460938,-139.57028198242188,24.41206932067871,41.1328010559082
1778609661.0290234,-12.291182518005371,-140.00973510742188,22.04266357421875,34.101531982421875
1778609661.0641973,-9.845672607421875,-140.18551635742188,18.026731491088867,25.048799514770508
1778609661.0991688,-7.28061580657959,-140.18551635742188,12.662616729736328,15.99606704711914
1778609661.1343906,-4.626349449157715,-140.18551635742188,6.349975109100342,7.29489803314209
1778609661.1695623,-1.9144117832183838,-140.18551635742188,-0.43988409638404846,0.6152188181877136
1778609661.204401,0.8228297233581543,-140.00973510742188,-7.19911003112793,-4.746124744415283
1778609661.2396345,3.5525622367858887,-139.57028198242188,-13.421274185180664,-7.734386444091797
1778609661.2767084,6.241920471191406,-138.86717224121094,-18.639339447021484,-8.26173210144043
1778609661.3099227,8.858384132385254,-136.93357849121094,-22.460798263549805,-8.173840522766113
1778609661.3448207,11.370170593261719,-133.59373474121094,-24.597320556640625,-7.031260013580322
1778609661.380351,13.746627807617188,-129.7265625,-24.88666534423828,-3.9551069736480713
1778609661.4150388,15.958609580993652,-125.33202362060547,-23.305177688598633,-0.26368993520736694
1778609661.4502754,17.978843688964844,-119.970703125,-19.96991539001465,5.185516834259033
1778609661.4833603,19.782268524169922,-113.99412536621094,-15.13016128540039,11.162096977233887
1778609661.5185027,21.34636116027832,-106.17186737060547,-9.148965835571289,16.08395767211914
1778609661.5535965,22.651416778564453,-98.43746948242188,-2.476055145263672,22.499990463256836
1778609661.5888324,23.680818557739258,-92.02146911621094,4.38589334487915,26.806615829467773
1778609661.6237957,24.42125129699707,-84.37498474121094,10.919069290161133,29.531234741210938
1778609661.658839,24.862886428833008,-78.22262573242188,16.62961196899414,30.32225227355957
1778609661.6940835,24.999530792236328,-72.2460708618164,21.084997177124023,30.23436164855957
1778609661.7291965,24.828716278076172,-67.32421112060547,23.946914672851562,29.091779708862305
1778609661.764151,24.351755142211914,-62.49021530151367,24.997093200683594,27.158180236816406
1778609661.7993631,23.57375144958496,-57.56835174560547,24.154125213623047,22.499990463256836
1778609661.8344312,22.50355339050293,-52.382789611816406,21.47997283935547,15.380830764770508
1778609661.8695533,21.153669357299805,-48.60348129272461,17.17560577392578,7.031225204467773
1778609661.904634,19.540136337280273,-44.99998092651367,11.566081047058105,-1.9336165189743042
1778609661.9400084,17.682336807250977,-42.36325454711914,5.076146602630615,-9.931658744812012
1778609661.974848,15.602784156799316,-40.957000732421875,-1.80180025100708,-15.46878433227539
1778609662.0099244,13.326852798461914,-40.429656982421875,-8.545010566711426,-18.896501541137695
1778609662.0448387,10.882479667663574,-40.429656982421875,-14.640098571777344,-19.335954666137695
1778609662.0818713,8.299833297729492,-40.429656982421875,-19.62216567993164,-19.335954666137695
1778609662.1132584,5.61094331741333,-40.429656982421875,-23.110355377197266,-18.369155883789062
1778609662.1484783,2.8493120670318604,-40.429656982421875,-24.83709716796875,-15.029329299926758
1778609662.18356,0.049499962478876114,-40.429656982421875,-24.66880989074707,-9.580095291137695
1778609662.2187133,-2.7533044815063477,-40.517574310302734,-22.616413116455078,-2.8125252723693848
1778609662.2537518,-5.523725509643555,-41.923828125,-18.8348445892334,3.1640541553497314
1778609662.2888343,-8.22664737701416,-44.033180236816406,-13.611552238464355,11.953113555908203
1778609662.3238502,-10.827658653259277,-47.63671112060547,-7.344810485839844,19.599592208862305
1778609662.358395,-13.293499946594238,-52.11911392211914,-0.5134853720664978,27.24607276916504
1778609662.393983,-15.592486381530762,-56.51365661621094,6.359476566314697,33.837860107421875
1778609662.4294226,-17.69492530822754,-61.34762954711914,12.747045516967773,37.52927780151367
1778609662.4644074,-19.573509216308594,-68.02733612060547,18.158544540405273,39.6386604309082
1778609662.4994676,-21.203670501708984,-74.26756286621094,22.17742156982422,40.0781135559082
1778609662.534983,-22.563922882080078,-82.52928161621094,24.49342918395996,39.90232849121094
1778609662.5698183,-23.636152267456055,-90.79098510742188,24.92674446105957,39.6386604309082
1778609662.6049526,-24.40586280822754,-98.08590698242188,23.442113876342773,35.41989517211914
1778609662.6381872,-24.86239242553711,-103.97460174560547,20.15190887451172,30.05858039855957
1778609662.6734154,-24.999074935913086,-109.51172637939453,15.307819366455078,23.0273380279541
1778609662.7078776,-24.813337326049805,-115.66401672363281,9.281785011291504,15.292940139770508
1778609662.7429667,-24.306772232055664,-122.4316177368164,2.537569522857666,7.119115829467773
1778609662.7786727,-23.485130310058594,-126.73827362060547,-4.404822826385498,1.4941275119781494
1778609662.8137548,-22.358280181884766,-129.81442260742188,-11.009194374084473,-3.3398704528808594
1778609662.8488433,-20.94009017944336,-132.01170349121094,-16.76457405090332,-5.888679027557373
1778609662.8839927,-19.248287200927734,-134.99996948242188,-21.22481346130371,-6.152351379394531
1778609662.9189951,-17.304235458374023,-137.28514099121094,-24.043283462524414,-5.361361026763916
1778609662.9540045,-15.132684707641602,-138.60350036621094,-24.999961853027344,-3.2519795894622803
1778609662.9892492,-12.761465072631836,-139.30661010742188,-24.018798828125,0.43943706154823303
1778609663.0242686,-10.221139907836914,-139.48239135742188,-21.173952102661133,5.185516834259033
1778609663.0594075,-7.544618129730225,-139.39450073242188,-16.684389114379883,11.777332305908203
1778609663.0944715,-4.766737461090088,-139.39450073242188,-10.897217750549316,18.01755714416504
1778609663.1298172,-1.9238150119781494,-139.39450073242188,-4.261008262634277,24.521455764770508
1778609663.1647885,0.9468227624893188,-139.13084411621094,2.7088661193847656,31.201162338256836
1778609663.1998928,3.80732798576355,-138.60350036621094,9.470189094543457,34.98044204711914
1778609663.2352264,6.61983060836792,-137.46092224121094,15.496073722839355,36.650367736816406
1778609663.2682297,9.346939086914062,-135.96678161621094,20.316072463989258,36.474586486816406
1778609663.30555,11.952241897583008,-133.76951599121094,23.553003311157227,36.123023986816406
1778609663.3386164,14.400796890258789,-130.34176635742188,24.952619552612305,33.925750732421875
1778609663.3735113,16.65960693359375,-126.47457122802734,24.40374755859375,29.355453491210938
1778609663.4085982,18.69806671142578,-121.28903198242188,21.947328567504883,22.58788299560547
1778609663.445542,20.4883975982666,-114.43357849121094,17.773557662963867,13.710905075073242
1778609663.4808078,22.00602149963379,-106.78707885742188,12.207369804382324,3.4277267456054688
1778609663.5142057,23.229923248291016,-99.228515625,5.683293342590332,-4.13088846206665
1778609663.5490031,24.142940521240234,-92.7245864868164,-1.2883412837982178,-11.513693809509277
1778609663.584081,24.732027053833008,-84.81443786621094,-8.16124439239502,-16.875009536743164
1778609663.6191669,24.98845100402832,-77.95897674560547,-14.395956993103027,-18.457046508789062
1778609663.6543782,24.90793228149414,-71.1034927368164,-19.50223159790039,-18.720718383789062
1778609663.6894512,24.49073028564453,-65.56639099121094,-23.077672958374023,-18.544937133789062
1778609663.724366,23.741668701171875,-60.205078125,-24.839588165283203,-16.962902069091797
1778609663.7596672,22.670089721679688,-55.28318405151367,-24.647518157958984,-13.710967063903809
1778609663.794465,21.28975486755371,-50.097652435302734,-22.51462173461914,-8.701186180114746
1778609663.8297725,19.618690490722656,-46.6699104309082,-18.60701560974121,-1.757834792137146
1778609663.8647053,17.678956985473633,-43.68161392211914,-13.231019973754883,3.779289960861206
1778609663.8992267,15.496371269226074,-42.099609375,-6.809330940246582,10.98631477355957
1778609663.9344516,13.100181579589844,-41.48434829711914,0.15208809077739716,16.435522079467773
1778609663.9679058,10.522679328918457,-41.48434829711914,7.103783130645752,20.47850227355957
1778609664.0033672,7.798775672912598,-41.48434829711914,13.496148109436035,22.85155487060547
1778609664.0388772,4.965536594390869,-41.572265625,18.82291030883789,23.0273380279541
1778609664.0757248,2.0616838932037354,-41.572265625,22.661306381225586,22.85155487060547
1778609664.108999,-0.872929573059082,-41.48434829711914,24.705778121948242,21.445301055908203
1778609664.1440854,-3.7978644371032715,-41.48434829711914,24.79245948791504,17.490211486816406
1778609664.1789486,-6.6726508140563965,-42.890602111816406,22.912519454956055,11.337878227233887
1778609664.2143152,-9.45734977722168,-44.91209030151367,19.21321678161621,4.6581711769104
1778609664.2493982,-12.11311149597168,-48.51561737060547,13.986578941345215,-3.2519795894622803
1778609664.2837174,-14.602720260620117,-53.34959030151367,7.64651346206665,-9.492203712463379
1778609664.3191962,-16.891124725341797,-58.53512191772461,0.6961845755577087,-14.150420188903809
1778609664.3544273,-18.94593620300293,-64.42381286621094,-6.311833381652832,-17.050792694091797
1778609664.3896637,-20.737897872924805,-71.015625,-12.819449424743652,-17.402355194091797
1778609664.4245677,-22.241317749023438,-77.34371948242188,-18.307523727416992,-16.962902069091797
1778609664.4594955,-23.43443489074707,-85.60545349121094,-22.337360382080078,-14.501983642578125
1778609664.4945977,-24.29976463317871,-94.30662536621094,-24.585908889770508,-9.404313087463379
1778609664.5298772,-24.82435417175293,-101.16209411621094,-24.87183380126953,-3.5156521797180176
1778609664.5649018,-25.0,-107.49020385742188,-23.17032814025879,3.603508234024048
1778609664.6000657,-24.82338523864746,-113.81835174560547,-19.615476608276367,11.953113555908203
1778609664.6350977,-24.296157836914062,-120.32223510742188,-14.489883422851562,19.599592208862305
1778609664.6683242,-23.424930572509766,-125.68357849121094,-8.202399253845215,28.828107833862305
1778609664.7035406,-22.221221923828125,-129.28707885742188,-1.2556500434875488,35.50778579711914
1778609664.7386706,-20.701309204101562,-131.30856323242188,5.794043064117432,40.9570198059082
1778609664.7738073,-18.886035919189453,-133.33006286621094,12.381175994873047,45.175758361816406
1778609664.8088298,-16.800535202026367,-135.08786010742188,17.9764404296875,46.406227111816406
1778609664.8439076,-14.473888397216797,-135.96678161621094,22.12933921813965,46.318336486816406
1778609664.881059,-11.93874454498291,-136.40623474121094,24.50457763671875,46.230445861816406
1778609664.91424,-9.230862617492676,-136.40623474121094,24.909317016601562,43.417938232421875
1778609664.9495819,-6.388620376586914,-136.40623474121094,23.30902099609375,39.46287536621094
1778609664.9846501,-3.4524765014648438,-136.40623474121094,19.830608367919922,32.51952362060547
1778609665.0195181,-0.46440085768699646,-136.23043823242188,14.75260066986084,24.082000732421875
1778609665.0545893,2.532721996307373,-135.96678161621094,8.483001708984375,15.205048561096191
1778609665.0897744,5.495706558227539,-135.35153198242188,1.5266724824905396,6.591770648956299
1778609665.1249635,8.381689071655273,-134.20896911621094,-5.5552239418029785,0.5273279547691345
1778609665.1600025,11.148750305175781,-131.30856323242188,-12.190448760986328,-5.0976881980896
1778609665.1932445,13.756526947021484,-129.7265625,-17.84193992614746,-7.910168170928955
1778609665.2301085,16.16680908203125,-126.12300872802734,-22.051359176635742,-8.34962272644043
1778609665.2632103,18.344106674194336,-122.1679458618164,-24.476394653320312,-8.26173210144043
1778609665.298297,20.25617790222168,-116.80663299560547,-24.91876792907715,-7.646495819091797
1778609665.3333225,21.87452507019043,-109.86328887939453,-23.340648651123047,-5.361361026763916
1778609665.3684196,23.17482566833496,-102.91990661621094,-19.868091583251953,-1.9336165189743042
1778609665.403539,24.13731575012207,-96.41600799560547,-14.781190872192383,3.515617609024048
1778609665.4385612,24.747102737426758,-88.8573989868164,-8.491662979125977,8.701151847839355
1778609665.4736943,24.99440574645996,-81.123046875,-1.5096887350082397,12.744132041931152
1778609665.5089753,24.874740600585938,-73.3886489868164,5.5973734855651855,16.874977111816406
1778609665.5442643,24.38900375366211,-67.14842987060547,12.251046180725098,18.984357833862305
1778609665.5789714,23.543489456176758,-60.99606704711914,17.90883445739746,19.072246551513672
1778609665.613992,22.349834442138672,-55.54685592651367,22.10853385925293,17.84177589416504
1778609665.6488867,20.824867248535156,-50.097652435302734,24.506122589111328,15.117158889770508
1778609665.6858606,18.99039077758789,-46.14256286621094,24.904117584228516,10.371078491210938
1778609665.7191684,16.87288475036621,-43.06637954711914,23.26803970336914,4.921844005584717
1778609665.7544165,14.503137588500977,-40.605438232421875,19.729612350463867,-2.109398365020752
1778609665.7897346,11.915813446044922,-39.19918441772461,14.576373100280762,-10.810566902160645
1778609665.824494,9.148953437805176,-38.4081916809082,8.228489875793457,-18.369155883789062
1778609665.859791,6.243429660797119,-38.2324104309082,1.204666256904602,-24.96097183227539
1778609665.8946612,3.242344617843628,-38.2324104309082,-5.920148849487305,-28.476577758789062
1778609665.9299004,0.1904008835554123,-38.2324104309082,-12.561779975891113,-29.61916160583496
1778609665.9652052,-2.866762161254883,-38.2324104309082,-18.174741744995117,-29.531269073486328
1778609665.9982278,-5.883249282836914,-38.320274353027344,-22.2971248626709,-29.531269073486328
1778609666.0332747,-8.813597679138184,-38.2324104309082,-24.588733673095703,-26.806652069091797
1778609666.0686684,-11.613468170166016,-39.63866424560547,-24.859357833862305,-21.796899795532227
1778609666.1033866,-14.240316390991211,-41.923828125,-23.08474349975586,-15.556674003601074
1778609666.13864,-16.654048919677734,-45.08787155151367,-19.408992767333984,-7.207041263580322
1778609666.17357,-18.817642211914062,-49.833953857421875,-14.133066177368164,1.142564058303833
1778609666.2086089,-20.697725296020508,-55.81053161621094,-7.690335750579834,8.173807144165039
1778609666.2437356,-22.265098571777344,-62.40232467651367,-0.6111376285552979,16.699193954467773
1778609666.2805867,-23.495208740234375,-70.0488052368164,6.520784854888916,23.2910099029541
1778609666.3140962,-24.368545532226562,-76.11327362060547,13.116376876831055,27.33396339416504
1778609666.349201,-24.870962142944336,-84.02342224121094,18.629953384399414,29.619125366210938
1778609666.384263,-24.993928909301758,-92.63670349121094,22.60442543029785,30.23436164855957
1778609666.4197147,-24.73468780517578,-100.8984146118164,24.709348678588867,30.14647102355957
1778609666.4546332,-24.096330642700195,-108.10546875,24.76856803894043,29.355453491210938
1778609666.4897826,-23.0877742767334,-115.31245422363281,22.775175094604492,25.57614517211914
1778609666.5247693,-21.723669052124023,-123.5741958618164,18.892471313476562,20.74217414855957
1778609666.5599055,-20.02419090270996,-129.63864135742188,13.44080638885498,13.359368324279785
1778609666.5949993,-18.014766693115234,-133.76951599121094,6.8713297843933105,5.800752639770508
1778609666.62868,-15.725706100463867,-136.93357849121094,-0.27119019627571106,1.230454921722412
1778609666.6634302,-13.191764831542969,-139.30661010742188,-7.393450736999512,-2.7246344089508057
1778609666.6983228,-10.451622009277344,-140.62496948242188,-13.90286636352539,-4.482452392578125
1778609666.733405,-7.547303199768066,-140.88865661621094,-19.25691032409668,-4.394561290740967
1778609666.7702951,-4.523548603057861,-140.88865661621094,-23.008420944213867,-3.867216110229492
1778609666.8034215,-1.427126407623291,-140.88865661621094,-24.843101501464844,-1.3183804750442505
1778609666.8385224,1.6938828229904175,-140.80075073242188,-24.606042861938477,2.636708974838257
1778609666.8737524,4.790831565856934,-140.44918823242188,-22.31501579284668,8.261697769165039
1778609666.9091237,7.815263748168945,-139.65817260742188,-18.159381866455078,15.380830764770508
1778609666.9438572,10.719672203063965,-138.60350036621094,-12.48465633392334,21.357410430908203
1778609666.9790444,13.458251953125,-136.49412536621094,-5.763967514038086,28.300764083862305
1778609667.014087,15.987629890441895,-133.50584411621094,1.4412496089935303,32.69530487060547
1778609667.051055,18.267555236816406,-130.51754760742188,8.528070449829102,35.33200454711914
1778609667.0863404,20.26155662536621,-126.73827362060547,14.902512550354004,36.474586486816406
1778609667.1197538,21.937536239624023,-121.9042739868164,20.02936553955078,36.123023986816406
1778609667.1546853,23.268293380737305,-115.83980560302734,23.477231979370117,34.80466079711914
1778609667.1896906,24.23199462890625,-108.63282012939453,24.95499038696289,30.67381477355957
1778609667.2247517,24.81254005432129,-101.4257583618164,24.336572647094727,23.730438232421875
1778609667.25979,24.99984359741211,-95.00975036621094,21.67193603515625,16.08395767211914
1778609667.2948375,24.790042877197266,-87.09957122802734,17.183265686035156,6.943334102630615
1778609667.330041,24.185575485229492,-79.189453125,11.24665641784668,-3.2519795894622803
1778609667.3634822,23.1951847076416,-72.3339614868164,4.360783576965332,-11.513693809509277
1778609667.3983905,21.83380699157715,-66.09373474121094,-2.8948538303375244,-19.511735916137695
1778609667.4354906,20.122371673583984,-60.029296875,-9.908629417419434,-25.13675308227539
1778609667.4689536,18.08749008178711,-55.63475036621094,-16.088342666625977,-27.070323944091797
1778609667.503854,15.761065483093262,-50.624996185302734,-20.911272048950195,-27.15821647644043
1778609667.5390286,13.179801940917969,-46.6699104309082,-23.968517303466797,-27.15821647644043
1778609667.5740705,10.384644508361816,-42.97848892211914,-24.99983787536621,-25.40039825439453
1778609667.60889,7.420135974884033,-40.25387191772461,-23.916000366210938,-21.445337295532227
1778609667.645651,4.333721160888672,-38.58397674560547,-20.806737899780273,-16.08399200439453
1778609667.6810153,1.1749920845031738,-37.7050666809082,-15.933540344238281,-8.701186180114746
1778609667.7142918,-2.0051021575927734,-37.792930603027344,-9.707878112792969,-1.4062713384628296
1778609667.7493231,-5.155076026916504,-37.792930603027344,-2.656630754470825,4.306607723236084
1778609667.7844281,-8.223740577697754,-37.792930603027344,4.622384548187256,10.722641944885254
1778609667.819768,-11.161035537719727,-37.792930603027344,11.511035919189453,14.677703857421875
1778609667.8546007,-13.918854713439941,-37.792930603027344,17.423377990722656,16.699193954467773
1778609667.8897023,-16.451839447021484,-37.792930603027344,21.855567932128906,16.787084579467773
1778609667.924987,-18.718130111694336,-39.11132049560547,24.428930282592773,16.25973892211914
1778609667.9581468,-20.680076599121094,-41.30856704711914,24.922504425048828,15.117158889770508
1778609667.9932714,-22.304872512817383,-44.99998092651367,23.292221069335938,11.162096977233887
1778609668.0284052,-23.565122604370117,-48.69139862060547,19.675067901611328,6.328097820281982
1778609668.0633903,-24.439311981201172,-54.49216842651367,14.377799987792969,0.26365530490875244
1778609668.0984619,-24.91220474243164,-60.732425689697266,7.851138114929199,-7.1191511154174805
1778609668.1336076,-24.975116729736328,-67.93942260742188,0.6515735387802124,-13.09572982788086
1778609668.1687467,-24.626100540161133,-74.26756286621094,-6.605973243713379,-18.544937133789062
1778609668.2036169,-23.870006561279297,-82.61717224121094,-13.30063247680664,-20.39064598083496
1778609668.2387307,-22.71843910217285,-91.3183364868164,-18.858726501464844,-20.30275535583496
1778609668.2742214,-21.189605712890625,-98.701171875,-22.803024291992188,-19.511735916137695
1778609668.3088913,-19.308040618896484,-105.20507049560547,-24.79386329650879,-16.962902069091797
1778609668.3440332,-17.104232788085938,-111.7089614868164,-24.658601760864258,-12.216821670532227
1778609668.3793004,-14.614147186279297,-118.03710174560547,-22.406808853149414,-5.976569652557373
1778609668.4142601,-11.878660202026367,-124.0136489868164,-18.229854583740234,0.43943706154823303
1778609668.4496665,-8.942892074584961,-128.23239135742188,-12.484871864318848,8.261697769165039
1778609668.4866734,-5.8554792404174805,-130.69332885742188,-5.664412975311279,15.90817642211914
1778609668.5197377,-2.6677794456481934,-132.18746948242188,1.6456304788589478,20.917957305908203
1778609668.554718,0.5669810771942139,-133.50584411621094,8.816269874572754,25.839818954467773
1778609668.5899951,3.794588804244995,-133.94529724121094,15.229522705078125,28.124980926513672
1778609668.6249106,6.960751533508301,-133.94529724121094,20.331716537475586,28.124980926513672
1778609668.659837,10.012011528015137,-133.94529724121094,23.681406021118164,27.86130714416504
1778609668.6949818,12.896656036376953,-133.68162536621094,24.98773765563965,27.070289611816406
1778609668.7302952,15.565594673156738,-132.97850036621094,24.135906219482422,24.082000732421875
1778609668.7637405,17.973209381103516,-131.83592224121094,21.197484970092773,18.984357833862305
1778609668.8004699,20.078140258789062,-130.16600036621094,16.424640655517578,11.24998664855957
1778609668.8338852,21.84401512145996,-127.52925872802734,10.228718757629395,3.779289960861206
1778609668.8687735,23.240089416503906,-124.45311737060547,3.14497447013855,-4.218779563903809
1778609668.9037435,24.24180030822754,-120.41012573242188,-4.213541507720947,-10.898458480834961
1778609668.9391139,24.83121681213379,-115.75193786621094,-11.208971977233887,-15.293002128601074
1778609668.974039,24.99738121032715,-110.03907012939453,-17.23394775390625,-17.226573944091797
1778609669.0091798,24.736528396606445,-103.79881286621094,-21.76439666748047,-17.49024772644043
1778609669.0445974,24.052188873291016,-97.38278198242188,-24.40526580810547,-17.402355194091797
1778609669.0794847,22.955169677734375,-90.4394302368164,-24.925153732299805,-15.293002128601074
1778609669.1144547,21.463401794433594,-82.7929458618164,-23.276809692382812,-11.865257263183594
1778609669.149569,19.601661682128906,-75.14646911621094,-19.601661682128906,-7.734386444091797
1778609669.1847126,17.40119743347168,-68.5546875,-14.217914581298828,-1.3183804750442505
1778609669.219706,14.899199485778809,-62.92966842651367,-7.59320592880249,4.6581711769104
1778609669.2548354,12.138209342956543,-57.2167854309082,-0.30415746569633484,9.580060958862305
1778609669.2881122,9.165395736694336,-51.50390625,7.013711929321289,14.062468528747559
1778609669.3244586,6.031770706176758,-47.1093635559082,13.721355438232422,16.699193954467773
1778609669.357741,2.7913167476654053,-43.505836486816406,19.232036590576172,17.490211486816406
1778609669.3932226,-0.4999310374259949,-40.957000732421875,23.0627498626709,17.138648986816406
1778609669.4285836,-3.7848525047302246,-39.37496566772461,24.876724243164062,16.347631454467773
1778609669.4636478,-7.00623083114624,-38.7597541809082,24.513219833374023,14.326140403747559
1778609669.4987707,-10.10775089263916,-38.496055603027344,22.002017974853516,9.316388130187988
1778609669.5341997,-13.034990310668945,-38.496055603027344,17.56122589111328,3.515617609024048
1778609669.568978,-15.73637580871582,-38.496055603027344,11.57856273651123,-4.570343017578125
1778609669.6041658,-18.164108276367188,-38.58397674560547,4.5777082443237305,-11.513693809509277
1778609669.6392696,-20.275014877319336,-38.496055603027344,-2.8273963928222656,-16.259775161743164
1778609669.6743503,-22.03133773803711,-38.496055603027344,-9.986308097839355,-18.808609008789062
1778609669.7092514,-23.401418685913086,-39.02340316772461,-16.26920509338379,-18.808609008789062
1778609669.7444243,-24.360292434692383,-40.957000732421875,-21.122356414794922,-18.720718383789062
1778609669.7796788,-24.890161514282227,-44.384742736816406,-24.11705780029297,-16.523447036743164
1778609669.81451,-24.980741500854492,-48.251914978027344,-24.9876766204834,-11.513693809509277
1778609669.8498926,-24.629487991333008,-53.876930236816406,-23.655441284179688,-4.394561290740967
1778609669.8867474,-23.841676712036133,-60.205078125,-20.23580551147461,3.0761632919311523
1778609669.9182715,-22.630348205566406,-66.35741424560547,-15.02868366241455,9.755843162536621
1778609669.953202,-21.0161190032959,-72.9491958618164,-8.492364883422852,19.072246551513672
1778609669.9884176,-19.026845932006836,-80.5077896118164,-1.2033579349517822,26.455053329467773
1778609670.0235746,-16.697174072265625,-88.50582885742188,6.1943440437316895,32.60741424560547
1778609670.0584285,-14.067940711975098,-96.41600799560547,13.046109199523926,37.089820861816406
1778609670.0935433,-11.185490608215332,-101.2499771118164,18.7446231842041,38.32029342651367
1778609670.1287344,-8.100859642028809,-105.73238372802734,22.783809661865234,38.32029342651367
1778609670.1638525,-4.868894577026367,-109.86328887939453,24.80393409729004,37.96873092651367
1778609670.1991653,-1.5472770929336548,-113.02732849121094,24.623849868774414,35.50778579711914
1778609670.2341952,1.8044915199279785,-115.83980560302734,22.257469177246094,30.05858039855957
1778609670.2693295,5.126156806945801,-118.12496948242188,17.9129638671875,22.67577362060547
1778609670.3044205,8.357793807983398,-119.7070083618164,11.974693298339844,14.677703857421875
1778609670.3394194,11.440887451171875,-119.88278198242188,4.969388008117676,6.240207195281982
1778609670.3747902,14.319404602050781,-119.88278198242188,-2.4804086685180664,1.054673194885254
1778609670.4097905,16.940814971923828,-119.88278198242188,-9.711584091186523,-2.4609618186950684
1778609670.444885,19.257061004638672,-119.7070083618164,-16.0794677734375,-3.779325246810913
1778609670.4797974,21.2254581451416,-119.26757049560547,-21.01535987854004,-3.691434383392334
1778609670.5152516,22.809494018554688,-118.30075073242188,-24.07745933532715,-3.5156521797180176
1778609670.5481138,23.97952651977539,-116.80663299560547,-24.990577697753906,-0.8789260387420654
1778609670.5835032,24.71335220336914,-114.08201599121094,-23.671113967895508,3.603508234024048
1778609670.6184096,24.99665641784668,-109.6875,-20.23493766784668,8.789043426513672
1778609670.65564,24.82330894470215,-105.46873474121094,-14.98746109008789,13.710905075073242
1778609670.688897,24.195520401000977,-100.45899200439453,-8.396730422973633,20.039047241210938
1778609670.7237995,23.12384033203125,-95.88866424560547,-1.0518426895141602,26.10348892211914
1778609670.7588084,21.62700080871582,-90.3515625,6.389583110809326,30.67381477355957
1778609670.7940052,19.731624603271484,-83.93553161621094,13.260236740112305,33.749969482421875
1778609670.8291478,17.471757888793945,-77.87106323242188,18.9429874420166,34.189422607421875
1778609670.8644612,14.888289451599121,-71.4550552368164,22.926408767700195,33.837860107421875
1778609670.8996499,12.028227806091309,-66.00585174560547,24.85097312927246,32.60741424560547
1778609670.9345267,8.94385814666748,-60.732425689697266,24.541706085205078,29.443344116210938
1778609670.9695318,5.691801071166992,-56.1620979309082,22.024343490600586,24.433565139770508
1778609671.004839,2.3319854736328125,-51.855472564697266,17.523447036743164,17.226539611816406
1778609671.03978,-1.0734490156173706,-48.8671760559082,11.442611694335938,8.613261222839355
1778609671.0749586,-4.46129846572876,-45.79099655151367,4.3284831047058105,0.26365530490875244
1778609671.1081948,-7.768465518951416,-43.85740280151367,-3.1782379150390625,-6.767587661743164
1778609671.1435106,-10.933135986328125,-43.24216079711914,-10.40041732788086,-11.250021934509277
1778609671.1784177,-13.895942687988281,-43.330055236816406,-16.685558319091797,-13.447293281555176
1778609671.2134829,-16.60108184814453,-43.330055236816406,-21.464824676513672,-13.710967063903809
1778609671.2489755,-18.99738311767578,-43.330055236816406,-24.30465316772461,-13.623075485229492
1778609671.2856455,-21.03928565979004,-43.330055236816406,-24.9462890625,-11.074240684509277
1778609671.3188171,-22.687726974487305,-43.330055236816406,-23.329587936401367,-6.679696559906006
1778609671.3542745,-23.91090202331543,-43.769508361816406,-19.598905563354492,-1.4062713384628296
1778609671.3892348,-24.684904098510742,-45.17576217651367,-14.090455055236816,3.8671536445617676
1778609671.4243326,-24.994211196899414,-48.33983612060547,-7.302228927612305,11.953113555908203
1778609671.459441,-24.83201789855957,-52.47067642211914,0.15084373950958252,19.072246551513672
1778609671.4944437,-24.200414657592773,-56.24998474121094,7.592494487762451,25.312471389770508
1778609671.5297527,-23.110380172729492,-60.380859375,14.346439361572266,29.70701789855957
1778609671.5646534,-21.581621170043945,-65.83006286621094,19.797876358032227,31.728506088256836
1778609671.5997193,-19.64224624633789,-71.36719512939453,23.449565887451172,31.992177963256836
1778609671.6350577,-17.32826042175293,-77.95897674560547,24.96735382080078,31.81639862060547
1778609671.6681566,-14.682929992675781,-84.63865661621094,24.210979461669922,31.376941680908203
1778609671.7052314,-11.755982398986816,-92.1972427368164,21.247278213500977,28.21286964416504
1778609671.7385523,-8.602693557739258,-97.73434448242188,16.34454345703125,22.85155487060547
1778609671.773615,-5.2828569412231445,-102.1288833618164,9.948469161987305,15.99606704711914
1778609671.8085039,-1.8596585988998413,-105.64452362060547,2.6418344974517822,9.755843162536621
1778609671.8437977,1.6015156507492065,-109.0722427368164,-4.908459663391113,5.273407459259033
1778609671.8806977,5.034327030181885,-111.1816177368164,-12.012194633483887,3.779289960861206
1778609671.9139187,8.372754096984863,-112.67576599121094,-18.018943786621094,3.603508234024048
1778609671.9492218,11.552364349365234,-112.85154724121094,-22.377708435058594,3.779289960861206
1778609671.9842875,14.511565208435059,-112.85154724121094,-24.687623977661133,5.53708028793335
1778609672.019593,17.192806243896484,-112.85154724121094,-24.735031127929688,9.755843162536621
1778609672.054643,19.54371452331543,-112.85154724121094,-22.51348304748535,13.886686325073242
1778609672.0917206,21.518123626708984,-112.41209411621094,-18.224788665771484,20.214828491210938
1778609672.124984,23.07701301574707,-111.6210708618164,-12.260932922363281,27.59763526916504
1778609672.1598237,24.189285278320312,-110.6542739868164,-5.168456554412842,32.78319549560547
1778609672.1931286,24.832420349121094,-109.3359375,2.4014620780944824,36.738258361816406
1778609672.228471,24.992944717407227,-107.13864135742188,9.752702713012695,39.37498474121094
1778609672.263485,24.666746139526367,-103.79881286621094,16.20820426940918,39.6386604309082
1778609672.298565,23.85919189453125,-100.0195083618164,21.17238426208496,39.11131286621094
1778609672.3337834,22.58507537841797,-96.15230560302734,24.186222076416016,37.26560592651367
1778609672.3690195,20.868362426757812,-91.14256286621094,24.96990203857422,33.398406982421875
1778609672.4042177,18.741779327392578,-84.46288299560547,23.449024200439453,26.982398986816406
1778609672.439101,16.246198654174805,-78.39840698242188,19.761932373046875,18.36911964416504
1778609672.4757314,13.429882049560547,-71.5429458618164,14.247377395629883,8.613261222839355
1778609672.5093112,10.347561836242676,-66.35741424560547,7.413630962371826,-0.26368993520736694
1778609672.544309,7.05940055847168,-61.083984375,-0.10818184167146683,-7.558604717254639
1778609672.5795379,3.6298208236694336,-56.8652229309082,-7.62225341796875,-12.304712295532227
1778609672.614907,0.12625785171985626,-52.382789611816406,-14.432419776916504,-14.853547096252441
1778609672.6499035,-3.3821609020233154,-49.30660629272461,-19.906700134277344,-14.941438674926758
1778609672.6867323,-6.8259782791137695,-46.40623474121094,-23.536056518554688,-14.941438674926758
1778609672.719445,-10.136783599853516,-44.99998092651367,-24.981918334960938,-12.83205795288086
1778609672.7528493,-13.248575210571289,-44.648414611816406,-24.10798454284668,-8.34962272644043
1778609672.7883706,-16.09908676147461,-44.648414611816406,-20.99333953857422,-2.6367435455322266
1778609672.823438,-18.631044387817383,-44.648414611816406,-15.925555229187012,2.4609272480010986
1778609672.8585756,-20.793331146240234,-44.648414611816406,-9.374388694763184,9.755843162536621
1778609672.893616,-22.54203987121582,-44.648414611816406,-1.9484318494796753,16.611303329467773
1778609672.9289484,-23.841381072998047,-44.648414611816406,5.661287307739258,21.972646713256836
1778609672.9642248,-24.664443969726562,-45.87889099121094,12.745546340942383,25.839818954467773
1778609672.998895,-24.993772506713867,-47.724571228027344,18.643049240112305,27.949199676513672
1778609673.0341203,-24.82176399230957,-50.44921875,22.802249908447266,28.037090301513672
1778609673.0692294,-24.15086555480957,-53.701148986816406,24.83310890197754,27.949199676513672
1778609673.1045241,-22.993572235107422,-57.56835174560547,24.543880462646484,27.24607276916504
1778609673.1394083,-21.37222671508789,-62.578102111816406,21.959484100341797,24.609344482421875
1778609673.1746738,-19.31861114501953,-68.90625,17.319629669189453,19.248029708862305
1778609673.2095246,-16.873348236083984,-74.79490661621094,11.056833267211914,12.480459213256836
1778609673.244726,-14.08512020111084,-82.52928161621094,3.756326198577881,6.503879547119141
1778609673.2801082,-11.009723663330078,-90.2636489868164,-3.8984930515289307,1.9335819482803345
1778609673.313155,-7.7089667320251465,-96.94335174560547,-11.18994140625,-0.17579905688762665
1778609673.348395,-4.249443531036377,-100.7226333618164,-17.43334197998047,-0.8789260387420654
1778609673.3834429,-0.7011994123458862,-104.15037536621094,-22.041397094726562,-0.6152534484863281
1778609673.420364,2.863678216934204,-106.78707885742188,-24.57958221435547,0.8788914680480957
1778609673.455588,6.372523307800293,-108.7206802368164,-24.807342529296875,5.097625732421875
1778609673.4926531,9.753571510314941,-109.9511489868164,-22.701133728027344,9.931624412536621
1778609673.5257814,12.937433242797852,-110.21484375,-18.457109451293945,14.150358200073242
1778609673.5612483,15.858526229858398,-110.21484375,-12.473113059997559,21.00584602355957
1778609673.5942218,18.456438064575195,-110.21484375,-5.31160831451416,27.59763526916504
1778609673.6294372,20.67719078063965,-110.21484375,2.3530209064483643,31.552724838256836
1778609673.6646426,22.474384307861328,-110.21484375,9.797876358032227,34.189422607421875
1778609673.6994994,23.810182571411133,-110.03907012939453,16.31970977783203,34.628875732421875
1778609673.7349637,24.656137466430664,-109.9511489868164,21.301420211791992,34.101531982421875
1778609673.769859,24.99381446838379,-108.54489135742188,24.270580291748047,32.60741424560547
1778609673.8049212,24.815229415893555,-105.73238372802734,24.944448471069336,28.476543426513672
1778609673.8399854,24.123050689697266,-101.95310974121094,23.257139205932617,22.67577362060547
1778609673.8753538,22.930604934692383,-98.876953125,19.366329193115234,15.380830764770508
1778609673.908363,21.261642456054688,-95.36132049560547,13.638788223266602,6.943334102630615
1778609673.9454923,19.14989471435547,-89.64844512939453,6.61604118347168,-1.1425986289978027
1778609673.98053,16.638412475585938,-83.6718521118164,-1.0366482734680176,-6.943369388580322
1778609674.0137444,13.778721809387207,-77.34371948242188,-8.593185424804688,-10.107439994812012
1778609674.0486596,10.629783630371094,-70.9277114868164,-15.3355073928833,-10.986349105834961
1778609674.0857592,7.256791114807129,-65.21482849121094,-20.621864318847656,-10.986349105834961
1778609674.11898,3.7298412322998047,-60.380859375,-23.948043823242188,-10.459003448486328
1778609674.1542687,0.12248547375202179,-55.81053161621094,-24.995647430419922,-7.1191511154174805
1778609674.189303,-3.4897964000701904,-51.328125,-23.662822723388672,-2.4609618186950684
1778609674.2243683,-7.031173229217529,-48.33983612060547,-20.074432373046875,2.1093637943267822
1778609674.2596874,-10.427056312561035,-45.70310974121094,-14.570625305175781,8.085916519165039
1778609674.2947524,-13.605673789978027,-44.47263717651367,-7.67484188079834,15.468722343444824
1778609674.329631,-16.49959945678711,-44.384742736816406,-0.044221192598342896,20.65428352355957
1778609674.3642647,-19.047197341918945,-44.384742736816406,7.592894077301025,24.960908889770508
1778609674.3980968,-21.19394874572754,-44.384742736816406,14.506433486938477,26.982398986816406
1778609674.433208,-22.893640518188477,-44.384742736816406,20.034435272216797,27.070289611816406
1778609674.4684339,-24.1093807220459,-44.384742736816406,23.64654541015625,26.894508361816406
1778609674.5034573,-24.814430236816406,-44.384742736816406,24.995092391967773,25.400362014770508
1778609674.5386703,-24.992809295654297,-45.08787155151367,23.948795318603516,22.060537338256836
1778609674.5737298,-24.63969612121582,-47.63671112060547,20.605812072753906,16.699193954467773
1778609674.6087632,-23.76156997680664,-51.15234375,15.284808158874512,9.931624412536621
1778609674.6441522,-22.376136779785156,-55.63475036621094,8.494829177856445,2.812490701675415
1778609674.6791463,-20.511991500854492,-60.46872329711914,0.8868055939674377,-4.394561290740967
1778609674.7142146,-18.208059310913086,-66.18163299560547,-6.808713436126709,-8.701186180114746
1778609674.749586,-15.512812614440918,-71.8066177368164,-13.851658821105957,-11.337912559509277
1778609674.7845998,-12.483271598815918,-78.04684448242188,-19.563644409179688,-11.689476013183594
1778609674.8195333,-9.183819770812988,-84.81443786621094,-23.3934268951416,-10.546895027160645
1778609674.8544135,-5.684849262237549,-91.58201599121094,-24.970287322998047,-8.525404930114746
1778609674.8915951,-2.061279296875,-96.59178924560547,-24.14016342163086,-4.482452392578125
1778609674.9247508,1.6090449094772339,-99.31637573242188,-20.980960845947266,0.5273279547691345
1778609674.9598205,5.247015953063965,-101.2499771118164,-15.795538902282715,6.855443477630615
1778609674.9930823,8.773968696594238,-102.48045349121094,-9.08292007446289,12.216787338256836
1778609675.0283368,12.113386154174805,-103.53514099121094,-1.4904813766479492,18.19333839416504
1778609675.0632045,15.192567825317383,-103.62303161621094,6.248338222503662,23.378873825073242
1778609675.09841,17.94422149658203,-103.62303161621094,13.3848295211792,25.75192642211914
1778609675.1334484,20.307954788208008,-103.62303161621094,19.227474212646484,25.839818954467773
1778609675.1685758,22.231613159179688,-103.62303161621094,23.209060668945312,25.66403579711914
1778609675.2036126,23.672462463378906,-103.53514099121094,24.941940307617188,24.873018264770508
1778609675.2384794,24.598155975341797,-103.0956802368164,24.255996704101562,21.972646713256836
1778609675.273676,24.98749351501465,-102.2167739868164,21.21563148498535,16.699193954467773
1778609675.308704,24.83092498779297,-100.1952896118164,16.113994598388672,9.492170333862305
1778609675.3456447,24.130830764770508,-97.82225799560547,9.44498062133789,0.5273279547691345
1778609675.37907,22.901500701904297,-95.62499237060547,1.855635404586792,-6.152351379394531
1778609675.4139967,21.168893814086914,-91.9335708618164,-5.9164838790893555,-12.744166374206543
1778609675.4490788,18.970109939575195,-87.45114135742188,-13.11491584777832,-17.314464569091797
1778609675.4843843,16.352619171142578,-82.70506286621094,-19.037946701049805,-18.544937133789062
1778609675.5192325,13.37327766418457,-76.28902435302734,-23.107120513916016,-18.544937133789062
1778609675.5543275,10.097099304199219,-70.40036010742188,-24.92391586303711,-18.544937133789062
1778609675.5896177,6.5958662033081055,-65.30272674560547,-24.30901527404785,-16.17188262939453
1778609675.6245213,2.9465646743774414,-60.64450454711914,-21.320280075073242,-12.568385124206543
1778609675.6597228,-0.7702913284301758,-56.8652229309082,-16.24759292602539,-7.031260013580322
1778609675.694637,-4.472434043884277,-53.261695861816406,-9.585005760192871,-0.5273625254631042
1778609675.7297482,-8.077658653259277,-50.185516357421875,-1.9828400611877441,3.779289960861206
1778609675.7629938,-11.50565242767334,-48.60348129272461,5.815638542175293,7.20700740814209
1778609675.7980435,-14.679791450500488,-47.9882698059082,13.04682445526123,10.546859741210938
1778609675.8332026,-17.52886390686035,-48.076133728027344,19.001562118530273,11.425768852233887
1778609675.8681018,-19.98868751525879,-48.076133728027344,23.094802856445312,11.337878227233887
1778609675.90325,-22.00356674194336,-48.076133728027344,24.923261642456055,10.458970069885254
1778609675.94023,-23.527587890625,-48.076133728027344,24.305402755737305,7.119115829467773
1778609675.973431,-24.52568244934082,-48.076133728027344,21.299732208251953,2.2851455211639404
1778609676.0087032,-24.974468231201172,-49.39452362060547,16.199556350708008,-4.658234119415283
1778609676.0434048,-24.862825393676758,-51.6796875,9.504618644714355,-11.425804138183594
1778609676.0786934,-24.192195892333984,-54.40427780151367,1.8723551034927368,-18.10548210144043
1778609676.1137762,-22.976612091064453,-58.09569549560547,-5.946514129638672,-23.11526107788086
1778609676.1505313,-21.2424373626709,-62.138648986816406,-13.181760787963867,-24.433626174926758
1778609676.185809,-19.02782440185547,-66.97264862060547,-19.11954689025879,-24.345735549926758
1778609676.2210813,-16.38189697265625,-71.7187271118164,-23.172958374023438,-23.554718017578125
1778609676.254153,-13.363703727722168,-77.87106323242188,-24.940214157104492,-20.91798973083496
1778609676.2912786,-10.040905952453613,-84.99022674560547,-24.244726181030273,-15.46878433227539
1778609676.3244889,-6.488293170928955,-91.66990661621094,-21.153034210205078,-9.140640258789062
1778609676.3596206,-2.7861101627349854,-96.59178924560547,-15.968720436096191,-2.4609618186950684
1778609676.3944538,0.9817440509796143,-99.404296875,-9.202882766723633,5.449189186096191
1778609676.4298742,4.729609966278076,-101.3378677368164,-1.5239530801773071,10.98631477355957
1778609676.4646933,8.372013092041016,-102.74412536621094,6.308182716369629,15.117158889770508
1778609676.4981759,11.825618743896484,-103.62303161621094,13.517322540283203,17.84177589416504
1778609676.5351262,15.011144638061523,-103.71092224121094,19.387897491455078,18.720684051513672
1778609676.568313,17.855192184448242,-103.71092224121094,23.336116790771484,18.720684051513672
1778609676.6034584,20.291959762573242,-103.71092224121094,24.968210220336914,18.01755714416504
1778609676.6405315,22.264781951904297,-103.62303161621094,24.119953155517578,14.589813232421875
1778609676.6757476,23.727474212646484,-103.27146911621094,20.873476028442383,9.492170333862305
1778609676.7087777,24.645437240600586,-103.0956802368164,15.549599647521973,2.9882724285125732
1778609676.7438526,24.996509552001953,-102.83201599121094,8.676406860351562,-4.482452392578125
1778609676.7789085,24.771535873413086,-101.95310974121094,0.9370711445808411,-12.128931045532227
1778609676.814217,23.974626541137695,-99.755859375,-6.897899150848389,-17.84181022644043
1778609676.8492875,22.62312889099121,-97.294921875,-14.047317504882812,-21.093772888183594
1778609676.8844724,20.74728012084961,-94.30662536621094,-19.797237396240234,-21.533227920532227
1778609676.9194934,18.38956069946289,-89.82421875,-23.57237434387207,-21.533227920532227
1778609676.9545863,15.603767395019531,-84.72654724121094,-24.993860244750977,-21.533227920532227
1778609676.989744,12.45380973815918,-79.365234375,-23.917526245117188,-19.863300323486328
1778609677.024908,9.01226806640625,-72.6855239868164,-20.448808670043945,-15.996101379394531
1778609677.0597641,5.358739376068115,-67.93942260742188,-14.932711601257324,-11.162130355834961
1778609677.0952094,1.5780118703842163,-63.72068405151367,-7.919764041900635,-4.746124744415283
1778609677.1285055,-2.241892099380493,-59.677730560302734,-0.11128620058298111,0.6152188181877136
1778609677.165155,-6.011760234832764,-56.7773323059082,7.710611343383789,4.218717098236084
1778609677.1985466,-9.64327335357666,-54.49216842651367,14.761312484741211,5.976534366607666
1778609677.2355106,-13.051081657409668,-52.382789611816406,20.332447052001953,6.328097820281982
1778609677.2706904,-16.154817581176758,-51.50390625,23.86319351196289,6.152316093444824
1778609677.303866,-18.881006240844727,-51.50390625,24.99694061279297,5.009735107421875
1778609677.340602,-21.164831161499023,-51.50390625,23.617570877075195,1.230454921722412
1778609677.3758552,-22.95168685913086,-51.50390625,19.861642837524414,-4.13088846206665
1778609677.411151,-24.198524475097656,-51.50390625,14.1051664352417,-10.283222198486328
1778609677.4440866,-24.87490463256836,-52.03122329711914,6.926222801208496,-17.578136444091797
1778609677.4792511,-24.96378517150879,-53.085914611816406,-0.9528830647468567,-25.04886245727539
1778609677.5141337,-24.461971282958984,-55.37107849121094,-8.738167762756348,-29.443378448486328
1778609677.54936,-23.38026237487793,-57.56835174560547,-15.643943786621094,-30.761741638183594
1778609677.5847092,-21.743244171142578,-59.765594482421875,-20.97216796875,-30.761741638183594
1778609677.619758,-19.588777542114258,-63.54490280151367,-24.183147430419922,-30.322288513183594
1778609677.6549995,-16.96714210510254,-68.37889862060547,-24.950422286987305,-29.003923416137695
1778609677.6917338,-13.939902305603027,-73.30076599121094,-23.194231033325195,-24.521514892578125
1778609677.724392,-10.57848072052002,-79.716796875,-19.09009552001953,-18.369155883789062
1778609677.757913,-6.962500095367432,-86.57222747802734,-13.051562309265137,-11.074240684509277
1778609677.7933686,-3.177912950515747,-93.1640396118164,-5.688803672790527,-3.4277613162994385
1778609677.828398,0.6850287318229675,-97.55856323242188,2.2528505325317383,4.218717098236084
1778609677.8654544,4.533918380737305,-100.3710708618164,9.968244552612305,9.580060958862305
1778609677.900447,8.276402473449707,-101.60154724121094,16.674007415771484,12.12889575958252
1778609677.9337232,11.822399139404297,-102.1288833618164,21.68815803527832,12.568350791931152
1778609677.9690335,15.08627700805664,-102.30467224121094,24.499635696411133,12.30467700958252
1778609678.0039911,17.988933563232422,-102.30467224121094,24.82061004638672,11.425768852233887
1778609678.0391328,20.459735870361328,-102.30467224121094,22.616235733032227,8.085916519165039
1778609678.074232,22.438257217407227,-102.30467224121094,18.10871696472168,2.9882724285125732
1778609678.1094573,23.87578010559082,-102.30467224121094,11.755207061767578,-3.2519795894622803
1778609678.14483,24.73653793334961,-102.2167739868164,4.201688289642334,-11.250021934509277
1778609678.1798332,24.998619079589844,-102.1288833618164,-3.7825217247009277,-17.138683319091797
1778609678.2148545,24.654571533203125,-101.2499771118164,-11.383024215698242,-21.093772888183594
1778609678.2498872,23.711645126342773,-99.755859375,-17.82340431213379,-22.412134170532227
1778609678.2833073,22.191667556762695,-97.998046875,-22.44464111328125,-22.412134170532227
1778609678.31858,20.130584716796875,-95.80074310302734,-24.772714614868164,-22.412134170532227
1778609678.3553548,17.57764434814453,-92.02146911621094,-24.567481994628906,-21.00588035583496
1778609678.3904426,14.594245910644531,-87.09957122802734,-21.847726821899414,-17.49024772644043
1778609678.4255044,11.252493858337402,-82.0019302368164,-16.889781951904297,-12.392602920532227
1778609678.460725,7.633480072021484,-75.84960174560547,-10.199726104736328,-7.558604717254639
1778609678.4974918,3.8253347873687744,-70.7519302368164,-2.46197772026062,-1.3183804750442505
1778609678.5290349,-0.07890644669532776,-67.67577362060547,5.53056001663208,2.2851455211639404
1778609678.5643036,-3.9835658073425293,-64.77537536621094,12.957669258117676,4.6581711769104
1778609678.5992076,-7.792665004730225,-62.66599655151367,19.056011199951172,5.185516834259033
1778609678.6342385,-11.412285804748535,-60.732425689697266,23.19768524169922,5.009735107421875
1778609678.6695604,-14.752896308898926,-60.46872329711914,24.95509147644043,4.306607723236084
1778609678.7045743,-17.731576919555664,-60.46872329711914,24.145320892333984,0.9667823314666748
1778609678.7399569,-20.27409553527832,-60.46872329711914,20.849504470825195,-4.570343017578125
1778609678.7747376,-22.316787719726562,-60.46872329711914,15.404980659484863,-10.810566902160645
1778609678.8101444,-23.808170318603516,-60.46872329711914,8.371063232421875,-19.072282791137695
1778609678.845116,-24.71027374267578,-60.46872329711914,0.4718003273010254,-26.01563262939453
1778609678.8785625,-24.999643325805664,-60.46872329711914,-7.478403091430664,-30.14650535583496
1778609678.9133918,-24.667980194091797,-61.259765625,-14.65869426727295,-31.904321670532227
1778609678.9489584,-23.722414016723633,-63.36912155151367,-20.326570510864258,-31.81643295288086
1778609678.9858603,-22.18539047241211,-66.35741424560547,-23.894790649414062,-31.289085388183594
1778609679.0209014,-20.094173431396484,-69.69723510742188,-24.99244499206543,-29.179704666137695
1778609679.054151,-17.499982833862305,-72.6855239868164,-23.5037784576416,-25.66407012939453
1778609679.0910773,-14.466764450073242,-78.662109375,-19.58070182800293,-18.984390258789062
1778609679.1245635,-11.069648742675781,-84.99022674560547,-13.627599716186523,-11.425804138183594
1778609679.1594276,-7.393112659454346,-92.3730239868164,-6.259917259216309,-3.603543519973755
1778609679.194592,-3.528898000717163,-97.55856323242188,1.7592592239379883,4.218717098236084
1778609679.22956,0.4262635111808777,-101.07420349121094,9.598105430603027,9.580060958862305
1778609679.264919,4.373061656951904,-103.53514099121094,16.442319869995117,12.568350791931152
1778609679.3001914,8.212099075317383,-105.11717987060547,21.579776763916016,13.447259902954102
1778609679.3349864,11.84639835357666,-106.52342987060547,24.47479248046875,13.447259902954102
1778609679.3683665,15.183859825134277,-106.78707885742188,24.824216842651367,12.392568588256836
1778609679.4049413,18.13960838317871,-106.78707885742188,22.58946418762207,9.052715301513672
1778609679.4384441,20.638179779052734,-106.78707885742188,18.001073837280273,4.394498825073242
1778609679.4736621,22.615459442138672,-106.78707885742188,11.535226821899414,-1.4062713384628296
1778609679.5106103,24.020368576049805,-106.69921875,3.8645904064178467,-9.931658744812012
1778609679.5457287,24.81620979309082,-106.43550872802734,-4.211475372314453,-16.347665786743164
1778609679.5792751,24.98166275024414,-105.55660247802734,-11.85012435913086,-20.830101013183594
1778609679.6142802,24.51139259338379,-103.97460174560547,-18.252981185913086,-22.76369857788086
1778609679.649629,23.416244506835938,-102.04100036621094,-22.74969482421875,-22.76369857788086
1778609679.6845956,21.723045349121094,-99.755859375,-24.868305206298828,-22.76369857788086
1778609679.719854,19.473983764648438,-97.11913299560547,-24.385038375854492,-21.884790420532227
1778609679.7549646,16.725582122802734,-93.6034927368164,-21.348249435424805,-18.544937133789062
1778609679.7899942,13.547324180603027,-88.76953125,-16.07390022277832,-14.062530517578125
1778609679.8249784,10.01992130279541,-83.14451599121094,-9.112981796264648,-8.964859008789062
1778609679.8600845,6.233282566070557,-77.16793823242188,-1.1941994428634644,-4.04299783706665
1778609679.897227,2.2842490673065186,-71.6308364868164,6.852159023284912,0.35154619812965393
1778609679.9303942,-1.725873351097107,-68.11520385742188,14.181205749511719,2.5488181114196777
1778609679.965726,-5.693905353546143,-65.12693786621094,20.022205352783203,3.1640541553497314
1778609680.0007324,-9.517447471618652,-62.92966842651367,23.759761810302734,3.0761632919311523
1778609680.034204,-13.097526550292969,-61.259765625,24.998872756958008,1.9335819482803345
1778609680.0690753,-16.34117317199707,-60.820289611816406,23.606950759887695,-1.3183804750442505
1778609680.10408,-19.163846969604492,-60.820289611816406,19.72832679748535,-6.503914833068848
1778609680.1391947,-21.49167251586914,-60.820289611816406,13.769594192504883,-12.656275749206543
1778609680.1745796,-23.263385772705078,-60.820289611816406,6.357272148132324,-21.181663513183594
1778609680.2095757,-24.431991577148438,-60.820289611816406,-1.727859616279602,-27.33399772644043
1778609680.2446494,-24.966041564941406,-60.820289611816406,-9.632867813110352,-31.81643295288086
1778609680.279971,-24.850509643554688,-60.820289611816406,-16.522615432739258,-33.04690170288086
1778609680.3150356,-24.087261199951172,-61.34762954711914,-21.66806411743164,-33.04690170288086
1778609680.3483696,-22.695072174072266,-63.10544967651367,-24.523584365844727,-33.04690170288086
1778609680.3854432,-20.709199905395508,-65.83006286621094,-24.785064697265625,-31.552759170532227
1778609680.418511,-18.1805419921875,-69.08202362060547,-22.42258644104004,-27.949234008789062
1778609680.4556303,-15.174357414245605,-71.9823989868164,-17.684160232543945,-22.14846420288086
1778609680.4903824,-11.76861572265625,-77.16793823242188,-11.069989204406738,-14.062530517578125
1778609680.5239742,-8.052005767822266,-83.32029724121094,-3.27992844581604,-6.2402424812316895
1778609680.5609658,-4.12164831161499,-90.0,4.860375881195068,1.9335819482803345
1778609680.5943272,-0.08056997507810593,-95.53709411621094,12.486903190612793,7.7343525886535645
1778609680.629438,3.964982509613037,-97.91011810302734,18.78897476196289,11.162096977233887
1778609680.6643145,7.9083333015441895,-99.1406021118164,23.095539093017578,12.30467700958252
1778609680.699676,11.645193099975586,-99.4921646118164,24.946828842163086,12.30467700958252
1778609680.734714,15.076425552368164,-99.4921646118164,24.143718719482422,11.953113555908203
1778609680.769977,18.110694885253906,-99.4921646118164,20.769447326660156,8.964824676513672
1778609680.8049734,20.666915893554688,-99.4921646118164,15.181330680847168,4.306607723236084
1778609680.8401337,22.67644500732422,-99.4921646118164,7.973204612731934,-1.4941622018814087
1778609680.8750312,24.0849666595459,-99.4921646118164,-0.08743365854024887,-7.910168170928955
1778609680.9102275,24.853979110717773,-99.4921646118164,-8.140997886657715,-12.392602920532227
1778609680.9451652,24.961896896362305,-99.4921646118164,-15.32742691040039,-14.326202392578125
1778609680.9803305,24.40468978881836,-98.7890396118164,-20.878080368041992,-14.414093971252441
1778609681.0133893,23.196063995361328,-97.11913299560547,-24.19811248779297,-14.414093971252441
1778609681.0486212,21.367170333862305,-94.83397674560547,-24.930448532104492,-12.744166374206543
1778609681.0835373,18.96583366394043,-91.4062271118164,-22.994487762451172,-9.316422462463379
1778609681.1203923,16.05535316467285,-86.48435974121094,-18.595287322998047,-5.0976881980896
1778609681.1554704,12.71285343170166,-81.73826599121094,-12.202168464660645,0.7910005450248718
1778609681.1889055,9.02728271484375,-75.84960174560547,-4.49891471862793,5.185516834259033
1778609681.2250555,5.097064018249512,-70.57614135742188,3.6891536712646484,8.173807144165039
1778609681.2590997,1.02748703956604,-66.70894622802734,11.483492851257324,10.458970069885254
1778609681.295999,-3.0720999240875244,-62.92966842651367,18.046594619750977,11.07420539855957
1778609681.329521,-7.091223239898682,-59.677730560302734,22.672077178955078,10.634751319885254
1778609681.3645008,-10.921260833740234,-57.831993103027344,24.86090087890625,8.876934051513672
1778609681.3998294,-14.45838737487793,-56.6015510559082,24.375486373901367,5.361298561096191
1778609681.4346948,-17.606401443481445,-56.07420349121094,21.265811920166016,0.35154619812965393
1778609681.4700174,-20.279367446899414,-56.07420349121094,15.864601135253906,-6.152351379394531
1778609681.5050786,-22.40397834777832,-56.07420349121094,8.752034187316895,-13.447293281555176
1778609681.5384011,-23.92160987854004,-56.07420349121094,0.6936706304550171,-20.91798973083496
1778609681.573532,-24.78996467590332,-56.07420349121094,-7.441784858703613,-25.839853286743164
1778609681.608578,-24.984294891357422,-56.07420349121094,-14.776066780090332,-27.33399772644043
1778609681.6435595,-24.498140335083008,-56.68943786621094,-20.516204833984375,-27.33399772644043
1778609681.6805909,-23.343589782714844,-58.27147674560547,-24.0404109954834,-26.894542694091797
1778609681.7159653,-21.55101203918457,-59.941375732421875,-24.96565818786621,-24.257844924926758
1778609681.750916,-19.16831398010254,-62.84177780151367,-23.18961524963379,-19.160173416137695
1778609681.7841995,-16.259685516357422,-66.35741424560547,-18.90228271484375,-13.798856735229492
1778609681.8192766,-12.903915405273438,-70.57614135742188,-12.565993309020996,-6.943369388580322
1778609681.8543267,-9.192285537719727,-75.58592224121094,-4.8658366203308105,1.3183457851409912
1778609681.8893936,-5.2261128425598145,-82.0019302368164,3.3641982078552246,7.6464619636535645
1778609681.9244306,-1.11400306224823,-88.33004760742188,11.231433868408203,12.919914245605469
1778609681.9597101,3.0311086177825928,-93.51560974121094,17.88132095336914,17.050758361816406
1778609681.9946978,7.0950541496276855,-96.41600799560547,22.590351104736328,18.36911964416504
1778609682.0297494,10.965578079223633,-97.11913299560547,24.84497833251953,17.92966651916504
1778609682.0649662,14.535447120666504,-97.20700073242188,24.39788818359375,17.050758361816406
1778609682.1000137,17.705434799194336,-97.20700073242188,21.295446395874023,12.919914245605469
1778609682.1334205,20.387102127075195,-97.20700073242188,15.873234748840332,7.6464619636535645
1778609682.168579,22.505292892456055,-97.11913299560547,8.720063209533691,0.7910005450248718
1778609682.205468,24.000272750854492,-97.11913299560547,0.6142804026603699,-4.834015846252441
1778609682.2406018,24.829450607299805,-97.11913299560547,-7.560750961303711,-8.789076805114746
1778609682.2755644,24.9686279296875,-97.11913299560547,-14.912858963012695,-10.283222198486328
1778609682.3107402,24.41275405883789,-96.59178924560547,-20.63847541809082,-10.283222198486328
1778609682.3458712,23.176137924194336,-95.18553924560547,-24.110610961914062,-10.283222198486328
1778609682.380872,21.292123794555664,-92.63670349121094,-24.94776153564453,-7.822277545928955
1778609682.4139805,18.81224250793457,-89.29686737060547,-23.056121826171875,-4.306670665740967
1778609682.4491575,15.804837226867676,-84.90233612060547,-18.640430450439453,0.8788914680480957
1778609682.4842722,12.353217124938965,-80.419921875,-12.182133674621582,6.240207195281982
1778609682.5192795,8.553380966186523,-74.26756286621094,-4.387182712554932,10.634751319885254
1778609682.554627,4.511373996734619,-69.9609375,3.8909237384796143,15.82028579711914
1778609682.5894146,0.34034615755081177,-66.09373474121094,11.744478225708008,19.072246551513672
1778609682.6248047,-3.842601776123047,-62.753883361816406,18.31109046936035,19.775375366210938
1778609682.6595976,-7.919702053070068,-59.677730560302734,22.868494033813477,19.423810958862305
1778609682.6965895,-11.775837898254395,-58.623043060302734,24.914188385009766,18.457012176513672
1778609682.729343,-15.301802635192871,-58.18355941772461,24.221132278442383,15.82028579711914
1778609682.7627316,-18.397411346435547,-58.18355941772461,20.863262176513672,11.337878227233887
1778609682.7980695,-20.9743709564209,-58.18355941772461,15.207948684692383,5.712862014770508
1778609682.8351727,-22.958826065063477,-58.18355941772461,7.876117706298828,-2.109398365020752
1778609682.870241,-24.293516159057617,-58.18355941772461,-0.32567691802978516,-8.085949897766113
1778609682.9053237,-24.93946075439453,-58.18355941772461,-8.493819236755371,-12.04103946685791
1778609682.9405925,-24.877140045166016,-58.44725799560547,-15.727131843566895,-13.623075485229492
1778609682.9758463,-24.10713005065918,-59.501953125,-21.226364135742188,-13.623075485229492
1778609683.010898,-22.650169372558594,-61.523414611816406,-24.38266944885254,-13.00783920288086
1778609683.0441854,-20.54663848876953,-64.42381286621094,-24.845264434814453,-9.843767166137695
1778609683.0793173,-17.855485916137695,-68.29098510742188,-22.56073570251465,-4.394561290740967
1778609683.1144826,-14.65262508392334,-71.6308364868164,-17.779525756835938,1.9335819482803345
1778609683.1495578,-11.028818130493164,-76.46480560302734,-11.028818130493164,8.437479972839355
1778609683.1846764,-7.087141036987305,-82.8808364868164,-3.0546798706054688,15.99606704711914
1778609683.2197742,-2.9400739669799805,-89.12109375,5.260180473327637,22.58788299560547
1778609683.2547798,1.2936915159225464,-94.39452362060547,12.994034767150879,26.01559829711914
1778609683.2898574,5.492639541625977,-96.59178924560547,19.28832244873047,26.982398986816406
1778609683.3249898,9.53591537475586,-97.03121185302734,23.44308853149414,26.894508361816406
1778609683.3602777,13.306809425354004,-97.03121185302734,24.995044708251953,26.191381454467773
1778609683.3934164,16.69614028930664,-97.03121185302734,23.7695255279541,23.11522674560547
1778609683.430175,19.60543441772461,-97.03121185302734,19.90048599243164,17.490211486816406
1778609683.4654362,21.949817657470703,-97.03121185302734,13.81618881225586,10.722641944885254
1778609683.5024073,23.6605224609375,-97.03121185302734,6.1921234130859375,1.9335819482803345
1778609683.5360162,24.68694305419922,-96.94335174560547,-2.123762607574463,-4.306670665740967
1778609683.5690057,24.9981746673584,-97.03121185302734,-10.20522689819336,-9.580095291137695
1778609683.6042848,24.583988189697266,-96.50386810302734,-17.15087127685547,-12.91994857788086
1778609683.6392155,23.455209732055664,-95.09764099121094,-22.184768676757812,-13.798856735229492
1778609683.6742666,21.643482208251953,-92.63670349121094,-24.743331909179688,-13.798856735229492
1778609683.7092152,19.20043182373047,-89.38473510742188,-24.538694381713867,-13.710967063903809
1778609683.744226,16.19623374938965,-85.25389099121094,-21.591413497924805,-11.337912559509277
1778609683.7793648,12.717646598815918,-80.771484375,-16.228790283203125,-7.734386444091797
1778609683.8143554,8.865524291992188,-74.79490661621094,-9.048837661743164,-2.988306999206543
1778609683.8497045,4.751936435699463,-69.9609375,-0.8538692593574524,2.5488181114196777
1778609683.88477,0.4969189167022705,-66.09373474121094,7.438983917236328,5.800752639770508
1778609683.91974,-3.7750117778778076,-62.578102111816406,14.900335311889648,7.998025417327881
1778609683.9550686,-7.938497066497803,-59.150386810302734,20.6927490234375,8.613261222839355
1778609683.990105,-11.871017456054688,-57.39257049560547,24.164888381958008,8.437479972839355
1778609684.0254078,-15.456509590148926,-56.24998474121094,24.92500114440918,7.20700740814209
1778609684.058694,-18.588808059692383,-55.72263717651367,22.885438919067383,3.9550445079803467
1778609684.0956085,-21.174816131591797,-55.72263717651367,18.273107528686523,-1.4062713384628296
1778609684.1307206,-23.13730239868164,-55.72263717651367,11.604558944702148,-7.910168170928955
1778609684.1659632,-24.417253494262695,-55.72263717651367,3.6284339427948,-14.765657424926758
1778609684.1990507,-24.975675582885742,-55.81053161621094,-4.758366584777832,-21.181663513183594
1778609684.234,-24.79483985900879,-55.81053161621094,-12.611430168151855,-24.609407424926758
1778609684.2692828,-23.87888526916504,-56.68943786621094,-19.04518699645996,-25.224641799926758
1778609684.304345,-22.253780364990234,-58.35934066772461,-23.332897186279297,-25.13675308227539
1778609684.3394172,-19.966636657714844,-59.941375732421875,-24.98896026611328,-23.554718017578125
1778609684.3747344,-17.084388732910156,-62.753883361816406,-23.824216842651367,-19.160173416137695
1778609684.4096215,-13.691876411437988,-66.44530487060547,-19.967899322509766,-13.974638938903809
1778609684.4445813,-9.889385223388672,-70.7519302368164,-13.853631973266602,-7.646495819091797
1778609684.478163,-5.789710521697998,-75.58592224121094,-6.171003818511963,-0.08790817856788635
1778609684.5150104,-1.5148401260375977,-82.17771911621094,2.2119762897491455,6.415988922119141
1778609684.5502172,2.8076653480529785,-87.97847747802734,10.34679889678955,11.162096977233887
1778609684.5833855,7.048467636108398,-92.46092224121094,17.311748504638672,13.798794746398926
1778609684.6204345,11.080323219299316,-95.36132049560547,22.31642723083496,14.853485107421875
1778609684.6556911,14.781908988952637,-96.24022674560547,24.79164695739746,14.765595436096191
1778609684.6904492,18.04149055480957,-96.24022674560547,24.454444885253906,12.744132041931152
1778609684.7258875,20.76032257080078,-96.24022674560547,21.340774536132812,8.525370597839355
1778609684.7590427,22.855667114257812,-96.24022674560547,15.80203628540039,2.812490701675415
1778609684.7941074,24.26335334777832,-96.24022674560547,8.46574878692627,-4.13088846206665
1778609684.8291752,24.939783096313477,-96.24022674560547,0.1647280752658844,-10.634785652160645
1778609684.8642979,24.86332893371582,-96.24022674560547,-8.157281875610352,-15.117220878601074
1778609684.9012501,24.035070419311523,-96.24022674560547,-15.552840232849121,-16.962902069091797
1778609684.9344068,22.478845596313477,-95.53709411621094,-21.178728103637695,-17.050792694091797
1778609684.9696774,20.24062728881836,-93.6034927368164,-24.39225959777832,-17.050792694091797
1778609685.0047536,17.387197494506836,-90.8788833618164,-24.824968338012695,-15.380892753601074
1778609685.0391014,14.004205703735352,-87.36328125,-22.425182342529297,-11.865257263183594
1778609685.074407,10.193638801574707,-83.58396911621094,-17.46453285217285,-7.558604717254639
1778609685.1080992,6.070775032043457,-78.662109375,-10.507563591003418,-2.4609618186950684
1778609685.1450906,1.7607226371765137,-72.7734146118164,-2.3477654457092285,3.0761632919311523
1778609685.1802323,-2.605360507965088,-69.16989135742188,6.082718849182129,5.888643741607666
1778609685.2154915,-6.894248008728027,-66.70894622802734,13.819485664367676,7.822243690490723
1778609685.2504761,-10.974711418151855,-64.51170349121094,19.976219177246094,8.173807144165039
1778609685.2858098,-14.721545219421387,-63.19334411621094,23.84636878967285,7.998025417327881
1778609685.3207054,-18.019424438476562,-62.578102111816406,24.984485626220703,6.415988922119141
1778609685.3541763,-20.7664794921875,-62.49021530151367,23.257797241210938,2.5488181114196777
1778609685.3892274,-22.87748146057129,-62.49021530151367,18.862062454223633,-3.164088726043701
1778609685.4244537,-24.286514282226562,-62.49021530151367,12.299725532531738,-9.667985916137695
1778609685.4596,-24.94908905029297,-62.49021530151367,4.322793960571289,-17.226573944091797
1778609685.4963055,-24.84358787536621,-62.49021530151367,-4.153103828430176,-23.11526107788086
1778609685.5295868,-23.972015380859375,-62.92966842651367,-12.153698921203613,-25.48828887939453
1778609685.5650237,-22.360036849975586,-64.07225036621094,-18.758068084716797,-25.92774200439453
1778609685.6001277,-20.05626678466797,-65.47850036621094,-23.204755783081055,-25.92774200439453
1778609685.6349592,-17.130847930908203,-67.93942260742188,-24.97978973388672,-24.433626174926758
1778609685.6702185,-13.673371315002441,-70.13671875,-23.876401901245117,-20.47853660583496
1778609685.703442,-9.790163040161133,-73.03709411621094,-20.019460678100586,-15.293002128601074
1778609685.7404566,-5.601049900054932,-78.837890625,-13.851702690124512,-8.34962272644043
1778609685.7755349,-1.2356863021850586,-84.63865661621094,-6.083239555358887,-0.26368993520736694
1778609685.8087223,3.1704421043395996,-90.17578887939453,2.389949083328247,6.328097820281982
1778609685.8457856,7.480215072631836,-95.00975036621094,10.589208602905273,11.24998664855957
1778609685.8809936,11.559146881103516,-96.50386810302734,17.566211700439453,13.710905075073242
1778609685.915769,15.279594421386719,-96.767578125,22.51274299621582,14.238249778747559
1778609685.9493663,18.52476692199707,-96.85543823242188,24.854520797729492,14.150358200073242
1778609685.9843879,21.192428588867188,-96.767578125,24.31817626953125,12.744132041931152
1778609686.0196276,23.198139190673828,-96.85543823242188,20.9635009765625,9.140606880187988
1778609686.0544143,24.47798728942871,-96.767578125,15.177167892456055,3.4277267456054688
1778609686.0897274,24.99065589904785,-96.767578125,7.628490447998047,-2.988306999206543
1778609686.1250875,24.718812942504883,-96.767578125,-0.8077218532562256,-8.964859008789062
1778609686.1601052,23.66974449157715,-96.767578125,-9.152379035949707,-12.83205795288086
1778609686.1948857,21.875221252441406,-96.06444549560547,-16.435688018798828,-13.974638938903809
1778609686.2301004,19.39058494567871,-94.21873474121094,-21.80992889404297,-13.974638938903809
1778609686.2649727,16.2930908203125,-91.58201599121094,-24.6483211517334,-13.974638938903809
1778609686.3019974,12.679553985595703,-87.80270385742188,-24.618396759033203,-11.865257263183594
1778609686.335533,8.663358688354492,-83.93553161621094,-21.721296310424805,-8.525404930114746
1778609686.370622,4.370933532714844,-79.365234375,-16.292266845703125,-3.779325246810913
1778609686.4054446,-0.06220567226409912,-74.35545349121094,-8.962226867675781,2.4609272480010986
1778609686.4405339,-4.4957194328308105,-71.7187271118164,-0.5847251415252686,6.591770648956299
1778609686.4756446,-8.788881301879883,-70.13671875,7.863262176513672,10.283187866210938
1778609686.5110083,-12.805051803588867,-69.78515625,15.395188331604004,13.007804870605469
1778609686.544054,-16.41603660583496,-69.78515625,21.13020133972168,13.447259902954102
1778609686.5791147,-19.506206512451172,-69.78515625,24.396329879760742,13.271477699279785
1778609686.6141815,-21.97622299194336,-69.78515625,24.809492111206055,11.953113555908203
1778609686.6492944,-23.746280670166016,-69.78515625,22.319000244140625,7.998025417327881
1778609686.6847477,-24.75872039794922,-69.78515625,17.214143753051758,2.4609272480010986
1778609686.7195122,-24.979961395263672,-69.78515625,10.090928077697754,-4.746124744415283
1778609686.7547152,-24.40165901184082,-70.40036010742188,1.7828037738800049,-10.371113777160645
1778609686.7899961,-23.041078567504883,-71.6308364868164,-6.7366533279418945,-14.414093971252441
1778609686.8250687,-20.94062614440918,-73.91600036621094,-14.46773624420166,-15.732429504394531
1778609686.8599608,-18.166582107543945,-77.43163299560547,-20.501951217651367,-15.644537925720215
1778609686.8950655,-14.807060241699219,-81.73826599121094,-24.128938674926758,-14.238311767578125
1778609686.9303157,-10.969250679016113,-87.53905487060547,-24.920358657836914,-10.371113777160645
1778609686.9650896,-6.776038646697998,-93.33982849121094,-22.78081703186035,-5.0097975730896
1778609687.0003016,-2.3620967864990234,-97.11913299560547,-17.959718704223633,1.4062366485595703
1778609687.0337262,2.1304187774658203,-98.876953125,-11.022575378417969,7.998025417327881
1778609687.0706043,6.5564374923706055,-99.84371948242188,-2.7849645614624023,13.095695495605469
1778609687.1059027,10.772656440734863,-100.0195083618164,5.783122539520264,17.84177589416504
1778609687.1410568,14.642189979553223,-100.0195083618164,13.67139720916748,20.917957305908203
1778609687.174244,18.039033889770508,-100.0195083618164,19.948421478271484,21.269519805908203
1778609687.2091463,20.852191925048828,-100.0195083618164,23.87173843383789,21.269519805908203
1778609687.244209,22.989343643188477,-100.0195083618164,24.975940704345703,20.56639289855957
1778609687.2792392,24.379911422729492,-100.0195083618164,23.128223419189453,17.57810401916504
1778609687.3145447,24.977445602416992,-100.0195083618164,18.54471206665039,12.480459213256836
1778609687.3494294,24.76121711730957,-99.58008575439453,11.76556396484375,5.62497091293335
1778609687.3847256,23.737003326416016,-98.2616958618164,3.591623544692993,-1.5820530652999878
1778609687.4199953,21.936983108520508,-96.41600799560547,-5.009946823120117,-8.34962272644043
1778609687.4548357,19.41878890991211,-93.69139099121094,-13.019987106323242,-13.447293281555176
1778609687.4897687,16.263713836669922,-89.91207885742188,-19.48810386657715,-16.435556411743164
1778609687.5248077,12.57413387298584,-85.78124237060547,-23.645570755004883,-16.611337661743164
1778609687.559974,8.470222473144531,-81.123046875,-24.996944427490234,-16.611337661743164
1778609687.59506,4.086076736450195,-75.32225036621094,-23.379430770874023,-15.908210754394531
1778609687.6298783,-0.434645414352417,-70.9277114868164,-18.982866287231445,-12.83205795288086
1778609687.665168,-4.94341516494751,-67.67577362060547,-12.327814102172852,-8.43751335144043
1778609687.7015426,-9.291708946228027,-65.21482849121094,-4.204257965087891,-1.3183804750442505
1778609687.7331564,-13.335906028747559,-63.72068405151367,4.421931743621826,2.9882724285125732
1778609687.7685037,-16.942047119140625,-62.753883361816406,12.52370834350586,6.064425468444824
1778609687.8040912,-19.990299224853516,-62.49021530151367,19.135133743286133,8.173807144165039
1778609687.8389733,-22.378969192504883,-62.40232467651367,23.46666717529297,8.437479972839355
1778609687.8742661,-24.027938842773438,-62.40232467651367,24.99970245361328,8.261697769165039
1778609687.9093597,-24.881397247314453,-62.40232467651367,23.548982620239258,6.152316093444824
1778609687.944668,-24.909788131713867,-62.40232467651367,19.285364151000977,1.6699093580245972
1778609687.979448,-24.110877990722656,-62.753883361816406,12.71606731414795,-4.218779563903809
1778609688.0149684,-22.509939193725586,-63.98435592651367,4.62467622756958,-10.546895027160645
1778609688.050023,-20.159006118774414,-64.95115661621094,-4.022083282470703,-16.787120819091797
1778609688.0849593,-17.135236740112305,-66.97264862060547,-12.189704895019531,-20.65431785583496
1778609688.119998,-13.53842830657959,-69.2578125,-18.899667739868164,-21.357444763183594
1778609688.1550727,-9.487775802612305,-71.8066177368164,-23.346790313720703,-21.357444763183594
1778609688.1883419,-5.117951393127441,-75.84960174560547,-24.996091842651367,-20.12697410583496
1778609688.2256298,-0.5746549367904663,-81.2988052368164,-23.647483825683594,-15.908210754394531
1778609688.26048,3.990225315093994,-86.57222747802734,-19.460407257080078,-10.459003448486328
1778609688.2935116,8.423683166503906,-90.52735137939453,-12.935370445251465,-4.834015846252441
1778609688.3306086,12.576725959777832,-93.1640396118164,-4.854465484619141,2.812490701675415
1778609688.36571,16.309398651123047,-94.13084411621094,3.812130928039551,8.437479972839355
1778609688.3984814,19.49551773071289,-94.13084411621094,12.022485733032227,11.513660430908203
1778609688.433668,22.0269775390625,-94.13084411621094,18.788171768188477,13.535149574279785
1778609688.4693134,23.817455291748047,-94.13084411621094,23.293378829956055,13.623013496398926
1778609688.5042207,24.805402755737305,-94.04296112060547,24.9935302734375,13.535149574279785
1778609688.5394135,24.956214904785156,-94.13084411621094,23.681440353393555,11.86522388458252
1778609688.5744848,24.263498306274414,-94.04296112060547,19.512929916381836,7.6464619636535645
1778609688.6095822,22.749391555786133,-93.42771911621094,12.98871898651123,1.5820183753967285
1778609688.6446855,20.463912963867188,-91.8456802368164,4.894613265991211,-5.273469924926758
1778609688.6799657,17.48337173461914,-89.38473510742188,-3.792879819869995,-12.128931045532227
1778609688.7147505,13.90786361694336,-86.22066497802734,-12.02422046661377,-16.875009536743164
1778609688.7501311,9.857964515686035,-83.32029724121094,-18.803621292114258,-18.544937133789062
1778609688.7850332,5.470696449279785,-78.837890625,-23.309640884399414,-18.544937133789062
1778609688.818257,0.8949216604232788,-73.91600036621094,-24.994951248168945,-18.544937133789062
1778609688.8553934,-3.713689088821411,-70.13671875,-23.653156280517578,-16.962902069091797
1778609688.890399,-8.197944641113281,-68.11520385742188,-19.44444465637207,-12.91994857788086
1778609688.9255283,-12.404496192932129,-66.70894622802734,-12.876855850219727,-7.822277545928955
1778609688.9603648,-16.189098358154297,-66.09373474121094,-4.745300769805908,-0.6152534484863281
1778609688.9955752,-19.42157745361328,-65.91796112060547,3.96440052986145,4.482389450073242
1778609689.0306983,-21.990339279174805,-65.91796112060547,12.19488525390625,7.7343525886535645
1778609689.0638704,-23.806270599365234,-65.91796112060547,18.94561004638672,10.107406616210938
1778609689.1011362,-24.805877685546875,-65.91796112060547,23.394609451293945,10.371078491210938
1778609689.1342692,-24.95355224609375,-65.91796112060547,24.99881935119629,10.283187866210938
1778609689.16956,-24.242910385131836,-66.00585174560547,23.56070899963379,8.525370597839355
1778609689.204685,-22.69710922241211,-66.53316497802734,19.25298309326172,4.394498825073242
1778609689.239729,-20.368154525756836,-67.85155487060547,12.59822940826416,-1.3183804750442505
1778609689.2751522,-17.335208892822266,-69.16989135742188,4.405867099761963,-7.822277545928955
1778609689.3100247,-13.701957702636719,-71.19140625,-4.326045036315918,-13.271512031555176
1778609689.3453074,-9.593110084533691,-74.44334411621094,-12.532266616821289,-16.962902069091797
1778609689.3801742,-5.150154113769531,-79.62887573242188,-19.210325241088867,-17.402355194091797
1778609689.41341,-0.526515781879425,-84.90233612060547,-23.543115615844727,-17.050792694091797
1778609689.4483142,4.117720603942871,-90.0878677368164,-24.999120712280273,-14.677765846252441
1778609689.4846087,8.62134838104248,-93.77928161621094,-23.397974014282227,-10.722677230834961
1778609689.5181813,12.827634811401367,-95.18553924560547,-18.933170318603516,-6.679696559906006
1778609689.5554214,16.58979606628418,-95.36132049560547,-12.149085998535156,-0.8789260387420654
1778609689.5888405,19.776140213012695,-95.36132049560547,-3.874943256378174,5.712862014770508
1778609689.6255918,22.274717330932617,-95.36132049560547,4.8762946128845215,10.634751319885254
1778609689.6589723,23.997289657592773,-95.36132049560547,13.031804084777832,13.974576950073242
1778609689.6941211,24.88250732421875,-95.36132049560547,19.590429306030273,16.523412704467773
1778609689.72908,24.898143768310547,-95.36132049560547,23.745723724365234,16.699193954467773
1778609689.7644708,24.04233169555664,-95.36132049560547,24.98537254333496,16.435522079467773
1778609689.7996035,22.343732833862305,-94.57029724121094,23.154708862304688,14.589813232421875
1778609689.834492,19.860639572143555,-92.98826599121094,18.47639274597168,10.371078491210938
1778609689.8697562,16.67904281616211,-90.4394302368164,11.523731231689453,3.9550445079803467
1778609689.9067965,12.909692764282227,-86.92379760742188,3.1507568359375,-3.867216110229492
1778609689.9397535,8.684305191040039,-83.84764099121094,-5.612436771392822,-10.107439994812012
1778609689.9748456,4.150985240936279,-79.2773208618164,-13.686297416687012,-15.205110549926758
1778609690.009887,-0.5309290885925293,-74.44334411621094,-20.074831008911133,-17.66602897644043
1778609690.0450816,-5.196455478668213,-71.4550552368164,-23.988615036010742,-17.75391960144043
1778609690.0801175,-9.68077278137207,-69.87301635742188,-24.942630767822266,-17.75391960144043
1778609690.1151395,-13.825051307678223,-69.52145385742188,-22.81671714782715,-15.293002128601074
1778609690.1501055,-17.482097625732422,-69.43359375,-17.87110137939453,-11.337912559509277
1778609690.1853325,-20.521608352661133,-69.43359375,-10.714938163757324,-5.625033378601074
1778609690.220436,-22.834856033325195,-69.43359375,-2.231611728668213,1.230454921722412
1778609690.2557588,-24.338621139526367,-69.43359375,6.530078411102295,5.800752639770508
1778609690.2889755,-24.978246688842773,-69.43359375,14.485474586486816,9.316388130187988
1778609690.324078,-24.729677200317383,-69.43359375,20.64836883544922,11.162096977233887
1778609690.3591902,-23.60042381286621,-70.0488052368164,24.25343132019043,11.601550102233887
1778609690.394239,-21.629411697387695,-71.1034927368164,24.851545333862305,11.513660430908203
1778609690.4294536,-18.88570213317871,-73.12498474121094,22.36610984802246,10.107406616210938
1778609690.4647703,-15.466123580932617,-76.46480560302734,17.10325813293457,6.591770648956299
1778609690.5010345,-11.49191665649414,-81.123046875,9.714529037475586,1.3183457851409912
1778609690.5342839,-7.10447359085083,-86.48435974121094,1.1165417432785034,-3.867216110229492
1778609690.5680764,-2.46034836769104,-91.7577896118164,-7.62250280380249,-8.613295555114746
1778609690.6048305,2.2743093967437744,-95.97653198242188,-15.415438652038574,-12.392602920532227
1778609690.638073,6.929683685302734,-97.03121185302734,-21.29143714904785,-13.623075485229492
1778609690.675042,11.33838176727295,-97.20700073242188,-24.51713752746582,-13.623075485229492
1778609690.7101014,15.34146499633789,-97.20700073242188,-24.6884765625,-13.00783920288086
1778609690.7452347,18.794200897216797,-97.20700073242188,-21.781681060791016,-10.371113777160645
1778609690.778701,21.571332931518555,-97.20700073242188,-16.156936645507812,-6.591805934906006
1778609690.8155746,23.57166290283203,-97.20700073242188,-8.514142990112305,-0.8789260387420654
1778609690.8490345,24.721792221069336,-97.20700073242188,0.19385884702205658,5.009735107421875
1778609690.883875,24.978878021240234,-97.20700073242188,8.879877090454102,8.701151847839355
1778609690.9189937,24.33228302001953,-97.20700073242188,16.458030700683594,10.283187866210938
1778609690.9540725,22.804075241088867,-96.59178924560547,21.979581832885742,10.634751319885254
1778609690.989154,20.448348999023438,-95.18553924560547,24.751911163330078,10.546859741210938
1778609691.0243948,17.3493595123291,-92.54881286621094,24.42572593688965,8.525370597839355
1778609691.0594685,13.618582725524902,-88.76953125,21.03944969177246,3.3398358821868896
1778609691.0945864,9.390743255615234,-84.37498474121094,15.015124320983887,-3.2519795894622803
1778609691.1296456,4.818995952606201,-79.892578125,7.106194019317627,-11.074240684509277
1778609691.1650007,0.06940992921590805,-74.97069549560547,-1.696431279182434,-18.369155883789062
1778609691.2000194,-4.685047626495361,-72.1581802368164,-10.288336753845215,-22.939481735229492
1778609691.2348707,-9.270801544189453,-70.57614135742188,-17.590120315551758,-24.257844924926758
1778609691.2702332,-13.520010948181152,-70.13671875,-22.683103561401367,-24.257844924926758
1778609691.3071816,-17.2767333984375,-70.13671875,-24.92513656616211,-23.730499267578125
1778609691.340339,-20.40266990661621,-70.13671875,-24.031909942626953,-21.181663513183594
1778609691.3748593,-22.782304763793945,-70.13671875,-20.1133975982666,-16.435556411743164
1778609691.4087675,-24.327220916748047,-70.13671875,-13.660736083984375,-11.513693809509277
1778609691.445889,-24.97943878173828,-70.13671875,-5.4850358963012695,-4.658234119415283
1778609691.4808264,-24.713659286499023,-70.13671875,3.384289264678955,1.230454921722412
1778609691.5142257,-23.538299560546875,-70.57614135742188,11.828977584838867,4.6581711769104
1778609691.5492833,-21.495311737060547,-71.8066177368164,18.78289031982422,6.591770648956299
1778609691.584356,-18.658740997314453,-73.91600036621094,23.366743087768555,6.855443477630615
1778609691.619383,-15.132110595703125,-77.43163299560547,24.999534606933594,6.767552375793457
1778609691.654734,-11.044695854187012,-82.0019302368164,23.47255516052246,6.679661750793457
1778609691.689674,-6.546830177307129,-87.89061737060547,18.976455688476562,3.515617609024048
1778609691.7248363,-1.8044131994247437,-93.42771911621094,12.077860832214355,-1.0547077655792236
1778609691.7600822,3.007183313369751,-96.67965698242188,3.6483263969421387,-7.558604717254639
1778609691.7951736,7.70958948135376,-97.73434448242188,-5.245517253875732,-13.623075485229492
1778609691.8302486,12.128050804138184,-97.82225799560547,-13.476792335510254,-17.402355194091797
1778609691.863438,16.09793472290039,-97.82225799560547,-20.00116539001465,-18.369155883789062
1778609691.9004683,19.47089385986328,-97.82225799560547,-23.989503860473633,-18.369155883789062
1778609691.9354734,22.120447158813477,-97.82225799560547,-24.93352699279785,-17.84181022644043
1778609691.9701943,23.94676399230957,-97.91011810302734,-22.710954666137695,-14.941438674926758
1778609692.0053768,24.880495071411133,-97.82225799560547,-17.60175132751465,-10.371113777160645
1778609692.0390964,24.88545036315918,-97.82225799560547,-10.253273963928223,-5.712924480438232
1778609692.0743384,23.9600830078125,-97.73434448242188,-1.5985876321792603,0.6152188181877136
1778609692.109177,22.137651443481445,-96.767578125,7.261767387390137,6.328097820281982
1778609692.1442943,19.485107421875,-95.18553924560547,15.199620246887207,9.667951583862305
1778609692.1793344,16.100690841674805,-92.2851333618164,21.202865600585938,10.898423194885254
1778609692.214775,12.110349655151367,-88.41796112060547,24.50469970703125,10.81053352355957
1778609692.2496874,7.663110256195068,-83.84764099121094,24.6818790435791,10.107406616210938
1778609692.284823,2.925543785095215,-79.45309448242188,21.709354400634766,6.767552375793457
1778609692.3198047,-1.9244418144226074,-74.61912536621094,15.964204788208008,1.6699093580245972
1778609692.3548727,-6.7042670249938965,-71.8945083618164,8.178204536437988,-4.482452392578125
1778609692.3901052,-11.233551979064941,-70.57614135742188,-0.6550697088241577,-10.634785652160645
1778609692.4254754,-15.340937614440918,-70.40036010742188,-9.406813621520996,-15.380892753601074
1778609692.4605238,-18.870588302612305,-70.40036010742188,-16.957183837890625,-17.66602897644043
1778609692.4954658,-21.68814468383789,-70.40036010742188,-22.33867073059082,-17.66602897644043
1778609692.5307152,-23.68588638305664,-70.40036010742188,-24.860309600830078,-17.66602897644043
1778609692.5655618,-24.786897659301758,-70.40036010742188,-24.19672393798828,-14.941438674926758
1778609692.600865,-24.948102951049805,-70.40036010742188,-20.430519104003906,-10.898458480834961
1778609692.6357458,-24.16200828552246,-70.48828125,-14.04242992401123,-5.273469924926758
1778609692.6689885,-22.457117080688477,-71.5429458618164,-5.850347518920898,1.3183457851409912
1778609692.7059119,-19.896957397460938,-74.09178161621094,3.0951075553894043,6.855443477630615
1778609692.7386665,-16.577789306640625,-77.43163299560547,11.645146369934082,11.07420539855957
1778609692.7740722,-12.625044822692871,-81.6503677368164,18.700319290161133,14.238249778747559
1778609692.8096614,-8.188637733459473,-87.53905487060547,23.352018356323242,15.117158889770508
1778609692.844565,-3.4373230934143066,-93.07615661621094,24.999755859375,15.029267311096191
1778609692.8797083,1.447696566581726,-96.67965698242188,23.429046630859375,14.238249778747559
1778609692.9148874,6.279660224914551,-98.08590698242188,18.839736938476562,10.458970069885254
1778609692.950009,10.87338638305664,-98.43746948242188,11.821002960205078,4.921844005584717
1778609692.9850414,15.052382469177246,-98.43746948242188,3.2760846614837646,-1.5820530652999878
1778609693.0201921,18.6556453704834,-98.43746948242188,-5.69368839263916,-7.646495819091797
1778609693.0554779,21.54390525817871,-98.43746948242188,-13.930712699890137,-11.865257263183594
1778609693.0906274,23.605052947998047,-98.43746948242188,-20.37052345275879,-13.271512031555176
1778609693.1256425,24.758546829223633,-98.43746948242188,-24.179527282714844,-13.271512031555176
1778609693.1607537,24.958629608154297,-98.43746948242188,-24.86319923400879,-12.744166374206543
1778609693.1951118,24.196203231811523,-98.34960174560547,-22.330678939819336,-10.195331573486328
1778609693.2304265,22.499311447143555,-97.294921875,-16.907264709472656,-6.416024208068848
1778609693.2639227,19.932178497314453,-95.80074310302734,-9.293034553527832,-1.4941622018814087
1778609693.2991161,16.592844009399414,-92.81248474121094,-0.4728349447250366,4.5702805519104
1778609693.3343525,12.609484672546387,-88.8573989868164,8.410880088806152,7.910134315490723
1778609693.369246,8.13554859161377,-84.11132049560547,16.20594024658203,9.316388130187988
1778609693.4043741,3.343883991241455,-79.80465698242188,21.89995765686035,9.228497505187988
1778609693.439782,-1.5799074172973633,-75.05857849121094,24.75202178955078,8.789043426513672
1778609693.4746966,-6.444640636444092,-72.5097427368164,24.389446258544922,6.503879547119141
1778609693.5099163,-11.060968399047852,-71.19140625,20.85687255859375,2.4609272480010986
1778609693.5449967,-15.248764038085938,-70.7519302368164,14.611224174499512,-2.900416135787964
