dt,yaw_cmd,yaw_pos,pitch_cmd,pitch_pos
0.3,0.0,-11.777339935302734,0.0,1.7578002214431763
0.32,0.0,-11.777339935302734,-6.224146366119385,1.7578002214431763
0.32,0.0,-11.777339935302734,-7.73600959777832,2.1972546577453613
0.32,0.0,-11.777339935302734,-10.664216995239258,4.130825996398926
0.32,0.0,-11.777339935302734,-10.664216995239258,8.173807144165039
0.32,0.0,-11.777339935302734,-14.730626106262207,12.392568588256836
0.32,0.0,-11.777339935302734,-17.160354614257812,17.92966651916504
0.32,0.0,-11.777339935302734,-17.160354614257812,25.927709579467773
0.34,0.0,-11.777339935302734,-20.284141540527344,30.937488555908203
0.38,0.0,-11.777339935302734,-21.969362258911133,38.58396911621094
0.4,0.0,-11.777339935302734,-23.303096771240234,46.318336486816406
0.44,0.0,-11.777339935302734,-23.303096771240234,54.05270004272461
0.48,0.0,-11.777339935302734,-24.59664535522461,60.38082504272461
0.52,0.0,-11.777339935302734,-24.965457916259766,65.21481323242188
0.54,0.0,-11.777339935302734,-24.965457916259766,71.54293823242188
0.58,0.0,-11.777339935302734,-24.760101318359375,77.51950073242188
0.6,0.0,-11.777339935302734,-24.11875343322754,80.68356323242188
0.64,0.0,-11.777339935302734,-24.11875343322754,84.90231323242188
0.68,0.0,-11.777339935302734,-22.42281723022461,88.85739135742188
0.7000000000000001,0.0,-11.777339935302734,-20.82797622680664,91.3183364868164
0.74,0.0,-11.777339935302734,-19.90007209777832,93.07614135742188
0.78,0.0,-11.777339935302734,-17.801616668701172,94.48239135742188
0.8,0.0,-11.777339935302734,-17.801616668701172,95.53707885742188
0.84,0.0,-11.777339935302734,-16.639432907104492,97.29489135742188
0.88,0.0,-11.777339935302734,-11.349808692932129,98.96481323242188
0.92,0.0,-11.777339935302734,-8.396409034729004,99.58004760742188
0.9400000000000001,0.0,-11.777339935302734,-5.300587177276611,99.66793823242188
0.98,0.0,-11.777339935302734,-5.300587177276611,99.58004760742188
1.02,0.0,-11.777339935302734,-3.7151145935058594,98.96481323242188
1.06,0.0,-11.865202903747559,-0.5018197298049927,96.6796646118164
1.1,0.0,-11.953121185302734,5.906596660614014,93.16403198242188
1.12,0.0,-11.953121185302734,8.994436264038086,89.03317260742188
1.16,0.0,-11.953121185302734,10.486217498779297,82.96871948242188
1.2,0.0,-11.953121185302734,13.333876609802246,75.32223510742188
1.22,0.0,-11.953121185302734,15.960205078125,70.13668823242188
1.26,0.0,-11.953121185302734,17.176137924194336,64.16012573242188
1.3,0.0,-11.953121185302734,19.387319564819336,58.271453857421875
1.32,0.0,-11.953121185302734,19.387319564819336,50.97652816772461
1.36,0.0,-11.953121185302734,20.37296485900879,45.26364517211914
1.4000000000000001,0.0,-11.953121185302734,23.4195613861084,39.90232849121094
1.44,0.0,-11.953121185302734,24.35921859741211,33.574188232421875
1.46,0.0,-11.953121185302734,24.35921859741211,25.22458267211914
1.5,0.0,-11.953121185302734,24.988170623779297,19.248029708862305
1.54,0.0,-11.953121185302734,24.874675750732422,14.677703857421875
1.56,0.0,-11.953121185302734,24.874675750732422,9.667951583862305
1.6,0.0,-11.953121185302734,23.90662956237793,5.185516834259033
1.6400000000000001,0.0,-11.953121185302734,22.743568420410156,1.8456910848617554
1.6600000000000001,0.0,-11.953121185302734,22.743568420410156,-1.0547077655792236
1.7,0.0,-11.953121185302734,20.2691593170166,-4.482452392578125
1.74,0.0,-11.953121185302734,18.172771453857422,-6.943369388580322
1.76,0.0,-11.865202903747559,15.75912094116211,-7.3828229904174805
1.8,0.0,-11.953121185302734,14.445901870727539,-7.646495819091797
1.84,0.0,-11.953121185302734,11.634665489196777,-7.734386444091797
1.8800000000000001,0.0,-11.953121185302734,8.617646217346191,-7.646495819091797
1.9000000000000001,0.0,-11.865202903747559,5.446884632110596,-6.679696559906006
1.94,0.0,-11.953121185302734,5.446884632110596,-4.482452392578125
1.98,0.0,-11.953121185302734,0.5233946442604065,-2.988306999206543
2.02,0.0,-11.865202903747559,-2.786876678466797,-0.8789260387420654
2.04,0.0,-11.953121185302734,-6.051641464233398,3.8671536445617676
2.08,0.0,-11.865202903747559,-7.648870944976807,7.910134315490723
2.12,0.0,-11.953121185302734,-10.737565040588379,12.04100513458252
2.14,0.0,-11.865202903747559,-10.737565040588379,18.19333839416504
2.18,0.0,-11.953121185302734,-15.004179954528809,22.58788299560547
2.22,0.0,-11.865202903747559,-17.529783248901367,26.367162704467773
2.2600000000000002,0.0,-11.953121185302734,-19.746280670166016,31.992177963256836
2.2800000000000002,0.0,-11.953121185302734,-19.746280670166016,41.04491424560547
2.32,0.0,-11.953121185302734,-20.725730895996094,47.46091842651367
2.36,0.0,-11.865202903747559,-22.40448760986328,53.261688232421875
2.38,0.0,-11.865202903747559,-24.54128074645996,59.589813232421875
2.42,0.0,-11.865202903747559,-24.54128074645996,65.65426635742188
2.46,0.0,-11.865202903747559,-24.99889373779297,72.0702896118164
2.5,0.0,-11.865202903747559,-24.742115020751953,78.31051635742188
2.52,0.0,-11.865202903747559,-24.742115020751953,83.32028198242188
2.56,0.0,-11.865202903747559,-23.522178649902344,87.36325073242188
2.6,0.0,-11.865202903747559,-22.17179298400879,90.08786010742188
2.62,0.0,-11.865202903747559,-20.417613983154297,92.9003677368164
2.66,0.0,-11.865202903747559,-20.417613983154297,95.3613052368164
2.7,0.0,-11.865202903747559,-17.0981502532959,97.29489135742188
2.74,0.0,-11.865202903747559,-14.483559608459473,98.87692260742188
2.7600000000000002,0.0,-11.865202903747559,-14.483559608459473,99.14058685302734
2.8000000000000003,0.0,-11.865202903747559,-10.076112747192383,99.31637573242188
2.84,0.0,-11.865202903747559,-6.891493320465088,99.40426635742188
2.86,0.0,-11.865202903747559,-3.5768918991088867,99.40426635742188
2.9,0.0,-11.865202903747559,-3.5768918991088867,99.22848510742188
2.94,0.0,-11.953121185302734,1.5055915117263794,98.61324310302734
2.96,0.0,-11.953121185302734,4.876628875732422,95.97653198242188
3.0,0.0,-11.953121185302734,4.876628875732422,90.17575073242188
3.04,0.0,-11.953121185302734,9.751266479492188,85.07808685302734
3.06,0.0,-11.953121185302734,12.791302680969238,79.10152435302734
3.1,0.0,-11.953121185302734,12.791302680969238,71.27926635742188
3.14,0.0,-11.953121185302734,16.894153594970703,66.44528198242188
3.18,0.0,-11.953121185302734,19.2490177154541,60.82027816772461
3.22,0.0,-11.953121185302734,21.246217727661133,52.38277816772461
3.24,0.0,-11.953121185302734,22.84718894958496,44.47262954711914
3.2800000000000002,0.0,-11.953121185302734,23.489002227783203,37.96873092651367
3.3200000000000003,0.0,-11.953121185302734,24.439361572265625,32.16796112060547
3.34,0.0,-11.953121185302734,24.74308204650879,26.455053329467773
3.38,0.0,-11.953121185302734,24.999549865722656,21.445301055908203
3.4,0.0,-11.953121185302734,24.999549865722656,15.380830764770508
3.44,0.0,-11.953121185302734,24.499176025390625,11.07420539855957
3.48,0.0,-11.953121185302734,23.582632064819336,6.855443477630615
3.5,0.0,-11.953121185302734,23.582632064819336,2.9882724285125732
3.54,0.0,-11.953121185302734,21.373268127441406,-0.43947166204452515
3.58,0.0,-11.953121185302734,19.38292121887207,-2.988306999206543
3.62,0.0,-11.953121185302734,19.38292121887207,-4.570343017578125
3.64,0.0,-11.953121185302734,14.329628944396973,-7.558604717254639
3.68,0.0,-11.953121185302734,14.329628944396973,-9.667985916137695
3.72,0.0,-11.953121185302734,9.790511131286621,-9.755876541137695
3.74,0.0,-11.953121185302734,6.512744903564453,-9.667985916137695
3.7800000000000002,0.0,-11.953121185302734,4.821495056152344,-9.316422462463379
3.8200000000000003,0.0,-11.953121185302734,1.3748135566711426,-6.503914833068848
3.84,0.0,-11.953121185302734,-2.1019585132598877,-1.9336165189743042
3.88,0.0,-11.953121185302734,-3.830604076385498,2.5488181114196777
3.92,0.0,-11.953121185302734,-7.2264299392700195,6.328097820281982
3.96,0.0,-11.953121185302734,-10.48526668548584,11.337878227233887
3.98,0.0,-11.953121185302734,-10.48526668548584,17.665992736816406
4.0200000000000005,0.0,-11.953121185302734,-14.977856636047363,22.76366424560547
4.0600000000000005,0.0,-11.953121185302734,-17.622900009155273,26.894508361816406
4.1,0.0,-11.953121185302734,-19.925691604614258,32.69530487060547
4.12,0.0,-11.953121185302734,-19.925691604614258,41.48436737060547
4.16,0.0,-11.953121185302734,-22.639062881469727,47.28513717651367
4.2,0.0,-11.953121185302734,-23.900463104248047,54.58004379272461
4.22,0.0,-11.953121185302734,-23.900463104248047,62.66598129272461
4.26,0.0,-11.953121185302734,-24.905874252319336,67.76363372802734
4.3,0.0,-11.953121185302734,-24.96360969543457,73.91598510742188
4.32,0.0,-11.953121185302734,-24.52682113647461,79.45309448242188
4.36,0.0,-11.953121185302734,-24.124841690063477,83.23239135742188
4.38,0.0,-11.953121185302734,-22.9627742767334,86.7480239868164
4.42,0.0,-11.953121185302734,-22.9627742767334,90.08786010742188
4.46,0.0,-11.953121185302734,-20.369487762451172,93.51559448242188
4.48,0.0,-11.953121185302734,-18.1221923828125,95.27340698242188
4.5200000000000005,0.0,-11.953121185302734,-16.858659744262695,95.62496948242188
4.5600000000000005,0.0,-11.953121185302734,-14.082782745361328,96.3281021118164
4.58,0.0,-11.953121185302734,-14.082782745361328,96.41598510742188
4.62,0.0,-11.953121185302734,-12.584131240844727,96.7675552368164
4.66,0.0,-11.953121185302734,-12.584131240844727,97.99801635742188
4.7,0.0,-11.953121185302734,-2.5293400287628174,98.96481323242188
4.74,0.0,-11.953121185302734,1.024344801902771,98.96481323242188
4.76,0.0,-11.953121185302734,1.024344801902771,99.05269622802734
4.8,0.0,-11.953121185302734,2.7992382049560547,98.87692260742188
4.84,0.0,-11.953121185302734,9.676461219787598,98.52535247802734
4.88,0.0,-11.953121185302734,12.85919189453125,95.88864135742188
4.9,0.0,-12.040985107421875,12.85919189453125,89.99996185302734
4.94,0.0,-12.040985107421875,17.128276824951172,83.23239135742188
4.98,0.0,-12.040985107421875,19.55159568786621,75.76168823242188
5.0,0.0,-12.040985107421875,21.576541900634766,64.59957122802734
5.04,0.0,-12.040985107421875,22.425918579101562,54.84371566772461
5.08,0.0,-12.040985107421875,23.775829315185547,46.406227111816406
5.1000000000000005,0.0,-12.040985107421875,24.637292861938477,39.55076599121094
5.14,0.0,-12.040985107421875,24.87844467163086,32.871089935302734
5.18,0.0,-12.040985107421875,24.97441291809082,27.42185401916504
5.2,0.0,-12.040985107421875,24.55345916748047,21.884756088256836
5.24,0.0,-12.040985107421875,24.15096664428711,17.402320861816406
5.28,0.0,-12.040985107421875,22.971464157104492,13.710905075073242
5.3,0.0,-12.040985107421875,21.312896728515625,10.107406616210938
5.34,0.0,-12.040985107421875,20.31395149230957,7.558570861816406
5.38,0.0,-12.040985107421875,18.00196647644043,5.800752639770508
5.4,0.0,-12.040985107421875,15.311354637145996,4.5702805519104
5.44,0.0,-12.040985107421875,13.841041564941406,4.394498825073242
5.48,0.0,-12.040985107421875,10.688347816467285,4.394498825073242
5.5,0.0,-12.040985107421875,7.308018207550049,4.482389450073242
5.54,0.0,-12.040985107421875,5.554360389709473,5.097625732421875
5.5600000000000005,0.0,-12.040985107421875,1.9659678936004639,7.470679759979248
5.6000000000000005,0.0,-12.040985107421875,1.9659678936004639,10.898423194885254
5.64,0.0,-12.040985107421875,-3.477022171020508,12.568350791931152
5.66,0.0,-12.040985107421875,-7.034057140350342,15.029267311096191
5.7,0.0,-12.040985107421875,-8.762548446655273,19.248029708862305
5.74,0.0,-12.040985107421875,-12.073320388793945,24.169891357421875
5.76,0.0,-12.040985107421875,-12.073320388793945,29.794906616210938
5.8,0.0,-12.040985107421875,-16.542970657348633,36.210914611816406
5.84,0.0,-12.040985107421875,-19.09788703918457,43.15426254272461
5.86,0.0,-12.040985107421875,-21.24692153930664,50.53708267211914
5.9,0.0,-12.040985107421875,-21.24692153930664,59.501922607421875
5.94,0.0,-12.040985107421875,-23.608705520629883,64.77536010742188
5.98,0.0,-12.040985107421875,-24.55744171142578,70.22457885742188
6.0,0.0,-12.040985107421875,-24.834835052490234,76.99215698242188
6.04,0.0,-12.040985107421875,-24.987241744995117,81.8261489868164
6.0600000000000005,0.0,-12.040985107421875,-24.600311279296875,87.18746185302734
6.1000000000000005,0.0,-12.040985107421875,-24.600311279296875,92.10933685302734
6.140000000000001,0.0,-12.040985107421875,-23.026723861694336,95.8007583618164
6.18,0.0,-12.040985107421875,-21.346487045288086,98.34957885742188
6.2,0.0,-12.040985107421875,-21.346487045288086,101.2499771118164
6.24,0.0,-12.040985107421875,-17.96691131591797,103.79879760742188
6.28,0.0,-12.040985107421875,-15.21073055267334,104.8534927368164
6.3,0.0,-12.040985107421875,-15.21073055267334,104.8534927368164
6.34,0.0,-12.040985107421875,-10.469168663024902,104.94137573242188
6.38,0.0,-12.040985107421875,-7.002863883972168,104.94137573242188
6.4,0.0,-12.040985107421875,-7.002863883972168,104.94137573242188
6.44,0.0,-12.040985107421875,-1.5336923599243164,104.94137573242188
6.48,0.0,-12.040985107421875,2.1758265495300293,104.15036010742188
6.5,0.0,-12.12890338897705,2.1758265495300293,100.89840698242188
6.54,0.0,-12.392548561096191,4.019021987915039,96.06442260742188
6.58,0.0,-12.480466842651367,7.631340980529785,91.8456802368164
6.6000000000000005,0.0,-12.480466842651367,14.283110618591309,87.71481323242188
6.640000000000001,0.0,-12.480466842651367,15.771986961364746,82.08981323242188
6.68,0.0,-12.480466842651367,18.48077964782715,74.61911010742188
6.7,0.0,-12.480466842651367,20.78069305419922,65.21481323242188
6.74,0.0,-12.480466842651367,21.760540008544922,56.689422607421875
6.78,0.0,-12.392548561096191,23.351842880249023,50.36129379272461
6.8,0.0,-12.480466842651367,23.954038619995117,43.681610107421875
6.84,0.0,-12.480466842651367,24.75373649597168,37.52927780151367
6.86,0.0,-12.480466842651367,24.998876571655273,30.849597930908203
6.9,0.0,-12.480466842651367,24.998876571655273,24.785127639770508
6.94,0.0,-12.480466842651367,24.314739227294922,20.126937866210938
6.96,0.0,-12.480466842651367,23.170082092285156,16.08395767211914
7.0,0.0,-12.480466842651367,23.170082092285156,12.30467700958252
7.04,0.0,-12.480466842651367,20.480886459350586,8.964824676513672
7.0600000000000005,0.0,-12.392548561096191,18.09700584411621,6.855443477630615
7.1000000000000005,0.0,-12.480466842651367,18.09700584411621,6.064425468444824
7.140000000000001,0.0,-12.480466842651367,13.766257286071777,3.8671536445617676
7.18,0.0,-12.480466842651367,10.469929695129395,2.4609272480010986
7.22,0.0,-12.480466842651367,6.931837558746338,2.636708974838257
7.26,0.0,-12.480466842651367,6.931837558746338,3.691399097442627
7.28,0.0,-12.480466842651367,5.096990585327148,6.240207195281982
7.32,0.0,-12.480466842651367,-2.435657024383545,7.7343525886535645
7.36,0.0,-12.392548561096191,-6.166806221008301,9.755843162536621
7.4,0.0,-12.480466842651367,-9.759657859802246,13.710905075073242
7.42,0.0,-12.480466842651367,-13.131059646606445,20.65428352355957
7.46,0.0,-12.480466842651367,-13.131059646606445,27.509742736816406
7.5,0.0,-12.392548561096191,-17.603126525878906,33.749969482421875
7.54,0.0,-12.480466842651367,-20.092613220214844,42.451168060302734
7.58,0.0,-12.480466842651367,-22.118576049804688,50.97652816772461
7.6000000000000005,0.0,-12.392548561096191,-22.118576049804688,60.732391357421875
7.640000000000001,0.0,-12.392548561096191,-24.18579864501953,65.74214935302734
7.68,0.0,-12.392548561096191,-24.867216110229492,71.71871948242188
7.7,0.0,-12.480466842651367,-24.867216110229492,79.36520385742188
7.74,0.0,-12.392548561096191,-24.991117477416992,84.99020385742188
7.78,0.0,-12.392548561096191,-24.029699325561523,89.56050872802734
7.82,0.0,-12.392548561096191,-22.69464111328125,92.72457885742188
7.84,0.0,-12.392548561096191,-20.82529640197754,95.62496948242188
7.88,0.0,-12.392548561096191,-20.82529640197754,97.91011810302734
7.92,0.0,-12.392548561096191,-17.115739822387695,100.28317260742188
7.96,0.0,-12.392548561096191,-14.122138977050781,102.48043823242188
7.98,0.0,-12.392548561096191,-10.791929244995117,103.53511810302734
8.02,0.0,-12.30468463897705,-9.024679183959961,103.53511810302734
8.06,0.0,-12.392548561096191,-5.3378190994262695,103.44723510742188
8.1,0.0,-12.392548561096191,-1.5208053588867188,102.91989135742188
8.120000000000001,0.0,-12.30468463897705,2.335890531539917,98.87692260742188
8.16,0.0,-12.568329811096191,4.2504143714904785,93.77925872802734
8.2,0.0,-12.568329811096191,7.994614124298096,88.33004760742188
8.22,0.0,-12.568329811096191,11.551135063171387,81.29879760742188
8.26,0.0,-12.568329811096191,13.232019424438477,75.58590698242188
8.28,0.0,-12.568329811096191,16.34819221496582,70.31246948242188
8.32,0.0,-12.568329811096191,16.34819221496582,62.92965316772461
8.36,0.0,-12.568329811096191,20.270462036132812,57.040985107421875
8.4,0.0,-12.568329811096191,22.29057502746582,51.064422607421875
8.42,0.0,-12.568329811096191,23.77479362487793,42.451168060302734
8.46,0.0,-12.568329811096191,24.303747177124023,35.59567642211914
8.48,0.0,-12.568329811096191,24.918363571166992,29.70701789855957
8.52,0.0,-12.568329811096191,24.918363571166992,23.554655075073242
8.56,0.0,-12.568329811096191,24.7078914642334,17.92966651916504
8.6,0.0,-12.568329811096191,23.81521224975586,13.359368324279785
8.620000000000001,0.0,-12.568329811096191,22.341947555541992,9.228497505187988
8.66,0.0,-12.568329811096191,22.341947555541992,5.888643741607666
8.700000000000001,0.0,-12.568329811096191,19.122318267822266,2.2851455211639404
8.74,0.0,-12.568329811096191,16.377140045166016,0.43943706154823303
8.78,0.0,-12.568329811096191,13.228241920471191,0.26365530490875244
8.82,0.0,-12.568329811096191,9.751821517944336,0.5273279547691345
8.84,0.0,-12.568329811096191,9.751821517944336,1.7578002214431763
8.88,0.0,-12.568329811096191,4.109953880310059,2.1972546577453613
8.92,0.0,-12.568329811096191,0.19819375872612,2.636708974838257
8.94,0.0,-12.568329811096191,0.19819375872612,5.712862014770508
8.98,0.0,-12.568329811096191,-5.6548662185668945,9.404278755187988
9.02,0.0,-12.568329811096191,-9.406248092651367,14.238249778747559
9.06,0.0,-12.568329811096191,-12.927602767944336,21.357410430908203
9.1,0.0,-12.568329811096191,-16.130767822265625,28.564434051513672
9.120000000000001,0.0,-12.568329811096191,-16.130767822265625,37.17771530151367
9.16,0.0,-12.568329811096191,-20.165098190307617,44.99997329711914
9.200000000000001,0.0,-12.568329811096191,-22.241514205932617,52.031219482421875
9.22,0.0,-12.568329811096191,-23.763431549072266,60.20504379272461
9.26,0.0,-12.568329811096191,-24.30350112915039,65.47848510742188
9.3,0.0,-12.568329811096191,-24.923933029174805,71.63082885742188
9.32,0.0,-12.568329811096191,-24.918663024902344,79.27730560302734
9.36,0.0,-12.568329811096191,-24.918663024902344,85.16598510742188
9.4,0.0,-12.568329811096191,-23.738515853881836,89.29684448242188
9.44,0.0,-12.568329811096191,-22.19676399230957,91.93356323242188
9.46,0.0,-12.568329811096191,-20.092411041259766,94.92184448242188
9.5,0.0,-12.568329811096191,-18.844913482666016,96.2402114868164
9.540000000000001,0.0,-12.392548561096191,-15.997968673706055,97.20700073242188
9.58,0.0,-12.392548561096191,-15.997968673706055,97.99801635742188
9.6,0.0,-12.392548561096191,-10.986177444458008,99.05269622802734
9.64,0.0,-12.392548561096191,-7.273248195648193,99.14058685302734
9.68,0.0,-12.392548561096191,-3.371490955352783,99.14058685302734
9.700000000000001,0.0,-12.392548561096191,0.6198745965957642,99.05269622802734
9.74,0.0,-12.392548561096191,2.617335319519043,98.78903198242188
9.78,0.0,-12.392548561096191,6.551800727844238,96.50387573242188
9.8,0.0,-12.392548561096191,10.321550369262695,91.40621948242188
9.84,0.0,-12.392548561096191,12.114005088806152,85.07808685302734
9.88,0.0,-12.392548561096191,15.455961227416992,77.34371948242188
9.9,0.0,-12.392548561096191,15.455961227416992,68.37887573242188
9.94,0.0,-12.392548561096191,19.7026424407959,60.996063232421875
9.98,0.0,-12.392548561096191,21.914640426635742,53.789031982421875
10.0,0.0,-12.392548561096191,22.811656951904297,46.406227111816406
10.040000000000001,0.0,-12.392548561096191,24.1577205657959,39.9902229309082
10.06,0.0,-12.392548561096191,24.597623825073242,32.16796112060547
10.1,0.0,-12.392548561096191,24.9958438873291,26.455053329467773
10.120000000000001,0.0,-12.392548561096191,24.743642807006836,21.621084213256836
10.16,0.0,-12.392548561096191,24.743642807006836,16.523412704467773
10.200000000000001,0.0,-12.392548561096191,23.161073684692383,12.392568588256836
10.22,0.0,-12.392548561096191,21.3409366607666,8.085916519165039
10.26,0.0,-12.392548561096191,21.3409366607666,5.712862014770508
10.3,0.0,-12.392548561096191,17.57807731628418,2.724599838256836
10.34,0.0,-12.392548561096191,14.475019454956055,0.7910005450248718
10.36,0.0,-12.392548561096191,14.475019454956055,0.6152188181877136
10.4,0.0,-12.392548561096191,9.129337310791016,0.6152188181877136
10.44,0.0,-12.392548561096191,5.240478515625,0.7031096816062927
10.48,0.0,-12.392548561096191,1.2097581624984741,2.900381565093994
10.52,0.0,-12.392548561096191,-2.8564836978912354,7.119115829467773
10.540000000000001,0.0,-12.392548561096191,-2.8564836978912354,12.392568588256836
10.58,0.0,-12.392548561096191,-8.787071228027344,16.787084579467773
10.620000000000001,0.0,-12.392548561096191,-12.4746732711792,21.796863555908203
10.64,0.0,-12.392548561096191,-12.4746732711792,27.86130714416504
10.68,0.0,-12.392548561096191,-14.200955390930176,34.101531982421875
10.72,0.0,-12.392548561096191,-17.36041259765625,40.6054573059082
10.76,0.0,-12.392548561096191,-22.223356246948242,47.02146530151367
10.78,0.0,-12.392548561096191,-22.223356246948242,55.89840316772461
10.82,0.0,-12.392548561096191,-23.086029052734375,63.984344482421875
10.86,0.0,-12.392548561096191,-24.946020126342773,70.04878997802734
10.88,0.0,-12.392548561096191,-24.878707885742188,76.46481323242188
10.92,0.0,-12.392548561096191,-24.878707885742188,82.35348510742188
10.96,0.0,-12.392548561096191,-23.52501678466797,86.92379760742188
11.0,0.0,-12.392548561096191,-21.820449829101562,90.17575073242188
11.02,0.0,-12.392548561096191,-19.52360725402832,92.81246948242188
11.06,0.0,-12.392548561096191,-19.52360725402832,94.74606323242188
11.1,0.0,-12.392548561096191,-15.104830741882324,96.15231323242188
11.120000000000001,0.0,-12.392548561096191,-11.624812126159668,96.5917739868164
11.16,0.0,-12.392548561096191,-9.75869369506836,96.5917739868164
11.200000000000001,0.0,-12.392548561096191,-5.8373308181762695,96.5917739868164
11.24,0.0,-12.392548561096191,-1.7532005310058594,96.41598510742188
11.26,0.0,-12.392548561096191,-1.7532005310058594,94.74606323242188
11.3,0.0,-12.392548561096191,4.4340691566467285,90.79098510742188
11.34,0.0,-12.392548561096191,8.434804916381836,84.81442260742188
11.38,0.0,-12.392548561096191,12.207201957702637,76.11325073242188
11.4,0.0,-12.392548561096191,13.974833488464355,70.04878997802734
11.44,0.0,-12.392548561096191,17.21155548095703,63.193328857421875
11.46,0.0,-12.392548561096191,19.97611427307129,55.546844482421875
11.5,0.0,-12.392548561096191,21.15651512145996,48.515594482421875
11.540000000000001,0.0,-12.392548561096191,23.071853637695312,41.30858612060547
11.56,0.0,-12.392548561096191,24.34947967529297,33.04684066772461
11.6,0.0,-12.392548561096191,24.34947967529297,25.048799514770508
11.64,0.0,-12.392548561096191,24.994123458862305,20.214828491210938
11.68,0.0,-12.392548561096191,24.556060791015625,14.853485107421875
11.700000000000001,0.0,-12.392548561096191,23.433095932006836,9.667951583862305
11.74,0.0,-12.392548561096191,22.6232967376709,6.152316093444824
11.78,0.0,-12.392548561096191,20.534313201904297,3.4277267456054688
11.82,0.0,-12.392548561096191,20.534313201904297,1.054673194885254
11.84,0.0,-12.392548561096191,14.699779510498047,-2.197289228439331
11.88,0.0,-12.392548561096191,14.699779510498047,-4.746124744415283
11.92,0.0,-12.392548561096191,9.197951316833496,-4.746124744415283
11.94,0.0,-12.392548561096191,5.180235385894775,-4.482452392578125
11.98,0.0,-12.392548561096191,5.180235385894775,-2.988306999206543
12.02,0.0,-12.392548561096191,-1.0900719165802002,0.43943706154823303
12.06,0.0,-12.392548561096191,-5.260885238647461,5.009735107421875
12.08,0.0,-12.392548561096191,-9.286160469055176,10.634751319885254
12.120000000000001,0.0,-12.392548561096191,-9.286160469055176,17.57810401916504
12.16,0.0,-12.392548561096191,-14.802306175231934,23.818328857421875
12.200000000000001,0.0,-12.392548561096191,-17.978343963623047,28.652326583862305
12.22,0.0,-12.392548561096191,-20.64472198486328,36.650367736816406
12.26,0.0,-12.392548561096191,-20.64472198486328,45.790992736816406
12.3,0.0,-12.392548561096191,-23.523818969726562,52.910125732421875
12.32,0.0,-12.392548561096191,-24.61396598815918,60.55660629272461
12.36,0.0,-12.392548561096191,-24.61396598815918,67.06051635742188
12.4,0.0,-12.392548561096191,-24.923194885253906,73.91598510742188
12.42,0.0,-12.392548561096191,-24.234127044677734,79.36520385742188
12.46,0.0,-12.392548561096191,-24.234127044677734,84.11128997802734
12.5,0.0,-12.392548561096191,-21.902706146240234,87.62692260742188
12.540000000000001,0.0,-12.392548561096191,-19.546077728271484,89.64839935302734
12.58,0.0,-12.392548561096191,-19.546077728271484,90.70309448242188
12.6,0.0,-12.392548561096191,-13.215261459350586,93.86715698242188
12.64,0.0,-12.392548561096191,-11.360261917114258,95.53707885742188
12.68,0.0,-12.392548561096191,-7.414235591888428,95.71286010742188
12.72,0.0,-12.392548561096191,-3.2493844032287598,95.71286010742188
12.74,0.0,-12.392548561096191,-3.2493844032287598,95.3613052368164
12.780000000000001,0.0,-12.392548561096191,3.143022060394287,93.95504760742188
12.82,0.0,-12.392548561096191,7.320263862609863,90.61520385742188
12.84,0.0,-12.392548561096191,7.320263862609863,84.46286010742188
12.88,0.0,-12.392548561096191,13.154406547546387,76.8163833618164
12.92,0.0,-12.392548561096191,16.588945388793945,69.60933685302734
12.94,0.0,-12.392548561096191,19.539169311523438,58.886688232421875
12.98,0.0,-12.392548561096191,19.539169311523438,49.65816879272461
13.02,0.0,-12.392548561096191,20.804553985595703,42.18749237060547
13.06,0.0,-12.392548561096191,24.259624481201172,36.562477111816406
13.1,0.0,-12.392548561096191,24.935462951660156,29.794906616210938
13.120000000000001,0.0,-12.392548561096191,24.935462951660156,21.445301055908203
13.16,0.0,-12.392548561096191,24.566204071044922,15.90817642211914
13.200000000000001,0.0,-12.392548561096191,23.406007766723633,11.513660430908203
13.22,0.0,-12.392548561096191,22.561941146850586,7.822243690490723
13.26,0.0,-12.392548561096191,20.37616729736328,4.746062278747559
13.280000000000001,0.0,-12.392548561096191,17.581802368164062,2.636708974838257
13.32,0.0,-12.392548561096191,17.581802368164062,2.2851455211639404
13.36,0.0,-12.392548561096191,12.432685852050781,1.054673194885254
13.4,0.0,-12.392548561096191,8.509387969970703,0.08787357062101364
13.44,0.0,-12.392548561096191,4.328022003173828,0.17576444149017334
13.46,0.0,-12.392548561096191,4.328022003173828,1.4941275119781494
13.5,0.0,-12.392548561096191,-2.15351939201355,5.185516834259033
13.540000000000001,0.0,-12.392548561096191,-6.425142288208008,9.052715301513672
13.56,0.0,-12.392548561096191,-6.425142288208008,14.414031982421875
13.6,0.0,-12.392548561096191,-12.437230110168457,20.56639289855957
13.64,0.0,-12.392548561096191,-16.00450897216797,25.839818954467773
13.66,0.0,-12.392548561096191,-19.09058380126953,31.640615463256836
13.700000000000001,0.0,-12.392548561096191,-20.42294692993164,39.6386604309082
13.72,0.0,-12.392548561096191,-22.614931106567383,46.845680236816406
13.76,0.0,-12.392548561096191,-22.614931106567383,56.95309066772461
13.8,0.0,-12.392548561096191,-24.60271453857422,64.59957122802734
13.82,0.0,-12.392548561096191,-24.99982261657715,70.40036010742188
13.86,0.0,-12.392548561096191,-24.99982261657715,78.57418823242188
13.9,0.0,-12.392548561096191,-24.16865348815918,83.49606323242188
13.94,0.0,-12.392548561096191,-22.685317993164062,88.15426635742188
13.96,0.0,-12.392548561096191,-20.50619125366211,90.96676635742188
14.0,0.0,-12.392548561096191,-20.50619125366211,92.9003677368164
14.040000000000001,0.0,-12.392548561096191,-16.080833435058594,94.83395385742188
14.06,0.0,-12.392548561096191,-12.489535331726074,95.27340698242188
14.1,0.0,-12.392548561096191,-10.54122257232666,95.27340698242188
14.14,0.0,-12.392548561096191,-6.413752555847168,95.27340698242188
14.16,0.0,-12.392548561096191,-6.413752555847168,94.92184448242188
14.200000000000001,0.0,-12.392548561096191,-4.266310691833496,92.28512573242188
14.24,0.0,-12.392548561096191,4.493000030517578,89.47262573242188
14.26,0.0,-12.392548561096191,8.736912727355957,85.42965698242188
14.3,0.0,-12.392548561096191,10.766432762145996,79.36520385742188
14.34,0.0,-12.392548561096191,14.561366081237793,72.68551635742188
14.36,0.0,-12.392548561096191,17.906217575073242,62.84176254272461
14.4,0.0,-12.392548561096191,19.376319885253906,54.755828857421875
14.44,0.0,-12.392548561096191,21.853702545166016,47.988250732421875
14.46,0.0,-12.392548561096191,21.853702545166016,39.28709411621094
14.5,0.0,-12.392548561096191,22.841230392456055,33.574188232421875
14.540000000000001,0.0,-12.392548561096191,24.948347091674805,27.59763526916504
14.58,0.0,-12.392548561096191,24.840314865112305,19.599592208862305
14.620000000000001,0.0,-12.392548561096191,24.840314865112305,13.623013496398926
14.64,0.0,-12.392548561096191,23.951751708984375,9.052715301513672
14.68,0.0,-12.392548561096191,21.219051361083984,5.361298561096191
14.72,0.0,-12.392548561096191,18.545194625854492,3.0761632919311523
14.76,0.0,-12.392548561096191,15.28328800201416,2.3730363845825195
14.780000000000001,0.0,-12.392548561096191,13.462976455688477,1.7578002214431763
14.82,0.0,-12.392548561096191,9.514993667602539,1.7578002214431763
14.84,0.0,-12.392548561096191,5.262063026428223,1.9335819482803345
14.88,0.0,-12.392548561096191,3.0629587173461914,5.009735107421875
14.92,0.0,-12.392548561096191,-1.3933528661727905,8.789043426513672
14.94,0.0,-12.392548561096191,-5.808806419372559,13.623013496398926
14.98,0.0,-12.392548561096191,-5.808806419372559,19.951156616210938
15.02,0.0,-12.392548561096191,-12.048362731933594,24.345672607421875
15.06,0.0,-12.392548561096191,-15.757698059082031,27.59763526916504
15.08,0.0,-12.392548561096191,-15.757698059082031,33.22262191772461
15.120000000000001,0.0,-12.392548561096191,-20.34773826599121,40.86913299560547
15.16,0.0,-12.392548561096191,-22.613445281982422,48.07613754272461
15.18,0.0,-12.392548561096191,-24.15386199951172,58.18355941772461
15.22,0.0,-12.392548561096191,-24.635089874267578,65.12691497802734
15.26,0.0,-12.392548561096191,-24.999046325683594,72.0702896118164
15.280000000000001,0.0,-12.392548561096191,-24.556331634521484,80.33200073242188
15.32,0.0,-12.392548561096191,-24.03533363342285,86.13278198242188
15.34,0.0,-12.392548561096191,-22.41396141052246,91.05465698242188
15.38,0.0,-12.392548561096191,-21.3262882232666,94.30661010742188
15.42,0.0,-12.392548561096191,-18.639997482299805,95.44918823242188
15.44,0.0,-12.392548561096191,-18.639997482299805,95.53707885742188
15.48,0.0,-12.392548561096191,-13.50366497039795,96.41598510742188
15.52,0.0,-12.392548561096191,-9.502035140991211,96.5917739868164
15.540000000000001,0.0,-12.392548561096191,-5.187408447265625,96.5917739868164
15.58,0.0,-12.392548561096191,-2.9562361240386963,96.5917739868164
15.620000000000001,0.0,-12.392548561096191,1.5628888607025146,96.41598510742188
15.64,0.0,-12.392548561096191,1.5628888607025146,94.13082122802734
15.68,0.0,-12.392548561096191,8.206198692321777,90.08786010742188
15.72,0.0,-12.392548561096191,12.332674980163574,84.72653198242188
15.74,0.0,-12.392548561096191,12.332674980163574,75.49801635742188
15.780000000000001,0.0,-12.392548561096191,17.729129791259766,67.85153198242188
15.82,0.0,-12.392548561096191,20.623682022094727,59.062469482421875
15.860000000000001,0.0,-12.392548561096191,22.839954376220703,49.92184066772461
15.88,0.0,-12.392548561096191,22.839954376220703,39.28709411621094
15.92,0.0,-12.392548561096191,24.735565185546875,32.34374237060547
15.96,0.0,-12.392548561096191,24.9831485748291,26.191381454467773
15.98,0.0,-12.392548561096191,24.9831485748291,19.423810958862305
16.02,0.0,-12.392548561096191,24.795738220214844,13.798794746398926
16.06,0.0,-12.392548561096191,22.02201271057129,9.843733787536621
16.080000000000002,0.0,-12.392548561096191,19.504077911376953,6.767552375793457
16.12,0.0,-12.392548561096191,19.504077911376953,5.888643741607666
16.16,0.0,-12.392548561096191,14.535447120666504,4.130825996398926
16.18,0.0,-12.392548561096191,10.587862014770508,3.0761632919311523
16.22,0.0,-12.392548561096191,8.471232414245605,3.1640541553497314
16.26,0.0,-12.392548561096191,4.0404744148254395,3.515617609024048
16.3,0.0,-12.392548561096191,-0.529312014579773,6.767552375793457
16.32,0.0,-12.392548561096191,-0.529312014579773,11.337878227233887
16.36,0.0,-12.392548561096191,-7.309120178222656,15.556612968444824
16.4,0.0,-12.392548561096191,-11.55689525604248,20.74217414855957
16.42,0.0,-12.392548561096191,-13.544301986694336,26.191381454467773
16.46,0.0,-12.392548561096191,-17.16166877746582,31.464834213256836
16.5,0.0,-12.392548561096191,-20.201276779174805,41.04491424560547
16.52,0.0,-12.392548561096191,-20.201276779174805,49.92184066772461
16.56,0.0,-12.392548561096191,-23.455322265625,58.974578857421875
16.6,0.0,-12.392548561096191,-24.644704818725586,65.47848510742188
16.62,0.0,-12.392548561096191,-24.644704818725586,74.17964935302734
16.66,0.0,-12.392548561096191,-24.853439331054688,80.68356323242188
16.7,0.0,-12.392548561096191,-23.932636260986328,86.3964614868164
16.72,0.0,-12.392548561096191,-22.19405174255371,92.10933685302734
16.76,0.0,-12.392548561096191,-21.0350284576416,94.57027435302734
16.8,0.0,-12.392548561096191,-18.18602180480957,95.27340698242188
16.82,0.0,-12.392548561096191,-14.711575508117676,95.53707885742188
16.86,0.0,-12.392548561096191,-14.711575508117676,95.53707885742188
16.9,0.0,-12.392548561096191,-8.589983940124512,95.53707885742188
16.94,0.0,-12.392548561096191,-4.105381488800049,95.53707885742188
16.96,0.0,-12.392548561096191,-4.105381488800049,95.44918823242188
17.0,0.0,-12.392548561096191,2.8433704376220703,95.18551635742188
17.04,0.0,-12.392548561096191,7.3909220695495605,92.9003677368164
17.06,0.0,-12.392548561096191,7.3909220695495605,87.71481323242188
17.1,0.0,-12.392548561096191,13.692238807678223,80.85934448242188
17.14,0.0,-12.392548561096191,17.333200454711914,73.38864135742188
17.18,0.0,-12.392548561096191,20.375104904174805,62.92965316772461
17.2,0.0,-12.392548561096191,20.375104904174805,51.767547607421875
17.240000000000002,0.0,-12.392548561096191,23.586870193481445,44.033172607421875
17.28,0.0,-12.392548561096191,24.716136932373047,36.03512954711914
17.3,0.0,-12.392548561096191,24.716136932373047,27.86130714416504
17.34,0.0,-12.392548561096191,24.7893009185791,21.796863555908203
17.38,0.0,-12.392548561096191,23.75223731994629,17.314430236816406
17.400000000000002,0.0,-12.392548561096191,23.75223731994629,13.007804870605469
17.44,0.0,-12.392548561096191,20.653579711914062,9.052715301513672
17.48,0.0,-12.392548561096191,17.66214370727539,6.679661750793457
17.5,0.0,-12.392548561096191,14.04727554321289,6.503879547119141
17.54,0.0,-12.392548561096191,14.04727554321289,6.591770648956299
17.580000000000002,0.0,-12.392548561096191,7.736557483673096,6.679661750793457
17.62,0.0,-12.392548561096191,3.1521151065826416,6.855443477630615
17.64,0.0,-12.392548561096191,3.1521151065826416,7.822243690490723
17.68,0.0,-12.392548561096191,-3.8880460262298584,10.98631477355957
17.72,0.0,-12.392548561096191,-8.448288917541504,14.941376686096191
17.740000000000002,0.0,-12.392548561096191,-8.448288917541504,22.148427963256836
17.78,0.0,-12.392548561096191,-14.684735298156738,27.77341651916504
17.82,0.0,-12.392548561096191,-18.223085403442383,33.310516357421875
17.84,0.0,-12.392548561096191,-18.223085403442383,42.89059066772461
17.88,0.0,-12.392548561096191,-19.756925582885742,50.36129379272461
17.92,0.0,-12.392548561096191,-24.018577575683594,58.623016357421875
17.94,0.0,-12.392548561096191,-24.018577575683594,66.35739135742188
17.98,0.0,-12.392548561096191,-24.9998836517334,73.56442260742188
18.02,0.0,-12.392548561096191,-24.537351608276367,80.33200073242188
18.04,0.0,-12.392548561096191,-24.537351608276367,87.45114135742188
18.080000000000002,0.0,-12.392548561096191,-23.973527908325195,92.81246948242188
18.12,0.0,-12.392548561096191,-22.20485496520996,95.27340698242188
18.14,0.0,-12.392548561096191,-16.35799789428711,97.03121185302734
18.18,0.0,-12.392548561096191,-14.488511085510254,97.82223510742188
18.22,0.0,-12.392548561096191,-10.372234344482422,97.82223510742188
18.240000000000002,0.0,-12.392548561096191,-5.877837181091309,97.82223510742188
18.28,0.0,-12.392548561096191,-5.877837181091309,97.55856323242188
18.32,0.0,-12.392548561096191,1.2160359621047974,96.6796646118164
18.36,0.0,-12.392548561096191,3.589151382446289,92.9003677368164
18.38,0.0,-12.392548561096191,5.9304890632629395,86.3085708618164
18.42,0.0,-12.392548561096191,12.552663803100586,78.39840698242188
18.46,0.0,-12.392548561096191,16.432512283325195,71.80661010742188
18.48,0.0,-12.392548561096191,19.715660095214844,61.611297607421875
18.52,0.0,-12.392548561096191,21.0946044921875,53.34957504272461
18.56,0.0,-12.392548561096191,23.263181686401367,45.966773986816406
18.580000000000002,0.0,-12.392548561096191,23.263181686401367,35.94723892211914
18.62,0.0,-12.392548561096191,24.032485961914062,28.828107833862305
18.66,0.0,-12.392548561096191,24.86345672607422,23.730438232421875
18.7,0.0,-12.392548561096191,23.908275604248047,18.10544776916504
18.740000000000002,0.0,-12.392548561096191,23.908275604248047,12.568350791931152
18.76,0.0,-12.392548561096191,20.84331703186035,8.437479972839355
18.8,0.0,-12.392548561096191,17.818984985351562,5.62497091293335
18.84,0.0,-12.392548561096191,14.134065628051758,4.394498825073242
18.86,0.0,-12.392548561096191,9.923457145690918,4.5702805519104
18.900000000000002,0.0,-12.392548561096191,9.923457145690918,5.976534366607666
18.94,0.0,-12.392548561096191,2.9647655487060547,7.470679759979248
18.98,0.0,-12.392548561096191,-1.8527978658676147,9.755843162536621
19.0,0.0,-12.392548561096191,-4.248246669769287,12.832022666931152
19.04,0.0,-12.392548561096191,-8.900899887084961,17.84177589416504
19.06,0.0,-12.392548561096191,-13.225152969360352,24.873018264770508
19.1,0.0,-12.392548561096191,-15.21282958984375,30.23436164855957
19.14,0.0,-12.392548561096191,-18.745759963989258,37.17771530151367
19.18,0.0,-12.392548561096191,-21.579927444458008,47.988250732421875
19.22,0.0,-12.392548561096191,-23.607603073120117,58.886688232421875
19.240000000000002,0.0,-12.392548561096191,-24.29341697692871,66.18161010742188
19.28,0.0,-12.392548561096191,-24.9755859375,73.12496948242188
19.3,0.0,-12.392548561096191,-24.71904182434082,80.59567260742188
19.34,0.0,-12.392548561096191,-24.71904182434082,87.45114135742188
19.38,0.0,-12.392548561096191,-24.239744186401367,92.37301635742188
19.400000000000002,0.0,-12.392548561096191,-20.106908798217773,94.92184448242188
19.44,0.0,-12.392548561096191,-18.56751823425293,95.8007583618164
19.48,0.0,-12.392548561096191,-14.975235939025879,95.88864135742188
19.52,0.0,-12.392548561096191,-10.813090324401855,95.97653198242188
19.54,0.0,-12.392548561096191,-8.56656551361084,95.97653198242188
19.580000000000002,0.0,-12.392548561096191,-3.8486926555633545,95.71286010742188
19.6,0.0,-12.392548561096191,1.018902063369751,93.86715698242188
19.64,0.0,-12.392548561096191,3.4510862827301025,90.08786010742188
19.68,0.0,-12.392548561096191,8.196303367614746,84.81442260742188
19.7,0.0,-12.392548561096191,12.632186889648438,76.20114135742188
19.740000000000002,0.0,-12.392548561096191,12.632186889648438,67.76363372802734
19.78,0.0,-12.392548561096191,18.338415145874023,59.677696228027344
19.82,0.0,-12.392548561096191,21.296852111816406,52.82223129272461
19.84,0.0,-12.392548561096191,23.44065284729004,42.714839935302734
19.88,0.0,-12.392548561096191,24.179475784301758,34.89255142211914
19.92,0.0,-12.392548561096191,24.954238891601562,28.300764083862305
19.94,0.0,-12.392548561096191,24.982200622558594,21.708972930908203
19.98,0.0,-12.392548561096191,24.316638946533203,16.435522079467773
20.0,0.0,-12.392548561096191,22.712621688842773,11.777332305908203
20.04,0.0,-12.392548561096191,21.576053619384766,8.964824676513672
20.080000000000002,0.0,-12.392548561096191,18.68754768371582,6.503879547119141
20.1,0.0,-12.392548561096191,15.073531150817871,5.449189186096191
20.14,0.0,-12.392548561096191,13.036775588989258,5.273407459259033
20.18,0.0,-12.392548561096191,8.601788520812988,5.449189186096191
20.2,0.0,-12.392548561096191,3.829439401626587,7.119115829467773
20.240000000000002,0.0,-12.392548561096191,1.3742121458053589,10.458970069885254
20.28,0.0,-12.392548561096191,-3.5550148487091064,14.589813232421875
20.3,0.0,-12.392548561096191,-8.349129676818848,20.830066680908203
20.34,0.0,-12.392548561096191,-10.636543273925781,26.10348892211914
20.38,0.0,-12.392548561096191,-14.8798828125,31.201162338256836
20.400000000000002,0.0,-12.392548561096191,-18.543949127197266,40.3417854309082
20.44,0.0,-12.392548561096191,-20.112462997436523,47.37302780151367
20.48,0.0,-12.392548561096191,-22.64457130432129,55.81051254272461
20.5,0.0,-12.392548561096191,-24.28915786743164,64.24801635742188
20.54,0.0,-12.392548561096191,-24.75638771057129,70.83981323242188
20.56,0.0,-12.392548561096191,-24.956451416015625,78.13473510742188
20.6,0.0,-12.392548561096191,-24.956451416015625,84.81442260742188
20.64,0.0,-12.392548561096191,-23.4200382232666,90.4394302368164
20.68,0.0,-12.392548561096191,-21.22735595703125,94.39450073242188
20.7,0.0,-12.392548561096191,-18.19349479675293,95.71286010742188
20.740000000000002,0.0,-12.392548561096191,-18.19349479675293,96.15231323242188
20.78,0.0,-12.392548561096191,-12.332560539245605,96.85543823242188
20.82,0.0,-12.392548561096191,-7.77579402923584,97.55856323242188
20.84,0.0,-12.392548561096191,-2.906716823577881,97.55856323242188
20.88,0.0,-12.392548561096191,-0.41512370109558105,97.55856323242188
20.900000000000002,0.0,-12.392548561096191,4.55821418762207,97.47066497802734
20.94,0.0,-12.392548561096191,4.55821418762207,96.15231323242188
20.98,0.0,-12.392548561096191,11.623374938964844,92.28512573242188
21.0,0.0,-12.392548561096191,15.79507827758789,86.7480239868164
21.04,0.0,-12.392548561096191,15.79507827758789,77.60739135742188
21.080000000000002,0.0,-12.392548561096191,20.826528549194336,69.69723510742188
21.1,0.0,-12.392548561096191,23.165210723876953,59.150360107421875
21.14,0.0,-12.392548561096191,23.990726470947266,49.74605941772461
21.18,0.0,-12.392548561096191,24.91136932373047,40.5175666809082
21.2,0.0,-12.392548561096191,24.91136932373047,31.289051055908203
21.240000000000002,0.0,-12.392548561096191,24.41172218322754,24.082000732421875
21.28,0.0,-12.392548561096191,22.84139060974121,18.281230926513672
21.3,0.0,-12.392548561096191,20.347068786621094,14.589813232421875
21.34,0.0,-12.392548561096191,20.347068786621094,13.271477699279785
21.38,0.0,-12.392548561096191,15.098987579345703,11.513660430908203
21.400000000000002,0.0,-12.392548561096191,10.800220489501953,10.722641944885254
21.44,0.0,-12.392548561096191,8.47362232208252,10.98631477355957
21.48,0.0,-12.392548561096191,3.5836308002471924,11.07420539855957
21.5,0.0,-12.392548561096191,-1.4555805921554565,13.974576950073242
21.54,0.0,-12.392548561096191,-3.9671103954315186,18.281230926513672
21.580000000000002,0.0,-12.392548561096191,-8.845885276794434,23.554655075073242
21.62,0.0,-12.392548561096191,-13.366846084594727,29.443344116210938
21.64,0.0,-12.392548561096191,-13.366846084594727,37.441383361816406
21.68,0.0,-12.392548561096191,-19.077049255371094,45.08786392211914
21.72,0.0,-12.392548561096191,-21.94053840637207,52.910125732421875
21.740000000000002,0.0,-12.392548561096191,-21.94053840637207,62.84176254272461
21.78,0.0,-12.392548561096191,-23.041484832763672,70.22457885742188
21.82,0.0,-12.392548561096191,-24.99925422668457,77.4316177368164
21.84,0.0,-12.392548561096191,-24.445362091064453,83.67183685302734
21.88,0.0,-12.392548561096191,-24.445362091064453,90.08786010742188
21.92,0.0,-12.392548561096191,-21.741729736328125,93.86715698242188
21.94,0.0,-12.392548561096191,-18.79631996154785,96.15231323242188
21.98,0.0,-12.392548561096191,-18.79631996154785,96.6796646118164
22.02,0.0,-12.392548561096191,-12.962687492370605,97.99801635742188
22.06,0.0,-12.392548561096191,-8.3627290725708,98.96481323242188
22.080000000000002,0.0,-12.392548561096191,-3.4123566150665283,99.05269622802734
22.12,0.0,-12.392548561096191,-3.4123566150665283,98.96481323242188
22.16,0.0,-12.392548561096191,4.219442367553711,98.70113372802734
22.2,0.0,-12.392548561096191,9.136065483093262,97.99801635742188
22.22,0.0,-12.392548561096191,13.674858093261719,93.95504760742188
22.26,0.0,-12.392548561096191,15.742240905761719,88.76949310302734
22.28,0.0,-12.392548561096191,19.364151000976562,82.61714935302734
22.32,0.0,-12.392548561096191,20.880319595336914,74.26753997802734
22.36,0.0,-12.392548561096191,23.242599487304688,65.83004760742188
22.400000000000002,0.0,-12.392548561096191,23.242599487304688,51.679656982421875
22.44,0.0,-12.392548561096191,24.06340980529785,39.90232849121094
22.46,0.0,-12.392548561096191,24.940013885498047,31.025379180908203
22.5,0.0,-12.392548561096191,24.76862335205078,23.554655075073242
22.52,0.0,-12.392548561096191,21.346052169799805,17.665992736816406
22.56,0.0,-12.392548561096191,19.896156311035156,13.623013496398926
22.6,0.0,-12.392548561096191,16.380247116088867,11.425768852233887
22.64,0.0,-12.392548561096191,12.168947219848633,11.162096977233887
22.66,0.0,-12.392548561096191,7.439241886138916,11.425768852233887
22.7,0.0,-12.392548561096191,4.9416985511779785,13.271477699279785
22.740000000000002,0.0,-12.392548561096191,-0.18659253418445587,17.138648986816406
22.76,0.0,-12.392548561096191,-5.3104400634765625,23.20311737060547
22.8,0.0,-12.392548561096191,-7.8022966384887695,28.124980926513672
22.84,0.0,-12.392548561096191,-12.512849807739258,33.749969482421875
22.86,0.0,-12.392548561096191,-16.692840576171875,43.15426254272461
22.900000000000002,0.0,-12.392548561096191,-18.526655197143555,50.71285629272461
22.92,0.0,-12.392548561096191,-21.58299446105957,59.238250732421875
22.96,0.0,-12.392548561096191,-21.58299446105957,67.06051635742188
23.0,0.0,-12.392548561096191,-24.408374786376953,75.14645385742188
23.04,0.0,-12.392548561096191,-24.998628616333008,81.73825073242188
23.06,0.0,-12.392548561096191,-24.51558494567871,88.94528198242188
23.1,0.0,-12.392548561096191,-23.875585556030273,93.86715698242188
23.14,0.0,-12.392548561096191,-21.831727981567383,96.7675552368164
23.16,0.0,-12.392548561096191,-18.84560203552246,99.40426635742188
23.2,0.0,-12.392548561096191,-18.84560203552246,101.2499771118164
23.240000000000002,0.0,-12.392548561096191,-10.590021133422852,102.91989135742188
23.28,0.0,-12.392548561096191,-10.590021133422852,104.06246185302734
23.32,0.0,-12.392548561096191,-8.177101135253906,104.06246185302734
23.34,0.0,-12.392548561096191,2.0960867404937744,104.06246185302734
23.38,0.0,-12.392548561096191,2.0960867404937744,103.71090698242188
23.42,0.0,-12.392548561096191,9.67059326171875,101.51364135742188
23.44,0.0,-12.392548561096191,14.243535995483398,97.99801635742188
23.48,0.0,-12.568329811096191,14.243535995483398,90.52731323242188
23.52,0.0,-12.568329811096191,19.889556884765625,83.32028198242188
23.56,0.0,-12.568329811096191,22.603160858154297,74.44332885742188
23.580000000000002,0.0,-12.568329811096191,22.603160858154297,63.10543441772461
23.62,0.0,-12.568329811096191,24.79817008972168,52.470672607421875
23.66,0.0,-12.568329811096191,24.914836883544922,43.593719482421875
23.68,0.0,-12.568329811096191,24.914836883544922,34.101531982421875
23.72,0.0,-12.568329811096191,23.051664352416992,27.59763526916504
23.76,0.0,-12.568329811096191,20.52715492248535,22.32421112060547
23.8,0.0,-12.568329811096191,20.52715492248535,18.720684051513672
23.84,0.0,-12.568329811096191,18.917007446289062,16.787084579467773
23.88,0.0,-12.568329811096191,8.153833389282227,15.468722343444824
23.900000000000002,0.0,-12.568329811096191,3.032182455062866,14.853485107421875
23.94,0.0,-12.568329811096191,3.032182455062866,15.117158889770508
23.98,0.0,-12.568329811096191,-4.835525035858154,16.435522079467773
24.02,0.0,-12.568329811096191,-9.865376472473145,19.951156616210938
24.04,0.0,-12.568329811096191,-12.230666160583496,24.785127639770508
24.080000000000002,0.0,-12.568329811096191,-16.530006408691406,28.828107833862305
24.1,0.0,-12.568329811096191,-20.096773147583008,35.50778579711914
24.14,0.0,-12.568329811096191,-21.553861618041992,43.33004379272461
24.18,0.0,-12.568329811096191,-23.733097076416016,52.031219482421875
24.2,0.0,-12.568329811096191,-24.430370330810547,62.49020767211914
24.240000000000002,0.0,-12.568329811096191,-24.99994468688965,69.69723510742188
24.28,0.0,-12.568329811096191,-24.451648712158203,78.57418823242188
24.3,0.0,-12.568329811096191,-23.763324737548828,86.04489135742188
24.34,0.0,-12.568329811096191,-21.595539093017578,93.77925872802734
24.36,0.0,-12.568329811096191,-18.457111358642578,99.49214935302734
24.400000000000002,0.0,-12.568329811096191,-16.565813064575195,104.76559448242188
24.44,0.0,-12.568329811096191,-12.244367599487305,109.86324310302734
24.48,0.0,-12.568329811096191,-7.3687028884887695,114.25778198242188
24.5,0.0,-12.568329811096191,-2.1575634479522705,116.36715698242188
24.54,0.0,-12.568329811096191,-2.1575634479522705,116.4550552368164
24.580000000000002,0.0,-12.568329811096191,5.773164749145508,116.4550552368164
24.62,0.0,-12.568329811096191,10.787795066833496,115.92770385742188
24.64,0.0,-12.568329811096191,15.317026138305664,113.90621185302734
24.68,0.0,-12.656248092651367,17.33401107788086,109.86324310302734
24.72,0.0,-12.744112014770508,20.757369995117188,104.8534927368164
24.740000000000002,0.0,-12.744112014770508,22.12433433532715,98.26168060302734
24.78,0.0,-12.744112014770508,24.089921951293945,90.4394302368164
24.8,0.0,-12.744112014770508,24.959680557250977,80.06832885742188
24.84,0.0,-12.744112014770508,24.691770553588867,67.76363372802734
24.88,0.0,-12.744112014770508,24.13227081298828,55.81051254272461
24.92,0.0,-12.744112014770508,22.19276237487793,46.054664611816406
24.94,0.0,-12.744112014770508,19.236562728881836,34.628875732421875
24.98,0.0,-12.744112014770508,19.236562728881836,24.873018264770508
25.02,0.0,-12.744112014770508,13.199252128601074,18.281230926513672
25.060000000000002,0.0,-12.744112014770508,8.372600555419922,13.798794746398926
25.080000000000002,0.0,-12.744112014770508,8.372600555419922,10.458970069885254
25.12,0.0,-12.744112014770508,0.47943276166915894,9.667951583862305
25.16,0.0,-12.744112014770508,-4.865814685821533,9.931624412536621
25.18,0.0,-12.744112014770508,-9.990142822265625,10.107406616210938
25.240000000000002,0.0,-12.744112014770508,-9.990142822265625,13.886686325073242
25.26,0.0,-12.744112014770508,-18.648109436035156,20.126937866210938
25.3,0.0,-12.744112014770508,-18.648109436035156,26.982398986816406
25.34,0.0,-12.744112014770508,-22.9738712310791,32.51952362060547
25.38,0.0,-12.744112014770508,-24.552324295043945,40.9570198059082
25.400000000000002,0.0,-12.744112014770508,-24.99125099182129,50.09762191772461
25.44,0.0,-12.744112014770508,-24.77419662475586,60.908172607421875
25.48,0.0,-12.744112014770508,-23.478260040283203,67.85153198242188
25.5,0.0,-12.744112014770508,-21.087236404418945,78.57418823242188
25.54,0.0,-12.744112014770508,-19.51338005065918,85.95700073242188
25.580000000000002,0.0,-12.744112014770508,-15.69968318939209,93.69136810302734
25.62,0.0,-12.744112014770508,-15.69968318939209,99.49214935302734
25.66,0.0,-12.744112014770508,-6.074151992797852,107.22654724121094
25.68,0.0,-12.744112014770508,-0.7108479738235474,112.76364135742188
25.72,0.0,-12.744112014770508,2.000558614730835,115.5761489868164
25.740000000000002,0.0,-12.744112014770508,7.323644638061523,117.07027435302734
25.78,0.0,-12.744112014770508,7.323644638061523,117.15816497802734
25.82,0.0,-12.744112014770508,14.594385147094727,117.15816497802734
25.84,0.0,-12.744112014770508,18.631513595581055,116.8066177368164
25.88,0.0,-12.744112014770508,20.33184051513672,115.5761489868164
25.92,0.0,-12.744112014770508,22.99454689025879,112.23628997802734
25.94,0.0,-12.744112014770508,24.57174301147461,106.0839614868164
25.98,0.0,-12.744112014770508,24.57174301147461,98.17378997802734
26.02,0.0,-12.744112014770508,24.74917984008789,89.91207885742188
26.04,0.0,-12.744112014770508,23.397079467773438,81.29879760742188
26.080000000000002,0.0,-12.744112014770508,22.297969818115234,71.27926635742188
26.12,0.0,-12.744112014770508,19.317604064941406,60.11715316772461
26.16,0.0,-12.744112014770508,15.415995597839355,49.30660629272461
26.18,0.0,-12.744112014770508,10.777280807495117,38.05662155151367
26.22,0.0,-12.832030296325684,10.777280807495117,29.355453491210938
26.26,0.0,-12.744112014770508,2.9254438877105713,23.994108200073242
26.3,0.0,-12.744112014770508,-2.5414810180664062,20.830066680908203
26.32,0.0,-12.744112014770508,-7.8902459144592285,19.423810958862305
26.36,0.0,-12.744112014770508,-10.43959903717041,19.599592208862305
26.400000000000002,0.0,-12.744112014770508,-15.13488483428955,19.687484741210938
26.44,0.0,-12.744112014770508,-19.106334686279297,22.499990463256836
26.46,0.0,-12.744112014770508,-22.16157341003418,26.894508361816406
26.5,0.0,-12.744112014770508,-22.16157341003418,31.728506088256836
26.54,0.0,-12.744112014770508,-23.29717254638672,38.14451217651367
26.560000000000002,0.0,-12.744112014770508,-24.940719604492188,46.054664611816406
26.6,0.0,-12.744112014770508,-24.600589752197266,54.40426254272461
26.64,0.0,-12.744112014770508,-23.033092498779297,63.10543441772461
26.66,0.0,-12.744112014770508,-23.033092498779297,71.71871948242188
26.7,0.0,-12.744112014770508,-21.824169158935547,82.08981323242188
26.740000000000002,0.0,-12.744112014770508,-14.526219367980957,90.52731323242188
26.78,0.0,-12.744112014770508,-9.716699600219727,97.03121185302734
26.8,0.0,-12.744112014770508,-4.43174934387207,102.21676635742188
26.84,0.0,-12.744112014770508,-1.6904970407485962,107.57808685302734
26.88,0.0,-12.744112014770508,3.8228399753570557,111.7089614868164
26.92,0.0,-12.744112014770508,9.15322494506836,113.90621185302734
26.94,0.0,-12.744112014770508,9.15322494506836,114.16989135742188
26.98,0.0,-12.744112014770508,16.24094009399414,114.16989135742188
27.02,0.0,-12.744112014770508,20.0224552154541,113.99410247802734
27.04,0.0,-12.744112014770508,20.0224552154541,113.02730560302734
27.080000000000002,0.0,-12.744112014770508,23.81438446044922,109.16012573242188
27.12,0.0,-12.744112014770508,24.90509033203125,104.41403198242188
27.14,0.0,-12.744112014770508,24.90509033203125,97.20700073242188
27.18,0.0,-12.744112014770508,24.24634552001953,88.24215698242188
27.22,0.0,-12.744112014770508,22.305437088012695,79.98043823242188
27.240000000000002,0.0,-12.744112014770508,22.305437088012695,68.90621948242188
27.28,0.0,-12.744112014770508,17.374052047729492,57.040985107421875
27.32,0.0,-12.744112014770508,12.973546981811523,48.42770004272461
27.34,0.0,-12.744112014770508,7.928579330444336,37.79294967651367
27.38,0.0,-12.744112014770508,7.928579330444336,29.355453491210938
27.42,0.0,-12.744112014770508,-0.29741770029067993,23.642545700073242
27.46,0.0,-12.744112014770508,-5.824725151062012,20.039047241210938
27.48,0.0,-12.744112014770508,-5.824725151062012,18.457012176513672
27.52,0.0,-12.744112014770508,-13.497052192687988,18.544902801513672
27.560000000000002,0.0,-12.744112014770508,-17.82743263244629,18.720684051513672
27.580000000000002,0.0,-12.744112014770508,-17.82743263244629,20.917957305908203
27.62,0.0,-12.744112014770508,-22.60590171813965,24.609344482421875
27.66,0.0,-12.744112014770508,-24.412382125854492,28.300764083862305
27.68,0.0,-12.744112014770508,-24.99941062927246,34.36520767211914
27.72,0.0,-12.744112014770508,-24.99941062927246,42.978485107421875
27.76,0.0,-12.744112014770508,-23.541278839111328,51.32809066772461
27.8,0.0,-12.744112014770508,-21.077720642089844,60.732391357421875
27.82,0.0,-12.744112014770508,-21.077720642089844,69.52145385742188
27.86,0.0,-12.744112014770508,-15.447623252868652,78.48629760742188
27.900000000000002,0.0,-12.744112014770508,-10.676863670349121,85.42965698242188
27.92,0.0,-12.744112014770508,-5.365242958068848,94.13082122802734
27.96,0.0,-12.744112014770508,-5.365242958068848,99.14058685302734
28.0,0.0,-12.744112014770508,3.0280232429504395,103.35934448242188
28.04,0.0,-12.744112014770508,8.495793342590332,106.9628677368164
28.060000000000002,0.0,-12.744112014770508,13.537059783935547,109.51168823242188
28.1,0.0,-12.744112014770508,15.816505432128906,109.77536010742188
28.12,0.0,-12.744112014770508,19.74769401550293,109.77536010742188
28.16,0.0,-12.744112014770508,21.349008560180664,109.59957885742188
28.2,0.0,-12.744112014770508,23.720184326171875,108.63277435302734
28.22,0.0,-12.744112014770508,23.720184326171875,104.8534927368164
28.26,0.0,-12.744112014770508,24.459285736083984,98.96481323242188
28.3,0.0,-12.744112014770508,24.25956153869629,91.8456802368164
28.34,0.0,-12.744112014770508,22.284963607788086,84.46286010742188
28.36,0.0,-12.744112014770508,22.284963607788086,73.56442260742188
28.400000000000002,0.0,-12.744112014770508,17.233423233032227,63.984344482421875
28.44,0.0,-12.744112014770508,12.720849990844727,52.38277816772461
28.46,0.0,-12.744112014770508,7.553666591644287,42.09960174560547
28.5,0.0,-12.744112014770508,7.553666591644287,33.486297607421875
28.54,0.0,-12.744112014770508,7.553666591644287,27.509742736816406
28.580000000000002,0.0,-12.744112014770508,-6.4486260414123535,22.58788299560547
28.6,0.0,-12.744112014770508,-11.72767448425293,20.390609741210938
28.64,0.0,-12.744112014770508,-14.157817840576172,20.039047241210938
28.68,0.0,-12.744112014770508,-18.441930770874023,20.214828491210938
28.7,0.0,-12.744112014770508,-21.77659797668457,21.796863555908203
28.740000000000002,0.0,-12.744112014770508,-21.77659797668457,25.66403579711914
28.78,0.0,-12.744112014770508,-24.633018493652344,29.443344116210938
28.82,0.0,-12.744112014770508,-24.960046768188477,34.71677017211914
28.84,0.0,-12.744112014770508,-23.993066787719727,43.242156982421875
28.88,0.0,-12.744112014770508,-23.03667449951172,50.88863754272461
28.92,0.0,-12.744112014770508,-20.23877716064453,60.20504379272461
28.94,0.0,-12.744112014770508,-20.23877716064453,68.55465698242188
28.98,0.0,-12.744112014770508,-14.125143051147461,77.87106323242188
29.02,0.0,-12.744112014770508,-9.078385353088379,84.19918060302734
29.04,0.0,-12.744112014770508,-3.554885149002075,93.07614135742188
29.080000000000002,0.0,-12.744112014770508,-0.7036489844322205,97.73434448242188
29.12,0.0,-12.744112014770508,4.9916205406188965,101.07418823242188
29.14,0.0,-12.744112014770508,10.42912769317627,104.76559448242188
29.18,0.0,-12.744112014770508,12.961119651794434,106.43551635742188
29.22,0.0,-12.744112014770508,17.484914779663086,106.6991958618164
29.26,0.0,-12.744112014770508,21.093549728393555,106.6991958618164
29.28,0.0,-12.744112014770508,21.093549728393555,106.6113052368164
29.32,0.0,-12.744112014770508,24.387489318847656,105.11715698242188
29.36,0.0,-12.744112014770508,24.99915885925293,100.98629760742188
29.400000000000002,0.0,-12.744112014770508,24.293119430541992,94.21871948242188
29.42,0.0,-12.744112014770508,23.454153060913086,86.3085708618164
29.46,0.0,-12.744112014770508,20.858272552490234,78.13473510742188
29.5,0.0,-12.744112014770508,17.157669067382812,68.02731323242188
29.52,0.0,-12.744112014770508,17.157669067382812,55.195281982421875
29.560000000000002,0.0,-12.744112014770508,9.973335266113281,46.75779342651367
29.6,0.0,-12.744112014770508,4.462906360626221,39.19920349121094
29.62,0.0,-12.744112014770508,1.5985910892486572,32.871089935302734
29.66,0.0,-12.744112014770508,-4.15812349319458,28.564434051513672
29.68,0.0,-12.744112014770508,-9.697054862976074,26.630836486816406
29.740000000000002,0.0,-12.744112014770508,-14.722689628601074,26.542945861816406
29.76,0.0,-12.744112014770508,-14.722689628601074,26.806615829467773
29.8,0.0,-12.744112014770508,-20.72104263305664,27.77341651916504
29.84,0.0,-12.744112014770508,-23.379474639892578,30.761707305908203
29.86,0.0,-12.744112014770508,-24.24666404724121,35.50778579711914
29.900000000000002,0.0,-12.744112014770508,-24.99748992919922,42.275386810302734
29.92,0.0,-12.744112014770508,-24.408754348754883,49.570281982421875
29.96,0.0,-12.744112014770508,-23.618364334106445,58.271453857421875
30.0,0.0,-12.744112014770508,-21.09713363647461,66.00582885742188
30.04,0.0,-12.744112014770508,-17.439992904663086,75.67379760742188
30.060000000000002,0.0,-12.744112014770508,-15.24419116973877,82.96871948242188
30.1,0.0,-12.744112014770508,-10.26498794555664,90.35153198242188
30.14,0.0,-12.744112014770508,-4.729157447814941,97.11911010742188
30.16,0.0,-12.744112014770508,-1.844832181930542,100.54684448242188
30.2,0.0,-12.744112014770508,3.9620165824890137,103.88668823242188
30.22,0.0,-12.744112014770508,9.558012008666992,106.5234146118164
30.26,0.0,-12.744112014770508,12.181230545043945,107.40231323242188
30.3,0.0,-12.744112014770508,16.89971160888672,107.40231323242188
30.32,0.0,-12.744112014770508,20.70398712158203,107.40231323242188
30.36,0.0,-12.744112014770508,20.70398712158203,106.5234146118164
30.400000000000002,0.0,-12.744112014770508,24.25678253173828,103.35934448242188
30.44,0.0,-12.744112014770508,24.998600006103516,98.08590698242188
30.46,0.0,-12.744112014770508,24.378583908081055,89.91207885742188
30.5,0.0,-12.744112014770508,23.564802169799805,82.1777114868164
30.54,0.0,-12.744112014770508,20.983745574951172,72.77340698242188
30.560000000000002,0.0,-12.744112014770508,17.254186630249023,60.996063232421875
30.6,0.0,-12.744112014770508,15.01965618133545,50.800750732421875
30.64,0.0,-12.744112014770508,9.963055610656738,41.8359260559082
30.68,0.0,-12.744112014770508,4.357216835021973,33.574188232421875
30.7,0.0,-12.744112014770508,4.357216835021973,27.070289611816406
30.740000000000002,0.0,-12.744112014770508,-4.40602445602417,23.378873825073242
30.76,0.0,-12.744112014770508,-10.016663551330566,21.884756088256836
30.8,0.0,-12.744112014770508,-10.016663551330566,21.884756088256836
30.84,0.0,-12.744112014770508,-12.634808540344238,22.148427963256836
30.88,0.0,-12.744112014770508,-12.634808540344238,25.048799514770508
30.92,0.0,-12.744112014770508,-23.613069534301758,28.037090301513672
30.94,0.0,-12.744112014770508,-24.87773895263672,32.51952362060547
30.98,0.0,-12.744112014770508,-24.87773895263672,40.9570198059082
31.02,0.0,-12.744112014770508,-24.995500564575195,49.65816879272461
31.060000000000002,0.0,-12.744112014770508,-22.046756744384766,58.35934066772461
31.080000000000002,0.0,-12.744112014770508,-18.675973892211914,66.26950073242188
31.12,0.0,-12.744112014770508,-18.675973892211914,76.46481323242188
31.16,0.0,-12.744112014770508,-11.743653297424316,83.75972747802734
31.2,0.0,-12.744112014770508,-6.2439284324646,90.4394302368164
31.220000000000002,0.0,-12.744112014770508,-0.39281386137008667,96.5917739868164
31.26,0.0,-12.744112014770508,2.5629477500915527,99.49214935302734
31.3,0.0,-12.744112014770508,8.328415870666504,101.95308685302734
31.34,0.0,-12.744112014770508,13.631529808044434,103.62300872802734
31.36,0.0,-12.744112014770508,13.631529808044434,103.71090698242188
31.400000000000002,0.0,-12.744112014770508,20.078937530517578,103.71090698242188
31.44,0.0,-12.744112014770508,23.018814086914062,103.53511810302734
31.46,0.0,-12.744112014770508,24.667728424072266,100.63473510742188
31.5,0.0,-12.744112014770508,24.667728424072266,94.65817260742188
31.54,0.0,-12.744112014770508,24.53389549255371,88.15426635742188
31.580000000000002,0.0,-12.744112014770508,22.710256576538086,80.41989135742188
31.6,0.0,-12.744112014770508,22.710256576538086,69.87300872802734
31.64,0.0,-12.744112014770508,21.308570861816406,55.019500732421875
31.68,0.0,-12.744112014770508,17.622957229614258,44.296844482421875
31.720000000000002,0.0,-12.744112014770508,7.521605014801025,35.24411392211914
31.740000000000002,0.0,-12.744112014770508,1.6745059490203857,27.33396339416504
31.78,0.0,-12.744112014770508,1.6745059490203857,19.072246551513672
31.82,0.0,-12.744112014770508,-7.174892902374268,14.765595436096191
31.86,0.0,-12.744112014770508,-12.638627052307129,11.86522388458252
31.88,0.0,-12.744112014770508,-17.386871337890625,11.162096977233887
31.92,0.0,-12.744112014770508,-17.386871337890625,11.337878227233887
31.96,0.0,-12.744112014770508,-22.588369369506836,12.480459213256836
32.0,0.0,-12.744112014770508,-24.484508514404297,15.732394218444824
32.02,0.0,-12.744112014770508,-24.484508514404297,21.533193588256836
32.06,0.0,-12.744112014770508,-24.69650650024414,26.367162704467773
32.08,0.0,-12.744112014770508,-23.067636489868164,31.376941680908203
32.12,0.0,-12.744112014770508,-21.748706817626953,38.93553161621094
32.160000000000004,0.0,-12.744112014770508,-18.194931030273438,46.75779342651367
32.18,0.0,-12.744112014770508,-13.595220565795898,57.12887191772461
32.22,0.0,-12.744112014770508,-10.983142852783203,64.59957122802734
32.26,0.0,-12.744112014770508,-5.321444034576416,70.83981323242188
32.28,0.0,-12.744112014770508,0.6497462391853333,78.74996948242188
32.32,0.0,-12.744112014770508,3.644268751144409,83.4081802368164
32.34,0.0,-12.744112014770508,9.435236930847168,87.27536010742188
32.38,0.0,-12.744112014770508,12.147734642028809,89.82418823242188
32.42,0.0,-12.744112014770508,17.010257720947266,90.26364135742188
32.44,0.0,-12.744112014770508,20.892192840576172,90.17575073242188
32.480000000000004,0.0,-12.744112014770508,22.39211082458496,89.82418823242188
32.52,0.0,-12.744112014770508,24.399871826171875,87.53902435302734
32.54,0.0,-12.744112014770508,24.877927780151367,83.32028198242188
32.58,0.0,-12.744112014770508,24.746150970458984,77.34371948242188
32.6,0.0,-12.744112014770508,23.176921844482422,69.34566497802734
32.64,0.0,-12.744112014770508,21.877824783325195,59.677696228027344
32.68,0.0,-12.744112014770508,18.34373664855957,51.503875732421875
32.7,0.0,-12.744112014770508,13.738985061645508,39.55076599121094
32.74,0.0,-12.744112014770508,11.116387367248535,31.90428924560547
32.78,0.0,-12.744112014770508,5.4212965965271,24.697235107421875
32.8,0.0,-12.744112014770508,-0.593824565410614,18.457012176513672
32.84,0.0,-12.744112014770508,-3.6118276119232178,15.292940139770508
32.86,0.0,-12.744112014770508,-9.447749137878418,14.062468528747559
32.9,0.0,-12.744112014770508,-9.447749137878418,14.062468528747559
32.94,0.0,-12.744112014770508,-17.07096290588379,14.414031982421875
32.980000000000004,0.0,-12.744112014770508,-20.962907791137695,16.874977111816406
33.0,0.0,-12.744112014770508,-20.962907791137695,21.796863555908203
33.04,0.0,-12.744112014770508,-22.45947265625,26.894508361816406
33.08,0.0,-12.744112014770508,-24.98746681213379,31.640615463256836
33.1,0.0,-12.744112014770508,-24.060104370117188,40.1660041809082
33.14,0.0,-12.744112014770508,-24.060104370117188,48.779266357421875
33.18,0.0,-12.744112014770508,-20.045482635498047,58.886688232421875
33.2,0.0,-12.744112014770508,-15.847110748291016,65.56637573242188
33.24,0.0,-12.744112014770508,-15.847110748291016,73.82809448242188
33.28,0.0,-12.744112014770508,-13.377532958984375,80.50778198242188
33.3,0.0,-12.744112014770508,-1.9111634492874146,85.8691177368164
33.34,0.0,-12.744112014770508,-1.9111634492874146,91.14254760742188
33.38,0.0,-12.744112014770508,7.147192001342773,93.60347747802734
33.42,0.0,-12.744112014770508,12.733406066894531,94.21871948242188
33.44,0.0,-12.744112014770508,17.564851760864258,94.21871948242188
33.480000000000004,0.0,-12.744112014770508,19.604930877685547,94.13082122802734
33.52,0.0,-12.744112014770508,22.780521392822266,93.69136810302734
33.54,0.0,-12.744112014770508,24.59797477722168,89.47262573242188
33.58,0.0,-12.744112014770508,24.959346771240234,84.11128997802734
33.62,0.0,-12.744112014770508,24.558765411376953,76.8163833618164
33.64,0.0,-12.744112014770508,22.687604904174805,67.14840698242188
33.68,0.0,-12.744112014770508,22.687604904174805,54.755828857421875
33.72,0.0,-12.744112014770508,17.386024475097656,44.47262954711914
33.76,0.0,-12.744112014770508,12.49443531036377,34.45309829711914
33.78,0.0,-12.744112014770508,6.848989009857178,23.818328857421875
33.82,0.0,-12.744112014770508,3.848071575164795,16.523412704467773
33.86,0.0,-12.744112014770508,-2.284571886062622,10.458970069885254
33.88,0.0,-12.744112014770508,-2.284571886062622,5.009735107421875
33.92,0.0,-12.744112014770508,-11.117724418640137,2.3730363845825195
33.94,0.0,-12.744112014770508,-16.24370765686035,1.6699093580245972
33.980000000000004,0.0,-12.744112014770508,-18.456863403320312,1.8456910848617554
34.02,0.0,-12.744112014770508,-22.01499366760254,2.1972546577453613
34.04,0.0,-12.744112014770508,-22.01499366760254,5.712862014770508
34.08,0.0,-12.744112014770508,-24.809661865234375,10.283187866210938
34.12,0.0,-12.744112014770508,-24.80959701538086,15.029267311096191
34.14,0.0,-12.744112014770508,-24.80959701538086,23.466764450073242
34.18,0.0,-12.744112014770508,-24.241025924682617,30.23436164855957
34.22,0.0,-12.744112014770508,-18.435476303100586,37.88084030151367
34.26,0.0,-12.744112014770508,-13.737563133239746,46.318336486816406
34.28,0.0,-12.744112014770508,-13.737563133239746,55.986297607421875
34.32,0.0,-12.744112014770508,-5.218659400939941,63.54488754272461
34.36,0.0,-12.744112014770508,0.9381720423698425,68.37887573242188
34.38,0.0,-12.744112014770508,0.9381720423698425,74.79488372802734
34.42,0.0,-12.744112014770508,4.020056247711182,79.27730560302734
34.46,0.0,-12.744112014770508,15.283060073852539,80.94723510742188
34.480000000000004,0.0,-12.744112014770508,19.676952362060547,81.12301635742188
34.52,0.0,-12.744112014770508,19.676952362060547,80.68356323242188
34.56,0.0,-12.744112014770508,23.941890716552734,79.10152435302734
34.6,0.0,-12.744112014770508,24.97657012939453,75.23433685302734
34.62,0.0,-12.744112014770508,24.473831176757812,68.46676635742188
34.660000000000004,0.0,-12.744112014770508,24.473831176757812,58.710906982421875
34.7,0.0,-12.744112014770508,20.92478370666504,50.624969482421875
34.72,0.0,-12.744112014770508,16.904767990112305,40.3417854309082
34.76,0.0,-12.744112014770508,14.48383617401123,32.08007049560547
34.800000000000004,0.0,-12.744112014770508,9.006335258483887,23.906217575073242
34.82,0.0,-12.744112014770508,6.0345139503479,17.226539611816406
34.86,0.0,-12.744112014770508,-0.1455296128988266,12.568350791931152
34.88,0.0,-12.744112014770508,-6.319998741149902,8.613261222839355
34.92,0.0,-12.744112014770508,-9.284676551818848,7.29489803314209
34.96,0.0,-12.744112014770508,-14.738073348999023,7.382789134979248
34.980000000000004,0.0,-12.744112014770508,-19.277647018432617,7.7343525886535645
35.02,0.0,-12.744112014770508,-21.11320686340332,10.371078491210938
35.04,0.0,-12.744112014770508,-23.771528244018555,13.710905075073242
35.08,0.0,-12.744112014770508,-24.55210304260254,19.248029708862305
35.12,0.0,-12.744112014770508,-24.953563690185547,24.873018264770508
35.14,0.0,-12.744112014770508,-24.5674991607666,30.58592414855957
35.18,0.0,-12.744112014770508,-22.650325775146484,38.05662155151367
35.2,0.0,-12.744112014770508,-19.31419563293457,46.75779342651367
35.24,0.0,-12.744112014770508,-17.175432205200195,55.63473129272461
35.28,0.0,-12.744112014770508,-12.122983932495117,63.632781982421875
35.300000000000004,0.0,-12.744112014770508,-6.306695461273193,70.75192260742188
35.34,0.0,-12.744112014770508,-3.2246367931365967,77.78317260742188
35.36,0.0,-12.744112014770508,3.0453097820281982,82.2656021118164
35.4,0.0,-12.744112014770508,3.0453097820281982,86.92379760742188
35.44,0.0,-12.744112014770508,11.976313591003418,89.64839935302734
35.480000000000004,0.0,-12.744112014770508,17.06642723083496,89.99996185302734
35.52,0.0,-12.744112014770508,21.081945419311523,89.91207885742188
35.54,0.0,-12.744112014770508,22.6037540435791,89.38473510742188
35.58,0.0,-12.744112014770508,24.5537052154541,86.8359146118164
35.62,0.0,-12.744112014770508,24.95027732849121,80.94723510742188
35.660000000000004,0.0,-12.744112014770508,23.765731811523438,72.59762573242188
35.68,0.0,-12.744112014770508,22.599355697631836,64.86324310302734
35.72,0.0,-12.744112014770508,19.20943832397461,54.931610107421875
35.76,0.0,-12.744112014770508,14.596745491027832,43.94528579711914
35.78,0.0,-12.744112014770508,14.596745491027832,34.277313232421875
35.82,0.0,-12.744112014770508,6.0395965576171875,27.070289611816406
35.84,0.0,-12.744112014770508,-0.22933095693588257,19.423810958862305
35.88,0.0,-12.744112014770508,-0.22933095693588257,14.150358200073242
35.92,0.0,-12.744112014770508,-3.384880304336548,11.337878227233887
35.96,0.0,-12.744112014770508,-14.984460830688477,11.162096977233887
36.0,0.0,-12.744112014770508,-19.527009963989258,11.337878227233887
36.02,0.0,-12.744112014770508,-19.527009963989258,13.183586120605469
36.06,0.0,-12.744112014770508,-23.92998504638672,16.611303329467773
36.08,0.0,-12.744112014770508,-24.980396270751953,21.796863555908203
36.12,0.0,-12.744112014770508,-24.904441833496094,26.894508361816406
36.160000000000004,0.0,-12.744112014770508,-23.55464744567871,31.90428924560547
36.18,0.0,-12.744112014770508,-20.688518524169922,41.30858612060547
36.22,0.0,-12.744112014770508,-18.74018096923828,48.60348129272461
36.26,0.0,-12.744112014770508,-13.968644142150879,58.09566879272461
36.28,0.0,-12.744112014770508,-13.968644142150879,66.35739135742188
36.32,0.0,-12.744112014770508,-5.228903293609619,72.94918823242188
36.36,0.0,-12.744112014770508,1.105639100074768,79.36520385742188
36.4,0.0,-12.744112014770508,7.372106552124023,85.16598510742188
36.42,0.0,-12.744112014770508,7.372106552124023,89.29684448242188
36.46,0.0,-12.744112014770508,15.76339054107666,90.52731323242188
36.5,0.0,-12.744112014770508,20.154891967773438,90.52731323242188
36.52,0.0,-12.744112014770508,20.154891967773438,90.35153198242188
36.56,0.0,-12.744112014770508,24.22491455078125,89.20894622802734
36.58,0.0,-12.744112014770508,24.999526977539062,85.8691177368164
36.62,0.0,-12.744112014770508,24.999526977539062,78.74996948242188
36.660000000000004,0.0,-12.744112014770508,23.121545791625977,72.50972747802734
36.68,0.0,-12.744112014770508,19.958131790161133,64.68746185302734
36.72,0.0,-12.744112014770508,19.958131790161133,53.085906982421875
36.76,0.0,-12.744112014770508,12.853351593017578,43.066375732421875
36.800000000000004,0.0,-12.744112014770508,6.992430210113525,33.837860107421875
36.82,0.0,-12.744112014770508,0.6703495383262634,23.730438232421875
36.86,0.0,-12.744112014770508,-2.53481125831604,17.226539611816406
36.9,0.0,-12.744112014770508,-8.770397186279297,12.04100513458252
36.92,0.0,-12.744112014770508,-14.43335247039795,7.998025417327881
36.96,0.0,-12.744112014770508,-16.931316375732422,6.679661750793457
36.980000000000004,0.0,-12.744112014770508,-21.05368995666504,6.767552375793457
37.02,0.0,-12.744112014770508,-21.05368995666504,7.382789134979248
37.06,0.0,-12.744112014770508,-24.580602645874023,10.019515037536621
37.08,0.0,-12.744112014770508,-24.93128776550293,13.447259902954102
37.12,0.0,-12.744112014770508,-24.93128776550293,19.687484741210938
37.160000000000004,0.0,-12.744112014770508,-22.392343521118164,26.01559829711914
37.18,0.0,-12.744112014770508,-18.815715789794922,30.761707305908203
37.22,0.0,-12.744112014770508,-18.815715789794922,39.81443786621094
37.26,0.0,-12.744112014770508,-11.207496643066406,47.63668441772461
37.28,0.0,-12.744112014770508,-5.127419948577881,55.986297607421875
37.32,0.0,-12.744112014770508,-5.127419948577881,64.16012573242188
37.36,0.0,-12.744112014770508,4.504128932952881,69.43355560302734
37.38,0.0,-12.744112014770508,10.644197463989258,75.32223510742188
37.42,0.0,-12.744112014770508,10.644197463989258,80.15621948242188
37.46,0.0,-12.744112014770508,18.415544509887695,82.1777114868164
37.480000000000004,0.0,-12.744112014770508,22.131744384765625,82.52926635742188
37.52,0.0,-12.744112014770508,23.448427200317383,82.35348510742188
37.56,0.0,-12.744112014770508,24.887420654296875,81.56246948242188
37.58,0.0,-12.744112014770508,24.662790298461914,78.22262573242188
37.62,0.0,-12.744112014770508,23.92608642578125,73.21286010742188
37.660000000000004,0.0,-12.744112014770508,21.263948440551758,67.06051635742188
37.68,0.0,-12.744112014770508,17.17442512512207,56.95309066772461
37.72,0.0,-12.744112014770508,14.67615032196045,48.955047607421875
37.76,0.0,-12.744112014770508,8.98131275177002,40.2538948059082
37.800000000000004,0.0,-12.744112014770508,2.6794960498809814,32.16796112060547
37.82,0.0,-12.744112014770508,2.6794960498809814,26.630836486816406
37.86,0.0,-12.744112014770508,-6.9809889793396,23.994108200073242
37.9,0.0,-12.744112014770508,-12.927063941955566,23.466764450073242
37.92,0.0,-12.744112014770508,-12.927063941955566,23.554655075073242
37.96,0.0,-12.744112014770508,-20.105493545532227,24.433565139770508
38.0,0.0,-12.744112014770508,-23.256807327270508,26.455053329467773
38.02,0.0,-12.744112014770508,-24.835710525512695,30.23436164855957
38.06,0.0,-12.744112014770508,-24.99687385559082,35.15622329711914
38.1,0.0,-12.744112014770508,-24.047250747680664,41.57225799560547
38.12,0.0,-12.744112014770508,-24.047250747680664,50.36129379272461
38.160000000000004,0.0,-12.744112014770508,-22.951950073242188,60.55660629272461
38.2,0.0,-12.744112014770508,-19.61175537109375,67.41207885742188
38.22,0.0,-12.744112014770508,-9.242547035217285,76.46481323242188
38.26,0.0,-12.744112014770508,-6.132055759429932,83.32028198242188
38.300000000000004,0.0,-12.744112014770508,0.3512570559978485,90.4394302368164
38.32,0.0,-12.744112014770508,6.814047813415527,96.6796646118164
38.36,0.0,-12.744112014770508,9.898933410644531,99.49214935302734
38.4,0.0,-12.744112014770508,15.511475563049316,102.21676635742188
38.42,0.0,-12.744112014770508,20.065698623657227,104.06246185302734
38.46,0.0,-12.744112014770508,20.065698623657227,104.15036010742188
38.5,0.0,-12.744112014770508,24.25160789489746,104.15036010742188
38.54,0.0,-12.744112014770508,24.99620819091797,103.97457122802734
38.56,0.0,-12.744112014770508,24.723642349243164,101.6894302368164
38.6,0.0,-12.744112014770508,22.91047477722168,98.17378997802734
38.62,0.0,-12.744112014770508,19.520336151123047,91.93356323242188
38.660000000000004,0.0,-12.744112014770508,17.302186965942383,85.34176635742188
38.7,0.0,-12.744112014770508,12.009563446044922,77.2558364868164
38.72,0.0,-12.744112014770508,12.009563446044922,67.41207885742188
38.76,0.0,-12.744112014770508,2.6424150466918945,58.710906982421875
38.800000000000004,0.0,-12.744112014770508,-3.927363395690918,53.43746566772461
38.82,0.0,-12.744112014770508,-10.228988647460938,48.42770004272461
38.86,0.0,-12.744112014770508,-13.141242027282715,46.933570861816406
38.88,0.0,-12.744112014770508,-18.235559463500977,46.845680236816406
38.92,0.0,-12.744112014770508,-18.235559463500977,46.933570861816406
38.96,0.0,-12.744112014770508,-20.328548431396484,48.25191879272461
38.980000000000004,0.0,-12.744112014770508,-24.892662048339844,51.855438232421875
39.02,0.0,-12.744112014770508,-24.892662048339844,58.18355941772461
39.06,0.0,-12.744112014770508,-22.656585693359375,64.95114135742188
39.1,0.0,-12.744112014770508,-21.063556671142578,71.19137573242188
39.12,0.0,-12.744112014770508,-16.804187774658203,79.01363372802734
39.160000000000004,0.0,-12.744112014770508,-14.211902618408203,85.60543823242188
39.2,0.0,-12.744112014770508,-8.32740306854248,92.54878997802734
39.22,0.0,-12.744112014770508,-1.8576816320419312,97.47066497802734
39.26,0.0,-12.744112014770508,1.4562342166900635,99.66793823242188
39.300000000000004,0.0,-12.744112014770508,7.952045917510986,101.6015396118164
39.32,0.0,-12.744112014770508,13.893882751464844,101.77731323242188
39.36,0.0,-12.744112014770508,13.893882751464844,101.77731323242188
39.4,0.0,-12.744112014770508,20.87161636352539,101.6894302368164
39.42,0.0,-12.744112014770508,23.754467010498047,101.07418823242188
39.46,0.0,-12.744112014770508,23.754467010498047,97.73434448242188
39.5,0.0,-12.744112014770508,24.915664672851562,91.8456802368164
39.52,0.0,-12.744112014770508,23.49765968322754,85.60543823242188
39.56,0.0,-12.744112014770508,22.155994415283203,77.2558364868164
39.6,0.0,-12.744112014770508,18.32415199279785,68.37887573242188
39.64,0.0,-12.744112014770508,13.195626258850098,56.162078857421875
39.660000000000004,0.0,-12.744112014770508,10.254861831665039,48.42770004272461
39.7,0.0,-12.744112014770508,3.8797414302825928,40.4296760559082
39.72,0.0,-12.744112014770508,-2.7735512256622314,33.925750732421875
39.76,0.0,-12.744112014770508,-2.7735512256622314,29.267560958862305
39.800000000000004,0.0,-12.744112014770508,-12.246376991271973,28.388652801513672
39.84,0.0,-12.744112014770508,-17.569005966186523,28.388652801513672
39.86,0.0,-12.744112014770508,-21.645151138305664,28.564434051513672
39.9,0.0,-12.744112014770508,-23.12044906616211,30.410144805908203
39.94,0.0,-12.744112014770508,-24.812543869018555,34.013641357421875
39.980000000000004,0.0,-12.744112014770508,-24.73653221130371,41.04491424560547
40.0,0.0,-12.744112014770508,-24.73653221130371,48.60348129272461
40.04,0.0,-12.744112014770508,-19.416881561279297,58.974578857421875
40.08,0.0,-12.744112014770508,-17.136802673339844,65.83004760742188
40.12,0.0,-12.744112014770508,-11.697388648986816,73.30075073242188
40.14,0.0,-12.744112014770508,-5.417231559753418,81.8261489868164
40.18,0.0,-12.744112014770508,-5.417231559753418,89.29684448242188
40.22,0.0,-12.744112014770508,4.58820915222168,94.83395385742188
40.26,0.0,-12.744112014770508,10.950995445251465,97.38278198242188
40.28,0.0,-12.744112014770508,16.529712677001953,98.70113372802734
40.32,0.0,-12.744112014770508,18.896190643310547,98.70113372802734
40.36,0.0,-12.744112014770508,22.56903076171875,98.70113372802734
40.38,0.0,-12.744112014770508,22.56903076171875,98.61324310302734
40.42,0.0,-12.744112014770508,24.979413986206055,97.91011810302734
40.46,0.0,-12.744112014770508,24.347518920898438,93.69136810302734
40.480000000000004,0.0,-12.744112014770508,21.955524444580078,87.97847747802734
40.52,0.0,-12.744112014770508,20.147994995117188,81.12301635742188
40.56,0.0,-12.744112014770508,15.47201156616211,72.42184448242188
40.58,0.0,-12.744112014770508,9.672404289245605,62.753875732421875
40.62,0.0,-12.744112014770508,6.479742527008057,53.876922607421875
40.660000000000004,0.0,-12.744112014770508,-0.20209574699401855,46.75779342651367
40.68,0.0,-12.744112014770508,-6.872686386108398,40.6933479309082
40.72,0.0,-12.744112014770508,-10.051179885864258,37.17771530151367
40.76,0.0,-12.744112014770508,-15.804718971252441,36.210914611816406
40.78,0.0,-12.744112014770508,-15.804718971252441,36.386695861816406
40.82,0.0,-12.744112014770508,-22.172338485717773,36.738258361816406
40.86,0.0,-12.744112014770508,-24.45472526550293,39.46287536621094
40.88,0.0,-12.744112014770508,-24.9521484375,43.681610107421875
40.92,0.0,-12.744112014770508,-24.51402473449707,48.69137191772461
40.96,0.0,-12.744112014770508,-22.302419662475586,55.546844482421875
40.980000000000004,0.0,-12.744112014770508,-18.456493377685547,63.720672607421875
41.02,0.0,-12.744112014770508,-16.00376319885254,69.96090698242188
41.06,0.0,-12.744112014770508,-10.262504577636719,77.87106323242188
41.08,0.0,-12.744112014770508,-10.262504577636719,84.46286010742188
41.12,0.0,-12.744112014770508,-0.3799305856227875,89.91207885742188
41.160000000000004,0.0,-12.744112014770508,6.3508806228637695,93.69136810302734
41.18,0.0,-12.744112014770508,12.617630004882812,95.09762573242188
41.22,0.0,-12.744112014770508,15.430196762084961,95.09762573242188
41.26,0.0,-12.744112014770508,20.153404235839844,95.00972747802734
41.300000000000004,0.0,-12.744112014770508,23.391632080078125,94.83395385742188
41.32,0.0,-12.744112014770508,23.391632080078125,92.10933685302734
41.36,0.0,-12.744112014770508,24.970687866210938,87.53902435302734
41.38,0.0,-12.744112014770508,23.720382690429688,81.03512573242188
41.42,0.0,-12.744112014770508,23.720382690429688,71.98239135742188
41.46,0.0,-12.744112014770508,22.42525863647461,63.632781982421875
41.480000000000004,0.0,-12.744112014770508,13.41881275177002,52.82223129272461
41.52,0.0,-12.744112014770508,13.41881275177002,41.2206916809082
41.56,0.0,-12.744112014770508,10.419511795043945,32.871089935302734
41.6,0.0,-12.744112014770508,3.8947720527648926,26.806615829467773
41.62,0.0,-12.744112014770508,-6.283099174499512,21.181629180908203
41.660000000000004,0.0,-12.744112014770508,-12.592503547668457,18.281230926513672
41.68,0.0,-12.744112014770508,-17.966054916381836,16.874977111816406
41.72,0.0,-12.744112014770508,-17.966054916381836,17.050758361816406
41.76,0.0,-12.744112014770508,-20.17252540588379,17.314430236816406
41.78,0.0,-12.744112014770508,-24.913110733032227,19.863265991210938
41.82,0.0,-12.744112014770508,-24.913110733032227,24.257781982421875
41.86,0.0,-12.744112014770508,-24.963802337646484,28.21286964416504
41.9,0.0,-12.744112014770508,-20.590320587158203,33.837860107421875
41.92,0.0,-12.744112014770508,-15.96977710723877,42.62694549560547
41.96,0.0,-12.744112014770508,-15.96977710723877,52.294891357421875
42.0,0.0,-12.744112014770508,-6.918978691101074,60.908172607421875
42.04,0.0,-12.744112014770508,-0.13094274699687958,66.79684448242188
42.06,0.0,-12.744112014770508,6.670379161834717,74.09175872802734
42.1,0.0,-12.744112014770508,9.914827346801758,79.10152435302734
42.14,0.0,-12.744112014770508,15.784683227539062,82.35348510742188
42.160000000000004,0.0,-12.744112014770508,20.46575164794922,84.37496948242188
42.2,0.0,-12.744112014770508,22.245100021362305,84.46286010742188
42.24,0.0,-12.744112014770508,24.511615753173828,84.19918060302734
42.26,0.0,-12.744112014770508,24.92388916015625,82.1777114868164
42.300000000000004,0.0,-12.744112014770508,24.418407440185547,78.39840698242188
42.34,0.0,-12.744112014770508,22.030338287353516,72.77340698242188
42.38,0.0,-12.744112014770508,17.96922492980957,64.07223510742188
42.4,0.0,-12.744112014770508,12.541020393371582,53.876922607421875
42.46,0.0,-12.744112014770508,12.541020393371582,42.89059066772461
42.480000000000004,0.0,-12.744112014770508,-0.7000101804733276,34.277313232421875
42.52,0.0,-12.744112014770508,-4.142498970031738,29.091779708862305
42.56,0.0,-12.744112014770508,-10.727631568908691,25.312471389770508
42.6,0.0,-12.744112014770508,-10.727631568908691,24.257781982421875
42.62,0.0,-12.744112014770508,-18.934974670410156,24.345672607421875
42.660000000000004,0.0,-12.744112014770508,-22.68137550354004,24.521455764770508
42.7,0.0,-12.744112014770508,-24.694265365600586,26.542945861816406
42.72,0.0,-12.744112014770508,-24.694265365600586,30.23436164855957
42.76,0.0,-12.744112014770508,-24.1596622467041,35.15622329711914
42.800000000000004,0.0,-12.744112014770508,-21.469627380371094,41.8359260559082
42.82,0.0,-12.744112014770508,-19.487945556640625,48.42770004272461
42.86,0.0,-12.744112014770508,-14.44015121459961,56.95309066772461
42.88,0.0,-12.744112014770508,-8.27935791015625,64.68746185302734
42.92,0.0,-12.744112014770508,-4.926833629608154,70.13668823242188
42.96,0.0,-12.744112014770508,2.0000364780426025,76.72848510742188
43.0,0.0,-12.744112014770508,2.0000364780426025,81.21090698242188
43.02,0.0,-12.744112014770508,5.440366744995117,83.32028198242188
43.06,0.0,-12.744112014770508,11.942667961120605,83.49606323242188
43.1,0.0,-12.744112014770508,21.75754737854004,83.23239135742188
43.14,0.0,-12.744112014770508,24.30771827697754,81.29879760742188
43.160000000000004,0.0,-12.744112014770508,24.97650146484375,77.16793823242188
43.2,0.0,-12.744112014770508,24.5823917388916,71.19137573242188
43.24,0.0,-12.744112014770508,22.373586654663086,64.59957122802734
43.26,0.0,-12.744112014770508,20.601245880126953,55.81051254272461
43.300000000000004,0.0,-12.744112014770508,15.891305923461914,47.28513717651367
43.34,0.0,-12.744112014770508,9.943236351013184,36.562477111816406
43.36,0.0,-12.744112014770508,9.943236351013184,27.77341651916504
43.4,0.0,-12.744112014770508,6.646146297454834,21.00584602355957
43.44,0.0,-12.744112014770508,-7.175469875335693,17.050758361816406
43.46,0.0,-12.744112014770508,-13.52076244354248,14.941376686096191
43.5,0.0,-12.744112014770508,-13.52076244354248,14.853485107421875
43.54,0.0,-12.744112014770508,-20.930198669433594,15.029267311096191
43.58,0.0,-12.744112014770508,-23.89834976196289,16.962865829467773
43.6,0.0,-12.744112014770508,-23.89834976196289,21.621084213256836
43.64,0.0,-12.744112014770508,-24.810216903686523,26.10348892211914
43.68,0.0,-12.744112014770508,-22.984256744384766,30.761707305908203
43.7,0.0,-12.744112014770508,-19.352798461914062,39.19920349121094
43.74,0.0,-12.744112014770508,-16.943317413330078,46.75779342651367
43.78,0.0,-12.744112014770508,-11.172462463378906,54.40426254272461
43.800000000000004,0.0,-12.744112014770508,-11.172462463378906,63.369110107421875
43.84,0.0,-12.744112014770508,-1.0236907005310059,68.90621948242188
43.88,0.0,-12.744112014770508,5.96142053604126,75.05856323242188
43.9,0.0,-12.744112014770508,5.96142053604126,80.24411010742188
43.94,0.0,-12.744112014770508,15.399847984313965,82.96871948242188
43.96,0.0,-12.744112014770508,20.273237228393555,84.28707122802734
44.0,0.0,-12.744112014770508,22.129003524780273,84.28707122802734
44.04,0.0,-12.744112014770508,24.49342155456543,84.02340698242188
44.06,0.0,-12.744112014770508,24.918445587158203,81.65036010742188
44.1,0.0,-12.744112014770508,24.386075973510742,78.13473510742188
44.12,0.0,-12.744112014770508,21.88257598876953,72.59762573242188
44.160000000000004,0.0,-12.744112014770508,21.88257598876953,64.95114135742188
44.2,0.0,-12.744112014770508,14.966007232666016,55.546844482421875
44.22,0.0,-12.744112014770508,8.77841567993164,47.724578857421875
44.26,0.0,-12.744112014770508,8.77841567993164,37.79294967651367
44.300000000000004,0.0,-12.744112014770508,-1.6490284204483032,31.201162338256836
44.34,0.0,-12.744112014770508,-8.557953834533691,26.718727111816406
44.36,0.0,-12.744112014770508,-8.557953834533691,23.642545700073242
44.4,0.0,-12.744112014770508,-17.487741470336914,23.466764450073242
44.44,0.0,-12.744112014770508,-21.789810180664062,23.554655075073242
44.46,0.0,-12.744112014770508,-21.789810180664062,24.521455764770508
44.5,0.0,-12.744112014770508,-24.906545639038086,26.982398986816406
44.54,0.0,-12.744112014770508,-24.513545989990234,30.14647102355957
44.56,0.0,-12.744112014770508,-24.513545989990234,36.298805236816406
44.6,0.0,-12.744112014770508,-20.288841247558594,43.76950454711914
44.64,0.0,-12.744112014770508,-15.374563217163086,50.36129379272461
44.660000000000004,0.0,-12.744112014770508,-15.374563217163086,60.38082504272461
44.7,0.0,-12.744112014770508,-5.831601142883301,66.44528198242188
44.74,0.0,-12.744112014770508,1.2336398363113403,71.36715698242188
44.76,0.0,-12.744112014770508,1.2336398363113403,77.51950073242188
44.800000000000004,0.0,-12.744112014770508,11.474143028259277,80.50778198242188
44.84,0.0,-12.744112014770508,17.258981704711914,81.9140396118164
44.86,0.0,-12.744112014770508,21.651700973510742,81.9140396118164
44.9,0.0,-12.744112014770508,21.651700973510742,81.65036010742188
44.94,0.0,-12.744112014770508,24.886558532714844,79.36520385742188
44.980000000000004,0.0,-12.744112014770508,24.548439025878906,75.05856323242188
45.0,0.0,-12.744112014770508,24.548439025878906,67.76363372802734
45.04,0.0,-12.744112014770508,20.36002540588379,59.94137191772461
45.08,0.0,-12.744112014770508,15.439982414245605,51.855438232421875
45.1,0.0,-12.744112014770508,15.439982414245605,40.9570198059082
45.14,0.0,-12.744112014770508,5.855231285095215,33.574188232421875
45.18,0.0,-12.744112014770508,-1.248496651649475,27.86130714416504
45.2,0.0,-12.744112014770508,-8.253900527954102,23.20311737060547
45.24,0.0,-12.744112014770508,-8.253900527954102,21.796863555908203
45.28,0.0,-12.744112014770508,-17.34042739868164,21.796863555908203
45.300000000000004,0.0,-12.744112014770508,-21.72728729248047,22.060537338256836
45.34,0.0,-12.744112014770508,-21.72728729248047,24.345672607421875
45.38,0.0,-12.744112014770508,-23.272310256958008,27.42185401916504
45.4,0.0,-12.744112014770508,-24.499921798706055,30.937488555908203
45.44,0.0,-12.744112014770508,-24.499921798706055,37.96873092651367
45.480000000000004,0.0,-12.744112014770508,-20.179330825805664,45.175758361816406
45.52,0.0,-12.744112014770508,-15.164883613586426,53.17379379272461
45.54,0.0,-12.744112014770508,-15.164883613586426,63.017547607421875
45.58,0.0,-12.744112014770508,-12.159223556518555,69.16989135742188
45.62,0.0,-12.744112014770508,1.6935540437698364,75.05856323242188
45.660000000000004,0.0,-12.744112014770508,8.710136413574219,80.33200073242188
45.68,0.0,-12.744112014770508,15.011720657348633,83.4081802368164
45.72,0.0,-12.744112014770508,17.728004455566406,84.46286010742188
45.74,0.0,-12.744112014770508,22.009716033935547,84.37496948242188
45.78,0.0,-12.744112014770508,22.009716033935547,84.02340698242188
45.82,0.0,-12.744112014770508,24.953195571899414,80.94723510742188
45.86,0.0,-12.744112014770508,24.355342864990234,76.99215698242188
45.88,0.0,-12.744112014770508,24.355342864990234,69.43355560302734
45.92,0.0,-12.744112014770508,19.733922958374023,61.171844482421875
45.96,0.0,-12.744112014770508,14.538429260253906,52.646453857421875
45.980000000000004,0.0,-12.744112014770508,8.132539749145508,41.92382049560547
46.02,0.0,-12.744112014770508,8.132539749145508,34.540985107421875
46.06,0.0,-12.744112014770508,-2.5671157836914062,28.828107833862305
46.08,0.0,-12.744112014770508,-9.562682151794434,24.521455764770508
46.12,0.0,-12.744112014770508,-12.797242164611816,23.20311737060547
46.160000000000004,0.0,-12.744112014770508,-18.401636123657227,23.2910099029541
46.18,0.0,-12.744112014770508,-22.472339630126953,23.378873825073242
46.22,0.0,-12.744112014770508,-23.81970977783203,25.048799514770508
46.26,0.0,-12.744112014770508,-24.995817184448242,27.77341651916504
46.28,0.0,-12.744112014770508,-24.080474853515625,32.25585174560547
46.32,0.0,-12.744112014770508,-24.080474853515625,40.0781135559082
46.36,0.0,-12.744112014770508,-18.99386215209961,46.75779342651367
46.4,0.0,-12.744112014770508,-13.537588119506836,55.28316879272461
46.42,0.0,-12.744112014770508,-13.537588119506836,63.720672607421875
46.46,0.0,-12.744112014770508,-3.386826515197754,69.16989135742188
46.5,0.0,-12.744112014770508,3.8638556003570557,74.97067260742188
46.52,0.0,-12.744112014770508,10.792708396911621,79.71675872802734
46.56,0.0,-12.744112014770508,13.951458930969238,81.8261489868164
46.6,0.0,-12.744112014770508,19.32358741760254,82.35348510742188
46.62,0.0,-12.744112014770508,23.06756591796875,82.1777114868164
46.660000000000004,0.0,-12.744112014770508,24.223262786865234,81.29879760742188
46.7,0.0,-12.744112014770508,24.978107452392578,78.31051635742188
46.72,0.0,-12.744112014770508,24.978107452392578,71.80661010742188
46.76,0.0,-12.744112014770508,22.177309036254883,65.12691497802734
46.800000000000004,0.0,-12.744112014770508,17.91423797607422,56.689422607421875
46.82,0.0,-12.744112014770508,12.130037307739258,46.75779342651367
46.86,0.0,-12.744112014770508,12.130037307739258,36.562477111816406
46.9,0.0,-12.744112014770508,1.6964281797409058,29.619125366210938
46.94,0.0,-12.744112014770508,-5.570956230163574,24.960908889770508
46.96,0.0,-12.744112014770508,-12.367762565612793,21.972646713256836
47.0,0.0,-12.744112014770508,-15.405685424804688,21.533193588256836
47.04,0.0,-12.744112014770508,-20.435731887817383,21.621084213256836
47.06,0.0,-12.744112014770508,-23.725141525268555,22.499990463256836
47.1,0.0,-12.744112014770508,-24.62203025817871,25.13669204711914
47.14,0.0,-12.744112014770508,-24.822492599487305,28.300764083862305
47.160000000000004,0.0,-12.744112014770508,-22.90077018737793,33.662078857421875
47.2,0.0,-12.744112014770508,-21.18769645690918,40.6054573059082
47.22,0.0,-12.744112014770508,-16.438886642456055,46.75779342651367
47.26,0.0,-12.744112014770508,-13.504788398742676,55.195281982421875
47.300000000000004,0.0,-12.744112014770508,-6.830726623535156,62.40231704711914
47.32,0.0,-12.744112014770508,-6.830726623535156,68.46676635742188
47.36,0.0,-12.744112014770508,4.091353416442871,73.91598510742188
47.38,0.0,-12.744112014770508,11.068815231323242,78.04684448242188
47.42,0.0,-12.744112014770508,14.236647605895996,80.41989135742188
47.46,0.0,-12.744112014770508,19.588491439819336,81.03512573242188
47.5,0.0,-12.744112014770508,23.255126953125,80.85934448242188
47.52,0.0,-12.744112014770508,23.255126953125,79.71675872802734
47.56,0.0,-12.744112014770508,24.35042381286621,75.32223510742188
47.6,0.0,-12.744112014770508,23.385332107543945,69.69723510742188
47.64,0.0,-12.744112014770508,19.803369522094727,62.49020767211914
47.660000000000004,0.0,-12.744112014770508,14.506113052368164,52.734344482421875
47.7,0.0,-12.744112014770508,14.506113052368164,42.451168060302734
47.74,0.0,-12.744112014770508,11.352025985717773,35.24411392211914
47.78,0.0,-12.744112014770508,-2.9870755672454834,29.091779708862305
47.800000000000004,0.0,-12.744112014770508,-2.9870755672454834,24.697235107421875
47.84,0.0,-12.744112014770508,-13.353188514709473,23.378873825073242
47.88,0.0,-12.744112014770508,-18.937213897705078,23.466764450073242
47.9,0.0,-12.744112014770508,-22.875749588012695,23.642545700073242
47.94,0.0,-12.744112014770508,-22.875749588012695,25.66403579711914
47.980000000000004,0.0,-12.744112014770508,-24.98931312561035,28.476543426513672
48.02,0.0,-12.744112014770508,-23.68550682067871,32.871089935302734
48.04,0.0,-12.744112014770508,-20.312850952148438,40.7812385559082
48.08,0.0,-12.744112014770508,-20.312850952148438,48.779266357421875
48.120000000000005,0.0,-12.744112014770508,-12.056875228881836,58.18355941772461
48.160000000000004,0.0,-12.744112014770508,-5.12026834487915,64.42378997802734
48.18,0.0,-12.744112014770508,-5.12026834487915,71.27926635742188
48.22,0.0,-12.744112014770508,5.929598331451416,77.69527435302734
48.26,0.0,-12.744112014770508,12.784753799438477,81.73825073242188
48.300000000000004,0.0,-12.744112014770508,18.52032470703125,84.37496948242188
48.32,0.0,-12.744112014770508,18.52032470703125,84.81442260742188
48.36,0.0,-12.744112014770508,23.955867767333984,84.55075073242188
48.4,0.0,-12.744112014770508,24.999238967895508,84.28707122802734
48.42,0.0,-12.744112014770508,24.999238967895508,79.80465698242188
48.46,0.0,-12.744112014770508,20.57820701599121,72.77340698242188
48.5,0.0,-12.744112014770508,20.57820701599121,64.95114135742188
48.54,0.0,-12.744112014770508,12.410117149353027,55.81051254272461
48.56,0.0,-12.744112014770508,5.479570388793945,48.25191879272461
48.6,0.0,-12.744112014770508,1.7906084060668945,40.9570198059082
48.64,0.0,-12.744112014770508,-5.626469612121582,36.123023986816406
48.660000000000004,0.0,-12.744112014770508,-12.548382759094238,33.13473129272461
48.7,0.0,-12.744112014770508,-15.628368377685547,32.34374237060547
48.74,0.0,-12.744112014770508,-20.68341636657715,32.34374237060547
48.76,0.0,-12.744112014770508,-20.68341636657715,32.69530487060547
48.800000000000004,0.0,-12.744112014770508,-22.545093536376953,36.474586486816406
48.84,0.0,-12.744112014770508,-24.71255111694336,41.57225799560547
48.86,0.0,-12.744112014770508,-22.496658325195312,46.669898986816406
48.9,0.0,-12.744112014770508,-22.496658325195312,54.66793441772461
48.94,0.0,-12.744112014770508,-15.522296905517578,62.753875732421875
48.96,0.0,-12.744112014770508,-9.0399169921875,68.37887573242188
49.0,0.0,-12.744112014770508,-5.455165386199951,75.41012573242188
49.04,0.0,-12.744112014770508,2.0012893676757812,81.03512573242188
49.06,0.0,-12.744112014770508,9.282148361206055,86.13278198242188
49.1,0.0,-12.744112014770508,12.650735855102539,89.12105560302734
49.14,0.0,-12.744112014770508,18.465906143188477,90.08786010742188
49.160000000000004,0.0,-12.744112014770508,18.465906143188477,89.99996185302734
49.2,0.0,-12.744112014770508,23.964805603027344,89.73629760742188
49.24,0.0,-12.744112014770508,24.998186111450195,87.97847747802734
49.26,0.0,-12.744112014770508,23.785234451293945,83.23239135742188
49.300000000000004,0.0,-12.744112014770508,22.361736297607422,76.99215698242188
49.34,0.0,-12.744112014770508,18.039140701293945,70.22457885742188
49.36,0.0,-12.744112014770508,12.089415550231934,60.20504379272461
49.4,0.0,-12.744112014770508,8.666794776916504,52.38277816772461
49.44,0.0,-12.744112014770508,1.3114500045776367,45.966773986816406
49.46,0.0,-12.744112014770508,-6.165689468383789,40.1660041809082
49.5,0.0,-12.744112014770508,-9.737592697143555,37.17771530151367
49.54,0.0,-12.744112014770508,-16.143407821655273,36.826148986816406
49.56,0.0,-12.744112014770508,-21.09096336364746,36.914039611816406
49.6,0.0,-12.744112014770508,-22.870845794677734,38.14451217651367
49.64,0.0,-12.744112014770508,-24.83928871154785,41.04491424560547
49.660000000000004,0.0,-12.744112014770508,-24.555078506469727,46.318336486816406
49.7,0.0,-12.744112014770508,-23.567249298095703,52.38277816772461
49.74,0.0,-12.744112014770508,-20.010498046875,59.326141357421875
49.76,0.0,-12.744112014770508,-20.010498046875,66.97262573242188
49.800000000000004,0.0,-12.744112014770508,-11.407174110412598,74.61911010742188
49.84,0.0,-12.744112014770508,-4.2506208419799805,82.2656021118164
49.86,0.0,-12.744112014770508,3.296637535095215,88.76949310302734
49.9,0.0,-12.744112014770508,7.001506328582764,93.86715698242188
49.94,0.0,-12.744112014770508,13.850308418273926,96.5917739868164
49.980000000000004,0.0,-12.744112014770508,19.436826705932617,97.11911010742188
50.0,0.0,-12.744112014770508,19.436826705932617,97.11911010742188
50.04,0.0,-12.744112014770508,24.371532440185547,97.11911010742188
50.08,0.0,-12.744112014770508,24.92179298400879,96.94332885742188
50.120000000000005,0.0,-12.744112014770508,23.187950134277344,95.09762573242188
50.14,0.0,-12.744112014770508,23.187950134277344,89.64839935302734
50.18,0.0,-12.744112014770508,16.69983673095703,83.4081802368164
50.2,0.0,-12.744112014770508,10.357935905456543,76.37692260742188
50.24,0.0,-12.744112014770508,10.357935905456543,67.41207885742188
50.28,0.0,-12.744112014770508,-0.7386224865913391,60.02926254272461
50.300000000000004,0.0,-12.744112014770508,-8.200855255126953,54.66793441772461
50.34,0.0,-12.744112014770508,-8.200855255126953,50.71285629272461
50.38,0.0,-12.744112014770508,-17.785171508789062,50.09762191772461
50.42,0.0,-12.744112014770508,-22.240665435791016,50.185516357421875
50.44,0.0,-12.744112014770508,-24.643423080444336,51.15230941772461
50.480000000000004,0.0,-12.744112014770508,-24.996614456176758,54.49215316772461
50.52,0.0,-12.744112014770508,-23.963760375976562,59.326141357421875
50.54,0.0,-12.744112014770508,-20.711368560791016,64.95114135742188
50.58,0.0,-12.744112014770508,-18.338665008544922,70.22457885742188
50.620000000000005,0.0,-12.744112014770508,-12.373908042907715,77.78317260742188
50.64,0.0,-12.744112014770508,-5.2579665184021,84.19918060302734
50.68,0.0,-12.744112014770508,-1.4717897176742554,89.56050872802734
50.72,0.0,-12.744112014770508,6.117049694061279,92.98825073242188
50.74,0.0,-12.744112014770508,13.140239715576172,94.65817260742188
50.78,0.0,-12.744112014770508,16.231382369995117,94.74606323242188
50.82,0.0,-12.744112014770508,21.211362838745117,94.65817260742188
50.84,0.0,-12.744112014770508,24.215730667114258,94.48239135742188
50.88,0.0,-12.744112014770508,24.880558013916016,92.10933685302734
50.92,0.0,-12.744112014770508,24.455873489379883,87.62692260742188
50.94,0.0,-12.744112014770508,21.74534797668457,79.89254760742188
50.980000000000004,0.0,-12.744112014770508,19.603290557861328,72.59762573242188
51.02,0.0,-12.744112014770508,13.994695663452148,64.07223510742188
51.04,0.0,-12.744112014770508,7.0726237297058105,53.701141357421875
51.08,0.0,-12.744112014770508,3.3180272579193115,47.109352111816406
51.120000000000005,0.0,-12.744112014770508,-4.338132381439209,41.30858612060547
51.14,0.0,-12.744112014770508,-8.059024810791016,37.96873092651367
51.18,0.0,-12.744112014770508,-14.848718643188477,36.826148986816406
51.2,0.0,-12.744112014770508,-20.245370864868164,36.914039611816406
51.24,0.0,-12.744112014770508,-20.245370864868164,37.52927780151367
51.28,0.0,-12.744112014770508,-24.66097068786621,40.1660041809082
51.32,0.0,-12.744112014770508,-24.743541717529297,44.296844482421875
51.34,0.0,-12.744112014770508,-22.49226951599121,50.273406982421875
51.38,0.0,-12.744112014770508,-22.49226951599121,58.623016357421875
51.42,0.0,-12.744112014770508,-15.25332260131836,65.30269622802734
51.46,0.0,-12.744112014770508,-8.513598442077637,72.42184448242188
51.480000000000004,0.0,-12.744112014770508,-0.9652576446533203,80.33200073242188
51.52,0.0,-12.744112014770508,2.890303134918213,86.04489135742188
51.54,0.0,-12.744112014770508,10.307117462158203,90.70309448242188
51.58,0.0,-12.744112014770508,10.307117462158203,94.30661010742188
51.620000000000005,0.0,-12.744112014770508,19.40886116027832,94.92184448242188
51.660000000000004,0.0,-12.744112014770508,23.285602569580078,94.92184448242188
51.68,0.0,-12.744112014770508,24.950557708740234,94.83395385742188
51.72,0.0,-12.744112014770508,24.950557708740234,94.30661010742188
51.76,0.0,-12.744112014770508,23.009485244750977,91.2304458618164
51.800000000000004,0.0,-12.744112014770508,18.931468963623047,86.57223510742188
51.82,0.0,-12.744112014770508,13.046271324157715,77.78317260742188
51.86,0.0,-12.744112014770508,13.046271324157715,69.08200073242188
51.9,0.0,-12.744112014770508,2.0881271362304688,60.02926254272461
51.92,0.0,-12.744112014770508,-5.622004508972168,53.525360107421875
51.96,0.0,-12.744112014770508,-5.622004508972168,47.37302780151367
52.0,0.0,-12.744112014770508,-15.966412544250488,44.121063232421875
52.02,0.0,-12.744112014770508,-21.084590911865234,43.33004379272461
52.06,0.0,-12.744112014770508,-21.084590911865234,43.33004379272461
52.1,0.0,-12.744112014770508,-22.91010856628418,44.20895767211914
52.14,0.0,-12.744112014770508,-24.448823928833008,47.02146530151367
52.18,0.0,-12.744112014770508,-21.674692153930664,51.679656982421875
52.2,0.0,-12.744112014770508,-16.814424514770508,58.710906982421875
52.24,0.0,-12.744112014770508,-13.740560531616211,64.24801635742188
52.28,0.0,-12.744112014770508,-6.67451810836792,69.96090698242188
52.300000000000004,0.0,-12.744112014770508,1.0381344556808472,77.69527435302734
52.34,0.0,-12.744112014770508,4.905187606811523,82.00192260742188
52.38,0.0,-12.744112014770508,12.193486213684082,85.34176635742188
52.4,0.0,-12.744112014770508,18.306772232055664,87.27536010742188
52.44,0.0,-12.744112014770508,20.731470108032227,87.18746185302734
52.480000000000004,0.0,-12.744112014770508,24.021886825561523,86.8359146118164
52.5,0.0,-12.744112014770508,24.987314224243164,84.99020385742188
52.54,0.0,-12.744112014770508,24.558725357055664,80.68356323242188
52.58,0.0,-12.744112014770508,21.928916931152344,75.67379760742188
52.620000000000005,0.0,-12.744112014770508,17.16939926147461,67.3241958618164
52.64,0.0,-12.744112014770508,17.16939926147461,56.689422607421875
52.68,0.0,-12.744112014770508,7.088421821594238,49.218719482421875
52.7,0.0,-12.744112014770508,-0.6434369087219238,40.86913299560547
52.74,0.0,-12.744112014770508,-4.534857273101807,34.71677017211914
52.78,0.0,-12.744112014770508,-11.894231796264648,30.23436164855957
52.82,0.0,-12.744112014770508,-18.097097396850586,27.59763526916504
52.84,0.0,-12.744112014770508,-18.097097396850586,27.158180236816406
52.88,0.0,-12.744112014770508,-23.95073699951172,27.24607276916504
52.9,0.0,-12.744112014770508,-24.993282318115234,27.24607276916504
52.94,0.0,-12.744112014770508,-24.993282318115234,30.32225227355957
52.980000000000004,0.0,-12.744112014770508,-22.006921768188477,34.98044204711914
53.0,0.0,-12.744112014770508,-17.262069702148438,40.86913299560547
53.04,0.0,-12.744112014770508,-14.218193054199219,46.669898986816406
53.08,0.0,-12.744112014770508,-7.1597137451171875,53.61324691772461
53.1,0.0,-12.744112014770508,0.6046897768974304,61.87497329711914
53.14,0.0,-12.744112014770508,4.514252185821533,66.26950073242188
53.160000000000004,0.0,-12.744112014770508,11.907129287719727,69.60933685302734
53.2,0.0,-12.744112014770508,11.907129287719727,73.21286010742188
53.24,0.0,-12.744112014770508,20.60772705078125,74.09175872802734
53.28,0.0,-12.744112014770508,23.980260848999023,73.82809448242188
53.300000000000004,0.0,-12.744112014770508,24.98966407775879,72.59762573242188
53.34,0.0,-12.744112014770508,24.98966407775879,68.37887573242188
53.38,0.0,-12.744112014770508,21.91481590270996,62.226531982421875
53.42,0.0,-12.744112014770508,17.096162796020508,55.371063232421875
53.44,0.0,-12.744112014770508,17.096162796020508,46.406227111816406
53.480000000000004,0.0,-12.744112014770508,6.889277935028076,37.26560592651367
53.5,0.0,-12.744112014770508,-0.9219462871551514,29.619125366210938
53.54,0.0,-12.744112014770508,-4.843541145324707,22.76366424560547
53.58,0.0,-12.744112014770508,-12.231876373291016,17.75388526916504
53.6,0.0,-12.744112014770508,-18.409168243408203,13.974576950073242
53.64,0.0,-12.744112014770508,-20.84493637084961,12.656241416931152
53.68,0.0,-12.744112014770508,-24.106199264526367,12.744132041931152
53.7,0.0,-12.744112014770508,-24.970508575439453,13.007804870605469
53.74,0.0,-12.744112014770508,-24.4661865234375,15.644503593444824
53.78,0.0,-12.744112014770508,-21.64539909362793,20.039047241210938
53.82,0.0,-12.744112014770508,-16.665040969848633,26.01559829711914
53.84,0.0,-12.744112014770508,-10.019302368164062,31.376941680908203
53.88,0.0,-12.744112014770508,-10.019302368164062,40.0781135559082
53.92,0.0,-12.744112014770508,1.5946446657180786,46.14255142211914
53.96,0.0,-12.744112014770508,9.307043075561523,51.240203857421875
53.980000000000004,0.0,-12.744112014770508,16.09101676940918,55.89840316772461
54.02,0.0,-12.744112014770508,18.916494369506836,57.91988754272461
54.06,0.0,-12.744112014770508,23.07862663269043,57.91988754272461
54.08,0.0,-12.744112014770508,24.926923751831055,57.74410629272461
54.120000000000005,0.0,-12.744112014770508,24.914674758911133,55.89840316772461
54.160000000000004,0.0,-12.744112014770508,23.0168514251709,52.031219482421875
54.18,0.0,-12.744112014770508,18.803640365600586,45.70309829711914
54.22,0.0,-12.744112014770508,15.952200889587402,38.93553161621094
54.26,0.0,-12.744112014770508,9.117413520812988,31.201162338256836
54.28,0.0,-12.744112014770508,1.36079740524292,23.378873825073242
54.32,0.0,-12.744112014770508,-2.620643138885498,18.632793426513672
54.34,0.0,-12.744112014770508,-10.287071228027344,15.82028579711914
54.38,0.0,-12.744112014770508,-10.287071228027344,14.589813232421875
54.42,0.0,-12.744112014770508,-19.628780364990234,14.765595436096191
54.44,0.0,-12.744112014770508,-23.497678756713867,15.117158889770508
54.480000000000004,0.0,-12.744112014770508,-23.497678756713867,18.01755714416504
54.52,0.0,-12.744112014770508,-24.785938262939453,22.32421112060547
54.54,0.0,-12.744112014770508,-22.503232955932617,26.630836486816406
54.58,0.0,-12.744112014770508,-20.481592178344727,31.113271713256836
54.6,0.0,-12.744112014770508,-14.932653427124023,37.35349655151367
54.64,0.0,-12.744112014770508,-14.932653427124023,46.054664611816406
54.68,0.0,-12.744112014770508,-3.9802193641662598,52.82223129272461
54.72,0.0,-12.744112014770508,3.994180202484131,59.326141357421875
54.74,0.0,-12.744112014770508,7.88030481338501,63.369110107421875
54.78,0.0,-12.744112014770508,14.954697608947754,66.00582885742188
54.800000000000004,0.0,-12.744112014770508,20.507539749145508,67.49996948242188
54.84,0.0,-12.744112014770508,22.5279541015625,67.67575073242188
54.86,0.0,-12.744112014770508,24.79694175720215,67.49996948242188
54.9,0.0,-12.744112014770508,24.79694175720215,65.39059448242188
54.94,0.0,-12.744112014770508,23.448999404907227,60.11715316772461
54.96,0.0,-12.744112014770508,19.511940002441406,54.49215316772461
55.0,0.0,-12.744112014770508,16.759872436523438,47.900360107421875
55.04,0.0,-12.744112014770508,10.039860725402832,40.0781135559082
55.06,0.0,-12.744112014770508,10.039860725402832,31.289051055908203
55.1,0.0,-12.744112014770508,-1.729505181312561,24.433565139770508
55.120000000000005,0.0,-12.744112014770508,-9.529570579528809,19.951156616210938
55.160000000000004,0.0,-12.744112014770508,-13.110818862915039,17.138648986816406
55.2,0.0,-12.744112014770508,-19.1741943359375,16.08395767211914
55.22,0.0,-12.744112014770508,-21.49888801574707,16.17184829711914
55.26,0.0,-12.744112014770508,-24.433195114135742,16.347631454467773
55.28,0.0,-12.744112014770508,-24.851463317871094,19.160139083862305
55.32,0.0,-12.744112014770508,-24.092126846313477,22.9394474029541
55.36,0.0,-12.744112014770508,-20.732465744018555,27.24607276916504
55.38,0.0,-12.744112014770508,-15.230674743652344,32.43163299560547
55.42,0.0,-12.744112014770508,-11.846060752868652,39.9902229309082
55.44,0.0,-12.744112014770508,-4.2460527420043945,45.878883361816406
55.480000000000004,0.0,-12.744112014770508,-4.2460527420043945,52.38277816772461
55.52,0.0,-12.744112014770508,7.723233222961426,57.56832504272461
55.54,0.0,-12.744112014770508,14.87775707244873,60.46871566772461
55.58,0.0,-12.744112014770508,14.87775707244873,61.69919204711914
55.620000000000005,0.0,-12.744112014770508,22.531551361083984,61.69919204711914
55.64,0.0,-12.744112014770508,24.806711196899414,61.523406982421875
55.68,0.0,-12.744112014770508,24.806711196899414,58.886688232421875
55.72,0.0,-12.744112014770508,23.385295867919922,54.140594482421875
55.74,0.0,-12.744112014770508,19.35379409790039,48.164031982421875
55.78,0.0,-12.744112014770508,19.35379409790039,39.19920349121094
55.82,0.0,-12.744112014770508,9.713225364685059,30.67381477355957
55.86,0.0,-12.744112014770508,1.8640278577804565,22.499990463256836
55.88,0.0,-12.744112014770508,-6.183073043823242,15.205048561096191
55.92,0.0,-12.744112014770508,-10.016639709472656,10.458970069885254
55.96,0.0,-12.744112014770508,-16.801803588867188,6.943334102630615
55.980000000000004,0.0,-12.744112014770508,-21.8321475982666,5.976534366607666
56.02,0.0,-12.744112014770508,-23.515153884887695,6.064425468444824
56.06,0.0,-12.744112014770508,-24.994346618652344,6.855443477630615
56.08,0.0,-12.744112014770508,-23.85373878479004,10.195296287536621
56.120000000000005,0.0,-12.744112014770508,-22.326744079589844,13.886686325073242
56.160000000000004,0.0,-12.744112014770508,-17.557973861694336,19.423810958862305
56.18,0.0,-12.744112014770508,-10.942400932312012,26.10348892211914
56.22,0.0,-12.744112014770508,-7.152964115142822,31.289051055908203
56.24,0.0,-12.744112014770508,0.8911948204040527,37.26560592651367
56.28,0.0,-12.744112014770508,0.8911948204040527,43.857391357421875
56.32,0.0,-12.744112014770508,12.523096084594727,47.988250732421875
56.36,0.0,-12.744112014770508,18.796043395996094,50.88863754272461
56.38,0.0,-12.744112014770508,23.08819007873535,52.20699691772461
56.42,0.0,-12.744112014770508,23.08819007873535,52.031219482421875
56.46,0.0,-12.744112014770508,24.339374542236328,51.15230941772461
56.5,0.0,-12.744112014770508,24.884550094604492,47.46091842651367
56.54,0.0,-12.744112014770508,18.298173904418945,41.04491424560547
56.56,0.0,-12.744112014770508,11.857682228088379,33.310516357421875
56.6,0.0,-12.744112014770508,11.857682228088379,24.257781982421875
56.64,0.0,-12.744112014770508,8.116193771362305,18.457012176513672
56.660000000000004,0.0,-12.744112014770508,-7.955894470214844,14.326140403747559
56.7,0.0,-12.744112014770508,-11.71231460571289,11.86522388458252
56.74,0.0,-12.744112014770508,-18.195236206054688,11.24998664855957
56.76,0.0,-12.744112014770508,-20.747730255126953,11.425768852233887
56.800000000000004,0.0,-12.744112014770508,-24.133201599121094,12.04100513458252
56.84,0.0,-12.744112014770508,-24.94914436340332,15.205048561096191
56.86,0.0,-12.744112014770508,-24.35416030883789,19.511701583862305
56.9,0.0,-12.744112014770508,-21.23558235168457,24.521455764770508
56.92,0.0,-12.744112014770508,-15.8485689163208,30.23436164855957
56.96,0.0,-12.744112014770508,-12.47537612915039,36.738258361816406
56.980000000000004,0.0,-12.744112014770508,-4.819567680358887,43.15426254272461
57.02,0.0,-12.744112014770508,-0.7426798939704895,48.515594482421875
57.06,0.0,-12.744112014770508,7.3633222579956055,53.261688232421875
57.08,0.0,-12.744112014770508,7.3633222579956055,57.56832504272461
57.120000000000005,0.0,-12.744112014770508,17.798398971557617,58.886688232421875
57.14,0.0,-12.744112014770508,22.516496658325195,58.974578857421875
57.18,0.0,-12.744112014770508,22.516496658325195,58.79879379272461
57.22,0.0,-12.744112014770508,24.9754638671875,56.95309066772461
57.24,0.0,-12.744112014770508,23.274587631225586,52.734344482421875
57.28,0.0,-12.744112014770508,23.274587631225586,46.054664611816406
57.32,0.0,-12.744112014770508,16.157861709594727,38.05662155151367
57.36,0.0,-12.744112014770508,9.110219955444336,29.882797241210938
57.4,0.0,-12.744112014770508,1.0773823261260986,21.357410430908203
57.42,0.0,-12.744112014770508,1.0773823261260986,14.589813232421875
57.46,0.0,-12.744112014770508,-10.918966293334961,11.24998664855957
57.5,0.0,-12.744112014770508,-17.62171173095703,9.755843162536621
57.52,0.0,-12.744112014770508,-22.42157745361328,9.931624412536621
57.56,0.0,-12.744112014770508,-23.935094833374023,10.107406616210938
57.6,0.0,-12.744112014770508,-24.982255935668945,11.777332305908203
57.620000000000005,0.0,-12.744112014770508,-23.322418212890625,16.435522079467773
57.660000000000004,0.0,-12.744112014770508,-21.52138900756836,22.148427963256836
57.68,0.0,-12.744112014770508,-16.21970558166504,26.894508361816406
57.72,0.0,-12.744112014770508,-16.21970558166504,33.04684066772461
57.76,0.0,-12.744112014770508,-5.1940693855285645,41.8359260559082
57.78,0.0,-12.744112014770508,3.043100357055664,47.812469482421875
57.82,0.0,-12.744112014770508,3.043100357055664,56.601531982421875
57.86,0.0,-12.744112014770508,7.094574451446533,62.49020767211914
57.9,0.0,-12.744112014770508,14.51091194152832,65.65426635742188
57.92,0.0,-12.744112014770508,23.96999740600586,67.85153198242188
57.96,0.0,-12.744112014770508,24.813907623291016,68.37887573242188
58.0,0.0,-12.744112014770508,24.45110321044922,68.11520385742188
58.02,0.0,-12.744112014770508,21.415607452392578,67.76363372802734
58.06,0.0,-12.744112014770508,18.987646102905273,64.59957122802734
58.1,0.0,-12.744112014770508,12.642016410827637,59.853477478027344
58.120000000000005,0.0,-12.744112014770508,12.642016410827637,52.82223129272461
58.160000000000004,0.0,-12.744112014770508,0.7831225395202637,46.318336486816406
58.2,0.0,-12.744112014770508,-7.421638011932373,39.81443786621094
58.22,0.0,-12.744112014770508,-14.81513500213623,34.36520767211914
58.26,0.0,-12.744112014770508,-17.94754409790039,32.08007049560547
58.300000000000004,0.0,-12.744112014770508,-22.651500701904297,31.81639862060547
58.32,0.0,-12.744112014770508,-24.86574935913086,31.90428924560547
58.36,0.0,-12.744112014770508,-24.95041847229004,32.69530487060547
58.4,0.0,-12.744112014770508,-23.061017990112305,35.59567642211914
58.42,0.0,-12.744112014770508,-23.061017990112305,40.9570198059082
58.46,0.0,-12.744112014770508,-21.13849639892578,46.75779342651367
58.5,0.0,-12.744112014770508,-8.339625358581543,53.525360107421875
58.52,0.0,-12.744112014770508,-0.15385745465755463,61.171844482421875
58.56,0.0,-12.744112014770508,4.004520893096924,65.65426635742188
58.6,0.0,-12.744112014770508,11.876606941223145,69.25778198242188
58.620000000000005,0.0,-12.744112014770508,11.876606941223145,72.94918823242188
58.660000000000004,0.0,-12.744112014770508,20.990036010742188,74.00387573242188
58.7,0.0,-12.744112014770508,24.285064697265625,73.82809448242188
58.72,0.0,-12.744112014770508,24.887428283691406,73.30075073242188
58.76,0.0,-12.744112014770508,24.887428283691406,69.34566497802734
58.800000000000004,0.0,-12.744112014770508,20.672922134399414,63.808563232421875
58.82,0.0,-12.744112014770508,14.90148639678955,57.040985107421875
58.86,0.0,-12.744112014770508,11.344931602478027,50.09762191772461
58.9,0.0,-12.744112014770508,3.384335517883301,42.53905487060547
58.92,0.0,-12.744112014770508,-4.956536293029785,36.650367736816406
58.96,0.0,-12.744112014770508,-8.977989196777344,33.749969482421875
59.0,0.0,-12.744112014770508,-16.16105842590332,33.04684066772461
59.04,0.0,-12.744112014770508,-21.54290771484375,33.13473129272461
59.06,0.0,-12.744112014770508,-23.359912872314453,33.486297607421875
59.08,0.0,-12.744112014770508,-24.9899959564209,35.68356704711914
59.120000000000005,0.0,-12.744112014770508,-24.9899959564209,40.4296760559082
59.160000000000004,0.0,-12.744112014770508,-22.222108840942383,45.351539611816406
59.18,0.0,-12.744112014770508,-17.197723388671875,51.064422607421875
59.22,0.0,-12.744112014770508,-17.197723388671875,60.02926254272461
59.26,0.0,-12.744112014770508,-6.279195785522461,66.62106323242188
59.28,0.0,-12.744112014770508,2.0668833255767822,72.86129760742188
59.32,0.0,-12.744112014770508,6.212985515594482,79.18942260742188
59.36,0.0,-12.744112014770508,13.867897987365723,83.93551635742188
59.38,0.0,-12.744112014770508,17.15968894958496,88.06637573242188
59.42,0.0,-12.744112014770508,22.207080841064453,90.17575073242188
59.46,0.0,-12.744112014770508,24.755481719970703,90.4394302368164
59.5,0.0,-12.744112014770508,24.755481719970703,90.17575073242188
59.52,0.0,-12.744112014770508,23.342994689941406,89.38473510742188
59.56,0.0,-12.744112014770508,19.06113052368164,86.7480239868164
59.58,0.0,-12.744112014770508,12.624502182006836,81.47457885742188
59.620000000000005,0.0,-12.744112014770508,12.624502182006836,74.70700073242188
59.660000000000004,0.0,-12.744112014770508,0.5625636577606201,66.79684448242188
59.7,0.0,-12.744112014770508,-7.759116172790527,59.853477478027344
59.74,0.0,-12.744112014770508,-15.205181121826172,53.876922607421875
59.76,0.0,-12.744112014770508,-15.205181121826172,50.97652816772461
59.800000000000004,0.0,-12.744112014770508,-22.934057235717773,50.97652816772461
59.84,0.0,-12.744112014770508,-24.93734359741211,51.064422607421875
59.88,0.0,-12.744112014770508,-24.108169555664062,52.294891357421875
59.92,0.0,-12.744112014770508,-24.108169555664062,57.12887191772461
59.94,0.0,-12.744112014770508,-17.8385009765625,62.40231704711914
59.980000000000004,0.0,-12.744112014770508,-10.996879577636719,66.97262573242188
