dt,yaw_cmd,yaw_pos,pitch_cmd,pitch_pos
1.08,0.0,-6.5917510986328125,0.0,-0.6152534484863281
1.12,0.0,-6.5917510986328125,-7.465739727020264,-0.6152534484863281
1.1400000000000001,0.0,-6.5917510986328125,-10.486217498779297,-1.7302845662925392e-05
1.18,0.0,-6.5917510986328125,-10.486217498779297,3.2519450187683105
1.22,0.0,-6.5917510986328125,-14.677613258361816,6.855443477630615
1.24,0.0,-6.5917510986328125,-17.176137924194336,11.162096977233887
1.3,0.0,-6.679669380187988,-17.176137924194336,19.687484741210938
1.32,0.0,-6.679669380187988,-21.272785186767578,26.279272079467773
1.36,0.0,-6.679669380187988,-22.08281898498535,32.51952362060547
1.4000000000000001,0.0,-6.679669380187988,-23.4195613861084,40.6933479309082
1.42,0.0,-6.679669380187988,-24.35921859741211,48.42770004272461
1.46,0.0,-6.679669380187988,-24.674455642700195,56.07418441772461
1.5,0.0,-6.679669380187988,-24.988170623779297,61.347625732421875
1.52,0.0,-6.679669380187988,-24.874675750732422,67.06051635742188
1.56,0.0,-6.679669380187988,-24.657609939575195,72.42184448242188
1.6,0.0,-6.679669380187988,-23.90662956237793,76.46481323242188
1.62,0.0,-6.679669380187988,-22.743568420410156,80.33200073242188
1.6600000000000001,0.0,-6.679669380187988,-22.013080596923828,83.4081802368164
1.7,0.0,-6.679669380187988,-20.2691593170166,85.8691177368164
1.72,0.0,-6.679669380187988,-18.172771453857422,88.41793060302734
1.76,0.0,-6.679669380187988,-17.003173828125,89.38473510742188
1.78,0.0,-6.679669380187988,-14.445901870727539,89.64839935302734
1.82,0.0,-6.679669380187988,-14.445901870727539,90.08786010742188
1.86,0.0,-6.679669380187988,-10.148706436157227,91.14254760742188
1.9000000000000001,0.0,-6.679669380187988,-7.048104286193848,91.3183364868164
1.92,0.0,-6.679669380187988,-3.820950746536255,91.3183364868164
1.96,0.0,-6.679669380187988,-3.820950746536255,91.05465698242188
2.0,0.0,-6.767532825469971,1.1337897777557373,88.59371185302734
2.04,0.0,-6.767532825469971,4.428578853607178,84.46286010742188
2.06,0.0,-6.767532825469971,7.648870944976807,77.34371948242188
2.1,0.0,-6.679669380187988,10.737565040588379,72.50972747802734
2.14,0.0,-6.767532825469971,12.215245246887207,67.58785247802734
2.18,0.0,-6.767532825469971,15.004179954528809,61.787078857421875
2.2,0.0,-6.767532825469971,15.004179954528809,55.195281982421875
2.24,0.0,-6.767532825469971,18.67933464050293,50.624969482421875
2.2800000000000002,0.0,-6.767532825469971,20.725730895996094,45.43942642211914
2.32,0.0,-6.767532825469971,22.40448760986328,36.738258361816406
2.34,0.0,-6.767532825469971,22.40448760986328,29.179670333862305
2.38,0.0,-6.767532825469971,24.16695213317871,23.0273380279541
2.42,0.0,-6.767532825469971,24.805540084838867,17.490211486816406
2.44,0.0,-6.767532825469971,24.805540084838867,11.513660430908203
2.48,0.0,-6.767532825469971,24.805540084838867,6.943334102630615
2.52,0.0,-6.767532825469971,24.038408279418945,-1.7302845662925392e-05
2.56,0.0,-6.767532825469971,23.522178649902344,-3.867216110229492
2.6,0.0,-6.767532825469971,22.17179298400879,-6.943369388580322
2.62,0.0,-6.767532825469971,20.417613983154297,-9.755876541137695
2.66,0.0,-6.767532825469971,19.398391723632812,-11.601585388183594
2.7,0.0,-6.767532825469971,17.0981502532959,-12.91994857788086
2.74,0.0,-6.767532825469971,14.483559608459473,-14.238311767578125
2.7600000000000002,0.0,-6.767532825469971,14.483559608459473,-14.414093971252441
2.8000000000000003,0.0,-6.767532825469971,10.076112747192383,-15.293002128601074
2.84,0.0,-6.767532825469971,6.891493320465088,-15.644537925720215
2.86,0.0,-6.767532825469971,6.891493320465088,-15.46878433227539
2.9,0.0,-6.679669380187988,0.19295619428157806,-14.326202392578125
2.94,0.0,-6.767532825469971,0.19295619428157806,-12.04103946685791
2.98,0.0,-6.767532825469971,-4.876628875732422,-8.34962272644043
3.0,0.0,-6.767532825469971,-8.160888671875,-4.482452392578125
3.04,0.0,-6.767532825469971,-8.160888671875,2.2851455211639404
3.08,0.0,-6.767532825469971,-12.791302680969238,7.382789134979248
3.1,0.0,-6.767532825469971,-15.596439361572266,11.777332305908203
3.14,0.0,-6.767532825469971,-15.596439361572266,19.160139083862305
3.18,0.0,-6.679669380187988,-16.894153594970703,23.642545700073242
3.2,0.0,-6.679669380187988,-21.246217727661133,28.037090301513672
3.24,0.0,-6.679669380187988,-21.246217727661133,35.50778579711914
3.2800000000000002,0.0,-6.679669380187988,-23.489002227783203,41.74803924560547
3.3000000000000003,0.0,-6.679669380187988,-24.439361572265625,48.25191879272461
3.34,0.0,-6.679669380187988,-24.74308204650879,55.89840316772461
3.38,0.0,-6.679669380187988,-24.999549865722656,61.171844482421875
3.4,0.0,-6.679669380187988,-24.78372573852539,66.88473510742188
3.44,0.0,-6.679669380187988,-24.499176025390625,72.42184448242188
3.48,0.0,-6.679669380187988,-23.582632064819336,76.55270385742188
3.5,0.0,-6.679669380187988,-22.21706771850586,80.15621948242188
3.54,0.0,-6.679669380187988,-21.373268127441406,82.79293823242188
3.58,0.0,-6.679669380187988,-19.38292121887207,84.99020385742188
3.6,0.0,-6.679669380187988,-17.020349502563477,86.7480239868164
3.64,0.0,-6.679669380187988,-15.712987899780273,87.09957885742188
3.68,0.0,-6.679669380187988,-12.876794815063477,87.97847747802734
3.7,0.0,-6.679669380187988,-9.790511131286621,88.24215698242188
3.74,0.0,-6.679669380187988,-8.171730041503906,88.06637573242188
3.7800000000000002,0.0,-6.767532825469971,-6.512744903564453,87.89059448242188
3.8200000000000003,0.0,-6.767532825469971,-1.3748135566711426,85.07808685302734
3.84,0.0,-6.767532825469971,-1.3748135566711426,80.15621948242188
3.88,0.0,-6.767532825469971,3.830604076385498,77.78317260742188
3.92,0.0,-6.767532825469971,7.2264299392700195,76.72848510742188
3.94,0.0,-6.767532825469971,7.2264299392700195,71.54293823242188
3.98,0.0,-6.767532825469971,12.043222427368164,66.97262573242188
4.0200000000000005,0.0,-6.767532825469971,14.977856636047363,61.347625732421875
4.04,0.0,-6.767532825469971,16.340007781982422,54.49215316772461
4.08,0.0,-6.767532825469971,18.82012939453125,48.07613754272461
4.1,0.0,-6.767532825469971,20.93402099609375,40.6933479309082
4.14,0.0,-6.767532825469971,21.840015411376953,34.45309829711914
4.16,0.0,-6.767532825469971,23.327064514160156,28.21286964416504
4.2,0.0,-6.767532825469971,23.900463104248047,21.533193588256836
4.24,0.0,-6.767532825469971,24.69200325012207,15.90817642211914
4.28,0.0,-6.767532825469971,24.69200325012207,9.492170333862305
4.32,0.0,-6.767532825469971,24.905874252319336,3.8671536445617676
4.34,0.0,-6.767532825469971,24.96360969543457,-0.7031443119049072
4.38,0.0,-6.767532825469971,23.602685928344727,-5.0097975730896
4.4,0.0,-6.767532825469971,22.208114624023438,-9.140640258789062
4.44,0.0,-6.767532825469971,22.208114624023438,-11.513693809509277
4.48,0.0,-6.767532825469971,19.294376373291016,-15.029329299926758
4.5200000000000005,0.0,-6.767532825469971,16.858659744262695,-17.314464569091797
4.54,0.0,-6.767532825469971,14.082782745361328,-17.92970085144043
4.58,0.0,-6.767532825469971,12.584131240844727,-17.92970085144043
4.62,0.0,-6.767532825469971,9.402511596679688,-17.84181022644043
4.64,0.0,-6.767532825469971,6.028414249420166,-17.138683319091797
4.68,0.0,-6.767532825469971,4.290152072906494,-14.589875221252441
4.72,0.0,-6.767532825469971,0.7548521757125854,-11.77736759185791
4.74,0.0,-6.767532825469971,-2.7992382049560547,-7.822277545928955
4.78,0.0,-6.767532825469971,-4.56081485748291,-3.867216110229492
4.82,0.0,-6.767532825469971,-8.008234977722168,0.7031096816062927
4.84,0.0,-6.767532825469971,-11.296224594116211,5.800752639770508
4.88,0.0,-6.767532825469971,-11.296224594116211,11.689441680908203
4.92,0.0,-6.767532825469971,-15.782793998718262,16.17184829711914
4.96,0.0,-6.767532825469971,-18.386737823486328,20.65428352355957
4.98,0.0,-6.767532825469971,-18.386737823486328,26.10348892211914
5.0200000000000005,0.0,-6.767532825469971,-21.576541900634766,31.90428924560547
5.0600000000000005,0.0,-6.767532825469971,-23.16033363342285,39.72654724121094
5.08,0.0,-6.767532825469971,-23.16033363342285,47.900360107421875
5.12,0.0,-6.767532825469971,-24.637292861938477,55.195281982421875
5.16,0.0,-6.767532825469971,-24.99107551574707,60.55660629272461
5.18,0.0,-6.767532825469971,-24.828351974487305,66.26950073242188
5.22,0.0,-6.767532825469971,-24.55345916748047,71.89450073242188
5.26,0.0,-6.767532825469971,-23.62278175354004,76.46481323242188
5.3,0.0,-6.767532825469971,-23.62278175354004,79.98043823242188
5.32,0.0,-6.767532825469971,-22.971464157104492,84.02340698242188
5.36,0.0,-6.767532825469971,-19.208433151245117,87.27536010742188
5.4,0.0,-6.679669380187988,-16.700714111328125,88.76949310302734
5.42,0.0,-6.767532825469971,-16.700714111328125,88.85739135742188
5.46,0.0,-6.767532825469971,-12.297371864318848,89.56050872802734
5.5,0.0,-6.767532825469971,-9.022334098815918,89.56050872802734
5.5200000000000005,0.0,-6.767532825469971,-7.308018207550049,89.38473510742188
5.5600000000000005,0.0,-6.767532825469971,-3.770552635192871,89.20894622802734
5.58,0.0,-6.767532825469971,-0.15011253952980042,87.71481323242188
5.62,0.0,-6.767532825469971,1.6674246788024902,84.02340698242188
5.66,0.0,-6.767532825469971,5.269077777862549,78.57418823242188
5.68,0.0,-6.767532825469971,8.762548446655273,73.30075073242188
5.72,0.0,-6.767532825469971,8.762548446655273,67.76363372802734
5.76,0.0,-6.767532825469971,13.637829780578613,63.193328857421875
5.78,0.0,-6.767532825469971,16.542970657348633,57.74410629272461
5.82,0.0,-6.767532825469971,17.867868423461914,51.064422607421875
5.86,0.0,-6.767532825469971,20.226303100585938,43.857391357421875
5.9,0.0,-6.767532825469971,22.15411376953125,35.41989517211914
5.92,0.0,-6.767532825469971,23.608705520629883,27.949199676513672
5.96,0.0,-6.767532825469971,24.147933959960938,21.357410430908203
6.0,0.0,-6.767532825469971,24.834835052490234,15.732394218444824
6.0200000000000005,0.0,-6.767532825469971,24.987241744995117,9.316388130187988
6.0600000000000005,0.0,-6.767532825469971,24.861040115356445,4.6581711769104
6.1000000000000005,0.0,-6.767532825469971,24.206266403198242,0.26365530490875244
6.12,0.0,-6.767532825469971,23.026723861694336,-3.9551069736480713
6.16,0.0,-6.767532825469971,22.247251510620117,-7.207041263580322
6.2,0.0,-6.767532825469971,20.329158782958984,-8.701186180114746
6.24,0.0,-6.767532825469971,20.329158782958984,-11.77736759185791
6.26,0.0,-6.767532825469971,19.20063591003418,-15.205110549926758
6.32,0.0,-6.767532825469971,16.634565353393555,-18.369155883789062
6.34,0.0,-6.767532825469971,8.76046371459961,-19.775409698486328
6.38,0.0,-6.767532825469971,7.002863883972168,-19.775409698486328
6.4,0.0,-6.767532825469971,3.379560947418213,-19.775409698486328
6.44,0.0,-6.767532825469971,3.379560947418213,-18.10548210144043
6.48,0.0,-6.767532825469971,-2.1758265495300293,-13.974638938903809
6.5,0.0,-6.767532825469971,-5.840896129608154,-10.019549369812012
6.54,0.0,-6.767532825469971,-7.631340980529785,-5.449251651763916
6.58,0.0,-6.767532825469971,-11.078324317932129,0.35154619812965393
6.6000000000000005,0.0,-6.767532825469971,-11.078324317932129,7.382789134979248
6.640000000000001,0.0,-6.767532825469971,-15.771986961364746,12.04100513458252
6.66,0.0,-6.767532825469971,-18.48077964782715,18.10544776916504
6.7,0.0,-6.767532825469971,-18.48077964782715,24.960908889770508
6.74,0.0,-6.767532825469971,-21.760540008544922,30.49803352355957
6.78,0.0,-6.767532825469971,-23.351842880249023,38.40818405151367
6.8,0.0,-6.767532825469971,-24.42227554321289,46.054664611816406
6.84,0.0,-6.767532825469971,-24.75373649597168,53.17379379272461
6.88,0.0,-6.767532825469971,-24.998876571655273,59.150360107421875
6.9,0.0,-6.767532825469971,-24.682373046875,64.59957122802734
6.94,0.0,-6.767532825469971,-24.314739227294922,69.60933685302734
6.98,0.0,-6.767532825469971,-23.170082092285156,74.09175872802734
7.0,0.0,-6.767532825469971,-23.170082092285156,77.4316177368164
7.04,0.0,-6.767532825469971,-20.480886459350586,81.03512573242188
7.08,0.0,-6.767532825469971,-18.09700584411621,83.67183685302734
7.1000000000000005,0.0,-6.767532825469971,-15.300276756286621,84.37496948242188
7.140000000000001,0.0,-6.767532825469971,-13.766257286071777,84.37496948242188
7.18,0.0,-6.767532825469971,-10.469929695129395,84.28707122802734
7.2,0.0,-6.767532825469971,-8.726213455200195,84.02340698242188
7.24,0.0,-6.767532825469971,-5.096990585327148,82.52926635742188
7.26,0.0,-6.767532825469971,-1.3478530645370483,79.62887573242188
7.3,0.0,-6.767532825469971,-1.3478530645370483,76.37692260742188
7.34,0.0,-6.767532825469971,4.31318998336792,74.26753997802734
7.38,0.0,-6.767532825469971,7.985804557800293,71.98239135742188
7.42,0.0,-6.767532825469971,11.47807502746582,67.23629760742188
7.44,0.0,-6.767532825469971,11.47807502746582,59.238250732421875
7.48,0.0,-6.767532825469971,16.20258140563965,53.17379379272461
7.5200000000000005,0.0,-6.767532825469971,18.902360916137695,47.19724655151367
7.54,0.0,-6.767532825469971,21.166818618774414,37.79294967651367
7.58,0.0,-6.767532825469971,21.166818618774414,29.619125366210938
7.62,0.0,-6.767532825469971,23.63265609741211,23.466764450073242
7.66,0.0,-6.767532825469971,24.598186492919922,16.962865829467773
7.7,0.0,-6.767532825469971,24.598186492919922,9.755843162536621
7.72,0.0,-6.767532825469971,24.800678253173828,3.9550445079803467
7.76,0.0,-6.767532825469971,24.487045288085938,-0.9668169021606445
7.8,0.0,-6.767532825469971,23.431123733520508,-4.746124744415283
7.82,0.0,-6.767532825469971,21.824386596679688,-8.26173210144043
7.86,0.0,-6.767532825469971,20.82529640197754,-10.898458480834961
7.9,0.0,-6.767532825469971,18.464176177978516,-12.83205795288086
7.92,0.0,-6.767532825469971,15.665582656860352,-13.974638938903809
7.96,0.0,-6.767532825469971,15.665582656860352,-14.326202392578125
8.0,0.0,-6.767532825469971,14.122138977050781,-15.46878433227539
8.040000000000001,0.0,-6.767532825469971,7.203060626983643,-17.138683319091797
8.06,0.0,-6.767532825469971,7.203060626983643,-17.578136444091797
8.120000000000001,0.0,-6.767532825469971,5.3378190994262695,-17.49024772644043
8.14,0.0,-6.767532825469971,-4.2504143714904785,-14.765657424926758
8.18,0.0,-6.767532825469971,-4.2504143714904785,-10.546895027160645
8.22,0.0,-6.767532825469971,-9.801811218261719,-6.152351379394531
8.24,0.0,-6.767532825469971,-13.232019424438477,-0.7910351753234863
8.3,0.0,-6.767532825469971,-13.232019424438477,7.910134315490723
8.32,0.0,-6.767532825469971,-19.074628829956055,15.292940139770508
8.36,0.0,-6.767532825469971,-20.270462036132812,21.445301055908203
8.4,0.0,-6.767532825469971,-22.29057502746582,26.542945861816406
8.42,0.0,-6.767532825469971,-23.77479362487793,34.628875732421875
8.46,0.0,-6.767532825469971,-24.303747177124023,42.09960174560547
8.5,0.0,-6.767532825469971,-24.918363571166992,49.13082504272461
8.52,0.0,-6.767532825469971,-24.929662704467773,58.007781982421875
8.56,0.0,-6.767532825469971,-24.7078914642334,62.753875732421875
8.6,0.0,-6.767532825469971,-23.81521224975586,66.88473510742188
8.620000000000001,0.0,-6.767532825469971,-22.341947555541992,71.89450073242188
8.66,0.0,-6.767532825469971,-21.39779281616211,74.70700073242188
8.700000000000001,0.0,-6.767532825469971,-19.122318267822266,76.90426635742188
8.72,0.0,-6.767532825469971,-16.377140045166016,78.48629760742188
8.76,0.0,-6.767532825469971,-16.377140045166016,78.83785247802734
8.8,0.0,-6.767532825469971,-11.525857925415039,80.15621948242188
8.82,0.0,-6.767532825469971,-7.916954517364502,80.33200073242188
8.86,0.0,-6.767532825469971,-7.916954517364502,79.89254760742188
8.9,0.0,-6.767532825469971,-6.032480716705322,79.62887573242188
8.92,0.0,-6.767532825469971,1.7669155597686768,78.31051635742188
8.96,0.0,-6.767532825469971,1.7669155597686768,74.09175872802734
9.0,0.0,-6.767532825469971,7.5535664558410645,69.43355560302734
9.040000000000001,0.0,-6.767532825469971,11.201339721679688,63.632781982421875
9.08,0.0,-6.767532825469971,14.574199676513672,54.66793441772461
9.1,0.0,-6.767532825469971,14.574199676513672,46.669898986816406
9.14,0.0,-6.767532825469971,16.130767822265625,39.55076599121094
9.18,0.0,-6.767532825469971,21.26959228515625,34.71677017211914
9.22,0.0,-6.767532825469971,23.074596405029297,29.443344116210938
9.24,0.0,-6.767532825469971,23.074596405029297,20.65428352355957
9.28,0.0,-6.767532825469971,24.69121551513672,14.326140403747559
9.32,0.0,-6.767532825469971,24.99997901916504,7.20700740814209
9.34,0.0,-6.767532825469971,24.680288314819336,-1.7302845662925392e-05
9.38,0.0,-6.767532825469971,24.680288314819336,-4.482452392578125
9.42,0.0,-6.767532825469971,24.28614616394043,-8.43751335144043
9.44,0.0,-6.767532825469971,21.211999893188477,-11.95314884185791
9.48,0.0,-6.767532825469971,21.211999893188477,-14.150420188903809
9.52,0.0,-6.767532825469971,17.477256774902344,-16.699228286743164
9.540000000000001,0.0,-6.767532825469971,14.416304588317871,-18.632827758789062
9.58,0.0,-6.767532825469971,14.416304588317871,-18.720718383789062
9.620000000000001,0.0,-6.767532825469971,9.159340858459473,-18.720718383789062
9.64,0.0,-6.767532825469971,5.3398661613464355,-18.720718383789062
9.68,0.0,-6.767532825469971,5.3398661613464355,-17.578136444091797
9.72,0.0,-6.767532825469971,-0.6198745965957642,-14.501983642578125
9.74,0.0,-6.767532825469971,-4.598892688751221,-11.074240684509277
9.78,0.0,-6.767532825469971,-4.598892688751221,-6.064460754394531
9.82,0.0,-6.767532825469971,-10.321550369262695,-0.7031443119049072
9.86,0.0,-6.767532825469971,-13.82919692993164,5.449189186096191
9.88,0.0,-6.767532825469971,-13.82919692993164,12.568350791931152
9.92,0.0,-6.767532825469971,-18.40234375,18.896465301513672
9.96,0.0,-6.767532825469971,-20.87599754333496,24.169891357421875
9.98,0.0,-6.767532825469971,-20.87599754333496,30.58592414855957
10.02,0.0,-6.767532825469971,-23.561038970947266,38.40818405151367
10.06,0.0,-6.767532825469971,-24.597623825073242,44.47262954711914
10.08,0.0,-6.767532825469971,-24.597623825073242,54.140594482421875
10.120000000000001,0.0,-6.767532825469971,-24.877676010131836,60.996063232421875
10.16,0.0,-6.767532825469971,-24.374492645263672,65.83004760742188
10.200000000000001,0.0,-6.767532825469971,-23.161073684692383,70.75192260742188
10.22,0.0,-6.767532825469971,-23.161073684692383,75.32223510742188
10.26,0.0,-6.767532825469971,-20.21715545654297,77.78317260742188
10.3,0.0,-6.767532825469971,-17.57807731628418,79.80465698242188
10.32,0.0,-6.767532825469971,-14.475019454956055,79.98043823242188
10.36,0.0,-6.767532825469971,-14.475019454956055,79.89254760742188
10.4,0.0,-6.767532825469971,-12.774197578430176,80.15621948242188
10.44,0.0,-6.767532825469971,-5.240478515625,81.38668823242188
10.46,0.0,-6.767532825469971,-1.2097581624984741,81.56246948242188
10.5,0.0,-6.767532825469971,-1.2097581624984741,81.12301635742188
10.540000000000001,0.0,-6.767532825469971,4.869231224060059,79.18942260742188
10.56,0.0,-6.767532825469971,8.787071228027344,75.49801635742188
10.6,0.0,-6.767532825469971,8.787071228027344,68.99411010742188
10.64,0.0,-6.767532825469971,14.200955390930176,61.787078857421875
10.68,0.0,-6.767532825469971,17.36041259765625,52.82223129272461
10.72,0.0,-6.767532825469971,20.059011459350586,43.15426254272461
10.74,0.0,-6.767532825469971,21.21202850341797,34.628875732421875
10.78,0.0,-6.767532825469971,23.086029052734375,27.77341651916504
10.82,0.0,-6.767532825469971,24.34248161315918,19.599592208862305
10.84,0.0,-6.767532825469971,24.34248161315918,12.568350791931152
10.88,0.0,-6.767532825469971,24.996641159057617,7.6464619636535645
10.92,0.0,-6.767532825469971,24.59279441833496,2.636708974838257
10.96,0.0,-6.767532825469971,23.52501678466797,-2.28518009185791
10.98,0.0,-6.767532825469971,23.52501678466797,-6.3281331062316895
11.02,0.0,-6.767532825469971,20.742630004882812,-9.843767166137695
11.06,0.0,-6.767532825469971,18.171476364135742,-12.216821670532227
11.08,0.0,-6.767532825469971,18.171476364135742,-12.568385124206543
11.120000000000001,0.0,-6.767532825469971,13.410879135131836,-13.447293281555176
11.16,0.0,-6.767532825469971,9.75869369506836,-14.941438674926758
11.18,0.0,-6.767532825469971,9.75869369506836,-14.941438674926758
11.22,0.0,-6.767532825469971,3.80873441696167,-14.853547096252441
11.26,0.0,-6.767532825469971,-0.31522464752197266,-13.09572982788086
11.28,0.0,-6.767532825469971,-0.31522464752197266,-9.404313087463379
11.32,0.0,-6.767532825469971,-6.456191062927246,-5.537142753601074
11.36,0.0,-6.767532825469971,-10.356243133544922,0.17576444149017334
11.38,0.0,-6.767532825469971,-10.356243133544922,7.558570861816406
11.42,0.0,-6.767532825469971,-15.64684009552002,13.007804870605469
11.44,0.0,-6.767532825469971,-18.658031463623047,19.423810958862305
11.48,0.0,-6.767532825469971,-18.658031463623047,26.01559829711914
11.52,0.0,-6.767532825469971,-22.190881729125977,32.25585174560547
11.540000000000001,0.0,-6.767532825469971,-23.79312515258789,40.2538948059082
11.58,0.0,-6.767532825469971,-23.79312515258789,48.60348129272461
11.620000000000001,0.0,-6.767532825469971,-24.952293395996094,56.51364517211914
11.66,0.0,-6.767532825469971,-24.861812591552734,61.87497329711914
11.68,0.0,-6.767532825469971,-24.078784942626953,67.41207885742188
11.72,0.0,-6.767532825469971,-23.433095932006836,72.42184448242188
11.76,0.0,-6.767532825469971,-21.654842376708984,75.67379760742188
11.78,0.0,-6.767532825469971,-19.269372940063477,77.95895385742188
11.82,0.0,-6.767532825469971,-17.868711471557617,79.62887573242188
11.86,0.0,-6.767532825469971,-14.699779510498047,79.80465698242188
11.88,0.0,-6.767532825469971,-11.115262031555176,79.89254760742188
11.92,0.0,-6.767532825469971,-9.197951316833496,79.71675872802734
11.94,0.0,-6.767532825469971,-5.180235385894775,79.54097747802734
11.98,0.0,-6.767532825469971,-5.180235385894775,77.87106323242188
12.02,0.0,-6.767532825469971,1.0900719165802002,75.05856323242188
12.06,0.0,-6.767532825469971,5.260885238647461,71.80661010742188
12.08,0.0,-6.767532825469971,9.286160469055176,66.18161010742188
12.120000000000001,0.0,-6.767532825469971,11.208175659179688,59.238250732421875
12.16,0.0,-6.767532825469971,14.802306175231934,52.55855941772461
12.18,0.0,-6.767532825469971,17.978343963623047,43.505828857421875
12.22,0.0,-6.767532825469971,17.978343963623047,34.98044204711914
12.26,0.0,-6.767532825469971,21.76198387145996,29.970687866210938
12.3,0.0,-6.767532825469971,23.523818969726562,23.378873825073242
12.32,0.0,-6.767532825469971,24.61396598815918,15.117158889770508
12.36,0.0,-6.767532825469971,24.896085739135742,8.789043426513672
12.4,0.0,-6.767532825469971,24.923194885253906,2.812490701675415
12.44,0.0,-6.767532825469971,24.234127044677734,-2.6367435455322266
12.46,0.0,-6.767532825469971,24.234127044677734,-7.558604717254639
12.5,0.0,-6.767532825469971,21.902706146240234,-10.898458480834961
12.540000000000001,0.0,-6.767532825469971,19.546077728271484,-13.974638938903809
12.56,0.0,-6.767532825469971,16.62251853942871,-15.117220878601074
12.6,0.0,-6.767532825469971,14.97355842590332,-15.205110549926758
12.64,0.0,-6.767532825469971,11.360261917114258,-15.205110549926758
12.66,0.0,-6.767532825469971,7.414235591888428,-15.117220878601074
12.700000000000001,0.0,-6.767532825469971,5.351736545562744,-14.765657424926758
12.74,0.0,-6.767532825469971,1.1224616765975952,-12.392602920532227
12.76,0.0,-6.767532825469971,-3.143022060394287,-8.173840522766113
12.8,0.0,-6.767532825469971,-5.250413417816162,-3.9551069736480713
12.84,0.0,-6.767532825469971,-9.337368965148926,1.8456910848617554
12.86,0.0,-6.767532825469971,-11.28687858581543,8.085916519165039
12.9,0.0,-6.767532825469971,-14.926140785217285,13.183586120605469
12.92,0.0,-6.767532825469971,-18.13045310974121,20.126937866210938
12.96,0.0,-6.767532825469971,-18.13045310974121,26.191381454467773
13.0,0.0,-6.767532825469971,-21.917097091674805,32.871089935302734
13.040000000000001,0.0,-6.767532825469971,-23.651243209838867,40.6933479309082
13.06,0.0,-6.767532825469971,-24.688831329345703,48.60348129272461
13.1,0.0,-6.767532825469971,-24.935462951660156,56.601531982421875
13.14,0.0,-6.767532825469971,-24.8741512298584,62.050750732421875
13.16,0.0,-6.767532825469971,-24.07568359375,67.58785247802734
13.200000000000001,0.0,-6.767532825469971,-23.406007766723633,72.68551635742188
13.24,0.0,-6.767532825469971,-21.54954719543457,76.11325073242188
13.26,0.0,-6.767532825469971,-19.05034828186035,78.31051635742188
13.3,0.0,-6.767532825469971,-19.05034828186035,79.62887573242188
13.34,0.0,-6.767532825469971,-14.260705947875977,80.94723510742188
13.36,0.0,-6.767532825469971,-10.51081657409668,81.9140396118164
13.4,0.0,-6.767532825469971,-10.51081657409668,81.73825073242188
13.44,0.0,-6.767532825469971,-4.328022003173828,81.47457885742188
13.46,0.0,-6.767532825469971,-0.013408597558736801,79.62887573242188
13.5,0.0,-6.767532825469971,2.15351939201355,76.28903198242188
13.540000000000001,0.0,-6.767532825469971,6.425142288208008,70.66403198242188
13.56,0.0,-6.767532825469971,6.425142288208008,63.369110107421875
13.6,0.0,-6.767532825469971,12.437230110168457,57.39255142211914
13.64,0.0,-6.767532825469971,16.00450897216797,51.679656982421875
13.66,0.0,-6.767532825469971,16.00450897216797,43.066375732421875
13.700000000000001,0.0,-6.767532825469971,17.613983154296875,35.94723892211914
13.74,0.0,-6.767532825469971,17.613983154296875,29.091779708862305
13.780000000000001,0.0,-6.767532825469971,24.121850967407227,25.048799514770508
13.82,0.0,-6.767532825469971,24.896194458007812,19.951156616210938
13.84,0.0,-6.767532825469971,24.91257667541504,12.216787338256836
13.88,0.0,-6.767532825469971,24.634889602661133,5.009735107421875
13.92,0.0,-6.767532825469971,23.517208099365234,-0.9668169021606445
13.94,0.0,-6.767532825469971,21.679141998291016,-5.712924480438232
13.98,0.0,-6.767532825469971,20.50619125366211,-7.822277545928955
14.02,0.0,-6.767532825469971,17.69641876220703,-9.052749633789062
14.040000000000001,0.0,-6.767532825469971,14.34078598022461,-10.898458480834961
14.08,0.0,-6.767532825469971,12.489535331726074,-10.898458480834961
14.120000000000001,0.0,-6.767532825469971,8.51076602935791,-10.722677230834961
14.14,0.0,-6.767532825469971,6.413752555847168,-8.789076805114746
14.18,0.0,-6.767532825469971,2.0849955081939697,-6.3281331062316895
14.200000000000001,0.0,-6.767532825469971,-2.311692714691162,-2.7246344089508057
14.24,0.0,-6.767532825469971,-2.311692714691162,3.0761632919311523
14.280000000000001,0.0,-6.767532825469971,-8.736912727355957,6.503879547119141
14.3,0.0,-6.767532825469971,-12.713004112243652,10.107406616210938
14.34,0.0,-6.767532825469971,-12.713004112243652,16.25973892211914
14.38,0.0,-6.767532825469971,-17.906217575073242,22.499990463256836
14.4,0.0,-6.767532825469971,-20.695646286010742,26.718727111816406
14.44,0.0,-6.767532825469971,-21.853702545166016,32.958980560302734
14.46,0.0,-6.767532825469971,-23.650293350219727,40.86913299560547
14.5,0.0,-6.767532825469971,-24.274330139160156,48.25191879272461
14.540000000000001,0.0,-6.767532825469971,-24.948347091674805,56.689422607421875
14.56,0.0,-6.767532825469971,-24.840314865112305,63.720672607421875
14.6,0.0,-6.767532825469971,-24.49254035949707,69.78511810302734
14.64,0.0,-6.767532825469971,-23.22197723388672,75.67379760742188
14.66,0.0,-6.767532825469971,-21.219051361083984,79.62887573242188
14.700000000000001,0.0,-6.767532825469971,-19.961286544799805,81.8261489868164
14.72,0.0,-6.767532825469971,-16.981794357299805,82.1777114868164
14.76,0.0,-6.767532825469971,-16.981794357299805,82.70504760742188
14.8,0.0,-6.767532825469971,-11.53515338897705,84.19918060302734
14.82,0.0,-6.767532825469971,-7.4184370040893555,84.81442260742188
14.86,0.0,-6.767532825469971,-7.4184370040893555,84.55075073242188
14.9,0.0,-6.767532825469971,-0.8385871648788452,84.46286010742188
14.94,0.0,-6.767532825469971,3.6150667667388916,82.61714935302734
14.96,0.0,-6.767532825469971,3.6150667667388916,78.13473510742188
15.0,0.0,-6.767532825469971,10.042450904846191,72.68551635742188
15.040000000000001,0.0,-6.767532825469971,13.958586692810059,65.83004760742188
15.06,0.0,-6.767532825469971,17.431135177612305,55.546844482421875
15.1,0.0,-6.767532825469971,18.96531105041504,47.988250732421875
15.14,0.0,-6.767532825469971,21.56711769104004,39.28709411621094
15.16,0.0,-6.767532825469971,23.47808837890625,30.32225227355957
15.200000000000001,0.0,-6.767532825469971,23.47808837890625,21.708972930908203
15.24,0.0,-6.767532825469971,24.91765785217285,15.117158889770508
15.26,0.0,-6.767532825469971,24.878358840942383,10.019515037536621
15.3,0.0,-6.767532825469971,24.556331634521484,5.273407459259033
15.34,0.0,-6.767532825469971,23.319351196289062,1.054673194885254
15.36,0.0,-6.767532825469971,23.319351196289062,-2.6367435455322266
15.4,0.0,-6.767532825469971,20.06494903564453,-6.3281331062316895
15.44,0.0,-6.767532825469971,17.062829971313477,-9.052749633789062
15.46,0.0,-6.767532825469971,13.50366497039795,-9.580095291137695
15.5,0.0,-6.767532825469971,11.550369262695312,-9.404313087463379
15.540000000000001,0.0,-6.767532825469971,7.375284194946289,-9.140640258789062
15.56,0.0,-6.767532825469971,7.375284194946289,-5.888679027557373
15.6,0.0,-6.767532825469971,5.187408447265625,-3.4277613162994385
15.64,0.0,-6.767532825469971,-3.813833236694336,-2.109398365020752
15.68,0.0,-6.767532825469971,-8.206198692321777,0.17576444149017334
15.700000000000001,0.0,-6.767532825469971,-8.206198692321777,5.009735107421875
15.74,0.0,-6.767532825469971,-14.25317668914795,10.107406616210938
15.780000000000001,0.0,-6.767532825469971,-17.729129791259766,15.732394218444824
15.8,0.0,-6.767532825469971,-17.729129791259766,23.818328857421875
15.84,0.0,-6.767532825469971,-21.82183074951172,29.70701789855957
15.88,0.0,-6.767532825469971,-23.669410705566406,38.40818405151367
15.9,0.0,-6.767532825469971,-23.669410705566406,47.63668441772461
15.94,0.0,-6.767532825469971,-24.962953567504883,56.777313232421875
15.96,0.0,-6.767532825469971,-24.795738220214844,62.40231704711914
16.0,0.0,-6.767532825469971,-24.795738220214844,69.25778198242188
16.04,0.0,-6.767532825469971,-23.009607315063477,75.41012573242188
16.080000000000002,0.0,-6.767532825469971,-20.850313186645508,78.92574310302734
16.1,0.0,-6.767532825469971,-17.99435043334961,81.47457885742188
16.14,0.0,-6.767532825469971,-16.33356475830078,81.9140396118164
16.18,0.0,-6.767532825469971,-12.614893913269043,81.9140396118164
16.2,0.0,-6.767532825469971,-8.471232414245605,81.65036010742188
16.240000000000002,0.0,-6.767532825469971,-6.282668590545654,80.85934448242188
16.28,0.0,-6.767532825469971,-1.7634410858154297,77.87106323242188
16.3,0.0,-6.767532825469971,2.818495273590088,72.77340698242188
16.34,0.0,-6.767532825469971,5.084811687469482,68.20309448242188
16.38,0.0,-6.767532825469971,9.472596168518066,62.40231704711914
16.4,0.0,-6.767532825469971,13.544301986694336,55.195281982421875
16.44,0.0,-6.767532825469971,15.417892456054688,48.60348129272461
16.48,0.0,-6.767532825469971,18.760705947875977,41.04491424560547
16.5,0.0,-6.767532825469971,21.470970153808594,32.69530487060547
16.54,0.0,-6.767532825469971,22.55880355834961,25.13669204711914
16.580000000000002,0.0,-6.767532825469971,24.152679443359375,17.226539611816406
16.6,0.0,-6.767532825469971,24.926971435546875,10.371078491210938
16.64,0.0,-6.767532825469971,24.996829986572266,4.921844005584717
16.66,0.0,-6.767532825469971,24.497777938842773,0.35154619812965393
16.7,0.0,-6.767532825469971,24.497777938842773,-4.746124744415283
16.740000000000002,0.0,-6.767532825469971,22.19405174255371,-8.789076805114746
16.78,0.0,-6.767532825469971,19.69525718688965,-11.250021934509277
16.8,0.0,-6.767532825469971,16.520082473754883,-12.216821670532227
16.84,0.0,-6.8554511070251465,16.520082473754883,-12.744166374206543
16.88,0.0,-6.767532825469971,10.729523658752441,-13.271512031555176
16.92,0.0,-6.767532825469971,6.375598907470703,-14.062530517578125
16.94,0.0,-6.767532825469971,1.7988626956939697,-13.974638938903809
16.98,0.0,-6.767532825469971,-0.524075448513031,-13.798856735229492
17.02,0.0,-6.767532825469971,-5.138953685760498,-11.162130355834961
17.04,0.0,-6.767532825469971,-9.579713821411133,-7.031260013580322
17.080000000000002,0.0,-6.767532825469971,-11.686277389526367,-2.4609618186950684
17.12,0.0,-6.767532825469971,-15.580060005187988,4.5702805519104
17.14,0.0,-6.767532825469971,-18.936256408691406,11.601550102233887
17.18,0.0,-6.767532825469971,-20.375104904174805,19.775375366210938
17.22,0.0,-6.767532825469971,-22.710803985595703,26.367162704467773
17.240000000000002,0.0,-6.767532825469971,-22.710803985595703,36.123023986816406
17.28,0.0,-6.767532825469971,-24.716136932373047,43.94528579711914
17.32,0.0,-6.767532825469971,-24.983531951904297,52.646453857421875
17.34,0.0,-6.767532825469971,-24.983531951904297,61.435516357421875
17.38,0.0,-6.767532825469971,-24.7893009185791,67.76363372802734
17.42,0.0,-6.767532825469971,-21.882169723510742,73.65231323242188
17.44,0.0,-6.767532825469971,-19.242834091186523,77.69527435302734
17.48,0.0,-6.767532825469971,-19.242834091186523,80.15621948242188
17.52,0.0,-6.767532825469971,-14.04727554321289,80.33200073242188
17.54,0.0,-6.767532825469971,-9.934897422790527,80.15621948242188
17.580000000000002,0.0,-6.767532825469971,-9.934897422790527,79.71675872802734
17.62,0.0,-6.767532825469971,-7.736557483673096,78.04684448242188
17.64,0.0,-6.767532825469971,1.547206163406372,76.64059448242188
17.68,0.0,-6.767532825469971,1.547206163406372,72.15817260742188
17.72,0.0,-6.767532825469971,8.448288917541504,67.23629760742188
17.76,0.0,-6.767532825469971,12.712101936340332,60.11715316772461
17.78,0.0,-6.767532825469971,12.712101936340332,50.71285629272461
17.82,0.0,-6.767532825469971,18.223085403442383,43.417938232421875
17.86,0.0,-6.767532825469971,21.11488914489746,35.59567642211914
17.900000000000002,0.0,-6.767532825469971,21.11488914489746,26.10348892211914
17.92,0.0,-6.767532825469971,24.5667724609375,15.99606704711914
17.96,0.0,-6.767532825469971,24.89493751525879,9.931624412536621
18.0,0.0,-6.767532825469971,24.880414962768555,4.042935371398926
18.04,0.0,-6.8554511070251465,23.973527908325195,-1.4062713384628296
18.06,0.0,-6.767532825469971,23.973527908325195,-6.152351379394531
18.1,0.0,-6.8554511070251465,23.193769454956055,-10.195331573486328
18.14,0.0,-6.767532825469971,18.078983306884766,-13.09572982788086
18.18,0.0,-6.8554511070251465,14.488511085510254,-15.820320129394531
18.2,0.0,-6.8554511070251465,14.488511085510254,-16.17188262939453
18.240000000000002,0.0,-6.767532825469971,8.16244888305664,-16.08399200439453
18.28,0.0,-6.767532825469971,3.539045810699463,-15.380892753601074
18.3,0.0,-6.8554511070251465,3.539045810699463,-11.95314884185791
18.34,0.0,-6.767532825469971,-3.589151382446289,-8.085949897766113
18.38,0.0,-6.767532825469971,-8.218689918518066,-3.867216110229492
18.400000000000002,0.0,-6.767532825469971,-8.218689918518066,3.515617609024048
18.44,0.0,-6.767532825469971,-14.558704376220703,9.228497505187988
18.48,0.0,-6.767532825469971,-18.156810760498047,14.853485107421875
18.5,0.0,-6.767532825469971,-18.156810760498047,23.2910099029541
18.54,0.0,-6.767532825469971,-22.280807495117188,29.531234741210938
18.580000000000002,0.0,-6.767532825469971,-24.032485961914062,37.61716842651367
18.6,0.0,-6.767532825469971,-24.032485961914062,46.58201217651367
18.64,0.0,-6.767532825469971,-24.99907684326172,55.63473129272461
18.66,0.0,-6.767532825469971,-24.498821258544922,61.611297607421875
18.7,0.0,-6.767532825469971,-24.498821258544922,67.58785247802734
18.740000000000002,0.0,-6.767532825469971,-22.072288513183594,73.12496948242188
18.76,0.0,-6.767532825469971,-19.421236038208008,76.8163833618164
18.8,0.0,-6.767532825469971,-19.421236038208008,78.48629760742188
18.84,0.0,-6.767532825469971,-14.134065628051758,79.36520385742188
18.86,0.0,-6.767532825469971,-9.923457145690918,79.36520385742188
18.900000000000002,0.0,-6.767532825469971,-9.923457145690918,79.10152435302734
18.94,0.0,-6.767532825469971,-2.9647655487060547,78.74996948242188
18.96,0.0,-6.767532825469971,1.8527978658676147,75.49801635742188
19.0,0.0,-6.767532825469971,1.8527978658676147,69.78511810302734
19.04,0.0,-6.767532825469971,4.248246669769287,64.95114135742188
19.06,0.0,-6.767532825469971,13.225152969360352,60.55660629272461
19.1,0.0,-6.767532825469971,15.21282958984375,55.28316879272461
19.14,0.0,-6.767532825469971,18.745759963989258,48.86715316772461
19.16,0.0,-6.767532825469971,21.579927444458008,39.6386604309082
19.2,0.0,-6.767532825469971,21.579927444458008,29.091779708862305
19.240000000000002,0.0,-6.767532825469971,24.29341697692871,19.687484741210938
19.26,0.0,-6.767532825469971,24.9755859375,12.832022666931152
19.3,0.0,-6.8554511070251465,24.9755859375,4.5702805519104
19.34,0.0,-6.767532825469971,24.239744186401367,-1.0547077655792236
19.36,0.0,-6.8554511070251465,22.600419998168945,-4.570343017578125
19.400000000000002,0.0,-6.8554511070251465,21.455392837524414,-6.943369388580322
19.44,0.0,-6.8554511070251465,18.56751823425293,-8.173840522766113
19.46,0.0,-6.8554511070251465,16.851600646972656,-9.316422462463379
19.5,0.0,-6.8554511070251465,12.956058502197266,-9.404313087463379
19.54,0.0,-6.8554511070251465,8.56656551361084,-9.316422462463379
19.56,0.0,-6.767532825469971,8.56656551361084,-9.228531837463379
19.6,0.0,-6.8554511070251465,6.237740516662598,-6.855478286743164
19.64,0.0,-6.767532825469971,-3.4510862827301025,-5.361361026763916
19.68,0.0,-6.767532825469971,-8.196303367614746,-2.8125252723693848
19.7,0.0,-6.767532825469971,-12.632186889648438,2.812490701675415
19.740000000000002,0.0,-6.767532825469971,-12.632186889648438,8.964824676513672
19.78,0.0,-6.767532825469971,-14.680326461791992,14.501921653747559
19.8,0.0,-6.767532825469971,-21.296852111816406,22.148427963256836
19.84,0.0,-6.767532825469971,-22.476608276367188,27.68552589416504
19.88,0.0,-6.767532825469971,-24.179475784301758,35.94723892211914
19.900000000000002,0.0,-6.767532825469971,-24.954238891601562,44.82419204711914
19.94,0.0,-6.767532825469971,-24.982200622558594,54.316375732421875
19.98,0.0,-6.767532825469971,-24.316638946533203,61.347625732421875
20.0,0.0,-6.767532825469971,-24.316638946533203,68.99411010742188
20.04,0.0,-6.767532825469971,-21.576053619384766,76.11325073242188
20.06,0.0,-6.767532825469971,-18.68754768371582,80.41989135742188
20.1,0.0,-6.767532825469971,-18.68754768371582,85.07808685302734
20.14,0.0,-6.767532825469971,-13.036775588989258,87.53902435302734
20.16,0.0,-6.767532825469971,-8.601788520812988,87.89059448242188
20.2,0.0,-6.767532825469971,-8.601788520812988,87.80270385742188
20.240000000000002,0.0,-6.767532825469971,-1.3742121458053589,87.62692260742188
20.28,0.0,-6.767532825469971,3.5550148487091064,85.60543823242188
20.3,0.0,-6.767532825469971,8.349129676818848,80.59567260742188
20.34,0.0,-6.767532825469971,8.349129676818848,73.12496948242188
20.38,0.0,-6.767532825469971,14.8798828125,65.30269622802734
20.42,0.0,-6.8554511070251465,18.543949127197266,56.162078857421875
20.44,0.0,-6.8554511070251465,18.543949127197266,45.52731704711914
20.48,0.0,-6.8554511070251465,22.64457130432129,35.59567642211914
20.52,0.0,-6.8554511070251465,24.28915786743164,28.124980926513672
20.54,0.0,-6.8554511070251465,24.28915786743164,17.84177589416504
20.580000000000002,0.0,-6.8554511070251465,24.956451416015625,11.07420539855957
20.62,0.0,-6.8554511070251465,24.17304039001465,4.921844005584717
20.64,0.0,-6.8554511070251465,22.434974670410156,-0.35158079862594604
20.68,0.0,-6.8554511070251465,21.22735595703125,-2.8125252723693848
20.72,0.0,-6.8554511070251465,18.19349479675293,-4.306670665740967
20.740000000000002,0.0,-6.8554511070251465,16.39691925048828,-4.658234119415283
20.78,0.0,-6.8554511070251465,12.332560539245605,-4.658234119415283
20.8,0.0,-6.8554511070251465,7.77579402923584,-4.570343017578125
20.84,0.0,-6.8554511070251465,5.3684401512146,-4.13088846206665
20.88,0.0,-6.8554511070251465,0.41512370109558105,-2.6367435455322266
20.92,0.0,-6.8554511070251465,-4.55821418762207,1.5820183753967285
20.94,0.0,-6.8554511070251465,-6.990242958068848,6.240207195281982
20.98,0.0,-6.8554511070251465,-11.623374938964844,11.425768852233887
21.0,0.0,-6.767532825469971,-15.79507827758789,19.775375366210938
21.04,0.0,-6.8554511070251465,-15.79507827758789,26.806615829467773
21.080000000000002,0.0,-6.767532825469971,-20.826528549194336,34.189422607421875
21.1,0.0,-6.767532825469971,-23.165210723876953,42.275386810302734
21.14,0.0,-6.767532825469971,-23.165210723876953,52.38277816772461
21.18,0.0,-6.8554511070251465,-23.990726470947266,60.11715316772461
21.2,0.0,-6.767532825469971,-24.829669952392578,65.74214935302734
21.240000000000002,0.0,-6.767532825469971,-24.829669952392578,73.12496948242188
21.28,0.0,-6.767532825469971,-24.41172218322754,78.04684448242188
21.3,0.0,-6.767532825469971,-20.347068786621094,81.47457885742188
21.34,0.0,-6.767532825469971,-20.347068786621094,84.19918060302734
21.38,0.0,-6.767532825469971,-15.098987579345703,84.99020385742188
21.400000000000002,0.0,-6.767532825469971,-10.800220489501953,85.42965698242188
21.44,0.0,-6.767532825469971,-8.47362232208252,85.42965698242188
21.48,0.0,-6.767532825469971,-3.5836308002471924,85.07808685302734
21.5,0.0,-6.767532825469971,1.4555805921554565,82.79293823242188
21.54,0.0,-6.767532825469971,3.9671103954315186,78.66207122802734
21.580000000000002,0.0,-6.767532825469971,8.845885276794434,72.24606323242188
21.6,0.0,-6.767532825469971,13.366846084594727,64.95114135742188
21.64,0.0,-6.767532825469971,15.434379577636719,55.986297607421875
21.68,0.0,-6.767532825469971,19.077049255371094,48.164031982421875
21.7,0.0,-6.8554511070251465,21.94053840637207,38.40818405151367
21.740000000000002,0.0,-6.8554511070251465,23.041484832763672,29.970687866210938
21.78,0.0,-6.8554511070251465,24.52406883239746,22.148427963256836
21.8,0.0,-6.8554511070251465,24.99925422668457,14.326140403747559
21.84,0.0,-6.8554511070251465,24.850643157958984,8.525370597839355
21.88,0.0,-6.8554511070251465,23.787330627441406,3.8671536445617676
21.900000000000002,0.0,-6.8554511070251465,21.741729736328125,-0.17579905688762665
21.94,0.0,-6.8554511070251465,20.374832153320312,-2.6367435455322266
21.98,0.0,-6.8554511070251465,17.0223445892334,-4.658234119415283
22.0,0.0,-6.8554511070251465,12.962687492370605,-5.712924480438232
22.04,0.0,-6.8554511070251465,10.718831062316895,-5.537142753601074
22.080000000000002,0.0,-6.8554511070251465,5.918785095214844,-5.0976881980896
22.12,0.0,-6.8554511070251465,0.8694978952407837,-2.4609618186950684
22.14,0.0,-6.8554511070251465,0.8694978952407837,2.636708974838257
22.18,0.0,-6.8554511070251465,-6.712392330169678,6.064425468444824
22.22,0.0,-6.8554511070251465,-11.465044021606445,9.580060958862305
22.240000000000002,0.0,-6.8554511070251465,-15.742240905761719,15.556612968444824
22.28,0.0,-6.8554511070251465,-17.645381927490234,22.148427963256836
22.32,0.0,-6.8554511070251465,-20.880319595336914,27.77341651916504
22.36,0.0,-6.8554511070251465,-23.242599487304688,36.738258361816406
22.38,0.0,-6.767532825469971,-23.242599487304688,46.406227111816406
22.42,0.0,-6.8554511070251465,-24.940013885498047,56.249969482421875
22.46,0.0,-6.767532825469971,-24.76862335205078,62.578086853027344
22.48,0.0,-6.767532825469971,-24.76862335205078,70.40036010742188
22.52,0.0,-6.767532825469971,-22.56966209411621,77.4316177368164
22.56,0.0,-6.8554511070251465,-19.896156311035156,81.9140396118164
22.580000000000002,0.0,-6.767532825469971,-16.380247116088867,87.01168823242188
22.62,0.0,-6.8554511070251465,-14.351080894470215,89.12105560302734
22.64,0.0,-6.8554511070251465,-9.856857299804688,89.29684448242188
22.68,0.0,-6.8554511070251465,-9.856857299804688,89.12105560302734
22.72,0.0,-6.8554511070251465,-2.390718698501587,89.03317260742188
22.740000000000002,0.0,-6.8554511070251465,2.7628016471862793,87.09957885742188
22.78,0.0,-6.767532825469971,2.7628016471862793,82.00192260742188
22.82,0.0,-6.767532825469971,10.211709022521973,76.55270385742188
22.86,0.0,-6.8554511070251465,14.681004524230957,69.16989135742188
22.88,0.0,-6.8554511070251465,14.681004524230957,58.974578857421875
22.92,0.0,-6.8554511070251465,20.162620544433594,50.97652816772461
22.94,0.0,-6.8554511070251465,22.772315979003906,42.451168060302734
22.98,0.0,-6.8554511070251465,23.71757698059082,33.398406982421875
23.02,0.0,-6.8554511070251465,24.837018966674805,24.697235107421875
23.04,0.0,-6.8554511070251465,24.891189575195312,15.468722343444824
23.080000000000002,0.0,-6.8554511070251465,24.51558494567871,8.789043426513672
23.12,0.0,-6.8554511070251465,22.97782325744629,2.812490701675415
23.14,0.0,-6.8554511070251465,20.449420928955078,-1.845725655555725
23.18,0.0,-6.8554511070251465,18.84560203552246,-3.779325246810913
23.22,0.0,-6.8554511070251465,15.044159889221191,-4.04299783706665
23.240000000000002,0.0,-6.8554511070251465,10.590021133422852,-3.867216110229492
23.28,0.0,-6.8554511070251465,8.177101135253906,-2.197289228439331
23.32,0.0,-6.8554511070251465,3.109633684158325,0.7031096816062927
23.34,0.0,-6.8554511070251465,-2.0960867404937744,5.273407459259033
23.38,0.0,-6.8554511070251465,-4.68023681640625,9.492170333862305
23.42,0.0,-6.8554511070251465,-9.67059326171875,14.501921653747559
23.44,0.0,-6.8554511070251465,-9.67059326171875,22.23632049560547
23.48,0.0,-6.8554511070251465,-16.31001853942871,26.367162704467773
23.52,0.0,-6.8554511070251465,-19.889556884765625,31.728506088256836
23.56,0.0,-6.8554511070251465,-19.889556884765625,41.2206916809082
23.580000000000002,0.0,-6.8554511070251465,-21.363073348999023,51.240203857421875
23.62,0.0,-6.8554511070251465,-23.595996856689453,59.853477478027344
23.66,0.0,-6.8554511070251465,-24.914836883544922,65.83004760742188
23.68,0.0,-6.8554511070251465,-23.938684463500977,73.12496948242188
23.72,0.0,-6.8554511070251465,-23.938684463500977,80.06832885742188
23.76,0.0,-6.8554511070251465,-20.52715492248535,85.51753997802734
23.8,0.0,-6.8554511070251465,-17.097482681274414,89.56050872802734
23.82,0.0,-6.8554511070251465,-12.911974906921387,90.79098510742188
23.86,0.0,-6.8554511070251465,-10.5919189453125,90.79098510742188
23.900000000000002,0.0,-6.8554511070251465,-5.624607086181641,90.70309448242188
23.92,0.0,-6.8554511070251465,-0.4052518904209137,90.35153198242188
23.96,0.0,-6.8554511070251465,2.2270612716674805,87.97847747802734
24.0,0.0,-6.8554511070251465,7.391122341156006,83.75972747802734
24.02,0.0,-6.8554511070251465,12.230666160583496,76.8163833618164
24.060000000000002,0.0,-6.8554511070251465,12.230666160583496,67.06051635742188
24.1,0.0,-6.8554511070251465,18.415828704833984,58.18355941772461
24.14,0.0,-6.8554511070251465,21.553861618041992,49.482391357421875
24.16,0.0,-6.8554511070251465,23.733097076416016,38.49607467651367
24.2,0.0,-6.8554511070251465,24.430370330810547,29.70701789855957
24.240000000000002,0.0,-6.8554511070251465,24.99994468688965,21.269519805908203
24.26,0.0,-6.8554511070251465,24.451648712158203,13.359368324279785
24.3,0.0,-6.8554511070251465,23.763324737548828,7.6464619636535645
24.34,0.0,-6.8554511070251465,21.595539093017578,3.2519450187683105
24.36,0.0,-6.8554511070251465,18.457111358642578,0.43943706154823303
24.400000000000002,0.0,-6.8554511070251465,16.565813064575195,0.26365530490875244
24.42,0.0,-6.8554511070251465,12.244367599487305,0.35154619812965393
24.46,0.0,-6.8554511070251465,9.862632751464844,0.43943706154823303
24.5,0.0,-6.8554511070251465,4.790655136108398,0.9667823314666748
24.52,0.0,-6.8554511070251465,4.790655136108398,5.009735107421875
24.560000000000002,0.0,-6.8554511070251465,-3.1544272899627686,7.382789134979248
24.6,0.0,-6.8554511070251465,-8.327303886413574,10.634751319885254
24.64,0.0,-6.8554511070251465,-13.126602172851562,16.25973892211914
24.66,0.0,-6.8554511070251465,-17.33401107788086,23.378873825073242
24.7,0.0,-6.8554511070251465,-19.154434204101562,28.564434051513672
24.740000000000002,0.0,-6.8554511070251465,-22.12433433532715,36.562477111816406
24.76,0.0,-6.8554511070251465,-24.089921951293945,45.43942642211914
24.8,0.0,-6.8554511070251465,-24.089921951293945,56.865203857421875
24.84,0.0,-6.8554511070251465,-24.968534469604492,64.42378997802734
24.86,0.0,-6.8554511070251465,-24.13227081298828,71.63082885742188
24.900000000000002,0.0,-6.8554511070251465,-23.296165466308594,78.57418823242188
24.94,0.0,-6.8554511070251465,-20.834449768066406,84.46286010742188
24.98,0.0,-6.8554511070251465,-17.417219161987305,90.79098510742188
25.0,0.0,-6.8554511070251465,-17.417219161987305,93.51559448242188
25.04,0.0,-6.8554511070251465,-10.84877872467041,94.04293060302734
25.080000000000002,0.0,-6.8554511070251465,-5.799126625061035,94.04293060302734
25.1,0.0,-6.8554511070251465,-5.799126625061035,94.04293060302734
25.14,0.0,-6.8554511070251465,-3.1579344272613525,93.69136810302734
25.18,0.0,-6.8554511070251465,2.205488681793213,91.40621948242188
25.22,0.0,-6.8554511070251465,12.39470100402832,86.48434448242188
25.240000000000002,0.0,-6.8554511070251465,16.749086380004883,79.01363372802734
25.28,0.0,-6.8554511070251465,18.648109436035156,71.01559448242188
25.32,0.0,-6.8554511070251465,21.778913497924805,62.578086853027344
25.34,0.0,-6.8554511070251465,23.902029037475586,50.273406982421875
25.38,0.0,-6.8554511070251465,24.552324295043945,39.46287536621094
25.42,0.0,-6.943314552307129,24.99125099182129,30.410144805908203
25.44,0.0,-6.943314552307129,24.267990112304688,18.36911964416504
25.48,0.0,-6.943314552307129,23.478260040283203,11.07420539855957
25.52,0.0,-6.943314552307129,21.087236404418945,4.306607723236084
25.54,0.0,-6.943314552307129,17.71056365966797,-1.757834792137146
25.580000000000002,0.0,-6.943314552307129,17.71056365966797,-5.449251651763916
25.62,0.0,-6.943314552307129,11.14940357208252,-6.679696559906006
25.66,0.0,-6.943314552307129,6.074151992797852,-6.591805934906006
25.68,0.0,-6.943314552307129,6.074151992797852,-6.152351379394531
25.72,0.0,-6.943314552307129,3.4130053520202637,-3.076197862625122
25.76,0.0,-6.943314552307129,-2.000558614730835,1.3183457851409912
25.8,0.0,-6.943314552307129,-12.305693626403809,6.064425468444824
25.82,0.0,-6.943314552307129,-14.594385147094727,11.162096977233887
25.86,0.0,-6.943314552307129,-18.631513595581055,17.490211486816406
25.88,0.0,-6.8554511070251465,-21.792030334472656,25.22458267211914
25.92,0.0,-6.8554511070251465,-22.99454689025879,31.552724838256836
25.96,0.0,-6.943314552307129,-24.57174301147461,41.48436737060547
25.98,0.0,-6.8554511070251465,-24.98664093017578,50.97652816772461
26.02,0.0,-6.8554511070251465,-24.74917984008789,60.38082504272461
26.060000000000002,0.0,-6.8554511070251465,-23.397079467773438,67.41207885742188
26.080000000000002,0.0,-6.8554511070251465,-20.932804107666016,76.99215698242188
26.12,0.0,-6.8554511070251465,-20.932804107666016,83.93551635742188
26.16,0.0,-6.8554511070251465,-15.415995597839355,89.91207885742188
26.18,0.0,-6.8554511070251465,-10.777280807495117,93.25191497802734
26.22,0.0,-6.8554511070251465,-10.777280807495117,94.83395385742188
26.26,0.0,-6.8554511070251465,-2.9254438877105713,94.92184448242188
26.28,0.0,-6.8554511070251465,2.5414810180664062,94.92184448242188
26.32,0.0,-6.8554511070251465,2.5414810180664062,94.74606323242188
26.36,0.0,-6.8554511070251465,10.43959903717041,94.13082122802734
26.400000000000002,0.0,-6.943314552307129,15.13488483428955,91.8456802368164
26.42,0.0,-6.943314552307129,19.106334686279297,86.66012573242188
26.46,0.0,-6.943314552307129,20.758901596069336,80.24411010742188
26.5,0.0,-6.943314552307129,23.29717254638672,72.33394622802734
26.52,0.0,-6.943314552307129,24.71462631225586,62.13864517211914
26.560000000000002,0.0,-6.943314552307129,24.97878646850586,50.88863754272461
26.6,0.0,-6.943314552307129,24.600589752197266,40.6054573059082
26.62,0.0,-6.943314552307129,23.033092498779297,29.267560958862305
26.66,0.0,-6.943314552307129,21.824169158935547,19.599592208862305
26.7,0.0,-7.031232833862305,18.627845764160156,11.953113555908203
26.740000000000002,0.0,-6.943314552307129,18.627845764160156,3.515617609024048
26.76,0.0,-7.031232833862305,16.67879867553711,-2.900416135787964
26.8,0.0,-7.031232833862305,7.118051052093506,-6.2402424812316895
26.84,0.0,-7.031232833862305,1.6904970407485962,-7.470714092254639
26.88,0.0,-7.031232833862305,1.6904970407485962,-7.1191511154174805
26.900000000000002,0.0,-6.943314552307129,-1.0722802877426147,-6.503914833068848
26.94,0.0,-6.943314552307129,-11.667683601379395,-4.13088846206665
26.98,0.0,-7.031232833862305,-16.24094009399414,0.08787357062101364
27.0,0.0,-7.031232833862305,-20.0224552154541,6.328097820281982
27.04,0.0,-6.943314552307129,-21.556182861328125,11.86522388458252
27.080000000000002,0.0,-6.943314552307129,-23.81438446044922,19.863265991210938
27.1,0.0,-6.943314552307129,-24.90509033203125,26.806615829467773
27.14,0.0,-6.943314552307129,-24.99285316467285,34.45309829711914
27.18,0.0,-6.943314552307129,-24.24634552001953,43.066375732421875
27.2,0.0,-6.943314552307129,-22.305437088012695,54.84371566772461
27.240000000000002,0.0,-6.943314552307129,-20.914072036743164,62.49020767211914
27.28,0.0,-6.943314552307129,-17.374052047729492,69.96090698242188
27.3,0.0,-6.943314552307129,-12.973546981811523,78.57418823242188
27.34,0.0,-6.943314552307129,-10.516709327697754,84.90231323242188
27.38,0.0,-6.943314552307129,-5.241169452667236,90.61520385742188
27.400000000000002,0.0,-6.943314552307129,0.29741770029067993,94.21871948242188
27.44,0.0,-6.943314552307129,3.0798003673553467,95.09762573242188
27.48,0.0,-6.943314552307129,8.497960090637207,95.09762573242188
27.5,0.0,-6.943314552307129,8.497960090637207,95.09762573242188
27.54,0.0,-6.943314552307129,15.760300636291504,94.92184448242188
27.580000000000002,0.0,-6.943314552307129,19.672428131103516,94.39450073242188
27.6,0.0,-6.943314552307129,22.60590171813965,91.40621948242188
27.64,0.0,-7.031232833862305,23.657176971435547,86.7480239868164
27.68,0.0,-7.031232833862305,24.861770629882812,80.33200073242188
27.7,0.0,-7.031232833862305,24.861770629882812,70.83981323242188
27.740000000000002,0.0,-7.031232833862305,24.335289001464844,62.13864517211914
27.78,0.0,-7.031232833862305,22.450942993164062,52.031219482421875
27.8,0.0,-7.031232833862305,21.077720642089844,41.57225799560547
27.84,0.0,-7.031232833862305,17.554096221923828,31.992177963256836
27.86,0.0,-7.031232833862305,13.145586013793945,21.708972930908203
27.900000000000002,0.0,-7.031232833862305,13.145586013793945,13.007804870605469
27.94,0.0,-7.031232833862305,5.365242958068848,6.679661750793457
27.98,0.0,-7.031232833862305,-0.2203224152326584,1.4062366485595703
28.02,0.0,-7.031232833862305,-0.2203224152326584,-1.5820530652999878
28.04,0.0,-7.031232833862305,-3.0280232429504395,-1.845725655555725
28.080000000000002,0.0,-7.031232833862305,-13.537059783935547,-1.4062713384628296
28.12,0.0,-7.031232833862305,-17.89559555053711,-0.5273625254631042
28.14,0.0,-7.031232833862305,-21.349008560180664,3.4277267456054688
28.18,0.0,-7.031232833862305,-22.67890739440918,7.29489803314209
28.22,0.0,-7.031232833862305,-24.459285736083984,12.30467700958252
28.240000000000002,0.0,-7.031232833862305,-24.996065139770508,20.47850227355957
28.28,0.0,-7.031232833862305,-24.786293029785156,26.10348892211914
28.32,0.0,-7.031232833862305,-23.42230987548828,32.871089935302734
28.34,0.0,-7.031232833862305,-20.86180877685547,42.802703857421875
28.38,0.0,-7.031232833862305,-19.17081642150879,52.20699691772461
28.400000000000002,0.0,-7.031232833862305,-15.074262619018555,60.292938232421875
28.44,0.0,-7.031232833862305,-15.074262619018555,67.67575073242188
28.48,0.0,-7.031232833862305,-7.553666591644287,75.67379760742188
28.52,0.0,-7.031232833862305,-1.9957551956176758,81.03512573242188
28.54,0.0,-7.031232833862305,3.6681032180786133,87.27536010742188
28.580000000000002,0.0,-7.031232833862305,3.6681032180786133,90.35153198242188
28.62,0.0,-7.031232833862305,11.72767448425293,90.70309448242188
28.66,0.0,-7.031232833862305,16.405654907226562,90.70309448242188
28.68,0.0,-7.031232833862305,20.240083694458008,90.4394302368164
28.72,0.0,-7.031232833862305,21.77659797668457,89.47262573242188
28.76,0.0,-7.031232833862305,23.987680435180664,86.3964614868164
28.8,0.0,-7.031232833862305,24.958650588989258,80.85934448242188
28.82,0.0,-7.031232833862305,24.960046768188477,74.26753997802734
28.86,0.0,-7.031232833862305,23.993066787719727,66.53317260742188
28.88,0.0,-7.031232833862305,21.779878616333008,54.931610107421875
28.92,0.0,-7.031232833862305,21.779878616333008,43.066375732421875
28.96,0.0,-7.031232833862305,16.386497497558594,32.60741424560547
29.0,0.0,-7.031232833862305,11.678498268127441,23.730438232421875
29.04,0.0,-7.031232833862305,6.358681678771973,14.677703857421875
29.060000000000002,0.0,-7.031232833862305,3.554885149002075,8.613261222839355
29.1,0.0,-7.031232833862305,-2.157694101333618,3.603508234024048
29.12,0.0,-7.031232833862305,-7.760908603668213,0.26365530490875244
29.16,0.0,-7.031232833862305,-10.42912769317627,-0.5273625254631042
29.2,0.0,-7.031232833862305,-15.32346248626709,-0.35158079862594604
29.22,0.0,-7.031232833862305,-19.416831970214844,0.08787357062101364
29.26,0.0,-7.031232833862305,-21.093549728393555,2.9882724285125732
29.3,0.0,-7.031232833862305,-23.595651626586914,6.591770648956299
29.32,0.0,-7.031232833862305,-24.857494354248047,12.216787338256836
29.36,0.0,-7.031232833862305,-24.99915885925293,19.072246551513672
29.38,0.0,-7.031232833862305,-24.293119430541992,24.785127639770508
29.42,0.0,-7.031232833862305,-24.293119430541992,32.08007049560547
29.46,0.0,-7.031232833862305,-20.858272552490234,41.57225799560547
29.48,0.0,-7.031232833862305,-17.157669067382812,49.042938232421875
29.52,0.0,-7.031232833862305,-17.157669067382812,59.76559066772461
29.560000000000002,0.0,-7.031232833862305,-14.951654434204102,66.00582885742188
29.6,0.0,-7.031232833862305,-4.462906360626221,73.65231323242188
29.62,0.0,-7.031232833862305,-1.5985910892486572,79.27730560302734
29.66,0.0,-7.031232833862305,4.15812349319458,84.11128997802734
29.68,0.0,-7.031232833862305,9.697054862976074,88.33004760742188
29.72,0.0,-7.031232833862305,12.291647911071777,89.47262573242188
29.76,0.0,-7.031232833862305,16.957504272460938,89.47262573242188
29.78,0.0,-7.031232833862305,16.957504272460938,89.29684448242188
29.82,0.0,-7.031232833862305,22.198896408081055,88.94528198242188
29.86,0.0,-7.031232833862305,24.24666404724121,86.8359146118164
29.88,0.0,-7.031232833862305,24.99748992919922,81.56246948242188
29.92,0.0,-7.031232833862305,24.870431900024414,76.02536010742188
29.96,0.0,-7.031232833862305,23.618364334106445,68.55465698242188
29.98,0.0,-7.031232833862305,21.09713363647461,57.831993103027344
30.02,0.0,-7.031232833862305,19.39971351623535,48.42770004272461
30.060000000000002,0.0,-7.031232833862305,15.24419116973877,38.84763717651367
30.080000000000002,0.0,-7.031232833862305,10.26498794555664,29.267560958862305
30.12,0.0,-7.031232833862305,10.26498794555664,20.65428352355957
30.16,0.0,-7.031232833862305,1.844832181930542,14.853485107421875
30.2,0.0,-7.031232833862305,-3.9620165824890137,11.337878227233887
30.22,0.0,-7.031232833862305,-9.558012008666992,9.228497505187988
30.26,0.0,-7.031232833862305,-12.181230545043945,9.228497505187988
30.3,0.0,-7.031232833862305,-16.89971160888672,9.667951583862305
30.32,0.0,-7.031232833862305,-20.70398712158203,11.513660430908203
30.36,0.0,-7.031232833862305,-20.70398712158203,15.90817642211914
30.400000000000002,0.0,-7.031232833862305,-24.25678253173828,21.181629180908203
30.42,0.0,-7.031232833862305,-24.998600006103516,25.57614517211914
30.46,0.0,-7.031232833862305,-24.998600006103516,32.16796112060547
30.5,0.0,-7.031232833862305,-23.564802169799805,40.4296760559082
30.54,0.0,-7.031232833862305,-20.983745574951172,47.724578857421875
30.560000000000002,0.0,-7.031232833862305,-20.983745574951172,58.79879379272461
30.6,0.0,-7.031232833862305,-15.01965618133545,65.39059448242188
30.64,0.0,-7.031232833862305,-9.963055610656738,72.94918823242188
30.66,0.0,-7.031232833862305,-9.963055610656738,80.15621948242188
30.7,0.0,-7.031232833862305,-1.4434233903884888,86.22067260742188
30.740000000000002,0.0,-7.031232833862305,4.40602445602417,90.17575073242188
30.76,0.0,-7.031232833862305,10.016663551330566,92.10933685302734
30.8,0.0,-7.031232833862305,10.016663551330566,92.19723510742188
30.84,0.0,-7.031232833862305,17.31573486328125,92.19723510742188
30.88,0.0,-7.031232833862305,21.04436492919922,92.02145385742188
30.92,0.0,-7.031232833862305,21.04436492919922,90.35153198242188
30.94,0.0,-7.031232833862305,22.484317779541016,85.78121948242188
30.98,0.0,-7.031232833862305,24.995500564575195,79.89254760742188
31.02,0.0,-7.031232833862305,24.192169189453125,72.50972747802734
31.04,0.0,-7.031232833862305,22.046756744384766,62.92965316772461
31.080000000000002,0.0,-7.031232833862305,20.504467010498047,52.82223129272461
31.12,0.0,-7.031232833862305,16.586515426635742,43.15426254272461
31.14,0.0,-7.031232833862305,11.743653297424316,32.43163299560547
31.18,0.0,-7.031232833862305,9.057494163513184,24.609344482421875
31.220000000000002,0.0,-7.031232833862305,3.342191696166992,17.57810401916504
31.240000000000002,0.0,-7.031232833862305,-2.5629477500915527,11.513660430908203
31.28,0.0,-7.031232833862305,-5.483684062957764,7.910134315490723
31.32,0.0,-7.031232833862305,-11.05716609954834,6.152316093444824
31.34,0.0,-7.031232833862305,-16.015209197998047,5.976534366607666
31.38,0.0,-7.031232833862305,-18.17453384399414,6.415988922119141
31.42,0.0,-7.031232833862305,-21.701396942138672,7.910134315490723
31.44,0.0,-7.031232833862305,-24.01235580444336,12.30467700958252
31.48,0.0,-7.031232833862305,-24.01235580444336,18.632793426513672
31.52,0.0,-7.031232833862305,-24.53389549255371,25.75192642211914
31.560000000000002,0.0,-7.031232833862305,-24.53389549255371,32.958980560302734
31.6,0.0,-7.031232833862305,-21.308570861816406,41.30858612060547
31.62,0.0,-7.031232833862305,-17.622957229614258,49.13082504272461
31.66,0.0,-7.031232833862305,-17.622957229614258,60.20504379272461
31.7,0.0,-7.031232833862305,-10.304134368896484,66.35739135742188
31.740000000000002,0.0,-7.031232833862305,-4.631400108337402,73.38864135742188
31.76,0.0,-7.031232833862305,-4.631400108337402,79.54097747802734
31.8,0.0,-7.031232833862305,4.270955562591553,84.02340698242188
31.84,0.0,-7.031232833862305,9.977465629577637,87.27536010742188
31.86,0.0,-7.031232833862305,9.977465629577637,88.24215698242188
31.900000000000002,0.0,-7.031232833862305,17.386871337890625,88.24215698242188
31.94,0.0,-7.031232833862305,21.148027420043945,87.97847747802734
31.96,0.0,-7.031232833862305,21.148027420043945,86.48434448242188
32.0,0.0,-7.031232833862305,24.484508514404297,82.61714935302734
32.04,0.0,-7.031232833862305,24.983675003051758,77.4316177368164
32.06,0.0,-7.031232833862305,24.054861068725586,69.16989135742188
32.12,0.0,-7.031232833862305,24.054861068725586,57.56832504272461
32.14,0.0,-7.031232833862305,18.194931030273438,45.790992736816406
32.18,0.0,-7.031232833862305,16.010684967041016,35.24411392211914
32.22,0.0,-7.031232833862305,10.983142852783203,26.982398986816406
32.24,0.0,-7.031232833862305,5.321444034576416,16.962865829467773
32.28,0.0,-7.031232833862305,2.3532814979553223,10.81053352355957
32.32,0.0,-7.031232833862305,-3.644268751144409,5.097625732421875
32.34,0.0,-7.031232833862305,-9.435236930847168,0.8788914680480957
32.38,0.0,-7.031232833862305,-12.147734642028809,-0.6152534484863281
32.42,0.0,-7.031232833862305,-17.010257720947266,-0.5273625254631042
32.44,0.0,-7.031232833862305,-20.892192840576172,-0.17579905688762665
32.480000000000004,0.0,-7.031232833862305,-22.39211082458496,1.9335819482803345
32.52,0.0,-7.031232833862305,-24.399871826171875,5.712862014770508
32.54,0.0,-7.031232833862305,-24.9940242767334,11.07420539855957
32.58,0.0,-7.031232833862305,-24.746150970458984,17.314430236816406
32.62,0.0,-7.031232833862305,-23.176921844482422,23.730438232421875
32.64,0.0,-7.031232833862305,-20.258975982666016,30.49803352355957
32.68,0.0,-7.031232833862305,-18.34373664855957,38.93553161621094
32.72,0.0,-7.031232833862305,-13.738985061645508,46.58201217651367
32.74,0.0,-7.031232833862305,-8.330266952514648,57.39255142211914
32.78,0.0,-7.031232833862305,-8.330266952514648,64.24801635742188
32.82,0.0,-7.031232833862305,0.593824565410614,70.66403198242188
32.86,0.0,-7.031232833862305,6.577676773071289,76.20114135742188
32.9,0.0,-7.031232833862305,12.179766654968262,80.06832885742188
32.92,0.0,-7.031232833862305,12.179766654968262,82.00192260742188
32.96,0.0,-7.031232833862305,19.15778350830078,81.9140396118164
33.0,0.0,-7.031232833862305,22.45947265625,81.73825073242188
33.02,0.0,-7.031232833862305,22.45947265625,80.85934448242188
33.06,0.0,-7.031232833862305,24.898845672607422,77.78317260742188
33.08,0.0,-7.031232833862305,24.70660972595215,72.77340698242188
33.12,0.0,-7.031232833862305,24.70660972595215,64.95114135742188
33.160000000000004,0.0,-7.031232833862305,24.060104370117188,53.964813232421875
33.2,0.0,-7.031232833862305,18.080738067626953,45.351539611816406
33.24,0.0,-7.031232833862305,13.377532958984375,35.68356704711914
33.26,0.0,-7.031232833862305,13.377532958984375,27.33396339416504
33.3,0.0,-7.031232833862305,4.9324564933776855,20.039047241210938
33.34,0.0,-7.031232833862305,-1.1394668817520142,15.556612968444824
33.36,0.0,-7.031232833862305,-1.1394668817520142,11.777332305908203
33.4,0.0,-7.031232833862305,-10.014623641967773,10.458970069885254
33.44,0.0,-7.031232833862305,-15.262803077697754,10.458970069885254
33.46,0.0,-7.031232833862305,-15.262803077697754,10.81053352355957
33.5,0.0,-7.031232833862305,-21.352293014526367,13.359368324279785
33.54,0.0,-7.031232833862305,-23.86794662475586,17.314430236816406
33.56,0.0,-7.031232833862305,-23.86794662475586,23.0273380279541
33.6,0.0,-7.031232833862305,-24.946321487426758,27.949199676513672
33.62,0.0,-7.031232833862305,-23.802175521850586,33.749969482421875
33.660000000000004,0.0,-7.031232833862305,-23.802175521850586,42.978485107421875
33.7,0.0,-7.031232833862305,-19.455490112304688,52.031219482421875
33.74,0.0,-7.031232833862305,-15.054030418395996,60.38082504272461
33.76,0.0,-7.031232833862305,-9.745648384094238,67.49996948242188
33.8,0.0,-7.031232833862305,-6.848989009857178,74.61911010742188
33.84,0.0,-7.031232833862305,-0.7881482839584351,79.54097747802734
33.86,0.0,-7.031232833862305,5.3236188888549805,84.55075073242188
33.9,0.0,-7.031232833862305,8.282965660095215,87.45114135742188
33.94,0.0,-7.031232833862305,13.784832954406738,88.06637573242188
33.96,0.0,-7.031232833862305,18.456863403320312,88.06637573242188
34.0,0.0,-7.031232833862305,20.39049530029297,87.89059448242188
34.04,0.0,-7.031232833862305,23.305400848388672,86.3964614868164
34.06,0.0,-7.031232833862305,24.809661865234375,81.9140396118164
34.1,0.0,-7.031232833862305,25.0,76.55270385742188
34.14,0.0,-7.031232833862305,24.241025924682617,69.52145385742188
34.160000000000004,0.0,-7.031232833862305,22.008411407470703,59.677696228027344
34.2,0.0,-7.031232833862305,20.37782096862793,50.273406982421875
34.24,0.0,-7.031232833862305,16.210796356201172,40.1660041809082
34.26,0.0,-7.031232833862305,11.053407669067383,29.970687866210938
34.300000000000004,0.0,-7.031232833862305,8.199247360229492,22.148427963256836
34.34,0.0,-7.031232833862305,2.157224416732788,15.117158889770508
34.38,0.0,-7.031232833862305,-4.020056247711182,9.404278755187988
34.4,0.0,-7.031232833862305,-7.041093349456787,5.888643741607666
34.44,0.0,-7.031232833862305,-12.716341018676758,4.482389450073242
34.46,0.0,-7.031232833862305,-17.61530113220215,4.5702805519104
34.5,0.0,-7.031232833862305,-17.61530113220215,5.53708028793335
34.54,0.0,-7.031232833862305,-22.86509895324707,7.822243690490723
34.58,0.0,-7.031232833862305,-24.64946174621582,11.601550102233887
34.6,0.0,-7.031232833862305,-24.91783332824707,18.281230926513672
34.64,0.0,-7.031232833862305,-24.473831176757812,23.906217575073242
34.68,0.0,-7.031232833862305,-22.46204948425293,29.443344116210938
34.7,0.0,-7.031232833862305,-20.92478370666504,37.26560592651367
34.74,0.0,-7.031232833862305,-16.904767990112305,45.43942642211914
34.78,0.0,-7.031232833862305,-11.83738899230957,54.931610107421875
34.800000000000004,0.0,-7.031232833862305,-11.83738899230957,62.578086853027344
34.84,0.0,-7.031232833862305,-2.9680159091949463,68.55465698242188
34.88,0.0,-7.031232833862305,3.2576935291290283,74.79488372802734
34.92,0.0,-7.031232833862305,9.284676551818848,79.80465698242188
34.96,0.0,-7.031232833862305,14.738073348999023,82.61714935302734
34.980000000000004,0.0,-7.031232833862305,17.14139747619629,83.05660247802734
35.02,0.0,-7.031232833862305,21.11320686340332,82.79293823242188
35.06,0.0,-7.031232833862305,23.771528244018555,82.44137573242188
35.08,0.0,-7.031232833862305,23.771528244018555,79.62887573242188
35.12,0.0,-7.031232833862305,24.953563690185547,75.23433685302734
35.160000000000004,0.0,-7.031232833862305,23.79582405090332,68.20309448242188
35.18,0.0,-7.031232833862305,21.148683547973633,58.79879379272461
35.22,0.0,-7.031232833862305,19.31419563293457,50.09762191772461
35.26,0.0,-7.031232833862305,14.765791893005371,41.1328010559082
35.28,0.0,-7.031232833862305,14.765791893005371,31.640615463256836
35.32,0.0,-7.031232833862305,3.2246367931365967,22.58788299560547
35.36,0.0,-7.031232833862305,0.09082210063934326,17.314430236816406
35.4,0.0,-7.031232833862305,-6.134213447570801,13.886686325073242
35.42,0.0,-7.031232833862305,-11.976313591003418,11.953113555908203
35.46,0.0,-7.031232833862305,-11.976313591003418,12.216787338256836
35.5,0.0,-7.031232833862305,-19.226272583007812,12.392568588256836
35.54,0.0,-7.031232833862305,-22.6037540435791,15.029267311096191
35.56,0.0,-7.031232833862305,-24.5537052154541,19.599592208862305
35.6,0.0,-7.031232833862305,-24.950252532958984,23.818328857421875
35.62,0.0,-7.031232833862305,-24.553443908691406,28.037090301513672
35.660000000000004,0.0,-7.031232833862305,-23.765731811523438,34.277313232421875
35.7,0.0,-7.031232833862305,-21.07257843017578,41.3964729309082
35.72,0.0,-7.031232833862305,-21.07257843017578,50.53708267211914
35.76,0.0,-7.031232833862305,-14.596745491027832,59.677696228027344
35.800000000000004,0.0,-7.031232833862305,-9.052734375,66.09371948242188
35.82,0.0,-7.031232833862305,-9.052734375,74.88278198242188
35.86,0.0,-7.031232833862305,0.22933095693588257,80.41989135742188
35.88,0.0,-7.031232833862305,6.487077236175537,85.60543823242188
35.92,0.0,-7.031232833862305,6.487077236175537,89.73629760742188
35.96,0.0,-7.031232833862305,14.984460830688477,90.52731323242188
36.0,0.0,-7.031232833862305,19.527009963989258,90.52731323242188
36.02,0.0,-7.031232833862305,22.821205139160156,90.35153198242188
36.06,0.0,-7.031232833862305,23.92998504638672,90.17575073242188
36.1,0.0,-7.031232833862305,24.980396270751953,87.97847747802734
36.12,0.0,-7.031232833862305,24.426734924316406,83.23239135742188
36.160000000000004,0.0,-7.031232833862305,23.55464744567871,77.34371948242188
36.2,0.0,-7.031232833862305,20.688518524169922,69.87300872802734
36.22,0.0,-7.031232833862305,20.688518524169922,60.02926254272461
36.26,0.0,-7.031232833862305,13.968644142150879,49.570281982421875
36.300000000000004,0.0,-7.031232833862305,8.293194770812988,41.04491424560547
36.32,0.0,-7.031232833862305,8.293194770812988,32.43163299560547
36.36,0.0,-7.031232833862305,-1.105639100074768,26.630836486816406
36.38,0.0,-7.031232833862305,-7.372106552124023,22.23632049560547
36.42,0.0,-7.031232833862305,-10.352071762084961,19.423810958862305
36.46,0.0,-7.031232833862305,-15.76339054107666,18.544902801513672
36.5,0.0,-7.031232833862305,-20.154891967773438,18.720684051513672
36.52,0.0,-7.031232833862305,-23.23963737487793,19.511701583862305
36.56,0.0,-7.031232833862305,-24.22491455078125,21.445301055908203
36.6,0.0,-7.031232833862305,-24.999526977539062,24.609344482421875
36.62,0.0,-7.031232833862305,-24.999526977539062,28.740217208862305
36.660000000000004,0.0,-7.031232833862305,-23.121545791625977,34.71677017211914
36.7,0.0,-7.031232833862305,-19.958131790161133,41.8359260559082
36.72,0.0,-7.031232833862305,-15.489428520202637,51.240203857421875
36.76,0.0,-7.031232833862305,-15.489428520202637,60.732391357421875
36.800000000000004,0.0,-7.031232833862305,-6.992430210113525,66.44528198242188
36.82,0.0,-7.031232833862305,-0.6703495383262634,73.03707885742188
36.86,0.0,-7.031232833862305,-0.6703495383262634,78.57418823242188
36.9,0.0,-7.031232833862305,2.53481125831604,82.00192260742188
36.94,0.0,-7.031232833862305,14.43335247039795,84.37496948242188
36.96,0.0,-7.031232833862305,19.150394439697266,84.63863372802734
37.0,0.0,-7.031232833862305,21.05368995666504,84.46286010742188
37.04,0.0,-7.031232833862305,23.7917423248291,84.37496948242188
37.06,0.0,-7.031232833862305,24.96267318725586,81.65036010742188
37.1,0.0,-7.031232833862305,24.93128776550293,77.2558364868164
37.14,0.0,-7.031232833862305,23.635713577270508,71.27926635742188
37.160000000000004,0.0,-7.031232833862305,20.77683448791504,63.193328857421875
37.2,0.0,-7.031232833862305,18.815715789794922,53.789031982421875
37.24,0.0,-7.031232833862305,13.991158485412598,45.26364517211914
37.26,0.0,-7.031232833862305,8.236471176147461,34.80466079711914
37.300000000000004,0.0,-7.031232833862305,5.127419948577881,28.740217208862305
37.32,0.0,-7.031232833862305,-1.2964121103286743,23.818328857421875
37.36,0.0,-7.031232833862305,-1.2964121103286743,19.335920333862305
37.4,0.0,-7.031232833862305,-10.644197463989258,17.92966651916504
37.44,0.0,-7.031232833862305,-16.078826904296875,17.92966651916504
37.46,0.0,-7.031232833862305,-16.078826904296875,18.457012176513672
37.5,0.0,-7.031232833862305,-18.415544509887695,20.126937866210938
37.54,0.0,-7.031232833862305,-24.37226104736328,22.76366424560547
37.56,0.0,-7.031232833862305,-24.98492431640625,26.367162704467773
37.6,0.0,-7.031232833862305,-24.98492431640625,31.81639862060547
37.64,0.0,-7.031232833862305,-22.7868595123291,39.19920349121094
37.660000000000004,0.0,-7.031232833862305,-19.382671356201172,45.878883361816406
37.7,0.0,-7.031232833862305,-17.17442512512207,54.84371566772461
37.74,0.0,-7.031232833862305,-11.929736137390137,62.13864517211914
37.76,0.0,-7.031232833862305,-5.880484580993652,68.99411010742188
37.800000000000004,0.0,-7.031232833862305,-2.6794960498809814,75.67379760742188
37.84,0.0,-7.031232833862305,3.8060684204101562,79.54097747802734
37.86,0.0,-7.031232833862305,3.8060684204101562,83.58395385742188
37.9,0.0,-7.031232833862305,12.927063941955566,85.34176635742188
37.94,0.0,-7.031232833862305,18.003746032714844,85.51753997802734
37.96,0.0,-7.031232833862305,18.003746032714844,85.34176635742188
38.0,0.0,-7.031232833862305,23.256807327270508,84.90231323242188
38.04,0.0,-7.031232833862305,24.835710525512695,82.44137573242188
38.06,0.0,-7.031232833862305,24.835710525512695,77.60739135742188
38.1,0.0,-7.031232833862305,24.047250747680664,71.27926635742188
38.12,0.0,-7.031232833862305,21.465105056762695,64.42378997802734
38.160000000000004,0.0,-7.031232833862305,21.465105056762695,52.998016357421875
38.2,0.0,-7.031232833862305,14.936622619628906,43.857391357421875
38.24,0.0,-7.031232833862305,9.242547035217285,34.277313232421875
38.26,0.0,-7.031232833862305,2.915794610977173,25.839818954467773
38.300000000000004,0.0,-7.031232833862305,-0.3512570559978485,18.808574676513672
38.34,0.0,-7.031232833862305,-6.814047813415527,14.062468528747559
38.36,0.0,-7.031232833862305,-12.81480884552002,10.195296287536621
38.4,0.0,-7.031232833862305,-15.511475563049316,9.140606880187988
38.44,0.0,-7.031232833862305,-20.065698623657227,9.052715301513672
38.46,0.0,-7.031232833862305,-23.24795913696289,9.755843162536621
38.5,0.0,-7.031232833862305,-24.25160789489746,12.04100513458252
38.54,0.0,-7.031232833862305,-24.99620819091797,16.08395767211914
38.56,0.0,-7.031232833862305,-24.024490356445312,22.148427963256836
38.6,0.0,-7.031232833862305,-24.024490356445312,27.86130714416504
38.64,0.0,-7.031232833862305,-19.520336151123047,34.628875732421875
38.68,0.0,-7.031232833862305,-14.784150123596191,41.57225799560547
38.7,0.0,-7.031232833862305,-14.784150123596191,50.53708267211914
38.74,0.0,-7.031232833862305,-5.885778903961182,58.18355941772461
38.78,0.0,-7.031232833862305,0.6476518511772156,63.017547607421875
38.82,0.0,-7.031232833862305,0.6476518511772156,68.55465698242188
38.84,0.0,-7.031232833862305,10.228988647460938,72.42184448242188
38.88,0.0,-7.031232833862305,15.82573127746582,74.53121185302734
38.9,0.0,-7.031232833862305,15.82573127746582,74.53121185302734
38.94,0.0,-7.031232833862305,22.067983627319336,74.35543060302734
38.96,0.0,-7.031232833862305,24.370439529418945,74.35543060302734
39.0,0.0,-7.031232833862305,24.892662048339844,72.15817260742188
39.04,0.0,-7.031232833862305,24.631975173950195,68.29098510742188
39.06,0.0,-7.031232833862305,22.656585693359375,61.171844482421875
39.1,0.0,-7.031232833862305,22.656585693359375,52.031219482421875
39.14,0.0,-7.031232833862305,16.804187774658203,43.857391357421875
39.160000000000004,0.0,-7.031232833862305,11.369755744934082,34.013641357421875
39.2,0.0,-7.031232833862305,11.369755744934082,26.367162704467773
39.24,0.0,-7.031232833862305,1.8576816320419312,19.775375366210938
39.28,0.0,-7.031232833862305,-4.745434761047363,15.380830764770508
39.300000000000004,0.0,-7.031232833862305,-11.019570350646973,13.007804870605469
39.34,0.0,-7.031232833862305,-13.893882751464844,12.480459213256836
39.38,0.0,-7.031232833862305,-18.863933563232422,12.744132041931152
39.4,0.0,-7.031232833862305,-22.51154327392578,13.886686325073242
39.44,0.0,-7.031232833862305,-23.754467010498047,17.226539611816406
39.46,0.0,-7.031232833862305,-24.967592239379883,21.181629180908203
39.5,0.0,-7.031232833862305,-24.915664672851562,25.312471389770508
39.54,0.0,-7.031232833862305,-23.49765968322754,29.970687866210938
39.56,0.0,-7.031232833862305,-20.421344757080078,38.49607467651367
39.6,0.0,-7.031232833862305,-18.32415199279785,45.70309829711914
39.64,0.0,-7.031232833862305,-13.195626258850098,54.58004379272461
39.660000000000004,0.0,-7.031232833862305,-7.131104469299316,62.31442642211914
39.7,0.0,-7.031232833862305,-7.131104469299316,69.78511810302734
39.74,0.0,-7.031232833862305,2.7735512256622314,75.58590698242188
39.76,0.0,-7.031232833862305,9.23361587524414,79.36520385742188
39.800000000000004,0.0,-7.031232833862305,12.246376991271973,82.35348510742188
39.84,0.0,-7.031232833862305,17.569005966186523,83.58395385742188
39.86,0.0,-7.031232833862305,21.645151138305664,83.58395385742188
39.9,0.0,-7.031232833862305,23.12044906616211,83.32028198242188
39.94,0.0,-7.031232833862305,24.812543869018555,82.2656021118164
39.96,0.0,-7.031232833862305,24.73653221130371,78.39840698242188
40.0,0.0,-7.031232833862305,24.03132438659668,73.21286010742188
40.04,0.0,-7.031232833862305,21.347755432128906,66.88473510742188
40.06,0.0,-7.031232833862305,17.136802673339844,57.216766357421875
40.1,0.0,-7.031232833862305,14.54820728302002,48.339813232421875
40.14,0.0,-7.031232833862305,8.635417938232422,40.0781135559082
40.160000000000004,0.0,-7.031232833862305,2.100653648376465,32.25585174560547
40.2,0.0,-7.031232833862305,-1.254643201828003,27.509742736816406
40.24,0.0,-7.031232833862305,-7.839906692504883,24.345672607421875
40.26,0.0,-7.031232833862305,-7.839906692504883,23.0273380279541
40.300000000000004,0.0,-7.031232833862305,-16.529712677001953,23.0273380279541
40.34,0.0,-7.031232833862305,-20.921600341796875,23.378873825073242
40.36,0.0,-7.031232833862305,-23.808359146118164,24.521455764770508
40.4,0.0,-7.031232833862305,-24.616817474365234,26.630836486816406
40.44,0.0,-7.031232833862305,-24.88922119140625,29.794906616210938
40.46,0.0,-7.031232833862305,-24.347518920898438,35.15622329711914
40.480000000000004,0.0,-7.031232833862305,-21.955524444580078,41.04491424560547
40.52,0.0,-7.031232833862305,-21.955524444580078,49.042938232421875
40.56,0.0,-7.031232833862305,-15.47201156616211,58.447235107421875
40.6,0.0,-7.031232833862305,-9.672404289245605,64.07223510742188
40.62,0.0,-7.031232833862305,-9.672404289245605,72.24606323242188
40.660000000000004,0.0,-7.031232833862305,0.20209574699401855,78.22262573242188
40.68,0.0,-7.031232833862305,6.872686386108398,82.44137573242188
40.72,0.0,-7.031232833862305,10.051179885864258,86.04489135742188
40.76,0.0,-7.031232833862305,15.804718971252441,87.71481323242188
40.78,0.0,-7.031232833862305,15.804718971252441,87.89059448242188
40.82,0.0,-7.031232833862305,22.172338485717773,87.71481323242188
40.86,0.0,-7.031232833862305,24.45472526550293,87.53902435302734
40.88,0.0,-7.031232833862305,24.9521484375,84.90231323242188
40.92,0.0,-7.031232833862305,24.51402473449707,80.68356323242188
40.94,0.0,-7.031232833862305,22.302419662475586,75.23433685302734
40.980000000000004,0.0,-7.031232833862305,22.302419662475586,67.14840698242188
41.02,0.0,-7.031232833862305,16.00376319885254,58.18355941772461
41.04,0.0,-7.031232833862305,10.262504577636719,49.833953857421875
41.08,0.0,-7.031232833862305,10.262504577636719,41.48436737060547
41.12,0.0,-7.031232833862305,0.3799305856227875,35.68356704711914
41.160000000000004,0.0,-7.031232833862305,-6.3508806228637695,33.310516357421875
41.18,0.0,-7.031232833862305,-12.617630004882812,32.69530487060547
41.22,0.0,-7.031232833862305,-12.617630004882812,32.69530487060547
41.26,0.0,-7.031232833862305,-20.153404235839844,32.958980560302734
41.300000000000004,0.0,-7.031232833862305,-23.391632080078125,34.98044204711914
41.34,0.0,-7.031232833862305,-24.90333366394043,38.84763717651367
41.36,0.0,-7.031232833862305,-24.90333366394043,44.56052017211914
41.4,0.0,-7.031232833862305,-23.720382690429688,51.503875732421875
41.44,0.0,-7.031232833862305,-20.71242332458496,58.886688232421875
41.46,0.0,-7.031232833862305,-16.167131423950195,66.44528198242188
41.5,0.0,-7.031232833862305,-13.41881275177002,74.26753997802734
41.54,0.0,-7.031232833862305,-7.225000858306885,80.85934448242188
41.58,0.0,-7.031232833862305,-0.49092739820480347,87.97847747802734
41.6,0.0,-7.031232833862305,-0.49092739820480347,92.46090698242188
41.64,0.0,-7.031232833862305,9.526544570922852,94.13082122802734
41.68,0.0,-7.031232833862305,15.423417091369629,94.21871948242188
41.7,0.0,-7.031232833862305,15.423417091369629,94.21871948242188
41.74,0.0,-7.031232833862305,22.001178741455078,94.13082122802734
41.76,0.0,-7.031232833862305,24.39427375793457,93.95504760742188
41.800000000000004,0.0,-7.031232833862305,24.39427375793457,91.05465698242188
41.84,0.0,-7.031232833862305,24.545028686523438,86.66012573242188
41.86,0.0,-7.031232833862305,22.33785629272461,80.50778198242188
41.9,0.0,-7.031232833862305,22.33785629272461,71.10348510742188
41.94,0.0,-7.031232833862305,15.96977710723877,63.28121566772461
41.96,0.0,-7.031232833862305,10.147366523742676,53.43746566772461
42.0,0.0,-7.031232833862305,10.147366523742676,44.121063232421875
42.04,0.0,-7.031232833862305,0.13094274699687958,37.61716842651367
42.08,0.0,-7.031232833862305,-6.670379161834717,33.837860107421875
42.1,0.0,-7.031232833862305,-12.97229290008545,31.640615463256836
42.14,0.0,-7.031232833862305,-15.784683227539062,31.552724838256836
42.18,0.0,-7.031232833862305,-20.46575164794922,31.90428924560547
42.2,0.0,-7.031232833862305,-23.602426528930664,32.34374237060547
42.24,0.0,-7.031232833862305,-24.511615753173828,34.71677017211914
42.28,0.0,-7.031232833862305,-24.92388916015625,38.67185974121094
42.300000000000004,0.0,-7.031232833862305,-23.447845458984375,44.033172607421875
42.34,0.0,-7.031232833862305,-23.447845458984375,52.38277816772461
42.38,0.0,-7.031232833862305,-17.96922492980957,60.20504379272461
42.42,0.0,-7.031232833862305,-12.541020393371582,66.26950073242188
42.44,0.0,-7.031232833862305,-6.156425476074219,74.97067260742188
42.480000000000004,0.0,-7.031232833862305,-2.754993200302124,80.33200073242188
42.52,0.0,-7.031232833862305,4.142498970031738,85.42965698242188
42.54,0.0,-7.031232833862305,4.142498970031738,89.56050872802734
42.58,0.0,-7.031232833862305,13.743907928466797,90.4394302368164
42.62,0.0,-7.031232833862305,18.934974670410156,90.4394302368164
42.660000000000004,0.0,-7.031232833862305,22.68137550354004,90.17575073242188
42.68,0.0,-7.031232833862305,22.68137550354004,89.20894622802734
42.72,0.0,-7.031232833862305,23.9176025390625,86.22067260742188
42.76,0.0,-7.031232833862305,24.1596622467041,81.9140396118164
42.78,0.0,-7.031232833862305,21.469627380371094,74.88278198242188
42.82,0.0,-7.031232833862305,21.469627380371094,66.09371948242188
42.86,0.0,-7.031232833862305,14.44015121459961,56.07418441772461
42.9,0.0,-7.031232833862305,8.27935791015625,47.19724655151367
42.92,0.0,-7.031232833862305,1.478142499923706,38.93553161621094
42.96,0.0,-7.031232833862305,1.478142499923706,32.871089935302734
43.0,0.0,-7.031232833862305,-8.77616024017334,30.14647102355957
43.02,0.0,-7.031232833862305,-14.87834644317627,29.267560958862305
43.06,0.0,-7.031232833862305,-17.52604866027832,29.443344116210938
43.1,0.0,-7.031232833862305,-21.75754737854004,29.794906616210938
43.12,0.0,-7.031232833862305,-24.30771827697754,30.58592414855957
43.160000000000004,0.0,-7.031232833862305,-24.30771827697754,34.36520767211914
43.2,0.0,-7.031232833862305,-24.5823917388916,39.55076599121094
43.24,0.0,-7.031232833862305,-22.373586654663086,44.296844482421875
43.26,0.0,-7.031232833862305,-18.426433563232422,52.910125732421875
43.300000000000004,0.0,-7.031232833862305,-15.891305923461914,60.292938232421875
43.34,0.0,-7.031232833862305,-9.943236351013184,66.35739135742188
43.36,0.0,-7.031232833862305,-9.943236351013184,75.49801635742188
43.4,0.0,-7.031232833862305,0.27361375093460083,80.59567260742188
43.42,0.0,-7.031232833862305,7.175469875335693,85.60543823242188
43.46,0.0,-7.031232833862305,10.450187683105469,89.56050872802734
43.5,0.0,-7.031232833862305,16.326784133911133,91.14254760742188
43.52,0.0,-7.031232833862305,16.326784133911133,91.3183364868164
43.56,0.0,-7.031232833862305,22.63661766052246,91.40621948242188
43.6,0.0,-7.031232833862305,24.690231323242188,91.2304458618164
43.64,0.0,-7.031232833862305,24.810216903686523,89.73629760742188
43.660000000000004,0.0,-7.031232833862305,22.984256744384766,85.16598510742188
43.7,0.0,-7.031232833862305,22.984256744384766,78.66207122802734
43.74,0.0,-7.031232833862305,16.943317413330078,71.54293823242188
43.76,0.0,-7.031232833862305,11.172462463378906,63.457000732421875
43.800000000000004,0.0,-7.031232833862305,11.172462463378906,53.17379379272461
43.84,0.0,-7.031232833862305,1.0236907005310059,46.406227111816406
43.88,0.0,-7.031232833862305,-5.96142053604126,41.2206916809082
43.9,0.0,-7.031232833862305,-12.479552268981934,38.23240280151367
43.94,0.0,-7.031232833862305,-15.399847984313965,37.61716842651367
43.96,0.0,-7.031232833862305,-20.273237228393555,37.70505905151367
44.0,0.0,-7.031232833862305,-20.273237228393555,37.79294967651367
44.04,0.0,-7.031232833862305,-24.49342155456543,39.55076599121094
44.08,0.0,-7.031232833862305,-24.918445587158203,42.451168060302734
44.1,0.0,-7.031232833862305,-24.918445587158203,48.339813232421875
44.14,0.0,-7.031232833862305,-21.88257598876953,55.019500732421875
44.160000000000004,0.0,-7.031232833862305,-17.63979721069336,61.171844482421875
44.2,0.0,-7.031232833862305,-14.966007232666016,67.14840698242188
44.24,0.0,-7.031232833862305,-8.77841567993164,74.61911010742188
44.28,0.0,-7.031232833862305,-1.8888107538223267,81.38668823242188
44.300000000000004,0.0,-7.031232833862305,-1.8888107538223267,87.09957885742188
44.34,0.0,-7.031232833862305,8.557953834533691,89.91207885742188
44.38,0.0,-7.031232833862305,14.787127494812012,90.35153198242188
44.4,0.0,-7.031232833862305,14.787127494812012,90.35153198242188
44.44,0.0,-7.031232833862305,21.789810180664062,90.17575073242188
44.480000000000004,0.0,-7.031232833862305,24.35028076171875,89.38473510742188
44.5,0.0,-7.031232833862305,24.35028076171875,86.22067260742188
44.54,0.0,-7.031232833862305,24.513545989990234,81.56246948242188
44.56,0.0,-7.031232833862305,22.153799057006836,75.49801635742188
44.6,0.0,-7.031232833862305,22.153799057006836,66.26950073242188
44.64,0.0,-7.031232833862305,15.374563217163086,56.777313232421875
44.68,0.0,-7.031232833862305,9.22142219543457,48.42770004272461
44.7,0.0,-7.031232833862305,2.3229315280914307,40.1660041809082
44.74,0.0,-7.031232833862305,-1.2336398363113403,34.540985107421875
44.78,0.0,-7.031232833862305,-8.202858924865723,31.552724838256836
44.800000000000004,0.0,-7.031232833862305,-14.513470649719238,30.58592414855957
44.84,0.0,-7.031232833862305,-17.258981704711914,30.58592414855957
44.88,0.0,-7.031232833862305,-21.651700973510742,30.849597930908203
44.9,0.0,-7.031232833862305,-24.294851303100586,31.90428924560547
44.94,0.0,-7.031232833862305,-24.886558532714844,34.80466079711914
44.980000000000004,0.0,-7.031232833862305,-24.548439025878906,39.19920349121094
45.0,0.0,-7.031232833862305,-22.21916961669922,44.99997329711914
45.04,0.0,-7.031232833862305,-20.36002540588379,52.11910629272461
45.08,0.0,-7.031232833862305,-15.439982414245605,59.41403579711914
45.1,0.0,-7.031232833862305,-15.439982414245605,66.62106323242188
45.14,0.0,-7.031232833862305,-5.855231285095215,73.82809448242188
45.18,0.0,-7.031232833862305,1.248496651649475,79.36520385742188
45.22,0.0,-7.031232833862305,8.253900527954102,85.34176635742188
45.24,0.0,-7.031232833862305,11.539521217346191,88.85739135742188
45.28,0.0,-7.031232833862305,17.34042739868164,89.56050872802734
45.300000000000004,0.0,-7.031232833862305,21.72728729248047,89.47262573242188
45.34,0.0,-7.031232833862305,23.272310256958008,89.29684448242188
45.38,0.0,-7.031232833862305,24.905729293823242,88.68160247802734
45.4,0.0,-7.031232833862305,24.499921798706055,85.60543823242188
45.44,0.0,-7.031232833862305,23.535207748413086,80.77145385742188
45.480000000000004,0.0,-7.031232833862305,20.179330825805664,74.79488372802734
45.52,0.0,-7.031232833862305,20.179330825805664,66.26950073242188
45.54,0.0,-7.031232833862305,8.901585578918457,54.58004379272461
45.58,0.0,-7.031232833862305,5.459126949310303,46.58201217651367
45.62,0.0,-7.031232833862305,-1.6935540437698364,39.46287536621094
45.64,0.0,-7.031232833862305,-8.710136413574219,33.13473129272461
45.68,0.0,-7.031232833862305,-11.984772682189941,30.23436164855957
45.72,0.0,-7.031232833862305,-17.728004455566406,29.179670333862305
45.74,0.0,-7.031232833862305,-22.009716033935547,29.267560958862305
45.78,0.0,-7.031232833862305,-23.485637664794922,29.443344116210938
45.82,0.0,-7.031232833862305,-24.953195571899414,30.23436164855957
45.84,0.0,-7.031232833862305,-24.953195571899414,33.574188232421875
45.88,0.0,-7.031232833862305,-23.289745330810547,38.32029342651367
45.92,0.0,-7.031232833862305,-19.733922958374023,42.978485107421875
45.96,0.0,-7.031232833862305,-14.538429260253906,51.415985107421875
46.0,0.0,-7.031232833862305,-8.132539749145508,60.46871566772461
46.02,0.0,-7.031232833862305,-8.132539749145508,66.79684448242188
46.06,0.0,-7.031232833862305,2.5671157836914062,73.21286010742188
46.1,0.0,-7.031232833862305,9.562682151794434,77.34371948242188
46.12,0.0,-7.031232833862305,9.562682151794434,80.15621948242188
46.160000000000004,0.0,-7.031232833862305,18.401636123657227,81.03512573242188
46.2,0.0,-7.031232833862305,22.472339630126953,80.94723510742188
46.22,0.0,-7.031232833862305,22.472339630126953,80.68356323242188
46.26,0.0,-7.031232833862305,24.995817184448242,79.10152435302734
46.300000000000004,0.0,-7.031232833862305,24.080474853515625,75.32223510742188
46.34,0.0,-7.031232833862305,21.147329330444336,68.81832885742188
46.36,0.0,-7.031232833862305,21.147329330444336,60.20504379272461
46.4,0.0,-7.031232833862305,13.537588119506836,51.240203857421875
46.44,0.0,-7.031232833862305,6.941826343536377,43.681610107421875
46.46,0.0,-7.031232833862305,6.941826343536377,35.859352111816406
46.5,0.0,-7.031232833862305,-3.8638556003570557,31.376941680908203
46.54,0.0,-7.031232833862305,-10.792708396911621,29.179670333862305
46.56,0.0,-7.031232833862305,-10.792708396911621,28.652326583862305
46.6,0.0,-7.031232833862305,-19.32358741760254,28.740217208862305
46.64,0.0,-7.031232833862305,-23.06756591796875,29.003890991210938
46.660000000000004,0.0,-7.031232833862305,-23.06756591796875,30.410144805908203
46.7,0.0,-7.031232833862305,-24.978107452392578,33.662078857421875
46.72,0.0,-7.031232833862305,-23.620311737060547,38.23240280151367
46.76,0.0,-7.031232833862305,-23.620311737060547,44.47262954711914
46.800000000000004,0.0,-7.031232833862305,-17.91423797607422,51.855438232421875
46.84,0.0,-7.031232833862305,-12.130037307739258,59.501922607421875
46.86,0.0,-7.031232833862305,-5.313485622406006,65.91793823242188
46.9,0.0,-7.031232833862305,-1.6964281797409058,71.80661010742188
46.94,0.0,-7.031232833862305,5.570956230163574,76.72848510742188
46.96,0.0,-7.031232833862305,12.367762565612793,79.98043823242188
47.0,0.0,-7.031232833862305,15.405685424804688,81.21090698242188
47.04,0.0,-7.031232833862305,20.435731887817383,81.29879760742188
47.06,0.0,-7.031232833862305,23.725141525268555,80.94723510742188
47.1,0.0,-7.031232833862305,24.62203025817871,79.45309448242188
47.14,0.0,-7.031232833862305,24.822492599487305,76.11325073242188
47.160000000000004,0.0,-7.031232833862305,22.90077018737793,69.78511810302734
47.2,0.0,-7.031232833862305,21.18769645690918,63.54488754272461
47.24,0.0,-7.031232833862305,16.438886642456055,54.40426254272461
47.26,0.0,-7.031232833862305,10.278955459594727,45.351539611816406
47.300000000000004,0.0,-7.031232833862305,6.830726623535156,36.826148986816406
47.34,0.0,-7.031232833862305,-0.43274614214897156,30.67381477355957
47.36,0.0,-7.031232833862305,-0.43274614214897156,25.400362014770508
47.4,0.0,-7.031232833862305,-11.068815231323242,23.20311737060547
47.44,0.0,-7.031232833862305,-17.097251892089844,22.58788299560547
47.46,0.0,-7.031232833862305,-21.656150817871094,22.58788299560547
47.5,0.0,-7.031232833862305,-21.656150817871094,23.20311737060547
47.54,0.0,-7.031232833862305,-24.917922973632812,24.609344482421875
47.56,0.0,-7.031232833862305,-24.43047523498535,27.158180236816406
47.6,0.0,-7.031232833862305,-24.43047523498535,31.640615463256836
47.64,0.0,-7.031232833862305,-19.803369522094727,38.40818405151367
47.660000000000004,0.0,-7.031232833862305,-14.506113052368164,43.76950454711914
47.7,0.0,-7.031232833862305,-14.506113052368164,53.261688232421875
47.74,0.0,-7.031232833862305,-4.373797416687012,59.677696228027344
47.76,0.0,-7.031232833862305,2.9870755672454834,64.68746185302734
47.800000000000004,0.0,-7.031232833862305,2.9870755672454834,70.13668823242188
47.84,0.0,-7.031232833862305,13.353188514709473,74.09175872802734
47.88,0.0,-7.031232833862305,18.937213897705078,75.76168823242188
47.9,0.0,-7.031232833862305,22.875749588012695,75.84957885742188
47.94,0.0,-7.031232833862305,22.875749588012695,75.58590698242188
47.980000000000004,0.0,-7.031232833862305,24.98931312561035,73.91598510742188
48.02,0.0,-7.031232833862305,23.68550682067871,70.31246948242188
48.04,0.0,-7.031232833862305,23.68550682067871,64.33590698242188
48.08,0.0,-7.031232833862305,17.935415267944336,56.162078857421875
48.120000000000005,0.0,-7.031232833862305,12.056875228881836,48.779266357421875
48.14,0.0,-7.031232833862305,12.056875228881836,39.55076599121094
48.18,0.0,-7.031232833862305,1.4423775672912598,32.69530487060547
48.22,0.0,-7.031232833862305,-5.929598331451416,28.037090301513672
48.24,0.0,-7.031232833862305,-12.784753799438477,25.312471389770508
48.28,0.0,-7.031232833862305,-15.826948165893555,24.609344482421875
48.32,0.0,-7.031232833862305,-20.80512046813965,24.697235107421875
48.34,0.0,-7.031232833862305,-23.955867767333984,24.873018264770508
48.38,0.0,-7.031232833862305,-23.955867767333984,25.839818954467773
48.42,0.0,-7.031232833862305,-24.69340705871582,28.564434051513672
48.46,0.0,-7.031232833862305,-22.45849609375,32.958980560302734
48.480000000000004,0.0,-7.031232833862305,-18.240825653076172,39.9902229309082
48.52,0.0,-7.031232833862305,-15.497917175292969,45.878883361816406
48.56,0.0,-7.031232833862305,-9.045801162719727,54.05270004272461
48.58,0.0,-7.031232833862305,-1.7906084060668945,61.435516357421875
48.620000000000005,0.0,-7.031232833862305,1.9390759468078613,66.26950073242188
48.660000000000004,0.0,-7.031232833862305,9.189403533935547,71.19137573242188
48.68,0.0,-7.031232833862305,15.628368377685547,75.23433685302734
48.72,0.0,-7.031232833862305,18.36045265197754,76.20114135742188
48.74,0.0,-7.031232833862305,22.545093536376953,76.20114135742188
48.78,0.0,-7.031232833862305,22.545093536376953,75.93746948242188
48.82,0.0,-7.031232833862305,24.99994659423828,74.26753997802734
48.86,0.0,-7.031232833862305,23.871978759765625,70.48824310302734
48.88,0.0,-7.031232833862305,23.871978759765625,64.51168060302734
48.92,0.0,-7.031232833862305,22.496658325195312,55.81051254272461
48.96,0.0,-7.031232833862305,12.420868873596191,48.164031982421875
48.980000000000004,0.0,-7.031232833862305,5.455165386199951,39.02342224121094
49.02,0.0,-7.031232833862305,5.455165386199951,31.464834213256836
49.06,0.0,-7.031232833862305,-5.705465793609619,27.509742736816406
49.08,0.0,-7.031232833862305,-12.650735855102539,24.785127639770508
49.120000000000005,0.0,-7.031232833862305,-12.650735855102539,24.082000732421875
49.160000000000004,0.0,-7.031232833862305,-20.78098487854004,24.257781982421875
49.18,0.0,-7.031232833862305,-23.964805603027344,24.433565139770508
49.22,0.0,-7.031232833862305,-23.964805603027344,25.13669204711914
49.26,0.0,-7.031232833862305,-24.67059326171875,27.42185401916504
49.28,0.0,-7.031232833862305,-22.361736297607422,31.025379180908203
49.32,0.0,-7.031232833862305,-22.361736297607422,38.23240280151367
49.36,0.0,-7.031232833862305,-15.237236976623535,43.857391357421875
49.4,0.0,-7.031232833862305,-8.666794776916504,51.767547607421875
49.42,0.0,-7.031232833862305,-8.666794776916504,60.02926254272461
49.46,0.0,-7.031232833862305,2.4545528888702393,64.33590698242188
49.5,0.0,-7.031232833862305,9.737592697143555,68.81832885742188
49.52,0.0,-7.031232833862305,9.737592697143555,72.68551635742188
49.56,0.0,-7.031232833862305,18.831226348876953,73.82809448242188
49.6,0.0,-7.031232833862305,22.870845794677734,73.74020385742188
49.620000000000005,0.0,-7.031232833862305,22.870845794677734,73.47653198242188
49.660000000000004,0.0,-7.031232833862305,24.982208251953125,71.80661010742188
49.7,0.0,-7.031232833862305,23.567249298095703,68.02731323242188
49.72,0.0,-7.031232833862305,20.010498046875,61.171844482421875
49.76,0.0,-7.031232833862305,17.522144317626953,53.789031982421875
49.800000000000004,0.0,-7.031232833862305,11.407174110412598,46.230445861816406
49.84,0.0,-7.031232833862305,7.920010089874268,36.562477111816406
49.86,0.0,-7.031232833862305,4.2506208419799805,30.14647102355957
49.9,0.0,-7.031232833862305,-7.001506328582764,25.927709579467773
49.94,0.0,-7.031232833862305,-13.850308418273926,24.257781982421875
49.96,0.0,-7.031232833862305,-13.850308418273926,24.257781982421875
50.0,0.0,-7.031232833862305,-21.590696334838867,24.521455764770508
50.04,0.0,-7.031232833862305,-24.371532440185547,24.521455764770508
50.06,0.0,-7.031232833862305,-24.92179298400879,26.630836486816406
50.1,0.0,-7.031232833862305,-24.92179298400879,30.410144805908203
50.14,0.0,-7.031232833862305,-21.505273818969727,35.68356704711914
50.18,0.0,-7.031232833862305,-16.69983673095703,42.01171112060547
50.2,0.0,-7.031232833862305,-16.69983673095703,50.273406982421875
50.24,0.0,-7.031232833862305,-13.687396049499512,59.853477478027344
50.28,0.0,-7.031232833862305,-6.788216590881348,64.95114135742188
50.300000000000004,0.0,-7.031232833862305,8.200855255126953,71.63082885742188
50.34,0.0,-7.031232833862305,8.200855255126953,77.16793823242188
50.38,0.0,-7.031232833862305,11.690838813781738,79.98043823242188
50.42,0.0,-7.031232833862305,22.240665435791016,81.38668823242188
50.44,0.0,-7.031232833862305,24.643423080444336,81.56246948242188
50.480000000000004,0.0,-7.031232833862305,24.996614456176758,81.29879760742188
50.52,0.0,-7.031232833862305,23.963760375976562,80.15621948242188
50.54,0.0,-7.031232833862305,20.711368560791016,76.37692260742188
50.58,0.0,-7.031232833862305,20.711368560791016,69.96090698242188
50.620000000000005,0.0,-7.031232833862305,12.373908042907715,63.457000732421875
50.660000000000004,0.0,-7.031232833862305,5.2579665184021,54.931610107421875
50.68,0.0,-7.031232833862305,-2.3496572971343994,47.28513717651367
50.72,0.0,-7.031232833862305,-6.117049694061279,42.275386810302734
50.76,0.0,-7.031232833862305,-13.140239715576172,39.46287536621094
50.78,0.0,-7.031232833862305,-18.943025588989258,39.02342224121094
50.82,0.0,-7.031232833862305,-21.211362838745117,39.19920349121094
50.86,0.0,-7.031232833862305,-24.215730667114258,39.46287536621094
50.88,0.0,-7.031232833862305,-24.215730667114258,41.3964729309082
50.94,0.0,-7.031232833862305,-24.880558013916016,46.054664611816406
50.96,0.0,-7.031232833862305,-24.455873489379883,53.789031982421875
51.0,0.0,-7.031232833862305,-16.99941062927246,60.46871566772461
51.04,0.0,-7.031232833862305,-10.659645080566406,66.18161010742188
51.06,0.0,-7.031232833862305,-3.3180272579193115,74.17964935302734
51.1,0.0,-7.031232833862305,-3.3180272579193115,79.80465698242188
51.14,0.0,-7.031232833862305,8.059024810791016,83.67183685302734
51.160000000000004,0.0,-7.031232833862305,14.848718643188477,86.3085708618164
51.2,0.0,-7.031232833862305,14.848718643188477,86.92379760742188
51.24,0.0,-7.031232833862305,22.255512237548828,86.7480239868164
51.28,0.0,-7.031232833862305,24.66097068786621,86.66012573242188
51.300000000000004,0.0,-7.031232833862305,24.743541717529297,84.55075073242188
51.34,0.0,-7.031232833862305,23.901592254638672,80.41989135742188
51.38,0.0,-7.031232833862305,20.548643112182617,74.79488372802734
51.4,0.0,-7.031232833862305,20.548643112182617,66.88473510742188
51.44,0.0,-7.031232833862305,12.02685546875,58.007781982421875
51.480000000000004,0.0,-7.031232833862305,4.796952247619629,49.92184066772461
51.5,0.0,-7.031232833862305,-2.890303134918213,41.74803924560547
51.54,0.0,-7.031232833862305,-2.890303134918213,36.562477111816406
51.58,0.0,-7.031232833862305,-13.691362380981445,34.628875732421875
51.6,0.0,-7.031232833862305,-19.40886116027832,34.628875732421875
51.64,0.0,-7.031232833862305,-19.40886116027832,34.80466079711914
51.68,0.0,-7.031232833862305,-24.40984535217285,34.98044204711914
51.7,0.0,-7.031232833862305,-24.894399642944336,37.17771530151367
51.74,0.0,-7.031232833862305,-24.894399642944336,41.30858612060547
51.78,0.0,-7.031232833862305,-21.225072860717773,46.318336486816406
51.82,0.0,-7.031232833862305,-16.183326721191406,52.998016357421875
51.84,0.0,-7.031232833862305,-16.183326721191406,60.82027816772461
51.88,0.0,-7.031232833862305,-5.913187503814697,66.97262573242188
51.92,0.0,-7.031232833862305,1.7879962921142578,74.26753997802734
51.94,0.0,-7.031232833862305,1.7879962921142578,80.59567260742188
51.980000000000004,0.0,-7.031232833862305,12.797714233398438,85.60543823242188
52.02,0.0,-7.031232833862305,18.75116539001465,88.76949310302734
52.04,0.0,-7.031232833862305,18.75116539001465,89.56050872802734
52.08,0.0,-7.031232833862305,24.183330535888672,89.38473510742188
52.120000000000005,0.0,-7.031232833862305,24.962501525878906,89.29684448242188
52.14,0.0,-7.031232833862305,24.962501525878906,88.50582885742188
52.18,0.0,-7.031232833862305,21.674692153930664,85.78121948242188
52.22,0.0,-7.031232833862305,16.814424514770508,81.65036010742188
52.26,0.0,-7.031232833862305,10.333141326904297,74.44332885742188
52.28,0.0,-7.031232833862305,10.333141326904297,65.30269622802734
52.32,0.0,-7.031232833862305,-4.905187606811523,56.95309066772461
52.36,0.0,-7.031232833862305,-8.654019355773926,52.20699691772461
52.4,0.0,-7.031232833862305,-15.43742847442627,49.30660629272461
52.42,0.0,-7.031232833862305,-20.731470108032227,48.515594482421875
52.46,0.0,-7.031232833862305,-22.652210235595703,48.69137191772461
52.480000000000004,0.0,-7.031232833862305,-24.806764602661133,49.042938232421875
52.52,0.0,-7.031232833862305,-24.806764602661133,52.38277816772461
52.56,0.0,-7.031232833862305,-23.531036376953125,57.040985107421875
52.6,0.0,-7.031232833862305,-19.791088104248047,61.435516357421875
52.620000000000005,0.0,-7.031232833862305,-17.16939926147461,67.41207885742188
52.660000000000004,0.0,-7.031232833862305,-10.739717483520508,74.61911010742188
52.68,0.0,-7.031232833862305,-3.2628605365753174,79.54097747802734
52.72,0.0,-7.031232833862305,0.6434369087219238,84.46286010742188
52.76,0.0,-7.031232833862305,8.31604290008545,88.15426635742188
52.78,0.0,-7.031232833862305,8.31604290008545,89.56050872802734
52.82,0.0,-7.031232833862305,18.097097396850586,89.47262573242188
52.86,0.0,-7.031232833862305,22.536542892456055,89.29684448242188
52.88,0.0,-7.031232833862305,22.536542892456055,88.76949310302734
52.92,0.0,-7.031232833862305,24.595178604125977,85.69332885742188
52.96,0.0,-7.031232833862305,23.591623306274414,80.94723510742188
53.0,0.0,-7.031232833862305,19.879716873168945,74.97067260742188
53.02,0.0,-7.031232833862305,17.262069702148438,67.93942260742188
53.06,0.0,-7.031232833862305,10.822888374328613,59.150360107421875
53.08,0.0,-7.031232833862305,3.3189358711242676,50.624969482421875
53.120000000000005,0.0,-7.031232833862305,-0.6046897768974304,44.47262954711914
53.160000000000004,0.0,-7.031232833862305,-8.313079833984375,40.3417854309082
53.18,0.0,-7.031232833862305,-15.207322120666504,38.23240280151367
53.22,0.0,-7.031232833862305,-18.131752014160156,37.96873092651367
53.26,0.0,-7.031232833862305,-22.573591232299805,38.05662155151367
53.28,0.0,-7.031232833862305,-22.573591232299805,38.49607467651367
53.32,0.0,-7.031232833862305,-24.5665283203125,41.92382049560547
53.36,0.0,-7.031232833862305,-23.533159255981445,46.230445861816406
53.4,0.0,-7.031232833862305,-19.751338958740234,52.55855941772461
53.42,0.0,-7.031232833862305,-14.015023231506348,60.292938232421875
53.46,0.0,-7.031232833862305,-10.584327697753906,65.91793823242188
53.5,0.0,-7.031232833862305,-3.0217580795288086,72.68551635742188
53.52,0.0,-7.031232833862305,4.843541145324707,78.92574310302734
53.56,0.0,-7.031232833862305,8.645174026489258,83.05660247802734
53.6,0.0,-7.031232833862305,15.51393985748291,85.8691177368164
53.620000000000005,0.0,-7.031232833862305,20.84493637084961,86.8359146118164
53.660000000000004,0.0,-7.031232833862305,22.760034561157227,86.66012573242188
53.68,0.0,-7.031232833862305,24.849363327026367,86.48434448242188
53.72,0.0,-7.031232833862305,24.849363327026367,85.16598510742188
53.76,0.0,-7.031232833862305,23.348615646362305,81.03512573242188
53.800000000000004,0.0,-7.031232833862305,19.39887237548828,76.11325073242188
53.82,0.0,-7.031232833862305,13.512214660644531,68.37887573242188
53.86,0.0,-7.031232833862305,10.019302368164062,60.46871566772461
53.88,0.0,-7.031232833862305,2.3698368072509766,53.261688232421875
53.92,0.0,-7.031232833862305,2.3698368072509766,47.02146530151367
53.96,0.0,-7.031232833862305,-9.307043075561523,43.242156982421875
54.0,0.0,-7.031232833862305,-16.09101676940918,42.451168060302734
54.02,0.0,-7.031232833862305,-16.09101676940918,42.62694549560547
54.06,0.0,-7.031232833862305,-23.07862663269043,42.62694549560547
54.1,0.0,-7.031232833862305,-24.926923751831055,43.76950454711914
54.120000000000005,0.0,-7.031232833862305,-24.926923751831055,47.37302780151367
54.160000000000004,0.0,-7.031232833862305,-23.0168514251709,52.998016357421875
54.2,0.0,-7.031232833862305,-18.803640365600586,58.53512191772461
54.22,0.0,-7.031232833862305,-18.803640365600586,64.68746185302734
54.26,0.0,-7.031232833862305,-9.117413520812988,72.15817260742188
54.300000000000004,0.0,-7.031232833862305,-1.36079740524292,78.13473510742188
54.32,0.0,-7.031232833862305,-1.36079740524292,84.28707122802734
54.36,0.0,-7.031232833862305,10.287071228027344,89.03317260742188
54.4,0.0,-7.031232833862305,16.917747497558594,90.70309448242188
54.42,0.0,-7.031232833862305,16.917747497558594,91.14254760742188
54.46,0.0,-7.031232833862305,23.497678756713867,91.14254760742188
54.480000000000004,0.0,-7.031232833862305,24.98957633972168,90.96676635742188
54.52,0.0,-7.031232833862305,24.98957633972168,89.56050872802734
54.56,0.0,-7.031232833862305,22.503232955932617,86.48434448242188
54.6,0.0,-7.031232833862305,17.93651008605957,81.9140396118164
54.620000000000005,0.0,-7.031232833862305,11.546489715576172,74.88278198242188
54.660000000000004,0.0,-7.031232833862305,7.864346981048584,67.93942260742188
54.7,0.0,-7.031232833862305,-0.006625732872635126,60.732391357421875
54.72,0.0,-7.031232833862305,-7.88030481338501,53.964813232421875
54.76,0.0,-7.031232833862305,-11.565346717834473,50.53708267211914
54.800000000000004,0.0,-7.031232833862305,-17.96122932434082,49.30660629272461
54.82,0.0,-7.031232833862305,-22.5279541015625,49.482391357421875
54.86,0.0,-7.031232833862305,-23.97023582458496,49.65816879272461
54.9,0.0,-7.031232833862305,-24.986413955688477,51.855438232421875
54.92,0.0,-7.031232833862305,-23.448999404907227,56.51364517211914
54.96,0.0,-7.031232833862305,-21.760835647583008,60.82027816772461
55.0,0.0,-7.031232833862305,-16.759872436523438,65.74214935302734
55.02,0.0,-7.031232833862305,-10.039860725402832,73.47653198242188
55.06,0.0,-7.031232833862305,-6.244714260101318,79.01363372802734
55.1,0.0,-7.031232833862305,1.729505181312561,83.84761810302734
55.120000000000005,0.0,-7.031232833862305,9.529570579528809,87.97847747802734
55.160000000000004,0.0,-7.031232833862305,13.110818862915039,89.20894622802734
55.2,0.0,-7.031232833862305,19.1741943359375,89.20894622802734
55.22,0.0,-7.031232833862305,23.267284393310547,88.76949310302734
55.26,0.0,-7.031232833862305,24.433195114135742,88.15426635742188
55.300000000000004,0.0,-7.031232833862305,24.851463317871094,85.25387573242188
55.32,0.0,-7.031232833862305,22.707279205322266,79.89254760742188
55.36,0.0,-7.031232833862305,20.732465744018555,73.82809448242188
55.38,0.0,-7.031232833862305,15.230674743652344,67.3241958618164
55.42,0.0,-7.031232833862305,15.230674743652344,57.56832504272461
55.46,0.0,-7.031232833862305,4.2460527420043945,49.833953857421875
55.5,0.0,-7.031232833862305,-3.7965688705444336,44.121063232421875
55.52,0.0,-7.031232833862305,-11.449402809143066,41.1328010559082
55.56,0.0,-7.031232833862305,-14.87775707244873,40.3417854309082
55.6,0.0,-7.031232833862305,-20.492414474487305,40.3417854309082
55.620000000000005,0.0,-7.031232833862305,-23.982421875,40.6054573059082
55.660000000000004,0.0,-7.031232833862305,-23.982421875,42.62694549560547
55.7,0.0,-7.031232833862305,-24.504621505737305,46.669898986816406
55.74,0.0,-7.031232833862305,-21.653362274169922,52.294891357421875
55.76,0.0,-7.031232833862305,-21.653362274169922,60.02926254272461
55.800000000000004,0.0,-7.031232833862305,-13.304710388183594,65.74214935302734
55.84,0.0,-7.031232833862305,-5.866051197052002,72.68551635742188
55.86,0.0,-7.031232833862305,-5.866051197052002,79.45309448242188
55.9,0.0,-7.031232833862305,6.183073043823242,84.02340698242188
55.94,0.0,-7.031232833862305,13.587594032287598,87.71481323242188
55.96,0.0,-7.031232833862305,19.574424743652344,89.03317260742188
56.0,0.0,-7.031232833862305,19.574424743652344,89.03317260742188
56.04,0.0,-7.031232833862305,24.578702926635742,88.76949310302734
56.08,0.0,-7.031232833862305,24.750690460205078,87.71481323242188
56.1,0.0,-7.031232833862305,22.326744079589844,84.11128997802734
56.14,0.0,-7.031232833862305,20.20963478088379,79.36520385742188
56.18,0.0,-7.031232833862305,14.441519737243652,73.12496948242188
56.2,0.0,-7.031232833862305,7.152964115142822,64.95114135742188
56.24,0.0,-7.031232833862305,3.173339366912842,57.74410629272461
56.26,0.0,-7.031232833862305,-4.932995796203613,52.82223129272461
56.300000000000004,0.0,-7.031232833862305,-4.932995796203613,48.86715316772461
56.34,0.0,-7.031232833862305,-15.86982536315918,47.988250732421875
56.36,0.0,-7.031232833862305,-21.223772048950195,48.25191879272461
56.4,0.0,-7.031232833862305,-21.223772048950195,48.42770004272461
56.44,0.0,-7.031232833862305,-24.943660736083984,50.71285629272461
56.480000000000004,0.0,-7.031232833862305,-24.163185119628906,54.66793441772461
56.52,0.0,-7.031232833862305,-24.163185119628906,60.20504379272461
56.56,0.0,-7.031232833862305,-22.79833984375,67.3241958618164
56.58,0.0,-7.031232833862305,-8.116193771362305,76.46481323242188
56.620000000000005,0.0,-7.031232833862305,-8.116193771362305,84.19918060302734
56.660000000000004,0.0,-7.031232833862305,3.9875876903533936,90.61520385742188
56.7,0.0,-7.031232833862305,11.71231460571289,94.30661010742188
56.72,0.0,-7.031232833862305,11.71231460571289,96.15231323242188
56.76,0.0,-7.031232833862305,15.156220436096191,96.3281021118164
56.800000000000004,0.0,-7.031232833862305,24.133201599121094,96.3281021118164
56.84,0.0,-7.031232833862305,24.94914436340332,96.3281021118164
56.88,0.0,-7.031232833862305,23.105268478393555,95.97653198242188
56.9,0.0,-7.031232833862305,23.105268478393555,93.07614135742188
56.96,0.0,-7.031232833862305,21.23558235168457,86.66012573242188
56.980000000000004,0.0,-7.031232833862305,15.8485689163208,78.83785247802734
57.02,0.0,-7.031232833862305,0.7426798939704895,70.57614135742188
57.06,0.0,-7.031232833862305,-7.3633222579956055,63.457000732421875
57.08,0.0,-7.031232833862305,-14.683887481689453,55.28316879272461
57.120000000000005,0.0,-7.031232833862305,-17.798398971557617,50.88863754272461
57.160000000000004,0.0,-7.031232833862305,-22.516496658325195,48.25191879272461
57.18,0.0,-7.031232833862305,-24.819215774536133,48.07613754272461
57.22,0.0,-7.031232833862305,-24.9754638671875,48.25191879272461
57.26,0.0,-7.031232833862305,-23.274587631225586,49.218719482421875
57.28,0.0,-7.031232833862305,-19.068906784057617,52.734344482421875
57.32,0.0,-7.031232833862305,-16.157861709594727,56.865203857421875
57.34,0.0,-7.031232833862305,-9.110219955444336,60.908172607421875
57.38,0.0,-7.031232833862305,-9.110219955444336,66.35739135742188
57.42,0.0,-7.031232833862305,3.0396950244903564,72.77340698242188
57.46,0.0,-7.031232833862305,10.918966293334961,77.4316177368164
57.480000000000004,0.0,-7.031232833862305,14.466754913330078,80.06832885742188
57.52,0.0,-7.031232833862305,20.297712326049805,81.21090698242188
57.54,0.0,-7.031232833862305,23.935094833374023,81.12301635742188
57.58,0.0,-7.031232833862305,23.935094833374023,80.85934448242188
57.620000000000005,0.0,-7.031232833862305,24.48649024963379,78.92574310302734
57.660000000000004,0.0,-7.031232833862305,21.52138900756836,74.70700073242188
57.68,0.0,-7.031232833862305,16.21970558166504,68.55465698242188
57.72,0.0,-7.031232833862305,12.86323356628418,61.523406982421875
57.76,0.0,-7.031232833862305,5.1940693855285645,53.964813232421875
57.78,0.0,-7.031232833862305,-3.043100357055664,48.60348129272461
57.82,0.0,-7.031232833862305,-3.043100357055664,45.70309829711914
57.86,0.0,-7.031232833862305,-14.51091194152832,45.615211486816406
57.88,0.0,-7.031232833862305,-20.348970413208008,45.878883361816406
57.92,0.0,-7.031232833862305,-22.46779441833496,46.406227111816406
57.96,0.0,-7.031232833862305,-24.813907623291016,49.570281982421875
57.980000000000004,0.0,-7.031232833862305,-24.45110321044922,55.019500732421875
58.02,0.0,-7.031232833862305,-23.25349235534668,60.292938232421875
58.06,0.0,-7.031232833862305,-18.987646102905273,64.95114135742188
58.08,0.0,-7.031232833862305,-12.642016410827637,73.21286010742188
58.120000000000005,0.0,-7.031232833862305,-8.898648262023926,79.10152435302734
58.160000000000004,0.0,-7.031232833862305,-0.7831225395202637,83.84761810302734
58.18,0.0,-7.031232833862305,-0.7831225395202637,88.59371185302734
58.22,0.0,-7.031232833862305,11.27379035949707,89.73629760742188
58.26,0.0,-7.031232833862305,17.94754409790039,89.82418823242188
58.28,0.0,-7.031232833862305,22.651500701904297,89.47262573242188
58.32,0.0,-7.031232833862305,24.09215545654297,89.12105560302734
58.36,0.0,-7.031232833862305,24.95041847229004,87.18746185302734
58.4,0.0,-7.031232833862305,23.061017990112305,82.35348510742188
58.42,0.0,-7.031232833862305,23.061017990112305,74.53121185302734
58.46,0.0,-7.031232833862305,21.13849639892578,65.56637573242188
58.5,0.0,-7.031232833862305,8.339625358581543,55.28316879272461
58.54,0.0,-7.031232833862305,0.15385745465755463,47.28513717651367
58.56,0.0,-7.031232833862305,-8.052281379699707,39.02342224121094
58.6,0.0,-7.031232833862305,-8.052281379699707,33.662078857421875
58.64,0.0,-7.031232833862305,-18.437191009521484,31.640615463256836
58.68,0.0,-7.031232833862305,-22.957759857177734,31.552724838256836
58.7,0.0,-7.031232833862305,-24.285064697265625,31.728506088256836
58.74,0.0,-7.031232833862305,-24.887428283691406,31.90428924560547
58.78,0.0,-7.031232833862305,-22.726871490478516,34.101531982421875
58.800000000000004,0.0,-7.031232833862305,-18.040010452270508,38.40818405151367
58.84,0.0,-7.031232833862305,-14.90148639678955,42.714839935302734
58.88,0.0,-7.031232833862305,-7.469738483428955,48.07613754272461
58.9,0.0,-7.031232833862305,0.7968385815620422,56.07418441772461
58.94,0.0,-7.031232833862305,0.7968385815620422,61.08395004272461
58.980000000000004,0.0,-7.031232833862305,12.748187065124512,63.193328857421875
59.0,0.0,-7.031232833862305,19.12046241760254,64.24801635742188
59.04,0.0,-7.031232833862305,19.12046241760254,64.33590698242188
59.08,0.0,-7.031232833862305,24.51996612548828,64.07223510742188
59.120000000000005,0.0,-7.031232833862305,24.75632667541504,62.49020767211914
59.14,0.0,-7.031232833862305,22.222108840942383,57.831993103027344
59.18,0.0,-7.031232833862305,19.99214744567871,52.470672607421875
59.22,0.0,-7.031232833862305,13.917344093322754,45.966773986816406
59.24,0.0,-7.031232833862305,6.279195785522461,37.089820861816406
59.28,0.0,-7.031232833862305,2.136794328689575,32.08007049560547
59.32,0.0,-7.031232833862305,-6.212985515594482,28.828107833862305
59.34,0.0,-7.031232833862305,-10.184164047241211,27.42185401916504
59.38,0.0,-7.031232833862305,-13.867897987365723,27.42185401916504
59.42,0.0,-7.031232833862305,-22.207080841064453,27.59763526916504
59.46,0.0,-7.031232833862305,-24.755481719970703,28.476543426513672
59.480000000000004,0.0,-7.031232833862305,-24.5145320892334,32.08007049560547
59.54,0.0,-7.031232833862305,-24.5145320892334,38.84763717651367
59.56,0.0,-7.031232833862305,-16.071746826171875,45.878883361816406
59.6,0.0,-7.031232833862305,-12.624502182006836,53.701141357421875
59.64,0.0,-7.031232833862305,-4.758084774017334,60.292938232421875
59.660000000000004,0.0,-7.031232833862305,3.649864912033081,65.83004760742188
59.7,0.0,-7.031232833862305,7.759116172790527,70.22457885742188
59.74,0.0,-7.031232833862305,15.205181121826172,73.82809448242188
59.78,0.0,-7.031232833862305,20.930313110351562,74.97067260742188
59.800000000000004,0.0,-7.031232833862305,20.930313110351562,74.70700073242188
59.84,0.0,-7.031232833862305,24.93734359741211,74.70700073242188
59.88,0.0,-7.031232833862305,24.108169555664062,72.50972747802734
59.9,0.0,-7.031232833862305,22.6472225189209,68.81832885742188
59.94,0.0,-7.031232833862305,17.8385009765625,62.753875732421875
59.980000000000004,0.0,-7.031232833862305,10.996879577636719,53.964813232421875
