dt,yaw_cmd,yaw_pos,pitch_cmd,pitch_pos
0.3,0.0,-6.5917510986328125,4.688468933105469,-0.43947166204452515
0.3,0.0,-6.5917510986328125,7.73600959777832,-0.6152534484863281
0.3,0.0,-6.5917510986328125,7.73600959777832,-2.109398365020752
0.3,0.0,-6.5917510986328125,12.068802833557129,-5.888679027557373
0.3,0.0,-6.679669380187988,14.730626106262207,-11.074240684509277
0.3,0.0,-6.679669380187988,17.160354614257812,-18.632827758789062
0.3,0.0,-6.767532825469971,18.275638580322266,-25.66407012939453
0.34,0.0,-6.767532825469971,20.284141540527344,-32.25588607788086
0.38,0.0,-6.8554511070251465,21.969362258911133,-39.72658157348633
0.4,0.0,-6.943314552307129,21.969362258911133,-47.90040588378906
0.44,0.0,-7.031232833862305,24.262659072875977,-54.93164825439453
0.48,0.0,-7.031232833862305,24.59664535522461,-60.29299545288086
0.5,0.0,-7.031232833862305,24.965457916259766,-66.18165588378906
0.54,0.0,-7.031232833862305,24.965457916259766,-72.15823364257812
0.58,0.0,-7.119096279144287,24.760101318359375,-77.1679916381836
0.6,0.0,-7.207014083862305,24.11875343322754,-80.94729614257812
0.64,0.0,-7.294877529144287,23.649545669555664,-85.07817077636719
0.68,0.0,-7.382795810699463,22.42281723022461,-88.3301010131836
0.7000000000000001,0.0,-7.470659255981445,22.42281723022461,-91.93363189697266
0.74,0.0,-7.470659255981445,19.90007209777832,-95.88868713378906
0.76,0.0,-7.470659255981445,17.801616668701172,-97.9101791381836
0.8,0.0,-7.470659255981445,17.801616668701172,-98.4375228881836
0.84,0.0,-7.558577537536621,16.639432907104492,-100.63479614257812
0.88,0.0,-7.558577537536621,14.112456321716309,-103.00785064697266
0.92,0.0,-7.470659255981445,8.396409034729004,-103.44730377197266
0.96,0.0,-7.558577537536621,5.300587177276611,-103.44730377197266
0.98,0.0,-7.558577537536621,5.300587177276611,-102.74417877197266
1.02,0.0,-7.470659255981445,0.5018197298049927,-100.72268676757812
1.06,0.0,-7.470659255981445,-2.723365545272827,-97.2949447631836
1.1,0.0,-7.470659255981445,-5.906596660614014,-91.40628814697266
1.12,0.0,-7.470659255981445,-7.465739727020264,-86.39649963378906
1.16,0.0,-7.470659255981445,-10.486217498779297,-82.26565551757812
1.18,0.0,-7.470659255981445,-13.333876609802246,-76.81642150878906
1.22,0.0,-7.470659255981445,-13.333876609802246,-69.5215072631836
1.26,0.0,-7.470659255981445,-17.176137924194336,-64.86329650878906
1.28,0.0,-7.470659255981445,-19.387319564819336,-60.38088607788086
1.32,0.0,-7.470659255981445,-19.387319564819336,-52.646514892578125
1.36,0.0,-7.382795810699463,-20.37296485900879,-47.81251525878906
1.3800000000000001,0.0,-7.294877529144287,-23.4195613861084,-42.890655517578125
1.42,0.0,-7.294877529144287,-23.4195613861084,-34.36526870727539
1.46,0.0,-7.294877529144287,-24.674455642700195,-27.77345085144043
1.5,0.0,-7.294877529144287,-24.988170623779297,-21.884790420532227
1.52,0.0,-7.294877529144287,-24.988170623779297,-13.447293281555176
1.56,0.0,-7.294877529144287,-24.984962463378906,-8.789076805114746
1.6,0.0,-7.294877529144287,-23.90662956237793,-4.570343017578125
1.6400000000000001,0.0,-7.294877529144287,-22.743568420410156,0.17576444149017334
1.6600000000000001,0.0,-7.382795810699463,-21.1871395111084,3.779289960861206
1.7,0.0,-7.294877529144287,-20.2691593170166,5.273407459259033
1.74,0.0,-7.294877529144287,-18.172771453857422,7.29489803314209
1.76,0.0,-7.294877529144287,-17.003173828125,8.701151847839355
1.8,0.0,-7.294877529144287,-14.445901870727539,9.140606880187988
1.84,0.0,-7.294877529144287,-11.634665489196777,9.228497505187988
1.86,0.0,-7.294877529144287,-11.634665489196777,9.052715301513672
1.9000000000000001,0.0,-7.294877529144287,-7.048104286193848,9.140606880187988
1.94,0.0,-7.294877529144287,-3.820950746536255,9.052715301513672
1.96,0.0,-7.294877529144287,-0.5233946442604065,8.613261222839355
2.0,0.0,-7.294877529144287,1.1337897777557373,6.064425468444824
2.04,0.0,-7.294877529144287,4.428578853607178,1.4062366485595703
2.06,0.0,-7.294877529144287,7.648870944976807,-4.306670665740967
2.1,0.0,-7.294877529144287,9.21316909790039,-9.052749633789062
2.14,0.0,-7.294877529144287,12.215245246887207,-13.710967063903809
2.16,0.0,-7.382795810699463,15.004179954528809,-19.951190948486328
2.2,0.0,-7.294877529144287,16.302871704101562,-26.367197036743164
2.24,0.0,-7.294877529144287,18.67933464050293,-31.992212295532227
2.2600000000000002,0.0,-7.294877529144287,20.725730895996094,-38.93556594848633
2.3000000000000003,0.0,-7.294877529144287,21.613170623779297,-45.96680450439453
2.34,0.0,-7.294877529144287,23.095985412597656,-53.261749267578125
2.36,0.0,-7.294877529144287,24.16695213317871,-60.11721420288086
2.4,0.0,-7.294877529144287,24.54128074645996,-65.83009338378906
2.44,0.0,-7.294877529144287,24.95836639404297,-71.10354614257812
2.46,0.0,-7.294877529144287,24.95836639404297,-76.9043197631836
2.5,0.0,-7.294877529144287,24.742115020751953,-81.12307739257812
2.54,0.0,-7.382795810699463,24.038408279418945,-85.42972564697266
2.56,0.0,-7.470659255981445,24.038408279418945,-90.08792114257812
2.6,0.0,-7.558577537536621,22.17179298400879,-94.30668640136719
2.64,0.0,-7.6464409828186035,20.417613983154297,-97.2949447631836
2.68,0.0,-7.6464409828186035,18.290267944335938,-99.1406478881836
2.7,0.0,-7.6464409828186035,18.290267944335938,-100.19534301757812
2.74,0.0,-7.6464409828186035,14.483559608459473,-102.30472564697266
2.7800000000000002,0.0,-7.6464409828186035,11.601435661315918,-103.71098327636719
2.82,0.0,-7.6464409828186035,11.601435661315918,-103.79887390136719
2.86,0.0,-7.6464409828186035,10.076112747192383,-103.71098327636719
2.88,0.0,-7.6464409828186035,6.891493320465088,-103.62308502197266
2.92,0.0,-7.6464409828186035,0.19295619428157806,-103.27153015136719
2.96,0.0,-7.6464409828186035,-3.1980676651000977,-101.77738189697266
3.0,0.0,-7.558577537536621,-3.1980676651000977,-98.7890853881836
3.02,0.0,-7.6464409828186035,-8.160888671875,-93.86723327636719
3.06,0.0,-7.558577537536621,-11.297159194946289,-87.0996322631836
3.08,0.0,-7.558577537536621,-14.22665786743164,-80.85940551757812
3.12,0.0,-7.558577537536621,-15.596439361572266,-74.88282775878906
3.16,0.0,-7.558577537536621,-18.11362075805664,-67.0605697631836
3.2,0.0,-7.382795810699463,-20.294897079467773,-60.29299545288086
3.24,0.0,-7.382795810699463,-22.09836769104004,-51.943389892578125
3.2600000000000002,0.0,-7.382795810699463,-22.09836769104004,-45.8789176940918
3.3000000000000003,0.0,-7.382795810699463,-24.020618438720703,-40.429710388183594
3.3200000000000003,0.0,-7.382795810699463,-24.74308204650879,-33.486358642578125
3.36,0.0,-7.382795810699463,-24.74308204650879,-26.103525161743164
3.4,0.0,-7.382795810699463,-24.950721740722656,-19.951190948486328
3.44,0.0,-7.382795810699463,-24.499176025390625,-14.414093971252441
3.46,0.0,-7.382795810699463,-23.582632064819336,-10.019549369812012
3.5,0.0,-7.382795810699463,-22.95463752746582,-6.3281331062316895
3.54,0.0,-7.382795810699463,-21.373268127441406,-3.164088726043701
3.58,0.0,-7.382795810699463,-19.38292121887207,-0.17579905688762665
3.6,0.0,-7.382795810699463,-18.24557113647461,1.3183457851409912
3.64,0.0,-7.382795810699463,-15.712987899780273,2.5488181114196777
3.68,0.0,-7.382795810699463,-12.876794815063477,2.5488181114196777
3.7,0.0,-7.382795810699463,-12.876794815063477,2.5488181114196777
3.74,0.0,-7.382795810699463,-8.171730041503906,3.1640541553497314
3.7800000000000002,0.0,-7.382795810699463,-4.821495056152344,3.515617609024048
3.8000000000000003,0.0,-7.382795810699463,-1.3748135566711426,3.4277267456054688
3.84,0.0,-7.382795810699463,0.3640096187591553,2.1093637943267822
3.86,0.0,-7.382795810699463,3.830604076385498,-1.1425986289978027
3.9,0.0,-7.382795810699463,5.541541576385498,-5.888679027557373
3.94,0.0,-7.382795810699463,8.877035140991211,-11.865257263183594
3.98,0.0,-7.382795810699463,12.043222427368164,-17.49024772644043
4.0,0.0,-7.382795810699463,12.043222427368164,-25.224641799926758
4.04,0.0,-7.382795810699463,13.54322338104248,-31.289085388183594
4.08,0.0,-7.382795810699463,13.54322338104248,-36.3867301940918
4.12,0.0,-7.382795810699463,20.93402099609375,-40.078147888183594
4.16,0.0,-7.382795810699463,22.639062881469727,-44.91211700439453
4.18,0.0,-7.382795810699463,23.900463104248047,-54.49222183227539
4.22,0.0,-7.382795810699463,24.356252670288086,-62.49026870727539
4.26,0.0,-7.382795810699463,24.905874252319336,-70.48831176757812
4.28,0.0,-7.382795810699463,24.96360969543457,-77.7832260131836
4.32,0.0,-7.382795810699463,24.806812286376953,-83.23246002197266
4.36,0.0,-7.382795810699463,24.124841690063477,-87.0996322631836
4.4,0.0,-7.382795810699463,22.9627742767334,-91.58206176757812
4.42,0.0,-7.470659255981445,22.9627742767334,-95.36136627197266
4.46,0.0,-7.6464409828186035,20.369487762451172,-98.4375228881836
4.48,0.0,-7.6464409828186035,18.1221923828125,-100.28323364257812
4.5200000000000005,0.0,-7.6464409828186035,18.1221923828125,-101.42581939697266
4.5600000000000005,0.0,-7.6464409828186035,14.082782745361328,-103.44730377197266
4.6000000000000005,0.0,-7.6464409828186035,11.021450996398926,-103.62308502197266
4.64,0.0,-7.6464409828186035,11.021450996398926,-103.44730377197266
4.66,0.0,-7.6464409828186035,4.290152072906494,-103.27153015136719
4.7,0.0,-7.6464409828186035,2.5293400287628174,-103.00785064697266
4.74,0.0,-7.6464409828186035,-1.024344801902771,-101.25003814697266
4.76,0.0,-7.6464409828186035,-4.56081485748291,-97.4707260131836
4.8,0.0,-7.6464409828186035,-4.56081485748291,-91.58206176757812
4.84,0.0,-7.6464409828186035,-9.676461219787598,-86.48439025878906
4.86,0.0,-7.6464409828186035,-12.85919189453125,-82.70511627197266
4.9,0.0,-7.6464409828186035,-12.85919189453125,-77.08009338378906
4.94,0.0,-7.6464409828186035,-17.128276824951172,-71.10354614257812
4.98,0.0,-7.558577537536621,-19.55159568786621,-64.59961700439453
5.0200000000000005,0.0,-7.470659255981445,-19.55159568786621,-55.8105583190918
5.04,0.0,-7.382795810699463,-20.616737365722656,-48.33985900878906
5.08,0.0,-7.382795810699463,-22.425918579101562,-44.38479995727539
5.12,0.0,-7.382795810699463,-24.637292861938477,-37.17774963378906
5.14,0.0,-7.382795810699463,-24.99107551574707,-29.267597198486328
5.18,0.0,-7.382795810699463,-24.97441291809082,-22.939481735229492
5.22,0.0,-7.382795810699463,-24.55345916748047,-16.347665786743164
5.26,0.0,-7.382795810699463,-23.62278175354004,-10.195331573486328
5.28,0.0,-7.382795810699463,-22.200220108032227,-6.503914833068848
5.32,0.0,-7.382795810699463,-21.312896728515625,-3.867216110229492
5.36,0.0,-7.382795810699463,-19.208433151245117,-1.4941622018814087
5.38,0.0,-7.382795810699463,-16.700714111328125,-1.7302845662925392e-05
5.42,0.0,-7.382795810699463,-16.700714111328125,0.6152188181877136
5.46,0.0,-7.382795810699463,-12.297371864318848,2.1972546577453613
5.48,0.0,-7.382795810699463,-9.022334098815918,2.2851455211639404
5.5200000000000005,0.0,-7.382795810699463,-9.022334098815918,2.1093637943267822
5.5600000000000005,0.0,-7.382795810699463,-3.770552635192871,1.4062366485595703
5.58,0.0,-7.382795810699463,-0.15011253952980042,-0.35158079862594604
5.62,0.0,-7.382795810699463,-0.15011253952980042,-4.570343017578125
5.66,0.0,-7.382795810699463,5.269077777862549,-8.43751335144043
5.68,0.0,-7.382795810699463,8.762548446655273,-11.689476013183594
5.72,0.0,-7.382795810699463,10.44530963897705,-16.435556411743164
5.76,0.0,-7.382795810699463,13.637829780578613,-22.23635482788086
5.8,0.0,-7.382795810699463,16.542970657348633,-31.552759170532227
5.82,0.0,-7.382795810699463,16.542970657348633,-38.75978088378906
5.86,0.0,-7.382795810699463,20.226303100585938,-44.38479995727539
5.9,0.0,-7.382795810699463,22.15411376953125,-51.41604232788086
5.92,0.0,-7.382795810699463,22.15411376953125,-59.589866638183594
5.96,0.0,-7.382795810699463,24.147933959960938,-66.09376525878906
5.98,0.0,-7.382795810699463,24.834835052490234,-71.98246002197266
6.0200000000000005,0.0,-7.382795810699463,24.834835052490234,-78.2226791381836
6.0600000000000005,0.0,-7.382795810699463,24.861040115356445,-82.70511627197266
6.08,0.0,-7.382795810699463,24.206266403198242,-87.9785385131836
6.12,0.0,-7.382795810699463,23.680850982666016,-91.49417877197266
6.16,0.0,-7.382795810699463,22.247251510620117,-95.71294403076172
6.2,0.0,-7.470659255981445,20.329158782958984,-98.87698364257812
6.22,0.0,-7.6464409828186035,19.20063591003418,-100.19534301757812
6.26,0.0,-7.6464409828186035,16.634565353393555,-102.39262390136719
6.28,0.0,-7.6464409828186035,16.634565353393555,-103.71098327636719
6.32,0.0,-7.6464409828186035,12.119686126708984,-104.58988952636719
6.36,0.0,-7.6464409828186035,8.76046371459961,-105.29301452636719
6.4,0.0,-7.6464409828186035,5.2059550285339355,-105.20513153076172
6.42,0.0,-7.6464409828186035,5.2059550285339355,-104.32621002197266
6.46,0.0,-7.6464409828186035,-0.3215094208717346,-101.95315551757812
6.5,0.0,-7.6464409828186035,-4.019021987915039,-98.3496322631836
6.5200000000000005,0.0,-7.6464409828186035,-4.019021987915039,-92.10940551757812
6.5600000000000005,0.0,-7.6464409828186035,-9.380400657653809,-87.0117416381836
6.6000000000000005,0.0,-7.6464409828186035,-12.715620040893555,-83.23246002197266
6.62,0.0,-7.6464409828186035,-12.715620040893555,-78.1347885131836
6.66,0.0,-7.6464409828186035,-17.173852920532227,-72.07034301757812
6.7,0.0,-7.6464409828186035,-19.685348510742188,-65.39064025878906
6.72,0.0,-7.382795810699463,-19.685348510742188,-57.832054138183594
6.76,0.0,-7.382795810699463,-22.61924934387207,-50.36135482788086
6.8,0.0,-7.382795810699463,-23.954038619995117,-44.91211700439453
6.82,0.0,-7.382795810699463,-24.42227554321289,-38.58400344848633
6.86,0.0,-7.382795810699463,-24.94636344909668,-31.289085388183594
6.9,0.0,-7.382795810699463,-24.94636344909668,-23.378934860229492
6.92,0.0,-7.382795810699463,-24.998876571655273,-15.820320129394531
6.96,0.0,-7.382795810699463,-23.809757232666016,-11.074240684509277
7.0,0.0,-7.382795810699463,-22.399141311645508,-7.998059272766113
7.0200000000000005,0.0,-7.382795810699463,-20.480886459350586,-4.570343017578125
7.0600000000000005,0.0,-7.382795810699463,-20.480886459350586,-2.5488526821136475
7.1000000000000005,0.0,-7.382795810699463,-16.746557235717773,0.08787357062101364
7.12,0.0,-7.382795810699463,-13.766257286071777,1.9335819482803345
7.16,0.0,-7.382795810699463,-13.766257286071777,2.021472692489624
7.2,0.0,-7.382795810699463,-8.726213455200195,2.021472692489624
7.22,0.0,-7.382795810699463,-5.096990585327148,1.8456910848617554
7.26,0.0,-7.382795810699463,-3.2321159839630127,0.5273279547691345
7.3,0.0,-7.382795810699463,0.5450215935707092,-3.5156521797180176
7.32,0.0,-7.382795810699463,4.31318998336792,-8.613295555114746
7.36,0.0,-7.382795810699463,6.166806221008301,-13.271512031555176
7.4,0.0,-7.382795810699463,9.759657859802246,-18.193374633789062
7.42,0.0,-7.382795810699463,13.131059646606445,-24.96097183227539
7.46,0.0,-7.382795810699463,14.70897102355957,-31.376977920532227
7.5,0.0,-7.382795810699463,17.603126525878906,-37.44142150878906
7.5200000000000005,0.0,-7.382795810699463,17.603126525878906,-45.8789176940918
7.5600000000000005,0.0,-7.382795810699463,18.902360916137695,-54.05276870727539
7.6000000000000005,0.0,-7.382795810699463,22.942180633544922,-59.150413513183594
7.62,0.0,-7.382795810699463,24.18579864501953,-65.03907775878906
7.66,0.0,-7.382795810699463,24.18579864501953,-72.42191314697266
7.7,0.0,-7.382795810699463,24.991117477416992,-77.9590072631836
7.74,0.0,-7.382795810699463,24.800678253173828,-83.67191314697266
7.76,0.0,-7.382795810699463,24.029699325561523,-89.03323364257812
7.8,0.0,-7.382795810699463,23.431123733520508,-93.42777252197266
7.82,0.0,-7.382795810699463,21.824386596679688,-96.5918197631836
7.86,0.0,-7.382795810699463,21.824386596679688,-99.84378051757812
7.9,0.0,-7.382795810699463,18.464176177978516,-103.00785064697266
7.92,0.0,-7.382795810699463,15.665582656860352,-105.11723327636719
7.96,0.0,-7.470659255981445,15.665582656860352,-105.38090515136719
8.0,0.0,-7.558577537536621,10.791929244995117,-105.55668640136719
8.040000000000001,0.0,-7.558577537536621,7.203060626983643,-105.55668640136719
8.06,0.0,-7.558577537536621,3.4399845600128174,-105.38090515136719
8.1,0.0,-7.558577537536621,1.5208053588867188,-104.41410064697266
8.14,0.0,-7.558577537536621,-2.335890531539917,-101.86527252197266
8.16,0.0,-7.558577537536621,-6.140433311462402,-97.4707260131836
8.2,0.0,-7.558577537536621,-7.994614124298096,-91.49417877197266
8.24,0.0,-7.558577537536621,-11.551135063171387,-85.69340515136719
8.26,0.0,-7.558577537536621,-14.834281921386719,-79.54104614257812
8.3,0.0,-7.558577537536621,-16.34819221496582,-72.68558502197266
8.34,0.0,-7.558577537536621,-19.074628829956055,-65.39064025878906
8.36,0.0,-7.382795810699463,-21.34465980529785,-58.447288513183594
8.4,0.0,-7.294877529144287,-22.29057502746582,-50.53713607788086
8.44,0.0,-7.294877529144287,-23.77479362487793,-45.26367950439453
8.46,0.0,-7.294877529144287,-23.77479362487793,-37.88087463378906
8.5,0.0,-7.294877529144287,-24.918363571166992,-30.58595848083496
8.540000000000001,0.0,-7.294877529144287,-24.929662704467773,-24.345735549926758
8.56,0.0,-7.294877529144287,-24.929662704467773,-16.611337661743164
8.6,0.0,-7.294877529144287,-24.7078914642334,-11.425804138183594
8.64,0.0,-7.294877529144287,-23.81521224975586,-6.767587661743164
8.68,0.0,-7.382795810699463,-20.32244873046875,-3.076197862625122
8.700000000000001,0.0,-7.294877529144287,-17.804576873779297,0.8788914680480957
8.74,0.0,-7.294877529144287,-17.804576873779297,2.3730363845825195
8.78,0.0,-7.294877529144287,-13.228241920471191,2.3730363845825195
8.82,0.0,-7.382795810699463,-9.751821517944336,2.1972546577453613
8.84,0.0,-7.294877529144287,-6.032480716705322,1.9335819482803345
8.88,0.0,-7.294877529144287,-4.109953880310059,-0.6152534484863281
8.92,0.0,-7.294877529144287,-0.19819375872612,-4.218779563903809
8.94,0.0,-7.294877529144287,3.7219772338867188,-9.140640258789062
8.98,0.0,-7.294877529144287,5.6548662185668945,-13.447293281555176
9.02,0.0,-7.294877529144287,9.406248092651367,-18.369155883789062
9.040000000000001,0.0,-7.294877529144287,12.927602767944336,-25.40039825439453
9.08,0.0,-7.382795810699463,14.574199676513672,-31.72854232788086
9.120000000000001,0.0,-7.294877529144287,17.587480545043945,-37.96876525878906
9.14,0.0,-7.294877529144287,18.93511199951172,-46.6699333190918
9.18,0.0,-7.294877529144287,21.26959228515625,-53.61331558227539
9.22,0.0,-7.294877529144287,23.074596405029297,-60.46877670288086
9.24,0.0,-7.294877529144287,23.763431549072266,-66.7968978881836
9.28,0.0,-7.294877529144287,24.69121551513672,-72.68558502197266
9.3,0.0,-7.294877529144287,24.99997901916504,-79.0136947631836
9.34,0.0,-7.294877529144287,24.918663024902344,-84.11136627197266
9.38,0.0,-7.382795810699463,24.28614616394043,-88.68167114257812
9.4,0.0,-7.294877529144287,23.738515853881836,-92.90042877197266
9.44,0.0,-7.294877529144287,22.19676399230957,-96.32814025878906
9.46,0.0,-7.294877529144287,20.092411041259766,-99.49221801757812
9.5,0.0,-7.294877529144287,18.844913482666016,-101.07424926757812
9.540000000000001,0.0,-7.294877529144287,15.997968673706055,-102.74417877197266
9.56,0.0,-7.294877529144287,12.742194175720215,-103.35941314697266
9.6,0.0,-7.294877529144287,10.986177444458008,-103.35941314697266
9.64,0.0,-7.294877529144287,7.273248195648193,-103.09574127197266
9.66,0.0,-7.294877529144287,7.273248195648193,-100.72268676757812
9.700000000000001,0.0,-7.294877529144287,5.3398661613464355,-99.49221801757812
9.74,0.0,-7.294877529144287,1.3806709051132202,-98.52542114257812
9.76,0.0,-7.294877529144287,-6.551800727844238,-97.20706176757812
9.8,0.0,-7.382795810699463,-8.463470458984375,-94.65824890136719
9.84,0.0,-7.294877529144287,-12.114005088806152,-90.08792114257812
9.86,0.0,-7.294877529144287,-15.455961227416992,-83.93559265136719
9.9,0.0,-7.294877529144287,-16.98367691040039,-79.10159301757812
9.94,0.0,-7.294877529144287,-19.7026424407959,-72.15823364257812
9.96,0.0,-7.294877529144287,-21.914640426635742,-63.193397521972656
10.0,0.0,-7.382795810699463,-21.914640426635742,-52.470733642578125
10.040000000000001,0.0,-7.294877529144287,-24.1577205657959,-45.08789825439453
10.08,0.0,-7.382795810699463,-24.877676010131836,-38.58400344848633
10.1,0.0,-7.294877529144287,-24.951141357421875,-29.707050323486328
10.14,0.0,-7.382795810699463,-24.743642807006836,-22.939481735229492
10.18,0.0,-7.294877529144287,-23.84588623046875,-15.644537925720215
10.200000000000001,0.0,-7.294877529144287,-22.324329376220703,-9.667985916137695
10.24,0.0,-7.294877529144287,-21.3409366607666,-6.855478286743164
10.28,0.0,-7.294877529144287,-18.960174560546875,-5.0976881980896
10.32,0.0,-7.294877529144287,-16.079790115356445,-4.658234119415283
10.34,0.0,-7.294877529144287,-14.475019454956055,-4.658234119415283
10.38,0.0,-7.294877529144287,-10.988411903381348,-4.658234119415283
10.4,0.0,-7.294877529144287,-10.988411903381348,-4.921906471252441
10.44,0.0,-7.294877529144287,-5.240478515625,-4.921906471252441
10.48,0.0,-7.294877529144287,-1.2097581624984741,-5.185579299926758
10.5,0.0,-7.294877529144287,2.8564836978912354,-8.34962272644043
10.540000000000001,0.0,-7.294877529144287,4.869231224060059,-13.447293281555176
10.58,0.0,-7.294877529144287,8.787071228027344,-19.335954666137695
10.620000000000001,0.0,-7.294877529144287,12.4746732711792,-27.68556022644043
10.66,0.0,-7.294877529144287,15.833210945129395,-36.2109489440918
10.700000000000001,0.0,-7.294877529144287,18.772212982177734,-44.47269058227539
10.72,0.0,-7.294877529144287,18.772212982177734,-53.96487808227539
10.76,0.0,-7.382795810699463,20.059011459350586,-60.29299545288086
10.8,0.0,-7.294877529144287,23.794057846069336,-65.91798400878906
10.84,0.0,-7.382795810699463,24.72740364074707,-72.33401489257812
10.86,0.0,-7.294877529144287,24.996641159057617,-80.24417114257812
10.9,0.0,-7.294877529144287,24.878707885742188,-86.48439025878906
10.94,0.0,-7.294877529144287,24.14061737060547,-90.79104614257812
10.96,0.0,-7.294877529144287,22.74994659423828,-95.71294403076172
11.0,0.0,-7.294877529144287,21.820449829101562,-98.7011947631836
11.02,0.0,-7.294877529144287,19.52360725402832,-100.98636627197266
11.06,0.0,-7.294877529144287,19.52360725402832,-103.00785064697266
11.1,0.0,-7.294877529144287,15.104830741882324,-105.11723327636719
11.14,0.0,-7.382795810699463,11.624812126159668,-106.1718978881836
11.16,0.0,-7.294877529144287,11.624812126159668,-106.1718978881836
11.200000000000001,0.0,-7.382795810699463,9.75869369506836,-105.6445541381836
11.24,0.0,-7.294877529144287,1.7532005310058594,-105.20513153076172
11.26,0.0,-7.294877529144287,-2.3823766708374023,-104.85355377197266
11.3,0.0,-7.294877529144287,-2.3823766708374023,-102.74417877197266
11.34,0.0,-7.294877529144287,-8.434804916381836,-99.31643676757812
11.36,0.0,-7.294877529144287,-12.207201957702637,-94.21879577636719
11.4,0.0,-7.294877529144287,-12.207201957702637,-86.13285827636719
11.44,0.0,-7.294877529144287,-17.21155548095703,-79.89260864257812
11.48,0.0,-7.382795810699463,-19.97611427307129,-72.68558502197266
11.5,0.0,-7.294877529144287,-22.190881729125977,-63.457069396972656
11.540000000000001,0.0,-7.382795810699463,-22.190881729125977,-53.085968017578125
11.58,0.0,-7.294877529144287,-24.34947967529297,-46.3183708190918
11.6,0.0,-7.294877529144287,-24.952293395996094,-40.605491638183594
11.64,0.0,-7.294877529144287,-24.994123458862305,-32.16799545288086
11.68,0.0,-7.382795810699463,-24.556060791015625,-25.312536239624023
11.700000000000001,0.0,-7.294877529144287,-23.433095932006836,-18.369155883789062
11.74,0.0,-7.294877529144287,-23.433095932006836,-12.304712295532227
11.78,0.0,-7.294877529144287,-20.534313201904297,-9.228531837463379
11.82,0.0,-7.294877529144287,-17.868711471557617,-7.822277545928955
11.84,0.0,-7.382795810699463,-17.868711471557617,-7.470714092254639
11.88,0.0,-7.294877529144287,-16.341989517211914,-6.679696559906006
11.92,0.0,-7.294877529144287,-9.197951316833496,-4.834015846252441
11.96,0.0,-7.294877529144287,-5.180235385894775,-3.867216110229492
11.98,0.0,-7.294877529144287,-1.013014554977417,-4.04299783706665
12.02,0.0,-7.294877529144287,1.0900719165802002,-4.394561290740967
12.06,0.0,-7.294877529144287,5.260885238647461,-7.031260013580322
12.08,0.0,-7.294877529144287,5.260885238647461,-12.656275749206543
12.120000000000001,0.0,-7.294877529144287,11.208175659179688,-18.10548210144043
12.16,0.0,-7.382795810699463,14.802306175231934,-25.13675308227539
12.18,0.0,-7.294877529144287,17.978343963623047,-35.94727325439453
12.22,0.0,-7.294877529144287,17.978343963623047,-46.58204650878906
12.26,0.0,-7.294877529144287,19.38043975830078,-57.0410270690918
12.3,0.0,-7.294877529144287,21.76198387145996,-64.16019439697266
12.32,0.0,-7.382795810699463,24.61396598815918,-70.75198364257812
12.36,0.0,-7.294877529144287,24.896085739135742,-76.46485900878906
12.4,0.0,-7.294877529144287,24.923194885253906,-82.00199127197266
12.44,0.0,-7.294877529144287,24.234127044677734,-88.15432739257812
12.46,0.0,-7.294877529144287,24.234127044677734,-93.42777252197266
12.5,0.0,-7.294877529144287,23.625865936279297,-98.3496322631836
12.540000000000001,0.0,-7.294877529144287,19.546077728271484,-101.86527252197266
12.58,0.0,-7.294877529144287,16.62251853942871,-103.97464752197266
12.6,0.0,-7.294877529144287,13.215261459350586,-104.32621002197266
12.64,0.0,-7.294877529144287,11.360261917114258,-104.32621002197266
12.66,0.0,-7.294877529144287,7.414235591888428,-103.09574127197266
12.700000000000001,0.0,-7.294877529144287,7.414235591888428,-100.28323364257812
12.74,0.0,-7.294877529144287,1.1224616765975952,-98.61331176757812
12.780000000000001,0.0,-7.382795810699463,-3.143022060394287,-95.97657775878906
12.8,0.0,-7.294877529144287,-7.320263862609863,-90.96683502197266
12.84,0.0,-7.382795810699463,-9.337368965148926,-85.60551452636719
12.88,0.0,-7.294877529144287,-13.154406547546387,-80.41995239257812
12.9,0.0,-7.294877529144287,-16.588945388793945,-72.94925689697266
12.94,0.0,-7.294877529144287,-18.13045310974121,-65.30274963378906
12.98,0.0,-7.294877529144287,-20.804553985595703,-58.710960388183594
13.0,0.0,-7.294877529144287,-22.8684024810791,-49.21876907348633
13.040000000000001,0.0,-7.294877529144287,-23.651243209838867,-43.593780517578125
13.08,0.0,-7.294877529144287,-24.688831329345703,-36.6504020690918
13.1,0.0,-7.382795810699463,-24.688831329345703,-28.212907791137695
13.14,0.0,-7.382795810699463,-24.935462951660156,-20.56642723083496
13.18,0.0,-7.382795810699463,-24.07568359375,-13.359403610229492
13.22,0.0,-7.294877529144287,-22.561941146850586,-9.228531837463379
13.24,0.0,-7.294877529144287,-21.54954719543457,-6.679696559906006
13.280000000000001,0.0,-7.294877529144287,-19.05034828186035,-4.658234119415283
13.3,0.0,-7.294877529144287,-15.98132038116455,-3.691434383392334
13.34,0.0,-7.294877529144287,-14.260705947875977,-3.691434383392334
13.36,0.0,-7.294877529144287,-10.51081657409668,-3.779325246810913
13.4,0.0,-7.294877529144287,-10.51081657409668,-4.04299783706665
13.44,0.0,-7.382795810699463,-4.328022003173828,-4.394561290740967
13.48,0.0,-7.294877529144287,-0.013408597558736801,-4.570343017578125
13.5,0.0,-7.294877529144287,4.305115699768066,-7.734386444091797
13.540000000000001,0.0,-7.294877529144287,6.425142288208008,-12.480494499206543
13.58,0.0,-7.294877529144287,10.506682395935059,-18.808609008789062
13.620000000000001,0.0,-7.294877529144287,14.27451229095459,-27.68556022644043
13.64,0.0,-7.382795810699463,14.27451229095459,-36.5625114440918
13.68,0.0,-7.294877529144287,19.09058380126953,-42.62697982788086
13.700000000000001,0.0,-7.294877529144287,21.60077476501465,-49.48244094848633
13.74,0.0,-7.294877529144287,22.614931106567383,-57.65626907348633
13.780000000000001,0.0,-7.294877529144287,24.121850967407227,-64.77539825439453
13.8,0.0,-7.294877529144287,24.896194458007812,-73.12503814697266
13.84,0.0,-7.294877529144287,24.99982261657715,-78.9258041381836
13.88,0.0,-7.382795810699463,24.634889602661133,-84.46292877197266
13.9,0.0,-7.382795810699463,23.517208099365234,-89.12112426757812
13.94,0.0,-7.294877529144287,22.685317993164062,-93.42777252197266
13.98,0.0,-7.382795810699463,20.50619125366211,-95.88868713378906
14.0,0.0,-7.294877529144287,17.69641876220703,-98.17385864257812
14.040000000000001,0.0,-7.294877529144287,16.080833435058594,-99.40432739257812
14.08,0.0,-7.294877529144287,12.489535331726074,-99.58010864257812
14.1,0.0,-7.294877529144287,8.51076602935791,-99.6679916381836
14.14,0.0,-7.294877529144287,6.413752555847168,-99.40432739257812
14.18,0.0,-7.294877529144287,2.0849955081939697,-97.1191635131836
14.200000000000001,0.0,-7.294877529144287,-2.311692714691162,-92.46097564697266
14.24,0.0,-7.294877529144287,-4.493000030517578,-87.0996322631836
14.280000000000001,0.0,-7.294877529144287,-8.736912727355957,-82.70511627197266
14.32,0.0,-7.382795810699463,-12.713004112243652,-76.64064025878906
14.34,0.0,-7.294877529144287,-12.713004112243652,-68.2910385131836
14.38,0.0,-7.294877529144287,-17.906217575073242,-62.49026870727539
14.42,0.0,-7.294877529144287,-20.695646286010742,-56.1621208190918
14.44,0.0,-7.294877529144287,-20.695646286010742,-47.72462463378906
14.48,0.0,-7.294877529144287,-23.650293350219727,-42.18752670288086
14.52,0.0,-7.294877529144287,-24.708227157592773,-34.62894058227539
14.540000000000001,0.0,-7.294877529144287,-24.708227157592773,-25.751962661743164
14.58,0.0,-7.294877529144287,-24.840314865112305,-18.193374633789062
14.620000000000001,0.0,-7.294877529144287,-23.951751708984375,-11.689476013183594
14.64,0.0,-7.294877529144287,-23.951751708984375,-6.591805934906006
14.68,0.0,-7.382795810699463,-23.22197723388672,-2.8125252723693848
14.72,0.0,-7.294877529144287,-18.545194625854492,0.08787357062101364
14.76,0.0,-7.294877529144287,-15.28328800201416,1.6699093580245972
14.780000000000001,0.0,-7.382795810699463,-11.53515338897705,1.5820183753967285
14.82,0.0,-7.294877529144287,-9.514993667602539,1.230454921722412
14.86,0.0,-7.294877529144287,-5.262063026428223,-0.8789260387420654
14.88,0.0,-7.294877529144287,-5.262063026428223,-5.0097975730896
14.92,0.0,-7.294877529144287,1.3933528661727905,-7.646495819091797
14.96,0.0,-7.294877529144287,5.808806419372559,-9.492203712463379
14.98,0.0,-7.294877529144287,5.808806419372559,-14.238311767578125
15.02,0.0,-7.294877529144287,7.957011699676514,-19.687519073486328
15.06,0.0,-7.382795810699463,15.757698059082031,-24.96097183227539
15.08,0.0,-7.294877529144287,15.757698059082031,-33.04690170288086
15.120000000000001,0.0,-7.294877529144287,17.431135177612305,-41.30862045288086
15.16,0.0,-7.294877529144287,22.613445281982422,-49.48244094848633
15.18,0.0,-7.294877529144287,24.15386199951172,-57.65626907348633
15.22,0.0,-7.294877529144287,24.15386199951172,-67.2363510131836
15.26,0.0,-7.382795810699463,24.635089874267578,-76.64064025878906
15.3,0.0,-7.294877529144287,24.999046325683594,-82.44144439697266
15.34,0.0,-7.382795810699463,23.319351196289062,-86.7480697631836
15.38,0.0,-7.382795810699463,21.3262882232666,-90.52738189697266
15.4,0.0,-7.294877529144287,20.06494903564453,-92.98831176757812
15.44,0.0,-7.294877529144287,17.062829971313477,-94.74613952636719
15.46,0.0,-7.294877529144287,13.50366497039795,-94.74613952636719
15.5,0.0,-7.294877529144287,11.550369262695312,-94.74613952636719
15.52,0.0,-7.294877529144287,7.375284194946289,-94.65824890136719
15.56,0.0,-7.382795810699463,7.375284194946289,-93.16410064697266
15.6,0.0,-7.294877529144287,0.6999840140342712,-91.49417877197266
15.64,0.0,-7.382795810699463,-3.813833236694336,-89.03323364257812
15.66,0.0,-7.294877529144287,-6.034361362457275,-85.78129577636719
15.700000000000001,0.0,-7.294877529144287,-10.31143569946289,-81.65042114257812
15.74,0.0,-7.294877529144287,-14.25317668914795,-76.11329650878906
15.76,0.0,-7.294877529144287,-14.25317668914795,-66.88478088378906
15.8,0.0,-7.294877529144287,-16.05699920654297,-59.589866638183594
15.84,0.0,-7.294877529144287,-21.82183074951172,-52.73440170288086
15.860000000000001,0.0,-7.294877529144287,-23.669410705566406,-47.1093864440918
15.9,0.0,-7.294877529144287,-24.30310821533203,-41.835968017578125
15.94,0.0,-7.294877529144287,-24.962953567504883,-34.101593017578125
15.96,0.0,-7.294877529144287,-24.9831485748291,-26.279306411743164
16.0,0.0,-7.294877529144287,-24.402036666870117,-18.369155883789062
16.04,0.0,-7.294877529144287,-23.009607315063477,-10.459003448486328
16.06,0.0,-7.294877529144287,-22.02201271057129,-6.064460754394531
16.1,0.0,-7.294877529144287,-19.504077911376953,-1.845725655555725
16.12,0.0,-7.294877529144287,-16.33356475830078,1.230454921722412
16.16,0.0,-7.294877529144287,-16.33356475830078,2.3730363845825195
16.2,0.0,-7.294877529144287,-10.587862014770508,2.2851455211639404
16.240000000000002,0.0,-7.294877529144287,-6.282668590545654,2.021472692489624
16.26,0.0,-7.382795810699463,-1.7634410858154297,-0.17579905688762665
16.3,0.0,-7.294877529144287,-1.7634410858154297,-5.0097975730896
16.34,0.0,-7.294877529144287,5.084811687469482,-9.931658744812012
16.38,0.0,-7.294877529144287,9.472596168518066,-14.326202392578125
16.4,0.0,-7.294877529144287,13.544301986694336,-21.357444763183594
16.44,0.0,-7.294877529144287,15.417892456054688,-29.091814041137695
16.48,0.0,-7.294877529144287,18.760705947875977,-37.0019645690918
16.5,0.0,-7.294877529144287,18.760705947875977,-47.02149963378906
16.54,0.0,-7.294877529144287,22.55880355834961,-56.07423400878906
16.580000000000002,0.0,-7.382795810699463,24.152679443359375,-62.75394058227539
16.6,0.0,-7.382795810699463,24.152679443359375,-70.57620239257812
16.64,0.0,-7.294877529144287,24.996829986572266,-75.58595275878906
16.68,0.0,-7.294877529144287,24.497777938842773,-81.21096801757812
16.72,0.0,-7.294877529144287,24.497777938842773,-87.0117416381836
16.740000000000002,0.0,-7.294877529144287,23.932636260986328,-91.93363189697266
16.78,0.0,-7.294877529144287,19.69525718688965,-96.1523666381836
16.8,0.0,-7.294877529144287,16.520082473754883,-99.49221801757812
16.84,0.0,-7.294877529144287,14.711575508117676,-100.19534301757812
16.88,0.0,-7.294877529144287,10.729523658752441,-100.10745239257812
16.92,0.0,-7.294877529144287,6.375598907470703,-99.58010864257812
16.94,0.0,-7.294877529144287,1.7988626956939697,-96.85548400878906
16.98,0.0,-7.294877529144287,-0.524075448513031,-92.81253814697266
17.02,0.0,-7.294877529144287,-5.138953685760498,-87.2754135131836
17.04,0.0,-7.294877529144287,-5.138953685760498,-81.56253814697266
17.080000000000002,0.0,-7.294877529144287,-11.686277389526367,-76.9922103881836
17.12,0.0,-7.294877529144287,-15.580060005187988,-71.01565551757812
17.16,0.0,-7.294877529144287,-18.936256408691406,-62.75394058227539
17.18,0.0,-7.294877529144287,-21.637022018432617,-52.646514892578125
17.22,0.0,-7.294877529144287,-22.710803985595703,-45.8789176940918
17.26,0.0,-7.294877529144287,-24.25734519958496,-39.37501907348633
17.3,0.0,-7.382795810699463,-24.958988189697266,-29.003923416137695
17.32,0.0,-7.294877529144287,-24.958988189697266,-20.39064598083496
17.36,0.0,-7.294877529144287,-24.983531951904297,-12.83205795288086
17.38,0.0,-7.294877529144287,-22.918014526367188,-7.470714092254639
17.42,0.0,-7.294877529144287,-21.882169723510742,-3.4277613162994385
17.46,0.0,-7.294877529144287,-19.242834091186523,0.5273279547691345
17.48,0.0,-7.294877529144287,-15.925246238708496,3.3398358821868896
17.52,0.0,-7.294877529144287,-14.04727554321289,3.515617609024048
17.56,0.0,-7.294877529144287,-9.934897422790527,3.3398358821868896
17.580000000000002,0.0,-7.294877529144287,-7.736557483673096,2.2851455211639404
17.62,0.0,-7.294877529144287,-3.1521151065826416,-0.8789260387420654
17.66,0.0,-7.382795810699463,1.547206163406372,-6.503914833068848
17.68,0.0,-7.294877529144287,6.195252418518066,-12.480494499206543
17.72,0.0,-7.294877529144287,6.195252418518066,-18.984390258789062
17.76,0.0,-7.294877529144287,12.712101936340332,-24.169952392578125
17.8,0.0,-7.294877529144287,16.52725601196289,-30.322288513183594
17.82,0.0,-7.294877529144287,19.756925582885742,-38.49611282348633
17.86,0.0,-7.294877529144287,21.11488914489746,-46.9336051940918
17.900000000000002,0.0,-7.294877529144287,23.255510330200195,-55.63477325439453
17.92,0.0,-7.294877529144287,24.5667724609375,-64.86329650878906
17.96,0.0,-7.294877529144287,24.89493751525879,-72.24613189697266
18.0,0.0,-7.294877529144287,24.880414962768555,-77.8711166381836
18.02,0.0,-7.294877529144287,24.880414962768555,-83.49612426757812
18.080000000000002,0.0,-7.294877529144287,24.537351608276367,-89.82424926757812
18.1,0.0,-7.294877529144287,21.01546287536621,-94.13089752197266
18.14,0.0,-7.294877529144287,18.078983306884766,-97.64651489257812
18.16,0.0,-7.294877529144287,14.488511085510254,-98.87698364257812
18.2,0.0,-7.294877529144287,12.487266540527344,-98.87698364257812
18.240000000000002,0.0,-7.294877529144287,8.16244888305664,-98.7011947631836
18.26,0.0,-7.294877529144287,3.539045810699463,-96.41603088378906
18.3,0.0,-7.294877529144287,1.1672496795654297,-92.63675689697266
18.34,0.0,-7.382795810699463,-3.589151382446289,-87.2754135131836
18.36,0.0,-7.294877529144287,-8.218689918518066,-81.91410064697266
18.400000000000002,0.0,-7.294877529144287,-10.432840347290039,-76.9922103881836
18.44,0.0,-7.294877529144287,-14.558704376220703,-70.04885864257812
18.46,0.0,-7.294877529144287,-18.156810760498047,-62.31448745727539
18.5,0.0,-7.294877529144287,-19.715660095214844,-54.05276870727539
18.54,0.0,-7.294877529144287,-22.280807495117188,-47.1093864440918
18.56,0.0,-7.294877529144287,-24.032485961914062,-40.166038513183594
18.6,0.0,-7.294877529144287,-24.581418991088867,-31.464868545532227
18.64,0.0,-7.294877529144287,-24.99907684326172,-24.082061767578125
18.66,0.0,-7.294877529144287,-24.498821258544922,-14.941438674926758
18.7,0.0,-7.294877529144287,-23.908275604248047,-8.789076805114746
18.740000000000002,0.0,-7.294877529144287,-22.072288513183594,-4.570343017578125
18.76,0.0,-7.294877529144287,-19.421236038208008,0.17576444149017334
18.8,0.0,-7.294877529144287,-19.421236038208008,2.9882724285125732
18.84,0.0,-7.294877529144287,-14.134065628051758,3.4277267456054688
18.86,0.0,-7.294877529144287,-9.923457145690918,3.3398358821868896
18.900000000000002,0.0,-7.294877529144287,-9.923457145690918,2.724599838256836
18.94,0.0,-7.294877529144287,-2.9647655487060547,0.35154619812965393
18.98,0.0,-7.294877529144287,1.8527978658676147,-2.3730709552764893
19.0,0.0,-7.294877529144287,6.604959964752197,-8.085949897766113
19.04,0.0,-7.294877529144287,8.900899887084961,-14.501983642578125
19.06,0.0,-7.294877529144287,13.225152969360352,-21.269554138183594
19.1,0.0,-7.294877529144287,13.225152969360352,-31.113306045532227
19.14,0.0,-7.294877529144287,15.21282958984375,-37.26564025878906
19.16,0.0,-7.294877529144287,21.579927444458008,-43.066436767578125
19.2,0.0,-7.294877529144287,21.579927444458008,-52.998077392578125
19.240000000000002,0.0,-7.294877529144287,24.29341697692871,-59.85354232788086
19.26,0.0,-7.294877529144287,24.9755859375,-67.0605697631836
19.3,0.0,-7.294877529144287,24.965007781982422,-73.74027252197266
19.32,0.0,-7.382795810699463,24.239744186401367,-78.9258041381836
19.36,0.0,-7.294877529144287,23.531391143798828,-83.40824127197266
19.400000000000002,0.0,-7.294877529144287,21.455392837524414,-86.8359603881836
19.42,0.0,-7.294877529144287,18.56751823425293,-89.56057739257812
19.46,0.0,-7.294877529144287,16.851600646972656,-90.70315551757812
19.5,0.0,-7.294877529144287,12.956058502197266,-90.96683502197266
19.52,0.0,-7.294877529144287,8.56656551361084,-91.05472564697266
19.56,0.0,-7.294877529144287,6.237740516662598,-90.70315551757812
19.580000000000002,0.0,-7.294877529144287,1.422114610671997,-88.68167114257812
19.62,0.0,-7.294877529144287,-1.018902063369751,-85.78129577636719
19.66,0.0,-7.294877529144287,-5.851208209991455,-81.91410064697266
19.68,0.0,-7.294877529144287,-10.463889122009277,-76.64064025878906
19.72,0.0,-7.294877529144287,-10.463889122009277,-68.3789291381836
19.76,0.0,-7.294877529144287,-16.588552474975586,-62.40237808227539
19.78,0.0,-7.294877529144287,-19.912952423095703,-55.4589958190918
19.82,0.0,-7.294877529144287,-21.296852111816406,-47.63673400878906
19.86,0.0,-7.294877529144287,-23.44065284729004,-41.835968017578125
19.88,0.0,-7.294877529144287,-24.685714721679688,-31.464868545532227
19.92,0.0,-7.294877529144287,-24.954238891601562,-23.466825485229492
19.94,0.0,-7.294877529144287,-24.769067764282227,-15.380892753601074
19.98,0.0,-7.294877529144287,-24.769067764282227,-7.558604717254639
20.02,0.0,-7.294877529144287,-22.712621688842773,-2.4609618186950684
20.06,0.0,-7.294877529144287,-20.230087280273438,3.515617609024048
20.080000000000002,0.0,-7.294877529144287,-16.963180541992188,7.382789134979248
20.12,0.0,-7.294877529144287,-15.073531150817871,9.316388130187988
20.16,0.0,-7.294877529144287,-10.87255573272705,9.404278755187988
20.18,0.0,-7.294877529144287,-6.246464252471924,8.876934051513672
20.22,0.0,-7.294877529144287,-3.829439401626587,7.558570861816406
20.26,0.0,-7.294877529144287,1.0953046083450317,3.779289960861206
20.28,0.0,-7.294877529144287,5.980875015258789,-2.109398365020752
20.32,0.0,-7.294877529144287,8.349129676818848,-8.964859008789062
20.36,0.0,-7.294877529144287,12.820631980895996,-16.435556411743164
20.38,0.0,-7.294877529144287,12.820631980895996,-25.04886245727539
20.42,0.0,-7.382795810699463,18.543949127197266,-33.04690170288086
20.46,0.0,-7.294877529144287,21.483903884887695,-39.46290969848633
20.48,0.0,-7.294877529144287,23.582815170288086,-49.658226013183594
20.52,0.0,-7.294877529144287,24.28915786743164,-57.65626907348633
20.56,0.0,-7.294877529144287,24.97964096069336,-64.95118713378906
20.580000000000002,0.0,-7.294877529144287,24.97964096069336,-72.77346801757812
20.62,0.0,-7.382795810699463,24.956451416015625,-78.2226791381836
20.66,0.0,-7.294877529144287,22.434974670410156,-82.88089752197266
20.68,0.0,-7.294877529144287,19.808916091918945,-86.92384338378906
20.72,0.0,-7.294877529144287,19.808916091918945,-88.68167114257812
20.76,0.0,-7.294877529144287,14.436837196350098,-90.08792114257812
20.8,0.0,-7.294877529144287,10.104865074157715,-90.79104614257812
20.82,0.0,-7.294877529144287,10.104865074157715,-90.79104614257812
20.88,0.0,-7.294877529144287,7.77579402923584,-89.47268676757812
20.900000000000002,0.0,-7.294877529144287,-4.55821418762207,-87.5390853881836
20.94,0.0,-7.294877529144287,-4.55821418762207,-85.42972564697266
20.98,0.0,-7.294877529144287,-11.623374938964844,-81.91410064697266
21.02,0.0,-7.294877529144287,-15.79507827758789,-77.8711166381836
21.06,0.0,-7.382795810699463,-19.33735466003418,-70.22463989257812
21.080000000000002,0.0,-7.294877529144287,-19.33735466003418,-62.05081558227539
21.12,0.0,-7.294877529144287,-20.826528549194336,-52.910186767578125
21.14,0.0,-7.294877529144287,-24.574827194213867,-45.6152458190918
21.18,0.0,-7.294877529144287,-24.91136932373047,-38.14454650878906
21.22,0.0,-7.294877529144287,-24.829669952392578,-29.267597198486328
21.26,0.0,-7.382795810699463,-23.746807098388672,-18.193374633789062
21.28,0.0,-7.294877529144287,-21.70438575744629,-8.964859008789062
21.32,0.0,-7.294877529144287,-20.347068786621094,-3.2519795894622803
21.36,0.0,-7.294877529144287,-17.027732849121094,2.900381565093994
21.400000000000002,0.0,-7.294877529144287,-13.016144752502441,8.613261222839355
21.42,0.0,-7.294877529144287,-13.016144752502441,11.953113555908203
21.46,0.0,-7.294877529144287,-10.800220489501953,12.919914245605469
21.5,0.0,-7.294877529144287,-1.0699254274368286,13.007804870605469
21.52,0.0,-7.382795810699463,-1.0699254274368286,12.568350791931152
21.56,0.0,-7.294877529144287,6.438985347747803,10.546859741210938
21.580000000000002,0.0,-7.294877529144287,11.163113594055176,7.031225204467773
21.62,0.0,-7.294877529144287,11.163113594055176,0.7910005450248718
21.66,0.0,-7.294877529144287,19.077049255371094,-8.26173210144043
21.7,0.0,-7.294877529144287,20.61444091796875,-16.875009536743164
21.740000000000002,0.0,-7.382795810699463,23.041484832763672,-25.48828887939453
21.76,0.0,-7.294877529144287,24.52406883239746,-37.61720275878906
21.8,0.0,-7.294877529144287,24.52406883239746,-50.625022888183594
21.84,0.0,-7.294877529144287,24.850643157958984,-60.820343017578125
21.88,0.0,-7.382795810699463,23.787330627441406,-70.57620239257812
21.900000000000002,0.0,-7.382795810699463,21.741729736328125,-79.71682739257812
21.94,0.0,-7.294877529144287,20.374832153320312,-87.5390853881836
21.98,0.0,-7.294877529144287,17.0223445892334,-92.81253814697266
22.0,0.0,-7.294877529144287,17.0223445892334,-96.7676010131836
22.04,0.0,-7.470659255981445,10.718831062316895,-97.8222885131836
22.080000000000002,0.0,-7.470659255981445,5.918785095214844,-97.8222885131836
22.1,0.0,-7.470659255981445,5.918785095214844,-97.1191635131836
22.14,0.0,-7.470659255981445,-1.6833115816116333,-95.18559265136719
22.18,0.0,-7.470659255981445,-6.712392330169678,-91.84574127197266
22.2,0.0,-7.470659255981445,-6.712392330169678,-86.13285827636719
22.240000000000002,0.0,-7.470659255981445,-13.674858093261719,-80.94729614257812
22.28,0.0,-7.470659255981445,-17.645381927490234,-75.84962463378906
22.3,0.0,-7.470659255981445,-20.880319595336914,-66.53321838378906
22.34,0.0,-7.470659255981445,-20.880319595336914,-57.74415969848633
22.38,0.0,-7.470659255981445,-24.06340980529785,-47.90040588378906
22.42,0.0,-7.382795810699463,-24.940013885498047,-40.341819763183594
22.46,0.0,-7.382795810699463,-24.940013885498047,-28.388687133789062
22.5,0.0,-7.382795810699463,-23.554288864135742,-16.787120819091797
22.52,0.0,-7.382795810699463,-23.554288864135742,-7.734386444091797
22.56,0.0,-7.382795810699463,-19.896156311035156,-1.4062713384628296
22.6,0.0,-7.382795810699463,-16.380247116088867,5.53708028793335
22.62,0.0,-7.382795810699463,-16.380247116088867,11.337878227233887
22.66,0.0,-7.382795810699463,-7.439241886138916,16.874977111816406
22.7,0.0,-7.382795810699463,-7.439241886138916,19.160139083862305
22.740000000000002,0.0,-7.382795810699463,0.18659253418445587,19.160139083862305
22.78,0.0,-7.382795810699463,5.3104400634765625,18.896465301513672
22.8,0.0,-7.382795810699463,10.211709022521973,17.84177589416504
22.84,0.0,-7.382795810699463,12.512849807739258,14.414031982421875
22.88,0.0,-7.382795810699463,16.692840576171875,9.580060958862305
22.900000000000002,0.0,-7.382795810699463,20.162620544433594,1.5820183753967285
22.94,0.0,-7.382795810699463,21.58299446105957,-5.625033378601074
22.98,0.0,-7.382795810699463,23.71757698059082,-15.029329299926758
23.0,0.0,-7.382795810699463,24.837018966674805,-25.92774200439453
23.04,0.0,-7.382795810699463,24.998628616333008,-36.9140739440918
23.080000000000002,0.0,-7.382795810699463,24.51558494567871,-47.37306213378906
23.1,0.0,-7.382795810699463,22.97782325744629,-59.67776107788086
23.14,0.0,-7.382795810699463,21.831727981567383,-69.87307739257812
23.18,0.0,-7.382795810699463,18.84560203552246,-77.2558822631836
23.2,0.0,-7.382795810699463,15.044159889221191,-86.13285827636719
23.240000000000002,0.0,-7.382795810699463,12.887298583984375,-91.66995239257812
23.28,0.0,-7.382795810699463,8.177101135253906,-95.36136627197266
23.3,0.0,-7.6464409828186035,3.109633684158325,-97.0312728881836
23.34,0.0,-7.6464409828186035,0.5099889636039734,-97.0312728881836
23.38,0.0,-7.6464409828186035,-4.68023681640625,-96.85548400878906
23.400000000000002,0.0,-7.6464409828186035,-9.67059326171875,-94.65824890136719
23.44,0.0,-7.6464409828186035,-12.022263526916504,-90.79104614257812
23.48,0.0,-7.6464409828186035,-16.31001853942871,-85.86917877197266
23.5,0.0,-7.6464409828186035,-19.889556884765625,-80.15628051757812
23.54,0.0,-7.6464409828186035,-21.363073348999023,-74.53126525878906
23.580000000000002,0.0,-7.6464409828186035,-23.595996856689453,-66.44532775878906
23.6,0.0,-7.470659255981445,-24.79817008972168,-57.65626907348633
23.64,0.0,-7.470659255981445,-24.993776321411133,-47.72462463378906
23.68,0.0,-7.382795810699463,-24.561939239501953,-40.957054138183594
23.72,0.0,-7.382795810699463,-23.051664352416992,-28.652360916137695
23.740000000000002,0.0,-7.382795810699463,-23.051664352416992,-17.138683319091797
23.78,0.0,-7.382795810699463,-18.917007446289062,-8.789076805114746
23.82,0.0,-7.382795810699463,-15.088465690612793,-2.5488526821136475
23.84,0.0,-7.382795810699463,-10.5919189453125,6.328097820281982
23.88,0.0,-7.382795810699463,-10.5919189453125,12.568350791931152
23.92,0.0,-7.382795810699463,-3.032182455062866,18.01755714416504
23.94,0.0,-7.382795810699463,2.2270612716674805,20.917957305908203
23.98,0.0,-7.382795810699463,2.2270612716674805,21.708972930908203
24.02,0.0,-7.382795810699463,9.865376472473145,21.708972930908203
24.060000000000002,0.0,-7.382795810699463,14.460538864135742,21.445301055908203
24.080000000000002,0.0,-7.382795810699463,18.415828704833984,19.951156616210938
24.12,0.0,-7.382795810699463,20.096773147583008,15.99606704711914
24.14,0.0,-7.382795810699463,22.770586013793945,11.07420539855957
24.18,0.0,-7.382795810699463,22.770586013793945,2.636708974838257
24.22,0.0,-7.382795810699463,24.854328155517578,-5.0976881980896
24.26,0.0,-7.382795810699463,24.86530876159668,-14.677765846252441
24.28,0.0,-7.382795810699463,23.763324737548828,-25.839853286743164
24.32,0.0,-7.382795810699463,22.807798385620117,-36.7382926940918
24.36,0.0,-7.382795810699463,20.139930725097656,-46.0546989440918
24.38,0.0,-7.382795810699463,16.565813064575195,-57.48048782348633
24.42,0.0,-7.382795810699463,14.48714542388916,-65.56642150878906
24.46,0.0,-7.382795810699463,9.862632751464844,-72.68558502197266
24.48,0.0,-7.382795810699463,4.790655136108398,-78.9258041381836
24.52,0.0,-7.382795810699463,2.1575634479522705,-82.52933502197266
24.560000000000002,0.0,-7.382795810699463,-3.1544272899627686,-83.84770202636719
24.580000000000002,0.0,-7.382795810699463,-8.327303886413574,-83.84770202636719
24.62,0.0,-7.382795810699463,-10.787795066833496,-83.84770202636719
24.66,0.0,-7.382795810699463,-15.317026138305664,-82.35355377197266
24.68,0.0,-7.382795810699463,-19.154434204101562,-79.36526489257812
24.72,0.0,-7.382795810699463,-20.757369995117188,-75.05860900878906
24.76,0.0,-7.382795810699463,-23.239511489868164,-68.7304916381836
24.78,0.0,-7.382795810699463,-23.239511489868164,-61.17190170288086
24.82,0.0,-7.382795810699463,-24.959680557250977,-52.470733642578125
24.86,0.0,-7.382795810699463,-24.691770553588867,-45.26367950439453
24.88,0.0,-7.382795810699463,-24.691770553588867,-35.24414825439453
24.92,0.0,-7.382795810699463,-24.13227081298828,-24.433626174926758
24.96,0.0,-7.382795810699463,-19.236562728881836,-14.326202392578125
24.98,0.0,-7.382795810699463,-15.397103309631348,-6.855478286743164
25.02,0.0,-7.382795810699463,-15.397103309631348,1.5820183753967285
25.060000000000002,0.0,-7.382795810699463,-13.199252128601074,8.085916519165039
25.080000000000002,0.0,-7.382795810699463,-3.1579344272613525,14.589813232421875
25.12,0.0,-7.382795810699463,-3.1579344272613525,21.621084213256836
25.16,0.0,-7.382795810699463,-0.47943276166915894,24.697235107421875
25.18,0.0,-7.382795810699463,9.990142822265625,26.191381454467773
25.22,0.0,-7.382795810699463,9.990142822265625,26.367162704467773
25.26,0.0,-7.382795810699463,16.749086380004883,26.367162704467773
25.28,0.0,-7.382795810699463,20.331308364868164,26.01559829711914
25.32,0.0,-7.382795810699463,20.331308364868164,24.169891357421875
25.36,0.0,-7.382795810699463,21.778913497924805,19.599592208862305
25.38,0.0,-7.382795810699463,24.916908264160156,14.062468528747559
25.42,0.0,-7.382795810699463,24.916908264160156,5.449189186096191
25.46,0.0,-7.382795810699463,24.267990112304688,-2.7246344089508057
25.48,0.0,-7.382795810699463,22.413949966430664,-12.304712295532227
25.52,0.0,-7.382795810699463,22.413949966430664,-22.50002670288086
25.560000000000002,0.0,-7.382795810699463,17.71056365966797,-33.04690170288086
25.580000000000002,0.0,-7.382795810699463,13.504105567932129,-42.62697982788086
25.62,0.0,-7.382795810699463,11.14940357208252,-51.59182357788086
25.66,0.0,-7.382795810699463,6.074151992797852,-58.447288513183594
25.68,0.0,-7.382795810699463,0.7108479738235474,-65.39064025878906
25.72,0.0,-7.382795810699463,-2.000558614730835,-69.60940551757812
25.76,0.0,-7.382795810699463,-7.323644638061523,-71.54299926757812
25.78,0.0,-7.382795810699463,-12.305693626403809,-71.80667114257812
25.82,0.0,-7.382795810699463,-14.594385147094727,-71.80667114257812
25.86,0.0,-7.382795810699463,-18.631513595581055,-70.83987426757812
25.88,0.0,-7.382795810699463,-20.33184051513672,-67.6758041381836
25.92,0.0,-7.382795810699463,-22.99454689025879,-63.808631896972656
25.94,0.0,-7.382795810699463,-24.57174301147461,-57.74415969848633
25.98,0.0,-7.382795810699463,-24.57174301147461,-49.04298782348633
26.02,0.0,-7.382795810699463,-24.74917984008789,-42.80276107788086
26.060000000000002,0.0,-7.382795810699463,-23.397079467773438,-35.15625762939453
26.080000000000002,0.0,-7.382795810699463,-20.932804107666016,-25.13675308227539
26.12,0.0,-7.382795810699463,-19.317604064941406,-15.205110549926758
26.16,0.0,-7.382795810699463,-15.415995597839355,-7.646495819091797
26.18,0.0,-7.382795810699463,-13.17575740814209,-0.8789260387420654
26.22,0.0,-7.382795810699463,-8.249104499816895,5.976534366607666
26.26,0.0,-7.382795810699463,-2.9254438877105713,12.919914245605469
26.28,0.0,-7.382795810699463,-2.9254438877105713,19.687484741210938
26.32,0.0,-7.382795810699463,-0.19358469545841217,22.9394474029541
26.36,0.0,-7.382795810699463,10.43959903717041,23.642545700073242
26.400000000000002,0.0,-7.382795810699463,15.13488483428955,23.730438232421875
26.42,0.0,-7.382795810699463,19.106334686279297,23.466764450073242
26.46,0.0,-7.382795810699463,19.106334686279297,21.884756088256836
26.5,0.0,-7.382795810699463,23.29717254638672,17.226539611816406
26.54,0.0,-7.382795810699463,24.71462631225586,12.04100513458252
26.560000000000002,0.0,-7.382795810699463,24.71462631225586,3.603508234024048
26.6,0.0,-7.382795810699463,24.600589752197266,-4.921906471252441
26.64,0.0,-7.382795810699463,23.033092498779297,-14.062530517578125
26.66,0.0,-7.382795810699463,23.033092498779297,-25.839853286743164
26.7,0.0,-7.382795810699463,18.627845764160156,-36.3867301940918
26.72,0.0,-7.382795810699463,14.526219367980957,-44.033233642578125
26.76,0.0,-7.382795810699463,12.196115493774414,-53.34964370727539
26.8,0.0,-7.382795810699463,7.118051052093506,-60.205108642578125
26.84,0.0,-7.382795810699463,1.6904970407485962,-66.88478088378906
26.86,0.0,-7.382795810699463,1.6904970407485962,-71.63088989257812
26.900000000000002,0.0,-7.382795810699463,-6.5275349617004395,-72.94925689697266
26.94,0.0,-7.382795810699463,-11.667683601379395,-73.03714752197266
26.96,0.0,-7.382795810699463,-11.667683601379395,-73.03714752197266
27.0,0.0,-7.382795810699463,-18.243350982666016,-71.45510864257812
27.04,0.0,-7.382795810699463,-21.556182861328125,-67.7636947631836
27.060000000000002,0.0,-7.382795810699463,-21.556182861328125,-62.75394058227539
27.1,0.0,-7.382795810699463,-24.510549545288086,-55.9863395690918
27.14,0.0,-7.382795810699463,-24.99285316467285,-48.86720657348633
27.16,0.0,-7.382795810699463,-24.24634552001953,-41.74807357788086
27.2,0.0,-7.382795810699463,-24.24634552001953,-31.552759170532227
27.240000000000002,0.0,-7.382795810699463,-20.914072036743164,-22.939481735229492
27.28,0.0,-7.382795810699463,-17.374052047729492,-12.744166374206543
27.3,0.0,-7.382795810699463,-12.973546981811523,-4.834015846252441
27.34,0.0,-7.382795810699463,-10.516709327697754,2.3730363845825195
27.38,0.0,-7.382795810699463,-5.241169452667236,8.701151847839355
27.400000000000002,0.0,-7.382795810699463,0.29741770029067993,15.205048561096191
27.44,0.0,-7.382795810699463,3.0798003673553467,19.775375366210938
27.48,0.0,-7.382795810699463,8.497960090637207,21.972646713256836
27.5,0.0,-7.382795810699463,13.497052192687988,22.23632049560547
27.54,0.0,-7.382795810699463,15.760300636291504,22.148427963256836
27.580000000000002,0.0,-7.382795810699463,19.672428131103516,21.708972930908203
27.6,0.0,-7.382795810699463,22.60590171813965,19.072246551513672
27.64,0.0,-7.382795810699463,23.657176971435547,14.501921653747559
27.68,0.0,-7.382795810699463,24.861770629882812,8.173807144165039
27.7,0.0,-7.382795810699463,24.823280334472656,-0.26368993520736694
27.740000000000002,0.0,-7.382795810699463,24.335289001464844,-8.43751335144043
27.78,0.0,-7.382795810699463,22.450942993164062,-18.01759147644043
27.8,0.0,-7.382795810699463,19.43863868713379,-29.794940948486328
27.84,0.0,-7.382795810699463,17.554096221923828,-38.93556594848633
27.88,0.0,-7.382795810699463,13.145586013793945,-47.46095275878906
27.900000000000002,0.0,-7.382795810699463,13.145586013793945,-56.6015739440918
27.94,0.0,-7.382795810699463,5.365242958068848,-62.66604995727539
27.98,0.0,-7.382795810699463,-0.2203224152326584,-67.4121322631836
28.0,0.0,-7.382795810699463,-3.0280232429504395,-70.57620239257812
28.04,0.0,-7.382795810699463,-8.495793342590332,-70.92776489257812
28.080000000000002,0.0,-7.382795810699463,-13.537059783935547,-70.83987426757812
28.1,0.0,-7.382795810699463,-13.537059783935547,-69.87307739257812
28.14,0.0,-7.382795810699463,-19.74769401550293,-66.7968978881836
28.18,0.0,-7.382795810699463,-22.67890739440918,-63.457069396972656
28.2,0.0,-7.382795810699463,-24.459285736083984,-56.95314025878906
28.240000000000002,0.0,-7.382795810699463,-24.459285736083984,-48.16408157348633
28.28,0.0,-7.382795810699463,-24.786293029785156,-42.539093017578125
28.3,0.0,-7.382795810699463,-23.42230987548828,-35.41992950439453
28.34,0.0,-7.382795810699463,-23.42230987548828,-24.873079299926758
28.38,0.0,-7.382795810699463,-19.17081642150879,-14.150420188903809
28.42,0.0,-7.382795810699463,-15.074262619018555,-7.1191511154174805
28.46,0.0,-7.382795810699463,-10.203246116638184,2.1972546577453613
28.48,0.0,-7.382795810699463,-4.8060760498046875,10.458970069885254
28.52,0.0,-7.382795810699463,-1.9957551956176758,16.787084579467773
28.560000000000002,0.0,-7.382795810699463,3.6681032180786133,22.148427963256836
28.6,0.0,-7.382795810699463,9.146790504455566,25.312471389770508
28.62,0.0,-7.382795810699463,9.146790504455566,26.367162704467773
28.66,0.0,-7.382795810699463,11.72767448425293,26.367162704467773
28.7,0.0,-7.382795810699463,16.405654907226562,26.01559829711914
28.740000000000002,0.0,-7.382795810699463,23.03131103515625,24.960908889770508
28.78,0.0,-7.382795810699463,24.633018493652344,20.830066680908203
28.8,0.0,-7.382795810699463,24.633018493652344,13.798794746398926
28.84,0.0,-7.382795810699463,24.636884689331055,6.503879547119141
28.88,0.0,-7.382795810699463,23.03667449951172,-1.757834792137146
28.92,0.0,-7.382795810699463,20.23877716064453,-12.656275749206543
28.94,0.0,-7.382795810699463,20.23877716064453,-23.642608642578125
28.98,0.0,-7.382795810699463,14.125143051147461,-33.310577392578125
29.0,0.0,-7.382795810699463,9.078385353088379,-39.990257263183594
29.04,0.0,-7.382795810699463,9.078385353088379,-47.37306213378906
29.080000000000002,0.0,-7.382795810699463,0.7036489844322205,-52.382843017578125
29.1,0.0,-7.382795810699463,-4.9916205406188965,-55.3711051940918
29.14,0.0,-7.382795810699463,-4.9916205406188965,-56.3379020690918
29.18,0.0,-7.382795810699463,-12.961119651794434,-56.25001525878906
29.2,0.0,-7.382795810699463,-17.484914779663086,-56.07423400878906
29.240000000000002,0.0,-7.382795810699463,-17.484914779663086,-53.34964370727539
29.28,0.0,-7.382795810699463,-22.492727279663086,-49.74611282348633
29.3,0.0,-7.382795810699463,-24.387489318847656,-45.7910270690918
29.34,0.0,-7.382795810699463,-24.387489318847656,-40.693382263183594
29.38,0.0,-7.382795810699463,-24.810302734375,-32.95901107788086
29.42,0.0,-7.382795810699463,-23.454153060913086,-25.224641799926758
29.46,0.0,-7.382795810699463,-20.858272552490234,-13.886748313903809
29.48,0.0,-7.382795810699463,-20.858272552490234,-5.361361026763916
29.52,0.0,-7.382795810699463,-14.951654434204102,2.4609272480010986
29.560000000000002,0.0,-7.382795810699463,-9.973335266113281,9.404278755187988
29.580000000000002,0.0,-7.382795810699463,-9.973335266113281,17.226539611816406
29.62,0.0,-7.382795810699463,-1.5985910892486572,22.85155487060547
29.66,0.0,-7.382795810699463,4.15812349319458,25.57614517211914
29.68,0.0,-7.382795810699463,9.697054862976074,26.982398986816406
29.72,0.0,-7.382795810699463,9.697054862976074,26.982398986816406
29.76,0.0,-7.382795810699463,16.957504272460938,26.806615829467773
29.8,0.0,-7.382795810699463,20.72104263305664,26.630836486816406
29.82,0.0,-7.382795810699463,23.379474639892578,23.994108200073242
29.86,0.0,-7.382795810699463,24.24666404724121,19.423810958862305
29.88,0.0,-7.382795810699463,24.99748992919922,13.974576950073242
29.92,0.0,-7.382795810699463,24.870431900024414,6.679661750793457
29.94,0.0,-7.382795810699463,23.618364334106445,-1.2304894924163818
29.98,0.0,-7.382795810699463,22.509607315063477,-10.195331573486328
30.02,0.0,-7.382795810699463,19.39971351623535,-19.248064041137695
30.04,0.0,-7.382795810699463,15.24419116973877,-30.41017723083496
30.080000000000002,0.0,-7.382795810699463,12.84175968170166,-37.79298400878906
30.1,0.0,-7.382795810699463,7.5485734939575195,-43.593780517578125
30.14,0.0,-7.382795810699463,7.5485734939575195,-50.712913513183594
30.18,0.0,-7.382795810699463,-1.0653727054595947,-54.22854995727539
30.22,0.0,-7.382795810699463,-6.805782794952393,-55.7226676940918
30.240000000000002,0.0,-7.382795810699463,-6.805782794952393,-55.8105583190918
30.28,0.0,-7.382795810699463,-14.639659881591797,-55.7226676940918
30.3,0.0,-7.382795810699463,-18.930442810058594,-54.316444396972656
30.34,0.0,-7.382795810699463,-20.70398712158203,-51.85549545288086
30.36,0.0,-7.382795810699463,-23.385711669921875,-48.33985900878906
30.400000000000002,0.0,-7.382795810699463,-24.25678253173828,-44.73636245727539
30.44,0.0,-7.382795810699463,-24.998600006103516,-40.253929138183594
30.46,0.0,-7.382795810699463,-24.998600006103516,-31.025415420532227
30.5,0.0,-7.382795810699463,-24.858604431152344,-22.060571670532227
30.54,0.0,-7.382795810699463,-20.983745574951172,-12.128931045532227
30.580000000000002,0.0,-7.382795810699463,-17.254186630249023,-4.921906471252441
30.62,0.0,-7.382795810699463,-12.578156471252441,5.273407459259033
30.64,0.0,-7.382795810699463,-12.578156471252441,11.513660430908203
30.68,0.0,-7.382795810699463,-4.357216835021973,18.896465301513672
30.72,0.0,-7.382795810699463,1.4911352396011353,24.345672607421875
30.740000000000002,0.0,-7.382795810699463,1.4911352396011353,27.33396339416504
30.78,0.0,-7.382795810699463,10.016663551330566,28.740217208862305
30.8,0.0,-7.382795810699463,15.079150199890137,28.915996551513672
30.84,0.0,-7.382795810699463,15.079150199890137,28.828107833862305
30.88,0.0,-7.382795810699463,21.04436492919922,28.476543426513672
30.92,0.0,-7.382795810699463,22.484317779541016,26.10348892211914
30.94,0.0,-7.382795810699463,24.414684295654297,21.621084213256836
30.98,0.0,-7.382795810699463,24.995500564575195,15.90817642211914
31.0,0.0,-7.382795810699463,24.192169189453125,7.6464619636535645
31.04,0.0,-7.382795810699463,23.281625747680664,-0.9668169021606445
31.060000000000002,0.0,-7.382795810699463,20.504467010498047,-9.316422462463379
31.1,0.0,-7.382795810699463,20.504467010498047,-20.56642723083496
31.14,0.0,-7.382795810699463,14.265007972717285,-30.322288513183594
31.18,0.0,-7.382795810699463,9.057494163513184,-37.17774963378906
31.2,0.0,-7.382795810699463,9.057494163513184,-43.417999267578125
31.240000000000002,0.0,-7.382795810699463,0.39281386137008667,-47.90040588378906
31.28,0.0,-7.382795810699463,-5.483684062957764,-50.009788513183594
31.32,0.0,-7.382795810699463,-11.05716609954834,-50.273460388183594
31.36,0.0,-7.382795810699463,-16.015209197998047,-50.185569763183594
31.38,0.0,-7.382795810699463,-16.015209197998047,-48.955101013183594
31.42,0.0,-7.382795810699463,-21.701396942138672,-46.14259338378906
31.46,0.0,-7.382795810699463,-24.01235580444336,-42.978546142578125
31.48,0.0,-7.382795810699463,-24.97538185119629,-37.52931213378906
31.52,0.0,-7.382795810699463,-24.97538185119629,-29.003923416137695
31.560000000000002,0.0,-7.382795810699463,-23.79035758972168,-21.533227920532227
31.6,0.0,-7.382795810699463,-21.308570861816406,-12.04103946685791
31.62,0.0,-7.382795810699463,-21.308570861816406,-3.2519795894622803
31.68,0.0,-7.382795810699463,-19.60485076904297,7.6464619636535645
31.7,0.0,-7.382795810699463,-15.390727043151855,16.25973892211914
31.740000000000002,0.0,-7.382795810699463,-4.631400108337402,23.20311737060547
31.78,0.0,-7.382795810699463,1.3070825338363647,27.86130714416504
31.8,0.0,-7.382795810699463,7.174892902374268,32.60741424560547
31.84,0.0,-7.382795810699463,9.977465629577637,35.94723892211914
31.88,0.0,-7.382795810699463,15.12028980255127,37.17771530151367
31.900000000000002,0.0,-7.382795810699463,17.386871337890625,37.17771530151367
31.94,0.0,-7.382795810699463,21.148027420043945,36.914039611816406
31.96,0.0,-7.382795810699463,23.70595932006836,36.298805236816406
32.0,0.0,-7.382795810699463,24.484508514404297,33.662078857421875
32.04,0.0,-7.382795810699463,24.983675003051758,29.355453491210938
32.08,0.0,-7.382795810699463,24.054861068725586,21.621084213256836
32.1,0.0,-7.382795810699463,23.067636489868164,13.359368324279785
32.14,0.0,-7.382795810699463,20.11673927307129,4.833953380584717
32.160000000000004,0.0,-7.382795810699463,16.010684967041016,-5.0097975730896
32.2,0.0,-7.382795810699463,13.595220565795898,-14.501983642578125
32.24,0.0,-7.382795810699463,8.21193790435791,-22.324243545532227
32.26,0.0,-7.382795810699463,2.3532814979553223,-30.41017723083496
32.3,0.0,-7.382795810699463,-0.6497462391853333,-34.89261245727539
32.34,0.0,-7.382795810699463,-6.586974143981934,-36.9140739440918
32.36,0.0,-7.382795810699463,-12.147734642028809,-37.3535270690918
32.4,0.0,-7.382795810699463,-14.685052871704102,-37.3535270690918
32.44,0.0,-7.382795810699463,-19.089433670043945,-37.3535270690918
32.46,0.0,-7.382795810699463,-22.39211082458496,-35.41992950439453
32.5,0.0,-7.382795810699463,-22.39211082458496,-31.289085388183594
32.54,0.0,-7.382795810699463,-24.877927780151367,-26.279306411743164
32.56,0.0,-7.382795810699463,-24.746150970458984,-20.65431785583496
32.6,0.0,-7.382795810699463,-24.137598037719727,-12.392602920532227
32.64,0.0,-7.382795810699463,-21.877824783325195,-5.888679027557373
32.660000000000004,0.0,-7.382795810699463,-18.34373664855957,2.812490701675415
32.7,0.0,-7.382795810699463,-16.159839630126953,9.931624412536621
32.74,0.0,-7.382795810699463,-11.116387367248535,16.523412704467773
32.76,0.0,-7.382795810699463,-8.330266952514648,22.67577362060547
32.8,0.0,-7.382795810699463,-2.4320080280303955,26.01559829711914
32.84,0.0,-7.382795810699463,-2.4320080280303955,29.267560958862305
32.88,0.0,-7.382795810699463,0.593824565410614,30.49803352355957
32.9,0.0,-7.382795810699463,14.733419418334961,30.49803352355957
32.94,0.0,-7.382795810699463,14.733419418334961,30.23436164855957
32.980000000000004,0.0,-7.382795810699463,20.962907791137695,29.003890991210938
33.0,0.0,-7.382795810699463,23.62512969970703,25.13669204711914
33.04,0.0,-7.382795810699463,23.62512969970703,18.544902801513672
33.08,0.0,-7.382795810699463,24.98746681213379,12.480459213256836
33.1,0.0,-7.382795810699463,24.060104370117188,3.9550445079803467
33.14,0.0,-7.382795810699463,24.060104370117188,-6.152351379394531
33.18,0.0,-7.382795810699463,23.05720329284668,-16.611337661743164
33.2,0.0,-7.382795810699463,15.847110748291016,-25.839853286743164
33.24,0.0,-7.382795810699463,15.847110748291016,-36.6504020690918
33.28,0.0,-7.382795810699463,7.8794846534729,-43.417999267578125
33.3,0.0,-7.382795810699463,1.9111634492874146,-50.888694763183594
33.34,0.0,-7.382795810699463,-1.1394668817520142,-55.9863395690918
33.36,0.0,-7.382795810699463,-7.147192001342773,-59.23830795288086
33.4,0.0,-7.382795810699463,-7.147192001342773,-60.820343017578125
33.44,0.0,-7.382795810699463,-15.262803077697754,-60.73244857788086
33.480000000000004,0.0,-7.382795810699463,-19.604930877685547,-60.55666732788086
33.5,0.0,-7.382795810699463,-19.604930877685547,-58.535179138183594
33.54,0.0,-7.382795810699463,-21.352293014526367,-53.96487808227539
33.58,0.0,-7.382795810699463,-24.959346771240234,-48.955101013183594
33.62,0.0,-7.382795810699463,-24.558765411376953,-44.56058120727539
33.64,0.0,-7.382795810699463,-24.558765411376953,-37.70509338378906
33.68,0.0,-7.382795810699463,-21.231504440307617,-30.14650535583496
33.7,0.0,-7.382795810699463,-17.386024475097656,-21.884790420532227
33.74,0.0,-7.382795810699463,-17.386024475097656,-10.898458480834961
33.78,0.0,-7.382795810699463,-9.745648384094238,-4.482452392578125
33.82,0.0,-7.382795810699463,-3.848071575164795,2.3730363845825195
33.84,0.0,-7.382795810699463,2.284571886062622,9.140606880187988
33.88,0.0,-7.382795810699463,5.3236188888549805,13.447259902954102
33.92,0.0,-7.382795810699463,11.117724418640137,17.226539611816406
33.94,0.0,-7.382795810699463,16.24370765686035,18.632793426513672
33.980000000000004,0.0,-7.382795810699463,18.456863403320312,18.632793426513672
34.0,0.0,-7.382795810699463,22.01499366760254,18.19333839416504
34.04,0.0,-7.382795810699463,22.01499366760254,15.99606704711914
34.08,0.0,-7.382795810699463,24.809661865234375,11.777332305908203
34.1,0.0,-7.382795810699463,24.80959701538086,6.240207195281982
34.14,0.0,-7.382795810699463,24.80959701538086,-2.109398365020752
34.18,0.0,-7.382795810699463,22.008411407470703,-10.371113777160645
34.22,0.0,-7.382795810699463,18.435476303100586,-19.335954666137695
34.24,0.0,-7.382795810699463,13.737563133239746,-30.41017723083496
34.28,0.0,-7.382795810699463,11.053407669067383,-37.79298400878906
34.32,0.0,-7.382795810699463,5.218659400939941,-43.85745620727539
34.34,0.0,-7.382795810699463,-0.9381720423698425,-50.625022888183594
34.38,0.0,-7.382795810699463,-4.020056247711182,-53.61331558227539
34.42,0.0,-7.382795810699463,-9.954816818237305,-54.6679801940918
34.44,0.0,-7.382795810699463,-15.283060073852539,-54.6679801940918
34.480000000000004,0.0,-7.382795810699463,-17.61530113220215,-54.22854995727539
34.52,0.0,-7.382795810699463,-21.436010360717773,-52.646514892578125
34.56,0.0,-7.382795810699463,-23.941890716552734,-49.04298782348633
34.58,0.0,-7.382795810699463,-24.97657012939453,-44.29690933227539
34.62,0.0,-7.382795810699463,-24.91783332824707,-39.72658157348633
34.660000000000004,0.0,-7.382795810699463,-23.651098251342773,-32.34377670288086
34.68,0.0,-7.382795810699463,-20.92478370666504,-23.466825485229492
34.72,0.0,-7.382795810699463,-19.062824249267578,-14.238311767578125
34.76,0.0,-7.382795810699463,-14.48383617401123,-7.470714092254639
34.78,0.0,-7.382795810699463,-14.48383617401123,0.7910005450248718
34.82,0.0,-7.382795810699463,-6.0345139503479,7.119115829467773
34.86,0.0,-7.382795810699463,0.1455296128988266,12.216787338256836
34.88,0.0,-7.382795810699463,0.1455296128988266,17.84177589416504
34.92,0.0,-7.382795810699463,9.284676551818848,19.951156616210938
34.96,0.0,-7.382795810699463,14.738073348999023,20.390609741210938
35.0,0.0,-7.382795810699463,19.277647018432617,20.126937866210938
35.02,0.0,-7.382795810699463,19.277647018432617,19.775375366210938
35.06,0.0,-7.382795810699463,23.771528244018555,15.99606704711914
35.1,0.0,-7.382795810699463,24.948293685913086,11.513660430908203
35.12,0.0,-7.382795810699463,24.5674991607666,3.8671536445617676
35.160000000000004,0.0,-7.382795810699463,23.79582405090332,-3.4277613162994385
35.18,0.0,-7.382795810699463,21.148683547973633,-11.865257263183594
35.22,0.0,-7.382795810699463,21.148683547973633,-22.67580795288086
35.26,0.0,-7.382795810699463,14.765791893005371,-33.222686767578125
35.28,0.0,-7.382795810699463,9.288445472717285,-40.957054138183594
35.32,0.0,-7.382795810699463,9.288445472717285,-50.625022888183594
35.36,0.0,-7.382795810699463,0.09082210063934326,-57.21681213378906
35.38,0.0,-7.382795810699463,-6.134213447570801,-62.40237808227539
35.42,0.0,-7.382795810699463,-6.134213447570801,-66.35743713378906
35.46,0.0,-7.382795810699463,-9.127020835876465,-67.8515853881836
35.5,0.0,-7.382795810699463,-19.226272583007812,-67.9394760131836
35.52,0.0,-7.382795810699463,-22.6037540435791,-67.58790588378906
35.56,0.0,-7.382795810699463,-23.76726722717285,-65.74220275878906
35.6,0.0,-7.382795810699463,-24.950252532958984,-62.75394058227539
35.62,0.0,-7.382795810699463,-24.553443908691406,-56.77735900878906
35.660000000000004,0.0,-7.382795810699463,-23.765731811523438,-50.009788513183594
35.7,0.0,-7.382795810699463,-21.07257843017578,-44.73636245727539
35.72,0.0,-7.382795810699463,-17.039369583129883,-37.0019645690918
35.76,0.0,-7.382795810699463,-14.596745491027832,-28.828140258789062
35.78,0.0,-7.382795810699463,-9.052734375,-21.709007263183594
35.82,0.0,-7.382795810699463,-6.0395965576171875,-13.359403610229492
35.84,0.0,-7.382795810699463,0.22933095693588257,-7.822277545928955
35.88,0.0,-7.382795810699463,0.22933095693588257,-2.7246344089508057
35.92,0.0,-7.382795810699463,9.486143112182617,1.9335819482803345
35.94,0.0,-7.382795810699463,14.984460830688477,4.746062278747559
35.980000000000004,0.0,-7.382795810699463,17.39514923095703,5.273407459259033
36.02,0.0,-7.382795810699463,21.34553337097168,5.097625732421875
36.04,0.0,-7.382795810699463,23.92998504638672,3.779289960861206
36.08,0.0,-7.382795810699463,23.92998504638672,0.26365530490875244
36.12,0.0,-7.382795810699463,24.653711318969727,-4.218779563903809
36.14,0.0,-7.382795810699463,23.55464744567871,-10.986349105834961
36.18,0.0,-7.382795810699463,23.55464744567871,-19.951190948486328
36.22,0.0,-7.382795810699463,18.74018096923828,-28.916034698486328
36.24,0.0,-7.382795810699463,13.968644142150879,-37.96876525878906
36.28,0.0,-7.382795810699463,13.968644142150879,-47.98830032348633
36.32,0.0,-7.382795810699463,5.228903293609619,-56.07423400878906
36.36,0.0,-7.382795810699463,-1.105639100074768,-62.138702392578125
36.38,0.0,-7.382795810699463,-1.105639100074768,-67.7636947631836
36.42,0.0,-7.382795810699463,-10.352071762084961,-70.22463989257812
36.46,0.0,-7.382795810699463,-15.76339054107666,-70.75198364257812
36.480000000000004,0.0,-7.382795810699463,-18.106327056884766,-70.66409301757812
36.52,0.0,-7.382795810699463,-21.875442504882812,-70.13674926757812
36.54,0.0,-7.382795810699463,-24.22491455078125,-67.4121322631836
36.58,0.0,-7.382795810699463,-24.81486701965332,-63.98440933227539
36.62,0.0,-7.382795810699463,-24.77553939819336,-58.974632263183594
36.64,0.0,-7.382795810699463,-23.121545791625977,-50.625022888183594
36.68,0.0,-7.382795810699463,-21.717954635620117,-45.00000762939453
36.72,0.0,-7.382795810699463,-17.870634078979492,-39.02345657348633
36.74,0.0,-7.382795810699463,-12.853351593017578,-29.179704666137695
36.78,0.0,-7.382795810699463,-10.005480766296387,-21.709007263183594
36.82,0.0,-7.382795810699463,-3.8635969161987305,-13.359403610229492
36.84,0.0,-7.382795810699463,-3.8635969161987305,-7.031260013580322
36.88,0.0,-7.382795810699463,5.6991167068481445,-2.3730709552764893
36.92,0.0,-7.382795810699463,11.697944641113281,1.4941275119781494
36.94,0.0,-7.382795810699463,16.931316375732422,4.394498825073242
36.980000000000004,0.0,-7.382795810699463,19.150394439697266,4.482389450073242
37.02,0.0,-7.382795810699463,22.609479904174805,4.306607723236084
37.04,0.0,-7.382795810699463,24.580602645874023,2.724599838256836
37.08,0.0,-7.382795810699463,24.580602645874023,-1.669943928718567
37.12,0.0,-7.382795810699463,24.486623764038086,-7.558604717254639
37.160000000000004,0.0,-7.382795810699463,22.392343521118164,-14.941438674926758
37.18,0.0,-7.382795810699463,18.815715789794922,-24.433626174926758
37.22,0.0,-7.382795810699463,18.815715789794922,-35.41992950439453
37.26,0.0,-7.382795810699463,11.207496643066406,-44.73636245727539
37.28,0.0,-7.382795810699463,5.127419948577881,-54.22854995727539
37.32,0.0,-7.382795810699463,5.127419948577881,-62.92972183227539
37.36,0.0,-7.382795810699463,-4.504128932952881,-69.6972885131836
37.4,0.0,-7.382795810699463,-10.644197463989258,-74.53126525878906
37.42,0.0,-7.382795810699463,-16.078826904296875,-77.5195541381836
37.46,0.0,-7.382795810699463,-18.415544509887695,-77.9590072631836
37.5,0.0,-7.382795810699463,-22.131744384765625,-77.9590072631836
37.52,0.0,-7.382795810699463,-24.37226104736328,-77.4316635131836
37.56,0.0,-7.382795810699463,-24.887420654296875,-75.41017150878906
37.6,0.0,-7.382795810699463,-24.662790298461914,-71.36721801757812
37.62,0.0,-7.382795810699463,-22.7868595123291,-65.03907775878906
37.660000000000004,0.0,-7.382795810699463,-21.263948440551758,-59.41408920288086
37.7,0.0,-7.382795810699463,-17.17442512512207,-51.50393295288086
37.72,0.0,-7.382795810699463,-17.17442512512207,-44.033233642578125
37.76,0.0,-7.382795810699463,-8.98131275177002,-36.1230583190918
37.800000000000004,0.0,-7.382795810699463,-2.6794960498809814,-28.564470291137695
37.82,0.0,-7.382795810699463,3.8060684204101562,-20.56642723083496
37.86,0.0,-7.382795810699463,6.9809889793396,-13.09572982788086
37.9,0.0,-7.382795810699463,12.927063941955566,-8.26173210144043
37.92,0.0,-7.382795810699463,18.003746032714844,-4.306670665740967
37.96,0.0,-7.382795810699463,20.105493545532227,-1.845725655555725
38.0,0.0,-7.382795810699463,23.256807327270508,-1.1425986289978027
38.04,0.0,-7.382795810699463,24.835710525512695,-1.3183804750442505
38.06,0.0,-7.382795810699463,24.732669830322266,-2.3730709552764893
38.1,0.0,-7.382795810699463,24.047250747680664,-6.2402424812316895
38.14,0.0,-7.382795810699463,21.465105056762695,-11.689476013183594
38.18,0.0,-7.382795810699463,17.423229217529297,-19.599628448486328
38.2,0.0,-7.382795810699463,17.423229217529297,-29.091814041137695
38.24,0.0,-7.382795810699463,9.242547035217285,-37.96876525878906
38.28,0.0,-7.382795810699463,2.915794610977173,-45.08789825439453
38.300000000000004,0.0,-7.382795810699463,2.915794610977173,-53.87698745727539
38.34,0.0,-7.382795810699463,-6.814047813415527,-59.41408920288086
38.38,0.0,-7.382795810699463,-12.81480884552002,-63.017616271972656
38.42,0.0,-7.382795810699463,-17.94243812561035,-64.68751525878906
38.44,0.0,-7.382795810699463,-20.065698623657227,-64.68751525878906
38.480000000000004,0.0,-7.382795810699463,-23.24795913696289,-64.59961700439453
38.5,0.0,-7.382795810699463,-24.83783721923828,-63.10550308227539
38.54,0.0,-7.382795810699463,-24.99620819091797,-59.67776107788086
38.58,0.0,-7.382795810699463,-24.024490356445312,-54.05276870727539
38.6,0.0,-7.382795810699463,-21.40049934387207,-47.72462463378906
38.64,0.0,-7.382795810699463,-19.520336151123047,-42.80276107788086
38.68,0.0,-7.382795810699463,-14.784150123596191,-35.94727325439453
38.72,0.0,-7.382795810699463,-9.026267051696777,-27.33399772644043
38.74,0.0,-7.382795810699463,-9.026267051696777,-19.072282791137695
38.78,0.0,-7.382795810699463,0.6476518511772156,-12.04103946685791
38.82,0.0,-7.382795810699463,7.139763355255127,-8.085949897766113
38.84,0.0,-7.382795810699463,7.139763355255127,-5.0976881980896
38.88,0.0,-7.382795810699463,15.82573127746582,-3.867216110229492
38.9,0.0,-7.382795810699463,20.328548431396484,-3.9551069736480713
38.94,0.0,-7.382795810699463,20.328548431396484,-4.482452392578125
38.980000000000004,0.0,-7.382795810699463,22.067983627319336,-6.767587661743164
39.0,0.0,-7.382795810699463,24.98046875,-11.162130355834961
39.04,0.0,-7.382795810699463,24.98046875,-17.75391960144043
39.08,0.0,-7.382795810699463,22.656585693359375,-24.785188674926758
39.1,0.0,-7.382795810699463,19.101402282714844,-33.398468017578125
39.14,0.0,-7.382795810699463,19.101402282714844,-43.330108642578125
39.18,0.0,-7.382795810699463,16.804187774658203,-53.525421142578125
39.2,0.0,-7.382795810699463,5.138082027435303,-61.259796142578125
39.24,0.0,-7.382795810699463,5.138082027435303,-70.13674926757812
39.28,0.0,-7.382795810699463,-4.745434761047363,-74.97071838378906
39.300000000000004,0.0,-7.382795810699463,-11.019570350646973,-78.8379135131836
39.34,0.0,-7.382795810699463,-11.019570350646973,-80.68362426757812
39.38,0.0,-7.382795810699463,-18.863933563232422,-80.68362426757812
39.42,0.0,-7.382795810699463,-22.51154327392578,-80.68362426757812
39.44,0.0,-7.382795810699463,-24.578115463256836,-79.80471801757812
39.480000000000004,0.0,-7.382795810699463,-24.967592239379883,-77.3437728881836
39.52,0.0,-7.382795810699463,-24.422897338867188,-73.21292877197266
39.54,0.0,-7.382795810699463,-22.155994415283203,-65.83009338378906
39.58,0.0,-7.382795810699463,-20.421344757080078,-60.205108642578125
39.62,0.0,-7.382795810699463,-15.901330947875977,-52.207061767578125
39.64,0.0,-7.382795810699463,-10.254861831665039,-44.47269058227539
39.68,0.0,-7.382795810699463,-10.254861831665039,-36.6504020690918
39.72,0.0,-7.382795810699463,-0.5585054755210876,-30.05861473083496
39.74,0.0,-7.382795810699463,6.057104587554932,-25.48828887939453
39.78,0.0,-7.382795810699463,6.057104587554932,-20.47853660583496
39.82,0.0,-7.382795810699463,15.041524887084961,-17.314464569091797
39.84,0.0,-7.382795810699463,19.783485412597656,-16.347665786743164
39.88,0.0,-7.382795810699463,19.783485412597656,-16.347665786743164
39.92,0.0,-7.382795810699463,24.182693481445312,-16.611337661743164
39.96,0.0,-7.382795810699463,24.998384475708008,-19.248064041137695
39.980000000000004,0.0,-7.382795810699463,24.03132438659668,-24.433626174926758
40.02,0.0,-7.382795810699463,22.895051956176758,-30.761741638183594
40.06,0.0,-7.382795810699463,19.416881561279297,-37.17774963378906
40.1,0.0,-7.382795810699463,14.54820728302002,-46.58204650878906
40.12,0.0,-7.382795810699463,14.54820728302002,-58.007835388183594
40.160000000000004,0.0,-7.382795810699463,11.697388648986816,-66.35743713378906
40.2,0.0,-7.382795810699463,-1.254643201828003,-72.42191314697266
40.24,0.0,-7.382795810699463,-7.839906692504883,-76.2890853881836
40.26,0.0,-7.382795810699463,-7.839906692504883,-78.1347885131836
40.300000000000004,0.0,-7.382795810699463,-16.529712677001953,-78.1347885131836
40.32,0.0,-7.382795810699463,-20.921600341796875,-78.1347885131836
40.36,0.0,-7.382795810699463,-22.56903076171875,-77.2558822631836
40.4,0.0,-7.382795810699463,-24.616817474365234,-74.70704650878906
40.42,0.0,-7.382795810699463,-24.88922119140625,-69.3457260131836
40.46,0.0,-7.382795810699463,-24.347518920898438,-63.98440933227539
40.480000000000004,0.0,-7.382795810699463,-21.955524444580078,-58.095726013183594
40.52,0.0,-7.382795810699463,-21.955524444580078,-48.60353469848633
40.56,0.0,-7.382795810699463,-15.47201156616211,-42.539093017578125
40.6,0.0,-7.382795810699463,-9.672404289245605,-34.71683120727539
40.62,0.0,-7.382795810699463,-3.1681437492370605,-26.191415786743164
40.660000000000004,0.0,-7.382795810699463,0.20209574699401855,-19.511735916137695
40.7,0.0,-7.382795810699463,6.872686386108398,-13.09572982788086
40.72,0.0,-7.382795810699463,13.046830177307129,-8.789076805114746
40.76,0.0,-7.382795810699463,15.804718971252441,-6.855478286743164
40.800000000000004,0.0,-7.382795810699463,20.40987205505371,-6.591805934906006
40.82,0.0,-7.382795810699463,20.40987205505371,-7.031260013580322
40.86,0.0,-7.382795810699463,22.172338485717773,-7.734386444091797
40.9,0.0,-7.382795810699463,24.9521484375,-10.546895027160645
40.92,0.0,-7.382795810699463,23.625455856323242,-16.17188262939453
40.96,0.0,-7.382795810699463,23.625455856323242,-23.466825485229492
41.0,0.0,-7.382795810699463,18.456493377685547,-31.992212295532227
41.02,0.0,-7.382795810699463,13.255630493164062,-39.28712844848633
41.06,0.0,-7.382795810699463,13.255630493164062,-50.273460388183594
41.1,0.0,-7.382795810699463,10.262504577636719,-59.326194763183594
41.14,0.0,-7.382795810699463,-3.012866973876953,-65.47853088378906
41.18,0.0,-7.382795810699463,-9.572360038757324,-69.87307739257812
41.2,0.0,-7.382795810699463,-9.572360038757324,-72.24613189697266
41.24,0.0,-7.382795810699463,-12.617630004882812,-72.24613189697266
41.28,0.0,-7.382795810699463,-21.976043701171875,-72.24613189697266
41.32,0.0,-7.382795810699463,-24.373584747314453,-70.31253051757812
41.34,0.0,-7.382795810699463,-24.970687866210938,-66.7968978881836
41.38,0.0,-7.382795810699463,-24.970687866210938,-61.875030517578125
41.42,0.0,-7.382795810699463,-22.42525863647461,-55.2832145690918
41.44,0.0,-7.382795810699463,-18.613447189331055,-47.98830032348633
41.480000000000004,0.0,-7.382795810699463,-18.613447189331055,-41.74807357788086
41.52,0.0,-7.382795810699463,-10.419511795043945,-33.574249267578125
41.56,0.0,-7.382795810699463,-3.8947720527648926,-25.48828887939453
41.6,0.0,-7.382795810699463,2.922973155975342,-16.17188262939453
41.62,0.0,-7.382795810699463,6.283099174499512,-10.107439994812012
41.660000000000004,0.0,-7.382795810699463,12.592503547668457,-6.416024208068848
41.68,0.0,-7.382795810699463,12.592503547668457,-2.4609618186950684
41.72,0.0,-7.382795810699463,20.17252540588379,-0.17579905688762665
41.74,0.0,-7.382795810699463,23.41739845275879,0.26365530490875244
41.78,0.0,-7.382795810699463,24.39427375793457,-1.7302845662925392e-05
41.800000000000004,0.0,-7.382795810699463,24.963802337646484,-0.43947166204452515
41.84,0.0,-7.382795810699463,24.963802337646484,-4.218779563903809
41.88,0.0,-7.382795810699463,22.33785629272461,-9.228531837463379
41.92,0.0,-7.382795810699463,18.454301834106445,-15.908210754394531
41.96,0.0,-7.382795810699463,18.454301834106445,-24.521514892578125
41.980000000000004,0.0,-7.382795810699463,6.918978691101074,-35.59571075439453
42.02,0.0,-7.382795810699463,6.918978691101074,-44.47269058227539
42.06,0.0,-7.382795810699463,-3.3005056381225586,-53.701202392578125
42.1,0.0,-7.382795810699463,-9.914827346801758,-58.79885482788086
42.12,0.0,-7.382795810699463,-9.914827346801758,-63.896522521972656
42.160000000000004,0.0,-7.382795810699463,-18.298477172851562,-65.91798400878906
42.2,0.0,-7.382795810699463,-22.245100021362305,-66.35743713378906
42.22,0.0,-7.382795810699463,-24.511615753173828,-66.35743713378906
42.26,0.0,-7.382795810699463,-24.955034255981445,-65.56642150878906
42.300000000000004,0.0,-7.382795810699463,-24.418407440185547,-63.193397521972656
42.32,0.0,-7.382795810699463,-22.030338287353516,-58.35939407348633
42.36,0.0,-7.382795810699463,-22.030338287353516,-51.06447982788086
42.4,0.0,-7.382795810699463,-20.192556381225586,-45.96680450439453
42.42,0.0,-7.382795810699463,-9.439311027526855,-40.517601013183594
42.46,0.0,-7.382795810699463,-9.439311027526855,-31.552759170532227
42.5,0.0,-7.382795810699463,0.7000101804733276,-24.96097183227539
42.54,0.0,-7.382795810699463,7.5065436363220215,-18.896501541137695
42.56,0.0,-7.382795810699463,7.5065436363220215,-13.00783920288086
42.6,0.0,-7.382795810699463,16.49736785888672,-10.459003448486328
42.64,0.0,-7.382795810699463,21.009687423706055,-9.492203712463379
42.660000000000004,0.0,-7.382795810699463,21.009687423706055,-9.755876541137695
42.7,0.0,-7.382795810699463,24.694265365600586,-9.931658744812012
42.74,0.0,-7.382795810699463,24.81684112548828,-11.689476013183594
42.76,0.0,-7.382795810699463,24.81684112548828,-17.050792694091797
42.800000000000004,0.0,-7.382795810699463,21.469627380371094,-22.851591110229492
42.84,0.0,-7.382795810699463,17.12970733642578,-30.14650535583496
42.86,0.0,-7.382795810699463,11.470978736877441,-38.93556594848633
42.9,0.0,-7.382795810699463,11.470978736877441,-48.86720657348633
42.94,0.0,-7.382795810699463,1.478142499923706,-56.25001525878906
42.96,0.0,-7.382795810699463,-5.440366744995117,-62.22659683227539
43.0,0.0,-7.382795810699463,-5.440366744995117,-67.5000228881836
43.04,0.0,-7.382795810699463,-8.77616024017334,-69.7851791381836
43.08,0.0,-7.382795810699463,-19.83414649963379,-70.13674926757812
43.1,0.0,-7.382795810699463,-19.83414649963379,-70.13674926757812
43.14,0.0,-7.382795810699463,-24.30771827697754,-69.43362426757812
43.18,0.0,-7.382795810699463,-24.97650146484375,-66.7968978881836
43.2,0.0,-7.382795810699463,-23.70920181274414,-62.49026870727539
43.24,0.0,-7.382795810699463,-23.70920181274414,-55.4589958190918
43.28,0.0,-7.382795810699463,-18.426433563232422,-48.86720657348633
43.300000000000004,0.0,-7.382795810699463,-13.045109748840332,-43.24222183227539
43.34,0.0,-7.382795810699463,-13.045109748840332,-35.24414825439453
43.38,0.0,-7.382795810699463,-3.218196153640747,-28.212907791137695
43.42,0.0,-7.382795810699463,3.7609474658966064,-22.23635482788086
43.44,0.0,-7.382795810699463,3.7609474658966064,-15.556674003601074
43.480000000000004,0.0,-7.382795810699463,13.52076244354248,-11.865257263183594
43.52,0.0,-7.382795810699463,18.812955856323242,-10.371113777160645
43.54,0.0,-7.382795810699463,22.63661766052246,-10.107439994812012
43.58,0.0,-7.382795810699463,23.89834976196289,-10.371113777160645
43.62,0.0,-7.382795810699463,24.996318817138672,-11.425804138183594
43.64,0.0,-7.382795810699463,24.996318817138672,-16.08399200439453
43.68,0.0,-7.382795810699463,22.984256744384766,-21.445337295532227
43.72,0.0,-7.382795810699463,19.352798461914062,-27.949234008789062
43.74,0.0,-7.382795810699463,14.198541641235352,-37.17774963378906
43.78,0.0,-7.382795810699463,14.198541641235352,-46.84571838378906
43.82,0.0,-7.382795810699463,4.519352436065674,-55.3711051940918
43.86,0.0,-7.382795810699463,-2.493121862411499,-61.699249267578125
43.88,0.0,-7.382795810699463,-9.312414169311523,-67.2363510131836
43.92,0.0,-7.382795810699463,-12.479552268981934,-70.04885864257812
43.96,0.0,-7.382795810699463,-18.015134811401367,-70.57620239257812
43.980000000000004,0.0,-7.382795810699463,-22.129003524780273,-70.48831176757812
44.02,0.0,-7.382795810699463,-23.54523468017578,-69.87307739257812
44.06,0.0,-7.382795810699463,-24.954341888427734,-67.2363510131836
44.08,0.0,-7.382795810699463,-24.954341888427734,-62.92972183227539
44.12,0.0,-7.382795810699463,-24.918445587158203,-55.7226676940918
44.160000000000004,0.0,-7.382795810699463,-19.96067237854004,-48.60353469848633
44.2,0.0,-7.382795810699463,-14.966007232666016,-42.80276107788086
44.22,0.0,-7.382795810699463,-8.77841567993164,-34.453155517578125
44.26,0.0,-7.382795810699463,-5.387954235076904,-27.15821647644043
44.300000000000004,0.0,-7.382795810699463,1.6490284204483032,-20.56642723083496
44.34,0.0,-7.382795810699463,8.557953834533691,-12.128931045532227
44.36,0.0,-7.382795810699463,14.787127494812012,-8.085949897766113
44.4,0.0,-7.382795810699463,17.487741470336914,-6.3281331062316895
44.44,0.0,-7.382795810699463,21.789810180664062,-5.712924480438232
44.46,0.0,-7.382795810699463,24.35028076171875,-5.976569652557373
44.5,0.0,-7.382795810699463,24.906545639038086,-6.591805934906006
44.54,0.0,-7.382795810699463,24.513545989990234,-9.931658744812012
44.56,0.0,-7.382795810699463,22.153799057006836,-15.556674003601074
44.6,0.0,-7.382795810699463,20.288841247558594,-21.357444763183594
44.64,0.0,-7.382795810699463,15.374563217163086,-28.476577758789062
44.660000000000004,0.0,-7.382795810699463,12.423937797546387,-37.61720275878906
44.7,0.0,-7.382795810699463,9.22142219543457,-45.96680450439453
44.74,0.0,-7.382795810699463,5.831601142883301,-52.207061767578125
44.76,0.0,-7.382795810699463,-8.202858924865723,-56.1621208190918
44.800000000000004,0.0,-7.382795810699463,-8.202858924865723,-58.535179138183594
44.84,0.0,-7.382795810699463,-17.258981704711914,-58.974632263183594
44.86,0.0,-7.382795810699463,-21.651700973510742,-58.974632263183594
44.9,0.0,-7.382795810699463,-21.651700973510742,-57.91994094848633
44.94,0.0,-7.382795810699463,-24.886558532714844,-54.6679801940918
44.96,0.0,-7.382795810699463,-24.548439025878906,-50.36135482788086
45.0,0.0,-7.382795810699463,-24.548439025878906,-45.26367950439453
45.04,0.0,-7.382795810699463,-20.36002540588379,-40.166038513183594
45.08,0.0,-7.382795810699463,-15.439982414245605,-32.34377670288086
45.1,0.0,-7.382795810699463,-9.262205123901367,-23.554718017578125
45.14,0.0,-7.382795810699463,-5.855231285095215,-15.820320129394531
45.18,0.0,-7.382795810699463,1.248496651649475,-9.755876541137695
45.22,0.0,-7.382795810699463,8.253900527954102,-4.746124744415283
45.24,0.0,-7.382795810699463,11.539521217346191,-1.1425986289978027
45.28,0.0,-7.382795810699463,17.34042739868164,0.7910005450248718
45.300000000000004,0.0,-7.382795810699463,21.72728729248047,1.230454921722412
45.34,0.0,-7.382795810699463,23.272310256958008,1.054673194885254
45.38,0.0,-7.382795810699463,24.905729293823242,-0.26368993520736694
45.4,0.0,-7.382795810699463,24.905729293823242,-4.482452392578125
45.44,0.0,-7.382795810699463,23.535207748413086,-10.459003448486328
45.480000000000004,0.0,-7.382795810699463,20.179330825805664,-16.875009536743164
45.5,0.0,-7.382795810699463,15.164883613586426,-25.839853286743164
45.54,0.0,-7.382795810699463,12.159223556518555,-34.54104995727539
45.58,0.0,-7.382795810699463,5.459126949310303,-41.396507263183594
45.6,0.0,-7.382795810699463,5.459126949310303,-48.86720657348633
45.64,0.0,-7.382795810699463,-5.255841255187988,-53.61331558227539
45.660000000000004,0.0,-7.382795810699463,-11.984772682189941,-55.9863395690918
45.7,0.0,-7.382795810699463,-11.984772682189941,-56.77735900878906
45.74,0.0,-7.382795810699463,-15.011720657348633,-56.68946838378906
45.76,0.0,-7.382795810699463,-23.485637664794922,-56.25001525878906
45.800000000000004,0.0,-7.382795810699463,-24.473766326904297,-54.05276870727539
45.82,0.0,-7.382795810699463,-24.91357421875,-50.97658920288086
45.86,0.0,-7.382795810699463,-24.91357421875,-46.14259338378906
45.9,0.0,-7.382795810699463,-21.73861312866211,-41.835968017578125
45.94,0.0,-7.382795810699463,-17.31715202331543,-35.24414825439453
45.96,0.0,-7.382795810699463,-17.31715202331543,-26.718759536743164
46.0,0.0,-7.382795810699463,-8.132539749145508,-18.01759147644043
46.04,0.0,-7.382795810699463,-1.0472402572631836,-10.107439994812012
46.06,0.0,-7.382795810699463,-1.0472402572631836,-3.4277613162994385
46.1,0.0,-7.382795810699463,2.5671157836914062,3.2519450187683105
46.14,0.0,-7.382795810699463,15.764366149902344,7.7343525886535645
46.160000000000004,0.0,-7.382795810699463,20.65347671508789,10.634751319885254
46.2,0.0,-7.382795810699463,20.65347671508789,11.777332305908203
46.24,0.0,-7.382795810699463,24.666927337646484,11.513660430908203
46.26,0.0,-7.382795810699463,24.799081802368164,10.81053352355957
46.300000000000004,0.0,-7.382795810699463,24.799081802368164,7.822243690490723
46.34,0.0,-7.382795810699463,21.147329330444336,3.0761632919311523
46.38,0.0,-7.382795810699463,16.43941879272461,-2.28518009185791
46.4,0.0,-7.382795810699463,10.349353790283203,-10.546895027160645
46.44,0.0,-7.382795810699463,6.941826343536377,-18.01759147644043
46.480000000000004,0.0,-7.382795810699463,-0.2406177669763565,-23.994171142578125
46.5,0.0,-7.382795810699463,-7.406231880187988,-28.916034698486328
46.54,0.0,-7.382795810699463,-10.792708396911621,-30.41017723083496
46.58,0.0,-7.382795810699463,-16.815393447875977,-30.41017723083496
46.6,0.0,-7.382795810699463,-21.422590255737305,-30.41017723083496
46.64,0.0,-7.382795810699463,-23.06756591796875,-29.882831573486328
46.660000000000004,0.0,-7.382795810699463,-24.864778518676758,-27.59766960144043
46.7,0.0,-7.382795810699463,-24.864778518676758,-22.23635482788086
46.74,0.0,-7.382795810699463,-23.620311737060547,-15.205110549926758
46.78,0.0,-7.382795810699463,-20.261798858642578,-9.140640258789062
46.800000000000004,0.0,-7.382795810699463,-20.261798858642578,-2.109398365020752
46.84,0.0,-7.382795810699463,-12.130037307739258,5.976534366607666
46.86,0.0,-7.382795810699463,-5.313485622406006,11.777332305908203
46.9,0.0,-7.382795810699463,-1.6964281797409058,18.632793426513672
46.94,0.0,-7.382795810699463,5.570956230163574,23.466764450073242
46.96,0.0,-7.382795810699463,12.367762565612793,26.894508361816406
47.0,0.0,-7.382795810699463,15.405685424804688,28.037090301513672
47.04,0.0,-7.382795810699463,20.435731887817383,28.124980926513672
47.06,0.0,-7.382795810699463,23.725141525268555,28.037090301513672
47.1,0.0,-7.382795810699463,24.62203025817871,27.77341651916504
47.12,0.0,-7.382795810699463,24.822492599487305,25.66403579711914
47.160000000000004,0.0,-7.382795810699463,24.822492599487305,20.830066680908203
47.2,0.0,-7.382795810699463,21.18769645690918,14.414031982421875
47.22,0.0,-7.382795810699463,16.438886642456055,7.910134315490723
47.26,0.0,-7.382795810699463,16.438886642456055,-2.021507501602173
47.300000000000004,0.0,-7.382795810699463,6.830726623535156,-11.074240684509277
47.34,0.0,-7.382795810699463,-0.43274614214897156,-19.335954666137695
47.36,0.0,-7.382795810699463,-7.6624579429626465,-27.68556022644043
47.4,0.0,-7.382795810699463,-11.068815231323242,-33.134796142578125
47.44,0.0,-7.382795810699463,-17.097251892089844,-35.7714958190918
47.46,0.0,-7.382795810699463,-17.097251892089844,-36.2988395690918
47.5,0.0,-7.382795810699463,-23.255126953125,-36.2109489440918
47.54,0.0,-7.382795810699463,-24.917922973632812,-36.2109489440918
47.56,0.0,-7.382795810699463,-24.917922973632812,-35.15625762939453
47.6,0.0,-7.382795810699463,-23.385332107543945,-32.08010482788086
47.64,0.0,-7.382795810699463,-19.803369522094727,-28.12501335144043
47.660000000000004,0.0,-7.382795810699463,-19.803369522094727,-21.709007263183594
47.7,0.0,-7.382795810699463,-17.34372901916504,-13.974638938903809
47.74,0.0,-7.382795810699463,-4.373797416687012,-7.3828229904174805
47.76,0.0,-7.382795810699463,-4.373797416687012,-0.08790817856788635
47.800000000000004,0.0,-7.382795810699463,-0.701449990272522,6.328097820281982
47.84,0.0,-7.382795810699463,13.353188514709473,10.458970069885254
47.88,0.0,-7.382795810699463,18.937213897705078,13.007804870605469
47.9,0.0,-7.382795810699463,22.875749588012695,13.798794746398926
47.94,0.0,-7.382795810699463,24.113521575927734,13.535149574279785
47.980000000000004,0.0,-7.382795810699463,24.98931312561035,12.30467700958252
48.0,0.0,-7.382795810699463,23.68550682067871,8.789043426513672
48.04,0.0,-7.382795810699463,22.24357032775879,4.042935371398926
48.08,0.0,-7.382795810699463,17.935415267944336,-1.757834792137146
48.1,0.0,-7.382795810699463,12.056875228881836,-10.107439994812012
48.14,0.0,-7.382795810699463,8.684552192687988,-17.84181022644043
48.18,0.0,-7.382795810699463,1.4423775672912598,-24.082061767578125
48.2,0.0,-7.382795810699463,-5.929598331451416,-29.267597198486328
48.24,0.0,-7.382795810699463,-9.461132049560547,-31.113306045532227
48.28,0.0,-7.382795810699463,-15.826948165893555,-31.201194763183594
48.300000000000004,0.0,-7.382795810699463,-15.826948165893555,-31.113306045532227
48.34,0.0,-7.382795810699463,-18.52032470703125,-30.23439598083496
48.38,0.0,-7.382795810699463,-24.751432418823242,-27.68556022644043
48.4,0.0,-7.382795810699463,-24.69340705871582,-23.378934860229492
48.44,0.0,-7.382795810699463,-23.84031867980957,-17.050792694091797
48.480000000000004,0.0,-7.382795810699463,-20.57820701599121,-10.546895027160645
48.5,0.0,-7.382795810699463,-15.497917175292969,-3.691434383392334
48.54,0.0,-7.382795810699463,-15.497917175292969,5.097625732421875
48.58,0.0,-7.382795810699463,-12.410117149353027,10.722641944885254
48.620000000000005,0.0,-7.382795810699463,1.9390759468078613,16.08395767211914
48.660000000000004,0.0,-7.382795810699463,1.9390759468078613,21.09373664855957
48.7,0.0,-7.382795810699463,5.626469612121582,22.23632049560547
48.72,0.0,-7.382795810699463,12.548382759094238,22.23632049560547
48.76,0.0,-7.382795810699463,18.36045265197754,21.884756088256836
48.800000000000004,0.0,-7.382795810699463,22.545093536376953,20.917957305908203
48.82,0.0,-7.382795810699463,24.71255111694336,16.787084579467773
48.86,0.0,-7.382795810699463,23.871978759765625,11.777332305908203
48.88,0.0,-7.382795810699463,20.617019653320312,5.712862014770508
48.92,0.0,-7.382795810699463,18.27483367919922,-1.4941622018814087
48.96,0.0,-7.382795810699463,12.420868873596191,-9.052749633789062
48.980000000000004,0.0,-7.382795810699463,5.455165386199951,-18.369155883789062
49.02,0.0,-7.382795810699463,1.747009038925171,-24.873079299926758
49.06,0.0,-7.382795810699463,-5.705465793609619,-29.443378448486328
49.08,0.0,-7.382795810699463,-12.650735855102539,-31.201194763183594
49.120000000000005,0.0,-7.382795810699463,-15.735220909118652,-31.201194763183594
49.14,0.0,-7.382795810699463,-20.78098487854004,-31.201194763183594
49.18,0.0,-7.382795810699463,-22.627952575683594,-30.937522888183594
49.22,0.0,-7.382795810699463,-24.761005401611328,-29.091814041137695
49.24,0.0,-7.382795810699463,-24.67059326171875,-24.345735549926758
49.28,0.0,-7.382795810699463,-24.67059326171875,-17.138683319091797
49.32,0.0,-7.382795810699463,-20.431930541992188,-10.459003448486328
49.36,0.0,-7.382795810699463,-15.237236976623535,-4.746124744415283
49.38,0.0,-7.382795810699463,-15.237236976623535,3.691399097442627
49.42,0.0,-7.382795810699463,-12.089415550231934,10.546859741210938
49.46,0.0,-7.382795810699463,2.4545528888702393,15.380830764770508
49.480000000000004,0.0,-7.382795810699463,9.737592697143555,20.126937866210938
49.52,0.0,-7.382795810699463,13.088958740234375,21.972646713256836
49.54,0.0,-7.382795810699463,18.831226348876953,22.060537338256836
49.58,0.0,-7.382795810699463,18.831226348876953,21.972646713256836
49.620000000000005,0.0,-7.382795810699463,24.12997817993164,21.357410430908203
49.660000000000004,0.0,-7.382795810699463,24.982208251953125,18.984357833862305
49.68,0.0,-7.382795810699463,24.982208251953125,13.535149574279785
49.72,0.0,-7.382795810699463,22.040889739990234,6.855443477630615
49.74,0.0,-7.382795810699463,17.522144317626953,-1.7302845662925392e-05
49.78,0.0,-7.382795810699463,14.632420539855957,-7.734386444091797
49.82,0.0,-7.382795810699463,7.920010089874268,-15.46878433227539
49.84,0.0,-7.382795810699463,4.2506208419799805,-21.796899795532227
49.88,0.0,-7.382795810699463,-3.296637535095215,-26.455089569091797
49.92,0.0,-7.382795810699463,-10.546565055847168,-29.531269073486328
49.94,0.0,-7.382795810699463,-10.546565055847168,-30.05861473083496
49.980000000000004,0.0,-7.382795810699463,-13.850308418273926,-30.05861473083496
50.02,0.0,-7.382795810699463,-23.248430252075195,-29.794940948486328
50.06,0.0,-7.382795810699463,-24.933767318725586,-27.33399772644043
50.08,0.0,-7.382795810699463,-24.335481643676758,-22.412134170532227
50.120000000000005,0.0,-7.382795810699463,-23.187950134277344,-15.996101379394531
50.14,0.0,-7.382795810699463,-19.325912475585938,-10.019549369812012
50.18,0.0,-7.382795810699463,-19.325912475585938,-3.164088726043701
50.22,0.0,-7.382795810699463,-10.357935905456543,5.361298561096191
50.26,0.0,-7.382795810699463,-3.060645341873169,11.601550102233887
50.28,0.0,-7.382795810699463,-3.060645341873169,19.423810958862305
50.32,0.0,-7.382795810699463,0.7386224865913391,24.521455764770508
50.36,0.0,-7.382795810699463,8.200855255126953,26.806615829467773
50.38,0.0,-7.382795810699463,20.247690200805664,27.509742736816406
50.42,0.0,-7.382795810699463,22.240665435791016,27.509742736816406
50.46,0.0,-7.382795810699463,24.643423080444336,27.509742736816406
50.480000000000004,0.0,-7.382795810699463,24.643423080444336,26.982398986816406
50.52,0.0,-7.382795810699463,23.963760375976562,24.521455764770508
50.56,0.0,-7.382795810699463,20.711368560791016,19.951156616210938
50.58,0.0,-7.382795810699463,20.711368560791016,13.095695495605469
50.620000000000005,0.0,-7.382795810699463,18.338665008544922,4.306607723236084
50.660000000000004,0.0,-7.382795810699463,5.2579665184021,-3.603543519973755
50.68,0.0,-7.382795810699463,-2.3496572971343994,-11.601585388183594
50.72,0.0,-7.382795810699463,-2.3496572971343994,-19.160173416137695
50.76,0.0,-7.382795810699463,-13.140239715576172,-23.994171142578125
50.800000000000004,0.0,-7.382795810699463,-18.943025588989258,-26.103525161743164
50.82,0.0,-7.382795810699463,-22.98289680480957,-26.103525161743164
50.86,0.0,-7.382795810699463,-24.215730667114258,-26.103525161743164
50.9,0.0,-7.382795810699463,-24.96137237548828,-25.66407012939453
50.92,0.0,-7.382795810699463,-23.375530242919922,-22.14846420288086
50.96,0.0,-7.382795810699463,-21.74534797668457,-17.138683319091797
51.0,0.0,-7.382795810699463,-16.99941062927246,-11.337912559509277
51.02,0.0,-7.382795810699463,-10.659645080566406,-5.449251651763916
51.06,0.0,-7.382795810699463,-7.0726237297058105,1.230454921722412
51.1,0.0,-7.382795810699463,0.5156968832015991,6.767552375793457
51.120000000000005,0.0,-7.382795810699463,8.059024810791016,11.24998664855957
51.160000000000004,0.0,-7.382795810699463,11.590415000915527,14.062468528747559
51.2,0.0,-7.382795810699463,17.756711959838867,15.117158889770508
51.22,0.0,-7.382795810699463,17.756711959838867,15.117158889770508
51.26,0.0,-7.382795810699463,23.739213943481445,14.150358200073242
51.300000000000004,0.0,-7.382795810699463,24.99854850769043,11.337878227233887
51.34,0.0,-7.382795810699463,23.901592254638672,5.62497091293335
51.36,0.0,-7.382795810699463,22.49226951599121,-0.35158079862594604
51.4,0.0,-7.382795810699463,18.11650848388672,-7.2949323654174805
51.42,0.0,-7.382795810699463,12.02685546875,-17.138683319091797
51.46,0.0,-7.382795810699463,8.513598442077637,-24.257844924926758
51.5,0.0,-7.382795810699463,0.9652576446533203,-30.49806785583496
51.52,0.0,-7.382795810699463,-6.67787504196167,-33.925811767578125
51.56,0.0,-7.382795810699463,-10.307117462158203,-34.71683120727539
51.6,0.0,-7.382795810699463,-16.74968719482422,-34.80472183227539
51.620000000000005,0.0,-7.382795810699463,-16.74968719482422,-34.80472183227539
51.660000000000004,0.0,-7.382795810699463,-23.285602569580078,-34.62894058227539
51.68,0.0,-7.382795810699463,-24.950557708740234,-32.08010482788086
51.72,0.0,-7.382795810699463,-24.950557708740234,-27.15821647644043
51.76,0.0,-7.382795810699463,-23.009485244750977,-21.796899795532227
51.78,0.0,-7.382795810699463,-18.931468963623047,-14.238311767578125
51.82,0.0,-7.382795810699463,-18.931468963623047,-6.416024208068848
51.86,0.0,-7.382795810699463,-9.595338821411133,0.9667823314666748
51.9,0.0,-7.382795810699463,-2.0881271362304688,7.998025417327881
51.92,0.0,-7.382795810699463,-2.0881271362304688,15.468722343444824
51.96,0.0,-7.382795810699463,9.321624755859375,21.621084213256836
52.0,0.0,-7.382795810699463,15.966412544250488,24.785127639770508
52.04,0.0,-7.382795810699463,21.084590911865234,26.630836486816406
52.08,0.0,-7.382795810699463,21.084590911865234,26.718727111816406
52.1,0.0,-7.382795810699463,22.91010856628418,26.630836486816406
52.14,0.0,-7.382795810699463,24.873146057128906,25.927709579467773
52.18,0.0,-7.382795810699463,21.674692153930664,22.67577362060547
52.22,0.0,-7.382795810699463,16.814424514770508,17.84177589416504
52.24,0.0,-7.382795810699463,10.333141326904297,10.98631477355957
52.28,0.0,-7.382795810699463,10.333141326904297,1.9335819482803345
52.32,0.0,-7.382795810699463,-1.0381344556808472,-4.921906471252441
52.36,0.0,-7.382795810699463,-8.654019355773926,-10.195331573486328
52.4,0.0,-7.382795810699463,-15.43742847442627,-13.974638938903809
52.42,0.0,-7.382795810699463,-18.306772232055664,-14.589875221252441
52.46,0.0,-7.382795810699463,-22.652210235595703,-14.589875221252441
52.480000000000004,0.0,-7.382795810699463,-24.806764602661133,-13.974638938903809
52.52,0.0,-7.382795810699463,-24.987314224243164,-11.425804138183594
52.56,0.0,-7.382795810699463,-23.531036376953125,-7.910168170928955
52.58,0.0,-7.382795810699463,-19.791088104248047,-2.988306999206543
52.620000000000005,0.0,-7.382795810699463,-17.16939926147461,3.2519450187683105
52.660000000000004,0.0,-7.382795810699463,-10.739717483520508,8.964824676513672
52.68,0.0,-7.382795810699463,-10.739717483520508,15.732394218444824
52.72,0.0,-7.382795810699463,0.6434369087219238,20.74217414855957
52.76,0.0,-7.382795810699463,8.31604290008545,23.378873825073242
52.78,0.0,-7.382795810699463,11.894231796264648,24.082000732421875
52.82,0.0,-7.382795810699463,18.097097396850586,23.994108200073242
52.84,0.0,-7.382795810699463,22.536542892456055,23.818328857421875
52.88,0.0,-7.382795810699463,23.95073699951172,23.11522674560547
52.92,0.0,-7.382795810699463,24.993282318115234,19.335920333862305
52.96,0.0,-7.382795810699463,23.591623306274414,12.919914245605469
52.980000000000004,0.0,-7.382795810699463,19.879716873168945,4.482389450073242
53.02,0.0,-7.382795810699463,17.262069702148438,-2.988306999206543
53.06,0.0,-7.382795810699463,10.822888374328613,-11.77736759185791
53.08,0.0,-7.382795810699463,10.822888374328613,-21.00588035583496
53.120000000000005,0.0,-7.382795810699463,-0.6046897768974304,-26.718759536743164
53.160000000000004,0.0,-7.382795810699463,-8.313079833984375,-30.937522888183594
53.18,0.0,-7.382795810699463,-8.313079833984375,-32.60744857788086
53.22,0.0,-7.382795810699463,-18.131752014160156,-32.60744857788086
53.26,0.0,-7.382795810699463,-22.573591232299805,-32.60744857788086
53.28,0.0,-7.382795810699463,-22.573591232299805,-32.16799545288086
53.32,0.0,-7.382795810699463,-24.98966407775879,-29.61916160583496
53.36,0.0,-7.382795810699463,-23.533159255981445,-25.751962661743164
53.38,0.0,-7.382795810699463,-19.751338958740234,-18.808609008789062
53.42,0.0,-7.382795810699463,-17.096162796020508,-11.865257263183594
53.46,0.0,-7.382795810699463,-10.584327697753906,-6.064460754394531
53.480000000000004,0.0,-7.382795810699463,-3.0217580795288086,1.7578002214431763
53.52,0.0,-7.382795810699463,-3.0217580795288086,8.613261222839355
53.56,0.0,-7.382795810699463,8.645174026489258,12.919914245605469
53.6,0.0,-7.382795810699463,15.51393985748291,16.962865829467773
53.620000000000005,0.0,-7.382795810699463,20.84493637084961,18.632793426513672
53.660000000000004,0.0,-7.382795810699463,22.760034561157227,18.632793426513672
53.7,0.0,-7.382795810699463,24.849363327026367,17.92966651916504
53.72,0.0,-7.382795810699463,24.4661865234375,15.468722343444824
53.76,0.0,-7.382795810699463,23.348615646362305,11.337878227233887
53.800000000000004,0.0,-7.382795810699463,19.39887237548828,5.800752639770508
53.82,0.0,-7.382795810699463,13.512214660644531,-1.757834792137146
53.86,0.0,-7.382795810699463,10.019302368164062,-9.316422462463379
53.9,0.0,-7.382795810699463,2.3698368072509766,-16.611337661743164
53.92,0.0,-7.382795810699463,2.3698368072509766,-22.67580795288086
53.96,0.0,-7.382795810699463,-9.307043075561523,-25.92774200439453
54.0,0.0,-7.382795810699463,-16.09101676940918,-26.806652069091797
54.02,0.0,-7.382795810699463,-16.09101676940918,-26.806652069091797
54.06,0.0,-7.382795810699463,-18.916494369506836,-26.806652069091797
54.1,0.0,-7.382795810699463,-24.926923751831055,-25.312536239624023
54.120000000000005,0.0,-7.382795810699463,-24.27271270751953,-21.796899795532227
54.160000000000004,0.0,-7.382795810699463,-23.0168514251709,-16.259775161743164
54.2,0.0,-7.382795810699463,-18.803640365600586,-10.459003448486328
54.24,0.0,-7.382795810699463,-12.696043014526367,-3.867216110229492
54.28,0.0,-7.382795810699463,-5.3068318367004395,4.6581711769104
54.300000000000004,0.0,-7.382795810699463,-5.3068318367004395,10.458970069885254
54.34,0.0,-7.382795810699463,-1.36079740524292,15.205048561096191
54.38,0.0,-7.382795810699463,13.777141571044922,17.57810401916504
54.42,0.0,-7.382795810699463,19.628780364990234,17.84177589416504
54.44,0.0,-7.382795810699463,19.628780364990234,17.314430236816406
54.480000000000004,0.0,-7.382795810699463,24.556337356567383,15.292940139770508
54.52,0.0,-7.382795810699463,24.785938262939453,11.777332305908203
54.54,0.0,-7.382795810699463,22.503232955932617,5.361298561096191
54.58,0.0,-7.382795810699463,20.481592178344727,-1.0547077655792236
54.620000000000005,0.0,-7.382795810699463,14.932653427124023,-7.910168170928955
54.64,0.0,-7.382795810699463,14.932653427124023,-17.66602897644043
54.68,0.0,-7.382795810699463,3.9802193641662598,-23.994171142578125
54.72,0.0,-7.382795810699463,-3.994180202484131,-27.949234008789062
54.74,0.0,-7.382795810699463,-11.565346717834473,-30.322288513183594
54.78,0.0,-7.382795810699463,-14.954697608947754,-30.23439598083496
54.82,0.0,-7.382795810699463,-20.507539749145508,-30.23439598083496
54.86,0.0,-7.382795810699463,-23.97023582458496,-29.97072410583496
54.88,0.0,-7.382795810699463,-23.97023582458496,-26.894542694091797
54.92,0.0,-7.382795810699463,-24.533355712890625,-22.14846420288086
54.96,0.0,-7.382795810699463,-21.760835647583008,-15.556674003601074
54.980000000000004,0.0,-7.382795810699463,-21.760835647583008,-8.085949897766113
55.02,0.0,-7.382795810699463,-19.511940002441406,-0.43947166204452515
55.06,0.0,-7.382795810699463,-6.244714260101318,7.7343525886535645
55.1,0.0,-7.382795810699463,1.729505181312561,14.677703857421875
55.120000000000005,0.0,-7.382795810699463,9.529570579528809,22.499990463256836
55.160000000000004,0.0,-7.382795810699463,13.110818862915039,26.01559829711914
55.2,0.0,-7.382795810699463,19.1741943359375,28.740217208862305
55.22,0.0,-7.382795810699463,23.267284393310547,30.23436164855957
55.26,0.0,-7.382795810699463,23.267284393310547,30.23436164855957
55.300000000000004,0.0,-7.382795810699463,24.851463317871094,30.14647102355957
55.32,0.0,-7.382795810699463,22.707279205322266,29.531234741210938
55.36,0.0,-7.382795810699463,22.707279205322266,25.75192642211914
55.4,0.0,-7.382795810699463,15.230674743652344,20.74217414855957
55.42,0.0,-7.382795810699463,8.152546882629395,14.677703857421875
55.46,0.0,-7.382795810699463,8.152546882629395,6.679661750793457
55.5,0.0,-7.382795810699463,-3.7965688705444336,0.17576444149017334
55.52,0.0,-7.382795810699463,-11.449402809143066,-4.482452392578125
55.56,0.0,-7.382795810699463,-11.449402809143066,-7.734386444091797
55.6,0.0,-7.382795810699463,-20.492414474487305,-7.998059272766113
55.620000000000005,0.0,-7.382795810699463,-23.982421875,-7.910168170928955
55.660000000000004,0.0,-7.382795810699463,-23.982421875,-6.855478286743164
55.7,0.0,-7.382795810699463,-24.504621505737305,-4.13088846206665
55.74,0.0,-7.382795810699463,-21.653362274169922,0.08787357062101364
55.76,0.0,-7.382795810699463,-19.35379409790039,5.62497091293335
55.800000000000004,0.0,-7.382795810699463,-13.304710388183594,11.162096977233887
55.82,0.0,-7.382795810699463,-5.866051197052002,18.01755714416504
55.86,0.0,-7.382795810699463,-1.8640278577804565,22.58788299560547
55.9,0.0,-7.382795810699463,6.183073043823242,24.697235107421875
55.92,0.0,-7.382795810699463,10.016639709472656,25.400362014770508
55.96,0.0,-7.382795810699463,16.801803588867188,25.400362014770508
55.980000000000004,0.0,-7.382795810699463,21.8321475982666,25.13669204711914
56.02,0.0,-7.382795810699463,23.515153884887695,24.345672607421875
56.04,0.0,-7.382795810699463,24.994346618652344,21.445301055908203
56.08,0.0,-7.382795810699463,24.750690460205078,16.17184829711914
56.1,0.0,-7.382795810699463,22.326744079589844,10.546859741210938
56.14,0.0,-7.382795810699463,22.326744079589844,1.6699093580245972
56.18,0.0,-7.382795810699463,14.441519737243652,-6.855478286743164
56.2,0.0,-7.382795810699463,7.152964115142822,-15.029329299926758
56.24,0.0,-7.382795810699463,7.152964115142822,-21.884790420532227
56.28,0.0,-7.382795810699463,-4.932995796203613,-27.070323944091797
56.300000000000004,0.0,-7.382795810699463,-4.932995796203613,-31.025415420532227
56.34,0.0,-7.382795810699463,-15.86982536315918,-31.552759170532227
56.38,0.0,-7.382795810699463,-21.223772048950195,-31.464868545532227
56.4,0.0,-7.382795810699463,-21.223772048950195,-31.464868545532227
56.44,0.0,-7.382795810699463,-24.943660736083984,-30.322288513183594
56.480000000000004,0.0,-7.382795810699463,-24.163185119628906,-27.77345085144043
56.5,0.0,-7.382795810699463,-24.163185119628906,-22.50002670288086
56.54,0.0,-7.382795810699463,-18.298173904418945,-15.46878433227539
56.58,0.0,-7.382795810699463,-11.857682228088379,-9.404313087463379
56.6,0.0,-7.382795810699463,-11.857682228088379,-2.6367435455322266
56.64,0.0,-7.382795810699463,-0.08642243593931198,4.482389450073242
56.660000000000004,0.0,-7.382795810699463,7.955894470214844,8.964824676513672
56.7,0.0,-7.382795810699463,7.955894470214844,13.271477699279785
56.74,0.0,-7.382795810699463,18.195236206054688,15.82028579711914
56.76,0.0,-7.382795810699463,22.745014190673828,16.435522079467773
56.800000000000004,0.0,-7.382795810699463,22.745014190673828,16.08395767211914
56.84,0.0,-7.382795810699463,24.94914436340332,15.117158889770508
56.86,0.0,-7.382795810699463,23.105268478393555,12.04100513458252
56.9,0.0,-7.382795810699463,23.105268478393555,6.240207195281982
56.94,0.0,-7.382795810699463,15.8485689163208,-0.43947166204452515
56.980000000000004,0.0,-7.382795810699463,8.76583480834961,-7.3828229904174805
57.0,0.0,-7.382795810699463,0.7426798939704895,-15.996101379394531
57.04,0.0,-7.382795810699463,-3.3550901412963867,-21.093772888183594
57.08,0.0,-7.382795810699463,-11.1738920211792,-24.257844924926758
57.1,0.0,-7.382795810699463,-17.798398971557617,-25.04886245727539
57.14,0.0,-7.382795810699463,-20.43309211730957,-24.96097183227539
57.18,0.0,-7.382795810699463,-23.991962432861328,-24.433626174926758
57.2,0.0,-7.382795810699463,-24.9754638671875,-21.796899795532227
57.24,0.0,-7.382795810699463,-24.45604705810547,-17.226573944091797
57.28,0.0,-7.382795810699463,-21.462646484375,-11.689476013183594
57.300000000000004,0.0,-7.382795810699463,-16.157861709594727,-5.888679027557373
57.34,0.0,-7.382795810699463,-12.808106422424316,0.5273279547691345
57.38,0.0,-7.382795810699463,-5.164323806762695,6.767552375793457
57.4,0.0,-7.382795810699463,3.0396950244903564,12.30467700958252
57.44,0.0,-7.382795810699463,7.0750603675842285,16.25973892211914
57.480000000000004,0.0,-7.382795810699463,14.466754913330078,18.457012176513672
57.5,0.0,-7.382795810699463,20.297712326049805,18.632793426513672
57.54,0.0,-7.382795810699463,22.42157745361328,18.19333839416504
57.58,0.0,-7.382795810699463,24.7966251373291,17.138648986816406
57.6,0.0,-7.382795810699463,24.48649024963379,12.832022666931152
57.64,0.0,-7.382795810699463,23.322418212890625,7.470679759979248
57.68,0.0,-7.382795810699463,19.132184982299805,0.8788914680480957
57.7,0.0,-7.382795810699463,16.21970558166504,-6.064460754394531
57.74,0.0,-7.382795810699463,9.15427303314209,-14.238311767578125
57.76,0.0,-7.382795810699463,9.15427303314209,-22.76369857788086
57.800000000000004,0.0,-7.382795810699463,5.1940693855285645,-29.531269073486328
57.84,0.0,-7.382795810699463,-3.043100357055664,-32.51955795288086
57.86,0.0,-7.382795810699463,-17.672075271606445,-33.134796142578125
57.9,0.0,-7.382795810699463,-20.348970413208008,-33.04690170288086
57.94,0.0,-7.382795810699463,-23.96999740600586,-33.04690170288086
57.96,0.0,-7.382795810699463,-24.975908279418945,-32.25588607788086
58.0,0.0,-7.382795810699463,-24.45110321044922,-29.355487823486328
58.04,0.0,-7.382795810699463,-21.415607452392578,-25.312536239624023
58.06,0.0,-7.382795810699463,-16.036113739013672,-18.632827758789062
58.1,0.0,-7.382795810699463,-12.642016410827637,-11.865257263183594
58.14,0.0,-7.382795810699463,-4.909039497375488,-6.416024208068848
58.160000000000004,0.0,-7.382795810699463,-4.909039497375488,0.7910005450248718
58.2,0.0,-7.382795810699463,7.421638011932373,5.888643741607666
58.24,0.0,-7.382795810699463,14.81513500213623,9.140606880187988
58.26,0.0,-7.382795810699463,14.81513500213623,10.98631477355957
58.300000000000004,0.0,-7.382795810699463,22.651500701904297,11.24998664855957
58.34,0.0,-7.382795810699463,24.86574935913086,10.98631477355957
58.36,0.0,-7.382795810699463,24.86574935913086,8.964824676513672
58.4,0.0,-7.382795810699463,24.95041847229004,3.691399097442627
58.44,0.0,-7.382795810699463,23.061017990112305,-2.988306999206543
58.480000000000004,0.0,-7.382795810699463,18.62877082824707,-12.480494499206543
58.52,0.0,-7.382795810699463,4.3070759773254395,-20.56642723083496
58.56,0.0,-7.382795810699463,-4.004520893096924,-29.091814041137695
58.58,0.0,-7.382795810699463,-4.004520893096924,-35.59571075439453
58.620000000000005,0.0,-7.382795810699463,-15.370783805847168,-38.40821838378906
58.660000000000004,0.0,-7.382795810699463,-20.990036010742188,-39.19923782348633
58.68,0.0,-7.382795810699463,-24.285064697265625,-39.19923782348633
58.72,0.0,-7.382795810699463,-24.934480667114258,-39.19923782348633
58.76,0.0,-7.382795810699463,-24.144784927368164,-38.14454650878906
58.800000000000004,0.0,-7.382795810699463,-20.672922134399414,-34.98050308227539
58.82,0.0,-7.382795810699463,-14.90148639678955,-29.97072410583496
58.86,0.0,-7.382795810699463,-11.344931602478027,-24.873079299926758
58.9,0.0,-7.382795810699463,-3.384335517883301,-18.544937133789062
58.92,0.0,-7.382795810699463,4.956536293029785,-11.601585388183594
58.96,0.0,-7.382795810699463,8.977989196777344,-8.085949897766113
59.0,0.0,-7.382795810699463,16.16105842590332,-6.064460754394531
59.02,0.0,-7.382795810699463,21.54290771484375,-4.834015846252441
59.06,0.0,-7.382795810699463,23.359912872314453,-4.921906471252441
59.1,0.0,-7.382795810699463,24.9899959564209,-5.185579299926758
59.120000000000005,0.0,-7.382795810699463,23.82509422302246,-8.085949897766113
59.160000000000004,0.0,-7.382795810699463,22.222108840942383,-12.91994857788086
59.18,0.0,-7.382795810699463,17.197723388671875,-18.28126335144043
59.22,0.0,-7.382795810699463,13.917344093322754,-25.04886245727539
59.26,0.0,-7.382795810699463,6.279195785522461,-32.69533920288086
59.28,0.0,-7.382795810699463,2.136794328689575,-38.84767532348633
59.32,0.0,-7.382795810699463,-6.212985515594482,-43.066436767578125
59.34,0.0,-7.382795810699463,-13.867897987365723,-47.02149963378906
59.38,0.0,-7.382795810699463,-17.15968894958496,-47.98830032348633
59.42,0.0,-7.382795810699463,-22.207080841064453,-47.98830032348633
59.44,0.0,-7.382795810699463,-23.818937301635742,-47.98830032348633
59.480000000000004,0.0,-7.382795810699463,-24.98971176147461,-46.84571838378906
59.52,0.0,-7.382795810699463,-23.342994689941406,-44.91211700439453
59.54,0.0,-7.382795810699463,-19.06113052368164,-41.396507263183594
59.58,0.0,-7.382795810699463,-16.071746826171875,-36.1230583190918
59.6,0.0,-7.382795810699463,-8.817220687866211,-30.41017723083496
59.64,0.0,-7.382795810699463,-4.758084774017334,-24.082061767578125
59.660000000000004,0.0,-7.382795810699463,3.649864912033081,-18.10548210144043
59.7,0.0,-7.382795810699463,3.649864912033081,-12.392602920532227
59.74,0.0,-7.382795810699463,15.205181121826172,-9.667985916137695
59.76,0.0,-7.382795810699463,20.930313110351562,-8.613295555114746
59.800000000000004,0.0,-7.382795810699463,20.930313110351562,-8.613295555114746
59.84,0.0,-7.382795810699463,24.93734359741211,-8.789076805114746
59.86,0.0,-7.382795810699463,24.108169555664062,-10.019549369812012
59.9,0.0,-7.382795810699463,24.108169555664062,-14.238311767578125
59.94,0.0,-7.382795810699463,17.8385009765625,-19.863300323486328
59.980000000000004,0.0,-7.382795810699463,10.996879577636719,-26.455089569091797
