dt,yaw_cmd,yaw_pos,pitch_cmd,pitch_pos
0.3,0.0,-2.021480083465576,-9.137480735778809,-4.482452392578125
0.3,0.0,-2.021480083465576,-14.923172950744629,-4.306670665740967
0.3,0.0,-2.021480083465576,-14.923172950744629,-2.900416135787964
0.3,0.0,-2.021480083465576,-22.692014694213867,0.43943706154823303
0.3,0.0,-2.021480083465576,-27.02676773071289,5.361298561096191
0.3,0.0,-2.1093435287475586,-27.02676773071289,11.86522388458252
0.3,0.0,-2.021480083465576,-31.91809844970703,19.335920333862305
0.34,0.0,-2.021480083465576,-33.951515197753906,26.718727111816406
0.36,0.0,-2.021480083465576,-33.951515197753906,37.35349655151367
0.4,0.0,-2.1093435287475586,-34.99219512939453,48.07613754272461
0.44,0.0,-2.1093435287475586,-34.30888366699219,59.150360107421875
0.46,0.0,-2.1093435287475586,-34.30888366699219,69.87300872802734
0.5,0.0,-2.1093435287475586,-31.262460708618164,80.15621948242188
0.54,0.0,-2.1093435287475586,-27.97231101989746,88.50582885742188
0.56,0.0,-2.1093435287475586,-27.97231101989746,96.3281021118164
0.6,0.0,-2.1093435287475586,-21.400602340698242,101.42575073242188
0.64,0.0,-2.1093435287475586,-16.127952575683594,106.87496948242188
0.66,0.0,-2.1093435287475586,-16.127952575683594,111.6210708618164
0.7000000000000001,0.0,-2.1093435287475586,-7.296490669250488,113.55464935302734
0.74,0.0,-2.1972618103027344,-1.0670521259307861,114.3456802368164
0.76,0.0,-2.1972618103027344,5.203991889953613,114.3456802368164
0.8,0.0,-2.1972618103027344,5.203991889953613,114.25778198242188
0.84,0.0,-2.1972618103027344,14.247036933898926,112.93941497802734
0.88,0.0,-2.285125494003296,19.747745513916016,109.33590698242188
0.92,0.0,-2.285125494003296,24.613779067993164,104.15036010742188
0.96,0.0,-2.285125494003296,24.613779067993164,97.73434448242188
0.98,0.0,-2.285125494003296,26.757694244384766,88.68160247802734
1.02,0.0,-2.285125494003296,33.0111198425293,81.47457885742188
1.06,0.0,-2.285125494003296,34.56663131713867,73.03707885742188
1.08,0.0,-2.285125494003296,34.99000930786133,63.54488754272461
1.12,0.0,-2.285125494003296,34.77009582519531,52.294891357421875
1.16,0.0,-2.285125494003296,33.47360610961914,42.62694549560547
1.18,0.0,-2.285125494003296,33.47360610961914,30.410144805908203
1.22,0.0,-2.285125494003296,29.47747802734375,19.423810958862305
1.24,0.0,-2.285125494003296,25.568862915039062,11.601550102233887
1.28,0.0,-2.285125494003296,25.568862915039062,0.17576444149017334
1.32,0.0,-2.285125494003296,15.348065376281738,-12.128931045532227
1.36,0.0,-2.285125494003296,15.348065376281738,-21.093772888183594
1.4000000000000001,0.0,-2.285125494003296,12.41223430633545,-29.267597198486328
1.44,0.0,-2.285125494003296,-0.1293594092130661,-36.6504020690918
1.48,0.0,-2.285125494003296,-6.511143207550049,-42.714874267578125
1.52,0.0,-2.285125494003296,-12.681360244750977,-47.90040588378906
1.54,0.0,-2.285125494003296,-18.43140983581543,-49.570335388183594
1.58,0.0,-2.285125494003296,-21.08704948425293,-49.570335388183594
1.62,0.0,-2.285125494003296,-25.846006393432617,-49.48244094848633
1.6600000000000001,0.0,-2.285125494003296,-29.73471450805664,-49.394554138183594
1.68,0.0,-2.285125494003296,-29.73471450805664,-47.72462463378906
1.72,0.0,-2.285125494003296,-33.64970016479492,-44.47269058227539
1.76,0.0,-2.285125494003296,-34.846229553222656,-40.341819763183594
1.78,0.0,-2.285125494003296,-34.854087829589844,-32.08010482788086
1.82,0.0,-2.285125494003296,-34.40930938720703,-23.818387985229492
1.86,0.0,-2.285125494003296,-32.63886260986328,-13.886748313903809
1.8800000000000001,0.0,-2.285125494003296,-32.63886260986328,-3.691434383392334
1.92,0.0,-2.285125494003296,-27.906084060668945,6.591770648956299
1.96,0.0,-2.285125494003296,-23.519193649291992,16.523412704467773
2.0,0.0,-2.285125494003296,-18.31501579284668,27.42185401916504
2.02,0.0,-2.285125494003296,-12.470962524414062,39.11131286621094
2.06,0.0,-2.285125494003296,-9.370951652526855,47.988250732421875
2.1,0.0,-2.285125494003296,-2.948673725128174,56.95309066772461
2.12,0.0,-2.285125494003296,3.5834412574768066,64.42378997802734
2.16,0.0,-2.285125494003296,6.819551944732666,70.13668823242188
2.2,0.0,-2.285125494003296,13.090286254882812,74.53121185302734
2.22,0.0,-2.285125494003296,18.90970802307129,76.8163833618164
2.2600000000000002,0.0,-2.285125494003296,18.90970802307129,76.99215698242188
2.3000000000000003,0.0,-2.285125494003296,26.34838104248047,76.37692260742188
2.34,0.0,-2.285125494003296,30.18927764892578,73.82809448242188
2.38,0.0,-2.285125494003296,32.96915054321289,69.25778198242188
2.4,0.0,-2.285125494003296,32.96915054321289,64.59957122802734
2.44,0.0,-2.285125494003296,33.92781448364258,56.95309066772461
2.48,0.0,-2.285125494003296,34.70899200439453,50.273406982421875
2.5,0.0,-2.285125494003296,33.24562072753906,40.0781135559082
2.54,0.0,-2.285125494003296,32.06426239013672,31.81639862060547
2.58,0.0,-2.285125494003296,28.852439880371094,21.972646713256836
2.62,0.0,-2.285125494003296,24.60523796081543,11.953113555908203
2.66,0.0,-2.285125494003296,24.60523796081543,0.43943706154823303
2.68,0.0,-2.285125494003296,16.62769889831543,-7.822277545928955
2.72,0.0,-2.285125494003296,10.51285457611084,-16.875009536743164
2.7600000000000002,0.0,-2.285125494003296,4.012397289276123,-24.96097183227539
2.7800000000000002,0.0,-2.285125494003296,4.012397289276123,-33.310577392578125
2.82,0.0,-2.285125494003296,-5.948328495025635,-37.88087463378906
2.86,0.0,-2.285125494003296,-12.378534317016602,-40.781272888183594
2.88,0.0,-2.285125494003296,-18.366168975830078,-42.451202392578125
2.92,0.0,-2.285125494003296,-21.12464141845703,-42.539093017578125
2.96,0.0,-2.285125494003296,-26.043840408325195,-42.539093017578125
3.0,0.0,-2.285125494003296,-26.043840408325195,-42.539093017578125
3.02,0.0,-2.285125494003296,-28.158910751342773,-41.48440170288086
3.06,0.0,-2.285125494003296,-33.889583587646484,-37.79298400878906
3.1,0.0,-2.285125494003296,-34.9357795715332,-32.43166732788086
3.14,0.0,-2.285125494003296,-34.69734573364258,-24.082061767578125
3.16,0.0,-2.285125494003296,-34.69734573364258,-13.623075485229492
3.2,0.0,-2.285125494003296,-31.954015731811523,-4.746124744415283
3.24,0.0,-2.285125494003296,-28.627267837524414,4.833953380584717
3.2600000000000002,0.0,-2.285125494003296,-26.55531120300293,14.150358200073242
3.3000000000000003,0.0,-2.285125494003296,-21.6882381439209,24.521455764770508
3.3200000000000003,0.0,-2.285125494003296,-16.008928298950195,32.69530487060547
3.36,0.0,-2.285125494003296,-12.929020881652832,42.451168060302734
3.4,0.0,-2.285125494003296,-6.431232929229736,50.88863754272461
3.42,0.0,-2.285125494003296,0.31415504217147827,60.20504379272461
3.46,0.0,-2.285125494003296,3.701070785522461,65.39059448242188
3.48,0.0,-2.285125494003296,10.34438705444336,69.43355560302734
3.52,0.0,-2.285125494003296,13.538055419921875,72.68551635742188
3.56,0.0,-2.285125494003296,19.518266677856445,73.56442260742188
3.58,0.0,-2.285125494003296,24.768329620361328,73.12496948242188
3.62,0.0,-2.285125494003296,27.055511474609375,72.24606323242188
3.66,0.0,-2.285125494003296,30.844018936157227,69.78511810302734
3.68,0.0,-2.285125494003296,33.466312408447266,65.30269622802734
3.72,0.0,-2.285125494003296,34.30595397949219,59.41403579711914
3.7600000000000002,0.0,-2.285125494003296,34.999717712402344,52.82223129272461
3.8000000000000003,0.0,-2.285125494003296,34.35910415649414,44.296844482421875
3.8200000000000003,0.0,-2.285125494003296,34.35910415649414,33.574188232421875
3.86,0.0,-2.285125494003296,30.95425033569336,24.433565139770508
3.9,0.0,-2.285125494003296,27.17586326599121,15.205048561096191
3.94,0.0,-2.285125494003296,22.348974227905273,4.833953380584717
3.96,0.0,-2.285125494003296,19.597959518432617,-3.9551069736480713
4.0,0.0,-2.285125494003296,13.551687240600586,-12.656275749206543
4.04,0.0,-2.285125494003296,6.975362777709961,-21.181663513183594
4.0600000000000005,0.0,-2.285125494003296,6.975362777709961,-29.97072410583496
4.1,0.0,-2.285125494003296,-3.325985908508301,-35.59571075439453
4.14,0.0,-2.285125494003296,-10.096945762634277,-39.550804138183594
4.16,0.0,-2.285125494003296,-13.353787422180176,-41.92385482788086
4.2,0.0,-2.285125494003296,-19.450719833374023,-42.714874267578125
4.24,0.0,-2.285125494003296,-24.794429779052734,-42.714874267578125
4.28,0.0,-2.285125494003296,-29.17336082458496,-42.714874267578125
4.3,0.0,-2.285125494003296,-29.17336082458496,-42.62697982788086
4.34,0.0,-2.285125494003296,-33.56218719482422,-40.693382263183594
4.36,0.0,-2.285125494003296,-34.861820220947266,-36.4746208190918
4.4,0.0,-2.285125494003296,-34.998046875,-30.58595848083496
4.44,0.0,-2.285125494003296,-34.233882904052734,-23.203153610229492
4.46,0.0,-2.285125494003296,-33.3399658203125,-14.062530517578125
4.5,0.0,-2.285125494003296,-30.570037841796875,-5.625033378601074
4.54,0.0,-2.285125494003296,-26.58418083190918,4.6581711769104
4.5600000000000005,0.0,-2.285125494003296,-24.181848526000977,13.447259902954102
4.6000000000000005,0.0,-2.285125494003296,-18.675857543945312,23.554655075073242
4.64,0.0,-2.285125494003296,-18.675857543945312,32.78319549560547
4.66,0.0,-2.285125494003296,-15.62647819519043,42.978485107421875
4.7,0.0,-2.285125494003296,-2.1746132373809814,51.503875732421875
4.74,0.0,-2.285125494003296,4.830896854400635,58.271453857421875
4.78,0.0,-2.285125494003296,11.649555206298828,63.369110107421875
4.8,0.0,-2.285125494003296,11.649555206298828,66.44528198242188
4.84,0.0,-2.285125494003296,14.902275085449219,66.97262573242188
4.88,0.0,-2.285125494003296,26.11778450012207,66.62106323242188
4.92,0.0,-2.285125494003296,30.254058837890625,65.12691497802734
4.94,0.0,-2.285125494003296,33.16737365722656,61.962860107421875
4.98,0.0,-2.285125494003296,33.16737365722656,55.63473129272461
5.0200000000000005,0.0,-2.285125494003296,34.9915771484375,49.833953857421875
5.0600000000000005,0.0,-2.285125494003296,34.43207931518555,42.62694549560547
5.1000000000000005,0.0,-2.285125494003296,34.43207931518555,33.13473129272461
5.12,0.0,-2.285125494003296,33.62108612060547,22.499990463256836
5.16,0.0,-2.285125494003296,27.057270050048828,14.150358200073242
5.2,0.0,-2.285125494003296,22.023820877075195,4.746062278747559
5.24,0.0,-2.285125494003296,16.0787296295166,-5.0097975730896
5.26,0.0,-2.285125494003296,12.838813781738281,-13.798856735229492
5.3,0.0,-2.285125494003296,5.990209579467773,-20.56642723083496
5.32,0.0,-2.285125494003296,-1.1132296323776245,-28.12501335144043
5.36,0.0,-2.285125494003296,-4.668862342834473,-34.101593017578125
5.4,0.0,-2.285125494003296,-11.603363990783691,-37.61720275878906
5.44,0.0,-2.285125494003296,-18.062400817871094,-39.28712844848633
5.46,0.0,-2.285125494003296,-21.028005599975586,-39.37501907348633
5.5,0.0,-2.285125494003296,-26.2752628326416,-39.37501907348633
5.54,0.0,-2.285125494003296,-30.429533004760742,-39.28712844848633
5.5600000000000005,0.0,-2.285125494003296,-30.429533004760742,-37.70509338378906
5.6000000000000005,0.0,-2.285125494003296,-34.23772430419922,-34.36526870727539
5.64,0.0,-2.285125494003296,-34.999759674072266,-28.828140258789062
5.68,0.0,-2.285125494003296,-34.28900909423828,-20.12697410583496
5.7,0.0,-2.285125494003296,-34.28900909423828,-9.228531837463379
5.74,0.0,-2.285125494003296,-30.533973693847656,-2.197289228439331
5.78,0.0,-2.285125494003296,-26.38605308532715,7.822243690490723
5.8,0.0,-2.285125494003296,-21.115062713623047,19.511701583862305
5.84,0.0,-2.285125494003296,-18.125675201416016,27.68552589416504
5.88,0.0,-2.285125494003296,-11.596389770507812,36.298805236816406
5.92,0.0,-2.285125494003296,-4.56627893447876,46.14255142211914
5.94,0.0,-2.285125494003296,-4.56627893447876,55.72262191772461
5.98,0.0,-2.285125494003296,6.26131010055542,61.347625732421875
6.0200000000000005,0.0,-2.285125494003296,13.21786880493164,64.95114135742188
6.0600000000000005,0.0,-2.285125494003296,13.21786880493164,67.49996948242188
6.08,0.0,-2.285125494003296,22.51423454284668,67.93942260742188
6.12,0.0,-2.285125494003296,27.56114959716797,67.76363372802734
6.140000000000001,0.0,-2.285125494003296,31.42405128479004,66.18161010742188
6.18,0.0,-2.285125494003296,32.85600280761719,62.66598129272461
6.22,0.0,-2.285125494003296,34.640865325927734,57.39255142211914
6.26,0.0,-2.285125494003296,34.92543411254883,50.71285629272461
6.28,0.0,-2.285125494003296,34.92543411254883,41.48436737060547
6.32,0.0,-2.285125494003296,34.497249603271484,32.78319549560547
6.36,0.0,-2.285125494003296,34.497249603271484,20.830066680908203
6.4,0.0,-2.285125494003296,24.452983856201172,12.832022666931152
6.44,0.0,-2.1972618103027344,18.70710563659668,2.1093637943267822
6.46,0.0,-2.285125494003296,12.135333061218262,-7.558604717254639
6.5,0.0,-2.285125494003296,8.6280517578125,-16.08399200439453
6.54,0.0,-2.285125494003296,1.3625524044036865,-22.67580795288086
6.58,0.0,-2.285125494003296,-5.970180511474609,-31.025415420532227
6.6000000000000005,0.0,-2.285125494003296,-5.970180511474609,-36.7382926940918
6.640000000000001,0.0,-2.285125494003296,-16.38979148864746,-39.63869094848633
6.68,0.0,-2.285125494003296,-22.50008201599121,-40.517601013183594
6.7,0.0,-2.285125494003296,-27.618005752563477,-40.517601013183594
6.74,0.0,-2.285125494003296,-29.730815887451172,-40.517601013183594
6.78,0.0,-2.285125494003296,-32.94426345825195,-40.429710388183594
6.8,0.0,-2.285125494003296,-34.691741943359375,-38.67189407348633
6.84,0.0,-2.285125494003296,-34.98731231689453,-34.89261245727539
6.88,0.0,-2.285125494003296,-34.4026985168457,-29.355487823486328
6.9,0.0,-2.285125494003296,-32.27570343017578,-21.269554138183594
6.94,0.0,-2.285125494003296,-30.65959930419922,-11.77736759185791
6.98,0.0,-2.285125494003296,-26.410322189331055,-4.218779563903809
7.0200000000000005,0.0,-2.285125494003296,-20.967388153076172,7.29489803314209
7.0600000000000005,0.0,-2.285125494003296,-20.967388153076172,18.36911964416504
7.08,0.0,-2.285125494003296,-11.106928825378418,26.279272079467773
7.12,0.0,-2.285125494003296,-3.832435131072998,33.310516357421875
7.140000000000001,0.0,-2.285125494003296,-0.10625959187746048,41.48436737060547
7.18,0.0,-2.285125494003296,7.312756061553955,47.988250732421875
7.2,0.0,-2.285125494003296,14.406371116638184,53.525360107421875
7.24,0.0,-2.285125494003296,17.72888946533203,56.689422607421875
7.28,0.0,-2.285125494003296,23.734607696533203,57.65621566772461
7.32,0.0,-2.285125494003296,28.6612491607666,57.65621566772461
7.34,0.0,-2.285125494003296,28.6612491607666,56.95309066772461
7.38,0.0,-2.285125494003296,33.54325485229492,53.964813232421875
7.42,0.0,-2.285125494003296,34.90229415893555,50.185516357421875
7.44,0.0,-2.285125494003296,34.65627670288086,43.94528579711914
7.48,0.0,-2.285125494003296,33.930538177490234,36.474586486816406
7.5200000000000005,0.0,-2.285125494003296,31.312572479248047,29.882797241210938
7.5600000000000005,0.0,-2.285125494003296,27.243860244750977,20.214828491210938
7.58,0.0,-2.285125494003296,27.243860244750977,10.98631477355957
7.62,0.0,-2.285125494003296,24.720626831054688,0.7031096816062927
7.66,0.0,-2.285125494003296,18.8404541015625,-6.943369388580322
7.68,0.0,-2.285125494003296,4.748519420623779,-16.611337661743164
7.72,0.0,-2.285125494003296,0.9756153225898743,-23.378934860229492
7.76,0.0,-2.285125494003296,-6.565607070922852,-31.025415420532227
7.78,0.0,-2.285125494003296,-10.245477676391602,-36.9140739440918
7.82,0.0,-2.285125494003296,-17.207653045654297,-40.341819763183594
7.86,0.0,-2.285125494003296,-23.368942260742188,-42.451202392578125
7.88,0.0,-2.285125494003296,-28.437294006347656,-42.714874267578125
7.92,0.0,-2.285125494003296,-30.48370933532715,-42.714874267578125
7.96,0.0,-2.285125494003296,-33.47792053222656,-42.714874267578125
7.98,0.0,-2.285125494003296,-34.893192291259766,-42.714874267578125
8.02,0.0,-2.285125494003296,-34.983333587646484,-40.429710388183594
8.040000000000001,0.0,-2.285125494003296,-33.920310974121094,-36.2988395690918
8.08,0.0,-2.285125494003296,-33.920310974121094,-28.916034698486328
8.120000000000001,0.0,-2.285125494003296,-32.77859878540039,-20.47853660583496
8.16,0.0,-2.285125494003296,-24.500537872314453,-10.546895027160645
8.18,0.0,-2.285125494003296,-18.487932205200195,-1.0547077655792236
8.22,0.0,-2.285125494003296,-18.487932205200195,9.404278755187988
8.26,0.0,-2.285125494003296,-7.902594089508057,17.402320861816406
8.28,0.0,-2.285125494003296,-0.29105597734451294,24.257781982421875
8.32,0.0,-2.285125494003296,3.5457544326782227,29.179670333862305
8.36,0.0,-2.285125494003296,11.050833702087402,34.013641357421875
8.38,0.0,-2.285125494003296,18.030733108520508,38.14451217651367
8.42,0.0,-2.285125494003296,21.216617584228516,39.6386604309082
8.46,0.0,-2.285125494003296,26.78626251220703,39.55076599121094
8.48,0.0,-2.285125494003296,31.06479263305664,39.28709411621094
8.52,0.0,-2.285125494003296,32.65119171142578,37.70505905151367
8.56,0.0,-2.285125494003296,34.619293212890625,34.71677017211914
8.58,0.0,-2.285125494003296,34.619293212890625,30.05858039855957
8.620000000000001,0.0,-2.285125494003296,34.40930938720703,23.642545700073242
8.66,0.0,-2.285125494003296,32.16419219970703,17.050758361816406
8.68,0.0,-2.285125494003296,32.16419219970703,9.580060958862305
8.72,0.0,-2.285125494003296,30.441852569580078,-0.8789260387420654
8.76,0.0,-2.285125494003296,20.085098266601562,-9.316422462463379
8.8,0.0,-2.285125494003296,16.786026000976562,-17.578136444091797
8.82,0.0,-2.285125494003296,13.27859115600586,-26.367197036743164
8.86,0.0,-2.285125494003296,1.945859670639038,-33.750030517578125
8.9,0.0,-2.285125494003296,-5.817165374755859,-38.40821838378906
8.92,0.0,-2.285125494003296,-13.29996109008789,-41.92385482788086
8.96,0.0,-2.285125494003296,-16.819257736206055,-42.978546142578125
9.0,0.0,-2.285125494003296,-23.194393157958984,-42.978546142578125
9.040000000000001,0.0,-2.285125494003296,-28.4238224029541,-42.978546142578125
9.06,0.0,-2.285125494003296,-30.524032592773438,-42.978546142578125
9.1,0.0,-2.285125494003296,-33.56218719482422,-42.451202392578125
9.14,0.0,-2.285125494003296,-34.928890228271484,-39.28712844848633
9.18,0.0,-2.285125494003296,-34.55113220214844,-32.43166732788086
9.200000000000001,0.0,-2.285125494003296,-34.55113220214844,-23.906280517578125
9.24,0.0,-2.285125494003296,-33.70903396606445,-15.293002128601074
9.28,0.0,-2.285125494003296,-26.2795352935791,-5.976569652557373
9.3,0.0,-2.285125494003296,-26.2795352935791,4.6581711769104
9.34,0.0,-2.285125494003296,-17.14807891845703,13.007804870605469
9.36,0.0,-2.285125494003296,-9.903911590576172,23.2910099029541
9.4,0.0,-2.285125494003296,-6.067575454711914,30.32225227355957
9.44,0.0,-2.285125494003296,1.7917722463607788,38.84763717651367
9.46,0.0,-2.285125494003296,9.56753921508789,47.28513717651367
9.5,0.0,-2.285125494003296,13.29996109008789,54.05270004272461
9.540000000000001,0.0,-2.285125494003296,20.21579933166504,58.79879379272461
9.56,0.0,-2.285125494003296,26.10855484008789,61.523406982421875
9.6,0.0,-2.285125494003296,28.57400894165039,62.050750732421875
9.64,0.0,-2.285125494003296,32.3833122253418,61.87497329711914
9.66,0.0,-2.285125494003296,34.53940200805664,60.908172607421875
9.700000000000001,0.0,-2.285125494003296,34.958038330078125,57.91988754272461
9.74,0.0,-2.285125494003296,34.44657516479492,53.525360107421875
9.76,0.0,-2.285125494003296,34.44657516479492,47.63668441772461
9.8,0.0,-2.285125494003296,30.39065170288086,40.1660041809082
9.84,0.0,-2.285125494003296,25.690309524536133,32.60741424560547
9.86,0.0,-2.285125494003296,19.659160614013672,23.818328857421875
9.9,0.0,-2.285125494003296,19.659160614013672,14.414031982421875
9.94,0.0,-2.285125494003296,8.807026863098145,6.679661750793457
9.96,0.0,-2.285125494003296,0.9118826985359192,-1.669943928718567
10.0,0.0,-2.285125494003296,-3.082155227661133,-9.404313087463379
10.040000000000001,0.0,-2.285125494003296,-10.903434753417969,-16.347665786743164
10.06,0.0,-2.285125494003296,-18.163602828979492,-22.23635482788086
10.1,0.0,-2.285125494003296,-21.462696075439453,-26.806652069091797
10.14,0.0,-2.285125494003296,-27.181684494018555,-29.531269073486328
10.16,0.0,-2.285125494003296,-31.482818603515625,-30.41017723083496
10.200000000000001,0.0,-2.285125494003296,-33.02675247192383,-30.41017723083496
10.24,0.0,-2.285125494003296,-34.79716491699219,-30.41017723083496
10.26,0.0,-2.285125494003296,-34.79716491699219,-28.652360916137695
10.3,0.0,-2.285125494003296,-34.019962310791016,-24.609407424926758
10.34,0.0,-2.285125494003296,-31.245824813842773,-18.984390258789062
10.36,0.0,-2.285125494003296,-26.81835174560547,-10.634785652160645
10.4,0.0,-2.285125494003296,-26.81835174560547,-2.6367435455322266
10.44,0.0,-2.285125494003296,-24.05328369140625,5.53708028793335
10.46,0.0,-2.285125494003296,-10.209247589111328,13.710905075073242
10.5,0.0,-2.285125494003296,-6.281308650970459,22.85155487060547
10.540000000000001,0.0,-2.285125494003296,1.7779302597045898,28.652326583862305
10.56,0.0,-2.285125494003296,9.749603271484375,35.15622329711914
10.6,0.0,-2.285125494003296,13.568723678588867,40.1660041809082
10.64,0.0,-2.285125494003296,20.6173095703125,43.242156982421875
10.66,0.0,-2.285125494003296,26.567947387695312,45.175758361816406
10.700000000000001,0.0,-2.285125494003296,29.028078079223633,45.175758361816406
10.74,0.0,-2.285125494003296,32.750328063964844,44.91208267211914
10.76,0.0,-2.285125494003296,33.961143493652344,43.242156982421875
10.8,0.0,-2.285125494003296,34.99763870239258,40.0781135559082
10.84,0.0,-2.285125494003296,34.14698028564453,34.189422607421875
10.86,0.0,-2.285125494003296,34.14698028564453,26.982398986816406
10.9,0.0,-2.285125494003296,33.02277374267578,18.01755714416504
10.94,0.0,-2.285125494003296,24.27720069885254,11.601550102233887
10.98,0.0,-2.285125494003296,17.78223991394043,2.724599838256836
11.0,0.0,-2.285125494003296,17.78223991394043,-6.2402424812316895
11.040000000000001,0.0,-2.285125494003296,6.340384483337402,-14.501983642578125
11.08,0.0,-2.285125494003296,-1.8176097869873047,-20.039081573486328
11.1,0.0,-2.285125494003296,-9.883526802062988,-25.751962661743164
11.14,0.0,-2.285125494003296,-9.883526802062988,-29.97072410583496
11.18,0.0,-2.285125494003296,-20.850311279296875,-31.201194763183594
11.22,0.0,-2.285125494003296,-26.819538116455078,-31.552759170532227
11.24,0.0,-2.285125494003296,-26.819538116455078,-31.552759170532227
11.28,0.0,-2.285125494003296,-32.936458587646484,-30.673851013183594
11.32,0.0,-2.285125494003296,-34.78954315185547,-28.037124633789062
11.34,0.0,-2.285125494003296,-34.723087310791016,-22.939481735229492
11.38,0.0,-2.285125494003296,-34.723087310791016,-14.765657424926758
11.42,0.0,-2.285125494003296,-31.050308227539062,-6.767587661743164
11.44,0.0,-2.285125494003296,-26.410322189331055,0.08787357062101364
11.48,0.0,-2.285125494003296,-23.519193649291992,8.437479972839355
11.52,0.0,-2.285125494003296,-16.79332160949707,17.92966651916504
11.56,0.0,-2.285125494003296,-9.125885009765625,26.894508361816406
11.6,0.0,-2.285125494003296,-0.9423639178276062,35.94723892211914
11.620000000000001,0.0,-2.285125494003296,7.301008701324463,43.505828857421875
11.66,0.0,-2.285125494003296,11.300387382507324,49.042938232421875
11.700000000000001,0.0,-2.285125494003296,18.7734375,52.646453857421875
11.72,0.0,-2.285125494003296,18.7734375,54.140594482421875
11.76,0.0,-2.285125494003296,27.901620864868164,54.05270004272461
11.8,0.0,-2.285125494003296,32.09566879272461,53.789031982421875
11.84,0.0,-2.285125494003296,32.09566879272461,51.59176254272461
11.86,0.0,-2.285125494003296,34.95088195800781,47.812469482421875
11.9,0.0,-2.285125494003296,34.39980697631836,42.451168060302734
11.94,0.0,-2.285125494003296,31.89911460876465,34.628875732421875
11.96,0.0,-2.285125494003296,31.89911460876465,27.070289611816406
12.0,0.0,-2.285125494003296,24.82050323486328,18.01755714416504
12.040000000000001,0.0,-2.285125494003296,18.267749786376953,11.24998664855957
12.06,0.0,-2.285125494003296,14.572908401489258,2.2851455211639404
12.1,0.0,-2.285125494003296,6.6082587242126465,-5.273469924926758
12.14,0.0,-2.285125494003296,-1.7410171031951904,-13.359403610229492
12.18,0.0,-2.285125494003296,-9.997814178466797,-18.896501541137695
12.200000000000001,0.0,-2.285125494003296,-9.997814178466797,-23.554718017578125
12.24,0.0,-2.285125494003296,-21.18058967590332,-25.66407012939453
12.280000000000001,0.0,-2.285125494003296,-27.206697463989258,-26.367197036743164
12.3,0.0,-2.285125494003296,-27.206697463989258,-26.367197036743164
12.34,0.0,-2.285125494003296,-33.230857849121094,-26.279306411743164
12.38,0.0,-2.285125494003296,-34.89268493652344,-24.521514892578125
12.4,0.0,-2.285125494003296,-34.53685760498047,-19.423845291137695
12.44,0.0,-2.285125494003296,-33.602535247802734,-13.183621406555176
12.48,0.0,-2.285125494003296,-30.285602569580078,-6.591805934906006
12.52,0.0,-2.285125494003296,-25.2056884765625,2.1972546577453613
12.540000000000001,0.0,-2.285125494003296,-25.2056884765625,11.689441680908203
12.58,0.0,-2.285125494003296,-14.941558837890625,21.533193588256836
12.620000000000001,0.0,-2.285125494003296,-6.912874221801758,28.828107833862305
12.66,0.0,-2.285125494003296,1.5268837213516235,38.75975036621094
12.700000000000001,0.0,-2.285125494003296,9.88441276550293,47.28513717651367
12.72,0.0,-2.285125494003296,9.88441276550293,55.019500732421875
12.76,0.0,-2.285125494003296,21.201181411743164,59.062469482421875
12.8,0.0,-2.285125494003296,27.283260345458984,60.82027816772461
12.84,0.0,-2.285125494003296,31.762731552124023,60.82027816772461
12.86,0.0,-2.285125494003296,31.762731552124023,60.20504379272461
12.9,0.0,-2.285125494003296,34.919158935546875,58.271453857421875
12.94,0.0,-2.285125494003296,34.459590911865234,54.40426254272461
12.96,0.0,-2.285125494003296,34.459590911865234,48.779266357421875
13.0,0.0,-2.285125494003296,29.979154586791992,42.18749237060547
13.040000000000001,0.0,-2.285125494003296,24.716047286987305,34.628875732421875
13.08,0.0,-2.285125494003296,24.716047286987305,25.839818954467773
13.1,0.0,-2.285125494003296,21.50792121887207,15.644503593444824
13.14,0.0,-2.285125494003296,5.990209579467773,8.701151847839355
13.18,0.0,-2.285125494003296,-2.559957981109619,-0.26368993520736694
13.200000000000001,0.0,-2.285125494003296,-2.559957981109619,-8.964859008789062
13.24,0.0,-2.285125494003296,-6.812301158905029,-16.17188262939453
13.280000000000001,0.0,-2.285125494003296,-22.20144271850586,-21.445337295532227
13.3,0.0,-2.285125494003296,-22.20144271850586,-26.982433319091797
13.36,0.0,-2.285125494003296,-25.352031707763672,-30.937522888183594
13.38,0.0,-2.285125494003296,-30.465988159179688,-31.640649795532227
13.42,0.0,-2.285125494003296,-34.9915771484375,-31.640649795532227
13.46,0.0,-2.285125494003296,-34.11980056762695,-31.640649795532227
13.5,0.0,-2.285125494003296,-34.11980056762695,-29.531269073486328
13.52,0.0,-2.285125494003296,-26.342296600341797,-24.521514892578125
13.56,0.0,-2.285125494003296,-23.29938507080078,-18.720718383789062
13.6,0.0,-2.285125494003296,-16.19352149963379,-11.601585388183594
13.620000000000001,0.0,-2.285125494003296,-12.238408088684082,-5.0097975730896
13.66,0.0,-2.285125494003296,-3.8241689205169678,2.812490701675415
13.700000000000001,0.0,-2.285125494003296,4.830896854400635,10.546859741210938
13.72,0.0,-2.285125494003296,9.083059310913086,15.90817642211914
13.76,0.0,-2.285125494003296,17.11020851135254,19.863265991210938
13.8,0.0,-2.285125494003296,24.09352684020996,21.708972930908203
13.82,0.0,-2.285125494003296,27.055511474609375,21.796863555908203
13.86,0.0,-2.285125494003296,31.689767837524414,21.796863555908203
13.9,0.0,-2.285125494003296,34.37397766113281,21.621084213256836
13.92,0.0,-2.285125494003296,34.93744659423828,19.335920333862305
13.96,0.0,-2.285125494003296,34.40609359741211,15.556612968444824
14.0,0.0,-2.285125494003296,31.75496482849121,10.634751319885254
14.02,0.0,-2.285125494003296,27.132139205932617,2.900381565093994
14.06,0.0,-2.285125494003296,24.165143966674805,-3.691434383392334
14.1,0.0,-2.285125494003296,17.14807891845703,-11.95314884185791
14.120000000000001,0.0,-2.285125494003296,17.14807891845703,-20.30275535583496
14.16,0.0,-2.285125494003296,4.7640814781188965,-26.630870819091797
14.200000000000001,0.0,-2.285125494003296,-3.983023166656494,-32.43166732788086
14.24,0.0,-2.285125494003296,-12.488227844238281,-35.94727325439453
14.26,0.0,-2.285125494003296,-20.218061447143555,-36.8261833190918
14.3,0.0,-2.285125494003296,-23.6373291015625,-36.8261833190918
14.34,0.0,-2.285125494003296,-29.31398582458496,-36.8261833190918
14.38,0.0,-2.285125494003296,-33.15110778808594,-36.1230583190918
14.4,0.0,-2.285125494003296,-33.15110778808594,-33.486358642578125
14.44,0.0,-2.285125494003296,-34.297874450683594,-28.916034698486328
14.48,0.0,-2.285125494003296,-33.402645111083984,-22.324243545532227
14.5,0.0,-2.285125494003296,-29.736177444458008,-12.392602920532227
14.540000000000001,0.0,-2.285125494003296,-27.17586326599121,-5.0976881980896
14.58,0.0,-2.285125494003296,-20.801298141479492,3.9550445079803467
14.620000000000001,0.0,-2.285125494003296,-13.099711418151855,13.359368324279785
14.64,0.0,-2.285125494003296,-13.099711418151855,23.378873825073242
14.68,0.0,-2.285125494003296,-0.14044728875160217,28.740217208862305
14.72,0.0,-2.285125494003296,8.63611125946045,34.540985107421875
14.76,0.0,-2.285125494003296,16.867855072021484,39.72654724121094
14.780000000000001,0.0,-2.285125494003296,24.02642250061035,42.36327362060547
14.82,0.0,-2.285125494003296,27.055511474609375,42.451168060302734
14.86,0.0,-2.285125494003296,31.76777458190918,42.18749237060547
14.9,0.0,-2.285125494003296,34.441654205322266,41.74803924560547
14.92,0.0,-2.285125494003296,34.441654205322266,37.089820861816406
14.96,0.0,-2.285125494003296,34.281578063964844,32.958980560302734
15.0,0.0,-2.285125494003296,31.396333694458008,27.949199676513672
15.02,0.0,-2.285125494003296,29.17489242553711,21.00584602355957
15.06,0.0,-2.285125494003296,23.35105323791504,14.853485107421875
15.1,0.0,-2.285125494003296,16.008928298950195,5.53708028793335
15.14,0.0,-2.285125494003296,16.008928298950195,-3.779325246810913
15.16,0.0,-2.285125494003296,3.203630208969116,-11.513693809509277
15.200000000000001,0.0,-2.285125494003296,-5.721473217010498,-17.49024772644043
15.22,0.0,-2.285125494003296,-14.280787467956543,-22.851591110229492
15.26,0.0,-2.285125494003296,-18.2464656829834,-26.455089569091797
15.3,0.0,-2.285125494003296,-25.224271774291992,-27.59766960144043
15.34,0.0,-2.285125494003296,-30.556529998779297,-27.59766960144043
15.36,0.0,-2.285125494003296,-30.556529998779297,-27.59766960144043
15.4,0.0,-2.285125494003296,-34.730918884277344,-26.191415786743164
15.44,0.0,-2.285125494003296,-34.69063949584961,-23.027372360229492
15.46,0.0,-2.285125494003296,-32.36646270751953,-16.875009536743164
15.5,0.0,-2.285125494003296,-30.38835906982422,-10.107439994812012
15.540000000000001,0.0,-2.285125494003296,-24.960166931152344,-3.3398704528808594
15.56,0.0,-2.285125494003296,-17.877653121948242,5.800752639770508
15.6,0.0,-2.285125494003296,-13.85776424407959,13.007804870605469
15.64,0.0,-2.285125494003296,-5.192113399505615,21.445301055908203
15.68,0.0,-2.285125494003296,3.825087308883667,28.388652801513672
15.700000000000001,0.0,-2.285125494003296,12.595194816589355,34.36520767211914
15.74,0.0,-2.285125494003296,16.703264236450195,38.58396911621094
15.780000000000001,0.0,-2.285125494003296,24.021717071533203,40.5175666809082
15.8,0.0,-2.285125494003296,29.742509841918945,40.7812385559082
15.84,0.0,-2.285125494003296,31.8781681060791,40.5175666809082
15.88,0.0,-2.285125494003296,34.51824951171875,39.28709411621094
15.9,0.0,-2.285125494003296,34.846920013427734,35.50778579711914
15.94,0.0,-2.285125494003296,34.846920013427734,30.849597930908203
15.98,0.0,-2.285125494003296,30.98868179321289,24.433565139770508
16.02,0.0,-2.285125494003296,25.75985336303711,17.92966651916504
16.04,0.0,-2.285125494003296,18.790590286254883,10.722641944885254
16.080000000000002,0.0,-2.285125494003296,14.795174598693848,2.724599838256836
16.12,0.0,-2.285125494003296,6.118528842926025,-4.394561290740967
16.14,0.0,-2.285125494003296,6.118528842926025,-13.00783920288086
16.18,0.0,-2.285125494003296,-7.493374347686768,-18.457046508789062
16.22,0.0,-2.285125494003296,-16.069700241088867,-22.412134170532227
16.240000000000002,0.0,-2.285125494003296,-23.56090545654297,-25.66407012939453
16.28,0.0,-2.285125494003296,-26.73564338684082,-26.542980194091797
16.32,0.0,-2.285125494003296,-31.670520782470703,-26.455089569091797
16.34,0.0,-2.285125494003296,-31.670520782470703,-26.455089569091797
16.38,0.0,-2.285125494003296,-34.9619255065918,-24.96097183227539
16.42,0.0,-2.285125494003296,-34.18922805786133,-21.181663513183594
16.44,0.0,-2.285125494003296,-31.07415199279785,-14.150420188903809
16.48,0.0,-2.285125494003296,-31.07415199279785,-6.503914833068848
16.52,0.0,-2.285125494003296,-28.697265625,0.6152188181877136
16.54,0.0,-2.285125494003296,-14.76167106628418,8.701151847839355
16.580000000000002,0.0,-2.285125494003296,-10.469660758972168,16.787084579467773
16.62,0.0,-2.285125494003296,-1.4142554998397827,23.818328857421875
16.64,0.0,-2.285125494003296,7.745887756347656,29.794906616210938
16.68,0.0,-2.285125494003296,7.745887756347656,35.06833267211914
16.72,0.0,-2.285125494003296,20.305458068847656,38.32029342651367
16.740000000000002,0.0,-2.285125494003296,27.04319953918457,39.6386604309082
16.78,0.0,-2.285125494003296,29.73471450805664,39.55076599121094
16.82,0.0,-2.285125494003296,33.52632522583008,39.46287536621094
16.84,0.0,-2.285125494003296,33.52632522583008,37.35349655151367
16.88,0.0,-2.285125494003296,34.80425262451172,34.101531982421875
16.92,0.0,-2.285125494003296,32.62181854248047,30.05858039855957
16.96,0.0,-2.285125494003296,28.158361434936523,22.67577362060547
16.98,0.0,-2.285125494003296,28.158361434936523,15.205048561096191
17.02,0.0,-2.285125494003296,17.896713256835938,7.7343525886535645
17.06,0.0,-2.285125494003296,9.370951652526855,-0.35158079862594604
17.080000000000002,0.0,-2.285125494003296,0.18017877638339996,-8.43751335144043
17.12,0.0,-2.285125494003296,-4.463655948638916,-15.205110549926758
17.16,0.0,-2.285125494003296,-13.4391508102417,-19.599628448486328
17.18,0.0,-2.285125494003296,-21.473642349243164,-23.554718017578125
17.22,0.0,-2.285125494003296,-24.956281661987305,-25.04886245727539
17.26,0.0,-2.285125494003296,-30.542098999023438,-25.13675308227539
17.28,0.0,-2.285125494003296,-33.96939468383789,-25.13675308227539
17.32,0.0,-2.285125494003296,-34.78954315185547,-24.257844924926758
17.36,0.0,-2.285125494003296,-34.56648635864258,-21.445337295532227
17.38,0.0,-2.285125494003296,-34.56648635864258,-15.46878433227539
17.42,0.0,-2.285125494003296,-29.675098419189453,-8.613295555114746
17.46,0.0,-2.285125494003296,-23.706750869750977,-2.988306999206543
17.48,0.0,-2.285125494003296,-23.706750869750977,6.855443477630615
17.52,0.0,-2.285125494003296,-11.7392578125,14.501921653747559
17.56,0.0,-2.285125494003296,-2.5774667263031006,23.11522674560547
17.580000000000002,0.0,-2.285125494003296,6.7760443687438965,29.794906616210938
17.62,0.0,-2.285125494003296,11.31437873840332,35.771461486816406
17.66,0.0,-2.285125494003296,19.705766677856445,40.7812385559082
17.7,0.0,-2.285125494003296,26.686086654663086,44.47262954711914
17.72,0.0,-2.285125494003296,26.686086654663086,45.43942642211914
17.78,0.0,-2.285125494003296,29.48395347595215,45.08786392211914
17.8,0.0,-2.285125494003296,33.43996047973633,44.121063232421875
17.84,0.0,-2.285125494003296,33.999229431152344,40.6054573059082
17.88,0.0,-2.285125494003296,30.550670623779297,35.50778579711914
17.900000000000002,0.0,-2.285125494003296,24.882963180541992,30.23436164855957
17.94,0.0,-2.285125494003296,21.338401794433594,23.818328857421875
17.98,0.0,-2.285125494003296,13.147680282592773,16.787084579467773
18.0,0.0,-2.285125494003296,3.9931209087371826,9.404278755187988
18.04,0.0,-2.285125494003296,-0.7391433119773865,2.1972546577453613
18.080000000000002,0.0,-2.285125494003296,-10.081904411315918,-3.5156521797180176
18.12,0.0,-2.285125494003296,-18.694608688354492,-8.876968383789062
18.14,0.0,-2.285125494003296,-22.526260375976562,-11.865257263183594
18.18,0.0,-2.285125494003296,-28.886917114257812,-12.392602920532227
18.22,0.0,-2.285125494003296,-33.13209533691406,-12.304712295532227
18.240000000000002,0.0,-2.285125494003296,-34.9448356628418,-11.865257263183594
18.28,0.0,-2.285125494003296,-34.88822937011719,-8.876968383789062
18.32,0.0,-2.285125494003296,-32.8505859375,-4.834015846252441
18.36,0.0,-2.285125494003296,-28.387113571166992,1.9335819482803345
18.38,0.0,-2.285125494003296,-28.387113571166992,9.931624412536621
18.42,0.0,-2.285125494003296,-17.896713256835938,17.75388526916504
18.46,0.0,-2.285125494003296,-9.121424674987793,25.312471389770508
18.48,0.0,-2.285125494003296,0.33725398778915405,33.04684066772461
18.52,0.0,-2.285125494003296,5.104374408721924,40.2538948059082
18.56,0.0,-2.285125494003296,14.27066421508789,45.790992736816406
18.6,0.0,-2.285125494003296,22.380956649780273,50.88863754272461
18.64,0.0,-2.285125494003296,28.82783317565918,53.085906982421875
18.66,0.0,-2.285125494003296,28.82783317565918,52.998016357421875
18.7,0.0,-2.285125494003296,34.3599853515625,52.55855941772461
18.740000000000002,0.0,-2.285125494003296,34.879432678222656,50.800750732421875
18.76,0.0,-2.285125494003296,34.1534538269043,46.230445861816406
18.8,0.0,-2.285125494003296,30.79453468322754,40.3417854309082
18.84,0.0,-2.285125494003296,25.11833953857422,34.277313232421875
18.86,0.0,-2.285125494003296,25.11833953857422,26.982398986816406
18.900000000000002,0.0,-2.285125494003296,13.223001480102539,18.281230926513672
18.94,0.0,-2.285125494003296,3.9049835205078125,12.480459213256836
18.96,0.0,-2.285125494003296,-5.715091705322266,5.361298561096191
19.0,0.0,-2.285125494003296,-10.410571098327637,0.08787357062101364
19.02,0.0,-2.285125494003296,-19.12689781188965,-3.603543519973755
19.06,0.0,-2.285125494003296,-22.981199264526367,-6.064460754394531
19.1,0.0,-2.285125494003296,-29.31398582458496,-6.855478286743164
19.14,0.0,-2.285125494003296,-29.31398582458496,-6.767587661743164
19.16,0.0,-2.285125494003296,-34.98952102661133,-5.537142753601074
19.2,0.0,-2.285125494003296,-34.77262496948242,-2.197289228439331
19.240000000000002,0.0,-2.285125494003296,-32.35519790649414,2.3730363845825195
19.26,0.0,-2.285125494003296,-27.462909698486328,9.052715301513672
19.3,0.0,-2.285125494003296,-24.197208404541016,15.292940139770508
19.34,0.0,-2.285125494003296,-16.336698532104492,22.9394474029541
19.36,0.0,-2.285125494003296,-7.216945648193359,30.761707305908203
19.400000000000002,0.0,-2.285125494003296,-2.400508403778076,39.02342224121094
19.44,0.0,-2.285125494003296,7.282934665679932,45.966773986816406
19.46,0.0,-2.285125494003296,16.412647247314453,53.34957504272461
19.5,0.0,-2.285125494003296,20.54631233215332,57.56832504272461
19.54,0.0,-2.285125494003296,27.550325393676758,59.853477478027344
19.56,0.0,-2.285125494003296,32.42973709106445,60.292938232421875
19.6,0.0,-2.285125494003296,33.94589614868164,60.20504379272461
19.64,0.0,-2.285125494003296,34.98063659667969,59.677696228027344
19.66,0.0,-2.285125494003296,34.98063659667969,55.546844482421875
19.7,0.0,-2.285125494003296,31.475547790527344,50.88863754272461
19.740000000000002,0.0,-2.285125494003296,26.023460388183594,45.615211486816406
19.78,0.0,-2.285125494003296,18.540470123291016,37.17771530151367
19.8,0.0,-2.285125494003296,18.540470123291016,29.179670333862305
19.84,0.0,-2.285125494003296,4.808016777038574,21.00584602355957
19.88,0.0,-2.285125494003296,-4.9800214767456055,14.414031982421875
19.900000000000002,0.0,-2.285125494003296,-4.9800214767456055,7.20700740814209
19.96,0.0,-2.285125494003296,-9.777997970581055,0.08787357062101364
19.98,0.0,-2.285125494003296,-18.711009979248047,-4.04299783706665
20.02,0.0,-2.285125494003296,-31.601348876953125,-5.888679027557373
20.06,0.0,-2.285125494003296,-34.53715896606445,-6.416024208068848
20.1,0.0,-2.285125494003296,-34.75275802612305,-6.2402424812316895
20.12,0.0,-2.285125494003296,-33.8247184753418,-4.834015846252441
20.16,0.0,-2.285125494003296,-29.984874725341797,-1.0547077655792236
20.2,0.0,-2.285125494003296,-23.7698974609375,4.482389450073242
20.22,0.0,-2.285125494003296,-23.7698974609375,11.07420539855957
20.26,0.0,-2.285125494003296,-11.102547645568848,18.281230926513672
20.3,0.0,-2.285125494003296,-1.399483561515808,23.906217575073242
20.34,0.0,-2.285125494003296,8.4219331741333,28.740217208862305
20.36,0.0,-2.285125494003296,17.579692840576172,31.90428924560547
20.400000000000002,0.0,-2.285125494003296,21.677356719970703,32.60741424560547
20.44,0.0,-2.285125494003296,28.499109268188477,32.60741424560547
20.46,0.0,-2.285125494003296,33.0474967956543,32.34374237060547
20.5,0.0,-2.285125494003296,34.3458366394043,31.289051055908203
20.54,0.0,-2.285125494003296,34.85702133178711,28.388652801513672
20.580000000000002,0.0,-2.285125494003296,32.57168197631836,22.9394474029541
20.6,0.0,-2.285125494003296,32.57168197631836,15.90817642211914
20.64,0.0,-2.285125494003296,24.34699249267578,9.580060958862305
20.68,0.0,-2.285125494003296,16.301549911499023,1.6699093580245972
20.7,0.0,-2.285125494003296,6.935517311096191,-6.679696559906006
20.740000000000002,0.0,-2.285125494003296,1.9901413917541504,-14.326202392578125
20.78,0.0,-2.285125494003296,-7.925995826721191,-19.160173416137695
20.82,0.0,-2.285125494003296,-17.207653045654297,-23.642608642578125
20.84,0.0,-2.285125494003296,-21.37134552001953,-26.279306411743164
20.88,0.0,-2.285125494003296,-28.31993865966797,-26.718759536743164
20.92,0.0,-2.285125494003296,-32.97256088256836,-26.630870819091797
20.94,0.0,-2.285125494003296,-34.30979537963867,-26.630870819091797
20.98,0.0,-2.285125494003296,-34.866214752197266,-24.609407424926758
21.02,0.0,-2.285125494003296,-32.57979202270508,-19.775409698486328
21.04,0.0,-2.285125494003296,-32.57979202270508,-11.95314884185791
21.080000000000002,0.0,-2.285125494003296,-24.275203704833984,-5.712924480438232
21.12,0.0,-2.285125494003296,-16.14107322692871,1.5820183753967285
21.14,0.0,-2.285125494003296,-16.14107322692871,11.425768852233887
21.18,0.0,-2.285125494003296,-1.687489628791809,18.720684051513672
21.22,0.0,-2.285125494003296,8.299907684326172,24.697235107421875
21.240000000000002,0.0,-2.285125494003296,17.611642837524414,28.915996551513672
21.28,0.0,-2.285125494003296,21.770090103149414,31.81639862060547
21.32,0.0,-2.285125494003296,28.6612491607666,32.958980560302734
21.34,0.0,-2.285125494003296,28.6612491607666,33.13473129272461
21.38,0.0,-2.285125494003296,34.44296646118164,33.04684066772461
21.42,0.0,-2.285125494003296,34.78822708129883,32.25585174560547
21.44,0.0,-2.285125494003296,32.2509880065918,28.915996551513672
21.48,0.0,-2.285125494003296,29.956241607666016,24.609344482421875
21.52,0.0,-2.285125494003296,23.549285888671875,18.808574676513672
21.56,0.0,-2.285125494003296,15.17927074432373,12.04100513458252
21.580000000000002,0.0,-2.285125494003296,15.17927074432373,3.4277267456054688
21.62,0.0,-2.285125494003296,10.469660758972168,-3.076197862625122
21.66,0.0,-2.285125494003296,-9.53642749786377,-9.316422462463379
21.68,0.0,-2.285125494003296,-9.53642749786377,-15.029329299926758
21.72,0.0,-2.285125494003296,-22.849197387695312,-17.49024772644043
21.76,0.0,-2.285125494003296,-29.485944747924805,-18.28126335144043
21.78,0.0,-2.285125494003296,-31.905956268310547,-18.28126335144043
21.82,0.0,-2.285125494003296,-34.691741943359375,-18.193374633789062
21.86,0.0,-2.285125494003296,-34.5628547668457,-16.962902069091797
21.88,0.0,-2.285125494003296,-34.5628547668457,-11.689476013183594
21.92,0.0,-2.285125494003296,-33.39712142944336,-5.361361026763916
21.96,0.0,-2.285125494003296,-22.118478775024414,1.054673194885254
22.0,0.0,-2.285125494003296,-13.38111400604248,8.437479972839355
22.02,0.0,-2.285125494003296,-3.505305290222168,16.523412704467773
22.06,0.0,-2.285125494003296,1.6007297039031982,22.58788299560547
22.1,0.0,-2.285125494003296,11.607723236083984,25.75192642211914
22.14,0.0,-2.285125494003296,20.63597297668457,27.59763526916504
22.16,0.0,-2.285125494003296,20.63597297668457,27.68552589416504
22.2,0.0,-2.285125494003296,24.53746223449707,27.509742736816406
22.240000000000002,0.0,-2.285125494003296,34.24537658691406,27.24607276916504
22.28,0.0,-2.285125494003296,34.24537658691406,25.400362014770508
22.3,0.0,-2.285125494003296,34.06291198730469,21.269519805908203
22.34,0.0,-2.285125494003296,30.277725219726562,16.699193954467773
22.38,0.0,-2.285125494003296,23.896434783935547,10.634751319885254
22.400000000000002,0.0,-2.285125494003296,23.896434783935547,2.1093637943267822
22.44,0.0,-2.285125494003296,10.692492485046387,-5.537142753601074
22.46,0.0,-2.285125494003296,0.565462052822113,-13.183621406555176
22.5,0.0,-2.285125494003296,0.565462052822113,-20.039081573486328
22.54,0.0,-2.285125494003296,-14.453512191772461,-25.66407012939453
22.580000000000002,0.0,-2.285125494003296,-23.092498779296875,-29.707050323486328
22.6,0.0,-2.285125494003296,-29.742509841918945,-32.08010482788086
22.64,0.0,-2.285125494003296,-32.13241195678711,-32.25588607788086
22.68,0.0,-2.285125494003296,-34.779720306396484,-32.16799545288086
22.72,0.0,-2.285125494003296,-34.779720306396484,-31.904321670532227
22.740000000000002,0.0,-2.285125494003296,-34.97793960571289,-28.476577758789062
22.78,0.0,-2.285125494003296,-28.34109878540039,-23.730499267578125
22.82,0.0,-2.285125494003296,-21.115062713623047,-17.578136444091797
22.84,0.0,-2.285125494003296,-12.044285774230957,-9.404313087463379
22.88,0.0,-2.285125494003296,-7.0586442947387695,-2.8125252723693848
22.900000000000002,0.0,-2.285125494003296,3.2698729038238525,4.218717098236084
22.94,0.0,-2.285125494003296,8.386054992675781,9.843733787536621
22.98,0.0,-2.285125494003296,17.96178436279297,13.623013496398926
23.0,0.0,-2.285125494003296,25.97025489807129,16.08395767211914
23.04,0.0,-2.285125494003296,29.159059524536133,16.435522079467773
23.080000000000002,0.0,-2.285125494003296,33.55247497558594,16.347631454467773
23.1,0.0,-2.285125494003296,34.65859603881836,16.08395767211914
23.14,0.0,-2.285125494003296,34.56401824951172,14.150358200073242
23.18,0.0,-2.285125494003296,31.42364501953125,9.667951583862305
23.2,0.0,-2.285125494003296,25.508209228515625,3.4277267456054688
23.240000000000002,0.0,-2.285125494003296,21.662845611572266,-2.28518009185791
23.28,0.0,-2.285125494003296,12.619330406188965,-9.316422462463379
23.3,0.0,-2.285125494003296,2.452127695083618,-17.226573944091797
23.34,0.0,-2.285125494003296,-2.7737019062042236,-22.14846420288086
23.38,0.0,-2.285125494003296,-12.929879188537598,-26.367197036743164
23.400000000000002,0.0,-2.285125494003296,-21.944013595581055,-29.179704666137695
23.44,0.0,-2.285125494003296,-21.944013595581055,-29.794940948486328
23.48,0.0,-2.285125494003296,-31.6088924407959,-29.794940948486328
23.52,0.0,-2.285125494003296,-34.63755416870117,-29.794940948486328
23.54,0.0,-2.285125494003296,-34.99938201904297,-27.68556022644043
23.580000000000002,0.0,-2.285125494003296,-33.37354278564453,-23.818387985229492
23.62,0.0,-2.285125494003296,-28.76007080078125,-16.962902069091797
23.64,0.0,-2.285125494003296,-25.4505615234375,-9.755876541137695
23.66,0.0,-2.285125494003296,-17.193973541259766,-3.691434383392334
23.7,0.0,-2.285125494003296,-12.432103157043457,4.218717098236084
23.740000000000002,0.0,-2.285125494003296,-2.1746132373809814,10.898423194885254
23.78,0.0,-2.285125494003296,-2.1746132373809814,18.544902801513672
23.82,0.0,-2.285125494003296,18.006175994873047,23.11522674560547
23.84,0.0,-2.285125494003296,18.006175994873047,24.785127639770508
23.88,0.0,-2.285125494003296,29.315500259399414,24.785127639770508
23.92,0.0,-2.285125494003296,33.67499923706055,24.697235107421875
23.94,0.0,-2.285125494003296,34.988094329833984,24.345672607421875
23.98,0.0,-2.285125494003296,34.45179748535156,22.76366424560547
24.02,0.0,-2.285125494003296,31.050308227539062,18.984357833862305
24.060000000000002,0.0,-2.285125494003296,24.825063705444336,13.798794746398926
24.080000000000002,0.0,-2.285125494003296,24.825063705444336,6.767552375793457
24.12,0.0,-2.285125494003296,11.477749824523926,-0.7910351753234863
24.16,0.0,-2.285125494003296,1.0827527046203613,-6.767587661743164
24.18,0.0,-2.285125494003296,1.0827527046203613,-13.974638938903809
24.22,0.0,-2.285125494003296,-14.406371116638184,-17.66602897644043
24.26,0.0,-2.285125494003296,-23.28628158569336,-19.775409698486328
24.28,0.0,-2.285125494003296,-23.28628158569336,-20.30275535583496
24.32,0.0,-2.285125494003296,-32.412681579589844,-20.30275535583496
24.36,0.0,-2.285125494003296,-34.88042449951172,-20.214862823486328
24.38,0.0,-2.285125494003296,-34.88042449951172,-17.402355194091797
24.42,0.0,-2.285125494003296,-34.91547775268555,-12.04103946685791
24.46,0.0,-2.285125494003296,-32.57979202270508,-6.416024208068848
24.5,0.0,-2.285125494003296,-19.3853759765625,0.7910005450248718
24.52,0.0,-2.285125494003296,-19.3853759765625,9.843733787536621
24.560000000000002,0.0,-2.285125494003296,-4.5076422691345215,18.01755714416504
24.6,0.0,-2.285125494003296,6.14036226272583,25.13669204711914
24.62,0.0,-2.285125494003296,16.22627830505371,31.81639862060547
24.66,0.0,-2.285125494003296,20.76114845275879,37.52927780151367
24.7,0.0,-2.285125494003296,28.285694122314453,41.30858612060547
24.740000000000002,0.0,-2.285125494003296,28.285694122314453,43.681610107421875
24.76,0.0,-2.285125494003296,31.09835433959961,43.857391357421875
24.8,0.0,-2.285125494003296,34.67575454711914,43.681610107421875
24.84,0.0,-2.285125494003296,31.621578216552734,42.275386810302734
24.88,0.0,-2.285125494003296,25.609838485717773,37.70505905151367
24.900000000000002,0.0,-2.285125494003296,17.197193145751953,32.958980560302734
24.94,0.0,-2.285125494003296,12.328391075134277,27.77341651916504
24.98,0.0,-2.285125494003296,1.8351417779922485,21.708972930908203
25.0,0.0,-2.285125494003296,-8.83742904663086,15.90817642211914
25.04,0.0,-2.285125494003296,-8.83742904663086,11.689441680908203
25.080000000000002,0.0,-2.285125494003296,-23.00558090209961,9.404278755187988
25.12,0.0,-2.285125494003296,-29.9237003326416,8.876934051513672
25.14,0.0,-2.285125494003296,-34.02278137207031,8.964824676513672
25.18,0.0,-2.285125494003296,-34.88080596923828,9.755843162536621
25.22,0.0,-2.285125494003296,-34.10823440551758,12.216787338256836
25.240000000000002,0.0,-2.285125494003296,-30.10572624206543,17.226539611816406
25.28,0.0,-2.285125494003296,-26.998565673828125,22.499990463256836
25.32,0.0,-2.285125494003296,-18.93768882751465,27.59763526916504
25.34,0.0,-2.285125494003296,-9.072351455688477,35.859352111816406
25.38,0.0,-2.285125494003296,-3.750683307647705,42.89059066772461
25.42,0.0,-2.285125494003296,7.037827968597412,49.042938232421875
25.44,0.0,-2.285125494003296,17.16257667541504,55.10738754272461
25.48,0.0,-2.285125494003296,17.16257667541504,57.480438232421875
25.52,0.0,-2.285125494003296,29.027563095092773,57.74410629272461
25.560000000000002,0.0,-2.285125494003296,33.61491394042969,57.65621566772461
25.6,0.0,-2.285125494003296,34.985774993896484,56.601531982421875
25.62,0.0,-2.285125494003296,34.985774993896484,52.38277816772461
25.66,0.0,-2.285125494003296,30.797607421875,47.548805236816406
25.7,0.0,-2.285125494003296,24.223899841308594,41.1328010559082
25.72,0.0,-2.285125494003296,24.223899841308594,33.22262191772461
25.76,0.0,-2.285125494003296,10.24459457397461,26.10348892211914
25.8,0.0,-2.285125494003296,-0.5174199342727661,18.01755714416504
25.82,0.0,-2.285125494003296,-0.5174199342727661,11.24998664855957
25.86,0.0,-2.285125494003296,-5.948328495025635,4.6581711769104
25.900000000000002,0.0,-2.285125494003296,-24.99253273010254,0.35154619812965393
25.94,0.0,-2.285125494003296,-31.316286087036133,-1.9336165189743042
25.96,0.0,-2.285125494003296,-34.60627365112305,-2.28518009185791
26.0,0.0,-2.285125494003296,-34.60627365112305,-1.845725655555725
26.04,0.0,-2.285125494003296,-33.229408264160156,-0.5273625254631042
26.080000000000002,0.0,-2.285125494003296,-28.22407341003418,2.5488181114196777
26.1,0.0,-2.285125494003296,-20.464691162109375,7.822243690490723
26.14,0.0,-2.285125494003296,-15.778423309326172,12.832022666931152
26.18,0.0,-2.285125494003296,-5.362925052642822,19.423810958862305
26.2,0.0,-2.285125494003296,5.5837812423706055,25.75192642211914
26.240000000000002,0.0,-2.285125494003296,10.920992851257324,29.619125366210938
26.28,0.0,-2.285125494003296,20.66805076599121,32.51952362060547
26.3,0.0,-2.285125494003296,28.393598556518555,33.837860107421875
26.34,0.0,-2.285125494003296,31.24998664855957,33.837860107421875
26.38,0.0,-2.285125494003296,34.59513854980469,33.662078857421875
26.400000000000002,0.0,-2.285125494003296,34.53685760498047,33.486297607421875
26.44,0.0,-2.285125494003296,33.21778106689453,30.49803352355957
26.48,0.0,-2.285125494003296,28.158361434936523,26.191381454467773
26.5,0.0,-2.285125494003296,20.314489364624023,19.775375366210938
26.54,0.0,-2.285125494003296,15.580161094665527,14.326140403747559
26.580000000000002,0.0,-2.285125494003296,5.070549488067627,7.7343525886535645
26.6,0.0,-2.285125494003296,-5.948328495025635,-1.7302845662925392e-05
26.64,0.0,-2.285125494003296,-11.30650806427002,-5.0097975730896
26.68,0.0,-2.285125494003296,-21.053850173950195,-8.964859008789062
26.7,0.0,-2.285125494003296,-28.714181900024414,-11.162130355834961
26.740000000000002,0.0,-2.285125494003296,-31.51182746887207,-11.425804138183594
26.78,0.0,-2.285125494003296,-34.689781188964844,-11.337912559509277
26.8,0.0,-2.285125494003296,-34.40930938720703,-10.634785652160645
26.84,0.0,-2.285125494003296,-32.965118408203125,-7.1191511154174805
26.88,0.0,-2.285125494003296,-27.64522933959961,-3.076197862625122
26.900000000000002,0.0,-2.285125494003296,-23.90183448791504,2.9882724285125732
26.94,0.0,-2.285125494003296,-14.713900566101074,9.316388130187988
26.98,0.0,-2.285125494003296,-4.044522285461426,16.962865829467773
27.0,0.0,-2.285125494003296,-4.044522285461426,23.906217575073242
27.04,0.0,-2.285125494003296,12.384583473205566,27.77341651916504
27.080000000000002,0.0,-2.285125494003296,22.015201568603516,30.32225227355957
27.1,0.0,-2.285125494003296,26.054332733154297,31.552724838256836
27.14,0.0,-2.285125494003296,32.06796646118164,31.552724838256836
27.18,0.0,-2.285125494003296,34.848384857177734,31.464834213256836
27.2,0.0,-2.285125494003296,34.848384857177734,30.49803352355957
27.240000000000002,0.0,-2.285125494003296,32.42521667480469,27.42185401916504
27.28,0.0,-2.285125494003296,26.642393112182617,23.20311737060547
27.3,0.0,-2.285125494003296,18.154123306274414,17.138648986816406
27.34,0.0,-2.285125494003296,13.15453052520752,11.689441680908203
27.38,0.0,-2.285125494003296,2.2778913974761963,4.746062278747559
27.400000000000002,0.0,-2.285125494003296,-8.83742904663086,-2.109398365020752
27.44,0.0,-2.285125494003296,-14.128782272338867,-7.2949323654174805
27.48,0.0,-2.285125494003296,-23.502765655517578,-11.074240684509277
27.5,0.0,-2.285125494003296,-30.48370933532715,-12.392602920532227
27.54,0.0,-2.285125494003296,-32.840694427490234,-12.392602920532227
27.560000000000002,0.0,-2.285125494003296,-34.98223114013672,-12.216821670532227
27.6,0.0,-2.285125494003296,-34.98223114013672,-10.722677230834961
27.64,0.0,-2.285125494003296,-31.509817123413086,-6.943369388580322
27.68,0.0,-2.285125494003296,-25.074542999267578,-2.4609618186950684
27.7,0.0,-2.285125494003296,-20.836950302124023,4.042935371398926
27.740000000000002,0.0,-2.285125494003296,-10.863916397094727,9.931624412536621
27.76,0.0,-2.285125494003296,0.2337697148323059,17.226539611816406
27.8,0.0,-2.285125494003296,5.849053382873535,22.060537338256836
27.84,0.0,-2.285125494003296,16.487680435180664,24.521455764770508
27.86,0.0,-2.285125494003296,21.234249114990234,25.048799514770508
27.900000000000002,0.0,-2.285125494003296,28.965986251831055,25.13669204711914
27.92,0.0,-2.285125494003296,33.705299377441406,25.048799514770508
27.96,0.0,-2.285125494003296,34.78384017944336,24.345672607421875
28.0,0.0,-2.285125494003296,34.21453857421875,22.412099838256836
28.02,0.0,-2.285125494003296,30.092994689941406,17.665992736816406
28.060000000000002,0.0,-2.285125494003296,26.81835174560547,13.095695495605469
28.1,0.0,-2.285125494003296,18.263809204101562,6.943334102630615
28.12,0.0,-2.285125494003296,7.80174446105957,-1.3183804750442505
28.16,0.0,-2.285125494003296,2.190290689468384,-7.558604717254639
28.2,0.0,-2.285125494003296,-9.061641693115234,-13.271512031555176
28.22,0.0,-2.285125494003296,-19.37383460998535,-17.226573944091797
28.26,0.0,-2.285125494003296,-23.832901000976562,-18.720718383789062
28.3,0.0,-2.285125494003296,-30.770347595214844,-18.808609008789062
28.32,0.0,-2.285125494003296,-34.48674011230469,-18.632827758789062
28.36,0.0,-2.285125494003296,-34.9986572265625,-17.92970085144043
28.400000000000002,0.0,-2.285125494003296,-33.25830841064453,-14.765657424926758
28.42,0.0,-2.285125494003296,-28.019447326660156,-9.316422462463379
28.46,0.0,-2.285125494003296,-24.2452335357666,-4.394561290740967
28.5,0.0,-2.285125494003296,-14.881370544433594,1.9335819482803345
28.52,0.0,-2.285125494003296,-3.9417104721069336,10.81053352355957
28.560000000000002,0.0,-2.285125494003296,1.7622424364089966,16.787084579467773
28.6,0.0,-2.285125494003296,12.884359359741211,21.708972930908203
28.62,0.0,-2.285125494003296,22.649776458740234,24.609344482421875
28.66,0.0,-2.285125494003296,26.690868377685547,24.785127639770508
28.7,0.0,-2.285125494003296,32.55067443847656,24.697235107421875
28.740000000000002,0.0,-2.285125494003296,34.211421966552734,24.609344482421875
28.76,0.0,-2.285125494003296,33.65046310424805,23.730438232421875
28.8,0.0,-2.285125494003296,31.629493713378906,20.390609741210938
28.84,0.0,-2.285125494003296,25.11833953857422,16.25973892211914
28.86,0.0,-2.285125494003296,15.924235343933105,10.283187866210938
28.900000000000002,0.0,-2.285125494003296,10.617680549621582,3.0761632919311523
28.94,0.0,-2.285125494003296,-0.7068102955818176,-2.7246344089508057
28.96,0.0,-2.285125494003296,-11.96269702911377,-8.613295555114746
29.0,0.0,-2.285125494003296,-17.184314727783203,-12.392602920532227
29.04,0.0,-2.285125494003296,-26.112863540649414,-13.798856735229492
29.060000000000002,0.0,-2.285125494003296,-32.244163513183594,-13.886748313903809
29.12,0.0,-2.285125494003296,-32.244163513183594,-13.710967063903809
29.14,0.0,-2.285125494003296,-33.828514099121094,-10.634785652160645
29.18,0.0,-2.285125494003296,-31.896072387695312,-6.416024208068848
29.22,0.0,-2.285125494003296,-25.508209228515625,-1.2304894924163818
29.240000000000002,0.0,-2.285125494003296,-16.362842559814453,6.328097820281982
29.28,0.0,-2.285125494003296,-11.054340362548828,12.919914245605469
29.32,0.0,-2.285125494003296,0.31785088777542114,19.951156616210938
29.34,0.0,-2.285125494003296,11.66262435913086,25.312471389770508
29.38,0.0,-2.285125494003296,16.936630249023438,27.949199676513672
29.42,0.0,-2.285125494003296,25.97025489807129,29.003890991210938
29.46,0.0,-2.285125494003296,32.18819046020508,29.179670333862305
29.5,0.0,-2.285125494003296,34.90880584716797,29.091779708862305
29.52,0.0,-2.285125494003296,34.90880584716797,27.77341651916504
29.560000000000002,0.0,-2.285125494003296,31.88274383544922,24.697235107421875
29.6,0.0,-2.285125494003296,25.4378719329834,19.863265991210938
29.62,0.0,-2.285125494003296,16.209901809692383,14.150358200073242
29.66,0.0,-2.285125494003296,10.856888771057129,8.173807144165039
29.7,0.0,-2.285125494003296,-0.5959498286247253,1.7578002214431763
29.72,0.0,-2.285125494003296,-11.990480422973633,-3.867216110229492
29.76,0.0,-2.285125494003296,-17.271181106567383,-7.3828229904174805
29.8,0.0,-2.285125494003296,-26.2722110748291,-9.052749633789062
29.82,0.0,-2.285125494003296,-26.2722110748291,-9.140640258789062
29.86,0.0,-2.285125494003296,-34.14149475097656,-8.876968383789062
29.900000000000002,0.0,-2.285125494003296,-34.78250503540039,-7.470714092254639
29.92,0.0,-2.285125494003296,-31.587833404541016,-3.164088726043701
29.96,0.0,-2.285125494003296,-28.644269943237305,1.6699093580245972
29.98,0.0,-2.285125494003296,-20.467689514160156,7.119115829467773
30.02,0.0,-2.285125494003296,-15.46090316772461,13.095695495605469
30.060000000000002,0.0,-2.285125494003296,-4.301395893096924,20.65428352355957
30.080000000000002,0.0,-2.285125494003296,-4.301395893096924,26.982398986816406
30.12,0.0,-2.285125494003296,1.540730357170105,31.728506088256836
30.16,0.0,-2.285125494003296,22.907934188842773,34.80466079711914
30.2,0.0,-2.285125494003296,30.335498809814453,36.123023986816406
30.240000000000002,0.0,-2.285125494003296,34.39039993286133,36.210914611816406
30.26,0.0,-2.285125494003296,34.39039993286133,35.859352111816406
30.3,0.0,-2.285125494003296,33.26262283325195,34.36520767211914
30.34,0.0,-2.285125494003296,27.816043853759766,31.640615463256836
30.36,0.0,-2.285125494003296,19.255939483642578,26.718727111816406
30.400000000000002,0.0,-2.285125494003296,14.094959259033203,21.269519805908203
30.42,0.0,-2.285125494003296,2.732250928878784,15.99606704711914
30.46,0.0,-2.285125494003296,2.732250928878784,10.458970069885254
30.5,0.0,-2.285125494003296,-3.149339199066162,5.888643741607666
30.52,0.0,-2.285125494003296,-24.20388412475586,2.812490701675415
30.560000000000002,0.0,-2.285125494003296,-28.10118293762207,1.5820183753967285
30.6,0.0,-2.285125494003296,-33.421356201171875,1.6699093580245972
30.62,0.0,-2.285125494003296,-34.97744369506836,2.1093637943267822
30.66,0.0,-2.285125494003296,-34.97744369506836,5.097625732421875
30.7,0.0,-2.285125494003296,-29.976770401000977,8.876934051513672
30.72,0.0,-2.285125494003296,-22.292036056518555,14.326140403747559
30.76,0.0,-2.285125494003296,-17.43487548828125,20.65428352355957
30.8,0.0,-2.285125494003296,-6.3767290115356445,26.542945861816406
30.82,0.0,-2.285125494003296,5.411313533782959,32.871089935302734
30.86,0.0,-2.285125494003296,11.160365104675293,38.40818405151367
30.900000000000002,0.0,-2.285125494003296,21.550174713134766,41.57225799560547
30.92,0.0,-2.285125494003296,29.494403839111328,43.33004379272461
30.96,0.0,-2.285125494003296,32.251346588134766,43.33004379272461
31.0,0.0,-2.285125494003296,34.937721252441406,43.066375732421875
31.02,0.0,-2.285125494003296,33.638492584228516,41.30858612060547
31.060000000000002,0.0,-2.285125494003296,31.520668029785156,37.26560592651367
31.1,0.0,-2.285125494003296,24.647258758544922,33.310516357421875
31.12,0.0,-2.285125494003296,24.647258758544922,26.982398986816406
31.16,0.0,-2.285125494003296,9.37540340423584,20.56639289855957
31.18,0.0,-2.285125494003296,-2.4189445972442627,15.205048561096191
31.220000000000002,0.0,-2.285125494003296,-8.299907684326172,10.371078491210938
31.26,0.0,-2.285125494003296,-19.183351516723633,5.53708028793335
31.28,0.0,-2.285125494003296,-27.866437911987305,1.9335819482803345
31.32,0.0,-2.285125494003296,-31.055849075317383,0.9667823314666748
31.36,0.0,-2.285125494003296,-34.66666030883789,0.9667823314666748
31.400000000000002,0.0,-2.285125494003296,-34.27934265136719,1.230454921722412
31.42,0.0,-2.285125494003296,-34.27934265136719,4.921844005584717
31.46,0.0,-2.285125494003296,-26.410322189331055,9.316388130187988
31.5,0.0,-2.285125494003296,-17.18029022216797,13.798794746398926
31.52,0.0,-2.285125494003296,-17.18029022216797,21.533193588256836
31.560000000000002,0.0,-2.285125494003296,0.007391982711851597,27.68552589416504
31.6,0.0,-2.285125494003296,11.760146141052246,33.837860107421875
31.62,0.0,-2.285125494003296,11.760146141052246,40.6933479309082
31.66,0.0,-2.285125494003296,26.450300216674805,45.175758361816406
31.7,0.0,-2.285125494003296,32.618133544921875,47.548805236816406
31.720000000000002,0.0,-2.285125494003296,34.986427307128906,47.988250732421875
31.76,0.0,-2.285125494003296,34.986427307128906,47.548805236816406
31.8,0.0,-2.285125494003296,34.638614654541016,46.318336486816406
31.84,0.0,-2.285125494003296,23.593000411987305,41.92382049560547
31.88,0.0,-2.285125494003296,13.493734359741211,36.826148986816406
31.900000000000002,0.0,-2.285125494003296,13.493734359741211,30.849597930908203
31.94,0.0,-2.285125494003296,7.765710353851318,23.730438232421875
31.98,0.0,-2.285125494003296,-15.694238662719727,17.84177589416504
32.0,0.0,-2.285125494003296,-25.34183692932129,13.798794746398926
32.04,0.0,-2.285125494003296,-29.107851028442383,10.722641944885254
32.08,0.0,-2.285125494003296,-33.96561050415039,8.701151847839355
32.12,0.0,-2.285125494003296,-34.81993103027344,8.085916519165039
32.14,0.0,-2.285125494003296,-31.562719345092773,8.173807144165039
32.18,0.0,-2.285125494003296,-28.492136001586914,9.667951583862305
32.22,0.0,-2.285125494003296,-19.917524337768555,12.656241416931152
32.24,0.0,-2.285125494003296,-14.667774200439453,17.314430236816406
32.28,0.0,-2.285125494003296,-3.0195624828338623,22.58788299560547
32.32,0.0,-2.285125494003296,8.993794441223145,26.982398986816406
32.34,0.0,-2.285125494003296,14.68874454498291,29.970687866210938
32.38,0.0,-2.285125494003296,24.606552124023438,31.201162338256836
32.42,0.0,-2.285125494003296,31.601348876953125,31.376941680908203
32.44,0.0,-2.285125494003296,33.723907470703125,31.376941680908203
32.480000000000004,0.0,-2.285125494003296,34.89832305908203,31.025379180908203
32.5,0.0,-2.285125494003296,34.89832305908203,28.21286964416504
32.54,0.0,-2.285125494003296,33.91301345825195,23.554655075073242
32.62,0.0,-2.285125494003296,9.605751991271973,10.371078491210938
32.660000000000004,0.0,-2.285125494003296,-2.4493625164031982,3.779289960861206
32.68,0.0,-2.285125494003296,-8.460492134094238,-1.669943928718567
32.72,0.0,-2.285125494003296,-19.545869827270508,-5.712924480438232
32.76,0.0,-2.285125494003296,-28.28732681274414,-8.26173210144043
32.78,0.0,-2.285125494003296,-31.434215545654297,-8.876968383789062
32.82,0.0,-2.285125494003296,-34.802001953125,-8.701186180114746
32.86,0.0,-2.285125494003296,-33.97428894042969,-8.43751335144043
32.88,0.0,-2.285125494003296,-33.97428894042969,-4.394561290740967
32.92,0.0,-2.285125494003296,-25.2056884765625,0.7031096816062927
32.96,0.0,-2.285125494003296,-15.362180709838867,6.679661750793457
32.980000000000004,0.0,-2.285125494003296,-3.652369976043701,13.447259902954102
33.02,0.0,-2.285125494003296,2.4641101360321045,19.511701583862305
33.06,0.0,-2.285125494003296,14.291753768920898,23.11522674560547
33.1,0.0,-2.285125494003296,24.390104293823242,24.873018264770508
33.12,0.0,-2.285125494003296,28.393598556518555,24.873018264770508
33.160000000000004,0.0,-2.285125494003296,33.69607162475586,24.785127639770508
33.2,0.0,-2.285125494003296,34.89605712890625,24.521455764770508
33.22,0.0,-2.285125494003296,34.89605712890625,22.67577362060547
33.26,0.0,-2.285125494003296,28.810531616210938,18.457012176513672
33.3,0.0,-2.285125494003296,20.208255767822266,13.974576950073242
33.32,0.0,-2.285125494003296,9.128561019897461,7.119115829467773
33.36,0.0,-2.285125494003296,3.07479190826416,0.35154619812965393
33.4,0.0,-2.285125494003296,-9.133020401000977,-4.570343017578125
33.42,0.0,-2.285125494003296,-20.22711181640625,-9.492203712463379
33.46,0.0,-2.285125494003296,-24.91997528076172,-11.513693809509277
33.5,0.0,-2.285125494003296,-31.87244415283203,-11.601585388183594
33.54,0.0,-2.285125494003296,-34.90612030029297,-11.513693809509277
33.56,0.0,-2.285125494003296,-34.90612030029297,-10.371113777160645
33.6,0.0,-2.285125494003296,-31.420795440673828,-6.503914833068848
33.64,0.0,-2.285125494003296,-24.147090911865234,-1.845725655555725
33.660000000000004,0.0,-2.285125494003296,-13.884910583496094,5.449189186096191
33.7,0.0,-2.285125494003296,-8.017765998840332,11.425768852233887
33.74,0.0,-2.285125494003296,4.281221389770508,17.57810401916504
33.76,0.0,-2.285125494003296,16.05656623840332,22.67577362060547
33.8,0.0,-2.285125494003296,21.283428192138672,24.785127639770508
33.84,0.0,-2.285125494003296,29.60088539123535,24.873018264770508
33.88,0.0,-2.285125494003296,34.24308776855469,24.785127639770508
33.92,0.0,-2.285125494003296,34.24308776855469,24.521455764770508
33.96,0.0,-2.285125494003296,34.98316192626953,22.58788299560547
33.980000000000004,0.0,-2.285125494003296,33.181217193603516,17.75388526916504
34.02,0.0,-2.285125494003296,17.896713256835938,12.568350791931152
34.06,0.0,-2.285125494003296,6.310394287109375,6.240207195281982
34.08,0.0,-2.285125494003296,6.310394287109375,-0.9668169021606445
34.12,0.0,-2.285125494003296,-12.076379776000977,-5.625033378601074
34.160000000000004,0.0,-2.285125494003296,-22.767898559570312,-9.404313087463379
34.18,0.0,-2.285125494003296,-30.608205795288086,-10.898458480834961
34.22,0.0,-2.285125494003296,-33.13209533691406,-10.986349105834961
34.26,0.0,-2.285125494003296,-34.985958099365234,-10.810566902160645
34.28,0.0,-2.285125494003296,-34.985958099365234,-8.789076805114746
34.32,0.0,-2.285125494003296,-29.589046478271484,-5.185579299926758
34.34,0.0,-2.285125494003296,-21.189416885375977,-0.26368993520736694
34.38,0.0,-2.285125494003296,-15.903661727905273,5.800752639770508
34.42,0.0,-2.285125494003296,-3.9931209087371826,11.86522388458252
34.46,0.0,-2.285125494003296,8.429107666015625,18.632793426513672
34.480000000000004,0.0,-2.285125494003296,19.791208267211914,22.412099838256836
34.52,0.0,-2.285125494003296,24.613779067993164,23.20311737060547
34.56,0.0,-2.285125494003296,31.773590087890625,23.2910099029541
34.58,0.0,-2.285125494003296,34.903053283691406,23.11522674560547
34.62,0.0,-2.285125494003296,34.808040618896484,22.67577362060547
34.660000000000004,0.0,-2.285125494003296,31.308855056762695,20.039047241210938
34.7,0.0,-2.285125494003296,23.820716857910156,15.644503593444824
34.72,0.0,-2.285125494003296,23.820716857910156,9.931624412536621
34.76,0.0,-2.285125494003296,7.293779373168945,3.2519450187683105
34.800000000000004,0.0,-2.285125494003296,-5.21038818359375,-2.8125252723693848
34.82,0.0,-2.285125494003296,-5.21038818359375,-9.404313087463379
34.86,0.0,-2.285125494003296,-22.247840881347656,-13.183621406555176
34.9,0.0,-2.285125494003296,-30.33780288696289,-14.853547096252441
34.92,0.0,-2.285125494003296,-34.54193878173828,-14.941438674926758
34.96,0.0,-2.285125494003296,-34.99422836303711,-14.853547096252441
35.0,0.0,-2.285125494003296,-32.521728515625,-13.623075485229492
35.02,0.0,-2.285125494003296,-29.675098419189453,-10.722677230834961
35.06,0.0,-2.285125494003296,-21.215147018432617,-6.679696559906006
35.08,0.0,-2.285125494003296,-10.017292976379395,-1.2304894924163818
35.12,0.0,-2.285125494003296,-3.832435131072998,5.273407459259033
35.14,0.0,-2.285125494003296,8.711305618286133,9.843733787536621
35.18,0.0,-2.285125494003296,8.711305618286133,13.535149574279785
35.22,0.0,-2.285125494003296,24.956281661987305,14.589813232421875
35.26,0.0,-2.285125494003296,32.026363372802734,14.501921653747559
35.28,0.0,-2.285125494003296,34.95048904418945,14.150358200073242
35.32,0.0,-2.285125494003296,34.714202880859375,12.919914245605469
35.36,0.0,-2.285125494003296,30.87845230102539,9.492170333862305
35.38,0.0,-2.285125494003296,23.027854919433594,4.042935371398926
35.42,0.0,-2.285125494003296,17.896713256835938,-1.3183804750442505
35.46,0.0,-2.285125494003296,6.055744647979736,-7.470714092254639
35.480000000000004,0.0,-2.285125494003296,-6.581035137176514,-13.974638938903809
35.52,0.0,-2.285125494003296,-12.681360244750977,-17.050792694091797
35.56,0.0,-2.285125494003296,-23.447938919067383,-18.457046508789062
35.58,0.0,-2.285125494003296,-31.155811309814453,-18.457046508789062
35.62,0.0,-2.285125494003296,-33.52632522583008,-18.28126335144043
35.660000000000004,0.0,-2.285125494003296,-34.90760040283203,-17.66602897644043
35.68,0.0,-2.285125494003296,-33.87080383300781,-14.414093971252441
35.72,0.0,-2.285125494003296,-28.507688522338867,-9.492203712463379
35.74,0.0,-2.285125494003296,-19.398452758789062,-4.04299783706665
35.78,0.0,-2.285125494003296,-13.795798301696777,2.3730363845825195
35.82,0.0,-2.285125494003296,-1.4142554998397827,9.316388130187988
35.84,0.0,-2.285125494003296,11.160365104675293,15.732394218444824
35.88,0.0,-2.285125494003296,16.997241973876953,19.599592208862305
35.92,0.0,-2.285125494003296,26.804691314697266,21.09373664855957
35.94,0.0,-2.285125494003296,26.804691314697266,21.445301055908203
35.980000000000004,0.0,-2.285125494003296,34.60627365112305,21.445301055908203
36.0,0.0,-2.285125494003296,34.18922805786133,21.269519805908203
36.04,0.0,-2.285125494003296,34.18922805786133,18.896465301513672
36.08,0.0,-2.285125494003296,25.254358291625977,15.029267311096191
36.12,0.0,-2.285125494003296,14.898930549621582,10.81053352355957
36.14,0.0,-2.285125494003296,14.898930549621582,2.812490701675415
36.18,0.0,-2.285125494003296,-3.848048210144043,-3.5156521797180176
36.22,0.0,-2.285125494003296,-16.069700241088867,-10.283222198486328
36.26,0.0,-2.285125494003296,-26.157726287841797,-15.908210754394531
36.28,0.0,-2.285125494003296,-26.157726287841797,-19.072282791137695
36.32,0.0,-2.285125494003296,-34.46104431152344,-19.687519073486328
36.36,0.0,-2.285125494003296,-34.357696533203125,-19.775409698486328
36.38,0.0,-2.285125494003296,-29.659900665283203,-19.687519073486328
36.42,0.0,-2.285125494003296,-25.75985336303711,-18.369155883789062
36.46,0.0,-2.285125494003296,-15.507308006286621,-15.293002128601074
36.480000000000004,0.0,-2.285125494003296,-15.507308006286621,-10.019549369812012
36.52,0.0,-2.285125494003296,3.2698729038238525,-4.482452392578125
36.56,0.0,-2.285125494003296,15.60745906829834,0.6152188181877136
36.58,0.0,-2.285125494003296,25.852859497070312,5.009735107421875
36.62,0.0,-2.285125494003296,29.742509841918945,6.152316093444824
36.660000000000004,0.0,-2.285125494003296,34.396053314208984,6.152316093444824
36.68,0.0,-2.285125494003296,34.413360595703125,5.449189186096191
36.72,0.0,-2.285125494003296,32.65518569946289,2.9882724285125732
36.76,0.0,-2.285125494003296,25.89765739440918,-0.5273625254631042
36.78,0.0,-2.285125494003296,25.89765739440918,-5.800815105438232
36.82,0.0,-2.285125494003296,9.605751991271973,-12.128931045532227
36.86,0.0,-2.285125494003296,-3.222952127456665,-16.875009536743164
36.88,0.0,-2.285125494003296,-15.621517181396484,-20.30275535583496
36.92,0.0,-2.285125494003296,-21.12464141845703,-21.357444763183594
36.96,0.0,-2.285125494003296,-29.800325393676758,-21.357444763183594
36.980000000000004,0.0,-2.285125494003296,-32.67409896850586,-21.357444763183594
37.02,0.0,-2.285125494003296,-34.99965286254883,-21.00588035583496
37.04,0.0,-2.285125494003296,-32.55813980102539,-17.49024772644043
37.08,0.0,-2.285125494003296,-29.626495361328125,-12.304712295532227
37.12,0.0,-2.285125494003296,-20.837692260742188,-6.591805934906006
37.14,0.0,-2.285125494003296,-15.281597137451172,-0.43947166204452515
37.18,0.0,-2.285125494003296,-2.7939655780792236,7.29489803314209
37.2,0.0,-2.285125494003296,10.082789421081543,13.095695495605469
37.24,0.0,-2.285125494003296,16.111549377441406,17.665992736816406
37.28,0.0,-2.285125494003296,26.313682556152344,19.951156616210938
37.300000000000004,0.0,-2.285125494003296,32.910118103027344,20.126937866210938
37.34,0.0,-2.285125494003296,32.910118103027344,19.951156616210938
37.38,0.0,-2.285125494003296,34.21590042114258,19.160139083862305
37.42,0.0,-2.285125494003296,29.17489242553711,17.226539611816406
37.44,0.0,-2.285125494003296,20.111574172973633,13.623013496398926
37.480000000000004,0.0,-2.285125494003296,14.442571640014648,8.701151847839355
37.52,0.0,-2.285125494003296,1.8065366744995117,2.812490701675415
37.56,0.0,-2.285125494003296,-11.085896492004395,-2.8125252723693848
37.58,0.0,-2.285125494003296,-11.085896492004395,-6.679696559906006
37.62,0.0,-2.285125494003296,-27.055511474609375,-7.646495819091797
37.660000000000004,0.0,-2.285125494003296,-33.30207824707031,-7.646495819091797
37.68,0.0,-2.285125494003296,-34.932952880859375,-6.943369388580322
37.72,0.0,-2.285125494003296,-33.91780471801758,-4.570343017578125
37.76,0.0,-2.285125494003296,-28.397920608520508,-0.35158079862594604
37.78,0.0,-2.285125494003296,-28.397920608520508,5.976534366607666
37.82,0.0,-2.285125494003296,-13.099711418151855,12.12889575958252
37.86,0.0,-2.285125494003296,-0.2836642265319824,18.36911964416504
37.88,0.0,-2.285125494003296,12.578813552856445,23.11522674560547
37.92,0.0,-2.285125494003296,18.459680557250977,24.873018264770508
37.96,0.0,-2.285125494003296,28.09016227722168,24.960908889770508
37.980000000000004,0.0,-2.285125494003296,33.797019958496094,24.785127639770508
38.02,0.0,-2.285125494003296,34.90229415893555,24.609344482421875
38.06,0.0,-2.285125494003296,33.417789459228516,23.906217575073242
38.08,0.0,-2.285125494003296,27.2455997467041,20.039047241210938
38.12,0.0,-2.285125494003296,27.2455997467041,14.853485107421875
38.18,0.0,-2.285125494003296,22.64695930480957,6.415988922119141
38.2,0.0,-2.285125494003296,-8.299907684326172,-1.757834792137146
38.24,0.0,-2.285125494003296,-8.299907684326172,-9.755876541137695
38.28,0.0,-2.285125494003296,-25.251800537109375,-15.556674003601074
38.32,0.0,-2.285125494003296,-32.412681579589844,-18.808609008789062
38.36,0.0,-2.285125494003296,-34.9986572265625,-20.830101013183594
38.38,0.0,-2.285125494003296,-34.9986572265625,-21.00588035583496
38.42,0.0,-2.285125494003296,-29.675098419189453,-20.91798973083496
38.46,0.0,-2.285125494003296,-20.712020874023438,-20.830101013183594
38.480000000000004,0.0,-2.285125494003296,-20.712020874023438,-17.92970085144043
38.52,0.0,-2.285125494003296,-2.267749071121216,-13.359403610229492
38.56,0.0,-2.285125494003296,10.822625160217285,-8.173840522766113
38.58,0.0,-2.285125494003296,10.822625160217285,-4.13088846206665
38.62,0.0,-2.285125494003296,27.055511474609375,-2.197289228439331
38.660000000000004,0.0,-2.285125494003296,33.35847473144531,-1.757834792137146
38.68,0.0,-2.285125494003296,33.35847473144531,-1.9336165189743042
38.72,0.0,-2.285125494003296,33.80085754394531,-3.867216110229492
38.76,0.0,-2.285125494003296,28.015016555786133,-7.822277545928955
38.78,0.0,-2.285125494003296,28.015016555786133,-13.183621406555176
38.82,0.0,-2.285125494003296,12.238408088684082,-18.10548210144043
38.86,0.0,-2.285125494003296,-0.8250536322593689,-22.939481735229492
38.88,0.0,-2.285125494003296,-13.777113914489746,-27.15821647644043
38.92,0.0,-2.285125494003296,-19.62244987487793,-29.091814041137695
38.96,0.0,-2.285125494003296,-28.998620986938477,-29.61916160583496
38.980000000000004,0.0,-2.285125494003296,-34.21063995361328,-29.531269073486328
39.02,0.0,-2.285125494003296,-34.9915771484375,-29.531269073486328
39.06,0.0,-2.285125494003296,-32.75749206542969,-27.15821647644043
39.08,0.0,-2.285125494003296,-25.799850463867188,-22.23635482788086
39.12,0.0,-2.285125494003296,-20.837692260742188,-16.259775161743164
39.160000000000004,0.0,-2.285125494003296,-8.840110778808594,-9.492203712463379
39.18,0.0,-2.285125494003296,4.441660404205322,-2.6367435455322266
39.22,0.0,-2.285125494003296,10.96399974822998,2.4609272480010986
39.24,0.0,-2.285125494003296,22.588430404663086,5.62497091293335
39.28,0.0,-2.285125494003296,27.26473045349121,6.855443477630615
39.32,0.0,-2.285125494003296,33.492977142333984,6.943334102630615
39.36,0.0,-2.285125494003296,34.86174011230469,6.415988922119141
39.38,0.0,-2.285125494003296,34.86174011230469,3.515617609024048
39.42,0.0,-2.285125494003296,27.55374526977539,-0.7910351753234863
39.46,0.0,-2.285125494003296,17.46291160583496,-5.712924480438232
39.480000000000004,0.0,-2.285125494003296,4.821744918823242,-13.09572982788086
39.52,0.0,-2.285125494003296,4.821744918823242,-18.544937133789062
39.56,0.0,-2.285125494003296,-14.858786582946777,-21.709007263183594
39.58,0.0,-2.285125494003296,-25.665193557739258,-23.466825485229492
39.62,0.0,-2.285125494003296,-29.742509841918945,-23.730499267578125
39.660000000000004,0.0,-2.285125494003296,-34.49427795410156,-23.642608642578125
39.68,0.0,-2.285125494003296,-34.49427795410156,-23.203153610229492
39.72,0.0,-2.285125494003296,-32.13094711303711,-20.214862823486328
39.76,0.0,-2.285125494003296,-24.55327033996582,-15.380892753601074
39.78,0.0,-2.285125494003296,-13.364036560058594,-8.876968383789062
39.82,0.0,-2.285125494003296,-6.912874221801758,-3.164088726043701
39.86,0.0,-2.285125494003296,6.515682220458984,2.724599838256836
39.88,0.0,-2.285125494003296,6.515682220458984,8.173807144165039
39.92,0.0,-2.285125494003296,24.28318977355957,10.283187866210938
39.96,0.0,-2.285125494003296,31.99460220336914,10.458970069885254
39.980000000000004,0.0,-2.285125494003296,31.99460220336914,9.931624412536621
40.02,0.0,-2.285125494003296,34.53685760498047,8.789043426513672
40.06,0.0,-2.285125494003296,29.838542938232422,5.888643741607666
40.08,0.0,-2.285125494003296,20.717979431152344,0.7031096816062927
40.12,0.0,-2.285125494003296,14.898930549621582,-3.9551069736480713
40.160000000000004,0.0,-2.285125494003296,1.821300745010376,-10.107439994812012
40.18,0.0,-2.285125494003296,-11.533598899841309,-15.996101379394531
40.22,0.0,-2.285125494003296,-17.688241958618164,-18.720718383789062
40.24,0.0,-2.285125494003296,-27.803701400756836,-19.863300323486328
40.28,0.0,-2.285125494003296,-31.383255004882812,-19.951190948486328
40.32,0.0,-2.285125494003296,-34.91399383544922,-19.863300323486328
40.34,0.0,-2.285125494003296,-34.7303466796875,-19.599628448486328
40.38,0.0,-2.285125494003296,-30.4941463470459,-16.435556411743164
40.4,0.0,-2.285125494003296,-21.699838638305664,-11.425804138183594
40.44,0.0,-2.285125494003296,-15.980161666870117,-6.2402424812316895
40.480000000000004,0.0,-2.285125494003296,-2.9643256664276123,-0.43947166204452515
40.5,0.0,-2.285125494003296,10.502278327941895,5.712862014770508
40.54,0.0,-2.285125494003296,16.768184661865234,8.789043426513672
40.56,0.0,-2.285125494003296,27.186342239379883,9.843733787536621
40.6,0.0,-2.285125494003296,30.94260025024414,9.755843162536621
40.64,0.0,-2.285125494003296,34.838523864746094,9.228497505187988
40.660000000000004,0.0,-2.285125494003296,33.49512481689453,7.031225204467773
40.7,0.0,-2.285125494003296,30.888452529907227,3.4277267456054688
40.74,0.0,-2.285125494003296,22.292036056518555,-0.7031443119049072
40.76,0.0,-2.285125494003296,22.292036056518555,-7.207041263580322
40.800000000000004,0.0,-2.285125494003296,16.62769889831543,-15.46878433227539
40.84,0.0,-2.285125494003296,3.6339902877807617,-21.796899795532227
40.86,0.0,-2.285125494003296,-21.972074508666992,-29.091814041137695
40.9,0.0,-2.285125494003296,-26.85275650024414,-34.36526870727539
40.94,0.0,-2.285125494003296,-33.3896484375,-37.88087463378906
40.980000000000004,0.0,-2.285125494003296,-34.866214752197266,-39.63869094848633
41.0,0.0,-2.285125494003296,-34.866214752197266,-39.72658157348633
41.04,0.0,-2.285125494003296,-27.306396484375,-39.72658157348633
41.08,0.0,-2.285125494003296,-16.854900360107422,-39.72658157348633
41.1,0.0,-2.285125494003296,-3.832435131072998,-38.93556594848633
41.14,0.0,-2.285125494003296,-3.832435131072998,-35.6836051940918
41.18,0.0,-2.285125494003296,16.15500831604004,-31.552759170532227
41.22,0.0,-2.285125494003296,26.819538116455078,-28.12501335144043
41.24,0.0,-2.285125494003296,30.697402954101562,-26.542980194091797
41.28,0.0,-2.285125494003296,34.79795837402344,-26.455089569091797
41.32,0.0,-2.285125494003296,33.575523376464844,-26.455089569091797
41.36,0.0,-2.285125494003296,33.575523376464844,-27.77345085144043
41.4,0.0,-2.285125494003296,16.666711807250977,-32.34377670288086
41.42,0.0,-2.285125494003296,16.666711807250977,-36.7382926940918
41.46,0.0,-2.285125494003296,10.314371109008789,-41.835968017578125
41.5,0.0,-2.285125494003296,-16.475452423095703,-47.54884719848633
41.52,0.0,-2.285125494003296,-16.475452423095703,-52.382843017578125
41.56,0.0,-2.285125494003296,-30.91145133972168,-54.58008575439453
41.6,0.0,-2.285125494003296,-34.8489875793457,-55.2832145690918
41.62,0.0,-2.285125494003296,-34.8489875793457,-55.2832145690918
41.660000000000004,0.0,-2.285125494003296,-30.709379196166992,-55.2832145690918
41.7,0.0,-2.285125494003296,-21.861852645874023,-54.8437614440918
41.74,0.0,-2.285125494003296,-21.861852645874023,-52.910186767578125
41.78,0.0,-2.285125494003296,4.105091571807861,-48.07618713378906
41.800000000000004,0.0,-2.285125494003296,17.207653045654297,-44.648475646972656
41.84,0.0,-2.285125494003296,22.8743839263916,-42.890655517578125
41.88,0.0,-2.285125494003296,31.334009170532227,-42.890655517578125
41.9,0.0,-2.285125494003296,34.926456451416016,-42.890655517578125
41.94,0.0,-2.285125494003296,34.68756866455078,-42.890655517578125
41.980000000000004,0.0,-2.285125494003296,30.180858612060547,-43.154327392578125
42.0,0.0,-2.285125494003296,20.967388153076172,-45.26367950439453
42.04,0.0,-2.285125494003296,15.019221305847168,-49.04298782348633
42.08,0.0,-2.285125494003296,1.5998066663742065,-53.61331558227539
42.1,0.0,-2.285125494003296,-12.076379776000977,-57.21681213378906
42.14,0.0,-2.285125494003296,-18.334697723388672,-59.150413513183594
42.160000000000004,0.0,-2.285125494003296,-28.46312713623047,-59.589866638183594
42.2,0.0,-2.285125494003296,-28.46312713623047,-59.589866638183594
42.24,0.0,-2.285125494003296,-31.931354522705078,-59.50197982788086
42.26,0.0,-2.285125494003296,-32.55983352661133,-58.35939407348633
42.300000000000004,0.0,-2.285125494003296,-29.369396209716797,-55.8105583190918
42.34,0.0,-2.285125494003296,-19.661453247070312,-52.207061767578125
42.36,0.0,-2.285125494003296,-19.661453247070312,-46.9336051940918
42.4,0.0,-2.285125494003296,0.09239967912435532,-42.01174545288086
42.44,0.0,-2.285125494003296,13.704880714416504,-36.2109489440918
42.46,0.0,-2.285125494003296,19.82777214050293,-31.552759170532227
42.5,0.0,-2.285125494003296,29.494403839111328,-28.476577758789062
42.54,0.0,-2.285125494003296,34.50548553466797,-27.24610710144043
42.56,0.0,-2.285125494003296,34.50548553466797,-27.24610710144043
42.6,0.0,-2.285125494003296,31.77823829650879,-27.24610710144043
42.64,0.0,-2.285125494003296,23.538347244262695,-27.949234008789062
42.660000000000004,0.0,-2.285125494003296,11.561511039733887,-31.376977920532227
42.7,0.0,-2.285125494003296,4.748519420623779,-34.89261245727539
42.74,0.0,-2.285125494003296,-9.1731538772583,-38.32032775878906
42.78,0.0,-2.285125494003296,-21.643245697021484,-40.781272888183594
42.800000000000004,0.0,-2.285125494003296,-30.674739837646484,-41.30862045288086
42.84,0.0,-2.285125494003296,-33.421356201171875,-41.30862045288086
42.88,0.0,-2.285125494003296,-34.82328414916992,-41.30862045288086
42.9,0.0,-2.285125494003296,-33.41998291015625,-40.517601013183594
42.94,0.0,-2.285125494003296,-26.68010711669922,-37.61720275878906
42.980000000000004,0.0,-2.285125494003296,-15.672761917114258,-32.43166732788086
43.0,0.0,-2.285125494003296,-2.152479887008667,-25.92774200439453
43.04,0.0,-2.285125494003296,4.881225109100342,-20.742210388183594
43.08,0.0,-2.285125494003296,18.084556579589844,-16.523447036743164
43.1,0.0,-2.285125494003296,28.393598556518555,-14.414093971252441
43.14,0.0,-2.285125494003296,31.91809844970703,-14.414093971252441
43.18,0.0,-2.285125494003296,34.993553161621094,-14.501983642578125
43.2,0.0,-2.285125494003296,34.417564392089844,-15.996101379394531
43.24,0.0,-2.285125494003296,29.148834228515625,-18.808609008789062
43.28,0.0,-2.285125494003296,19.18257713317871,-22.76369857788086
43.300000000000004,0.0,-2.285125494003296,19.18257713317871,-29.267597198486328
43.34,0.0,-2.285125494003296,-0.9285088777542114,-35.33203887939453
43.38,0.0,-2.285125494003296,-14.628332138061523,-40.341819763183594
43.4,0.0,-2.285125494003296,-25.97025489807129,-45.8789176940918
43.44,0.0,-2.285125494003296,-30.158843994140625,-48.69142532348633
43.480000000000004,0.0,-2.285125494003296,-34.717960357666016,-49.394554138183594
43.5,0.0,-2.285125494003296,-33.652748107910156,-49.394554138183594
43.54,0.0,-2.285125494003296,-31.026395797729492,-49.394554138183594
43.58,0.0,-2.285125494003296,-22.114898681640625,-49.30665969848633
43.62,0.0,-2.285125494003296,-9.605751991271973,-47.81251525878906
43.64,0.0,-2.285125494003296,-2.6216959953308105,-45.3515739440918
43.68,0.0,-2.285125494003296,11.383430480957031,-42.275421142578125
43.7,0.0,-2.285125494003296,23.54108238220215,-39.550804138183594
43.74,0.0,-2.285125494003296,23.54108238220215,-38.84767532348633
43.78,0.0,-2.285125494003296,34.133338928222656,-38.84767532348633
43.82,0.0,-2.285125494003296,34.40930938720703,-38.84767532348633
43.86,0.0,-2.285125494003296,29.060047149658203,-39.550804138183594
43.88,0.0,-2.285125494003296,29.060047149658203,-42.36330795288086
43.92,0.0,-2.285125494003296,12.605539321899414,-46.4062614440918
43.96,0.0,-2.285125494003296,-1.374555230140686,-51.943389892578125
44.0,0.0,-2.285125494003296,-1.374555230140686,-56.07423400878906
44.02,0.0,-2.285125494003296,-8.429107666015625,-58.447288513183594
44.06,0.0,-2.285125494003296,-30.524032592773438,-58.79885482788086
44.1,0.0,-2.285125494003296,-34.81512451171875,-58.79885482788086
44.12,0.0,-2.285125494003296,-34.81512451171875,-58.710960388183594
44.18,0.0,-2.285125494003296,-34.81993103027344,-56.4257926940918
44.2,0.0,-2.285125494003296,-15.128463745117188,-52.11916732788086
44.24,0.0,-2.285125494003296,-15.128463745117188,-46.3183708190918
44.28,0.0,-2.285125494003296,5.819899082183838,-41.30862045288086
44.32,0.0,-2.285125494003296,19.083541870117188,-35.06836700439453
44.34,0.0,-2.285125494003296,24.653818130493164,-29.707050323486328
44.38,0.0,-2.285125494003296,32.51249694824219,-26.279306411743164
44.42,0.0,-2.285125494003296,34.983333587646484,-24.082061767578125
44.44,0.0,-2.285125494003296,34.983333587646484,-23.906280517578125
44.480000000000004,0.0,-2.285125494003296,27.937284469604492,-23.906280517578125
44.52,0.0,-2.285125494003296,17.197193145751953,-24.96097183227539
44.56,0.0,-2.285125494003296,3.5898752212524414,-28.12501335144043
44.58,0.0,-2.285125494003296,-10.622082710266113,-33.04690170288086
44.62,0.0,-2.285125494003296,-10.622082710266113,-35.06836700439453
44.660000000000004,0.0,-2.285125494003296,-27.960086822509766,-35.24414825439453
44.7,0.0,-2.285125494003296,-34.04798889160156,-35.24414825439453
44.74,0.0,-2.285125494003296,-34.44657516479492,-35.24414825439453
44.76,0.0,-2.285125494003296,-34.44657516479492,-33.662139892578125
44.800000000000004,0.0,-2.285125494003296,-24.479413986206055,-29.443378448486328
44.84,0.0,-2.285125494003296,-12.40186595916748,-23.994171142578125
44.86,0.0,-2.285125494003296,1.7622424364089966,-16.435556411743164
44.9,0.0,-2.285125494003296,1.7622424364089966,-9.843767166137695
44.94,0.0,-2.285125494003296,21.72447967529297,-6.855478286743164
44.980000000000004,0.0,-2.285125494003296,30.913618087768555,-5.712924480438232
45.0,0.0,-2.285125494003296,30.913618087768555,-5.537142753601074
45.04,0.0,-2.285125494003296,34.69552230834961,-5.800815105438232
45.08,0.0,-2.285125494003296,29.91794776916504,-8.085949897766113
45.1,0.0,-2.285125494003296,29.91794776916504,-12.480494499206543
45.14,0.0,-2.285125494003296,13.768619537353516,-16.787120819091797
45.18,0.0,-2.285125494003296,-0.344645619392395,-21.709007263183594
45.2,0.0,-2.285125494003296,-0.344645619392395,-27.070323944091797
45.24,0.0,-2.285125494003296,-20.662084579467773,-30.322288513183594
45.28,0.0,-2.285125494003296,-30.29300880432129,-30.849632263183594
45.300000000000004,0.0,-2.285125494003296,-34.78954315185547,-30.761741638183594
45.34,0.0,-2.285125494003296,-34.83271026611328,-30.761741638183594
45.38,0.0,-2.285125494003296,-30.4941463470459,-29.355487823486328
45.4,0.0,-2.285125494003296,-20.967388153076172,-25.66407012939453
45.44,0.0,-2.285125494003296,-14.734856605529785,-21.181663513183594
45.480000000000004,0.0,-2.285125494003296,-0.6578477025032043,-14.941438674926758
45.5,0.0,-2.285125494003296,13.538055419921875,-9.316422462463379
45.54,0.0,-2.285125494003296,19.9129638671875,-6.855478286743164
45.58,0.0,-2.285125494003296,29.851093292236328,-6.3281331062316895
45.6,0.0,-2.285125494003296,34.691741943359375,-6.503914833068848
45.64,0.0,-2.285125494003296,34.90028381347656,-7.3828229904174805
45.68,0.0,-2.285125494003296,30.843582153320312,-10.283222198486328
45.7,0.0,-2.285125494003296,21.499900817871094,-15.029329299926758
45.74,0.0,-2.285125494003296,15.314839363098145,-19.248064041137695
45.78,0.0,-2.285125494003296,1.2443628311157227,-24.697298049926758
45.800000000000004,0.0,-2.285125494003296,-13.046570777893066,-30.58595848083496
45.84,0.0,-2.285125494003296,-13.046570777893066,-33.222686767578125
45.88,0.0,-2.285125494003296,-29.614681243896484,-33.310577392578125
45.92,0.0,-2.285125494003296,-34.63755416870117,-33.310577392578125
45.96,0.0,-2.285125494003296,-34.63755416870117,-33.310577392578125
45.980000000000004,0.0,-2.285125494003296,-34.9259147644043,-30.673851013183594
46.02,0.0,-2.285125494003296,-21.699838638305664,-26.894542694091797
46.06,0.0,-2.285125494003296,-8.65670394897461,-21.884790420532227
46.08,0.0,-2.285125494003296,5.890044212341309,-14.589875221252441
46.12,0.0,-2.285125494003296,12.939324378967285,-10.546895027160645
46.160000000000004,0.0,-2.285125494003296,25.059066772460938,-8.34962272644043
46.18,0.0,-2.285125494003296,32.83909606933594,-7.998059272766113
46.22,0.0,-2.285125494003296,34.640865325927734,-8.173840522766113
46.26,0.0,-2.285125494003296,33.67071533203125,-9.580095291137695
46.28,0.0,-2.285125494003296,26.84682846069336,-13.271512031555176
46.32,0.0,-2.285125494003296,21.572736740112305,-16.962902069091797
46.36,0.0,-2.285125494003296,8.446146011352539,-21.445337295532227
46.38,0.0,-2.285125494003296,-6.158554553985596,-27.24610710144043
46.42,0.0,-2.285125494003296,-13.21786880493164,-30.849632263183594
46.46,0.0,-2.285125494003296,-25.306119918823242,-32.25588607788086
46.480000000000004,0.0,-2.285125494003296,-32.97906494140625,-32.25588607788086
46.52,0.0,-2.285125494003296,-34.70085144042969,-32.25588607788086
46.56,0.0,-2.285125494003296,-33.53241729736328,-31.289085388183594
46.58,0.0,-2.285125494003296,-26.490800857543945,-28.12501335144043
46.62,0.0,-2.285125494003296,-21.115062713623047,-23.818387985229492
46.660000000000004,0.0,-2.285125494003296,-7.830565929412842,-18.01759147644043
46.68,0.0,-2.285125494003296,6.834958076477051,-11.162130355834961
46.72,0.0,-2.285125494003296,13.878125190734863,-7.470714092254639
46.76,0.0,-2.285125494003296,25.832918167114258,-5.976569652557373
46.800000000000004,0.0,-2.285125494003296,33.24677658081055,-5.537142753601074
46.82,0.0,-2.285125494003296,33.24677658081055,-5.712924480438232
46.86,0.0,-2.285125494003296,33.26032257080078,-7.998059272766113
46.9,0.0,-2.285125494003296,25.84974479675293,-11.689476013183594
46.92,0.0,-2.285125494003296,20.314489364624023,-15.908210754394531
46.96,0.0,-2.285125494003296,6.805050373077393,-20.65431785583496
46.980000000000004,0.0,-2.285125494003296,-7.914295673370361,-26.455089569091797
47.02,0.0,-2.285125494003296,-14.909799575805664,-30.58595848083496
47.06,0.0,-2.285125494003296,-26.619009017944336,-32.51955795288086
47.08,0.0,-2.285125494003296,-26.619009017944336,-32.60744857788086
47.12,0.0,-2.285125494003296,-34.91399383544922,-32.60744857788086
47.160000000000004,0.0,-2.285125494003296,-32.823726654052734,-32.43166732788086
47.18,0.0,-2.285125494003296,-24.8985538482666,-29.97072410583496
47.22,0.0,-2.285125494003296,-19.15087890625,-26.894542694091797
47.26,0.0,-2.285125494003296,-5.362925052642822,-22.324243545532227
47.28,0.0,-2.285125494003296,9.386975288391113,-15.908210754394531
47.32,0.0,-2.285125494003296,16.29500961303711,-12.568385124206543
47.36,0.0,-2.285125494003296,27.631622314453125,-11.337912559509277
47.38,0.0,-2.285125494003296,34.038333892822266,-11.425804138183594
47.42,0.0,-2.285125494003296,34.9915771484375,-11.77736759185791
47.46,0.0,-2.285125494003296,32.178749084472656,-14.062530517578125
47.480000000000004,0.0,-2.285125494003296,23.60323715209961,-17.92970085144043
47.52,0.0,-2.285125494003296,17.598066329956055,-22.14846420288086
47.56,0.0,-2.285125494003296,3.497950315475464,-28.212907791137695
47.58,0.0,-2.285125494003296,-11.236526489257812,-33.662139892578125
47.62,0.0,-2.285125494003296,-18.006175994873047,-36.1230583190918
47.660000000000004,0.0,-2.285125494003296,-28.82416534423828,-36.6504020690918
47.68,0.0,-2.285125494003296,-32.37910461425781,-36.6504020690918
47.72,0.0,-2.285125494003296,-34.974571228027344,-36.6504020690918
47.76,0.0,-2.285125494003296,-31.269519805908203,-36.1230583190918
47.78,0.0,-2.285125494003296,-21.923131942749023,-33.925811767578125
47.82,0.0,-2.285125494003296,-15.62647819519043,-30.05861473083496
47.86,0.0,-2.285125494003296,-1.207425594329834,-25.04886245727539
47.88,0.0,-2.285125494003296,-1.207425594329834,-18.10548210144043
47.92,0.0,-2.285125494003296,20.003292083740234,-14.150420188903809
47.96,0.0,-2.285125494003296,30.13443374633789,-12.568385124206543
47.980000000000004,0.0,-2.285125494003296,34.80891036987305,-12.304712295532227
48.02,0.0,-2.285125494003296,34.78822708129883,-12.392602920532227
48.06,0.0,-2.285125494003296,30.030057907104492,-13.623075485229492
48.08,0.0,-2.285125494003296,30.030057907104492,-17.138683319091797
48.120000000000005,0.0,-2.285125494003296,25.508840560913086,-21.972681045532227
48.160000000000004,0.0,-2.285125494003296,-1.50380539894104,-28.12501335144043
48.18,0.0,-2.285125494003296,-15.947270393371582,-33.486358642578125
48.22,0.0,-2.285125494003296,-15.947270393371582,-37.0019645690918
48.26,0.0,-2.285125494003296,-31.482818603515625,-38.23243713378906
48.28,0.0,-2.285125494003296,-34.99189758300781,-38.32032775878906
48.32,0.0,-2.285125494003296,-34.99189758300781,-38.32032775878906
48.36,0.0,-2.285125494003296,-28.387113571166992,-38.23243713378906
48.38,0.0,-2.285125494003296,-17.232589721679688,-37.44142150878906
48.42,0.0,-2.285125494003296,-10.314371109008789,-35.33203887939453
48.46,0.0,-2.285125494003296,4.6184916496276855,-32.25588607788086
48.480000000000004,0.0,-2.285125494003296,4.6184916496276855,-27.77345085144043
48.52,0.0,-2.285125494003296,24.613779067993164,-26.191415786743164
48.56,0.0,-2.285125494003296,32.770816802978516,-26.103525161743164
48.58,0.0,-2.285125494003296,34.90578079223633,-26.103525161743164
48.620000000000005,0.0,-2.285125494003296,33.542728424072266,-26.982433319091797
48.660000000000004,0.0,-2.285125494003296,26.264272689819336,-29.179704666137695
48.68,0.0,-2.285125494003296,20.685941696166992,-33.486358642578125
48.72,0.0,-2.285125494003296,6.935517311096191,-37.26564025878906
48.76,0.0,-2.285125494003296,-8.101388931274414,-40.693382263183594
48.78,0.0,-2.285125494003296,-21.648326873779297,-42.62697982788086
48.82,0.0,-2.285125494003296,-27.055511474609375,-42.714874267578125
48.86,0.0,-2.285125494003296,-33.88032913208008,-42.714874267578125
48.88,0.0,-2.285125494003296,-34.43340301513672,-42.714874267578125
48.92,0.0,-2.285125494003296,-32.27570343017578,-42.62697982788086
48.96,0.0,-2.285125494003296,-23.587539672851562,-40.693382263183594
48.980000000000004,0.0,-2.285125494003296,-10.516380310058594,-35.94727325439453
49.02,0.0,-2.285125494003296,-3.073871374130249,-30.14650535583496
49.06,0.0,-2.285125494003296,11.893202781677246,-24.873079299926758
49.08,0.0,-2.285125494003296,24.653818130493164,-20.39064598083496
49.120000000000005,0.0,-2.285125494003296,29.43406105041504,-18.720718383789062
49.160000000000004,0.0,-2.285125494003296,34.67424774169922,-18.544937133789062
49.18,0.0,-2.285125494003296,33.44867706298828,-18.544937133789062
49.22,0.0,-2.285125494003296,33.44867706298828,-20.39064598083496
49.26,0.0,-2.285125494003296,20.292661666870117,-23.994171142578125
49.300000000000004,0.0,-2.285125494003296,6.3540143966674805,-28.828140258789062
49.32,0.0,-2.285125494003296,-8.780196189880371,-33.574249267578125
49.36,0.0,-2.285125494003296,-15.904484748840332,-35.6836051940918
49.4,0.0,-2.285125494003296,-27.593013763427734,-36.0351676940918
49.42,0.0,-2.285125494003296,-27.593013763427734,-36.0351676940918
49.46,0.0,-2.285125494003296,-34.99899673461914,-36.0351676940918
49.5,0.0,-2.285125494003296,-31.822622299194336,-35.24414825439453
49.52,0.0,-2.285125494003296,-22.660341262817383,-32.08010482788086
49.56,0.0,-2.285125494003296,-16.334247589111328,-27.33399772644043
49.6,0.0,-2.285125494003296,-1.6810290813446045,-21.709007263183594
49.620000000000005,0.0,-2.285125494003296,13.295687675476074,-15.293002128601074
49.660000000000004,0.0,-2.285125494003296,20.010114669799805,-12.216821670532227
49.7,0.0,-2.285125494003296,30.300874710083008,-11.250021934509277
49.74,0.0,-2.285125494003296,34.870853424072266,-11.250021934509277
49.78,0.0,-2.285125494003296,34.689659118652344,-12.128931045532227
49.800000000000004,0.0,-2.285125494003296,32.84771728515625,-15.556674003601074
49.84,0.0,-2.285125494003296,18.597644805908203,-19.335954666137695
49.88,0.0,-2.285125494003296,4.2326130867004395,-24.169952392578125
49.9,0.0,-2.285125494003296,-10.942059516906738,-30.49806785583496
49.94,0.0,-2.285125494003296,-10.942059516906738,-33.750030517578125
49.980000000000004,0.0,-2.285125494003296,-29.01154899597168,-34.62894058227539
