dt,yaw_cmd,yaw_pos,pitch_cmd,pitch_pos
0.3,0.0,-13.271456718444824,-4.688468933105469,12.04100513458252
0.3,0.0,-13.271456718444824,-6.224146366119385,12.656241416931152
0.3,0.0,-13.271456718444824,-9.218013763427734,15.029267311096191
0.3,0.0,-13.271456718444824,-12.068802833557129,19.775375366210938
0.3,0.0,-13.18359375,-12.068802833557129,25.75192642211914
0.3,0.0,-13.095675468444824,-15.977070808410645,30.761707305908203
0.3,0.0,-13.095675468444824,-18.275638580322266,37.26560592651367
0.32,0.0,-13.095675468444824,-20.284141540527344,45.615211486816406
0.36,0.0,-13.095675468444824,-21.169048309326172,52.55855941772461
0.38,0.0,-13.095675468444824,-22.681716918945312,59.501922607421875
0.42,0.0,-13.095675468444824,-22.681716918945312,65.74214935302734
0.46,0.0,-13.095675468444824,-24.262659072875977,71.89450073242188
0.48,0.0,-13.095675468444824,-24.831283569335938,77.87106323242188
0.52,0.0,-13.095675468444824,-24.831283569335938,83.49606323242188
0.56,0.0,-13.095675468444824,-24.929964065551758,88.76949310302734
0.6,0.0,-13.095675468444824,-24.4893856048584,92.98825073242188
0.62,0.0,-13.095675468444824,-24.4893856048584,97.55856323242188
0.66,0.0,-13.007811546325684,-24.11875343322754,102.3925552368164
0.7000000000000001,0.0,-13.007811546325684,-21.669992446899414,107.31441497802734
0.72,0.0,-13.007811546325684,-19.90007209777832,111.6210708618164
0.76,0.0,-13.095675468444824,-19.90007209777832,114.25778198242188
0.8,0.0,-13.007811546325684,-16.639432907104492,116.1913833618164
0.8200000000000001,0.0,-13.095675468444824,-14.112456321716309,116.98238372802734
0.86,0.0,-13.007811546325684,-14.112456321716309,116.98238372802734
0.9,0.0,-13.007811546325684,-9.894003868103027,116.98238372802734
0.92,0.0,-13.007811546325684,-6.863167762756348,116.98238372802734
0.96,0.0,-13.095675468444824,-6.863167762756348,116.8945083618164
1.0,0.0,-13.095675468444824,-2.113309860229492,116.6308364868164
1.02,0.0,-13.095675468444824,1.112650752067566,115.2245864868164
1.06,0.0,-13.095675468444824,1.112650752067566,110.6542739868164
1.1,0.0,-13.18359375,5.906596660614014,107.75386810302734
1.12,0.0,-13.18359375,8.994436264038086,104.23825073242188
1.16,0.0,-13.18359375,8.994436264038086,98.26168060302734
1.2,0.0,-13.18359375,13.333876609802246,93.69136810302734
1.24,0.0,-13.18359375,15.960205078125,89.12105560302734
1.26,0.0,-13.18359375,15.960205078125,81.56246948242188
1.3,0.0,-13.18359375,19.387319564819336,75.32223510742188
1.32,0.0,-13.18359375,21.272785186767578,70.66403198242188
1.36,0.0,-13.18359375,22.08281898498535,64.68746185302734
1.4000000000000001,0.0,-13.18359375,23.4195613861084,59.501922607421875
1.44,0.0,-13.18359375,24.35921859741211,52.470672607421875
1.46,0.0,-13.18359375,24.35921859741211,45.966773986816406
1.5,0.0,-13.18359375,24.988170623779297,40.86913299560547
1.52,0.0,-13.18359375,24.874675750732422,35.41989517211914
1.56,0.0,-13.18359375,24.874675750732422,29.70701789855957
1.6,0.0,-13.18359375,24.657609939575195,24.960908889770508
1.6400000000000001,0.0,-13.18359375,22.743568420410156,21.09373664855957
1.6600000000000001,0.0,-13.18359375,21.1871395111084,17.314430236816406
1.7,0.0,-13.18359375,21.1871395111084,15.205048561096191
1.74,0.0,-13.18359375,18.172771453857422,12.392568588256836
1.78,0.0,-13.18359375,15.75912094116211,10.546859741210938
1.8,0.0,-13.18359375,15.75912094116211,9.931624412536621
1.84,0.0,-13.18359375,14.445901870727539,9.843733787536621
1.86,0.0,-13.18359375,8.617646217346191,9.492170333862305
1.9000000000000001,0.0,-13.18359375,7.048104286193848,9.667951583862305
1.94,0.0,-13.18359375,3.820950746536255,9.843733787536621
1.96,0.0,-13.18359375,3.820950746536255,12.216787338256836
2.0,0.0,-13.18359375,-1.1337897777557373,15.380830764770508
2.04,0.0,-13.18359375,-4.428578853607178,18.632793426513672
2.06,0.0,-13.18359375,-7.648870944976807,24.609344482421875
2.1,0.0,-13.18359375,-7.648870944976807,30.32225227355957
2.14,0.0,-13.18359375,-12.215245246887207,35.59567642211914
2.18,0.0,-13.18359375,-15.004179954528809,41.66014862060547
2.2,0.0,-13.18359375,-15.004179954528809,48.60348129272461
2.24,0.0,-13.18359375,-18.67933464050293,55.28316879272461
2.2600000000000002,0.0,-13.18359375,-20.725730895996094,61.25973129272461
2.3000000000000003,0.0,-13.18359375,-20.725730895996094,67.41207885742188
2.34,0.0,-13.18359375,-23.095985412597656,74.35543060302734
2.36,0.0,-13.18359375,-24.16695213317871,79.62887573242188
2.4,0.0,-13.18359375,-24.16695213317871,86.3964614868164
2.44,0.0,-13.18359375,-24.95836639404297,92.19723510742188
2.46,0.0,-13.18359375,-24.926761627197266,96.06442260742188
2.5,0.0,-13.18359375,-24.926761627197266,100.8105239868164
2.54,0.0,-12.832030296325684,-24.038408279418945,106.6113052368164
2.58,0.0,-12.480466842651367,-22.89908790588379,111.7089614868164
2.6,0.0,-12.480466842651367,-21.343433380126953,116.1034927368164
2.64,0.0,-12.480466842651367,-21.343433380126953,118.47652435302734
2.68,0.0,-12.480466842651367,-18.290267944335938,121.6406021118164
2.72,0.0,-12.480466842651367,-15.827353477478027,124.10153198242188
2.74,0.0,-12.480466842651367,-13.07280158996582,124.89254760742188
2.7800000000000002,0.0,-12.480466842651367,-11.601435661315918,124.89254760742188
2.8000000000000003,0.0,-12.480466842651367,-8.503747940063477,124.54098510742188
2.84,0.0,-12.480466842651367,-6.891493320465088,123.66207885742188
2.88,0.0,-12.480466842651367,-3.5768918991088867,121.99214935302734
2.9,0.0,-12.480466842651367,-0.19295619428157806,119.17965698242188
2.94,0.0,-12.480466842651367,-0.19295619428157806,115.6640396118164
2.98,0.0,-12.480466842651367,4.876628875732422,114.16989135742188
3.0,0.0,-12.480466842651367,8.160888671875,112.76364135742188
3.04,0.0,-12.656248092651367,9.751266479492188,109.16012573242188
3.08,0.0,-12.656248092651367,12.791302680969238,104.41403198242188
3.1,0.0,-12.568329811096191,12.791302680969238,97.03121185302734
3.14,0.0,-12.656248092651367,14.22665786743164,89.91207885742188
3.18,0.0,-12.656248092651367,19.2490177154541,85.95700073242188
3.22,0.0,-12.656248092651367,21.246217727661133,79.71675872802734
3.24,0.0,-12.656248092651367,21.246217727661133,71.89450073242188
3.2800000000000002,0.0,-12.568329811096191,22.09836769104004,65.56637573242188
3.3200000000000003,0.0,-12.656248092651367,24.439361572265625,61.08395004272461
3.34,0.0,-12.656248092651367,24.930166244506836,55.195281982421875
3.38,0.0,-12.656248092651367,24.930166244506836,47.812469482421875
3.42,0.0,-12.656248092651367,24.78372573852539,42.18749237060547
3.44,0.0,-12.656248092651367,24.098236083984375,37.52927780151367
3.48,0.0,-12.568329811096191,24.098236083984375,32.871089935302734
3.52,0.0,-12.656248092651367,22.21706771850586,28.300764083862305
3.56,0.0,-12.568329811096191,20.427099227905273,25.75192642211914
3.58,0.0,-12.568329811096191,18.24557113647461,23.906217575073242
3.62,0.0,-12.568329811096191,18.24557113647461,22.9394474029541
3.66,0.0,-12.656248092651367,14.329628944396973,20.65428352355957
3.68,0.0,-12.568329811096191,11.361357688903809,18.984357833862305
3.72,0.0,-12.568329811096191,9.790511131286621,18.544902801513672
3.7600000000000002,0.0,-12.656248092651367,6.512744903564453,18.720684051513672
3.7800000000000002,0.0,-12.568329811096191,3.1060996055603027,20.214828491210938
3.8200000000000003,0.0,-12.656248092651367,1.3748135566711426,23.466764450073242
3.86,0.0,-12.656248092651367,-2.1019585132598877,27.33396339416504
3.88,0.0,-12.568329811096191,-5.541541576385498,31.992177963256836
3.92,0.0,-12.392548561096191,-7.2264299392700195,38.05662155151367
3.96,0.0,-12.30468463897705,-10.48526668548584,42.802703857421875
4.0,0.0,-12.30468463897705,-13.54322338104248,49.13082504272461
4.0200000000000005,0.0,-12.30468463897705,-16.340007781982422,57.39255142211914
4.0600000000000005,0.0,-12.30468463897705,-17.622900009155273,62.753875732421875
4.1,0.0,-12.30468463897705,-19.925691604614258,67.85153198242188
4.12,0.0,-12.30468463897705,-21.840015411376953,75.93746948242188
4.16,0.0,-12.30468463897705,-22.639062881469727,81.47457885742188
4.18,0.0,-12.30468463897705,-23.900463104248047,87.01168823242188
4.22,0.0,-12.30468463897705,-23.900463104248047,93.42770385742188
4.26,0.0,-12.30468463897705,-24.905874252319336,97.82223510742188
4.3,0.0,-12.30468463897705,-24.96360969543457,102.3925552368164
4.32,0.0,-12.216766357421875,-24.52682113647461,109.86324310302734
4.36,0.0,-12.30468463897705,-24.52682113647461,115.2245864868164
4.4,0.0,-12.216766357421875,-22.9627742767334,119.61911010742188
4.44,0.0,-12.30468463897705,-21.342302322387695,122.69528198242188
4.46,0.0,-12.216766357421875,-21.342302322387695,125.41989135742188
4.5,0.0,-12.30468463897705,-18.1221923828125,128.23239135742188
4.54,0.0,-12.216766357421875,-15.509976387023926,130.78121948242188
4.5600000000000005,0.0,-12.30468463897705,-12.584131240844727,131.57223510742188
4.6000000000000005,0.0,-12.30468463897705,-12.584131240844727,131.57223510742188
4.64,0.0,-12.30468463897705,-7.735386848449707,131.57223510742188
4.66,0.0,-12.30468463897705,-4.290152072906494,131.48435974121094
4.7,0.0,-12.30468463897705,-4.290152072906494,129.81442260742188
4.74,0.0,-12.30468463897705,1.024344801902771,127.17769622802734
4.78,0.0,-12.30468463897705,4.56081485748291,124.18942260742188
4.8,0.0,-12.30468463897705,8.008234977722168,118.12496948242188
4.84,0.0,-12.30468463897705,9.676461219787598,112.49996185302734
4.88,0.0,-12.30468463897705,12.85919189453125,106.78707885742188
4.92,0.0,-12.392548561096191,15.782793998718262,100.01950073242188
4.94,0.0,-12.392548561096191,15.782793998718262,93.25191497802734
4.98,0.0,-12.392548561096191,19.55159568786621,88.68160247802734
5.0,0.0,-12.392548561096191,21.576541900634766,83.32028198242188
5.04,0.0,-12.392548561096191,22.425918579101562,76.37692260742188
5.08,0.0,-12.392548561096191,23.775829315185547,70.75192260742188
5.12,0.0,-12.392548561096191,24.637292861938477,63.369110107421875
5.14,0.0,-12.392548561096191,24.99107551574707,56.689422607421875
5.18,0.0,-12.392548561096191,24.97441291809082,51.415985107421875
5.22,0.0,-12.392548561096191,24.55345916748047,46.669898986816406
5.24,0.0,-12.392548561096191,23.62278175354004,41.1328010559082
5.28,0.0,-12.392548561096191,22.971464157104492,37.089820861816406
5.32,0.0,-12.392548561096191,21.312896728515625,34.013641357421875
5.34,0.0,-12.392548561096191,19.208433151245117,31.201162338256836
5.38,0.0,-12.392548561096191,18.00196647644043,29.970687866210938
5.42,0.0,-12.392548561096191,15.311354637145996,28.915996551513672
5.44,0.0,-12.392548561096191,15.311354637145996,28.828107833862305
5.48,0.0,-12.392548561096191,10.688347816467285,27.77341651916504
5.5200000000000005,0.0,-12.392548561096191,7.308018207550049,26.279272079467773
5.5600000000000005,0.0,-12.392548561096191,3.770552635192871,26.279272079467773
5.58,0.0,-12.392548561096191,1.9659678936004639,26.455053329467773
5.62,0.0,-12.392548561096191,-1.6674246788024902,27.24607276916504
5.64,0.0,-12.216766357421875,-5.269077777862549,30.410144805908203
5.68,0.0,-12.12890338897705,-7.034057140350342,34.98044204711914
5.72,0.0,-12.12890338897705,-10.44530963897705,41.30858612060547
5.74,0.0,-12.12890338897705,-10.44530963897705,48.86715316772461
5.78,0.0,-12.12890338897705,-15.130402565002441,56.777313232421875
5.82,0.0,-12.12890338897705,-17.867868423461914,63.193328857421875
5.84,0.0,-12.12890338897705,-20.226303100585938,70.13668823242188
5.88,0.0,-12.12890338897705,-20.226303100585938,78.66207122802734
5.92,0.0,-12.12890338897705,-22.942846298217773,83.93551635742188
5.94,0.0,-12.12890338897705,-24.147933959960938,90.17575073242188
5.98,0.0,-12.040985107421875,-24.147933959960938,96.2402114868164
6.0200000000000005,0.0,-11.953121185302734,-24.978424072265625,100.7226333618164
6.04,0.0,-11.777339935302734,-24.861040115356445,106.78707885742188
6.08,0.0,-11.689421653747559,-24.861040115356445,113.37887573242188
6.12,0.0,-11.689421653747559,-23.680850982666016,117.94918060302734
6.140000000000001,0.0,-11.689421653747559,-22.247251510620117,121.6406021118164
6.18,0.0,-11.689421653747559,-22.247251510620117,124.89254760742188
6.22,0.0,-11.689421653747559,-19.20063591003418,127.88082122802734
6.24,0.0,-11.689421653747559,-16.634565353393555,129.99020385742188
6.28,0.0,-11.689421653747559,-16.634565353393555,130.86911010742188
6.32,0.0,-11.689421653747559,-12.119686126708984,132.09957885742188
6.36,0.0,-11.689421653747559,-8.76046371459961,132.18746948242188
6.38,0.0,-11.689421653747559,-5.2059550285339355,132.01168823242188
6.42,0.0,-11.689421653747559,-5.2059550285339355,131.30856323242188
6.46,0.0,-11.689421653747559,0.3215094208717346,128.84762573242188
6.48,0.0,-11.689421653747559,4.019021987915039,125.41989135742188
6.5200000000000005,0.0,-11.689421653747559,4.019021987915039,119.2675552368164
6.5600000000000005,0.0,-11.689421653747559,9.380400657653809,115.04879760742188
6.58,0.0,-11.689421653747559,12.715620040893555,110.83004760742188
6.62,0.0,-11.689421653747559,12.715620040893555,104.41403198242188
6.66,0.0,-11.689421653747559,17.173852920532227,98.17378997802734
6.68,0.0,-11.689421653747559,19.685348510742188,91.93356323242188
6.72,0.0,-11.689421653747559,20.78069305419922,85.42965698242188
6.76,0.0,-11.689421653747559,22.61924934387207,78.66207122802734
6.78,0.0,-11.689421653747559,22.61924934387207,71.71871948242188
6.82,0.0,-11.689421653747559,24.42227554321289,66.62106323242188
6.86,0.0,-11.689421653747559,24.94636344909668,60.292938232421875
6.9,0.0,-11.689421653747559,24.910781860351562,53.876922607421875
6.92,0.0,-11.689421653747559,24.910781860351562,47.812469482421875
6.96,0.0,-11.689421653747559,23.809757232666016,42.802703857421875
7.0,0.0,-11.689421653747559,22.399141311645508,39.37498474121094
7.0200000000000005,0.0,-11.689421653747559,20.480886459350586,35.859352111816406
7.0600000000000005,0.0,-11.689421653747559,19.344091415405273,34.189422607421875
7.1000000000000005,0.0,-11.689421653747559,16.746557235717773,32.78319549560547
7.12,0.0,-11.689421653747559,13.766257286071777,31.640615463256836
7.16,0.0,-11.689421653747559,12.15311336517334,31.640615463256836
7.2,0.0,-11.689421653747559,8.726213455200195,31.81639862060547
7.22,0.0,-11.689421653747559,8.726213455200195,32.34374237060547
7.26,0.0,-11.689421653747559,3.2321159839630127,33.837860107421875
7.3,0.0,-11.689421653747559,-0.5450215935707092,35.94723892211914
7.34,0.0,-11.689421653747559,-0.5450215935707092,40.5175666809082
7.36,0.0,-11.689421653747559,-6.166806221008301,44.47262954711914
7.4,0.0,-11.689421653747559,-9.759657859802246,48.42770004272461
7.42,0.0,-11.689421653747559,-13.131059646606445,55.546844482421875
7.46,0.0,-11.689421653747559,-14.70897102355957,62.226531982421875
7.5,0.0,-11.689421653747559,-17.603126525878906,67.85153198242188
7.54,0.0,-11.689421653747559,-20.092613220214844,77.08004760742188
7.5600000000000005,0.0,-11.689421653747559,-20.092613220214844,83.75972747802734
7.6000000000000005,0.0,-11.689421653747559,-22.942180633544922,89.82418823242188
7.640000000000001,0.0,-11.689421653747559,-24.18579864501953,95.18551635742188
7.66,0.0,-11.689421653747559,-24.598186492919922,99.22848510742188
7.7,0.0,-11.689421653747559,-24.991117477416992,105.20504760742188
7.72,0.0,-11.425776481628418,-24.800678253173828,112.0605239868164
7.76,0.0,-11.337858200073242,-24.487045288085938,117.07027435302734
7.8,0.0,-11.337858200073242,-23.431123733520508,121.8163833618164
7.82,0.0,-11.337858200073242,-21.824386596679688,126.3866958618164
7.86,0.0,-11.337858200073242,-20.82529640197754,129.02340698242188
7.9,0.0,-11.337858200073242,-18.464176177978516,131.48435974121094
7.94,0.0,-11.337858200073242,-15.665582656860352,132.27536010742188
7.96,0.0,-11.337858200073242,-15.665582656860352,133.59371948242188
8.0,0.0,-11.337858200073242,-10.791929244995117,134.73629760742188
8.040000000000001,0.0,-11.337858200073242,-7.203060626983643,134.91207885742188
8.06,0.0,-11.337858200073242,-3.4399845600128174,134.73629760742188
8.1,0.0,-11.337858200073242,-3.4399845600128174,133.59371948242188
8.14,0.0,-11.337858200073242,2.335890531539917,130.60545349121094
8.18,0.0,-11.337858200073242,6.140433311462402,126.1230239868164
8.2,0.0,-11.337858200073242,6.140433311462402,119.2675552368164
8.24,0.0,-11.337858200073242,11.551135063171387,113.73043823242188
8.28,0.0,-11.337858200073242,14.834281921386719,109.24801635742188
8.3,0.0,-11.337858200073242,14.834281921386719,102.48043823242188
8.34,0.0,-11.601557731628418,19.074628829956055,95.97653198242188
8.38,0.0,-11.601557731628418,21.34465980529785,88.85739135742188
8.4,0.0,-11.601557731628418,21.34465980529785,80.59567260742188
8.44,0.0,-11.601557731628418,23.77479362487793,74.53121185302734
8.46,0.0,-11.601557731628418,24.685775756835938,68.55465698242188
8.5,0.0,-11.601557731628418,24.685775756835938,61.435516357421875
8.540000000000001,0.0,-11.601557731628418,24.929662704467773,56.425750732421875
8.58,0.0,-11.601557731628418,24.335721969604492,51.679656982421875
8.6,0.0,-11.601557731628418,23.149333953857422,46.75779342651367
8.64,0.0,-11.601557731628418,22.341947555541992,43.066375732421875
8.68,0.0,-11.601557731628418,20.32244873046875,40.4296760559082
8.700000000000001,0.0,-11.601557731628418,17.804576873779297,37.88084030151367
8.74,0.0,-11.601557731628418,16.377140045166016,36.914039611816406
8.78,0.0,-11.601557731628418,13.228241920471191,36.826148986816406
8.8,0.0,-11.601557731628418,9.751821517944336,36.914039611816406
8.84,0.0,-11.601557731628418,7.916954517364502,37.001930236816406
8.86,0.0,-11.601557731628418,4.109953880310059,37.35349655151367
8.9,0.0,-11.601557731628418,4.109953880310059,40.6054573059082
8.94,0.0,-11.601557731628418,-1.7669155597686768,42.89059066772461
8.96,0.0,-11.601557731628418,-5.6548662185668945,45.615211486816406
9.0,0.0,-11.601557731628418,-5.6548662185668945,51.415985107421875
9.040000000000001,0.0,-11.601557731628418,-11.201339721679688,57.040985107421875
9.08,0.0,-11.601557731628418,-14.574199676513672,62.226531982421875
9.1,0.0,-11.601557731628418,-14.574199676513672,68.11520385742188
9.14,0.0,-11.601557731628418,-18.93511199951172,74.88278198242188
9.18,0.0,-11.601557731628418,-21.26959228515625,81.47457885742188
9.200000000000001,0.0,-11.601557731628418,-23.074596405029297,89.91207885742188
9.24,0.0,-11.601557731628418,-23.074596405029297,96.85543823242188
9.28,0.0,-11.601557731628418,-24.69121551513672,102.04098510742188
9.32,0.0,-11.601557731628418,-24.99997901916504,108.72067260742188
9.34,0.0,-11.337858200073242,-24.680288314819336,115.5761489868164
9.38,0.0,-11.337858200073242,-24.28614616394043,120.6738052368164
9.42,0.0,-11.337858200073242,-23.040651321411133,124.98043823242188
9.46,0.0,-11.337858200073242,-21.211999893188477,128.93551635742188
9.5,0.0,-11.337858200073242,-21.211999893188477,132.27536010742188
9.52,0.0,-11.337858200073242,-17.477256774902344,135.26364135742188
9.56,0.0,-11.337858200073242,-14.416304588317871,137.81246948242188
9.58,0.0,-11.337858200073242,-10.986177444458008,139.39450073242188
9.620000000000001,0.0,-11.337858200073242,-9.159340858459473,139.48239135742188
9.66,0.0,-11.337858200073242,-5.3398661613464355,139.13082885742188
9.68,0.0,-11.337858200073242,-1.3806709051132202,137.46090698242188
9.72,0.0,-11.337858200073242,0.6198745965957642,133.94528198242188
9.76,0.0,-11.337858200073242,4.598892688751221,128.40817260742188
9.78,0.0,-11.337858200073242,4.598892688751221,122.08003997802734
9.82,0.0,-11.337858200073242,10.321550369262695,118.30075073242188
9.86,0.0,-11.337858200073242,13.82919692993164,113.81832885742188
9.88,0.0,-11.337858200073242,16.98367691040039,107.0507583618164
9.92,0.0,-11.337858200073242,18.40234375,100.28317260742188
9.94,0.0,-11.425776481628418,20.87599754333496,92.72457885742188
9.98,0.0,-11.513639450073242,20.87599754333496,85.16598510742188
10.02,0.0,-11.513639450073242,23.561038970947266,78.74996948242188
10.040000000000001,0.0,-11.425776481628418,24.597623825073242,72.59762573242188
10.08,0.0,-11.513639450073242,24.597623825073242,65.65426635742188
10.120000000000001,0.0,-11.513639450073242,24.951141357421875,60.64449691772461
10.14,0.0,-11.513639450073242,24.374492645263672,55.28316879272461
10.18,0.0,-11.513639450073242,23.84588623046875,51.064422607421875
10.22,0.0,-11.513639450073242,22.324329376220703,47.548805236816406
10.24,0.0,-11.425776481628418,22.324329376220703,43.76950454711914
10.28,0.0,-11.513639450073242,18.960174560546875,40.2538948059082
10.32,0.0,-11.513639450073242,16.079790115356445,37.001930236816406
10.34,0.0,-11.513639450073242,12.774197578430176,36.298805236816406
10.38,0.0,-11.513639450073242,10.988411903381348,36.298805236816406
10.42,0.0,-11.513639450073242,7.2091546058654785,36.562477111816406
10.44,0.0,-11.513639450073242,3.2362709045410156,39.9902229309082
10.48,0.0,-11.513639450073242,1.2097581624984741,43.33004379272461
10.52,0.0,-11.513639450073242,-2.8564836978912354,47.724578857421875
10.56,0.0,-11.513639450073242,-6.850500106811523,54.316375732421875
10.58,0.0,-11.513639450073242,-10.665993690490723,60.64449691772461
10.620000000000001,0.0,-11.513639450073242,-10.665993690490723,66.70895385742188
10.66,0.0,-11.513639450073242,-15.833210945129395,72.0702896118164
10.700000000000001,0.0,-11.513639450073242,-18.772212982177734,78.31051635742188
10.72,0.0,-11.513639450073242,-18.772212982177734,85.16598510742188
10.76,0.0,-11.513639450073242,-22.223356246948242,91.6698989868164
10.8,0.0,-11.513639450073242,-23.794057846069336,96.6796646118164
10.82,0.0,-11.425776481628418,-23.794057846069336,102.56832885742188
10.86,0.0,-11.162075996398926,-24.946020126342773,109.77536010742188
10.9,0.0,-11.249994277954102,-24.878707885742188,115.6640396118164
10.92,0.0,-11.249994277954102,-24.14061737060547,122.34371948242188
10.96,0.0,-11.249994277954102,-24.14061737060547,127.88082122802734
11.0,0.0,-11.249994277954102,-21.820449829101562,131.48435974121094
11.02,0.0,-11.249994277954102,-21.820449829101562,134.73629760742188
11.06,0.0,-11.249994277954102,-18.171476364135742,137.28512573242188
11.08,0.0,-11.249994277954102,-15.104830741882324,139.48239135742188
11.120000000000001,0.0,-11.249994277954102,-15.104830741882324,140.09764099121094
11.16,0.0,-11.249994277954102,-9.75869369506836,140.09764099121094
11.18,0.0,-11.249994277954102,-5.8373308181762695,139.92184448242188
11.22,0.0,-11.249994277954102,-5.8373308181762695,138.33981323242188
11.26,0.0,-11.249994277954102,0.31522464752197266,135.79098510742188
11.3,0.0,-11.249994277954102,4.4340691566467285,132.3632354736328
11.32,0.0,-11.249994277954102,8.434804916381836,125.9472427368164
11.36,0.0,-11.249994277954102,10.356243133544922,119.61911010742188
11.4,0.0,-11.249994277954102,13.974833488464355,112.76364135742188
11.42,0.0,-11.249994277954102,17.21155548095703,105.55661010742188
11.46,0.0,-11.249994277954102,18.658031463623047,98.43746948242188
11.5,0.0,-11.249994277954102,21.15651512145996,91.40621948242188
11.52,0.0,-11.249994277954102,23.071853637695312,83.84761810302734
11.56,0.0,-11.249994277954102,23.79312515258789,77.08004760742188
11.6,0.0,-11.249994277954102,24.736839294433594,71.10348510742188
11.620000000000001,0.0,-11.249994277954102,24.994123458862305,64.59957122802734
11.66,0.0,-11.249994277954102,24.994123458862305,58.271453857421875
11.700000000000001,0.0,-11.249994277954102,24.078784942626953,53.34957504272461
11.74,0.0,-11.249994277954102,22.6232967376709,49.13082504272461
11.76,0.0,-11.249994277954102,21.654842376708984,46.58201217651367
11.8,0.0,-11.249994277954102,19.269372940063477,43.681610107421875
11.82,0.0,-11.249994277954102,16.341989517211914,42.09960174560547
11.86,0.0,-11.249994277954102,16.341989517211914,42.01171112060547
11.9,0.0,-11.249994277954102,9.197951316833496,39.46287536621094
11.94,0.0,-11.249994277954102,9.197951316833496,38.67185974121094
11.98,0.0,-11.249994277954102,3.108048677444458,38.75975036621094
12.02,0.0,-11.249994277954102,-1.0900719165802002,39.28709411621094
12.06,0.0,-11.249994277954102,-5.260885238647461,42.89059066772461
12.1,0.0,-11.249994277954102,-9.286160469055176,48.339813232421875
12.120000000000001,0.0,-11.249994277954102,-13.051297187805176,56.33785629272461
12.16,0.0,-11.249994277954102,-14.802306175231934,63.193328857421875
12.200000000000001,0.0,-11.249994277954102,-17.978343963623047,69.34566497802734
12.22,0.0,-11.249994277954102,-20.64472198486328,78.92574310302734
12.26,0.0,-11.249994277954102,-21.76198387145996,85.69332885742188
12.3,0.0,-11.249994277954102,-23.523818969726562,93.60347747802734
12.32,0.0,-11.249994277954102,-24.61396598815918,99.05269622802734
12.36,0.0,-11.249994277954102,-24.896085739135742,105.46871948242188
12.4,0.0,-11.249994277954102,-24.923194885253906,112.58785247802734
12.42,0.0,-11.249994277954102,-24.66753578186035,119.35543823242188
12.46,0.0,-11.249994277954102,-23.625865936279297,125.41989135742188
12.5,0.0,-11.249994277954102,-21.902706146240234,129.99020385742188
12.52,0.0,-11.249994277954102,-19.546077728271484,132.45114135742188
12.56,0.0,-11.249994277954102,-18.15032958984375,133.76950073242188
12.6,0.0,-11.249994277954102,-14.97355842590332,134.38473510742188
12.620000000000001,0.0,-11.249994277954102,-11.360261917114258,134.38473510742188
12.66,0.0,-11.249994277954102,-9.421920776367188,134.29684448242188
12.700000000000001,0.0,-11.249994277954102,-5.351736545562744,133.76950073242188
12.72,0.0,-11.249994277954102,-1.1224616765975952,130.78121948242188
12.76,0.0,-11.249994277954102,1.013537883758545,126.65036010742188
12.8,0.0,-11.249994277954102,5.250413417816162,121.99214935302734
12.82,0.0,-11.249994277954102,9.337368965148926,116.1034927368164
12.86,0.0,-11.249994277954102,11.28687858581543,110.3027114868164
12.9,0.0,-11.249994277954102,14.926140785217285,104.32614135742188
12.92,0.0,-11.249994277954102,14.926140785217285,96.6796646118164
12.96,0.0,-11.249994277954102,16.588945388793945,89.38473510742188
13.0,0.0,-11.249994277954102,21.917097091674805,85.16598510742188
13.040000000000001,0.0,-11.249994277954102,23.651243209838867,79.01363372802734
13.06,0.0,-11.249994277954102,24.688831329345703,70.57614135742188
13.1,0.0,-11.249994277954102,24.935462951660156,63.896453857421875
13.14,0.0,-11.249994277954102,24.8741512298584,57.831993103027344
13.16,0.0,-11.249994277954102,24.07568359375,52.031219482421875
13.200000000000001,0.0,-11.249994277954102,23.406007766723633,47.63668441772461
13.24,0.0,-11.249994277954102,21.54954719543457,44.296844482421875
13.26,0.0,-11.249994277954102,19.05034828186035,41.48436737060547
13.3,0.0,-11.249994277954102,19.05034828186035,39.02342224121094
13.34,0.0,-11.249994277954102,14.260705947875977,36.826148986816406
13.38,0.0,-11.249994277954102,10.51081657409668,35.859352111816406
13.4,0.0,-11.249994277954102,6.443312168121338,35.94723892211914
13.44,0.0,-11.249994277954102,4.328022003173828,36.03512954711914
13.46,0.0,-11.249994277954102,0.013408597558736801,37.96873092651367
13.5,0.0,-11.249994277954102,0.013408597558736801,42.451168060302734
13.540000000000001,0.0,-11.249994277954102,-6.425142288208008,46.933570861816406
13.58,0.0,-11.249994277954102,-10.506682395935059,53.17379379272461
13.6,0.0,-11.249994277954102,-14.27451229095459,61.611297607421875
13.64,0.0,-11.249994277954102,-16.00450897216797,67.41207885742188
13.66,0.0,-11.249994277954102,-19.09058380126953,74.44332885742188
13.700000000000001,0.0,-11.249994277954102,-19.09058380126953,82.70504760742188
13.74,0.0,-11.249994277954102,-22.614931106567383,89.38473510742188
13.780000000000001,0.0,-11.249994277954102,-24.121850967407227,95.44918823242188
13.8,0.0,-11.162075996398926,-24.121850967407227,100.98629760742188
13.84,0.0,-11.249994277954102,-24.99982261657715,107.66597747802734
13.88,0.0,-11.249994277954102,-24.634889602661133,113.90621185302734
13.9,0.0,-11.249994277954102,-24.634889602661133,120.05856323242188
13.94,0.0,-11.249994277954102,-22.685317993164062,124.89254760742188
13.98,0.0,-11.249994277954102,-20.50619125366211,128.40817260742188
14.0,0.0,-11.249994277954102,-20.50619125366211,130.34176635742188
14.040000000000001,0.0,-11.249994277954102,-16.080833435058594,132.71481323242188
14.08,0.0,-11.249994277954102,-12.489535331726074,134.29684448242188
14.1,0.0,-11.249994277954102,-12.489535331726074,134.64840698242188
14.14,0.0,-11.249994277954102,-6.413752555847168,134.56051635742188
14.18,0.0,-11.249994277954102,-2.0849955081939697,133.59371948242188
14.200000000000001,0.0,-11.249994277954102,2.311692714691162,130.34176635742188
14.24,0.0,-11.249994277954102,2.311692714691162,124.7167739868164
14.280000000000001,0.0,-11.249994277954102,8.736912727355957,119.61911010742188
14.32,0.0,-11.249994277954102,12.713004112243652,114.16989135742188
14.34,0.0,-11.249994277954102,12.713004112243652,106.43551635742188
14.38,0.0,-11.249994277954102,17.906217575073242,100.01950073242188
14.42,0.0,-11.249994277954102,20.695646286010742,92.63668823242188
14.44,0.0,-11.249994277954102,20.695646286010742,84.02340698242188
14.48,0.0,-11.249994277954102,23.650293350219727,76.20114135742188
14.52,0.0,-11.249994277954102,24.708227157592773,69.60933685302734
14.540000000000001,0.0,-11.249994277954102,24.992570877075195,63.457000732421875
14.58,0.0,-11.249994277954102,24.840314865112305,58.007781982421875
14.6,0.0,-11.249994277954102,23.951751708984375,53.17379379272461
14.64,0.0,-11.249994277954102,23.22197723388672,48.779266357421875
14.68,0.0,-11.249994277954102,21.219051361083984,45.52731704711914
14.700000000000001,0.0,-11.249994277954102,18.545194625854492,42.802703857421875
14.74,0.0,-11.249994277954102,16.981794357299805,41.66014862060547
14.76,0.0,-11.249994277954102,13.462976455688477,41.2206916809082
14.8,0.0,-11.249994277954102,13.462976455688477,41.2206916809082
14.84,0.0,-11.249994277954102,11.53515338897705,41.2206916809082
14.88,0.0,-11.249994277954102,3.0629587173461914,41.2206916809082
14.9,0.0,-11.249994277954102,3.0629587173461914,41.2206916809082
14.94,0.0,-11.249994277954102,0.8385871648788452,42.09960174560547
14.98,0.0,-11.249994277954102,-7.957011699676514,45.43942642211914
15.0,0.0,-11.249994277954102,-12.048362731933594,50.009735107421875
15.040000000000001,0.0,-11.249994277954102,-12.048362731933594,58.007781982421875
15.08,0.0,-11.249994277954102,-17.431135177612305,64.51168060302734
15.1,0.0,-11.249994277954102,-20.34773826599121,70.57614135742188
15.14,0.0,-11.249994277954102,-20.34773826599121,79.98043823242188
15.18,0.0,-11.249994277954102,-23.47808837890625,87.97847747802734
15.200000000000001,0.0,-11.249994277954102,-24.635089874267578,94.74606323242188
15.24,0.0,-11.249994277954102,-24.635089874267578,100.98629760742188
15.280000000000001,0.0,-11.249994277954102,-24.878358840942383,108.28121948242188
15.3,0.0,-11.249994277954102,-24.03533363342285,114.7851333618164
15.34,0.0,-11.249994277954102,-24.03533363342285,121.90426635742188
15.38,0.0,-11.249994277954102,-21.3262882232666,127.70504760742188
15.42,0.0,-11.249994277954102,-18.639997482299805,131.48435974121094
15.44,0.0,-11.249994277954102,-18.639997482299805,133.06637573242188
15.48,0.0,-11.249994277954102,-13.50366497039795,133.59371948242188
15.52,0.0,-11.249994277954102,-9.502035140991211,133.94528198242188
15.540000000000001,0.0,-11.249994277954102,-9.502035140991211,133.94528198242188
15.58,0.0,-11.249994277954102,-2.9562361240386963,132.89059448242188
15.620000000000001,0.0,-11.249994277954102,1.5628888607025146,129.90231323242188
15.64,0.0,-11.249994277954102,1.5628888607025146,124.36520385742188
15.68,0.0,-11.249994277954102,8.206198692321777,119.2675552368164
15.72,0.0,-11.249994277954102,12.332674980163574,113.64254760742188
15.74,0.0,-11.249994277954102,12.332674980163574,105.90817260742188
15.780000000000001,0.0,-11.249994277954102,14.25317668914795,99.49214935302734
15.82,0.0,-11.249994277954102,20.623682022094727,93.77925872802734
15.84,0.0,-11.249994277954102,20.623682022094727,86.3085708618164
15.88,0.0,-11.249994277954102,23.669410705566406,78.39840698242188
15.92,0.0,-11.249994277954102,24.735565185546875,71.19137573242188
15.94,0.0,-11.249994277954102,24.735565185546875,63.54488754272461
15.98,0.0,-11.249994277954102,24.795738220214844,57.831993103027344
16.0,0.0,-11.249994277954102,23.805082321166992,52.734344482421875
16.04,0.0,-11.249994277954102,23.805082321166992,47.548805236816406
16.080000000000002,0.0,-11.249994277954102,20.850313186645508,43.066375732421875
16.12,0.0,-11.249994277954102,17.99435043334961,40.3417854309082
16.16,0.0,-11.249994277954102,14.535447120666504,39.19920349121094
16.18,0.0,-11.249994277954102,14.535447120666504,39.28709411621094
16.22,0.0,-11.249994277954102,8.471232414245605,39.28709411621094
16.240000000000002,0.0,-11.249994277954102,4.0404744148254395,39.28709411621094
16.28,0.0,-11.249994277954102,1.7634410858154297,40.2538948059082
16.32,0.0,-11.249994277954102,-2.818495273590088,43.505828857421875
16.34,0.0,-11.249994277954102,-7.309120178222656,48.515594482421875
16.38,0.0,-11.249994277954102,-7.309120178222656,56.95309066772461
16.42,0.0,-11.249994277954102,-13.544301986694336,62.578086853027344
16.46,0.0,-11.249994277954102,-17.16166877746582,67.67575073242188
16.5,0.0,-11.249994277954102,-20.201276779174805,76.90426635742188
16.52,0.0,-11.249994277954102,-20.201276779174805,84.90231323242188
16.56,0.0,-11.249994277954102,-23.455322265625,92.81246948242188
16.6,0.0,-11.249994277954102,-24.644704818725586,98.17378997802734
16.62,0.0,-11.249994277954102,-24.644704818725586,105.64450073242188
16.66,0.0,-11.162075996398926,-24.926971435546875,113.11519622802734
16.7,0.0,-11.249994277954102,-23.932636260986328,119.2675552368164
16.72,0.0,-11.249994277954102,-23.932636260986328,127.70504760742188
16.76,0.0,-11.249994277954102,-21.0350284576416,132.27536010742188
16.8,0.0,-11.249994277954102,-18.18602180480957,134.82418823242188
16.82,0.0,-11.249994277954102,-14.711575508117676,136.31832885742188
16.86,0.0,-11.249994277954102,-12.775885581970215,136.75778198242188
16.9,0.0,-11.249994277954102,-8.589983940124512,136.66989135742188
16.92,0.0,-11.249994277954102,-4.105381488800049,135.26364135742188
16.96,0.0,-11.249994277954102,-1.7988626956939697,132.09957885742188
17.0,0.0,-11.249994277954102,2.8433704376220703,127.26559448242188
17.02,0.0,-11.249994277954102,7.3909220695495605,120.49801635742188
17.06,0.0,-11.249994277954102,9.579713821411133,114.08200073242188
17.1,0.0,-11.249994277954102,13.692238807678223,107.75386810302734
17.12,0.0,-11.249994277954102,17.333200454711914,100.01950073242188
17.16,0.0,-11.249994277954102,18.936256408691406,92.37301635742188
17.2,0.0,-11.249994277954102,21.637022018432617,86.04489135742188
17.22,0.0,-11.249994277954102,23.586870193481445,77.08004760742188
17.26,0.0,-11.249994277954102,24.25734519958496,70.22457885742188
17.3,0.0,-11.249994277954102,24.958988189697266,64.51168060302734
17.32,0.0,-11.249994277954102,24.7893009185791,57.74410629272461
17.36,0.0,-11.249994277954102,24.7893009185791,51.503875732421875
17.400000000000002,0.0,-11.249994277954102,22.918014526367188,46.845680236816406
17.44,0.0,-11.249994277954102,20.653579711914062,43.15426254272461
17.48,0.0,-11.249994277954102,17.66214370727539,41.48436737060547
17.5,0.0,-11.249994277954102,14.04727554321289,39.72654724121094
17.54,0.0,-11.249994277954102,14.04727554321289,39.72654724121094
17.580000000000002,0.0,-11.249994277954102,7.736557483673096,39.72654724121094
17.62,0.0,-11.249994277954102,3.1521151065826416,39.81443786621094
17.64,0.0,-11.249994277954102,3.1521151065826416,40.5175666809082
17.68,0.0,-11.249994277954102,-3.8880460262298584,43.593719482421875
17.72,0.0,-11.249994277954102,-8.448288917541504,47.63668441772461
17.740000000000002,0.0,-11.249994277954102,-8.448288917541504,55.195281982421875
17.78,0.0,-11.249994277954102,-14.684735298156738,62.050750732421875
17.8,0.0,-11.249994277954102,-18.223085403442383,67.14840698242188
17.84,0.0,-11.249994277954102,-18.223085403442383,75.93746948242188
17.88,0.0,-11.249994277954102,-22.284643173217773,82.88082885742188
17.92,0.0,-11.249994277954102,-24.018577575683594,90.08786010742188
17.94,0.0,-11.249994277954102,-24.018577575683594,97.64645385742188
17.98,0.0,-11.249994277954102,-24.9998836517334,104.15036010742188
18.02,0.0,-11.249994277954102,-24.537351608276367,111.1816177368164
18.04,0.0,-11.249994277954102,-23.193769454956055,118.56442260742188
18.080000000000002,0.0,-11.249994277954102,-22.20485496520996,125.1562271118164
18.12,0.0,-11.249994277954102,-19.636093139648438,130.42965698242188
18.14,0.0,-11.249994277954102,-16.35799789428711,133.68161010742188
18.18,0.0,-11.249994277954102,-14.488511085510254,134.99996948242188
18.22,0.0,-11.249994277954102,-10.372234344482422,135.08786010742188
18.240000000000002,0.0,-11.249994277954102,-5.877837181091309,134.73629760742188
18.28,0.0,-11.249994277954102,-3.539045810699463,133.68161010742188
18.32,0.0,-11.249994277954102,1.2160359621047974,130.78121948242188
18.34,0.0,-11.249994277954102,5.9304890632629395,125.1562271118164
18.38,0.0,-11.249994277954102,8.218689918518066,119.00387573242188
18.42,0.0,-11.249994277954102,12.552663803100586,111.4452896118164
18.44,0.0,-11.249994277954102,16.432512283325195,102.91989135742188
18.48,0.0,-11.249994277954102,18.156810760498047,94.92184448242188
18.52,0.0,-11.249994277954102,21.0946044921875,87.36325073242188
18.54,0.0,-11.249994277954102,23.263181686401367,78.13473510742188
18.580000000000002,0.0,-11.249994277954102,24.032485961914062,71.01559448242188
18.6,0.0,-11.249994277954102,24.90468978881836,65.12691497802734
18.64,0.0,-11.249994277954102,24.90468978881836,58.447235107421875
18.68,0.0,-11.249994277954102,24.498821258544922,52.82223129272461
18.72,0.0,-11.249994277954102,23.09701919555664,48.164031982421875
18.740000000000002,0.0,-11.249994277954102,20.84331703186035,44.736297607421875
18.78,0.0,-11.249994277954102,19.421236038208008,42.18749237060547
18.8,0.0,-11.249994277954102,16.051197052001953,41.04491424560547
18.84,0.0,-11.249994277954102,16.051197052001953,40.86913299560547
18.88,0.0,-11.249994277954102,9.923457145690918,39.46287536621094
18.92,0.0,-11.249994277954102,5.342040538787842,39.19920349121094
18.94,0.0,-11.249994277954102,5.342040538787842,39.28709411621094
18.98,0.0,-11.249994277954102,-1.8527978658676147,40.0781135559082
19.02,0.0,-11.249994277954102,-6.604959964752197,42.62694549560547
19.04,0.0,-11.249994277954102,-6.604959964752197,47.37302780151367
19.080000000000002,0.0,-11.249994277954102,-13.225152969360352,53.789031982421875
19.12,0.0,-11.249994277954102,-17.058847427368164,60.996063232421875
19.14,0.0,-11.249994277954102,-17.058847427368164,68.02731323242188
19.18,0.0,-11.249994277954102,-21.579927444458008,76.72848510742188
19.22,0.0,-11.249994277954102,-23.607603073120117,83.93551635742188
19.240000000000002,0.0,-11.249994277954102,-24.750930786132812,93.77925872802734
19.28,0.0,-11.249994277954102,-24.9755859375,99.31637573242188
19.32,0.0,-11.249994277954102,-24.71904182434082,106.34762573242188
19.34,0.0,-11.162075996398926,-23.531391143798828,114.96090698242188
19.38,0.0,-11.162075996398926,-22.600419998168945,121.3769302368164
19.42,0.0,-11.249994277954102,-20.106908798217773,127.96871185302734
19.44,0.0,-11.249994277954102,-16.851600646972656,132.80270385742188
19.48,0.0,-11.249994277954102,-14.975235939025879,135.35153198242188
19.52,0.0,-11.249994277954102,-10.813090324401855,137.02145385742188
19.54,0.0,-11.249994277954102,-6.237740516662598,137.10934448242188
19.580000000000002,0.0,-11.249994277954102,-3.8486926555633545,136.93356323242188
19.62,0.0,-11.249994277954102,1.018902063369751,135.79098510742188
19.64,0.0,-11.249994277954102,5.851208209991455,131.9237823486328
19.68,0.0,-11.249994277954102,8.196303367614746,126.82614135742188
19.72,0.0,-11.249994277954102,12.632186889648438,120.6738052368164
19.740000000000002,0.0,-11.249994277954102,16.588552474975586,111.6210708618164
19.78,0.0,-11.249994277954102,18.338415145874023,103.35934448242188
19.8,0.0,-11.249994277954102,21.296852111816406,94.92184448242188
19.84,0.0,-11.249994277954102,22.476608276367188,86.04489135742188
19.88,0.0,-11.249994277954102,24.179475784301758,77.34371948242188
19.900000000000002,0.0,-11.249994277954102,24.954238891601562,68.29098510742188
19.94,0.0,-11.249994277954102,24.954238891601562,58.710906982421875
19.98,0.0,-11.249994277954102,24.316638946533203,53.085906982421875
20.02,0.0,-11.249994277954102,22.712621688842773,49.218719482421875
20.04,0.0,-11.249994277954102,20.230087280273438,46.933570861816406
20.080000000000002,0.0,-11.249994277954102,20.230087280273438,44.38473892211914
20.12,0.0,-11.249994277954102,15.073531150817871,42.62694549560547
20.16,0.0,-11.249994277954102,10.87255573272705,41.48436737060547
20.18,0.0,-11.162075996398926,6.246464252471924,41.48436737060547
20.22,0.0,-11.249994277954102,3.829439401626587,41.57225799560547
20.26,0.0,-11.249994277954102,-1.0953046083450317,43.33004379272461
20.3,0.0,-11.249994277954102,-5.980875015258789,48.42770004272461
20.32,0.0,-11.249994277954102,-10.636543273925781,55.81051254272461
20.36,0.0,-11.249994277954102,-12.820631980895996,62.40231704711914
20.400000000000002,0.0,-11.249994277954102,-16.793968200683594,68.20309448242188
20.42,0.0,-11.249994277954102,-18.543949127197266,77.78317260742188
20.46,0.0,-11.249994277954102,-20.112462997436523,86.57223510742188
20.5,0.0,-11.249994277954102,-23.582815170288086,94.48239135742188
20.54,0.0,-11.249994277954102,-24.75638771057129,99.05269622802734
20.56,0.0,-11.162075996398926,-24.956451416015625,106.87496948242188
20.6,0.0,-11.162075996398926,-24.686784744262695,114.16989135742188
20.64,0.0,-11.249994277954102,-23.4200382232666,119.53121948242188
20.66,0.0,-11.249994277954102,-21.22735595703125,126.73824310302734
20.7,0.0,-11.249994277954102,-19.808916091918945,131.22067260742188
20.740000000000002,0.0,-11.249994277954102,-16.39691925048828,132.97848510742188
20.78,0.0,-11.249994277954102,-12.332560539245605,133.76950073242188
20.8,0.0,-11.249994277954102,-12.332560539245605,133.85739135742188
20.84,0.0,-11.249994277954102,-10.104865074157715,132.97848510742188
20.88,0.0,-11.249994277954102,-0.41512370109558105,131.39646911621094
20.92,0.0,-11.249994277954102,4.55821418762207,129.55075073242188
20.94,0.0,-11.249994277954102,9.353206634521484,125.33200073242188
20.98,0.0,-11.249994277954102,9.353206634521484,118.30075073242188
21.02,0.0,-11.249994277954102,15.79507827758789,110.6542739868164
21.04,0.0,-11.249994277954102,19.33735466003418,103.62300872802734
21.080000000000002,0.0,-11.249994277954102,20.826528549194336,95.09762573242188
21.12,0.0,-11.249994277954102,23.165210723876953,85.95700073242188
21.14,0.0,-11.249994277954102,24.574827194213867,76.64059448242188
21.18,0.0,-11.249994277954102,24.91136932373047,68.90621948242188
21.22,0.0,-11.249994277954102,24.829669952392578,60.46871566772461
21.240000000000002,0.0,-11.249994277954102,23.746807098388672,53.43746566772461
21.28,0.0,-11.249994277954102,23.746807098388672,48.69137191772461
21.32,0.0,-11.249994277954102,20.347068786621094,46.054664611816406
21.36,0.0,-11.162075996398926,17.027732849121094,43.593719482421875
21.38,0.0,-11.249994277954102,17.027732849121094,43.417938232421875
21.42,0.0,-11.249994277954102,10.800220489501953,42.89059066772461
21.46,0.0,-11.249994277954102,6.059924602508545,42.802703857421875
21.48,0.0,-11.249994277954102,3.5836308002471924,42.89059066772461
21.52,0.0,-11.249994277954102,-1.4555805921554565,43.066375732421875
21.54,0.0,-11.249994277954102,-6.438985347747803,46.230445861816406
21.580000000000002,0.0,-11.249994277954102,-8.845885276794434,50.88863754272461
21.62,0.0,-11.249994277954102,-13.366846084594727,57.480438232421875
21.64,0.0,-11.249994277954102,-17.344369888305664,64.07223510742188
21.68,0.0,-11.249994277954102,-19.077049255371094,70.40036010742188
21.7,0.0,-11.249994277954102,-21.94053840637207,78.31051635742188
21.740000000000002,0.0,-11.249994277954102,-21.94053840637207,87.80270385742188
21.78,0.0,-11.162075996398926,-24.52406883239746,95.44918823242188
21.82,0.0,-11.249994277954102,-24.99925422668457,101.51364135742188
21.84,0.0,-11.162075996398926,-24.445362091064453,110.3027114868164
21.88,0.0,-11.162075996398926,-24.445362091064453,118.65231323242188
21.92,0.0,-11.249994277954102,-21.741729736328125,126.21090698242188
21.96,0.0,-11.162075996398926,-18.79631996154785,132.27536010742188
21.98,0.0,-11.249994277954102,-18.79631996154785,136.05467224121094
22.02,0.0,-11.249994277954102,-12.962687492370605,139.65817260742188
22.06,0.0,-11.162075996398926,-8.3627290725708,141.50387573242188
22.080000000000002,0.0,-11.249994277954102,-8.3627290725708,141.76754760742188
22.12,0.0,-11.162075996398926,-0.8694978952407837,141.50387573242188
22.16,0.0,-11.249994277954102,4.219442367553711,140.62496948242188
22.18,0.0,-11.249994277954102,9.136065483093262,137.81246948242188
22.22,0.0,-11.249994277954102,11.465044021606445,132.3632354736328
22.26,0.0,-11.249994277954102,15.742240905761719,125.77145385742188
22.28,0.0,-11.249994277954102,19.364151000976562,117.07027435302734
22.32,0.0,-11.249994277954102,20.880319595336914,108.36911010742188
22.36,0.0,-11.249994277954102,23.242599487304688,100.10739135742188
22.38,0.0,-11.249994277954102,24.631296157836914,88.06637573242188
22.42,0.0,-11.249994277954102,24.940013885498047,78.66207122802734
22.46,0.0,-11.249994277954102,24.76862335205078,69.52145385742188
22.5,0.0,-11.249994277954102,23.554288864135742,58.886688232421875
22.52,0.0,-11.249994277954102,23.554288864135742,50.800750732421875
22.56,0.0,-11.249994277954102,19.896156311035156,45.08786392211914
22.6,0.0,-11.249994277954102,16.380247116088867,41.57225799560547
22.62,0.0,-11.249994277954102,12.168947219848633,40.4296760559082
22.66,0.0,-11.249994277954102,9.856857299804688,40.3417854309082
22.7,0.0,-11.249994277954102,4.9416985511779785,40.4296760559082
22.72,0.0,-11.249994277954102,-0.18659253418445587,42.36327362060547
22.76,0.0,-11.249994277954102,-2.7628016471862793,46.230445861816406
22.8,0.0,-11.249994277954102,-7.8022966384887695,51.767547607421875
22.82,0.0,-11.249994277954102,-12.512849807739258,60.11715316772461
22.86,0.0,-11.249994277954102,-14.681004524230957,66.09371948242188
22.900000000000002,0.0,-11.249994277954102,-18.526655197143555,73.30075073242188
22.92,0.0,-11.249994277954102,-18.526655197143555,82.44137573242188
22.96,0.0,-11.249994277954102,-22.772315979003906,90.61520385742188
22.98,0.0,-11.249994277954102,-24.408374786376953,96.85543823242188
23.02,0.0,-11.249994277954102,-24.837018966674805,102.8320083618164
23.06,0.0,-11.162075996398926,-24.891189575195312,111.0937271118164
23.080000000000002,0.0,-11.162075996398926,-23.875585556030273,118.91597747802734
23.12,0.0,-11.162075996398926,-22.97782325744629,126.73824310302734
23.14,0.0,-11.249994277954102,-20.449420928955078,132.3632354736328
23.18,0.0,-11.162075996398926,-20.449420928955078,136.4940948486328
23.22,0.0,-11.249994277954102,-15.044159889221191,140.18551635742188
23.26,0.0,-11.162075996398926,-10.590021133422852,142.38278198242188
23.3,0.0,-11.162075996398926,-10.590021133422852,142.73434448242188
23.32,0.0,-11.162075996398926,-0.5099889636039734,142.29489135742188
23.36,0.0,-11.249994277954102,2.0960867404937744,140.62496948242188
23.400000000000002,0.0,-11.249994277954102,7.214294910430908,138.33981323242188
23.42,0.0,-11.249994277954102,7.214294910430908,131.9237823486328
23.46,0.0,-11.249994277954102,14.243535995483398,124.7167739868164
23.5,0.0,-11.162075996398926,18.198972702026367,117.24605560302734
23.52,0.0,-11.162075996398926,21.363073348999023,107.1386489868164
23.56,0.0,-11.249994277954102,21.363073348999023,96.3281021118164
23.6,0.0,-11.249994277954102,22.603160858154297,85.60543823242188
23.64,0.0,-11.249994277954102,24.330440521240234,77.60739135742188
23.66,0.0,-11.249994277954102,24.561939239501953,69.08200073242188
23.7,0.0,-11.249994277954102,24.561939239501953,60.82027816772461
23.740000000000002,0.0,-11.249994277954102,23.938684463500977,55.63473129272461
23.76,0.0,-11.249994277954102,18.917007446289062,52.470672607421875
23.8,0.0,-11.162075996398926,17.097482681274414,51.32809066772461
23.84,0.0,-11.249994277954102,12.911974906921387,51.415985107421875
23.86,0.0,-11.162075996398926,12.911974906921387,51.943328857421875
23.900000000000002,0.0,-11.162075996398926,5.624607086181641,52.55855941772461
23.94,0.0,-11.249994277954102,0.4052518904209137,53.17379379272461
23.96,0.0,-11.249994277954102,0.4052518904209137,56.95309066772461
24.0,0.0,-11.249994277954102,-7.391122341156006,61.523406982421875
24.02,0.0,-11.162075996398926,-12.230666160583496,65.83004760742188
24.060000000000002,0.0,-11.249994277954102,-12.230666160583496,72.68551635742188
24.1,0.0,-11.249994277954102,-20.096773147583008,81.8261489868164
24.14,0.0,-11.249994277954102,-20.096773147583008,90.35153198242188
24.18,0.0,-11.162075996398926,-23.733097076416016,97.29489135742188
24.22,0.0,-11.249994277954102,-24.854328155517578,103.27144622802734
24.240000000000002,0.0,-11.162075996398926,-24.86530876159668,112.76364135742188
24.28,0.0,-11.162075996398926,-24.451648712158203,120.1464614868164
24.32,0.0,-11.162075996398926,-22.807798385620117,128.32028198242188
24.34,0.0,-11.162075996398926,-20.139930725097656,134.64840698242188
24.38,0.0,-11.162075996398926,-18.457111358642578,139.39450073242188
24.42,0.0,-11.162075996398926,-14.48714542388916,144.05270385742188
24.44,0.0,-11.162075996398926,-9.862632751464844,147.30465698242188
24.48,0.0,-11.162075996398926,-9.862632751464844,147.83200073242188
24.52,0.0,-11.162075996398926,-2.1575634479522705,147.74411010742188
24.54,0.0,-11.162075996398926,3.1544272899627686,146.51364135742188
24.580000000000002,0.0,-11.162075996398926,3.1544272899627686,143.87692260742188
24.62,0.0,-11.162075996398926,10.787795066833496,139.65817260742188
24.64,0.0,-11.162075996398926,15.317026138305664,133.33004760742188
24.68,0.0,-11.162075996398926,15.317026138305664,124.18942260742188
24.72,0.0,-11.162075996398926,20.757369995117188,115.83981323242188
24.740000000000002,0.0,-11.162075996398926,23.239511489868164,106.78707885742188
24.78,0.0,-11.162075996398926,23.239511489868164,95.97653198242188
24.82,0.0,-11.162075996398926,24.959680557250977,86.57223510742188
24.84,0.0,-11.162075996398926,24.691770553588867,77.60739135742188
24.88,0.0,-11.162075996398926,24.13227081298828,69.52145385742188
24.92,0.0,-11.162075996398926,22.19276237487793,62.578086853027344
24.94,0.0,-11.162075996398926,22.19276237487793,55.019500732421875
24.98,0.0,-11.249994277954102,17.417219161987305,50.800750732421875
25.0,0.0,-11.162075996398926,13.199252128601074,48.955047607421875
25.04,0.0,-11.162075996398926,13.199252128601074,48.86715316772461
25.080000000000002,0.0,-11.162075996398926,5.799126625061035,48.955047607421875
25.12,0.0,-11.162075996398926,0.47943276166915894,51.15230941772461
25.14,0.0,-11.162075996398926,-2.205488681793213,56.249969482421875
25.18,0.0,-11.162075996398926,-7.470763206481934,61.25973129272461
25.2,0.0,-11.249994277954102,-12.39470100402832,66.18161010742188
25.240000000000002,0.0,-11.162075996398926,-14.656468391418457,72.42184448242188
25.28,0.0,-11.249994277954102,-18.648109436035156,79.98043823242188
25.3,0.0,-11.162075996398926,-21.778913497924805,88.94528198242188
25.34,0.0,-11.162075996398926,-22.9738712310791,96.50387573242188
25.38,0.0,-11.162075996398926,-24.552324295043945,102.91989135742188
25.400000000000002,0.0,-11.162075996398926,-24.99125099182129,112.93941497802734
25.44,0.0,-11.162075996398926,-24.99125099182129,122.25582885742188
25.48,0.0,-11.162075996398926,-23.478260040283203,131.04490661621094
25.5,0.0,-11.162075996398926,-21.087236404418945,136.05467224121094
25.54,0.0,-11.162075996398926,-21.087236404418945,143.17379760742188
25.580000000000002,0.0,-11.162075996398926,-19.51338005065918,149.32614135742188
25.62,0.0,-11.162075996398926,-15.69968318939209,152.40231323242188
25.64,0.0,-11.162075996398926,-6.074151992797852,153.98434448242188
25.68,0.0,-11.162075996398926,-6.074151992797852,154.42379760742188
25.72,0.0,-11.162075996398926,2.000558614730835,154.42379760742188
25.740000000000002,0.0,-11.162075996398926,7.323644638061523,153.28121948242188
25.78,0.0,-11.162075996398926,7.323644638061523,149.85348510742188
25.82,0.0,-11.162075996398926,14.594385147094727,144.93161010742188
25.84,0.0,-11.162075996398926,18.631513595581055,138.86715698242188
25.88,0.0,-11.249994277954102,18.631513595581055,128.75973510742188
25.92,0.0,-11.162075996398926,22.99454689025879,120.76168823242188
25.94,0.0,-11.162075996398926,24.57174301147461,110.83004760742188
25.98,0.0,-11.249994277954102,24.57174301147461,99.84371948242188
26.02,0.0,-11.162075996398926,24.74917984008789,89.38473510742188
26.04,0.0,-11.249994277954102,23.397079467773438,80.50778198242188
26.080000000000002,0.0,-11.162075996398926,23.397079467773438,70.22457885742188
26.12,0.0,-11.249994277954102,19.317604064941406,62.49020767211914
26.14,0.0,-11.162075996398926,15.415995597839355,55.28316879272461
26.18,0.0,-11.162075996398926,15.415995597839355,49.570281982421875
26.22,0.0,-11.249994277954102,8.249104499816895,47.19724655151367
26.240000000000002,0.0,-11.249994277954102,2.9254438877105713,46.845680236816406
26.28,0.0,-11.162075996398926,2.9254438877105713,46.933570861816406
26.32,0.0,-11.162075996398926,-5.246931076049805,47.19724655151367
26.34,0.0,-11.162075996398926,-10.43959903717041,50.273406982421875
26.38,0.0,-11.162075996398926,-10.43959903717041,56.51364517211914
26.42,0.0,-11.249994277954102,-17.224029541015625,62.226531982421875
26.46,0.0,-11.162075996398926,-20.758901596069336,67.3241958618164
26.48,0.0,-11.162075996398926,-20.758901596069336,76.02536010742188
26.52,0.0,-11.162075996398926,-24.15172576904297,82.61714935302734
26.54,0.0,-11.162075996398926,-24.97878646850586,90.96676635742188
26.580000000000002,0.0,-11.162075996398926,-24.940719604492188,98.08590698242188
26.62,0.0,-11.162075996398926,-23.962230682373047,105.38082885742188
26.64,0.0,-11.162075996398926,-23.033092498779297,115.5761489868164
26.68,0.0,-11.162075996398926,-21.824169158935547,125.77145385742188
26.72,0.0,-11.162075996398926,-16.67879867553711,132.97848510742188
26.740000000000002,0.0,-11.162075996398926,-12.196115493774414,138.42770385742188
26.78,0.0,-11.162075996398926,-9.716699600219727,145.01951599121094
26.82,0.0,-11.162075996398926,-4.43174934387207,149.94139099121094
26.84,0.0,-11.162075996398926,1.0722802877426147,153.54489135742188
26.88,0.0,-11.162075996398926,3.8228399753570557,155.12692260742188
26.92,0.0,-11.162075996398926,9.15322494506836,155.12692260742188
26.94,0.0,-11.162075996398926,14.039996147155762,154.77536010742188
26.98,0.0,-11.162075996398926,16.24094009399414,153.98434448242188
27.02,0.0,-11.162075996398926,20.0224552154541,151.43551635742188
27.04,0.0,-11.162075996398926,22.82544708251953,145.28317260742188
27.080000000000002,0.0,-11.162075996398926,22.82544708251953,137.90036010742188
27.12,0.0,-11.162075996398926,24.90509033203125,129.55075073242188
27.14,0.0,-11.162075996398926,24.772464752197266,120.2343521118164
27.18,0.0,-11.162075996398926,24.772464752197266,108.72067260742188
27.22,0.0,-11.162075996398926,22.305437088012695,99.75582885742188
27.240000000000002,0.0,-11.162075996398926,19.2635498046875,89.38473510742188
27.28,0.0,-11.249994277954102,19.2635498046875,79.10152435302734
27.32,0.0,-11.162075996398926,12.973546981811523,71.10348510742188
27.34,0.0,-11.162075996398926,7.928579330444336,63.369110107421875
27.38,0.0,-11.162075996398926,7.928579330444336,55.45895004272461
27.42,0.0,-11.249994277954102,-0.29741770029067993,50.97652816772461
27.44,0.0,-11.162075996398926,-5.824725151062012,49.042938232421875
27.48,0.0,-11.162075996398926,-5.824725151062012,49.042938232421875
27.52,0.0,-11.162075996398926,-13.497052192687988,49.13082504272461
27.54,0.0,-11.162075996398926,-17.82743263244629,51.15230941772461
27.580000000000002,0.0,-11.162075996398926,-17.82743263244629,56.162078857421875
27.62,0.0,-11.162075996398926,-19.672428131103516,61.435516357421875
27.64,0.0,-11.249994277954102,-24.412382125854492,66.26950073242188
27.68,0.0,-11.162075996398926,-24.861770629882812,72.33394622802734
27.72,0.0,-11.162075996398926,-24.823280334472656,79.89254760742188
27.740000000000002,0.0,-11.249994277954102,-23.541278839111328,88.68160247802734
27.78,0.0,-11.162075996398926,-22.450942993164062,96.3281021118164
27.82,0.0,-11.162075996398926,-19.43863868713379,102.56832885742188
27.84,0.0,-11.162075996398926,-15.447623252868652,111.9726333618164
27.88,0.0,-11.162075996398926,-13.145586013793945,119.2675552368164
27.92,0.0,-11.162075996398926,-8.072484970092773,127.61715698242188
27.94,0.0,-11.162075996398926,-2.5892834663391113,134.12106323242188
27.98,0.0,-11.249994277954102,0.2203224152326584,138.86715698242188
28.02,0.0,-11.162075996398926,5.798234939575195,143.43746948242188
28.04,0.0,-11.162075996398926,11.08639907836914,146.95309448242188
28.080000000000002,0.0,-11.249994277954102,13.537059783935547,147.48043823242188
28.12,0.0,-11.162075996398926,17.89559555053711,147.39254760742188
28.14,0.0,-11.249994277954102,21.349008560180664,146.42575073242188
28.18,0.0,-11.162075996398926,22.67890739440918,144.49215698242188
28.2,0.0,-11.162075996398926,24.459285736083984,140.80075073242188
28.240000000000002,0.0,-11.249994277954102,24.459285736083984,134.03317260742188
28.28,0.0,-11.162075996398926,24.786293029785156,126.0351333618164
28.3,0.0,-11.162075996398926,23.42230987548828,118.38863372802734
28.34,0.0,-11.162075996398926,22.284963607788086,109.24801635742188
28.38,0.0,-11.249994277954102,19.17081642150879,101.6894302368164
28.400000000000002,0.0,-11.249994277954102,15.074262619018555,89.91207885742188
28.44,0.0,-11.162075996398926,12.720849990844727,82.08981323242188
28.48,0.0,-11.162075996398926,7.553666591644287,74.35543060302734
28.5,0.0,-11.162075996398926,1.9957551956176758,66.62106323242188
28.54,0.0,-11.162075996398926,-0.8411521911621094,61.435516357421875
28.580000000000002,0.0,-11.249994277954102,-6.4486260414123535,58.447235107421875
28.6,0.0,-11.162075996398926,-11.72767448425293,57.480438232421875
28.64,0.0,-11.249994277954102,-14.157817840576172,57.56832504272461
28.68,0.0,-11.162075996398926,-18.441930770874023,58.53512191772461
28.72,0.0,-11.162075996398926,-21.77659797668457,62.578086853027344
28.740000000000002,0.0,-11.162075996398926,-23.03131103515625,66.35739135742188
28.78,0.0,-11.162075996398926,-24.633018493652344,71.71871948242188
28.8,0.0,-11.162075996398926,-24.960046768188477,79.36520385742188
28.84,0.0,-11.162075996398926,-24.636884689331055,86.13278198242188
28.88,0.0,-11.162075996398926,-23.03667449951172,94.13082122802734
28.900000000000002,0.0,-11.162075996398926,-20.23877716064453,101.2499771118164
28.94,0.0,-11.249994277954102,-20.23877716064453,110.91793823242188
28.98,0.0,-11.162075996398926,-14.125143051147461,117.86129760742188
29.02,0.0,-11.162075996398926,-9.078385353088379,125.85934448242188
29.04,0.0,-11.162075996398926,-3.554885149002075,133.06637573242188
29.080000000000002,0.0,-11.162075996398926,-0.7036489844322205,137.37301635742188
29.12,0.0,-11.249994277954102,4.9916205406188965,141.4159698486328
29.14,0.0,-11.162075996398926,10.42912769317627,144.93161010742188
29.18,0.0,-11.162075996398926,12.961119651794434,145.54684448242188
29.22,0.0,-11.162075996398926,17.484914779663086,145.54684448242188
29.240000000000002,0.0,-11.162075996398926,17.484914779663086,144.49215698242188
29.28,0.0,-11.249994277954102,22.492727279663086,142.03121948242188
29.32,0.0,-11.249994277954102,24.387489318847656,137.98825073242188
29.34,0.0,-11.162075996398926,24.99915885925293,130.25387573242188
29.38,0.0,-11.162075996398926,24.810302734375,122.87105560302734
29.400000000000002,0.0,-11.162075996398926,23.454153060913086,115.04879760742188
29.44,0.0,-11.162075996398926,22.304218292236328,106.5234146118164
29.48,0.0,-11.162075996398926,19.135217666625977,98.17378997802734
29.5,0.0,-11.162075996398926,14.951654434204102,87.18746185302734
29.54,0.0,-11.249994277954102,12.546276092529297,78.92574310302734
29.580000000000002,0.0,-11.162075996398926,7.266909122467041,72.15817260742188
29.6,0.0,-11.249994277954102,1.5985910892486572,64.95114135742188
29.64,0.0,-11.162075996398926,-1.287912130355835,60.292938232421875
29.68,0.0,-11.162075996398926,-6.973721504211426,58.271453857421875
29.72,0.0,-11.162075996398926,-12.291647911071777,58.18355941772461
29.740000000000002,0.0,-11.162075996398926,-12.291647911071777,58.271453857421875
29.78,0.0,-11.162075996398926,-14.722689628601074,61.611297607421875
29.82,0.0,-11.249994277954102,-18.965993881225586,64.77536010742188
29.84,0.0,-11.162075996398926,-24.24666404724121,69.69723510742188
29.88,0.0,-11.162075996398926,-24.24666404724121,77.60739135742188
29.92,0.0,-11.162075996398926,-24.870431900024414,83.67183685302734
29.94,0.0,-11.162075996398926,-23.618364334106445,91.40621948242188
29.98,0.0,-11.162075996398926,-23.618364334106445,98.61324310302734
30.02,0.0,-11.162075996398926,-19.39971351623535,105.90817260742188
30.060000000000002,0.0,-11.162075996398926,-15.24419116973877,114.08200073242188
30.080000000000002,0.0,-11.162075996398926,-15.24419116973877,122.43160247802734
30.12,0.0,-11.162075996398926,-7.5485734939575195,129.55075073242188
30.14,0.0,-11.162075996398926,-1.844832181930542,134.73629760742188
30.18,0.0,-11.162075996398926,1.0653727054595947,139.21871948242188
30.22,0.0,-11.162075996398926,6.805782794952393,143.26168823242188
30.240000000000002,0.0,-11.162075996398926,12.181230545043945,146.16207885742188
30.28,0.0,-11.162075996398926,14.639659881591797,146.60153198242188
30.32,0.0,-11.162075996398926,18.930442810058594,146.51364135742188
30.34,0.0,-11.162075996398926,22.19594383239746,145.37106323242188
30.38,0.0,-11.162075996398926,22.19594383239746,141.8554229736328
30.42,0.0,-11.162075996398926,24.796972274780273,136.75778198242188
30.44,0.0,-11.162075996398926,24.858604431152344,130.16600036621094
30.48,0.0,-11.162075996398926,24.858604431152344,120.5859146118164
30.52,0.0,-11.162075996398926,22.4280948638916,112.14839935302734
30.560000000000002,0.0,-11.249994277954102,19.25127410888672,102.8320083618164
30.580000000000002,0.0,-11.162075996398926,15.01965618133545,92.54878997802734
30.62,0.0,-11.162075996398926,12.578156471252441,85.07808685302734
30.66,0.0,-11.162075996398926,7.21015739440918,77.16793823242188
30.7,0.0,-11.162075996398926,1.4434233903884888,70.04878997802734
30.72,0.0,-11.162075996398926,1.4434233903884888,65.03903198242188
30.76,0.0,-11.162075996398926,-7.261020183563232,62.49020767211914
30.8,0.0,-11.162075996398926,-12.634808540344238,62.31442642211914
30.82,0.0,-11.162075996398926,-17.31573486328125,62.31442642211914
30.86,0.0,-11.162075996398926,-19.313430786132812,63.720672607421875
30.900000000000002,0.0,-11.162075996398926,-22.484317779541016,66.79684448242188
30.92,0.0,-11.162075996398926,-22.484317779541016,72.59762573242188
30.96,0.0,-11.162075996398926,-24.87773895263672,78.83785247802734
30.98,0.0,-11.162075996398926,-24.76601791381836,84.28707122802734
31.02,0.0,-11.162075996398926,-24.192169189453125,91.93356323242188
31.060000000000002,0.0,-11.162075996398926,-22.046756744384766,97.99801635742188
31.1,0.0,-11.162075996398926,-22.046756744384766,105.90817260742188
31.12,0.0,-11.162075996398926,-20.504467010498047,115.6640396118164
31.16,0.0,-11.162075996398926,-11.743653297424316,123.04683685302734
31.2,0.0,-11.162075996398926,-6.2439284324646,130.95700073242188
31.220000000000002,0.0,-11.162075996398926,-0.39281386137008667,136.75778198242188
31.26,0.0,-11.162075996398926,2.5629477500915527,141.94332885742188
31.3,0.0,-11.162075996398926,8.328415870666504,146.95309448242188
31.32,0.0,-11.162075996398926,13.631529808044434,148.88668823242188
31.36,0.0,-11.162075996398926,16.015209197998047,149.15036010742188
31.400000000000002,0.0,-11.162075996398926,20.078937530517578,149.15036010742188
31.42,0.0,-11.162075996398926,23.018814086914062,147.91989135742188
31.46,0.0,-11.162075996398926,23.018814086914062,145.10739135742188
31.5,0.0,-11.162075996398926,24.01235580444336,140.62496948242188
31.52,0.0,-11.162075996398926,24.53389549255371,133.59371948242188
31.560000000000002,0.0,-11.162075996398926,24.53389549255371,124.18942260742188
31.6,0.0,-11.162075996398926,23.79035758972168,116.27926635742188
31.62,0.0,-11.162075996398926,17.622957229614258,106.6991958618164
31.66,0.0,-11.162075996398926,17.622957229614258,96.6796646118164
31.7,0.0,-11.162075996398926,15.390727043151855,87.09957885742188
31.740000000000002,0.0,-11.162075996398926,10.304134368896484,80.33200073242188
31.76,0.0,-11.162075996398926,-1.3070825338363647,73.21286010742188
31.8,0.0,-11.162075996398926,-4.270955562591553,68.55465698242188
31.84,0.0,-11.162075996398926,-9.977465629577637,65.91793823242188
31.86,0.0,-11.162075996398926,-15.12028980255127,65.39059448242188
31.900000000000002,0.0,-11.162075996398926,-17.386871337890625,65.39059448242188
31.94,0.0,-11.162075996398926,-21.148027420043945,66.44528198242188
31.96,0.0,-11.162075996398926,-21.148027420043945,70.31246948242188
32.0,0.0,-11.162075996398926,-24.484508514404297,75.58590698242188
32.04,0.0,-11.162075996398926,-24.983675003051758,80.85934448242188
32.06,0.0,-11.162075996398926,-24.983675003051758,88.68160247802734
32.1,0.0,-11.162075996398926,-24.69650650024414,96.50387573242188
32.14,0.0,-11.162075996398926,-20.11673927307129,102.04098510742188
32.160000000000004,0.0,-11.162075996398926,-16.010684967041016,109.95114135742188
32.2,0.0,-11.162075996398926,-16.010684967041016,117.94918060302734
32.24,0.0,-11.162075996398926,-8.21193790435791,126.4745864868164
32.26,0.0,-11.162075996398926,-2.3532814979553223,132.3632354736328
32.3,0.0,-11.162075996398926,-2.3532814979553223,137.02145385742188
32.34,0.0,-11.162075996398926,6.586974143981934,141.24020385742188
32.36,0.0,-11.162075996398926,12.147734642028809,144.05270385742188
32.4,0.0,-11.162075996398926,12.147734642028809,144.93161010742188
32.44,0.0,-11.162075996398926,19.089433670043945,144.84371948242188
32.480000000000004,0.0,-11.162075996398926,22.39211082458496,144.14059448242188
32.5,0.0,-11.162075996398926,22.39211082458496,141.67965698242188
32.54,0.0,-11.162075996398926,24.877927780151367,137.81246948242188
32.58,0.0,-11.162075996398926,24.746150970458984,131.48435974121094
32.6,0.0,-11.162075996398926,24.746150970458984,122.60738372802734
32.64,0.0,-11.162075996398926,21.877824783325195,114.3456802368164
32.68,0.0,-11.162075996398926,18.34373664855957,105.82028198242188
32.7,0.0,-11.162075996398926,18.34373664855957,95.44918823242188
32.74,0.0,-11.249994277954102,11.116387367248535,86.66012573242188
32.78,0.0,-11.162075996398926,5.4212965965271,79.01363372802734
32.8,0.0,-11.249994277954102,5.4212965965271,71.54293823242188
32.84,0.0,-11.162075996398926,-3.6118276119232178,66.62106323242188
32.88,0.0,-11.162075996398926,-9.447749137878418,63.54488754272461
32.9,0.0,-11.162075996398926,-14.733419418334961,62.66598129272461
32.94,0.0,-11.162075996398926,-17.07096290588379,62.753875732421875
32.96,0.0,-11.162075996398926,-20.962907791137695,63.017547607421875
33.0,0.0,-11.162075996398926,-20.962907791137695,66.18161010742188
33.04,0.0,-11.162075996398926,-24.442378997802734,70.13668823242188
33.08,0.0,-11.162075996398926,-24.98746681213379,76.55270385742188
33.12,0.0,-11.162075996398926,-24.060104370117188,83.67183685302734
33.14,0.0,-11.162075996398926,-24.060104370117188,92.54878997802734
33.18,0.0,-11.162075996398926,-20.045482635498047,98.26168060302734
33.22,0.0,-11.162075996398926,-15.847110748291016,104.67770385742188
33.24,0.0,-11.162075996398926,-15.847110748291016,113.55464935302734
33.28,0.0,-11.162075996398926,-7.8794846534729,119.88278198242188
33.3,0.0,-11.162075996398926,-1.9111634492874146,127.08980560302734
33.34,0.0,-11.162075996398926,1.1394668817520142,132.3632354736328
33.38,0.0,-11.162075996398926,7.147192001342773,135.35153198242188
33.4,0.0,-11.162075996398926,12.733406066894531,137.98825073242188
33.44,0.0,-11.249994277954102,15.262803077697754,138.86715698242188
33.480000000000004,0.0,-11.162075996398926,19.604930877685547,138.95504760742188
33.5,0.0,-11.162075996398926,22.780521392822266,138.51559448242188
33.54,0.0,-11.162075996398926,23.86794662475586,136.31832885742188
33.58,0.0,-11.162075996398926,24.959346771240234,131.9237823486328
33.62,0.0,-11.162075996398926,24.558765411376953,124.10153198242188
33.64,0.0,-11.162075996398926,22.687604904174805,115.40036010742188
33.68,0.0,-11.162075996398926,21.231504440307617,107.31441497802734
33.72,0.0,-11.162075996398926,17.386024475097656,99.31637573242188
33.74,0.0,-11.162075996398926,17.386024475097656,88.76949310302734
33.78,0.0,-11.162075996398926,9.745648384094238,80.50778198242188
33.82,0.0,-11.162075996398926,3.848071575164795,74.00387573242188
33.84,0.0,-11.162075996398926,-2.284571886062622,67.23629760742188
33.88,0.0,-11.162075996398926,-5.3236188888549805,63.017547607421875
33.92,0.0,-11.162075996398926,-11.117724418640137,60.908172607421875
33.94,0.0,-11.162075996398926,-16.24370765686035,60.64449691772461
33.980000000000004,0.0,-11.162075996398926,-18.456863403320312,60.64449691772461
34.02,0.0,-11.162075996398926,-22.01499366760254,62.226531982421875
34.04,0.0,-11.162075996398926,-22.01499366760254,66.26950073242188
34.08,0.0,-11.162075996398926,-24.809661865234375,70.92770385742188
34.12,0.0,-11.162075996398926,-24.80959701538086,77.51950073242188
34.14,0.0,-11.162075996398926,-24.80959701538086,84.90231323242188
34.18,0.0,-11.162075996398926,-22.008411407470703,92.9003677368164
34.22,0.0,-11.162075996398926,-18.435476303100586,98.43746948242188
34.24,0.0,-11.074212074279785,-18.435476303100586,106.43551635742188
34.28,0.0,-11.074212074279785,-11.053407669067383,114.08200073242188
34.32,0.0,-11.162075996398926,-5.218659400939941,120.76168823242188
34.34,0.0,-11.162075996398926,-5.218659400939941,128.84762573242188
34.38,0.0,-11.162075996398926,4.020056247711182,133.41793823242188
34.42,0.0,-11.162075996398926,9.954816818237305,136.66989135742188
34.44,0.0,-11.074212074279785,9.954816818237305,139.57028198242188
34.480000000000004,0.0,-11.162075996398926,17.61530113220215,140.18551635742188
34.52,0.0,-11.074212074279785,21.436010360717773,140.18551635742188
34.54,0.0,-11.162075996398926,21.436010360717773,139.13082885742188
34.58,0.0,-11.162075996398926,24.64946174621582,137.10934448242188
34.62,0.0,-11.162075996398926,24.91783332824707,132.45114135742188
34.64,0.0,-11.162075996398926,24.91783332824707,124.89254760742188
34.68,0.0,-11.074212074279785,22.46204948425293,117.77340698242188
34.72,0.0,-11.162075996398926,19.062824249267578,109.33590698242188
34.74,0.0,-11.162075996398926,16.904767990112305,101.51364135742188
34.78,0.0,-11.162075996398926,11.83738899230957,92.63668823242188
34.800000000000004,0.0,-11.162075996398926,6.0345139503479,84.90231323242188
34.84,0.0,-11.162075996398926,2.9680159091949463,78.04684448242188
34.88,0.0,-11.074212074279785,-3.2576935291290283,72.59762573242188
34.92,0.0,-11.162075996398926,-9.284676551818848,68.64254760742188
34.94,0.0,-11.162075996398926,-9.284676551818848,67.58785247802734
34.980000000000004,0.0,-11.074212074279785,-17.14139747619629,67.58785247802734
35.02,0.0,-11.162075996398926,-21.11320686340332,68.81832885742188
35.04,0.0,-11.162075996398926,-23.771528244018555,73.03707885742188
35.08,0.0,-11.162075996398926,-23.771528244018555,78.74996948242188
35.12,0.0,-11.162075996398926,-24.953563690185547,83.75972747802734
35.14,0.0,-11.162075996398926,-23.79582405090332,90.52731323242188
35.18,0.0,-11.162075996398926,-23.79582405090332,97.82223510742188
35.22,0.0,-11.162075996398926,-19.31419563293457,103.71090698242188
35.26,0.0,-11.074212074279785,-14.765791893005371,111.1816177368164
35.28,0.0,-11.074212074279785,-9.288445472717285,119.44332885742188
35.32,0.0,-11.162075996398926,-6.306695461273193,127.26559448242188
35.36,0.0,-11.162075996398926,-0.09082210063934326,132.80270385742188
35.38,0.0,-11.162075996398926,6.134213447570801,137.10934448242188
35.42,0.0,-11.162075996398926,9.127020835876465,140.44918823242188
35.46,0.0,-11.162075996398926,14.636878967285156,142.29489135742188
35.480000000000004,0.0,-11.162075996398926,19.226272583007812,142.55856323242188
35.52,0.0,-11.162075996398926,21.081945419311523,142.03121948242188
35.54,0.0,-11.162075996398926,23.76726722717285,140.80075073242188
35.58,0.0,-11.162075996398926,23.76726722717285,137.54879760742188
35.62,0.0,-11.074212074279785,24.95027732849121,131.66012573242188
35.660000000000004,0.0,-11.162075996398926,23.765731811523438,124.6288833618164
35.68,0.0,-11.162075996398926,23.765731811523438,115.13668823242188
35.72,0.0,-11.162075996398926,19.20943832397461,107.1386489868164
35.76,0.0,-11.162075996398926,14.596745491027832,98.17378997802734
35.78,0.0,-11.162075996398926,9.052734375,88.15426635742188
35.82,0.0,-11.162075996398926,6.0395965576171875,80.77145385742188
35.86,0.0,-11.074212074279785,-0.22933095693588257,74.44332885742188
35.88,0.0,-11.162075996398926,-6.487077236175537,68.55465698242188
35.92,0.0,-11.162075996398926,-6.487077236175537,65.12691497802734
35.96,0.0,-11.162075996398926,-14.984460830688477,64.51168060302734
35.980000000000004,0.0,-11.162075996398926,-19.527009963989258,64.51168060302734
36.02,0.0,-11.162075996398926,-19.527009963989258,65.56637573242188
36.06,0.0,-11.162075996398926,-23.92998504638672,68.90621948242188
36.08,0.0,-11.162075996398926,-24.980396270751953,73.38864135742188
36.12,0.0,-11.162075996398926,-24.980396270751953,80.06832885742188
36.160000000000004,0.0,-11.162075996398926,-24.904441833496094,86.22067260742188
36.18,0.0,-11.162075996398926,-20.688518524169922,93.51559448242188
36.22,0.0,-11.162075996398926,-20.688518524169922,99.66793823242188
36.26,0.0,-11.074212074279785,-13.968644142150879,107.49020385742188
36.300000000000004,0.0,-11.162075996398926,-8.293194770812988,114.87301635742188
36.32,0.0,-11.074212074279785,-8.293194770812988,122.78317260742188
36.36,0.0,-11.162075996398926,1.105639100074768,129.72653198242188
36.4,0.0,-11.162075996398926,7.372106552124023,134.12106323242188
36.42,0.0,-11.162075996398926,7.372106552124023,138.07614135742188
36.46,0.0,-11.162075996398926,15.76339054107666,140.36129760742188
36.5,0.0,-11.162075996398926,20.154891967773438,140.88865661621094
36.52,0.0,-11.162075996398926,23.23963737487793,140.71286010742188
36.56,0.0,-11.162075996398926,24.22491455078125,140.09764099121094
36.6,0.0,-11.162075996398926,24.999526977539062,137.98825073242188
36.62,0.0,-11.162075996398926,24.146224975585938,131.9237823486328
36.660000000000004,0.0,-11.162075996398926,23.121545791625977,125.24411010742188
36.7,0.0,-11.162075996398926,19.958131790161133,117.68550872802734
36.72,0.0,-11.162075996398926,15.489428520202637,108.45699310302734
36.76,0.0,-11.162075996398926,12.853351593017578,100.8105239868164
36.800000000000004,0.0,-11.162075996398926,6.992430210113525,92.46090698242188
36.82,0.0,-11.162075996398926,6.992430210113525,85.07808685302734
36.86,0.0,-11.162075996398926,3.8635969161987305,77.95895385742188
36.9,0.0,-11.162075996398926,-8.770397186279297,73.91598510742188
36.94,0.0,-11.162075996398926,-14.43335247039795,71.98239135742188
36.980000000000004,0.0,-11.162075996398926,-19.150394439697266,71.98239135742188
37.0,0.0,-11.162075996398926,-21.05368995666504,71.98239135742188
37.04,0.0,-11.162075996398926,-23.7917423248291,74.53121185302734
37.06,0.0,-11.162075996398926,-24.96267318725586,79.18942260742188
37.1,0.0,-11.162075996398926,-24.93128776550293,83.75972747802734
37.12,0.0,-11.162075996398926,-23.635713577270508,89.56050872802734
37.160000000000004,0.0,-11.162075996398926,-22.392343521118164,95.62496948242188
37.2,0.0,-11.162075996398926,-18.815715789794922,99.93160247802734
37.22,0.0,-11.162075996398926,-13.991158485412598,108.19332122802734
37.26,0.0,-11.162075996398926,-11.207496643066406,114.87301635742188
37.300000000000004,0.0,-11.162075996398926,-5.127419948577881,121.3769302368164
37.32,0.0,-11.162075996398926,1.2964121103286743,128.49606323242188
37.36,0.0,-11.162075996398926,4.504128932952881,132.53903198242188
37.4,0.0,-11.162075996398926,10.644197463989258,134.47262573242188
37.42,0.0,-11.162075996398926,13.473787307739258,135.17575073242188
37.46,0.0,-11.162075996398926,18.415544509887695,135.17575073242188
37.480000000000004,0.0,-11.162075996398926,22.131744384765625,134.64840698242188
37.52,0.0,-11.162075996398926,22.131744384765625,132.80270385742188
37.56,0.0,-11.162075996398926,24.887420654296875,128.49606323242188
37.58,0.0,-11.162075996398926,24.662790298461914,123.66207885742188
37.62,0.0,-11.162075996398926,23.92608642578125,117.07027435302734
37.660000000000004,0.0,-11.162075996398926,21.263948440551758,109.95114135742188
37.68,0.0,-11.162075996398926,21.263948440551758,101.1620864868164
37.72,0.0,-11.162075996398926,14.67615032196045,90.8788833618164
37.76,0.0,-11.162075996398926,8.98131275177002,83.05660247802734
37.78,0.0,-11.162075996398926,2.6794960498809814,73.21286010742188
37.82,0.0,-11.162075996398926,-0.5676429867744446,66.62106323242188
37.86,0.0,-11.162075996398926,-6.9809889793396,60.55660629272461
37.88,0.0,-11.162075996398926,-12.927063941955566,56.425750732421875
37.92,0.0,-11.162075996398926,-15.597258567810059,55.195281982421875
37.96,0.0,-11.162075996398926,-20.105493545532227,55.195281982421875
37.980000000000004,0.0,-11.162075996398926,-21.866575241088867,55.371063232421875
38.02,0.0,-11.162075996398926,-24.252269744873047,57.91988754272461
38.04,0.0,-11.162075996398926,-24.99687385559082,62.226531982421875
38.08,0.0,-11.162075996398926,-24.99687385559082,67.06051635742188
38.12,0.0,-11.162075996398926,-22.951950073242188,72.86129760742188
38.14,0.0,-11.162075996398926,-19.61175537109375,80.15621948242188
38.18,0.0,-11.162075996398926,-19.61175537109375,88.59371185302734
38.22,0.0,-11.162075996398926,-17.423229217529297,95.62496948242188
38.24,0.0,-11.162075996398926,-6.132055759429932,101.51364135742188
38.28,0.0,-11.162075996398926,-6.132055759429932,110.03903198242188
38.32,0.0,-11.162075996398926,3.6131751537323,116.1034927368164
38.34,0.0,-11.162075996398926,9.898933410644531,121.90426635742188
38.38,0.0,-11.162075996398926,9.898933410644531,128.58395385742188
38.42,0.0,-11.162075996398926,12.81480884552002,132.27536010742188
38.44,0.0,-11.162075996398926,21.844501495361328,133.59371948242188
38.480000000000004,0.0,-11.162075996398926,21.844501495361328,134.20895385742188
38.52,0.0,-11.162075996398926,24.83783721923828,134.20895385742188
38.56,0.0,-11.162075996398926,24.723642349243164,133.76950073242188
38.58,0.0,-11.162075996398926,24.723642349243164,130.51754760742188
38.62,0.0,-11.162075996398926,24.024490356445312,125.9472427368164
38.660000000000004,0.0,-11.162075996398926,17.302186965942383,119.97067260742188
38.68,0.0,-11.162075996398926,12.009563446044922,111.6210708618164
38.72,0.0,-11.162075996398926,12.009563446044922,102.91989135742188
38.76,0.0,-11.162075996398926,9.026267051696777,96.41598510742188
38.78,0.0,-11.162075996398926,-3.927363395690918,89.20894622802734
38.82,0.0,-11.162075996398926,-3.927363395690918,83.75972747802734
38.86,0.0,-11.162075996398926,-13.141242027282715,79.54097747802734
38.88,0.0,-11.162075996398926,-18.235559463500977,77.95895385742188
38.92,0.0,-11.162075996398926,-20.328548431396484,77.87106323242188
38.94,0.0,-11.162075996398926,-23.423261642456055,77.87106323242188
38.980000000000004,0.0,-11.162075996398926,-23.423261642456055,79.45309448242188
39.02,0.0,-11.162075996398926,-24.370439529418945,83.58395385742188
39.06,0.0,-11.162075996398926,-24.98046875,88.33004760742188
39.08,0.0,-11.162075996398926,-21.063556671142578,94.13082122802734
39.12,0.0,-11.162075996398926,-19.101402282714844,98.34957885742188
39.160000000000004,0.0,-11.162075996398926,-14.211902618408203,104.15036010742188
39.18,0.0,-11.162075996398926,-8.32740306854248,111.35739135742188
39.22,0.0,-11.074212074279785,-5.138082027435303,116.71871948242188
39.26,0.0,-11.162075996398926,1.4562342166900635,121.72848510742188
39.28,0.0,-11.162075996398926,7.952045917510986,126.82614135742188
39.32,0.0,-11.162075996398926,11.019570350646973,128.93551635742188
39.36,0.0,-11.162075996398926,16.52419090270996,129.19918823242188
39.38,0.0,-11.162075996398926,20.87161636352539,128.93551635742188
39.42,0.0,-11.162075996398926,22.51154327392578,128.67184448242188
39.46,0.0,-11.162075996398926,24.578115463256836,126.5624771118164
39.480000000000004,0.0,-11.162075996398926,24.915664672851562,121.20114135742188
39.52,0.0,-11.162075996398926,24.422897338867188,115.04879760742188
39.54,0.0,-11.162075996398926,22.155994415283203,108.28121948242188
39.58,0.0,-11.162075996398926,22.155994415283203,99.66793823242188
39.62,0.0,-11.162075996398926,15.901330947875977,89.56050872802734
39.64,0.0,-11.162075996398926,10.254861831665039,82.2656021118164
39.68,0.0,-11.162075996398926,7.131104469299316,74.09175872802734
39.7,0.0,-11.162075996398926,0.5585054755210876,67.85153198242188
39.74,0.0,-11.162075996398926,0.5585054755210876,60.55660629272461
39.78,0.0,-11.162075996398926,-9.23361587524414,56.777313232421875
39.82,0.0,-11.162075996398926,-15.041524887084961,55.45895004272461
39.84,0.0,-11.162075996398926,-15.041524887084961,55.45895004272461
39.88,0.0,-11.162075996398926,-21.645151138305664,55.72262191772461
39.9,0.0,-11.162075996398926,-24.182693481445312,58.09566879272461
39.94,0.0,-11.162075996398926,-24.182693481445312,62.40231704711914
39.980000000000004,0.0,-11.162075996398926,-24.73653221130371,66.53317260742188
40.02,0.0,-11.162075996398926,-22.895051956176758,72.77340698242188
40.06,0.0,-11.162075996398926,-19.416881561279297,81.38668823242188
40.08,0.0,-11.162075996398926,-19.416881561279297,90.08786010742188
40.12,0.0,-11.162075996398926,-17.136802673339844,97.73434448242188
40.160000000000004,0.0,-11.162075996398926,-11.697388648986816,103.27144622802734
40.18,0.0,-11.162075996398926,1.254643201828003,110.39059448242188
40.22,0.0,-11.162075996398926,4.58820915222168,116.0156021118164
40.26,0.0,-11.162075996398926,10.950995445251465,120.84957885742188
40.28,0.0,-11.162075996398926,10.950995445251465,126.65036010742188
40.32,0.0,-11.162075996398926,13.865196228027344,129.55075073242188
40.36,0.0,-11.162075996398926,18.896190643310547,129.81442260742188
40.4,0.0,-11.162075996398926,22.56903076171875,129.63864135742188
40.42,0.0,-11.162075996398926,24.88922119140625,128.84762573242188
40.46,0.0,-11.162075996398926,24.347518920898438,127.08980560302734
40.5,0.0,-11.162075996398926,21.955524444580078,123.04683685302734
40.52,0.0,-11.162075996398926,17.973739624023438,116.8066177368164
40.56,0.0,-11.162075996398926,17.973739624023438,109.24801635742188
40.6,0.0,-11.162075996398926,9.672404289245605,102.21676635742188
40.62,0.0,-11.162075996398926,3.1681437492370605,95.62496948242188
40.660000000000004,0.0,-11.162075996398926,-0.20209574699401855,89.47262573242188
40.7,0.0,-11.162075996398926,-6.872686386108398,85.42965698242188
40.72,0.0,-11.162075996398926,-6.872686386108398,81.47457885742188
40.76,0.0,-11.162075996398926,-15.804718971252441,80.77145385742188
40.78,0.0,-11.162075996398926,-20.40987205505371,80.59567260742188
40.82,0.0,-11.162075996398926,-20.40987205505371,80.77145385742188
40.86,0.0,-11.162075996398926,-24.45472526550293,83.23239135742188
40.88,0.0,-11.162075996398926,-24.9521484375,87.36325073242188
40.92,0.0,-11.162075996398926,-24.9521484375,93.51559448242188
40.96,0.0,-11.162075996398926,-22.302419662475586,97.99801635742188
41.0,0.0,-11.162075996398926,-18.456493377685547,102.56832885742188
41.02,0.0,-11.162075996398926,-13.255630493164062,110.7421646118164
41.06,0.0,-11.162075996398926,-10.262504577636719,116.8945083618164
41.1,0.0,-11.162075996398926,-3.7648308277130127,122.87105560302734
41.12,0.0,-11.162075996398926,3.012866973876953,129.55075073242188
41.160000000000004,0.0,-11.162075996398926,6.3508806228637695,132.62692260742188
41.2,0.0,-11.162075996398926,12.617630004882812,133.94528198242188
41.22,0.0,-11.162075996398926,17.95780372619629,134.29684448242188
41.26,0.0,-11.162075996398926,20.153404235839844,134.20895385742188
41.300000000000004,0.0,-11.162075996398926,23.391632080078125,133.59371948242188
41.32,0.0,-11.162075996398926,24.90333366394043,130.16600036621094
41.36,0.0,-11.162075996398926,24.970687866210938,125.33200073242188
41.4,0.0,-11.162075996398926,23.720382690429688,119.2675552368164
41.42,0.0,-11.074212074279785,20.71242332458496,109.77536010742188
41.46,0.0,-11.162075996398926,18.613447189331055,102.3925552368164
41.5,0.0,-11.162075996398926,13.41881275177002,94.04293060302734
41.52,0.0,-11.162075996398926,13.41881275177002,84.90231323242188
41.56,0.0,-11.162075996398926,3.8947720527648926,77.4316177368164
41.58,0.0,-11.162075996398926,-2.922973155975342,71.19137573242188
41.62,0.0,-11.162075996398926,-6.283099174499512,66.26950073242188
41.660000000000004,0.0,-11.162075996398926,-12.592503547668457,63.10543441772461
41.7,0.0,-11.162075996398926,-17.966054916381836,62.226531982421875
41.72,0.0,-11.162075996398926,-17.966054916381836,62.40231704711914
41.76,0.0,-11.162075996398926,-23.41739845275879,63.193328857421875
41.800000000000004,0.0,-11.162075996398926,-24.913110733032227,66.09371948242188
41.82,0.0,-11.162075996398926,-24.545028686523438,70.48824310302734
41.86,0.0,-11.162075996398926,-23.664304733276367,77.34371948242188
41.9,0.0,-11.162075996398926,-20.590320587158203,82.88082885742188
41.92,0.0,-11.162075996398926,-20.590320587158203,91.2304458618164
41.96,0.0,-11.162075996398926,-13.183345794677734,97.55856323242188
42.0,0.0,-11.162075996398926,-6.918978691101074,102.65621948242188
42.02,0.0,-11.162075996398926,-6.918978691101074,109.95114135742188
42.06,0.0,-11.162075996398926,-3.559032678604126,115.5761489868164
42.1,0.0,-11.162075996398926,9.914827346801758,119.17965698242188
42.12,0.0,-11.162075996398926,15.784683227539062,122.16793060302734
42.160000000000004,0.0,-11.162075996398926,18.298477172851562,123.57418823242188
42.18,0.0,-11.162075996398926,22.245100021362305,123.57418823242188
42.22,0.0,-11.162075996398926,22.245100021362305,123.48629760742188
42.26,0.0,-11.162075996398926,24.955034255981445,122.95894622802734
42.28,0.0,-11.162075996398926,24.418407440185547,119.53121948242188
42.32,0.0,-11.162075996398926,23.447845458984375,114.7851333618164
42.36,0.0,-11.162075996398926,20.192556381225586,109.16012573242188
42.38,0.0,-11.162075996398926,20.192556381225586,101.77731323242188
42.42,0.0,-11.162075996398926,12.541020393371582,93.16403198242188
42.46,0.0,-11.162075996398926,6.156425476074219,85.78121948242188
42.480000000000004,0.0,-11.162075996398926,6.156425476074219,76.8163833618164
42.52,0.0,-11.162075996398926,2.754993200302124,69.87300872802734
42.56,0.0,-11.162075996398926,-4.142498970031738,65.47848510742188
42.6,0.0,-11.162075996398926,-16.49736785888672,63.457000732421875
42.64,0.0,-11.162075996398926,-21.009687423706055,63.457000732421875
42.660000000000004,0.0,-11.162075996398926,-23.9176025390625,63.457000732421875
42.7,0.0,-11.162075996398926,-24.694265365600586,64.59957122802734
42.74,0.0,-11.162075996398926,-24.81684112548828,68.20309448242188
42.78,0.0,-11.162075996398926,-23.036827087402344,74.79488372802734
42.800000000000004,0.0,-11.162075996398926,-23.036827087402344,81.73825073242188
42.84,0.0,-11.162075996398926,-17.12970733642578,88.94528198242188
42.88,0.0,-11.162075996398926,-11.470978736877441,95.8007583618164
42.92,0.0,-11.162075996398926,-4.926833629608154,101.2499771118164
42.94,0.0,-11.162075996398926,2.0000364780426025,106.9628677368164
42.980000000000004,0.0,-11.162075996398926,5.440366744995117,110.7421646118164
43.0,0.0,-11.162075996398926,11.942667961120605,112.85153198242188
43.04,0.0,-11.162075996398926,14.87834644317627,113.46675872802734
43.08,0.0,-11.162075996398926,19.83414649963379,113.46675872802734
43.12,0.0,-11.162075996398926,23.258575439453125,113.46675872802734
43.160000000000004,0.0,-11.162075996398926,23.258575439453125,113.11519622802734
43.18,0.0,-11.162075996398926,24.30771827697754,109.33590698242188
43.22,0.0,-11.249994277954102,23.70920181274414,104.58981323242188
43.26,0.0,-11.513639450073242,20.601245880126953,98.61324310302734
43.28,0.0,-11.513639450073242,20.601245880126953,89.38473510742188
43.34,0.0,-11.513639450073242,18.426433563232422,76.64059448242188
43.36,0.0,-11.513639450073242,13.045109748840332,66.62106323242188
43.4,0.0,-11.513639450073242,6.646146297454834,56.425750732421875
43.44,0.0,-11.513639450073242,-0.27361375093460083,50.09762191772461
43.480000000000004,0.0,-11.513639450073242,-13.52076244354248,44.296844482421875
43.52,0.0,-11.513639450073242,-18.812955856323242,41.92382049560547
43.54,0.0,-11.513639450073242,-22.63661766052246,41.74803924560547
43.58,0.0,-11.513639450073242,-23.89834976196289,41.92382049560547
43.62,0.0,-11.513639450073242,-24.996318817138672,42.714839935302734
43.660000000000004,0.0,-11.513639450073242,-24.996318817138672,46.494117736816406
43.7,0.0,-11.513639450073242,-24.810216903686523,53.17379379272461
43.74,0.0,-11.513639450073242,-22.984256744384766,62.40231704711914
43.76,0.0,-11.513639450073242,-11.172462463378906,68.81832885742188
43.800000000000004,0.0,-11.513639450073242,-7.924704551696777,76.64059448242188
43.84,0.0,-11.513639450073242,-1.0236907005310059,82.52926635742188
43.86,0.0,-11.513639450073242,5.96142053604126,88.85739135742188
43.9,0.0,-11.513639450073242,9.312414169311523,92.54878997802734
43.94,0.0,-11.513639450073242,15.399847984313965,94.13082122802734
43.96,0.0,-11.513639450073242,15.399847984313965,94.21871948242188
44.0,0.0,-11.513639450073242,22.129003524780273,94.21871948242188
44.04,0.0,-11.513639450073242,24.49342155456543,94.04293060302734
44.08,0.0,-11.513639450073242,24.918445587158203,91.7577896118164
44.1,0.0,-11.513639450073242,24.918445587158203,86.3085708618164
44.14,0.0,-11.513639450073242,21.88257598876953,79.45309448242188
44.18,0.0,-11.513639450073242,17.63979721069336,71.98239135742188
44.2,0.0,-11.513639450073242,11.992471694946289,61.69919204711914
44.24,0.0,-11.513639450073242,11.992471694946289,52.38277816772461
44.28,0.0,-11.513639450073242,1.8888107538223267,45.615211486816406
44.32,0.0,-11.513639450073242,-5.154714584350586,40.7812385559082
44.34,0.0,-11.513639450073242,-11.790420532226562,37.79294967651367
44.38,0.0,-11.513639450073242,-14.787127494812012,37.26560592651367
44.42,0.0,-11.513639450073242,-19.837797164916992,37.35349655151367
44.46,0.0,-11.513639450073242,-23.30423355102539,38.32029342651367
44.480000000000004,0.0,-11.513639450073242,-24.35028076171875,41.30858612060547
44.52,0.0,-11.513639450073242,-24.961462020874023,45.70309829711914
44.54,0.0,-11.513639450073242,-23.571449279785156,52.55855941772461
44.58,0.0,-11.513639450073242,-22.153799057006836,60.02926254272461
44.62,0.0,-11.513639450073242,-18.013883590698242,65.74214935302734
44.64,0.0,-11.513639450073242,-18.013883590698242,74.79488372802734
44.68,0.0,-11.513639450073242,-15.374563217163086,82.79293823242188
44.72,0.0,-11.513639450073242,-2.3229315280914307,89.82418823242188
44.76,0.0,-11.513639450073242,4.766106128692627,95.88864135742188
44.78,0.0,-11.513639450073242,4.766106128692627,99.49214935302734
44.82,0.0,-11.337858200073242,14.513470649719238,102.04098510742188
44.86,0.0,-11.162075996398926,19.65470314025879,103.79879760742188
44.88,0.0,-11.162075996398926,19.65470314025879,103.88668823242188
44.94,0.0,-11.162075996398926,21.651700973510742,103.88668823242188
44.96,0.0,-11.162075996398926,24.294851303100586,103.62300872802734
45.0,0.0,-11.162075996398926,23.624744415283203,101.07418823242188
45.04,0.0,-11.162075996398926,20.36002540588379,97.64645385742188
45.06,0.0,-11.425776481628418,20.36002540588379,89.82418823242188
45.1,0.0,-11.425776481628418,18.084915161132812,80.85934448242188
45.14,0.0,-11.425776481628418,5.855231285095215,72.50972747802734
45.18,0.0,-11.425776481628418,-1.248496651649475,63.984344482421875
45.2,0.0,-11.425776481628418,-1.248496651649475,54.58004379272461
45.24,0.0,-11.425776481628418,-11.539521217346191,48.955047607421875
45.28,0.0,-11.425776481628418,-17.34042739868164,45.43942642211914
45.300000000000004,0.0,-11.425776481628418,-17.34042739868164,43.94528579711914
45.36,0.0,-11.425776481628418,-19.73625373840332,44.033172607421875
45.38,0.0,-11.425776481628418,-23.272310256958008,44.91208267211914
45.42,0.0,-11.425776481628418,-24.499921798706055,47.548805236816406
45.46,0.0,-11.425776481628418,-22.085163116455078,52.470672607421875
45.480000000000004,0.0,-11.425776481628418,-22.085163116455078,60.02926254272461
45.54,0.0,-11.425776481628418,-20.179330825805664,67.76363372802734
45.58,0.0,-11.425776481628418,-5.459126949310303,76.90426635742188
45.6,0.0,-11.425776481628418,-5.459126949310303,84.02340698242188
45.64,0.0,-11.425776481628418,5.255841255187988,90.26364135742188
45.68,0.0,-11.425776481628418,11.984772682189941,94.74606323242188
45.7,0.0,-11.425776481628418,11.984772682189941,96.5917739868164
45.74,0.0,-11.425776481628418,20.07701873779297,96.5917739868164
45.78,0.0,-11.425776481628418,23.485637664794922,96.5917739868164
45.800000000000004,0.0,-11.425776481628418,24.473766326904297,96.5917739868164
45.84,0.0,-11.425776481628418,24.91357421875,96.2402114868164
45.88,0.0,-11.425776481628418,23.289745330810547,93.69136810302734
45.9,0.0,-11.425776481628418,23.289745330810547,88.41793060302734
45.94,0.0,-11.425776481628418,17.31715202331543,82.08981323242188
45.980000000000004,0.0,-11.425776481628418,11.455501556396484,75.14645385742188
46.0,0.0,-11.425776481628418,11.455501556396484,66.09371948242188
46.04,0.0,-11.425776481628418,8.132539749145508,58.007781982421875
46.08,0.0,-11.425776481628418,1.0472402572631836,53.61324691772461
46.12,0.0,-11.425776481628418,-12.797242164611816,50.800750732421875
46.14,0.0,-11.425776481628418,-18.401636123657227,50.53708267211914
46.18,0.0,-11.425776481628418,-20.65347671508789,50.53708267211914
46.22,0.0,-11.425776481628418,-23.81970977783203,52.734344482421875
46.26,0.0,-11.425776481628418,-24.995817184448242,58.007781982421875
46.28,0.0,-11.425776481628418,-24.080474853515625,63.632781982421875
46.32,0.0,-11.425776481628418,-22.8547420501709,69.08200073242188
46.36,0.0,-11.425776481628418,-18.99386215209961,76.37692260742188
46.38,0.0,-11.425776481628418,-13.537588119506836,84.02340698242188
46.42,0.0,-11.425776481628418,-13.537588119506836,92.63668823242188
46.46,0.0,-11.337858200073242,-3.386826515197754,97.29489135742188
46.5,0.0,-11.074212074279785,3.8638556003570557,100.10739135742188
46.52,0.0,-11.162075996398926,10.792708396911621,103.53511810302734
46.56,0.0,-11.162075996398926,13.951458930969238,104.58981323242188
46.6,0.0,-11.162075996398926,19.32358741760254,104.58981323242188
46.64,0.0,-11.162075996398926,23.06756591796875,104.58981323242188
46.660000000000004,0.0,-11.162075996398926,23.06756591796875,104.15036010742188
46.7,0.0,-11.162075996398926,24.978107452392578,101.86520385742188
46.72,0.0,-11.162075996398926,23.620311737060547,98.17378997802734
46.76,0.0,-11.162075996398926,22.177309036254883,92.54878997802734
46.800000000000004,0.0,-11.162075996398926,17.91423797607422,86.3085708618164
46.82,0.0,-11.162075996398926,12.130037307739258,76.37692260742188
46.86,0.0,-11.162075996398926,8.816240310668945,68.81832885742188
46.9,0.0,-11.162075996398926,1.6964281797409058,61.69919204711914
46.92,0.0,-11.162075996398926,1.6964281797409058,55.28316879272461
46.96,0.0,-11.162075996398926,-9.06591510772705,52.20699691772461
47.0,0.0,-11.162075996398926,-15.405685424804688,50.97652816772461
47.04,0.0,-11.162075996398926,-20.435731887817383,50.97652816772461
47.06,0.0,-11.162075996398926,-20.435731887817383,52.031219482421875
47.1,0.0,-11.162075996398926,-24.62203025817871,55.986297607421875
47.14,0.0,-11.162075996398926,-24.822492599487305,60.732391357421875
47.160000000000004,0.0,-11.162075996398926,-22.90077018737793,65.91793823242188
47.2,0.0,-11.162075996398926,-21.18769645690918,71.45504760742188
47.24,0.0,-11.162075996398926,-16.438886642456055,78.74996948242188
47.26,0.0,-11.162075996398926,-10.278955459594727,87.01168823242188
47.300000000000004,0.0,-11.162075996398926,-10.278955459594727,95.00972747802734
47.34,0.0,-11.162075996398926,0.43274614214897156,98.43746948242188
47.36,0.0,-11.162075996398926,7.6624579429626465,101.07418823242188
47.4,0.0,-11.162075996398926,7.6624579429626465,103.88668823242188
47.44,0.0,-11.162075996398926,17.097251892089844,104.50191497802734
47.46,0.0,-11.162075996398926,21.656150817871094,104.50191497802734
47.5,0.0,-11.162075996398926,23.255126953125,104.50191497802734
47.54,0.0,-11.162075996398926,24.917922973632812,104.23825073242188
47.56,0.0,-11.162075996398926,24.43047523498535,101.6015396118164
47.6,0.0,-11.162075996398926,23.385332107543945,97.91011810302734
47.64,0.0,-11.074212074279785,19.803369522094727,92.46090698242188
47.660000000000004,0.0,-11.162075996398926,14.506113052368164,84.37496948242188
47.7,0.0,-11.162075996398926,11.352025985717773,75.84957885742188
47.74,0.0,-11.162075996398926,4.373797416687012,68.73043823242188
47.76,0.0,-11.162075996398926,-2.9870755672454834,61.347625732421875
47.800000000000004,0.0,-11.162075996398926,-6.611299514770508,57.12887191772461
47.84,0.0,-11.162075996398926,-13.353188514709473,55.28316879272461
47.86,0.0,-11.162075996398926,-18.937213897705078,55.371063232421875
47.9,0.0,-11.162075996398926,-21.13751792907715,55.546844482421875
47.94,0.0,-11.162075996398926,-24.113521575927734,58.007781982421875
47.980000000000004,0.0,-11.162075996398926,-24.98931312561035,62.66598129272461
48.0,0.0,-11.162075996398926,-23.68550682067871,67.67575073242188
48.04,0.0,-11.162075996398926,-22.24357032775879,74.00387573242188
48.08,0.0,-11.162075996398926,-17.935415267944336,80.59567260742188
48.1,0.0,-11.162075996398926,-12.056875228881836,89.47262573242188
48.14,0.0,-11.162075996398926,-12.056875228881836,96.5917739868164
48.18,0.0,-11.162075996398926,-1.4423775672912598,100.54684448242188
48.2,0.0,-11.162075996398926,5.929598331451416,104.15036010742188
48.24,0.0,-11.162075996398926,5.929598331451416,107.84176635742188
48.28,0.0,-11.162075996398926,15.826948165893555,109.16012573242188
48.32,0.0,-11.162075996398926,20.80512046813965,109.33590698242188
48.34,0.0,-11.162075996398926,23.955867767333984,109.33590698242188
48.38,0.0,-11.162075996398926,24.751432418823242,109.24801635742188
48.42,0.0,-11.162075996398926,24.69340705871582,107.57808685302734
48.44,0.0,-11.162075996398926,22.45849609375,103.88668823242188
48.480000000000004,0.0,-11.425776481628418,20.57820701599121,98.78903198242188
48.52,0.0,-11.513639450073242,15.497917175292969,91.8456802368164
48.54,0.0,-11.513639450073242,12.410117149353027,83.75972747802734
48.58,0.0,-11.513639450073242,5.479570388793945,76.02536010742188
48.620000000000005,0.0,-11.513639450073242,-1.9390759468078613,69.69723510742188
48.64,0.0,-11.513639450073242,-1.9390759468078613,64.16012573242188
48.68,0.0,-11.513639450073242,-12.548382759094238,61.08395004272461
48.72,0.0,-11.513639450073242,-18.36045265197754,60.55660629272461
48.74,0.0,-11.513639450073242,-22.545093536376953,60.55660629272461
48.78,0.0,-11.513639450073242,-22.545093536376953,61.962860107421875
48.82,0.0,-11.513639450073242,-24.99994659423828,65.12691497802734
48.86,0.0,-11.513639450073242,-23.871978759765625,69.60933685302734
48.88,0.0,-11.513639450073242,-20.617019653320312,77.2558364868164
48.92,0.0,-11.513639450073242,-20.617019653320312,84.37496948242188
48.96,0.0,-11.513639450073242,-18.27483367919922,92.98825073242188
49.0,0.0,-11.513639450073242,-12.420868873596191,98.61324310302734
49.02,0.0,-11.513639450073242,-1.747009038925171,105.11715698242188
49.06,0.0,-11.337858200073242,5.705465793609619,111.79684448242188
49.1,0.0,-11.162075996398926,12.650735855102539,117.33395385742188
49.120000000000005,0.0,-11.162075996398926,15.735220909118652,123.66207885742188
49.160000000000004,0.0,-11.162075996398926,20.78098487854004,127.88082122802734
49.18,0.0,-11.249994277954102,23.964805603027344,130.60545349121094
49.22,0.0,-11.162075996398926,23.964805603027344,131.57223510742188
49.26,0.0,-11.162075996398926,24.67059326171875,131.57223510742188
49.28,0.0,-11.162075996398926,22.361736297607422,131.13278198242188
49.32,0.0,-11.162075996398926,20.431930541992188,129.46286010742188
49.36,0.0,-11.249994277954102,15.237236976623535,126.0351333618164
49.4,0.0,-11.249994277954102,8.666794776916504,120.49801635742188
49.42,0.0,-11.249994277954102,8.666794776916504,112.58785247802734
49.46,0.0,-11.162075996398926,5.046805381774902,103.88668823242188
49.5,0.0,-11.249994277954102,-9.737592697143555,97.99801635742188
49.52,0.0,-11.337858200073242,-16.143407821655273,93.25191497802734
49.56,0.0,-11.425776481628418,-16.143407821655273,89.73629760742188
49.6,0.0,-11.425776481628418,-18.831226348876953,88.50582885742188
49.620000000000005,0.0,-11.425776481628418,-24.83928871154785,88.33004760742188
49.660000000000004,0.0,-11.425776481628418,-24.83928871154785,88.41793060302734
49.7,0.0,-11.425776481628418,-23.567249298095703,90.26364135742188
49.74,0.0,-11.337858200073242,-20.010498046875,92.9003677368164
49.76,0.0,-11.425776481628418,-14.632420539855957,96.3281021118164
49.800000000000004,0.0,-11.074212074279785,-11.407174110412598,99.22848510742188
49.84,0.0,-11.074212074279785,-4.2506208419799805,103.71090698242188
49.86,0.0,-11.074212074279785,3.296637535095215,109.16012573242188
49.9,0.0,-11.074212074279785,7.001506328582764,111.5331802368164
49.94,0.0,-11.074212074279785,13.850308418273926,112.58785247802734
49.96,0.0,-11.074212074279785,19.436826705932617,112.58785247802734
50.0,0.0,-11.074212074279785,21.590696334838867,112.58785247802734
50.04,0.0,-11.074212074279785,24.371532440185547,112.58785247802734
50.06,0.0,-11.074212074279785,24.933767318725586,111.0937271118164
50.1,0.0,-11.074212074279785,24.335481643676758,107.66597747802734
50.14,0.0,-11.513639450073242,21.505273818969727,101.86520385742188
50.160000000000004,0.0,-11.601557731628418,21.505273818969727,92.81246948242188
50.2,0.0,-11.513639450073242,19.325912475585938,83.75972747802734
50.24,0.0,-11.513639450073242,13.687396049499512,72.33394622802734
50.28,0.0,-11.513639450073242,-0.7386224865913391,64.86324310302734
50.32,0.0,-11.513639450073242,-8.200855255126953,57.91988754272461
50.34,0.0,-11.601557731628418,-14.910569190979004,52.82223129272461
50.38,0.0,-11.513639450073242,-17.785171508789062,50.53708267211914
50.4,0.0,-11.513639450073242,-22.240665435791016,50.449188232421875
50.44,0.0,-11.513639450073242,-22.240665435791016,50.53708267211914
50.480000000000004,0.0,-11.513639450073242,-24.996614456176758,52.031219482421875
50.52,0.0,-11.513639450073242,-23.963760375976562,56.249969482421875
50.54,0.0,-11.513639450073242,-20.711368560791016,62.050750732421875
50.58,0.0,-11.513639450073242,-18.338665008544922,66.62106323242188
50.620000000000005,0.0,-11.513639450073242,-12.373908042907715,72.59762573242188
50.64,0.0,-11.513639450073242,-5.2579665184021,80.68356323242188
50.68,0.0,-11.513639450073242,-1.4717897176742554,86.8359146118164
50.72,0.0,-11.513639450073242,6.117049694061279,92.37301635742188
50.74,0.0,-11.513639450073242,13.140239715576172,95.62496948242188
50.78,0.0,-11.513639450073242,16.231382369995117,96.3281021118164
50.82,0.0,-11.513639450073242,21.211362838745117,96.3281021118164
50.84,0.0,-11.513639450073242,24.215730667114258,96.3281021118164
50.88,0.0,-11.513639450073242,24.880558013916016,95.97653198242188
50.92,0.0,-11.513639450073242,24.455873489379883,94.39450073242188
50.94,0.0,-11.513639450073242,21.74534797668457,89.73629760742188
50.980000000000004,0.0,-11.601557731628418,19.603290557861328,84.63863372802734
51.02,0.0,-11.513639450073242,13.994695663452148,77.4316177368164
51.04,0.0,-11.513639450073242,7.0726237297058105,68.90621948242188
51.08,0.0,-11.513639450073242,3.3180272579193115,62.578086853027344
51.120000000000005,0.0,-11.513639450073242,-4.338132381439209,57.39255142211914
51.14,0.0,-11.601557731628418,-11.590415000915527,54.755828857421875
51.18,0.0,-11.513639450073242,-14.848718643188477,54.58004379272461
51.22,0.0,-11.513639450073242,-20.245370864868164,54.58004379272461
51.24,0.0,-11.513639450073242,-23.739213943481445,56.601531982421875
51.28,0.0,-11.513639450073242,-24.66097068786621,60.38082504272461
51.32,0.0,-11.513639450073242,-24.743541717529297,64.42378997802734
51.34,0.0,-11.513639450073242,-24.743541717529297,70.40036010742188
51.38,0.0,-11.513639450073242,-20.548643112182617,78.22262573242188
51.42,0.0,-11.513639450073242,-15.25332260131836,84.99020385742188
51.46,0.0,-11.513639450073242,-8.513598442077637,93.51559448242188
51.480000000000004,0.0,-11.425776481628418,-0.9652576446533203,98.34957885742188
51.52,0.0,-11.074212074279785,2.890303134918213,101.6015396118164
51.56,0.0,-11.162075996398926,10.307117462158203,104.76559448242188
51.58,0.0,-11.162075996398926,16.74968719482422,106.1718521118164
51.620000000000005,0.0,-11.162075996398926,19.40886116027832,106.1718521118164
51.660000000000004,0.0,-11.162075996398926,23.285602569580078,106.1718521118164
51.68,0.0,-11.162075996398926,24.950557708740234,106.1718521118164
51.72,0.0,-11.162075996398926,24.894399642944336,105.11715698242188
51.76,0.0,-11.162075996398926,23.009485244750977,101.6015396118164
51.78,0.0,-11.513639450073242,23.009485244750977,95.3613052368164
51.82,0.0,-11.513639450073242,21.225072860717773,87.01168823242188
51.86,0.0,-11.513639450073242,16.183326721191406,78.31051635742188
51.88,0.0,-11.513639450073242,2.0881271362304688,69.34566497802734
51.92,0.0,-11.513639450073242,-1.7879962921142578,60.908172607421875
51.96,0.0,-11.513639450073242,-9.321624755859375,53.876922607421875
51.980000000000004,0.0,-11.513639450073242,-15.966412544250488,47.988250732421875
52.02,0.0,-11.513639450073242,-18.75116539001465,45.43942642211914
52.06,0.0,-11.513639450073242,-22.91010856628418,44.91208267211914
52.08,0.0,-11.513639450073242,-24.873146057128906,45.08786392211914
52.120000000000005,0.0,-11.513639450073242,-24.962501525878906,45.26364517211914
52.160000000000004,0.0,-11.513639450073242,-23.344118118286133,48.07613754272461
52.18,0.0,-11.513639450073242,-19.480546951293945,53.34957504272461
52.22,0.0,-11.513639450073242,-16.814424514770508,59.41403579711914
52.26,0.0,-11.513639450073242,-10.333141326904297,64.59957122802734
52.28,0.0,-11.513639450073242,-2.853231430053711,71.54293823242188
52.32,0.0,-11.513639450073242,1.0381344556808472,78.22262573242188
52.34,0.0,-11.513639450073242,8.654019355773926,82.44137573242188
52.38,0.0,-11.513639450073242,12.193486213684082,86.3085708618164
52.42,0.0,-11.513639450073242,18.306772232055664,88.59371185302734
52.44,0.0,-11.513639450073242,22.652210235595703,89.12105560302734
52.480000000000004,0.0,-11.513639450073242,22.652210235595703,88.94528198242188
52.52,0.0,-11.513639450073242,24.987314224243164,88.24215698242188
52.54,0.0,-11.513639450073242,23.531036376953125,85.25387573242188
52.58,0.0,-11.513639450073242,21.928916931152344,79.80465698242188
52.620000000000005,0.0,-11.513639450073242,17.16939926147461,74.35543060302734
52.64,0.0,-11.513639450073242,17.16939926147461,65.74214935302734
52.68,0.0,-11.513639450073242,7.088421821594238,56.689422607421875
52.72,0.0,-11.513639450073242,-0.6434369087219238,49.394500732421875
52.74,0.0,-11.513639450073242,-8.31604290008545,42.978485107421875
52.78,0.0,-11.513639450073242,-8.31604290008545,39.90232849121094
52.82,0.0,-11.513639450073242,-18.097097396850586,39.28709411621094
52.84,0.0,-11.513639450073242,-22.536542892456055,39.37498474121094
52.88,0.0,-11.513639450073242,-23.95073699951172,39.72654724121094
52.92,0.0,-11.513639450073242,-24.993282318115234,41.8359260559082
52.94,0.0,-11.513639450073242,-23.591623306274414,45.966773986816406
52.980000000000004,0.0,-11.513639450073242,-23.591623306274414,53.17379379272461
53.02,0.0,-11.513639450073242,-17.262069702148438,60.82027816772461
53.06,0.0,-11.513639450073242,-10.822888374328613,66.62106323242188
53.1,0.0,-11.513639450073242,-3.3189358711242676,74.79488372802734
53.120000000000005,0.0,-11.513639450073242,-3.3189358711242676,81.8261489868164
53.160000000000004,0.0,-11.513639450073242,8.313079833984375,86.66012573242188
53.2,0.0,-11.513639450073242,15.207322120666504,89.73629760742188
53.22,0.0,-11.513639450073242,18.131752014160156,90.79098510742188
53.26,0.0,-11.513639450073242,22.573591232299805,90.79098510742188
53.28,0.0,-11.513639450073242,24.792470932006836,90.52731323242188
53.32,0.0,-11.513639450073242,24.98966407775879,89.20894622802734
53.36,0.0,-11.513639450073242,23.533159255981445,85.95700073242188
53.38,0.0,-11.513639450073242,19.751338958740234,79.89254760742188
53.42,0.0,-11.513639450073242,17.096162796020508,73.74020385742188
53.44,0.0,-11.513639450073242,10.584327697753906,66.97262573242188
53.480000000000004,0.0,-11.513639450073242,6.889277935028076,58.447235107421875
53.52,0.0,-11.513639450073242,-0.9219462871551514,52.294891357421875
53.54,0.0,-11.513639450073242,-8.645174026489258,47.900360107421875
53.58,0.0,-11.513639450073242,-12.231876373291016,46.406227111816406
53.620000000000005,0.0,-11.513639450073242,-18.409168243408203,46.406227111816406
53.64,0.0,-11.513639450073242,-18.409168243408203,46.494117736816406
53.68,0.0,-11.513639450073242,-24.106199264526367,48.07613754272461
53.72,0.0,-11.513639450073242,-24.970508575439453,51.679656982421875
53.74,0.0,-11.513639450073242,-24.970508575439453,58.09566879272461
53.78,0.0,-11.513639450073242,-21.64539909362793,63.54488754272461
53.82,0.0,-11.513639450073242,-16.665040969848633,68.90621948242188
53.84,0.0,-11.513639450073242,-16.665040969848633,78.31051635742188
53.88,0.0,-11.513639450073242,-6.273846626281738,84.37496948242188
53.92,0.0,-11.513639450073242,1.5946446657180786,91.05465698242188
53.94,0.0,-11.513639450073242,9.307043075561523,96.15231323242188
53.980000000000004,0.0,-11.513639450073242,12.860651016235352,98.08590698242188
54.02,0.0,-11.513639450073242,18.916494369506836,98.87692260742188
54.04,0.0,-11.337858200073242,23.07862663269043,98.87692260742188
54.08,0.0,-11.337858200073242,24.309572219848633,98.87692260742188
54.120000000000005,0.0,-11.425776481628418,24.914674758911133,98.78903198242188
54.14,0.0,-11.425776481628418,23.0168514251709,97.82223510742188
54.18,0.0,-11.425776481628418,23.0168514251709,93.25191497802734
54.22,0.0,-11.425776481628418,15.952200889587402,87.97847747802734
54.24,0.0,-11.425776481628418,9.117413520812988,81.21090698242188
54.28,0.0,-11.425776481628418,5.3068318367004395,73.74020385742188
54.32,0.0,-11.425776481628418,-2.620643138885498,67.41207885742188
54.34,0.0,-11.425776481628418,-10.287071228027344,61.25973129272461
54.38,0.0,-11.425776481628418,-13.777141571044922,58.271453857421875
54.42,0.0,-11.425776481628418,-19.628780364990234,57.74410629272461
54.44,0.0,-11.425776481628418,-23.497678756713867,57.831993103027344
54.480000000000004,0.0,-11.425776481628418,-24.556337356567383,59.326141357421875
54.52,0.0,-11.425776481628418,-24.785938262939453,62.40231704711914
54.54,0.0,-11.425776481628418,-22.503232955932617,66.79684448242188
54.58,0.0,-11.425776481628418,-22.503232955932617,73.56442260742188
54.620000000000005,0.0,-11.425776481628418,-14.932653427124023,80.33200073242188
54.660000000000004,0.0,-11.425776481628418,-7.864346981048584,86.92379760742188
54.7,0.0,-11.425776481628418,0.006625732872635126,93.95504760742188
54.72,0.0,-11.337858200073242,0.006625732872635126,97.73434448242188
54.76,0.0,-11.162075996398926,11.565346717834473,99.14058685302734
54.800000000000004,0.0,-11.162075996398926,17.96122932434082,99.66793823242188
54.82,0.0,-11.162075996398926,22.5279541015625,99.66793823242188
54.86,0.0,-11.162075996398926,22.5279541015625,99.66793823242188
54.9,0.0,-11.162075996398926,24.986413955688477,98.78903198242188
54.94,0.0,-11.162075996398926,23.448999404907227,96.3281021118164
54.96,0.0,-11.162075996398926,19.511940002441406,91.05465698242188
55.0,0.0,-11.162075996398926,16.759872436523438,85.25387573242188
55.02,0.0,-11.162075996398926,10.039860725402832,78.04684448242188
55.06,0.0,-11.162075996398926,10.039860725402832,69.43355560302734
55.1,0.0,-11.162075996398926,-1.729505181312561,63.896453857421875
55.14,0.0,-11.162075996398926,-9.529570579528809,58.710906982421875
55.160000000000004,0.0,-11.162075996398926,-16.35373878479004,56.07418441772461
55.2,0.0,-11.162075996398926,-19.1741943359375,55.81051254272461
55.24,0.0,-11.162075996398926,-23.267284393310547,55.81051254272461
55.26,0.0,-11.162075996398926,-24.965999603271484,58.271453857421875
55.300000000000004,0.0,-11.162075996398926,-24.851463317871094,62.13864517211914
55.34,0.0,-11.162075996398926,-22.707279205322266,66.18161010742188
55.36,0.0,-11.162075996398926,-18.218603134155273,72.42184448242188
55.4,0.0,-11.162075996398926,-15.230674743652344,79.10152435302734
55.44,0.0,-11.162075996398926,-8.152546882629395,85.34176635742188
55.46,0.0,-11.162075996398926,-0.22815251350402832,92.81246948242188
55.5,0.0,-11.162075996398926,3.7965688705444336,96.3281021118164
55.54,0.0,-11.162075996398926,11.449402809143066,98.17378997802734
55.56,0.0,-11.162075996398926,17.91864013671875,98.78903198242188
55.6,0.0,-11.162075996398926,20.492414474487305,98.78903198242188
55.64,0.0,-11.162075996398926,23.982421875,98.70113372802734
55.660000000000004,0.0,-11.162075996398926,24.982452392578125,98.70113372802734
55.7,0.0,-11.162075996398926,24.504621505737305,97.03121185302734
55.74,0.0,-11.162075996398926,21.653362274169922,92.72457885742188
55.76,0.0,-11.162075996398926,21.653362274169922,86.48434448242188
55.800000000000004,0.0,-11.162075996398926,13.304710388183594,78.22262573242188
55.84,0.0,-11.162075996398926,5.866051197052002,71.45504760742188
55.86,0.0,-11.162075996398926,5.866051197052002,64.42378997802734
55.9,0.0,-11.162075996398926,-6.183073043823242,59.677696228027344
55.94,0.0,-11.162075996398926,-13.587594032287598,57.304656982421875
55.96,0.0,-11.162075996398926,-19.574424743652344,57.216766357421875
56.0,0.0,-11.162075996398926,-19.574424743652344,57.56832504272461
56.04,0.0,-11.162075996398926,-24.578702926635742,60.20504379272461
56.08,0.0,-11.162075996398926,-24.750690460205078,63.632781982421875
56.120000000000005,0.0,-11.162075996398926,-22.326744079589844,68.90621948242188
56.14,0.0,-11.162075996398926,-22.326744079589844,76.64059448242188
56.18,0.0,-11.162075996398926,-14.441519737243652,82.96871948242188
56.22,0.0,-11.162075996398926,-7.152964115142822,89.91207885742188
56.24,0.0,-11.162075996398926,0.8911948204040527,95.97653198242188
56.28,0.0,-11.162075996398926,4.932995796203613,98.61324310302734
56.32,0.0,-11.162075996398926,12.523096084594727,100.3710708618164
56.36,0.0,-11.162075996398926,18.796043395996094,101.07418823242188
56.38,0.0,-11.162075996398926,18.796043395996094,101.07418823242188
56.42,0.0,-11.162075996398926,24.339374542236328,101.07418823242188
56.46,0.0,-11.162075996398926,24.884550094604492,100.89840698242188
56.480000000000004,0.0,-11.162075996398926,24.884550094604492,98.17378997802734
56.52,0.0,-11.162075996398926,20.82594871520996,93.16403198242188
56.54,0.0,-11.162075996398926,15.282044410705566,87.27536010742188
56.58,0.0,-11.162075996398926,15.282044410705566,77.95895385742188
56.620000000000005,0.0,-11.162075996398926,4.157245635986328,69.78511810302734
56.660000000000004,0.0,-11.162075996398926,-3.9875876903533936,63.28121566772461
56.7,0.0,-11.162075996398926,-11.71231460571289,55.72262191772461
56.72,0.0,-11.162075996398926,-18.195236206054688,52.294891357421875
56.76,0.0,-11.162075996398926,-20.747730255126953,51.679656982421875
56.800000000000004,0.0,-11.162075996398926,-24.133201599121094,51.679656982421875
56.84,0.0,-11.162075996398926,-24.87468147277832,53.43746566772461
56.86,0.0,-11.162075996398926,-24.94914436340332,58.271453857421875
56.9,0.0,-11.162075996398926,-21.23558235168457,62.92965316772461
56.94,0.0,-11.162075996398926,-15.8485689163208,67.41207885742188
56.96,0.0,-11.162075996398926,-8.76583480834961,75.14645385742188
57.0,0.0,-11.162075996398926,-4.819567680358887,81.21090698242188
57.02,0.0,-11.162075996398926,3.3550901412963867,86.3964614868164
57.06,0.0,-11.162075996398926,3.3550901412963867,91.14254760742188
57.1,0.0,-11.162075996398926,14.683887481689453,93.42770385742188
57.120000000000005,0.0,-11.162075996398926,20.43309211730957,93.86715698242188
57.160000000000004,0.0,-11.162075996398926,22.516496658325195,93.86715698242188
57.18,0.0,-11.162075996398926,24.819215774536133,93.69136810302734
57.22,0.0,-11.162075996398926,24.9754638671875,93.16403198242188
57.26,0.0,-11.162075996398926,23.274587631225586,89.73629760742188
57.28,0.0,-11.162075996398926,19.068906784057617,83.93551635742188
57.32,0.0,-11.162075996398926,16.157861709594727,76.90426635742188
57.36,0.0,-11.162075996398926,9.110219955444336,69.34566497802734
57.38,0.0,-11.162075996398926,1.0773823261260986,60.64449691772461
57.42,0.0,-11.162075996398926,1.0773823261260986,54.05270004272461
57.46,0.0,-11.162075996398926,-10.918966293334961,50.71285629272461
57.480000000000004,0.0,-11.162075996398926,-17.62171173095703,49.570281982421875
57.52,0.0,-11.162075996398926,-20.297712326049805,49.570281982421875
57.56,0.0,-11.162075996398926,-23.935094833374023,49.74605941772461
57.58,0.0,-11.162075996398926,-24.982255935668945,53.17379379272461
57.620000000000005,0.0,-11.162075996398926,-24.48649024963379,57.831993103027344
57.64,0.0,-11.162075996398926,-21.52138900756836,62.578086853027344
57.68,0.0,-11.162075996398926,-19.132184982299805,67.3241958618164
57.72,0.0,-11.162075996398926,-12.86323356628418,73.82809448242188
57.74,0.0,-11.162075996398926,-5.1940693855285645,81.29879760742188
57.78,0.0,-11.162075996398926,-1.0908567905426025,86.57223510742188
57.82,0.0,-11.162075996398926,7.094574451446533,90.8788833618164
57.84,0.0,-11.162075996398926,14.51091194152832,93.33980560302734
57.88,0.0,-11.162075996398926,17.672075271606445,93.69136810302734
57.92,0.0,-11.162075996398926,22.46779441833496,93.69136810302734
57.96,0.0,-11.162075996398926,24.813907623291016,93.51559448242188
57.980000000000004,0.0,-11.162075996398926,24.813907623291016,90.96676635742188
58.02,0.0,-11.162075996398926,23.25349235534668,86.66012573242188
58.06,0.0,-11.162075996398926,18.987646102905273,80.15621948242188
58.1,0.0,-11.162075996398926,12.642016410827637,71.54293823242188
58.120000000000005,0.0,-11.162075996398926,12.642016410827637,61.611297607421875
58.160000000000004,0.0,-11.162075996398926,8.898648262023926,53.525360107421875
58.2,0.0,-11.162075996398926,0.7831225395202637,48.515594482421875
58.22,0.0,-11.162075996398926,-14.81513500213623,45.966773986816406
58.26,0.0,-11.162075996398926,-17.94754409790039,45.26364517211914
58.300000000000004,0.0,-11.162075996398926,-22.651500701904297,45.351539611816406
58.32,0.0,-11.162075996398926,-24.86574935913086,45.351539611816406
58.36,0.0,-11.162075996398926,-24.86574935913086,48.955047607421875
58.4,0.0,-11.162075996398926,-23.061017990112305,54.58004379272461
58.44,0.0,-11.162075996398926,-18.62877082824707,60.732391357421875
58.46,0.0,-11.162075996398926,-12.139471054077148,66.88473510742188
58.5,0.0,-11.162075996398926,-8.339625358581543,73.47653198242188
58.54,0.0,-11.162075996398926,-0.15385745465755463,79.62887573242188
58.56,0.0,-11.162075996398926,-0.15385745465755463,84.99020385742188
58.6,0.0,-11.162075996398926,11.876606941223145,88.85739135742188
58.64,0.0,-11.162075996398926,18.437191009521484,90.52731323242188
58.660000000000004,0.0,-11.162075996398926,18.437191009521484,90.52731323242188
58.7,0.0,-11.162075996398926,24.285064697265625,90.35153198242188
58.74,0.0,-11.162075996398926,24.887428283691406,89.56050872802734
58.76,0.0,-11.162075996398926,22.726871490478516,86.13278198242188
58.800000000000004,0.0,-11.162075996398926,22.726871490478516,79.80465698242188
58.84,0.0,-11.162075996398926,14.90148639678955,73.12496948242188
58.88,0.0,-11.162075996398926,7.469738483428955,65.91793823242188
58.9,0.0,-11.162075996398926,-0.7968385815620422,57.12887191772461
58.94,0.0,-11.162075996398926,-4.956536293029785,52.294891357421875
58.980000000000004,0.0,-11.162075996398926,-12.748187065124512,49.042938232421875
59.0,0.0,-11.162075996398926,-12.748187065124512,48.25191879272461
59.04,0.0,-11.162075996398926,-21.54290771484375,48.339813232421875
59.08,0.0,-11.162075996398926,-24.51996612548828,48.955047607421875
59.1,0.0,-11.162075996398926,-24.75632667541504,52.998016357421875
59.14,0.0,-11.162075996398926,-23.82509422302246,58.271453857421875
59.18,0.0,-11.162075996398926,-19.99214744567871,63.457000732421875
59.22,0.0,-11.162075996398926,-13.917344093322754,69.87300872802734
59.26,0.0,-11.162075996398926,-13.917344093322754,78.66207122802734
59.28,0.0,-11.162075996398926,-10.243324279785156,84.72653198242188
59.32,0.0,-11.162075996398926,6.212985515594482,89.82418823242188
59.36,0.0,-11.162075996398926,13.867897987365723,92.19723510742188
59.4,0.0,-11.162075996398926,19.966032028198242,92.72457885742188
59.42,0.0,-11.162075996398926,19.966032028198242,92.72457885742188
59.46,0.0,-11.162075996398926,24.755481719970703,92.63668823242188
59.5,0.0,-11.162075996398926,24.5145320892334,91.05465698242188
59.54,0.0,-11.162075996398926,21.507944107055664,86.57223510742188
59.56,0.0,-11.162075996398926,21.507944107055664,78.92574310302734
59.6,0.0,-11.162075996398926,12.624502182006836,71.45504760742188
59.64,0.0,-11.162075996398926,4.758084774017334,64.59957122802734
59.68,0.0,-11.162075996398926,-3.649864912033081,56.95309066772461
59.7,0.0,-11.162075996398926,-7.759116172790527,53.34957504272461
59.74,0.0,-11.162075996398926,-15.205181121826172,51.767547607421875
59.76,0.0,-11.162075996398926,-20.930313110351562,51.855438232421875
59.82,0.0,-11.162075996398926,-20.930313110351562,52.55855941772461
59.84,0.0,-11.162075996398926,-22.934057235717773,56.51364517211914
59.88,0.0,-11.162075996398926,-24.93734359741211,61.08395004272461
59.92,0.0,-11.162075996398926,-20.537315368652344,66.26950073242188
59.94,0.0,-11.162075996398926,-20.537315368652344,73.30075073242188
59.980000000000004,0.0,-11.162075996398926,-10.996879577636719,80.24411010742188
