dt,yaw_cmd,yaw_pos,pitch_cmd,pitch_pos
0.3,-4.688468933105469,-6.5917510986328125,0.0,-0.6152534484863281
0.3,-7.73600959777832,-6.5917510986328125,0.0,-0.6152534484863281
0.3,-7.73600959777832,-6.679669380187988,0.0,-0.6152534484863281
0.3,-12.068802833557129,-7.207014083862305,0.0,-0.5273625254631042
0.3,-14.730626106262207,-7.99800443649292,0.0,-0.43947166204452515
0.3,-17.160354614257812,-9.49217700958252,0.0,-0.17579905688762665
0.3,-18.275638580322266,-11.689421653747559,0.0,0.26365530490875244
0.34,-20.284141540527344,-14.150365829467773,0.0,0.7031096816062927
0.36,-21.969362258911133,-17.666000366210938,0.0,1.4941275119781494
0.4,-22.681716918945312,-21.093717575073242,0.0,2.1093637943267822
0.44,-23.830839157104492,-26.191389083862305,0.0,3.3398358821868896
0.46,-24.59664535522461,-33.486305236816406,0.0,4.5702805519104
0.5,-24.831283569335938,-39.90230941772461,0.0,5.62497091293335
0.54,-24.998451232910156,-46.75779724121094,0.0,6.855443477630615
0.56,-24.760101318359375,-55.89842224121094,0.0,8.613261222839355
0.6,-24.4893856048584,-63.017555236816406,0.0,10.019515037536621
0.62,-23.649545669555664,-68.81832885742188,0.0,11.07420539855957
0.66,-23.649545669555664,-73.74021911621094,0.0,11.86522388458252
0.7000000000000001,-21.669992446899414,-78.486328125,0.0,12.656241416931152
0.74,-19.90007209777832,-82.70506286621094,0.0,13.359368324279785
0.76,-17.801616668701172,-87.45114135742188,0.0,14.326140403747559
0.8,-16.639432907104492,-90.17578887939453,0.0,14.765595436096191
0.8200000000000001,-14.112456321716309,-91.3183364868164,0.0,15.029267311096191
0.86,-14.112456321716309,-91.58201599121094,0.0,15.029267311096191
0.9,-9.894003868103027,-91.58201599121094,0.0,15.029267311096191
0.92,-6.863167762756348,-91.58201599121094,0.0,15.029267311096191
0.96,-5.300587177276611,-91.58201599121094,0.0,15.029267311096191
0.98,-2.113309860229492,-91.58201599121094,0.0,15.029267311096191
1.02,-2.113309860229492,-91.58201599121094,0.0,15.029267311096191
1.06,2.723365545272827,-91.58201599121094,0.0,15.029267311096191
1.08,5.906596660614014,-91.0546646118164,0.0,15.029267311096191
1.12,5.906596660614014,-89.56051635742188,0.0,14.941376686096191
1.16,10.486217498779297,-87.36328125,0.0,14.853485107421875
1.2,13.333876609802246,-84.46288299560547,0.0,14.765595436096191
1.22,15.960205078125,-80.3320083618164,0.0,14.238249778747559
1.26,17.176137924194336,-75.76170349121094,0.0,13.095695495605469
1.3,19.387319564819336,-71.4550552368164,0.0,12.30467700958252
1.34,21.272785186767578,-66.26951599121094,0.0,11.425768852233887
1.36,22.08281898498535,-60.820289611816406,0.0,10.458970069885254
1.4000000000000001,23.4195613861084,-53.96482467651367,0.0,9.140606880187988
1.42,23.4195613861084,-45.70310974121094,0.0,7.558570861816406
1.46,24.674455642700195,-39.28710174560547,0.0,6.415988922119141
1.5,24.988170623779297,-31.904268264770508,0.0,5.097625732421875
1.52,24.988170623779297,-24.521488189697266,0.0,3.691399097442627
1.56,24.657609939575195,-18.984336853027344,0.0,2.5488181114196777
1.6,23.90662956237793,-14.326147079467773,0.0,1.7578002214431763
1.62,23.90662956237793,-10.195303916931152,0.0,1.054673194885254
1.6600000000000001,22.013080596923828,-7.382795810699463,0.0,0.5273279547691345
1.7,20.2691593170166,-3.9550795555114746,0.0,-0.08790817856788635
1.74,18.172771453857422,-1.581998348236084,0.0,-0.43947166204452515
1.76,15.75912094116211,-0.9667896032333374,0.0,-0.5273625254631042
1.8,15.75912094116211,-0.439444363117218,0.0,-0.6152534484863281
1.84,11.634665489196777,-0.3515261709690094,0.0,-0.6152534484863281
1.8800000000000001,8.617646217346191,-0.3515261709690094,0.0,-0.6152534484863281
1.9000000000000001,8.617646217346191,-0.3515261709690094,0.0,-0.6152534484863281
1.94,3.820950746536255,-0.3515261709690094,0.0,-0.6152534484863281
1.98,0.5233946442604065,-0.3515261709690094,0.0,-0.6152534484863281
2.0,-1.1337897777557373,-0.3515261709690094,0.0,-0.6152534484863281
2.04,-4.428578853607178,-0.3515261709690094,0.0,-0.6152534484863281
2.08,-7.648870944976807,-0.3515261709690094,0.0,-0.6152534484863281
2.1,-7.648870944976807,-1.845698356628418,0.0,-0.6152534484863281
2.14,-12.215245246887207,-3.7792978286743164,0.0,-0.5273625254631042
2.18,-15.004179954528809,-6.328105926513672,0.0,-0.5273625254631042
2.22,-17.529783248901367,-10.107385635375977,0.0,-0.08790817856788635
2.24,-17.529783248901367,-14.765628814697266,0.0,0.7031096816062927
2.2800000000000002,-20.725730895996094,-19.248037338256836,0.0,1.6699093580245972
2.32,-22.40448760986328,-23.994144439697266,0.0,2.636708974838257
2.34,-23.68440818786621,-31.025358200073242,0.0,4.130825996398926
2.38,-24.16695213317871,-37.7050666809082,0.0,5.361298561096191
2.42,-24.805540084838867,-45.17576217651367,0.0,6.679661750793457
2.44,-24.99889373779297,-53.876930236816406,0.0,8.437479972839355
2.48,-24.926761627197266,-60.732425689697266,0.0,9.667951583862305
2.52,-24.44561004638672,-67.06050872802734,0.0,10.81053352355957
2.54,-23.522178649902344,-72.59764099121094,0.0,11.689441680908203
2.58,-22.89908790588379,-76.99214935302734,0.0,12.480459213256836
2.62,-21.343433380126953,-80.947265625,0.0,13.183586120605469
2.64,-21.343433380126953,-85.51757049560547,0.0,14.062468528747559
2.68,-18.290267944335938,-88.59375,0.0,14.589813232421875
2.72,-15.827353477478027,-90.52735137939453,0.0,14.853485107421875
2.74,-13.07280158996582,-90.8788833618164,0.0,14.941376686096191
2.7800000000000002,-11.601435661315918,-90.9667739868164,0.0,14.941376686096191
2.82,-8.503747940063477,-90.9667739868164,0.0,14.941376686096191
2.84,-5.246700763702393,-90.9667739868164,0.0,14.941376686096191
2.88,-3.5768918991088867,-90.9667739868164,0.0,14.941376686096191
2.92,-0.19295619428157806,-90.9667739868164,0.0,14.941376686096191
2.94,3.1980676651000977,-90.8788833618164,0.0,14.941376686096191
2.98,4.876628875732422,-90.4394302368164,0.0,14.941376686096191
3.0,8.160888671875,-89.03317260742188,0.0,14.853485107421875
3.04,9.751266479492188,-86.57222747802734,0.0,14.765595436096191
3.08,12.791302680969238,-83.6718521118164,0.0,14.765595436096191
3.1,15.596439361572266,-79.45309448242188,0.0,14.062468528747559
3.14,16.894153594970703,-74.79490661621094,0.0,13.007804870605469
3.18,19.2490177154541,-70.40036010742188,0.0,12.216787338256836
3.2,21.246217727661133,-65.47850036621094,0.0,11.337878227233887
3.24,22.09836769104004,-59.941375732421875,0.0,10.283187866210938
3.2800000000000002,23.489002227783203,-52.91012954711914,0.0,8.876934051513672
3.3000000000000003,24.439361572265625,-44.648414611816406,0.0,7.382789134979248
3.34,24.74308204650879,-38.0566291809082,0.0,6.152316093444824
3.36,24.999549865722656,-31.025358200073242,0.0,5.009735107421875
3.4,24.999549865722656,-23.378881454467773,0.0,3.515617609024048
3.44,24.499176025390625,-17.841781616210938,0.0,2.3730363845825195
3.48,23.582632064819336,-13.095675468444824,0.0,1.5820183753967285
3.5,23.582632064819336,-8.701131820678711,0.0,0.8788914680480957
3.54,21.373268127441406,-5.361333847045898,0.0,0.17576444149017334
3.58,19.38292121887207,-2.3730435371398926,0.0,-0.43947166204452515
3.6,19.38292121887207,-0.1757444143295288,0.0,-0.7910351753234863
3.64,15.712987899780273,1.1425913572311401,0.0,-0.9668169021606445
3.66,12.876794815063477,1.5820730924606323,0.0,-1.0547077655792236
3.7,12.876794815063477,1.5820730924606323,0.0,-1.0547077655792236
3.74,11.361357688903809,1.5820730924606323,0.0,-1.0547077655792236
3.7800000000000002,4.821495056152344,1.5820730924606323,0.0,-1.0547077655792236
3.8200000000000003,1.3748135566711426,1.5820730924606323,0.0,-1.0547077655792236
3.84,-0.3640096187591553,1.5820730924606323,0.0,-1.0547077655792236
3.88,-3.830604076385498,1.5820730924606323,0.0,-1.0547077655792236
3.9,-7.2264299392700195,1.5820730924606323,0.0,-1.0547077655792236
3.94,-8.877035140991211,1.5820730924606323,0.0,-1.0547077655792236
3.96,-12.043222427368164,-0.08788085728883743,0.0,-0.9668169021606445
4.0,-13.54322338104248,-2.724606990814209,0.0,-0.8789260387420654
4.04,-16.340007781982422,-4.921852111816406,0.0,-0.8789260387420654
4.0600000000000005,-16.340007781982422,-9.404258728027344,0.0,-0.26368993520736694
4.1,-19.925691604614258,-13.271456718444824,0.0,0.5273279547691345
4.12,-21.840015411376953,-17.666000366210938,0.0,1.4062366485595703
4.16,-21.840015411376953,-23.291017532348633,0.0,2.5488181114196777
4.2,-23.900463104248047,-29.44332504272461,0.0,3.779289960861206
4.24,-24.69200325012207,-36.12303161621094,0.0,5.009735107421875
4.26,-24.99662208557129,-45.17576217651367,0.0,6.679661750793457
4.3,-24.96360969543457,-52.73434829711914,0.0,8.173807144165039
4.34,-24.52682113647461,-59.853511810302734,0.0,9.492170333862305
4.36,-23.602685928344727,-67.41207885742188,0.0,10.81053352355957
4.4,-22.9627742767334,-72.2460708618164,0.0,11.689441680908203
4.44,-21.342302322387695,-76.90428924560547,0.0,12.568350791931152
4.46,-21.342302322387695,-81.9140396118164,0.0,13.447259902954102
4.5,-18.1221923828125,-86.04489135742188,0.0,14.150358200073242
4.5200000000000005,-15.509976387023926,-89.29686737060547,0.0,14.765595436096191
4.5600000000000005,-14.082782745361328,-91.4062271118164,0.0,15.117158889770508
4.6000000000000005,-11.021450996398926,-92.10935974121094,0.0,15.205048561096191
4.64,-7.735386848449707,-92.10935974121094,0.0,15.292940139770508
4.66,-6.028414249420166,-92.10935974121094,0.0,15.292940139770508
4.7,-2.5293400287628174,-92.10935974121094,0.0,15.292940139770508
4.74,1.024344801902771,-92.10935974121094,0.0,15.292940139770508
4.76,1.024344801902771,-92.10935974121094,0.0,15.292940139770508
4.8,6.300106525421143,-92.10935974121094,0.0,15.292940139770508
4.84,9.676461219787598,-91.66990661621094,0.0,15.292940139770508
4.86,9.676461219787598,-90.2636489868164,0.0,15.205048561096191
4.9,14.357298851013184,-88.2421875,0.0,15.029267311096191
4.94,17.128276824951172,-85.25389099121094,0.0,15.029267311096191
4.96,18.386737823486328,-82.0019302368164,0.0,14.501921653747559
5.0,20.616737365722656,-78.04684448242188,0.0,13.798794746398926
5.0200000000000005,22.425918579101562,-72.6855239868164,0.0,12.656241416931152
5.0600000000000005,23.16033363342285,-68.29098510742188,0.0,11.86522388458252
5.08,24.269060134887695,-63.72068405151367,0.0,10.98631477355957
5.12,24.269060134887695,-56.24998474121094,0.0,9.580060958862305
5.16,24.637292861938477,-47.9882698059082,0.0,7.910134315490723
5.2,24.828351974487305,-40.957000732421875,0.0,6.591770648956299
5.22,24.15096664428711,-32.34375,0.0,5.097625732421875
5.26,23.62278175354004,-25.488262176513672,0.0,3.8671536445617676
5.3,22.200220108032227,-19.95116424560547,0.0,2.724599838256836
5.32,22.200220108032227,-14.23828411102295,0.0,1.6699093580245972
5.36,19.208433151245117,-9.580039978027344,0.0,0.9667823314666748
5.4,16.700714111328125,-5.9765424728393555,0.0,0.26365530490875244
5.44,13.841041564941406,-1.7577801942825317,0.0,-0.43947166204452515
5.46,12.297371864318848,0.87894606590271,0.0,-0.8789260387420654
5.5,9.022334098815918,2.2852001190185547,0.0,-1.2304894924163818
5.5200000000000005,5.554360389709473,2.900408983230591,0.0,-1.3183804750442505
5.5600000000000005,3.770552635192871,2.900408983230591,0.0,-1.3183804750442505
5.6000000000000005,0.15011253952980042,2.900408983230591,0.0,-1.3183804750442505
5.64,0.15011253952980042,2.900408983230591,0.0,-1.3183804750442505
5.66,-5.269077777862549,2.900408983230591,0.0,-1.3183804750442505
5.7,-8.762548446655273,2.900408983230591,0.0,-1.3183804750442505
5.72,-12.073320388793945,2.8125452995300293,0.0,-1.3183804750442505
5.76,-12.073320388793945,2.2852001190185547,0.0,-1.3183804750442505
5.8,-16.542970657348633,3.7338671972975135e-05,0.0,-1.2304894924163818
5.84,-19.09788703918457,-3.339815855026245,0.0,-1.1425986289978027
5.86,-19.09788703918457,-7.031232833862305,0.0,-0.6152534484863281
5.9,-22.15411376953125,-11.601557731628418,0.0,0.17576444149017334
5.94,-23.608705520629883,-16.083965301513672,0.0,1.054673194885254
5.96,-24.55744171142578,-21.972627639770508,0.0,2.1093637943267822
6.0,-24.55744171142578,-28.740198135375977,0.0,3.603508234024048
6.04,-24.987241744995117,-35.59568405151367,0.0,4.921844005584717
6.08,-24.600311279296875,-42.97848892211914,0.0,6.240207195281982
6.1000000000000005,-23.680850982666016,-52.29489517211914,0.0,8.085916519165039
6.140000000000001,-23.026723861694336,-59.589813232421875,0.0,9.492170333862305
6.16,-21.346487045288086,-65.56639099121094,0.0,10.546859741210938
6.2,-21.346487045288086,-71.7187271118164,0.0,11.601550102233887
6.24,-20.329158782958984,-76.28902435302734,0.0,12.480459213256836
6.26,-15.21073055267334,-80.5077896118164,0.0,13.183586120605469
6.3,-15.21073055267334,-85.51757049560547,0.0,14.150358200073242
6.34,-13.7030611038208,-89.03317260742188,0.0,14.765595436096191
6.36,-7.002863883972168,-91.23045349121094,0.0,15.117158889770508
6.4,-7.002863883972168,-92.02146911621094,0.0,15.292940139770508
6.44,-1.5336923599243164,-92.02146911621094,0.0,15.292940139770508
6.48,2.1758265495300293,-92.02146911621094,0.0,15.292940139770508
6.5200000000000005,2.1758265495300293,-92.02146911621094,0.0,15.292940139770508
6.54,7.631340980529785,-92.02146911621094,0.0,15.292940139770508
6.58,11.078324317932129,-92.02146911621094,0.0,15.292940139770508
6.6000000000000005,14.283110618591309,-92.02146911621094,0.0,15.292940139770508
6.640000000000001,14.283110618591309,-91.58201599121094,0.0,15.292940139770508
6.68,18.48077964782715,-90.3515625,0.0,15.205048561096191
6.7,20.78069305419922,-88.50582885742188,0.0,15.117158889770508
6.74,21.760540008544922,-85.51757049560547,0.0,15.117158889770508
6.78,23.351842880249023,-82.2656021118164,0.0,14.501921653747559
6.8,24.42227554321289,-77.16793823242188,0.0,13.535149574279785
6.84,24.75373649597168,-72.7734146118164,0.0,12.656241416931152
6.88,24.998876571655273,-68.37889862060547,0.0,11.86522388458252
6.9,24.910781860351562,-62.66599655151367,0.0,10.81053352355957
6.94,24.314739227294922,-56.42576599121094,0.0,9.580060958862305
6.98,23.170082092285156,-48.8671760559082,0.0,8.173807144165039
7.0,21.50110626220703,-41.132781982421875,0.0,6.679661750793457
7.04,20.480886459350586,-33.925758361816406,0.0,5.449189186096191
7.0600000000000005,18.09700584411621,-27.86128807067871,0.0,4.306607723236084
7.1000000000000005,18.09700584411621,-21.269500732421875,0.0,2.9882724285125732
7.140000000000001,13.766257286071777,-16.171829223632812,0.0,2.021472692489624
7.18,10.469929695129395,-13.007811546325684,0.0,1.5820183753967285
7.2,10.469929695129395,-9.404258728027344,0.0,1.054673194885254
7.24,5.096990585327148,-7.119096279144287,0.0,0.6152188181877136
7.28,1.3478530645370483,-5.0976338386535645,0.0,0.26365530490875244
7.3,1.3478530645370483,-4.306643009185791,0.0,0.08787357062101364
7.34,-4.31318998336792,-4.306643009185791,0.0,0.08787357062101364
7.36,-7.985804557800293,-4.306643009185791,0.0,0.08787357062101364
7.4,-7.985804557800293,-4.306643009185791,0.0,0.08787357062101364
7.44,-13.131059646606445,-4.306643009185791,0.0,-1.7302845662925392e-05
7.48,-16.20258140563965,-4.306643009185791,0.0,-1.7302845662925392e-05
7.5,-17.603126525878906,-4.306643009185791,0.0,0.08787357062101364
7.54,-20.092613220214844,-5.361333847045898,0.0,0.08787357062101364
7.58,-22.118576049804688,-6.767532825469971,0.0,0.08787357062101364
7.6000000000000005,-23.63265609741211,-9.75582218170166,0.0,0.17576444149017334
7.640000000000001,-23.63265609741211,-13.710938453674316,0.0,0.43943706154823303
7.68,-24.867216110229492,-17.050737380981445,0.0,1.054673194885254
7.7,-24.968963623046875,-21.0058536529541,0.0,1.8456910848617554
7.74,-24.800678253173828,-25.839826583862305,0.0,2.9882724285125732
7.78,-24.029699325561523,-31.640623092651367,0.0,4.130825996398926
7.8,-23.431123733520508,-38.847618103027344,0.0,5.53708028793335
7.84,-21.824386596679688,-45.61521530151367,0.0,6.767552375793457
7.86,-19.70307731628418,-53.261695861816406,0.0,8.437479972839355
7.9,-18.464176177978516,-60.029296875,0.0,9.580060958862305
7.94,-15.665582656860352,-66.00585174560547,0.0,10.722641944885254
7.96,-12.494412422180176,-71.36719512939453,0.0,11.425768852233887
8.0,-10.791929244995117,-74.97069549560547,0.0,12.216787338256836
8.040000000000001,-7.203060626983643,-78.39840698242188,0.0,12.832022666931152
8.06,-3.4399845600128174,-82.08982849121094,0.0,13.447259902954102
8.1,-3.4399845600128174,-84.90233612060547,0.0,13.974576950073242
8.14,2.335890531539917,-86.39645385742188,0.0,14.238249778747559
8.18,6.140433311462402,-86.83592987060547,0.0,14.326140403747559
8.2,9.801811218261719,-86.83592987060547,0.0,14.326140403747559
8.24,11.551135063171387,-86.83592987060547,0.0,14.326140403747559
8.28,14.834281921386719,-86.83592987060547,0.0,14.326140403747559
8.3,17.7645263671875,-86.83592987060547,0.0,14.326140403747559
8.34,19.074628829956055,-86.83592987060547,0.0,14.326140403747559
8.38,21.34465980529785,-86.57222747802734,0.0,14.326140403747559
8.4,23.10231590270996,-84.81443786621094,0.0,14.238249778747559
8.44,23.77479362487793,-82.8808364868164,0.0,14.150358200073242
8.46,24.685775756835938,-80.244140625,0.0,14.150358200073242
8.5,24.685775756835938,-75.93749237060547,0.0,13.183586120605469
8.540000000000001,24.929662704467773,-71.9823989868164,0.0,12.480459213256836
8.58,24.335721969604492,-68.5546875,0.0,11.953113555908203
8.6,24.335721969604492,-63.45701217651367,0.0,10.898423194885254
8.64,22.341947555541992,-57.65621566772461,0.0,9.843733787536621
8.68,20.32244873046875,-50.624996185302734,0.0,8.525370597839355
8.700000000000001,20.32244873046875,-42.890602111816406,0.0,6.943334102630615
8.74,16.377140045166016,-36.56248474121094,0.0,5.976534366607666
8.78,13.228241920471191,-29.70702362060547,0.0,4.746062278747559
8.8,9.751821517944336,-23.20309829711914,0.0,3.4277267456054688
8.84,7.916954517364502,-18.36912727355957,0.0,2.4609272480010986
8.88,4.109953880310059,-15.029274940490723,0.0,1.9335819482803345
8.9,0.19819375872612,-12.392548561096191,0.0,1.4062366485595703
8.94,-1.7669155597686768,-9.843740463256836,0.0,1.142564058303833
8.98,-5.6548662185668945,-8.876913070678711,0.0,0.9667823314666748
9.0,-9.406248092651367,-8.085923194885254,0.0,0.8788914680480957
9.040000000000001,-11.201339721679688,-7.9101409912109375,0.0,0.7910005450248718
9.06,-14.574199676513672,-7.9101409912109375,0.0,0.7910005450248718
9.1,-14.574199676513672,-7.99800443649292,0.0,0.7910005450248718
9.14,-18.93511199951172,-7.99800443649292,0.0,0.7910005450248718
9.18,-21.26959228515625,-7.9101409912109375,0.0,0.7910005450248718
9.22,-23.074596405029297,-7.99800443649292,0.0,0.7910005450248718
9.24,-23.074596405029297,-9.316394805908203,0.0,0.8788914680480957
9.28,-24.69121551513672,-11.425776481628418,0.0,0.8788914680480957
9.32,-24.99997901916504,-13.62302017211914,0.0,0.9667823314666748
9.34,-24.680288314819336,-16.523391723632812,0.0,1.054673194885254
9.38,-24.28614616394043,-20.39059066772461,0.0,1.6699093580245972
9.42,-23.040651321411133,-24.257789611816406,0.0,2.636708974838257
9.44,-21.211999893188477,-30.5859317779541,0.0,3.9550445079803467
9.48,-20.092411041259766,-37.08982849121094,0.0,5.097625732421875
9.52,-17.477256774902344,-43.593727111816406,0.0,6.328097820281982
9.540000000000001,-17.477256774902344,-51.59177017211914,0.0,7.910134315490723
9.58,-10.986177444458008,-59.150386810302734,0.0,9.404278755187988
9.620000000000001,-9.159340858459473,-64.24803161621094,0.0,10.371078491210938
9.64,-5.3398661613464355,-68.5546875,0.0,11.07420539855957
9.68,-3.371490955352783,-70.6640625,0.0,11.425768852233887
9.72,0.6198745965957642,-71.8945083618164,0.0,11.601550102233887
9.76,4.598892688751221,-72.7734146118164,0.0,11.777332305908203
9.78,4.598892688751221,-72.7734146118164,0.0,11.777332305908203
9.82,10.321550369262695,-72.7734146118164,0.0,11.777332305908203
9.86,13.82919692993164,-72.7734146118164,0.0,11.777332305908203
9.88,16.98367691040039,-72.7734146118164,0.0,11.86522388458252
9.92,16.98367691040039,-72.7734146118164,0.0,11.777332305908203
9.96,20.87599754333496,-72.7734146118164,0.0,11.777332305908203
9.98,22.811656951904297,-72.7734146118164,0.0,11.777332305908203
10.02,22.811656951904297,-72.7734146118164,0.0,11.777332305908203
10.06,24.597623825073242,-72.0702896118164,0.0,11.777332305908203
10.08,24.9958438873291,-70.9277114868164,0.0,11.689441680908203
10.120000000000001,24.9958438873291,-68.99411010742188,0.0,11.601550102233887
10.16,24.374492645263672,-66.62108612060547,0.0,11.601550102233887
10.200000000000001,23.161073684692383,-63.10544967651367,0.0,10.98631477355957
10.22,23.161073684692383,-57.128868103027344,0.0,9.843733787536621
10.26,20.21715545654297,-50.185516357421875,0.0,8.525370597839355
10.3,17.57807731628418,-44.56052780151367,0.0,7.382789134979248
10.32,17.57807731628418,-36.91404724121094,0.0,6.064425468444824
10.36,12.774197578430176,-29.53124237060547,0.0,4.746062278747559
10.4,9.129337310791016,-23.554662704467773,0.0,3.603508234024048
10.42,5.240478515625,-17.841781616210938,0.0,2.4609272480010986
10.46,3.2362709045410156,-14.326147079467773,0.0,1.8456910848617554
10.5,-0.8256571292877197,-11.953121185302734,0.0,1.4062366485595703
10.52,-4.869231224060059,-9.140613555908203,0.0,1.054673194885254
10.56,-6.850500106811523,-7.9101409912109375,0.0,0.7910005450248718
10.58,-10.665993690490723,-6.8554511070251465,0.0,0.6152188181877136
10.620000000000001,-10.665993690490723,-6.240187644958496,0.0,0.5273279547691345
10.66,-15.833210945129395,-6.328105926513672,0.0,0.5273279547691345
10.700000000000001,-18.772212982177734,-6.328105926513672,0.0,0.5273279547691345
10.72,-18.772212982177734,-6.328105926513672,0.0,0.5273279547691345
10.76,-22.223356246948242,-6.328105926513672,0.0,0.5273279547691345
10.8,-23.794057846069336,-6.328105926513672,0.0,0.5273279547691345
10.82,-23.794057846069336,-6.328105926513672,0.0,0.5273279547691345
10.86,-24.946020126342773,-8.701131820678711,0.0,0.6152188181877136
10.9,-24.878707885742188,-11.074212074279785,0.0,0.6152188181877136
10.92,-24.878707885742188,-14.50192928314209,0.0,0.7031096816062927
10.96,-23.52501678466797,-17.841781616210938,0.0,1.230454921722412
10.98,-21.820449829101562,-21.181636810302734,0.0,1.8456910848617554
11.02,-21.820449829101562,-27.59764289855957,0.0,3.4277267456054688
11.06,-18.171476364135742,-33.925758361816406,0.0,4.6581711769104
11.1,-15.104830741882324,-39.72652816772461,0.0,5.62497091293335
11.120000000000001,-11.624812126159668,-47.02146911621094,0.0,7.031225204467773
11.16,-9.75869369506836,-53.173805236816406,0.0,8.261697769165039
11.18,-5.8373308181762695,-58.09569549560547,0.0,9.228497505187988
11.22,-5.8373308181762695,-62.84177780151367,0.0,10.019515037536621
11.26,0.31522464752197266,-66.00585174560547,0.0,10.634751319885254
11.28,4.4340691566467285,-67.67577362060547,0.0,10.898423194885254
11.32,4.4340691566467285,-67.93942260742188,0.0,10.898423194885254
11.36,10.356243133544922,-67.93942260742188,0.0,10.98631477355957
11.4,13.974833488464355,-67.93942260742188,0.0,10.98631477355957
11.42,17.21155548095703,-67.93942260742188,0.0,10.98631477355957
11.46,17.21155548095703,-67.93942260742188,0.0,10.98631477355957
11.5,21.15651512145996,-67.93942260742188,0.0,10.98631477355957
11.540000000000001,23.071853637695312,-67.93942260742188,0.0,10.98631477355957
11.56,23.79312515258789,-67.93942260742188,0.0,10.98631477355957
11.6,24.736839294433594,-67.14842987060547,0.0,10.898423194885254
11.620000000000001,24.994123458862305,-65.74217987060547,0.0,10.81053352355957
11.66,24.994123458862305,-63.28123092651367,0.0,10.722641944885254
11.700000000000001,24.078784942626953,-59.853511810302734,0.0,10.371078491210938
11.74,22.6232967376709,-55.98631286621094,0.0,9.667951583862305
11.78,20.534313201904297,-48.77926254272461,0.0,8.173807144165039
11.82,17.868711471557617,-42.451148986816406,0.0,7.031225204467773
11.84,17.868711471557617,-35.33201217651367,0.0,5.800752639770508
11.88,12.953482627868652,-28.388633728027344,0.0,4.5702805519104
11.9,9.197951316833496,-22.763671875,0.0,3.515617609024048
11.94,7.214972019195557,-18.45699119567871,0.0,2.4609272480010986
11.98,3.108048677444458,-14.677711486816406,0.0,1.8456910848617554
12.02,-1.0900719165802002,-12.216766357421875,0.0,1.4062366485595703
12.040000000000001,-1.0900719165802002,-9.316394805908203,0.0,1.054673194885254
12.08,-7.299001693725586,-8.261704444885254,0.0,0.8788914680480957
12.120000000000001,-11.208175659179688,-7.99800443649292,0.0,0.7910005450248718
12.16,-14.802306175231934,-7.99800443649292,0.0,0.7910005450248718
12.200000000000001,-14.802306175231934,-7.99800443649292,0.0,0.7031096816062927
12.22,-19.38043975830078,-7.99800443649292,0.0,0.7031096816062927
12.26,-21.76198387145996,-7.99800443649292,0.0,0.7910005450248718
12.280000000000001,-23.523818969726562,-7.99800443649292,0.0,0.7031096816062927
12.32,-24.15537452697754,-8.43748664855957,0.0,0.7910005450248718
12.36,-24.896085739135742,-9.843740463256836,0.0,0.7910005450248718
12.38,-24.923194885253906,-12.392548561096191,0.0,0.8788914680480957
12.42,-24.66753578186035,-14.765628814697266,0.0,0.8788914680480957
12.46,-23.625865936279297,-17.753864288330078,0.0,1.230454921722412
12.48,-23.625865936279297,-21.533201217651367,0.0,2.021472692489624
12.52,-20.799833297729492,-26.982406616210938,0.0,3.2519450187683105
12.56,-18.15032958984375,-32.95895767211914,0.0,4.482389450073242
12.58,-18.15032958984375,-40.25387191772461,0.0,5.712862014770508
12.620000000000001,-13.215261459350586,-47.373008728027344,0.0,7.031225204467773
12.64,-9.421920776367188,-53.525367736816406,0.0,8.349588394165039
12.68,-9.421920776367188,-59.941375732421875,0.0,9.580060958862305
12.72,-7.414235591888428,-64.68748474121094,0.0,10.458970069885254
12.74,1.013537883758545,-68.46676635742188,0.0,11.07420539855957
12.780000000000001,3.143022060394287,-70.13671875,0.0,11.337878227233887
12.82,7.320263862609863,-70.83984375,0.0,11.425768852233887
12.84,11.28687858581543,-70.9277114868164,0.0,11.513660430908203
12.88,13.154406547546387,-70.9277114868164,0.0,11.513660430908203
12.92,16.588945388793945,-70.9277114868164,0.0,11.513660430908203
12.94,19.539169311523438,-70.9277114868164,0.0,11.513660430908203
12.98,19.539169311523438,-70.9277114868164,0.0,11.513660430908203
13.02,22.8684024810791,-70.9277114868164,0.0,11.513660430908203
13.06,24.259624481201172,-70.9277114868164,0.0,11.513660430908203
13.1,24.935462951660156,-70.9277114868164,0.0,11.513660430908203
13.120000000000001,24.935462951660156,-70.57614135742188,0.0,11.513660430908203
13.16,24.566204071044922,-69.43359375,0.0,11.425768852233887
13.200000000000001,23.406007766723633,-68.11520385742188,0.0,11.337878227233887
13.22,23.406007766723633,-65.03904724121094,0.0,11.162096977233887
13.26,20.37616729736328,-61.523414611816406,0.0,10.722641944885254
13.280000000000001,17.581802368164062,-56.953086853027344,0.0,9.843733787536621
13.32,17.581802368164062,-49.48238754272461,0.0,8.437479972839355
13.36,12.432685852050781,-43.593727111816406,0.0,7.29489803314209
13.4,8.509387969970703,-37.792930603027344,0.0,6.152316093444824
13.42,4.328022003173828,-30.2343692779541,0.0,4.921844005584717
13.46,2.1793487071990967,-24.96091651916504,0.0,3.8671536445617676
13.48,-2.15351939201355,-21.621063232421875,0.0,2.9882724285125732
13.52,-2.15351939201355,-17.666000366210938,0.0,2.3730363845825195
13.56,-8.497566223144531,-15.996047019958496,0.0,2.1093637943267822
13.58,-12.437230110168457,-15.82026481628418,0.0,2.021472692489624
13.620000000000001,-12.437230110168457,-15.908183097839355,0.0,2.021472692489624
13.66,-17.613983154296875,-15.908183097839355,0.0,2.021472692489624
13.700000000000001,-20.42294692993164,-15.908183097839355,0.0,2.021472692489624
13.72,-20.42294692993164,-15.908183097839355,0.0,2.021472692489624
13.76,-23.457496643066406,-15.908183097839355,0.0,2.021472692489624
13.780000000000001,-24.60271453857422,-15.908183097839355,0.0,2.021472692489624
13.82,-24.60271453857422,-15.908183097839355,0.0,2.021472692489624
13.86,-24.91257667541504,-15.908183097839355,0.0,2.021472692489624
13.9,-24.16865348815918,-17.753864288330078,0.0,2.021472692489624
13.92,-22.685317993164062,-20.30272674560547,0.0,2.1093637943267822
13.96,-22.685317993164062,-24.87302589416504,0.0,2.636708974838257
14.0,-19.175270080566406,-29.091760635375977,0.0,3.515617609024048
14.040000000000001,-16.080833435058594,-34.453102111816406,0.0,4.482389450073242
14.06,-12.489535331726074,-41.044918060302734,0.0,5.712862014770508
14.1,-10.54122257232666,-47.02146911621094,0.0,6.855443477630615
14.14,-6.413752555847168,-52.47067642211914,0.0,7.910134315490723
14.18,-2.0849955081939697,-58.623043060302734,0.0,9.228497505187988
14.200000000000001,2.311692714691162,-62.40232467651367,0.0,10.019515037536621
14.24,4.493000030517578,-64.42381286621094,0.0,10.371078491210938
14.280000000000001,8.736912727355957,-65.21482849121094,0.0,10.546859741210938
14.3,12.713004112243652,-65.39060974121094,0.0,10.546859741210938
14.34,14.561366081237793,-65.39060974121094,0.0,10.546859741210938
14.38,17.906217575073242,-65.39060974121094,0.0,10.546859741210938
14.4,17.906217575073242,-65.39060974121094,0.0,10.546859741210938
14.44,21.853702545166016,-65.39060974121094,0.0,10.546859741210938
14.48,23.650293350219727,-65.39060974121094,0.0,10.546859741210938
14.5,24.708227157592773,-65.39060974121094,0.0,10.546859741210938
14.540000000000001,24.948347091674805,-64.42381286621094,0.0,10.546859741210938
14.58,24.840314865112305,-62.753883361816406,0.0,10.371078491210938
14.620000000000001,23.951751708984375,-59.238250732421875,0.0,10.283187866210938
14.64,23.951751708984375,-54.93162155151367,0.0,9.404278755187988
14.68,21.219051361083984,-49.48238754272461,0.0,8.349588394165039
14.72,18.545194625854492,-44.73630905151367,0.0,7.382789134979248
14.74,15.28328800201416,-38.320274353027344,0.0,6.240207195281982
14.780000000000001,15.28328800201416,-30.0585880279541,0.0,4.833953380584717
14.82,9.514993667602539,-24.257789611816406,0.0,3.779289960861206
14.84,5.262063026428223,-19.95116424560547,0.0,2.812490701675415
14.88,3.0629587173461914,-16.083965301513672,0.0,2.1093637943267822
14.92,-1.3933528661727905,-14.50192928314209,0.0,1.7578002214431763
14.96,-5.808806419372559,-12.832030296325684,0.0,1.4062366485595703
14.98,-5.808806419372559,-11.425776481628418,0.0,1.230454921722412
15.02,-12.048362731933594,-11.074212074279785,0.0,1.230454921722412
15.06,-15.757698059082031,-11.162075996398926,0.0,1.230454921722412
15.08,-15.757698059082031,-11.162075996398926,0.0,1.230454921722412
15.120000000000001,-20.34773826599121,-11.162075996398926,0.0,1.230454921722412
15.16,-22.613445281982422,-11.162075996398926,0.0,1.230454921722412
15.18,-22.613445281982422,-11.162075996398926,0.0,1.230454921722412
15.22,-24.635089874267578,-11.162075996398926,0.0,1.230454921722412
15.26,-24.999046325683594,-11.777339935302734,0.0,1.230454921722412
15.280000000000001,-24.878358840942383,-13.007811546325684,0.0,1.3183457851409912
15.32,-24.03533363342285,-14.765628814697266,0.0,1.4062366485595703
15.36,-22.41396141052246,-18.01756477355957,0.0,1.4062366485595703
15.38,-20.06494903564453,-21.884763717651367,0.0,2.021472692489624
15.42,-18.639997482299805,-26.806623458862305,0.0,3.1640541553497314
15.46,-15.346111297607422,-33.13473892211914,0.0,4.394498825073242
15.5,-11.550369262695312,-40.078094482421875,0.0,5.62497091293335
15.52,-11.550369262695312,-46.9335823059082,0.0,6.943334102630615
15.56,-5.187408447265625,-52.646461486816406,0.0,7.998025417327881
15.6,-0.6999840140342712,-57.2167854309082,0.0,9.052715301513672
15.620000000000001,3.813833236694336,-61.083984375,0.0,9.755843162536621
15.66,3.813833236694336,-63.80857849121094,0.0,10.283187866210938
15.700000000000001,10.31143569946289,-64.59959411621094,0.0,10.371078491210938
15.72,14.25317668914795,-64.68748474121094,0.0,10.458970069885254
15.76,14.25317668914795,-64.68748474121094,0.0,10.458970069885254
15.8,19.255617141723633,-64.68748474121094,0.0,10.458970069885254
15.82,21.82183074951172,-64.68748474121094,0.0,10.458970069885254
15.860000000000001,22.839954376220703,-64.68748474121094,0.0,10.458970069885254
15.9,24.30310821533203,-64.68748474121094,0.0,10.458970069885254
15.92,24.30310821533203,-64.68748474121094,0.0,10.458970069885254
15.96,24.9831485748291,-63.98435592651367,0.0,10.458970069885254
16.0,24.402036666870117,-62.49021530151367,0.0,10.283187866210938
16.02,23.009607315063477,-59.41403579711914,0.0,10.195296287536621
16.06,22.02201271057129,-56.3378791809082,0.0,9.667951583862305
16.1,19.504077911376953,-51.943336486816406,0.0,8.876934051513672
16.12,16.33356475830078,-46.75779724121094,0.0,7.910134315490723
16.16,14.535447120666504,-41.660125732421875,0.0,6.855443477630615
16.2,10.587862014770508,-35.15623092651367,0.0,5.800752639770508
16.22,6.282668590545654,-29.179677963256836,0.0,4.746062278747559
16.26,4.0404744148254395,-24.169925689697266,0.0,3.779289960861206
16.3,-0.529312014579773,-20.917936325073242,0.0,2.9882724285125732
16.32,-0.529312014579773,-17.490219116210938,0.0,2.3730363845825195
16.36,-7.309120178222656,-16.611310958862305,0.0,2.1972546577453613
16.4,-11.55689525604248,-16.699172973632812,0.0,2.1972546577453613
16.42,-15.417892456054688,-16.699172973632812,0.0,2.1972546577453613
16.46,-17.16166877746582,-16.699172973632812,0.0,2.1972546577453613
16.5,-20.201276779174805,-16.699172973632812,0.0,2.1972546577453613
16.52,-22.55880355834961,-16.699172973632812,0.0,2.1972546577453613
16.56,-23.455322265625,-16.699172973632812,0.0,2.1972546577453613
16.6,-24.644704818725586,-16.699172973632812,0.0,2.1972546577453613
16.62,-24.996829986572266,-17.578083038330078,0.0,2.1972546577453613
16.66,-24.853439331054688,-18.544910430908203,0.0,2.2851455211639404
16.7,-23.932636260986328,-21.0058536529541,0.0,2.3730363845825195
16.72,-22.19405174255371,-24.87302589416504,0.0,2.724599838256836
16.76,-21.0350284576416,-29.091760635375977,0.0,3.515617609024048
16.8,-18.18602180480957,-33.925758361816406,0.0,4.394498825073242
16.84,-14.711575508117676,-40.166011810302734,0.0,5.53708028793335
16.86,-12.775885581970215,-46.40623474121094,0.0,6.767552375793457
16.9,-8.589983940124512,-52.11911392211914,0.0,7.822243690490723
16.92,-4.105381488800049,-58.007781982421875,0.0,9.140606880187988
16.96,-4.105381488800049,-62.22654342651367,0.0,9.931624412536621
17.0,2.8433704376220703,-64.77537536621094,0.0,10.458970069885254
17.02,7.3909220695495605,-66.09373474121094,0.0,10.634751319885254
17.06,7.3909220695495605,-66.26951599121094,0.0,10.634751319885254
17.1,13.692238807678223,-66.26951599121094,0.0,10.634751319885254
17.14,17.333200454711914,-66.26951599121094,0.0,10.634751319885254
17.18,17.333200454711914,-66.35741424560547,0.0,10.634751319885254
17.2,22.710803985595703,-66.26951599121094,0.0,10.634751319885254
17.240000000000002,23.586870193481445,-66.26951599121094,0.0,10.634751319885254
17.28,24.716136932373047,-66.26951599121094,0.0,10.634751319885254
17.32,24.983531951904297,-66.09373474121094,0.0,10.722641944885254
17.34,24.377748489379883,-64.51170349121094,0.0,10.546859741210938
17.38,23.75223731994629,-62.314430236816406,0.0,10.458970069885254
17.42,21.882169723510742,-58.710906982421875,0.0,10.107406616210938
17.46,19.242834091186523,-53.876930236816406,0.0,9.228497505187988
17.48,19.242834091186523,-47.8124885559082,0.0,8.085916519165039
17.52,14.04727554321289,-42.451148986816406,0.0,7.031225204467773
17.56,9.934897422790527,-37.35350036621094,0.0,6.152316093444824
17.580000000000002,7.736557483673096,-30.937496185302734,0.0,5.009735107421875
17.62,3.1521151065826416,-25.751934051513672,0.0,4.042935371398926
17.66,-1.547206163406372,-21.796844482421875,0.0,3.0761632919311523
17.68,-6.195252418518066,-18.720691680908203,0.0,2.636708974838257
17.72,-8.448288917541504,-17.666000366210938,0.0,2.3730363845825195
17.76,-12.712101936340332,-17.314437866210938,0.0,2.3730363845825195
17.8,-16.52725601196289,-17.402299880981445,0.0,2.3730363845825195
17.82,-18.223085403442383,-17.402299880981445,0.0,2.3730363845825195
17.86,-21.11488914489746,-17.402299880981445,0.0,2.3730363845825195
17.900000000000002,-23.255510330200195,-17.402299880981445,0.0,2.3730363845825195
17.92,-24.5667724609375,-17.402299880981445,0.0,2.3730363845825195
17.96,-24.89493751525879,-17.402299880981445,0.0,2.3730363845825195
18.0,-24.880414962768555,-17.841781616210938,0.0,2.3730363845825195
18.04,-24.880414962768555,-19.599599838256836,0.0,2.3730363845825195
18.06,-23.193769454956055,-22.324190139770508,0.0,2.4609272480010986
18.1,-21.01546287536621,-25.927715301513672,0.0,2.9882724285125732
18.12,-18.078983306884766,-30.937496185302734,0.0,4.042935371398926
18.16,-18.078983306884766,-37.617149353027344,0.0,5.185516834259033
18.2,-12.487266540527344,-43.330055236816406,0.0,6.240207195281982
18.240000000000002,-8.16244888305664,-49.21874237060547,0.0,7.29489803314209
18.26,-5.877837181091309,-55.28318405151367,0.0,8.525370597839355
18.3,-1.1672496795654297,-60.11716079711914,0.0,9.580060958862305
18.32,3.589151382446289,-64.51170349121094,0.0,10.458970069885254
18.36,3.589151382446289,-67.41207885742188,0.0,10.898423194885254
18.400000000000002,12.552663803100586,-68.02733612060547,0.0,10.98631477355957
18.44,14.558704376220703,-68.02733612060547,0.0,10.98631477355957
18.48,18.156810760498047,-68.02733612060547,0.0,10.98631477355957
18.5,18.156810760498047,-68.02733612060547,0.0,10.98631477355957
18.54,22.280807495117188,-68.02733612060547,0.0,10.98631477355957
18.580000000000002,24.032485961914062,-68.02733612060547,0.0,10.98631477355957
18.6,24.032485961914062,-68.02733612060547,0.0,10.98631477355957
18.64,24.99907684326172,-68.02733612060547,0.0,10.98631477355957
18.68,24.498821258544922,-67.58785247802734,0.0,10.98631477355957
18.7,23.09701919555664,-66.18163299560547,0.0,10.898423194885254
18.740000000000002,22.072288513183594,-64.33592224121094,0.0,10.81053352355957
18.78,19.421236038208008,-61.611331939697266,0.0,10.722641944885254
18.8,16.051197052001953,-57.65621566772461,0.0,9.931624412536621
18.84,14.134065628051758,-52.73434829711914,0.0,9.140606880187988
18.88,9.923457145690918,-47.54878616333008,0.0,7.998025417327881
18.900000000000002,9.923457145690918,-41.748043060302734,0.0,6.943334102630615
18.94,2.9647655487060547,-37.2656135559082,0.0,6.152316093444824
18.98,-1.8527978658676147,-32.080047607421875,0.0,5.273407459259033
19.02,-6.604959964752197,-28.476551055908203,0.0,4.5702805519104
19.04,-8.900899887084961,-26.806623458862305,0.0,4.130825996398926
19.080000000000002,-13.225152969360352,-25.40036964416504,0.0,4.042935371398926
19.1,-17.058847427368164,-25.31247901916504,0.0,4.042935371398926
19.14,-17.058847427368164,-25.31247901916504,0.0,4.042935371398926
19.18,-21.579927444458008,-25.40036964416504,0.0,4.042935371398926
19.22,-23.607603073120117,-25.40036964416504,0.0,4.042935371398926
19.240000000000002,-24.750930786132812,-25.40036964416504,0.0,3.9550445079803467
19.28,-24.750930786132812,-26.191389083862305,0.0,4.042935371398926
19.32,-24.71904182434082,-27.421859741210938,0.0,4.042935371398926
19.34,-23.531391143798828,-29.35546112060547,0.0,4.130825996398926
19.38,-22.600419998168945,-32.51950454711914,0.0,4.306607723236084
19.400000000000002,-20.106908798217773,-36.21092224121094,0.0,4.921844005584717
19.44,-18.56751823425293,-40.517574310302734,0.0,5.712862014770508
19.48,-14.975235939025879,-45.61521530151367,0.0,6.679661750793457
19.5,-10.813090324401855,-52.382789611816406,0.0,7.910134315490723
19.54,-10.813090324401855,-58.974605560302734,0.0,9.316388130187988
19.580000000000002,-8.56656551361084,-64.24803161621094,0.0,10.283187866210938
19.62,-8.56656551361084,-68.37889862060547,0.0,11.07420539855957
19.66,5.851208209991455,-69.2578125,0.0,11.162096977233887
19.68,10.463889122009277,-69.69723510742188,0.0,11.24998664855957
19.72,10.463889122009277,-69.69723510742188,0.0,11.24998664855957
19.76,12.632186889648438,-69.69723510742188,0.0,11.24998664855957
19.78,19.912952423095703,-69.69723510742188,0.0,11.162096977233887
19.82,21.296852111816406,-69.69723510742188,0.0,11.24998664855957
19.84,23.44065284729004,-69.69723510742188,0.0,11.24998664855957
19.88,24.179475784301758,-69.69723510742188,0.0,11.24998664855957
19.92,24.954238891601562,-69.69723510742188,0.0,11.24998664855957
19.94,24.769067764282227,-69.69723510742188,0.0,11.24998664855957
19.98,24.769067764282227,-69.16989135742188,0.0,11.24998664855957
20.02,22.712621688842773,-67.58785247802734,0.0,11.162096977233887
20.06,20.230087280273438,-65.21482849121094,0.0,11.07420539855957
20.080000000000002,16.963180541992188,-61.699195861816406,0.0,10.722641944885254
20.12,15.073531150817871,-57.30465316772461,0.0,9.931624412536621
20.16,10.87255573272705,-52.03122329711914,0.0,8.964824676513672
20.18,6.246464252471924,-46.40623474121094,0.0,7.910134315490723
20.22,3.829439401626587,-41.572265625,0.0,6.855443477630615
20.26,-1.0953046083450317,-37.35350036621094,0.0,6.152316093444824
20.28,-3.5550148487091064,-32.78317642211914,0.0,5.361298561096191
20.32,-8.349129676818848,-29.70702362060547,0.0,4.833953380584717
20.34,-12.820631980895996,-27.86128807067871,0.0,4.482389450073242
20.38,-14.8798828125,-27.158187866210938,0.0,4.306607723236084
20.42,-18.543949127197266,-27.158187866210938,0.0,4.306607723236084
20.44,-21.483903884887695,-27.158187866210938,0.0,4.306607723236084
20.48,-22.64457130432129,-27.158187866210938,0.0,4.306607723236084
20.52,-24.28915786743164,-27.158187866210938,0.0,4.306607723236084
20.56,-24.97964096069336,-27.158187866210938,0.0,4.306607723236084
20.580000000000002,-24.97964096069336,-28.21285057067871,0.0,4.394498825073242
20.62,-24.17304039001465,-30.146451950073242,0.0,4.482389450073242
20.66,-22.434974670410156,-32.60739517211914,0.0,4.394498825073242
20.68,-19.808916091918945,-36.29881286621094,0.0,5.009735107421875
20.72,-18.19349479675293,-40.25387191772461,0.0,5.62497091293335
20.76,-14.436837196350098,-45.08787155151367,0.0,6.503879547119141
20.78,-10.104865074157715,-50.097652435302734,0.0,7.470679759979248
20.82,-7.77579402923584,-55.45896911621094,0.0,8.525370597839355
20.86,-2.906716823577881,-60.11716079711914,0.0,9.580060958862305
20.88,-0.41512370109558105,-63.80857849121094,0.0,10.283187866210938
20.92,4.55821418762207,-66.18163299560547,0.0,10.634751319885254
20.94,9.353206634521484,-67.23629760742188,0.0,10.81053352355957
20.98,11.623374938964844,-67.32421112060547,0.0,10.81053352355957
21.02,15.79507827758789,-67.32421112060547,0.0,10.81053352355957
21.04,19.33735466003418,-67.32421112060547,0.0,10.81053352355957
21.080000000000002,20.826528549194336,-67.32421112060547,0.0,10.81053352355957
21.12,23.165210723876953,-67.32421112060547,0.0,10.81053352355957
21.14,23.165210723876953,-67.32421112060547,0.0,10.81053352355957
21.18,23.990726470947266,-67.23629760742188,0.0,10.81053352355957
21.22,24.829669952392578,-66.79686737060547,0.0,10.81053352355957
21.240000000000002,23.746807098388672,-65.39060974121094,0.0,10.81053352355957
21.28,22.84139060974121,-63.45701217651367,0.0,10.634751319885254
21.32,20.347068786621094,-60.380859375,0.0,10.458970069885254
21.34,17.027732849121094,-56.07420349121094,0.0,9.667951583862305
21.38,15.098987579345703,-50.800777435302734,0.0,8.701151847839355
21.42,10.800220489501953,-45.96678161621094,0.0,7.7343525886535645
21.44,6.059924602508545,-40.341793060302734,0.0,6.679661750793457
21.48,3.5836308002471924,-34.89255905151367,0.0,5.62497091293335
21.52,-1.4555805921554565,-30.849578857421875,0.0,5.009735107421875
21.54,-6.438985347747803,-27.158187866210938,0.0,4.306607723236084
21.580000000000002,-8.845885276794434,-25.136699676513672,0.0,3.8671536445617676
21.62,-13.366846084594727,-24.169925689697266,0.0,3.691399097442627
21.64,-17.344369888305664,-23.994144439697266,0.0,3.691399097442627
21.68,-19.077049255371094,-23.994144439697266,0.0,3.603508234024048
21.72,-21.94053840637207,-23.994144439697266,0.0,3.603508234024048
21.740000000000002,-23.905710220336914,-23.994144439697266,0.0,3.691399097442627
21.78,-23.905710220336914,-23.994144439697266,0.0,3.691399097442627
21.82,-24.99925422668457,-24.082008361816406,0.0,3.691399097442627
21.86,-24.445362091064453,-25.22458839416504,0.0,3.691399097442627
21.88,-23.787330627441406,-27.24608039855957,0.0,3.779289960861206
21.92,-21.741729736328125,-29.79488754272461,0.0,3.8671536445617676
21.96,-18.79631996154785,-33.925758361816406,0.0,4.482389450073242
21.98,-18.79631996154785,-38.93553924560547,0.0,5.449189186096191
22.02,-12.962687492370605,-44.82419967651367,0.0,6.503879547119141
22.06,-8.3627290725708,-50.009735107421875,0.0,7.470679759979248
22.080000000000002,-3.4123566150665283,-56.51365661621094,0.0,8.876934051513672
22.12,-0.8694978952407837,-60.99606704711914,0.0,9.667951583862305
22.16,4.219442367553711,-64.42381286621094,0.0,10.371078491210938
22.18,4.219442367553711,-66.88472747802734,0.0,10.81053352355957
22.22,11.465044021606445,-67.58785247802734,0.0,10.898423194885254
22.26,15.742240905761719,-67.58785247802734,0.0,10.898423194885254
22.28,19.364151000976562,-67.58785247802734,0.0,10.898423194885254
22.32,20.880319595336914,-67.58785247802734,0.0,10.898423194885254
22.36,23.242599487304688,-67.58785247802734,0.0,10.898423194885254
22.38,24.631296157836914,-67.58785247802734,0.0,10.898423194885254
22.42,24.940013885498047,-67.58785247802734,0.0,10.898423194885254
22.46,24.76862335205078,-67.58785247802734,0.0,10.898423194885254
22.48,23.554288864135742,-66.79686737060547,0.0,10.898423194885254
22.52,22.56966209411621,-65.56639099121094,0.0,10.81053352355957
22.56,19.896156311035156,-63.72068405151367,0.0,10.722641944885254
22.580000000000002,16.380247116088867,-60.205078125,0.0,10.458970069885254
22.62,14.351080894470215,-56.8652229309082,0.0,9.843733787536621
22.66,9.856857299804688,-51.943336486816406,0.0,8.964824676513672
22.68,4.9416985511779785,-46.14256286621094,0.0,7.822243690490723
22.72,2.390718698501587,-41.748043060302734,0.0,6.855443477630615
22.76,-2.7628016471862793,-37.8808479309082,0.0,6.240207195281982
22.78,-7.8022966384887695,-33.13473892211914,0.0,5.449189186096191
22.82,-10.211709022521973,-31.640623092651367,0.0,5.009735107421875
22.86,-14.681004524230957,-30.4101505279541,0.0,4.833953380584717
22.88,-18.526655197143555,-29.70702362060547,0.0,4.833953380584717
22.92,-20.162620544433594,-29.79488754272461,0.0,4.833953380584717
22.94,-22.772315979003906,-29.79488754272461,0.0,4.833953380584717
22.98,-23.71757698059082,-29.79488754272461,0.0,4.833953380584717
23.02,-24.837018966674805,-29.79488754272461,0.0,4.833953380584717
23.04,-24.891189575195312,-29.79488754272461,0.0,4.833953380584717
23.080000000000002,-24.51558494567871,-31.376922607421875,0.0,4.833953380584717
23.12,-22.97782325744629,-32.95895767211914,0.0,4.921844005584717
23.14,-20.449420928955078,-36.56248474121094,0.0,5.009735107421875
23.18,-20.449420928955078,-40.781219482421875,0.0,5.712862014770508
23.22,-15.044159889221191,-45.61521530151367,0.0,6.591770648956299
23.26,-10.590021133422852,-50.53708267211914,0.0,7.558570861816406
23.28,-5.674609184265137,-56.51365661621094,0.0,8.876934051513672
23.32,-3.109633684158325,-61.17184829711914,0.0,9.755843162536621
23.36,2.0960867404937744,-64.95115661621094,0.0,10.458970069885254
23.38,7.214294910430908,-67.93942260742188,0.0,10.98631477355957
23.42,9.67059326171875,-68.29098510742188,0.0,10.98631477355957
23.46,14.243535995483398,-68.37889862060547,0.0,10.98631477355957
23.48,18.198972702026367,-68.37889862060547,0.0,10.98631477355957
23.52,21.363073348999023,-68.37889862060547,0.0,11.07420539855957
23.56,22.603160858154297,-68.37889862060547,0.0,10.98631477355957
23.6,24.330440521240234,-68.37889862060547,0.0,11.07420539855957
23.62,24.993776321411133,-68.37889862060547,0.0,10.98631477355957
23.66,24.914836883544922,-68.29098510742188,0.0,10.98631477355957
23.7,23.938684463500977,-67.85155487060547,0.0,10.98631477355957
23.72,21.91037940979004,-66.26951599121094,0.0,10.898423194885254
23.76,20.52715492248535,-64.24803161621094,0.0,10.81053352355957
23.8,17.097482681274414,-61.435550689697266,0.0,10.722641944885254
23.82,17.097482681274414,-56.8652229309082,0.0,9.843733787536621
23.86,15.088465690612793,-50.36129379272461,0.0,8.613261222839355
23.900000000000002,5.624607086181641,-45.17576217651367,0.0,7.6464619636535645
23.94,0.4052518904209137,-39.81444549560547,0.0,6.591770648956299
23.96,-4.835525035858154,-32.87106704711914,0.0,5.361298561096191
24.0,-7.391122341156006,-28.915977478027344,0.0,4.5702805519104
24.04,-12.230666160583496,-25.04880714416504,0.0,3.9550445079803467
24.060000000000002,-16.530006408691406,-22.324190139770508,0.0,3.2519450187683105
24.1,-16.530006408691406,-21.0058536529541,0.0,3.0761632919311523
24.14,-21.553861618041992,-21.0058536529541,0.0,2.9882724285125732
24.18,-23.733097076416016,-21.0058536529541,0.0,2.9882724285125732
24.22,-24.854328155517578,-21.0058536529541,0.0,2.9882724285125732
24.240000000000002,-24.86530876159668,-21.0058536529541,0.0,2.9882724285125732
24.28,-24.451648712158203,-21.0058536529541,0.0,2.9882724285125732
24.32,-22.807798385620117,-21.0058536529541,0.0,2.9882724285125732
24.34,-20.139930725097656,-21.0058536529541,0.0,2.9882724285125732
24.38,-18.457111358642578,-22.236328125,0.0,2.9882724285125732
24.42,-14.48714542388916,-24.257789611816406,0.0,3.0761632919311523
24.44,-14.48714542388916,-27.59764289855957,0.0,3.2519450187683105
24.48,-7.3687028884887695,-31.289058685302734,0.0,4.042935371398926
24.52,-2.1575634479522705,-35.59568405151367,0.0,4.833953380584717
24.560000000000002,-2.1575634479522705,-40.957000732421875,0.0,5.712862014770508
24.580000000000002,0.5008247494697571,-45.52732849121094,0.0,6.591770648956299
24.62,0.5008247494697571,-48.60348129272461,0.0,7.119115829467773
24.66,15.317026138305664,-50.185516357421875,0.0,7.470679759979248
24.7,19.154434204101562,-50.888641357421875,0.0,7.558570861816406
24.72,19.154434204101562,-50.976558685302734,0.0,7.558570861816406
24.76,23.239511489868164,-50.976558685302734,0.0,7.558570861816406
24.8,24.66559600830078,-50.976558685302734,0.0,7.558570861816406
24.82,24.968534469604492,-50.976558685302734,0.0,7.558570861816406
24.86,24.691770553588867,-50.888641357421875,0.0,7.558570861816406
24.900000000000002,23.296165466308594,-50.009735107421875,0.0,7.558570861816406
24.92,22.19276237487793,-48.33983612060547,0.0,7.470679759979248
24.96,19.236562728881836,-46.05466842651367,0.0,7.382789134979248
25.0,15.397103309631348,-42.53903579711914,0.0,7.031225204467773
25.02,15.397103309631348,-38.496055603027344,0.0,6.328097820281982
25.060000000000002,13.199252128601074,-32.51950454711914,0.0,5.273407459259033
25.1,3.1579344272613525,-27.24608039855957,0.0,4.218717098236084
25.14,-2.205488681793213,-23.02731704711914,0.0,3.4277267456054688
25.16,-7.470763206481934,-18.63277244567871,0.0,2.5488181114196777
25.2,-7.470763206481934,-16.259746551513672,0.0,2.1972546577453613
25.240000000000002,-9.990142822265625,-16.171829223632812,0.0,2.1093637943267822
25.28,-14.656468391418457,-16.259746551513672,0.0,2.1093637943267822
25.3,-21.778913497924805,-16.259746551513672,0.0,2.1093637943267822
25.34,-22.9738712310791,-16.259746551513672,0.0,2.1093637943267822
25.38,-24.552324295043945,-16.259746551513672,0.0,2.1093637943267822
25.400000000000002,-24.552324295043945,-16.259746551513672,0.0,2.1093637943267822
25.44,-24.77419662475586,-16.259746551513672,0.0,2.1093637943267822
25.48,-23.478260040283203,-16.259746551513672,0.0,2.1093637943267822
25.5,-21.087236404418945,-16.962873458862305,0.0,2.1093637943267822
25.54,-19.51338005065918,-18.544910430908203,0.0,2.1972546577453613
25.580000000000002,-15.69968318939209,-20.4785099029541,0.0,2.2851455211639404
25.6,-13.504105567932129,-23.818361282348633,0.0,2.4609272480010986
25.64,-8.663061141967773,-28.21285057067871,0.0,3.4277267456054688
25.66,-3.4130053520202637,-32.69528579711914,0.0,4.306607723236084
25.7,-0.7108479738235474,-36.73826599121094,0.0,5.009735107421875
25.740000000000002,4.689291954040527,-40.517574310302734,0.0,5.62497091293335
25.78,4.689291954040527,-44.648414611816406,0.0,6.415988922119141
25.8,7.323644638061523,-45.96678161621094,0.0,6.679661750793457
25.84,16.71139144897461,-46.58201599121094,0.0,6.767552375793457
25.88,20.33184051513672,-46.58201599121094,0.0,6.767552375793457
25.900000000000002,20.33184051513672,-46.58201599121094,0.0,6.767552375793457
25.94,23.92488670349121,-46.58201599121094,0.0,6.767552375793457
25.98,24.92716407775879,-46.58201599121094,0.0,6.767552375793457
26.0,24.92716407775879,-46.23045349121094,0.0,6.767552375793457
26.04,24.21731185913086,-45.26365661621094,0.0,6.767552375793457
26.080000000000002,22.297969818115234,-43.85740280151367,0.0,6.591770648956299
26.1,19.317604064941406,-41.572265625,0.0,6.591770648956299
26.14,17.47139549255371,-39.11132049560547,0.0,6.415988922119141
26.18,13.17575740814209,-35.59568405151367,0.0,5.800752639770508
26.2,8.249104499816895,-30.5859317779541,0.0,5.009735107421875
26.240000000000002,5.621366500854492,-25.664043426513672,0.0,4.042935371398926
26.26,0.19358469545841217,-22.763671875,0.0,3.2519450187683105
26.3,-2.5414810180664062,-19.775381088256836,0.0,2.724599838256836
26.34,-7.8902459144592285,-18.10542869567871,0.0,2.3730363845825195
26.36,-12.86424446105957,-17.314437866210938,0.0,2.3730363845825195
26.400000000000002,-12.86424446105957,-17.314437866210938,0.0,2.3730363845825195
26.44,-19.106334686279297,-17.402299880981445,0.0,2.3730363845825195
26.48,-22.16157341003418,-17.402299880981445,0.0,2.3730363845825195
26.5,-24.15172576904297,-17.402299880981445,0.0,2.3730363845825195
26.54,-24.71462631225586,-17.402299880981445,0.0,2.3730363845825195
26.580000000000002,-24.940719604492188,-17.402299880981445,0.0,2.3730363845825195
26.6,-23.962230682373047,-18.28120994567871,0.0,2.3730363845825195
26.64,-23.033092498779297,-20.21480941772461,0.0,2.4609272480010986
26.68,-20.349868774414062,-22.939455032348633,0.0,2.4609272480010986
26.7,-20.349868774414062,-27.509750366210938,0.0,3.2519450187683105
26.740000000000002,-14.526219367980957,-31.904268264770508,0.0,4.218717098236084
26.78,-9.716699600219727,-36.91404724121094,0.0,5.097625732421875
26.8,-9.716699600219727,-43.769508361816406,0.0,6.328097820281982
26.84,-1.6904970407485962,-48.251914978027344,0.0,7.031225204467773
26.88,3.8228399753570557,-52.998023986816406,0.0,7.998025417327881
26.92,9.15322494506836,-56.6015510559082,0.0,8.789043426513672
26.94,11.667683601379395,-58.798824310302734,0.0,9.228497505187988
26.98,16.24094009399414,-59.765594482421875,0.0,9.404278755187988
27.0,20.0224552154541,-60.029296875,0.0,9.492170333862305
27.04,21.556182861328125,-60.029296875,0.0,9.492170333862305
27.080000000000002,23.81438446044922,-60.029296875,0.0,9.492170333862305
27.12,24.90509033203125,-60.029296875,0.0,9.492170333862305
27.16,24.772464752197266,-60.029296875,0.0,9.492170333862305
27.2,24.772464752197266,-60.029296875,0.0,9.492170333862305
27.22,22.305437088012695,-58.974605560302734,0.0,9.492170333862305
27.26,19.2635498046875,-57.2167854309082,0.0,9.316388130187988
27.28,15.268754959106445,-53.78904342651367,0.0,9.228497505187988
27.32,15.268754959106445,-49.30660629272461,0.0,8.349588394165039
27.36,7.928579330444336,-45.61521530151367,0.0,7.6464619636535645
27.400000000000002,2.4877798557281494,-41.132781982421875,0.0,6.767552375793457
27.42,2.4877798557281494,-36.56248474121094,0.0,6.064425468444824
27.46,-5.824725151062012,-32.43161392211914,0.0,5.273407459259033
27.5,-11.06611442565918,-30.5859317779541,0.0,5.009735107421875
27.52,-11.06611442565918,-28.300769805908203,0.0,4.482389450073242
27.560000000000002,-17.82743263244629,-27.77342414855957,0.0,4.482389450073242
27.6,-21.272001266479492,-27.86128807067871,0.0,4.482389450073242
27.62,-21.272001266479492,-27.86128807067871,0.0,4.482389450073242
27.66,-24.412382125854492,-27.86128807067871,0.0,4.482389450073242
27.7,-24.99941062927246,-27.86128807067871,0.0,4.482389450073242
27.72,-24.335289001464844,-28.652334213256836,0.0,4.482389450073242
27.76,-23.541278839111328,-29.97066879272461,0.0,4.482389450073242
27.8,-21.077720642089844,-32.16796875,0.0,4.6581711769104
27.84,-17.554096221923828,-35.59568405151367,0.0,4.833953380584717
27.86,-13.145586013793945,-39.46288299560547,0.0,5.449189186096191
27.900000000000002,-10.676863670349121,-44.12107467651367,0.0,6.328097820281982
27.94,-5.365242958068848,-48.42770004272461,0.0,7.119115829467773
27.96,0.2203224152326584,-53.78904342651367,0.0,8.173807144165039
28.0,3.0280232429504395,-57.74413299560547,0.0,9.052715301513672
28.04,8.495793342590332,-60.46872329711914,0.0,9.580060958862305
28.060000000000002,13.537059783935547,-62.49021530151367,0.0,10.019515037536621
28.1,15.816505432128906,-63.19334411621094,0.0,10.107406616210938
28.14,19.74769401550293,-63.19334411621094,0.0,10.107406616210938
28.16,22.67890739440918,-63.19334411621094,0.0,10.107406616210938
28.2,23.720184326171875,-63.19334411621094,0.0,10.107406616210938
28.240000000000002,24.88649559020996,-63.19334411621094,0.0,10.107406616210938
28.26,24.996065139770508,-63.19334411621094,0.0,10.107406616210938
28.3,24.786293029785156,-63.19334411621094,0.0,10.107406616210938
28.34,22.284963607788086,-61.874977111816406,0.0,10.107406616210938
28.38,19.17081642150879,-59.677730560302734,0.0,9.931624412536621
28.400000000000002,15.074262619018555,-56.7773323059082,0.0,9.843733787536621
28.44,12.720849990844727,-52.998023986816406,0.0,9.140606880187988
28.48,7.553666591644287,-48.69139862060547,0.0,8.261697769165039
28.5,1.9957551956176758,-43.769508361816406,0.0,7.29489803314209
28.54,-0.8411521911621094,-40.166011810302734,0.0,6.591770648956299
28.580000000000002,-6.4486260414123535,-36.47459411621094,0.0,6.064425468444824
28.6,-11.72767448425293,-32.69528579711914,0.0,5.361298561096191
28.64,-14.157817840576172,-31.640623092651367,0.0,5.097625732421875
28.68,-18.441930770874023,-30.937496185302734,0.0,5.009735107421875
28.7,-21.77659797668457,-30.937496185302734,0.0,5.009735107421875
28.740000000000002,-23.03131103515625,-30.937496185302734,0.0,5.009735107421875
28.78,-24.633018493652344,-30.937496185302734,0.0,5.009735107421875
28.8,-24.960046768188477,-30.937496185302734,0.0,5.009735107421875
28.84,-24.636884689331055,-30.937496185302734,0.0,5.009735107421875
28.88,-23.03667449951172,-32.60739517211914,0.0,5.009735107421875
28.900000000000002,-20.23877716064453,-34.71677780151367,0.0,5.097625732421875
28.94,-18.433210372924805,-37.617149353027344,0.0,5.185516834259033
28.98,-14.125143051147461,-40.517574310302734,0.0,5.62497091293335
29.0,-14.125143051147461,-45.17576217651367,0.0,6.503879547119141
29.04,-6.358681678771973,-49.30660629272461,0.0,7.29489803314209
29.080000000000002,-0.7036489844322205,-54.75584411621094,0.0,8.349588394165039
29.12,4.9916205406188965,-59.589813232421875,0.0,9.404278755187988
29.14,7.760908603668213,-62.66599655151367,0.0,10.019515037536621
29.18,12.961119651794434,-64.59959411621094,0.0,10.371078491210938
29.22,12.961119651794434,-65.39060974121094,0.0,10.546859741210938
29.240000000000002,19.416831970214844,-65.39060974121094,0.0,10.546859741210938
29.28,22.492727279663086,-65.39060974121094,0.0,10.546859741210938
29.3,24.387489318847656,-65.39060974121094,0.0,10.546859741210938
29.34,24.857494354248047,-65.39060974121094,0.0,10.546859741210938
29.38,24.810302734375,-65.39060974121094,0.0,10.546859741210938
29.400000000000002,23.454153060913086,-65.39060974121094,0.0,10.546859741210938
29.44,22.304218292236328,-65.30272674560547,0.0,10.546859741210938
29.48,19.135217666625977,-64.16014099121094,0.0,10.458970069885254
29.5,14.951654434204102,-62.050758361816406,0.0,10.371078491210938
29.54,12.546276092529297,-59.238250732421875,0.0,10.283187866210938
29.560000000000002,7.266909122467041,-56.3378791809082,0.0,9.755843162536621
29.6,4.462906360626221,-51.943336486816406,0.0,8.876934051513672
29.64,-1.287912130355835,-48.251914978027344,0.0,8.173807144165039
29.66,-6.973721504211426,-44.91209030151367,0.0,7.558570861816406
29.7,-6.973721504211426,-42.62692642211914,0.0,7.031225204467773
29.740000000000002,-14.722689628601074,-41.572265625,0.0,6.855443477630615
29.78,-18.965993881225586,-41.220703125,0.0,6.767552375793457
29.82,-22.198896408081055,-41.132781982421875,0.0,6.767552375793457
29.84,-24.24666404724121,-41.132781982421875,0.0,6.767552375793457
29.88,-24.24666404724121,-41.220703125,0.0,6.767552375793457
29.92,-24.870431900024414,-41.220703125,0.0,6.767552375793457
29.96,-23.618364334106445,-41.572265625,0.0,6.767552375793457
29.98,-21.09713363647461,-44.12107467651367,0.0,6.943334102630615
30.02,-19.39971351623535,-46.6699104309082,0.0,6.943334102630615
30.060000000000002,-15.24419116973877,-50.097652435302734,0.0,7.470679759979248
30.080000000000002,-15.24419116973877,-54.93162155151367,0.0,8.437479972839355
30.12,-12.84175968170166,-60.11716079711914,0.0,9.492170333862305
30.16,-1.844832181930542,-64.86326599121094,0.0,10.458970069885254
30.2,3.9620165824890137,-68.99411010742188,0.0,11.162096977233887
30.240000000000002,9.558012008666992,-71.4550552368164,0.0,11.513660430908203
30.26,9.558012008666992,-72.86131286621094,0.0,11.86522388458252
30.3,16.89971160888672,-73.47654724121094,0.0,11.953113555908203
30.32,20.70398712158203,-73.74021911621094,0.0,11.953113555908203
30.36,22.19594383239746,-73.74021911621094,0.0,11.953113555908203
30.400000000000002,24.25678253173828,-73.74021911621094,0.0,11.953113555908203
30.42,24.998600006103516,-73.74021911621094,0.0,11.953113555908203
30.46,24.858604431152344,-73.74021911621094,0.0,11.953113555908203
30.5,23.564802169799805,-73.74021911621094,0.0,11.953113555908203
30.52,22.4280948638916,-73.74021911621094,0.0,11.953113555908203
30.560000000000002,19.25127410888672,-73.56443786621094,0.0,11.953113555908203
30.580000000000002,15.01965618133545,-72.7734146118164,0.0,11.953113555908203
30.62,12.578156471252441,-72.0702896118164,0.0,11.86522388458252
30.64,7.21015739440918,-71.015625,0.0,11.86522388458252
30.68,7.21015739440918,-69.43359375,0.0,11.777332305908203
30.72,-1.4911352396011353,-67.49999237060547,0.0,11.777332305908203
30.740000000000002,-7.261020183563232,-64.68748474121094,0.0,11.337878227233887
30.78,-7.261020183563232,-61.34762954711914,0.0,10.722641944885254
30.82,-15.079150199890137,-58.35934066772461,0.0,10.107406616210938
30.84,-19.313430786132812,-56.51365661621094,0.0,9.843733787536621
30.88,-19.313430786132812,-54.49216842651367,0.0,9.404278755187988
30.92,-21.04436492919922,-53.701148986816406,0.0,9.228497505187988
30.94,-24.87773895263672,-53.437477111816406,0.0,9.228497505187988
30.98,-24.87773895263672,-53.437477111816406,0.0,9.228497505187988
31.02,-24.192169189453125,-53.437477111816406,0.0,9.228497505187988
31.060000000000002,-22.046756744384766,-53.437477111816406,0.0,9.228497505187988
31.080000000000002,-22.046756744384766,-54.22849655151367,0.0,9.228497505187988
31.12,-16.586515426635742,-55.72263717651367,0.0,9.316388130187988
31.16,-11.743653297424316,-57.48043441772461,0.0,9.316388130187988
31.18,-11.743653297424316,-59.765594482421875,0.0,9.492170333862305
31.220000000000002,-3.342191696166992,-62.578102111816406,0.0,10.019515037536621
31.240000000000002,2.5629477500915527,-65.03904724121094,0.0,10.458970069885254
31.28,2.5629477500915527,-67.23629760742188,0.0,10.81053352355957
31.32,5.483684062957764,-67.93942260742188,0.0,10.98631477355957
31.34,16.015209197998047,-68.02733612060547,0.0,10.98631477355957
31.38,16.015209197998047,-68.02733612060547,0.0,10.98631477355957
31.42,21.701396942138672,-68.02733612060547,0.0,10.98631477355957
31.44,24.01235580444336,-68.02733612060547,0.0,10.98631477355957
31.48,24.01235580444336,-68.02733612060547,0.0,10.98631477355957
31.52,24.930665969848633,-67.93942260742188,0.0,10.98631477355957
31.560000000000002,23.79035758972168,-67.93942260742188,0.0,10.98631477355957
31.580000000000002,21.308570861816406,-66.88472747802734,0.0,10.898423194885254
31.62,19.60485076904297,-65.47850036621094,0.0,10.81053352355957
31.66,15.390727043151855,-63.63279724121094,0.0,10.81053352355957
31.68,10.304134368896484,-60.029296875,0.0,10.458970069885254
31.720000000000002,7.521605014801025,-56.7773323059082,0.0,9.843733787536621
31.76,1.6745059490203857,-52.29489517211914,0.0,9.052715301513672
31.78,-4.270955562591553,-47.900352478027344,0.0,8.173807144165039
31.82,-7.174892902374268,-45.17576217651367,0.0,7.6464619636535645
31.86,-12.638627052307129,-43.505836486816406,0.0,7.29489803314209
31.88,-12.638627052307129,-42.53903579711914,0.0,7.119115829467773
31.92,-15.12028980255127,-42.53903579711914,0.0,7.119115829467773
31.96,-22.588369369506836,-42.62692642211914,0.0,7.119115829467773
32.0,-24.484508514404297,-42.53903579711914,0.0,7.031225204467773
32.02,-24.983675003051758,-42.62692642211914,0.0,7.031225204467773
32.06,-24.69650650024414,-43.154273986816406,0.0,7.119115829467773
32.1,-23.067636489868164,-43.85740280151367,0.0,7.119115829467773
32.12,-20.11673927307129,-46.14256286621094,0.0,7.20700740814209
32.160000000000004,-20.11673927307129,-49.30660629272461,0.0,7.29489803314209
32.22,-18.194931030273438,-54.316383361816406,0.0,8.349588394165039
32.24,-5.321444034576416,-59.326171875,0.0,9.404278755187988
32.28,-5.321444034576416,-64.59959411621094,0.0,10.458970069885254
32.32,3.644268751144409,-68.73046875,0.0,11.162096977233887
32.34,9.435236930847168,-70.40036010742188,0.0,11.425768852233887
32.38,9.435236930847168,-71.2792739868164,0.0,11.513660430908203
32.42,17.010257720947266,-71.6308364868164,0.0,11.601550102233887
32.44,20.892192840576172,-71.6308364868164,0.0,11.601550102233887
32.480000000000004,20.892192840576172,-71.6308364868164,0.0,11.601550102233887
32.52,24.399871826171875,-71.6308364868164,0.0,11.601550102233887
32.56,24.9940242767334,-71.7187271118164,0.0,11.601550102233887
32.58,24.137598037719727,-71.7187271118164,0.0,11.601550102233887
32.62,23.176921844482422,-71.6308364868164,0.0,11.601550102233887
32.660000000000004,20.258975982666016,-71.6308364868164,0.0,11.601550102233887
32.68,16.159839630126953,-71.6308364868164,0.0,11.601550102233887
32.72,13.738985061645508,-71.015625,0.0,11.601550102233887
32.76,8.330266952514648,-69.87301635742188,0.0,11.513660430908203
32.78,2.4320080280303955,-67.93942260742188,0.0,11.425768852233887
32.82,2.4320080280303955,-65.30272674560547,0.0,11.337878227233887
32.86,-6.577676773071289,-63.19334411621094,0.0,10.98631477355957
32.9,-12.179766654968262,-60.820289611816406,0.0,10.546859741210938
32.92,-17.07096290588379,-58.886688232421875,0.0,10.195296287536621
32.96,-19.15778350830078,-58.53512191772461,0.0,10.195296287536621
33.0,-22.45947265625,-58.53512191772461,0.0,10.107406616210938
33.04,-24.442378997802734,-58.53512191772461,0.0,10.195296287536621
33.08,-24.442378997802734,-58.53512191772461,0.0,10.107406616210938
33.1,-24.70660972595215,-58.53512191772461,0.0,10.195296287536621
33.14,-23.05720329284668,-58.53512191772461,0.0,10.107406616210938
33.18,-20.045482635498047,-60.11716079711914,0.0,10.195296287536621
33.22,-20.045482635498047,-62.84177780151367,0.0,10.283187866210938
33.24,-18.080738067626953,-65.65428161621094,0.0,10.546859741210938
33.28,-7.8794846534729,-68.81832885742188,0.0,11.07420539855957
33.32,-1.9111634492874146,-71.015625,0.0,11.513660430908203
33.34,4.174004077911377,-73.03709411621094,0.0,11.86522388458252
33.38,7.147192001342773,-74.88279724121094,0.0,12.216787338256836
33.42,12.733406066894531,-76.55272674560547,0.0,12.480459213256836
33.44,12.733406066894531,-77.51950073242188,0.0,12.656241416931152
33.480000000000004,19.604930877685547,-77.69527435302734,0.0,12.656241416931152
33.52,22.780521392822266,-77.783203125,0.0,12.656241416931152
33.54,24.59797477722168,-77.783203125,0.0,12.656241416931152
33.58,24.959346771240234,-77.69527435302734,0.0,12.656241416931152
33.62,24.558765411376953,-77.69527435302734,0.0,12.656241416931152
33.64,24.558765411376953,-77.51950073242188,0.0,12.656241416931152
33.68,23.802175521850586,-76.46480560302734,0.0,12.656241416931152
33.72,17.386024475097656,-74.88279724121094,0.0,12.568350791931152
33.76,12.49443531036377,-73.03709411621094,0.0,12.480459213256836
33.78,12.49443531036377,-70.83984375,0.0,12.392568588256836
33.82,3.848071575164795,-68.99411010742188,0.0,12.04100513458252
33.84,-2.284571886062622,-66.88472747802734,0.0,11.689441680908203
33.88,-2.284571886062622,-63.80857849121094,0.0,11.162096977233887
33.92,-11.117724418640137,-61.083984375,0.0,10.634751319885254
33.96,-16.24370765686035,-58.710906982421875,0.0,10.195296287536621
34.0,-20.39049530029297,-57.48043441772461,0.0,9.931624412536621
34.02,-20.39049530029297,-56.6015510559082,0.0,9.843733787536621
34.06,-22.01499366760254,-56.51365661621094,0.0,9.755843162536621
34.1,-25.0,-56.51365661621094,0.0,9.843733787536621
34.12,-25.0,-56.6015510559082,0.0,9.843733787536621
34.160000000000004,-23.302631378173828,-56.51365661621094,0.0,9.843733787536621
34.2,-20.37782096862793,-57.30465316772461,0.0,9.843733787536621
34.24,-16.210796356201172,-58.886688232421875,0.0,9.843733787536621
34.26,-16.210796356201172,-60.732425689697266,0.0,9.931624412536621
34.300000000000004,-8.199247360229492,-63.19334411621094,0.0,10.107406616210938
34.34,-2.157224416732788,-65.65428161621094,0.0,10.634751319885254
34.38,4.020056247711182,-68.5546875,0.0,11.07420539855957
34.4,4.020056247711182,-69.16989135742188,0.0,11.162096977233887
34.44,12.716341018676758,-69.2578125,0.0,11.162096977233887
34.480000000000004,17.61530113220215,-69.34567260742188,0.0,11.162096977233887
34.5,21.436010360717773,-69.34567260742188,0.0,11.162096977233887
34.54,22.86509895324707,-69.34567260742188,0.0,11.162096977233887
34.58,24.64946174621582,-69.34567260742188,0.0,11.162096977233887
34.62,24.91783332824707,-69.34567260742188,0.0,11.162096977233887
34.660000000000004,23.651098251342773,-69.2578125,0.0,11.162096977233887
34.68,23.651098251342773,-69.2578125,0.0,11.162096977233887
34.72,19.062824249267578,-68.02733612060547,0.0,11.07420539855957
34.76,14.48383617401123,-65.91796112060547,0.0,11.07420539855957
34.800000000000004,9.006335258483887,-62.753883361816406,0.0,10.898423194885254
34.84,2.9680159091949463,-57.65621566772461,0.0,9.931624412536621
34.86,-3.2576935291290283,-52.47067642211914,0.0,9.052715301513672
34.9,-6.319998741149902,-48.8671760559082,0.0,8.349588394165039
34.94,-12.105413436889648,-46.31834411621094,0.0,7.822243690490723
34.96,-17.14139747619629,-44.12107467651367,0.0,7.382789134979248
35.0,-19.277647018432617,-43.24216079711914,0.0,7.29489803314209
35.04,-22.619115829467773,-43.24216079711914,0.0,7.20700740814209
35.06,-22.619115829467773,-43.330055236816406,0.0,7.20700740814209
35.1,-24.948293685913086,-43.24216079711914,0.0,7.20700740814209
35.14,-24.5674991607666,-43.330055236816406,0.0,7.20700740814209
35.18,-22.650325775146484,-43.417945861816406,0.0,7.20700740814209
35.2,-21.148683547973633,-44.208961486816406,0.0,7.29489803314209
35.24,-17.175432205200195,-45.96678161621094,0.0,7.382789134979248
35.26,-12.122983932495117,-48.60348129272461,0.0,7.382789134979248
35.300000000000004,-9.288445472717285,-51.6796875,0.0,7.7343525886535645
35.34,-3.2246367931365967,-55.10740280151367,0.0,8.525370597839355
35.36,3.0453097820281982,-58.974605560302734,0.0,9.316388130187988
35.4,3.0453097820281982,-61.962867736816406,0.0,9.931624412536621
35.44,11.976313591003418,-63.54490280151367,0.0,10.195296287536621
35.480000000000004,17.06642723083496,-63.72068405151367,0.0,10.283187866210938
35.5,21.081945419311523,-63.72068405151367,0.0,10.283187866210938
35.54,22.6037540435791,-63.72068405151367,0.0,10.283187866210938
35.58,24.5537052154541,-63.72068405151367,0.0,10.283187866210938
35.6,24.95027732849121,-63.72068405151367,0.0,10.283187866210938
35.64,24.553443908691406,-63.72068405151367,0.0,10.283187866210938
35.68,22.599355697631836,-63.36912155151367,0.0,10.283187866210938
35.7,19.20943832397461,-61.435550689697266,0.0,10.107406616210938
35.74,17.039369583129883,-58.974605560302734,0.0,10.019515037536621
35.78,11.920345306396484,-56.51365661621094,0.0,9.755843162536621
35.800000000000004,6.0395965576171875,-51.943336486816406,0.0,8.964824676513672
35.84,2.929007053375244,-47.9882698059082,0.0,8.085916519165039
35.88,-3.384880304336548,-44.47263717651367,0.0,7.382789134979248
35.9,-9.486143112182617,-41.396484375,0.0,6.855443477630615
35.94,-9.486143112182617,-39.63866424560547,0.0,6.591770648956299
35.980000000000004,-17.39514923095703,-38.847618103027344,0.0,6.415988922119141
36.02,-21.34553337097168,-38.847618103027344,0.0,6.415988922119141
36.04,-21.34553337097168,-38.847618103027344,0.0,6.415988922119141
36.08,-24.653711318969727,-38.847618103027344,0.0,6.415988922119141
36.1,-24.904441833496094,-38.847618103027344,0.0,6.415988922119141
36.14,-24.426734924316406,-38.847618103027344,0.0,6.415988922119141
36.160000000000004,-22.30193519592285,-39.55074691772461,0.0,6.415988922119141
36.2,-22.30193519592285,-40.957000732421875,0.0,6.503879547119141
36.24,-16.488157272338867,-43.505836486816406,0.0,6.591770648956299
36.28,-11.222219467163086,-45.43943405151367,0.0,6.679661750793457
36.300000000000004,-11.222219467163086,-49.65816879272461,0.0,7.382789134979248
36.34,-2.0789408683776855,-54.140602111816406,0.0,8.261697769165039
36.38,4.273149013519287,-59.150386810302734,0.0,9.316388130187988
36.4,10.352071762084961,-62.578102111816406,0.0,10.019515037536621
36.44,13.164471626281738,-65.03904724121094,0.0,10.458970069885254
36.480000000000004,18.106327056884766,-66.26951599121094,0.0,10.634751319885254
36.5,21.875442504882812,-66.44530487060547,0.0,10.722641944885254
36.54,23.23963737487793,-66.44530487060547,0.0,10.722641944885254
36.56,24.81486701965332,-66.44530487060547,0.0,10.722641944885254
36.6,24.81486701965332,-66.44530487060547,0.0,10.722641944885254
36.64,24.146224975585938,-66.44530487060547,0.0,10.722641944885254
36.68,21.717954635620117,-66.44530487060547,0.0,10.722641944885254
36.7,21.717954635620117,-66.44530487060547,0.0,10.722641944885254
36.74,19.958131790161133,-65.65428161621094,0.0,10.722641944885254
36.78,10.005480766296387,-63.98435592651367,0.0,10.546859741210938
36.82,3.8635969161987305,-61.611331939697266,0.0,10.458970069885254
36.84,-2.53481125831604,-57.919918060302734,0.0,10.019515037536621
36.88,-5.6991167068481445,-55.10740280151367,0.0,9.492170333862305
36.92,-11.697944641113281,-52.73434829711914,0.0,9.140606880187988
36.94,-11.697944641113281,-50.44921875,0.0,8.613261222839355
36.980000000000004,-19.150394439697266,-50.097652435302734,0.0,8.613261222839355
37.02,-22.609479904174805,-50.097652435302734,0.0,8.613261222839355
37.04,-22.609479904174805,-50.097652435302734,0.0,8.613261222839355
37.08,-24.96267318725586,-50.097652435302734,0.0,8.613261222839355
37.12,-24.486623764038086,-50.097652435302734,0.0,8.613261222839355
37.160000000000004,-22.392343521118164,-51.24020767211914,0.0,8.613261222839355
37.18,-22.392343521118164,-53.085914611816406,0.0,8.701151847839355
37.22,-16.541301727294922,-55.45896911621094,0.0,8.701151847839355
37.26,-11.207496643066406,-58.007781982421875,0.0,9.052715301513672
37.28,-11.207496643066406,-61.523414611816406,0.0,9.843733787536621
37.32,-8.236471176147461,-65.21482849121094,0.0,10.546859741210938
37.34,4.504128932952881,-69.2578125,0.0,11.162096977233887
37.38,4.504128932952881,-71.4550552368164,0.0,11.513660430908203
37.42,13.473787307739258,-73.03709411621094,0.0,11.86522388458252
37.44,18.415544509887695,-74.09178161621094,0.0,12.04100513458252
37.480000000000004,18.415544509887695,-75.14646911621094,0.0,12.216787338256836
37.52,23.448427200317383,-75.41014862060547,0.0,12.216787338256836
37.54,24.887420654296875,-75.41014862060547,0.0,12.30467700958252
37.58,24.98492431640625,-75.41014862060547,0.0,12.30467700958252
37.62,23.92608642578125,-75.41014862060547,0.0,12.30467700958252
37.64,23.92608642578125,-75.41014862060547,0.0,12.30467700958252
37.68,19.382671356201172,-75.41014862060547,0.0,12.30467700958252
37.72,14.67615032196045,-75.41014862060547,0.0,12.30467700958252
37.76,8.98131275177002,-74.61912536621094,0.0,12.216787338256836
37.800000000000004,2.6794960498809814,-72.59764099121094,0.0,12.12889575958252
37.82,2.6794960498809814,-70.83984375,0.0,12.04100513458252
37.86,-6.9809889793396,-69.609375,0.0,12.04100513458252
37.88,-12.927063941955566,-69.08202362060547,0.0,11.953113555908203
37.92,-12.927063941955566,-68.5546875,0.0,11.953113555908203
37.96,-20.105493545532227,-68.5546875,0.0,11.953113555908203
38.0,-23.256807327270508,-68.5546875,0.0,11.953113555908203
38.02,-24.835710525512695,-68.5546875,0.0,11.953113555908203
38.06,-24.99687385559082,-68.5546875,0.0,11.953113555908203
38.1,-24.047250747680664,-68.5546875,0.0,11.953113555908203
38.12,-21.465105056762695,-68.5546875,0.0,11.953113555908203
38.160000000000004,-19.61175537109375,-68.64254760742188,0.0,11.953113555908203
38.2,-14.936622619628906,-69.2578125,0.0,11.953113555908203
38.22,-14.936622619628906,-70.7519302368164,0.0,12.04100513458252
38.26,-12.194171905517578,-73.12498474121094,0.0,12.04100513458252
38.300000000000004,0.3512570559978485,-75.84960174560547,0.0,12.392568588256836
38.34,6.814047813415527,-78.39840698242188,0.0,12.832022666931152
38.36,6.814047813415527,-81.3866958618164,0.0,13.359368324279785
38.4,15.511475563049316,-83.49607849121094,0.0,13.710905075073242
38.44,20.065698623657227,-84.72654724121094,0.0,13.886686325073242
38.46,23.24795913696289,-84.90233612060547,0.0,13.974576950073242
38.5,24.25160789489746,-84.90233612060547,0.0,13.974576950073242
38.54,24.99620819091797,-84.90233612060547,0.0,13.974576950073242
38.56,24.99620819091797,-84.90233612060547,0.0,13.974576950073242
38.6,24.723642349243164,-84.90233612060547,0.0,13.974576950073242
38.64,22.91047477722168,-84.72654724121094,0.0,13.974576950073242
38.660000000000004,14.784150123596191,-83.58396911621094,0.0,13.886686325073242
38.7,12.009563446044922,-81.8261489868164,0.0,13.886686325073242
38.74,5.885778903961182,-79.716796875,0.0,13.798794746398926
38.76,-0.6476518511772156,-76.37694549560547,0.0,13.359368324279785
38.800000000000004,-0.6476518511772156,-73.65232849121094,0.0,12.832022666931152
38.84,-3.927363395690918,-71.8066177368164,0.0,12.480459213256836
38.88,-10.228988647460938,-71.5429458618164,0.0,12.480459213256836
38.9,-20.328548431396484,-71.5429458618164,0.0,12.392568588256836
38.94,-20.328548431396484,-71.5429458618164,0.0,12.480459213256836
38.980000000000004,-24.370439529418945,-71.5429458618164,0.0,12.480459213256836
39.0,-24.98046875,-71.5429458618164,0.0,12.480459213256836
39.04,-24.631975173950195,-71.6308364868164,0.0,12.480459213256836
39.08,-22.656585693359375,-71.9823989868164,0.0,12.480459213256836
39.1,-19.101402282714844,-73.12498474121094,0.0,12.480459213256836
39.14,-16.804187774658203,-74.35545349121094,0.0,12.568350791931152
39.18,-11.369755744934082,-76.64058685302734,0.0,12.568350791931152
39.2,-5.138082027435303,-79.62887573242188,0.0,13.007804870605469
39.24,-1.8576816320419312,-82.8808364868164,0.0,13.535149574279785
39.26,4.745434761047363,-85.95702362060547,0.0,14.326140403747559
39.300000000000004,4.745434761047363,-88.8573989868164,0.0,14.765595436096191
39.34,13.893882751464844,-90.17578887939453,0.0,15.029267311096191
39.36,18.863933563232422,-90.4394302368164,0.0,15.029267311096191
39.4,18.863933563232422,-90.4394302368164,0.0,15.029267311096191
39.44,23.754467010498047,-90.4394302368164,0.0,15.029267311096191
39.480000000000004,24.967592239379883,-90.4394302368164,0.0,15.029267311096191
39.5,24.967592239379883,-90.4394302368164,0.0,15.029267311096191
39.54,24.915664672851562,-90.4394302368164,0.0,15.029267311096191
39.58,20.421344757080078,-90.0,0.0,15.029267311096191
39.62,15.901330947875977,-88.41796112060547,0.0,14.941376686096191
39.64,10.254861831665039,-85.69335174560547,0.0,14.853485107421875
39.68,7.131104469299316,-83.32029724121094,0.0,14.677703857421875
39.7,0.5585054755210876,-80.244140625,0.0,14.150358200073242
39.74,0.5585054755210876,-76.20115661621094,0.0,13.271477699279785
39.78,-9.23361587524414,-74.00389099121094,0.0,12.919914245605469
39.82,-15.041524887084961,-72.2460708618164,0.0,12.568350791931152
39.84,-19.783485412597656,-71.8945083618164,0.0,12.480459213256836
39.88,-19.783485412597656,-71.8945083618164,0.0,12.480459213256836
39.92,-24.182693481445312,-71.8945083618164,0.0,12.480459213256836
39.96,-24.998384475708008,-71.8945083618164,0.0,12.480459213256836
39.980000000000004,-24.03132438659668,-71.8945083618164,0.0,12.480459213256836
40.02,-22.895051956176758,-72.1581802368164,0.0,12.480459213256836
40.06,-19.416881561279297,-72.9491958618164,0.0,12.480459213256836
40.08,-14.54820728302002,-74.17967224121094,0.0,12.568350791931152
40.12,-14.54820728302002,-76.72850799560547,0.0,12.568350791931152
40.160000000000004,-11.697388648986816,-79.541015625,0.0,12.919914245605469
40.2,1.254643201828003,-83.32029724121094,0.0,13.535149574279785
40.22,7.839906692504883,-87.89061737060547,0.0,14.589813232421875
40.26,10.950995445251465,-90.9667739868164,0.0,15.117158889770508
40.28,16.529712677001953,-92.2851333618164,0.0,15.380830764770508
40.32,18.896190643310547,-92.81248474121094,0.0,15.468722343444824
40.36,22.56903076171875,-92.81248474121094,0.0,15.468722343444824
40.38,22.56903076171875,-92.81248474121094,0.0,15.468722343444824
40.42,24.979413986206055,-92.81248474121094,0.0,15.468722343444824
40.44,24.347518920898438,-92.81248474121094,0.0,15.468722343444824
40.480000000000004,24.347518920898438,-92.81248474121094,0.0,15.468722343444824
40.52,20.147994995117188,-92.81248474121094,0.0,15.468722343444824
40.54,15.47201156616211,-92.63670349121094,0.0,15.468722343444824
40.58,12.688077926635742,-91.14256286621094,0.0,15.380830764770508
40.62,6.479742527008057,-89.38473510742188,0.0,15.292940139770508
40.64,-0.20209574699401855,-86.04489135742188,0.0,15.205048561096191
40.68,-3.569530725479126,-83.6718521118164,0.0,14.853485107421875
40.72,-10.051179885864258,-81.2988052368164,0.0,14.414031982421875
40.74,-15.804718971252441,-79.541015625,0.0,14.150358200073242
40.78,-18.274208068847656,-79.10153198242188,0.0,14.062468528747559
40.82,-22.172338485717773,-79.10153198242188,0.0,13.974576950073242
40.86,-24.45472526550293,-79.10153198242188,0.0,13.974576950073242
40.88,-24.932140350341797,-79.10153198242188,0.0,13.974576950073242
40.92,-24.51402473449707,-79.2773208618164,0.0,14.062468528747559
40.94,-22.302419662475586,-79.9804458618164,0.0,14.062468528747559
40.980000000000004,-20.56890869140625,-81.73826599121094,0.0,14.150358200073242
41.02,-16.00376319885254,-83.84764099121094,0.0,14.150358200073242
41.06,-10.262504577636719,-87.18749237060547,0.0,14.501921653747559
41.08,-10.262504577636719,-90.703125,0.0,15.117158889770508
41.12,-0.3799305856227875,-94.04296112060547,0.0,15.732394218444824
41.160000000000004,6.3508806228637695,-96.50386810302734,0.0,16.17184829711914
41.18,12.617630004882812,-97.82225799560547,0.0,16.435522079467773
41.22,15.430196762084961,-98.2616958618164,0.0,16.523412704467773
41.26,20.153404235839844,-98.34960174560547,0.0,16.523412704467773
41.28,20.153404235839844,-98.34960174560547,0.0,16.523412704467773
41.32,24.373584747314453,-98.34960174560547,0.0,16.523412704467773
41.36,24.970687866210938,-98.34960174560547,0.0,16.523412704467773
41.38,24.970687866210938,-98.34960174560547,0.0,16.523412704467773
41.42,24.574031829833984,-98.34960174560547,0.0,16.523412704467773
41.46,18.613447189331055,-98.2616958618164,0.0,16.523412704467773
41.5,13.41881275177002,-98.2616958618164,0.0,16.523412704467773
41.52,7.225000858306885,-97.47069549560547,0.0,16.523412704467773
41.56,7.225000858306885,-96.06444549560547,0.0,16.435522079467773
41.6,-2.922973155975342,-93.51560974121094,0.0,16.347631454467773
41.64,-9.526544570922852,-91.0546646118164,0.0,16.17184829711914
41.660000000000004,-12.592503547668457,-88.59375,0.0,15.732394218444824
41.7,-17.966054916381836,-86.39645385742188,0.0,15.292940139770508
41.72,-22.001178741455078,-84.90233612060547,0.0,15.029267311096191
41.76,-22.001178741455078,-84.72654724121094,0.0,15.029267311096191
41.800000000000004,-23.41739845275879,-84.72654724121094,0.0,15.029267311096191
41.84,-23.41739845275879,-84.72654724121094,0.0,15.029267311096191
41.88,-22.33785629272461,-84.72654724121094,0.0,15.029267311096191
41.92,-18.454301834106445,-85.25389099121094,0.0,15.029267311096191
41.94,-13.183345794677734,-86.39645385742188,0.0,15.117158889770508
41.980000000000004,-13.183345794677734,-88.41796112060547,0.0,15.117158889770508
42.02,-3.559032678604126,-90.2636489868164,0.0,15.205048561096191
42.04,3.3005056381225586,-92.2851333618164,0.0,15.468722343444824
42.08,6.670379161834717,-93.77928161621094,0.0,15.732394218444824
42.12,12.97229290008545,-94.21873474121094,0.0,15.732394218444824
42.14,18.298477172851562,-94.21873474121094,0.0,15.82028579711914
42.18,20.46575164794922,-94.21873474121094,0.0,15.82028579711914
42.22,23.602426528930664,-94.21873474121094,0.0,15.82028579711914
42.26,23.602426528930664,-94.21873474121094,0.0,15.82028579711914
42.28,24.418407440185547,-94.13084411621094,0.0,15.82028579711914
42.32,24.418407440185547,-93.95507049560547,0.0,15.82028579711914
42.36,20.192556381225586,-92.81248474121094,0.0,15.732394218444824
42.4,15.402467727661133,-90.703125,0.0,15.644503593444824
42.42,9.439311027526855,-87.97847747802734,0.0,15.556612968444824
42.46,6.156425476074219,-84.46288299560547,0.0,14.941376686096191
42.5,-0.7000101804733276,-81.123046875,0.0,14.326140403747559
42.52,-7.5065436363220215,-77.25585174560547,0.0,13.535149574279785
42.56,-7.5065436363220215,-75.32225036621094,0.0,13.095695495605469
42.6,-16.49736785888672,-74.61912536621094,0.0,13.007804870605469
42.64,-21.009687423706055,-74.61912536621094,0.0,13.007804870605469
42.660000000000004,-23.9176025390625,-74.61912536621094,0.0,13.007804870605469
42.7,-24.694265365600586,-74.61912536621094,0.0,13.007804870605469
42.74,-24.81684112548828,-74.61912536621094,0.0,13.007804870605469
42.78,-23.036827087402344,-74.61912536621094,0.0,13.007804870605469
42.800000000000004,-19.487945556640625,-75.49803161621094,0.0,13.007804870605469
42.84,-17.12970733642578,-76.99214935302734,0.0,13.095695495605469
42.88,-11.470978736877441,-78.837890625,0.0,13.095695495605469
42.9,-4.926833629608154,-82.0019302368164,0.0,13.359368324279785
42.94,-4.926833629608154,-86.04489135742188,0.0,14.238249778747559
42.980000000000004,5.440366744995117,-88.9453125,0.0,14.765595436096191
43.02,11.942667961120605,-90.703125,0.0,15.117158889770508
43.06,17.52604866027832,-91.14256286621094,0.0,15.205048561096191
43.08,21.75754737854004,-91.14256286621094,0.0,15.205048561096191
43.12,21.75754737854004,-91.0546646118164,0.0,15.205048561096191
43.160000000000004,24.88422203063965,-91.0546646118164,0.0,15.205048561096191
43.2,24.5823917388916,-91.0546646118164,0.0,15.205048561096191
43.22,24.5823917388916,-91.0546646118164,0.0,15.205048561096191
43.26,20.601245880126953,-89.91207885742188,0.0,15.117158889770508
43.300000000000004,15.891305923461914,-87.97847747802734,0.0,15.029267311096191
43.32,9.943236351013184,-84.90233612060547,0.0,15.029267311096191
43.36,9.943236351013184,-81.2988052368164,0.0,14.414031982421875
43.4,6.646146297454834,-76.72850799560547,0.0,13.447259902954102
43.44,6.646146297454834,-72.3339614868164,0.0,12.568350791931152
43.480000000000004,-13.52076244354248,-70.13671875,0.0,12.216787338256836
43.5,-18.812955856323242,-69.43359375,0.0,12.04100513458252
43.54,-18.812955856323242,-69.2578125,0.0,12.04100513458252
43.58,-20.930198669433594,-69.2578125,0.0,12.04100513458252
43.6,-24.996318817138672,-69.2578125,0.0,12.04100513458252
43.64,-24.996318817138672,-69.2578125,0.0,12.04100513458252
43.68,-24.810216903686523,-69.2578125,0.0,12.04100513458252
43.72,-19.352798461914062,-69.2578125,0.0,12.04100513458252
43.74,-14.198541641235352,-69.2578125,0.0,12.04100513458252
43.78,-11.172462463378906,-69.2578125,0.0,12.04100513458252
43.82,-4.519352436065674,-70.0488052368164,0.0,12.04100513458252
43.84,2.493121862411499,-71.19140625,0.0,12.12889575958252
43.88,5.96142053604126,-72.42185974121094,0.0,12.12889575958252
43.92,12.479552268981934,-73.03709411621094,0.0,12.12889575958252
43.94,18.015134811401367,-73.03709411621094,0.0,12.12889575958252
43.980000000000004,20.273237228393555,-73.03709411621094,0.0,12.12889575958252
44.02,23.54523468017578,-73.03709411621094,0.0,12.12889575958252
44.06,24.954341888427734,-73.03709411621094,0.0,12.12889575958252
44.08,24.954341888427734,-73.03709411621094,0.0,12.12889575958252
44.12,24.918445587158203,-72.86131286621094,0.0,12.12889575958252
44.160000000000004,19.96067237854004,-72.2460708618164,0.0,12.12889575958252
44.18,14.966007232666016,-71.1034927368164,0.0,12.04100513458252
44.22,14.966007232666016,-69.43359375,0.0,12.04100513458252
44.26,11.992471694946289,-67.85155487060547,0.0,11.86522388458252
44.300000000000004,-1.6490284204483032,-64.68748474121094,0.0,11.24998664855957
44.32,-8.557953834533691,-60.732425689697266,0.0,10.458970069885254
44.36,-8.557953834533691,-57.128868103027344,0.0,9.843733787536621
44.4,-11.790420532226562,-54.40427780151367,0.0,9.316388130187988
44.44,-21.789810180664062,-51.767547607421875,0.0,8.789043426513672
44.46,-21.789810180664062,-50.53708267211914,0.0,8.613261222839355
44.5,-24.906545639038086,-50.097652435302734,0.0,8.525370597839355
44.54,-24.513545989990234,-49.921871185302734,0.0,8.437479972839355
44.56,-24.513545989990234,-49.921871185302734,0.0,8.437479972839355
44.6,-23.571449279785156,-49.921871185302734,0.0,8.525370597839355
44.64,-15.374563217163086,-49.921871185302734,0.0,8.437479972839355
44.68,-9.22142219543457,-50.185516357421875,0.0,8.525370597839355
44.7,-9.22142219543457,-51.943336486816406,0.0,8.525370597839355
44.74,1.2336398363113403,-53.78904342651367,0.0,8.613261222839355
44.78,8.202858924865723,-55.98631286621094,0.0,8.701151847839355
44.800000000000004,8.202858924865723,-57.919918060302734,0.0,8.964824676513672
44.84,17.258981704711914,-58.27147674560547,0.0,9.052715301513672
44.88,21.651700973510742,-58.27147674560547,0.0,9.052715301513672
44.92,24.294851303100586,-58.27147674560547,0.0,9.052715301513672
44.94,24.294851303100586,-58.27147674560547,0.0,9.052715301513672
44.980000000000004,24.886558532714844,-58.27147674560547,0.0,9.052715301513672
45.02,22.21916961669922,-57.74413299560547,0.0,9.052715301513672
45.04,18.084915161132812,-56.42576599121094,0.0,8.964824676513672
45.08,15.439982414245605,-54.40427780151367,0.0,8.876934051513672
45.12,9.262205123901367,-51.767547607421875,0.0,8.789043426513672
45.14,2.327625036239624,-48.51561737060547,0.0,8.173807144165039
45.18,-1.248496651649475,-45.70310974121094,0.0,7.6464619636535645
45.22,-8.253900527954102,-43.85740280151367,0.0,7.20700740814209
45.24,-14.589282035827637,-42.62692642211914,0.0,7.031225204467773
45.28,-17.34042739868164,-42.62692642211914,0.0,7.031225204467773
45.32,-21.72728729248047,-42.62692642211914,0.0,7.031225204467773
45.34,-24.33922576904297,-42.714820861816406,0.0,7.031225204467773
45.38,-24.905729293823242,-42.714820861816406,0.0,7.031225204467773
45.4,-24.499921798706055,-42.62692642211914,0.0,7.031225204467773
45.44,-24.499921798706055,-43.154273986816406,0.0,7.031225204467773
45.480000000000004,-20.179330825805664,-43.85740280151367,0.0,7.119115829467773
45.52,-15.164883613586426,-45.61521530151367,0.0,7.20700740814209
45.54,-15.164883613586426,-48.60348129272461,0.0,7.20700740814209
45.58,-5.459126949310303,-52.382789611816406,0.0,7.7343525886535645
45.62,1.6935540437698364,-55.54685592651367,0.0,8.437479972839355
45.64,1.6935540437698364,-58.710906982421875,0.0,9.140606880187988
45.68,11.984772682189941,-60.46872329711914,0.0,9.404278755187988
45.7,17.728004455566406,-61.17184829711914,0.0,9.580060958862305
45.74,17.728004455566406,-61.259765625,0.0,9.580060958862305
45.78,17.728004455566406,-61.259765625,0.0,9.667951583862305
45.82,24.953195571899414,-61.259765625,0.0,9.580060958862305
45.84,24.355342864990234,-61.259765625,0.0,9.580060958862305
45.88,23.289745330810547,-61.259765625,0.0,9.667951583862305
45.92,19.733922958374023,-60.46872329711914,0.0,9.580060958862305
45.96,14.538429260253906,-59.238250732421875,0.0,9.580060958862305
45.980000000000004,14.538429260253906,-57.128868103027344,0.0,9.404278755187988
46.02,4.6388115882873535,-54.22849655151367,0.0,9.228497505187988
46.06,-2.5671157836914062,-50.712860107421875,0.0,8.613261222839355
46.08,-6.128628253936768,-48.251914978027344,0.0,8.085916519165039
46.12,-12.797242164611816,-46.31834411621094,0.0,7.7343525886535645
46.14,-12.797242164611816,-44.91209030151367,0.0,7.470679759979248
46.18,-20.65347671508789,-44.73630905151367,0.0,7.382789134979248
46.22,-23.81970977783203,-44.73630905151367,0.0,7.470679759979248
46.24,-24.995817184448242,-44.73630905151367,0.0,7.470679759979248
46.28,-24.799081802368164,-44.73630905151367,0.0,7.470679759979248
46.32,-22.8547420501709,-44.73630905151367,0.0,7.382789134979248
46.36,-18.99386215209961,-46.31834411621094,0.0,7.470679759979248
46.4,-18.99386215209961,-48.60348129272461,0.0,7.6464619636535645
46.42,-16.43941879272461,-52.03122329711914,0.0,7.7343525886535645
46.46,-3.386826515197754,-55.37107849121094,0.0,8.437479972839355
46.5,3.8638556003570557,-58.53512191772461,0.0,9.052715301513672
46.52,10.792708396911621,-61.435550689697266,0.0,9.667951583862305
46.56,13.951458930969238,-63.36912155151367,0.0,10.019515037536621
46.6,19.32358741760254,-63.89646911621094,0.0,10.107406616210938
46.62,19.32358741760254,-63.89646911621094,0.0,10.107406616210938
46.660000000000004,24.223262786865234,-63.89646911621094,0.0,10.107406616210938
46.7,24.978107452392578,-63.89646911621094,0.0,10.107406616210938
46.72,23.620311737060547,-63.89646911621094,0.0,10.107406616210938
46.76,23.620311737060547,-63.89646911621094,0.0,10.107406616210938
46.800000000000004,22.177309036254883,-63.19334411621094,0.0,10.107406616210938
46.84,17.91423797607422,-61.874977111816406,0.0,10.019515037536621
46.86,5.313485622406006,-59.150386810302734,0.0,9.931624412536621
46.9,1.6964281797409058,-56.42576599121094,0.0,9.667951583862305
46.94,-5.570956230163574,-53.78904342651367,0.0,9.228497505187988
46.96,-5.570956230163574,-50.712860107421875,0.0,8.613261222839355
47.0,-15.405685424804688,-49.30660629272461,0.0,8.349588394165039
47.04,-20.435731887817383,-49.042964935302734,0.0,8.261697769165039
47.06,-23.725141525268555,-48.955039978027344,0.0,8.261697769165039
47.1,-24.62203025817871,-48.955039978027344,0.0,8.261697769165039
47.12,-24.822492599487305,-48.955039978027344,0.0,8.261697769165039
47.160000000000004,-24.120990753173828,-49.13082504272461,0.0,8.261697769165039
47.2,-21.18769645690918,-49.57030487060547,0.0,8.349588394165039
47.22,-16.438886642456055,-51.328125,0.0,8.349588394165039
47.26,-16.438886642456055,-53.701148986816406,0.0,8.437479972839355
47.300000000000004,-6.830726623535156,-56.7773323059082,0.0,8.701151847839355
47.34,0.43274614214897156,-59.853511810302734,0.0,9.316388130187988
47.38,7.6624579429626465,-63.19334411621094,0.0,10.019515037536621
47.4,14.236647605895996,-64.95115661621094,0.0,10.283187866210938
47.46,14.236647605895996,-65.39060974121094,0.0,10.371078491210938
47.480000000000004,21.656150817871094,-65.39060974121094,0.0,10.458970069885254
47.52,24.35042381286621,-65.39060974121094,0.0,10.458970069885254
47.54,24.94493293762207,-65.39060974121094,0.0,10.371078491210938
47.58,24.94493293762207,-65.39060974121094,0.0,10.458970069885254
47.62,21.831829071044922,-65.39060974121094,0.0,10.458970069885254
47.64,17.34372901916504,-65.21482849121094,0.0,10.458970069885254
47.68,14.506113052368164,-63.98435592651367,0.0,10.371078491210938
47.72,7.949935436248779,-62.314430236816406,0.0,10.195296287536621
47.74,7.949935436248779,-59.062469482421875,0.0,10.195296287536621
47.78,-2.9870755672454834,-55.54685592651367,0.0,9.492170333862305
47.82,-10.092047691345215,-51.6796875,0.0,8.789043426513672
47.84,-16.323293685913086,-48.076133728027344,0.0,8.085916519165039
47.88,-18.937213897705078,-45.79099655151367,0.0,7.6464619636535645
47.92,-22.875749588012695,-44.384742736816406,0.0,7.382789134979248
47.94,-24.823354721069336,-44.033180236816406,0.0,7.29489803314209
47.980000000000004,-24.98931312561035,-44.033180236816406,0.0,7.29489803314209
48.0,-23.68550682067871,-44.033180236816406,0.0,7.29489803314209
48.04,-23.68550682067871,-44.033180236816406,0.0,7.29489803314209
48.08,-22.24357032775879,-44.033180236816406,0.0,7.29489803314209
48.1,-12.056875228881836,-44.033180236816406,0.0,7.29489803314209
48.14,-12.056875228881836,-45.35154342651367,0.0,7.382789134979248
48.18,-1.4423775672912598,-47.63671112060547,0.0,7.470679759979248
48.22,5.929598331451416,-50.185516357421875,0.0,7.470679759979248
48.24,5.929598331451416,-52.47067642211914,0.0,7.7343525886535645
48.28,15.826948165893555,-52.998023986816406,0.0,7.822243690490723
48.32,20.80512046813965,-52.998023986816406,0.0,7.822243690490723
48.34,20.80512046813965,-52.998023986816406,0.0,7.822243690490723
48.38,22.630535125732422,-52.998023986816406,0.0,7.822243690490723
48.42,24.69340705871582,-52.73434829711914,0.0,7.822243690490723
48.46,22.45849609375,-51.064422607421875,0.0,7.822243690490723
48.480000000000004,22.45849609375,-49.921871185302734,0.0,7.7343525886535645
48.52,15.497917175292969,-47.724571228027344,0.0,7.6464619636535645
48.54,9.045801162719727,-45.35154342651367,0.0,7.558570861816406
48.58,5.479570388793945,-42.80270767211914,0.0,7.031225204467773
48.620000000000005,-1.9390759468078613,-40.517574310302734,0.0,6.591770648956299
48.64,-9.189403533935547,-37.968711853027344,0.0,6.064425468444824
48.68,-12.548382759094238,-36.21092224121094,0.0,5.800752639770508
48.7,-18.36045265197754,-35.33201217651367,0.0,5.712862014770508
48.74,-18.36045265197754,-35.41990280151367,0.0,5.712862014770508
48.78,-23.90357208251953,-35.41990280151367,0.0,5.712862014770508
48.82,-24.99994659423828,-35.41990280151367,0.0,5.712862014770508
48.84,-24.99994659423828,-35.41990280151367,0.0,5.712862014770508
48.88,-22.496658325195312,-35.41990280151367,0.0,5.712862014770508
48.9,-18.27483367919922,-36.29881286621094,0.0,5.712862014770508
48.94,-18.27483367919922,-37.8808479309082,0.0,5.800752639770508
48.980000000000004,-15.522296905517578,-40.166011810302734,0.0,5.888643741607666
49.02,-1.747009038925171,-43.769508361816406,0.0,6.152316093444824
49.04,5.705465793609619,-46.84568786621094,0.0,6.767552375793457
49.08,9.282148361206055,-49.921871185302734,0.0,7.29489803314209
49.120000000000005,15.735220909118652,-52.47067642211914,0.0,7.7343525886535645
49.14,18.465906143188477,-53.613258361816406,0.0,7.998025417327881
49.18,22.627952575683594,-54.05271530151367,0.0,7.998025417327881
49.22,24.761005401611328,-54.140602111816406,0.0,8.085916519165039
49.24,24.67059326171875,-54.140602111816406,0.0,8.085916519165039
49.28,23.785234451293945,-54.05271530151367,0.0,8.085916519165039
49.300000000000004,20.431930541992188,-54.05271530151367,0.0,8.085916519165039
49.34,20.431930541992188,-53.437477111816406,0.0,8.085916519165039
49.38,12.089415550231934,-51.15234375,0.0,7.998025417327881
49.42,5.046805381774902,-49.30660629272461,0.0,7.910134315490723
49.44,5.046805381774902,-46.40623474121094,0.0,7.7343525886535645
49.480000000000004,-6.165689468383789,-44.384742736816406,0.0,7.382789134979248
49.52,-13.088958740234375,-43.24216079711914,0.0,7.119115829467773
49.54,-13.088958740234375,-42.890602111816406,0.0,7.031225204467773
49.58,-21.09096336364746,-42.97848892211914,0.0,7.031225204467773
49.620000000000005,-24.12997817993164,-42.97848892211914,0.0,7.031225204467773
49.64,-24.12997817993164,-42.97848892211914,0.0,7.031225204467773
49.68,-24.555078506469727,-42.97848892211914,0.0,7.031225204467773
49.72,-22.040889739990234,-43.68161392211914,0.0,7.119115829467773
49.74,-17.522144317626953,-45.08787155151367,0.0,7.119115829467773
49.78,-14.632420539855957,-47.2851448059082,0.0,7.20700740814209
49.82,-7.920010089874268,-50.009735107421875,0.0,7.29489803314209
49.84,-0.4829675555229187,-53.701148986816406,0.0,7.998025417327881
49.88,3.296637535095215,-56.953086853027344,0.0,8.701151847839355
49.92,10.546565055847168,-59.41403579711914,0.0,9.228497505187988
49.94,16.836679458618164,-60.99606704711914,0.0,9.580060958862305
49.980000000000004,19.436826705932617,-61.523414611816406,0.0,9.667951583862305
50.02,23.248430252075195,-61.523414611816406,0.0,9.667951583862305
50.04,24.933767318725586,-61.523414611816406,0.0,9.667951583862305
50.08,24.933767318725586,-61.523414611816406,0.0,9.667951583862305
50.120000000000005,23.187950134277344,-61.523414611816406,0.0,9.667951583862305
50.160000000000004,19.325912475585938,-61.259765625,0.0,9.667951583862305
50.18,13.687396049499512,-60.029296875,0.0,9.580060958862305
50.22,10.357935905456543,-58.886688232421875,0.0,9.492170333862305
50.26,3.060645341873169,-57.0410041809082,0.0,9.492170333862305
50.28,-4.521670341491699,-53.96482467651367,0.0,9.228497505187988
50.32,-8.200855255126953,-51.41598892211914,0.0,8.701151847839355
50.36,-14.910569190979004,-49.65816879272461,0.0,8.349588394165039
50.38,-14.910569190979004,-49.39452362060547,0.0,8.349588394165039
50.42,-20.247690200805664,-49.13082504272461,0.0,8.349588394165039
50.46,-24.643423080444336,-49.13082504272461,0.0,8.261697769165039
50.480000000000004,-24.643423080444336,-49.13082504272461,0.0,8.349588394165039
50.52,-23.963760375976562,-49.13082504272461,0.0,8.349588394165039
50.54,-20.711368560791016,-49.57030487060547,0.0,8.349588394165039
50.58,-18.338665008544922,-50.800777435302734,0.0,8.349588394165039
50.620000000000005,-12.373908042907715,-52.73434829711914,0.0,8.437479972839355
50.660000000000004,-5.2579665184021,-55.81053161621094,0.0,8.525370597839355
50.68,2.3496572971343994,-59.150386810302734,0.0,9.228497505187988
50.72,2.3496572971343994,-61.523414611816406,0.0,9.667951583862305
50.76,13.140239715576172,-62.753883361816406,0.0,9.931624412536621
50.800000000000004,18.943025588989258,-63.10544967651367,0.0,9.931624412536621
50.82,22.98289680480957,-63.10544967651367,0.0,10.019515037536621
50.86,24.215730667114258,-63.10544967651367,0.0,9.931624412536621
50.9,24.96137237548828,-63.10544967651367,0.0,10.019515037536621
50.94,23.375530242919922,-63.10544967651367,0.0,10.019515037536621
50.96,23.375530242919922,-63.10544967651367,0.0,10.019515037536621
51.0,21.74534797668457,-61.523414611816406,0.0,9.931624412536621
51.04,16.99941062927246,-59.326171875,0.0,9.843733787536621
51.06,3.3180272579193115,-56.7773323059082,0.0,9.755843162536621
51.1,3.3180272579193115,-52.47067642211914,0.0,8.964824676513672
51.14,-8.059024810791016,-49.042964935302734,0.0,8.261697769165039
51.18,-14.848718643188477,-47.197227478027344,0.0,7.910134315490723
51.2,-20.245370864868164,-45.26365661621094,0.0,7.470679759979248
51.24,-20.245370864868164,-44.91209030151367,0.0,7.470679759979248
51.28,-22.255512237548828,-44.91209030151367,0.0,7.470679759979248
51.300000000000004,-24.743541717529297,-44.91209030151367,0.0,7.470679759979248
51.34,-23.901592254638672,-44.91209030151367,0.0,7.470679759979248
51.38,-20.548643112182617,-44.91209030151367,0.0,7.470679759979248
51.42,-15.25332260131836,-45.79099655151367,0.0,7.470679759979248
51.44,-15.25332260131836,-47.46092224121094,0.0,7.558570861816406
51.480000000000004,-4.796952247619629,-49.833953857421875,0.0,7.6464619636535645
51.52,2.890303134918213,-52.73434829711914,0.0,7.822243690490723
51.54,10.307117462158203,-55.54685592651367,0.0,8.437479972839355
51.58,13.691362380981445,-57.30465316772461,0.0,8.789043426513672
51.620000000000005,19.40886116027832,-58.18355941772461,0.0,8.964824676513672
51.64,23.285602569580078,-58.18355941772461,0.0,8.964824676513672
51.68,24.40984535217285,-58.09569549560547,0.0,8.964824676513672
51.72,24.894399642944336,-58.09569549560547,0.0,8.964824676513672
51.74,23.009485244750977,-58.007781982421875,0.0,8.964824676513672
51.78,21.225072860717773,-57.919918060302734,0.0,8.964824676513672
51.82,16.183326721191406,-57.0410041809082,0.0,8.964824676513672
51.84,9.595338821411133,-54.93162155151367,0.0,8.876934051513672
51.88,5.913187503814697,-52.382789611816406,0.0,8.789043426513672
51.92,-1.7879962921142578,-49.30660629272461,0.0,8.261697769165039
51.94,-9.321624755859375,-46.40623474121094,0.0,7.7343525886535645
51.980000000000004,-12.797714233398438,-44.56052780151367,0.0,7.382789134979248
52.0,-18.75116539001465,-43.68161392211914,0.0,7.20700740814209
52.04,-21.084590911865234,-43.417945861816406,0.0,7.20700740814209
52.08,-24.183330535888672,-43.417945861816406,0.0,7.20700740814209
52.1,-24.962501525878906,-43.417945861816406,0.0,7.20700740814209
52.14,-24.448823928833008,-43.417945861816406,0.0,7.20700740814209
52.18,-21.674692153930664,-43.417945861816406,0.0,7.20700740814209
52.2,-21.674692153930664,-43.85740280151367,0.0,7.20700740814209
52.24,-13.740560531616211,-45.52732849121094,0.0,7.20700740814209
52.28,-6.67451810836792,-47.724571228027344,0.0,7.29489803314209
52.300000000000004,1.0381344556808472,-51.41598892211914,0.0,7.558570861816406
52.34,1.0381344556808472,-54.66794967651367,0.0,8.173807144165039
52.38,12.193486213684082,-56.68943786621094,0.0,8.613261222839355
52.42,18.306772232055664,-57.919918060302734,0.0,8.964824676513672
52.44,22.652210235595703,-57.919918060302734,0.0,8.964824676513672
52.480000000000004,24.021886825561523,-57.919918060302734,0.0,8.964824676513672
52.5,24.987314224243164,-57.919918060302734,0.0,8.964824676513672
52.54,24.558725357055664,-57.74413299560547,0.0,8.964824676513672
52.58,21.928916931152344,-57.65621566772461,0.0,8.964824676513672
52.6,17.16939926147461,-57.48043441772461,0.0,8.964824676513672
52.64,17.16939926147461,-55.72263717651367,0.0,8.876934051513672
52.68,7.088421821594238,-53.085914611816406,0.0,8.789043426513672
52.72,-0.6434369087219238,-49.833953857421875,0.0,8.437479972839355
52.74,-8.31604290008545,-47.1093635559082,0.0,7.910134315490723
52.78,-8.31604290008545,-44.56052780151367,0.0,7.382789134979248
52.82,-18.097097396850586,-43.68161392211914,0.0,7.20700740814209
52.84,-22.536542892456055,-43.505836486816406,0.0,7.20700740814209
52.88,-23.95073699951172,-43.505836486816406,0.0,7.20700740814209
52.92,-24.993282318115234,-43.505836486816406,0.0,7.20700740814209
52.94,-24.993282318115234,-43.505836486816406,0.0,7.20700740814209
52.980000000000004,-22.006921768188477,-43.505836486816406,0.0,7.20700740814209
53.02,-17.262069702148438,-43.85740280151367,0.0,7.20700740814209
53.04,-10.822888374328613,-45.61521530151367,0.0,7.29489803314209
53.08,-10.822888374328613,-48.51561737060547,0.0,7.382789134979248
53.120000000000005,0.6046897768974304,-51.59177017211914,0.0,7.558570861816406
53.160000000000004,8.313079833984375,-54.49216842651367,0.0,8.173807144165039
53.18,15.207322120666504,-57.39257049560547,0.0,8.789043426513672
53.22,18.131752014160156,-58.53512191772461,0.0,9.052715301513672
53.26,22.573591232299805,-58.798824310302734,0.0,9.140606880187988
53.28,24.792470932006836,-58.798824310302734,0.0,9.140606880187988
53.32,24.98966407775879,-58.798824310302734,0.0,9.140606880187988
53.36,23.533159255981445,-58.798824310302734,0.0,9.140606880187988
53.38,19.751338958740234,-58.798824310302734,0.0,9.140606880187988
53.42,17.096162796020508,-58.623043060302734,0.0,9.140606880187988
53.46,10.584327697753906,-57.48043441772461,0.0,9.052715301513672
53.480000000000004,3.0217580795288086,-55.28318405151367,0.0,8.964824676513672
53.52,-0.9219462871551514,-52.822242736816406,0.0,8.876934051513672
53.56,-8.645174026489258,-50.36129379272461,0.0,8.525370597839355
53.6,-15.51393985748291,-49.30660629272461,0.0,8.349588394165039
53.620000000000005,-15.51393985748291,-48.77926254272461,0.0,8.173807144165039
53.660000000000004,-22.760034561157227,-48.77926254272461,0.0,8.173807144165039
53.68,-24.849363327026367,-48.77926254272461,0.0,8.173807144165039
53.72,-24.970508575439453,-48.77926254272461,0.0,8.173807144165039
53.76,-23.348615646362305,-49.13082504272461,0.0,8.261697769165039
53.78,-19.39887237548828,-50.009735107421875,0.0,8.349588394165039
53.82,-16.665040969848633,-51.767547607421875,0.0,8.349588394165039
53.86,-10.019302368164062,-53.613258361816406,0.0,8.349588394165039
53.88,-10.019302368164062,-56.7773323059082,0.0,8.701151847839355
53.92,1.5946446657180786,-60.029296875,0.0,9.404278755187988
53.96,9.307043075561523,-62.92966842651367,0.0,9.931624412536621
53.980000000000004,9.307043075561523,-65.39060974121094,0.0,10.458970069885254
54.02,18.916494369506836,-66.53316497802734,0.0,10.634751319885254
54.04,23.07862663269043,-66.70894622802734,0.0,10.634751319885254
54.08,23.07862663269043,-66.70894622802734,0.0,10.634751319885254
54.120000000000005,24.914674758911133,-66.70894622802734,0.0,10.634751319885254
54.160000000000004,23.0168514251709,-66.70894622802734,0.0,10.634751319885254
54.18,18.803640365600586,-66.70894622802734,0.0,10.634751319885254
54.22,15.952200889587402,-66.70894622802734,0.0,10.634751319885254
54.26,9.117413520812988,-66.70894622802734,0.0,10.634751319885254
54.28,1.36079740524292,-66.44530487060547,0.0,10.634751319885254
54.32,-2.620643138885498,-65.21482849121094,0.0,10.546859741210938
54.36,-10.287071228027344,-63.98435592651367,0.0,10.458970069885254
54.38,-16.917747497558594,-62.84177780151367,0.0,10.458970069885254
54.42,-19.628780364990234,-62.578102111816406,0.0,10.458970069885254
54.46,-23.497678756713867,-62.49021530151367,0.0,10.458970069885254
54.5,-24.98957633972168,-62.49021530151367,0.0,10.458970069885254
54.52,-24.98957633972168,-62.49021530151367,0.0,10.458970069885254
54.56,-22.503232955932617,-62.578102111816406,0.0,10.458970069885254
54.6,-17.93651008605957,-63.54490280151367,0.0,10.458970069885254
54.620000000000005,-17.93651008605957,-64.33592224121094,0.0,10.546859741210938
54.660000000000004,-7.864346981048584,-65.56639099121094,0.0,10.546859741210938
54.7,0.006625732872635126,-67.32421112060547,0.0,10.722641944885254
54.72,7.88030481338501,-68.37889862060547,0.0,10.898423194885254
54.76,7.88030481338501,-68.73046875,0.0,10.98631477355957
54.800000000000004,17.96122932434082,-68.73046875,0.0,10.98631477355957
54.84,22.5279541015625,-68.73046875,0.0,10.98631477355957
54.86,22.5279541015625,-68.73046875,0.0,10.98631477355957
54.9,24.986413955688477,-68.73046875,0.0,10.98631477355957
54.94,23.448999404907227,-68.73046875,0.0,10.98631477355957
54.96,23.448999404907227,-68.73046875,0.0,10.98631477355957
55.0,16.759872436523438,-68.73046875,0.0,10.98631477355957
55.04,10.039860725402832,-68.37889862060547,0.0,10.98631477355957
55.06,10.039860725402832,-66.79686737060547,0.0,10.898423194885254
55.1,-1.729505181312561,-64.68748474121094,0.0,10.81053352355957
55.120000000000005,-9.529570579528809,-62.22654342651367,0.0,10.722641944885254
55.160000000000004,-9.529570579528809,-59.326171875,0.0,10.195296287536621
55.2,-19.1741943359375,-58.007781982421875,0.0,9.931624412536621
55.24,-23.267284393310547,-57.2167854309082,0.0,9.843733787536621
55.26,-24.965999603271484,-56.8652229309082,0.0,9.755843162536621
55.300000000000004,-24.851463317871094,-56.8652229309082,0.0,9.755843162536621
55.34,-22.707279205322266,-56.8652229309082,0.0,9.755843162536621
55.36,-18.218603134155273,-56.8652229309082,0.0,9.755843162536621
55.4,-15.230674743652344,-57.56835174560547,0.0,9.755843162536621
55.44,-8.152546882629395,-58.18355941772461,0.0,9.843733787536621
55.46,-0.22815251350402832,-59.41403579711914,0.0,9.843733787536621
55.5,3.7965688705444336,-60.99606704711914,0.0,9.931624412536621
55.54,11.449402809143066,-62.138648986816406,0.0,9.931624412536621
55.56,11.449402809143066,-62.84177780151367,0.0,10.019515037536621
55.6,22.531551361083984,-62.84177780151367,0.0,10.019515037536621
55.64,23.982421875,-62.84177780151367,0.0,10.019515037536621
55.68,24.982452392578125,-62.84177780151367,0.0,9.931624412536621
55.7,23.385295867919922,-62.84177780151367,0.0,10.019515037536621
55.74,21.653362274169922,-62.578102111816406,0.0,9.931624412536621
55.78,16.546483993530273,-60.908206939697266,0.0,9.843733787536621
55.82,9.713225364685059,-58.798824310302734,0.0,9.843733787536621
55.84,5.866051197052002,-56.51365661621094,0.0,9.755843162536621
55.88,-2.1878273487091064,-53.613258361816406,0.0,9.140606880187988
55.9,-10.016639709472656,-50.273433685302734,0.0,8.525370597839355
55.94,-10.016639709472656,-48.8671760559082,0.0,8.261697769165039
55.980000000000004,-19.574424743652344,-48.251914978027344,0.0,8.085916519165039
56.02,-23.515153884887695,-48.1640510559082,0.0,8.085916519165039
56.04,-23.515153884887695,-48.1640510559082,0.0,8.085916519165039
56.08,-24.750690460205078,-48.1640510559082,0.0,8.085916519165039
56.1,-22.326744079589844,-48.1640510559082,0.0,8.085916519165039
56.14,-22.326744079589844,-48.955039978027344,0.0,8.173807144165039
56.18,-14.441519737243652,-50.185516357421875,0.0,8.173807144165039
56.22,-7.152964115142822,-52.382789611816406,0.0,8.261697769165039
56.24,0.8911948204040527,-55.10740280151367,0.0,8.349588394165039
56.28,4.932995796203613,-57.56835174560547,0.0,8.964824676513672
56.300000000000004,12.523096084594727,-59.150386810302734,0.0,9.228497505187988
56.34,12.523096084594727,-60.11716079711914,0.0,9.404278755187988
56.38,21.223772048950195,-60.380859375,0.0,9.404278755187988
56.4,24.339374542236328,-60.380859375,0.0,9.492170333862305
56.44,24.339374542236328,-60.380859375,0.0,9.404278755187988
56.480000000000004,24.163185119628906,-60.29294204711914,0.0,9.492170333862305
56.52,20.82594871520996,-60.29294204711914,0.0,9.404278755187988
56.54,15.282044410705566,-59.765594482421875,0.0,9.404278755187988
56.58,15.282044410705566,-58.35934066772461,0.0,9.316388130187988
56.620000000000005,0.08642243593931198,-55.10740280151367,0.0,9.228497505187988
56.660000000000004,0.08642243593931198,-51.15234375,0.0,8.613261222839355
56.7,-11.71231460571289,-48.77926254272461,0.0,8.173807144165039
56.74,-18.195236206054688,-47.2851448059082,0.0,7.910134315490723
56.76,-18.195236206054688,-46.40623474121094,0.0,7.822243690490723
56.800000000000004,-24.133201599121094,-46.31834411621094,0.0,7.7343525886535645
56.82,-24.94914436340332,-46.40623474121094,0.0,7.7343525886535645
56.86,-24.94914436340332,-46.31834411621094,0.0,7.7343525886535645
56.9,-21.23558235168457,-46.40623474121094,0.0,7.7343525886535645
56.92,-15.8485689163208,-46.49412536621094,0.0,7.7343525886535645
56.96,-15.8485689163208,-47.724571228027344,0.0,7.822243690490723
57.0,-4.819567680358887,-49.921871185302734,0.0,7.910134315490723
57.04,3.3550901412963867,-52.646461486816406,0.0,7.910134315490723
57.06,11.1738920211792,-55.28318405151367,0.0,8.349588394165039
57.1,14.683887481689453,-57.0410041809082,0.0,8.789043426513672
57.120000000000005,20.43309211730957,-57.919918060302734,0.0,8.964824676513672
57.160000000000004,20.43309211730957,-57.919918060302734,0.0,8.964824676513672
57.2,24.819215774536133,-57.919918060302734,0.0,8.964824676513672
57.24,24.45604705810547,-57.74413299560547,0.0,8.964824676513672
57.26,24.45604705810547,-57.65621566772461,0.0,8.964824676513672
57.300000000000004,23.274587631225586,-57.56835174560547,0.0,8.964824676513672
57.34,12.808106422424316,-56.51365661621094,0.0,8.876934051513672
57.36,5.164323806762695,-54.49216842651367,0.0,8.789043426513672
57.4,5.164323806762695,-50.888641357421875,0.0,8.613261222839355
57.44,-7.0750603675842285,-48.60348129272461,0.0,8.173807144165039
57.46,-14.466754913330078,-46.9335823059082,0.0,7.822243690490723
57.5,-14.466754913330078,-45.70310974121094,0.0,7.6464619636535645
57.54,-22.42157745361328,-45.61521530151367,0.0,7.558570861816406
57.58,-24.7966251373291,-45.61521530151367,0.0,7.558570861816406
57.6,-24.982255935668945,-45.61521530151367,0.0,7.558570861816406
57.64,-23.322418212890625,-45.61521530151367,0.0,7.558570861816406
57.660000000000004,-19.132184982299805,-45.87889099121094,0.0,7.6464619636535645
57.7,-16.21970558166504,-46.6699104309082,0.0,7.6464619636535645
57.72,-9.15427303314209,-47.9882698059082,0.0,7.6464619636535645
57.76,-9.15427303314209,-50.36129379272461,0.0,7.7343525886535645
57.800000000000004,3.043100357055664,-53.085914611816406,0.0,7.910134315490723
57.84,10.952478408813477,-55.72263717651367,0.0,8.525370597839355
57.86,10.952478408813477,-58.09569549560547,0.0,8.964824676513672
57.9,20.348970413208008,-58.886688232421875,0.0,9.140606880187988
57.94,23.96999740600586,-58.886688232421875,0.0,9.140606880187988
57.96,23.96999740600586,-58.886688232421875,0.0,9.140606880187988
58.0,24.45110321044922,-58.886688232421875,0.0,9.140606880187988
58.04,21.415607452392578,-58.886688232421875,0.0,9.140606880187988
58.06,21.415607452392578,-58.886688232421875,0.0,9.140606880187988
58.1,12.642016410827637,-58.18355941772461,0.0,9.140606880187988
58.14,4.909039497375488,-56.8652229309082,0.0,9.052715301513672
58.160000000000004,4.909039497375488,-54.22849655151367,0.0,8.964824676513672
58.22,0.7831225395202637,-50.273433685302734,0.0,8.525370597839355
58.24,-17.94754409790039,-48.076133728027344,0.0,8.085916519165039
58.28,-20.584095001220703,-46.23045349121094,0.0,7.7343525886535645
58.300000000000004,-24.09215545654297,-45.61521530151367,0.0,7.558570861816406
58.34,-24.09215545654297,-45.52732849121094,0.0,7.558570861816406
58.38,-24.34337615966797,-45.52732849121094,0.0,7.558570861816406
58.42,-21.13849639892578,-45.52732849121094,0.0,7.558570861816406
58.44,-15.601166725158691,-45.52732849121094,0.0,7.558570861816406
58.480000000000004,-15.601166725158691,-46.40623474121094,0.0,7.6464619636535645
58.52,-4.3070759773254395,-47.54878616333008,0.0,7.6464619636535645
58.56,4.004520893096924,-49.39452362060547,0.0,7.7343525886535645
58.58,4.004520893096924,-51.59177017211914,0.0,7.7343525886535645
58.64,8.052281379699707,-52.646461486816406,0.0,7.822243690490723
58.660000000000004,15.370783805847168,-52.646461486816406,0.0,7.822243690490723
58.7,24.285064697265625,-52.646461486816406,0.0,7.822243690490723
58.74,24.887428283691406,-52.558570861816406,0.0,7.822243690490723
58.76,22.726871490478516,-52.03122329711914,0.0,7.822243690490723
58.800000000000004,20.672922134399414,-50.888641357421875,0.0,7.7343525886535645
58.84,14.90148639678955,-50.097652435302734,0.0,7.7343525886535645
58.86,14.90148639678955,-47.900352478027344,0.0,7.6464619636535645
58.9,11.344931602478027,-44.99998092651367,0.0,7.470679759979248
58.94,-4.956536293029785,-42.275360107421875,0.0,6.943334102630615
58.980000000000004,-12.748187065124512,-39.63866424560547,0.0,6.415988922119141
59.02,-12.748187065124512,-36.65037536621094,0.0,5.888643741607666
59.06,-23.359912872314453,-34.89255905151367,0.0,5.62497091293335
59.08,-23.359912872314453,-34.80466842651367,0.0,5.62497091293335
59.120000000000005,-24.75632667541504,-34.89255905151367,0.0,5.62497091293335
59.14,-22.222108840942383,-34.80466842651367,0.0,5.62497091293335
59.18,-22.222108840942383,-34.89255905151367,0.0,5.62497091293335
59.22,-13.917344093322754,-34.89255905151367,0.0,5.62497091293335
59.24,-6.279195785522461,-34.89255905151367,0.0,5.62497091293335
59.28,-2.136794328689575,-35.24412155151367,0.0,5.62497091293335
59.32,6.212985515594482,-36.47459411621094,0.0,5.62497091293335
59.36,6.212985515594482,-37.968711853027344,0.0,5.712862014770508
59.4,10.184164047241211,-38.58397674560547,0.0,5.712862014770508
59.42,17.15968894958496,-38.58397674560547,0.0,5.712862014770508
59.46,24.755481719970703,-38.496055603027344,0.0,5.712862014770508
59.5,24.5145320892334,-38.496055603027344,0.0,5.712862014770508
59.52,24.5145320892334,-38.496055603027344,0.0,5.712862014770508
59.56,19.06113052368164,-36.91404724121094,0.0,5.712862014770508
59.6,12.624502182006836,-35.15623092651367,0.0,5.62497091293335
59.620000000000005,12.624502182006836,-33.310523986816406,0.0,5.361298561096191
59.660000000000004,0.5625636577606201,-30.937496185302734,0.0,4.921844005584717
59.7,-7.759116172790527,-28.12498664855957,0.0,4.306607723236084
59.72,-15.205181121826172,-25.576152801513672,0.0,3.9550445079803467
59.76,-15.205181121826172,-24.78513526916504,0.0,3.691399097442627
59.800000000000004,-22.934057235717773,-24.78513526916504,0.0,3.691399097442627
59.84,-24.93734359741211,-24.78513526916504,0.0,3.691399097442627
59.86,-24.108169555664062,-24.78513526916504,0.0,3.691399097442627
59.9,-22.6472225189209,-24.78513526916504,0.0,3.691399097442627
59.94,-17.8385009765625,-24.78513526916504,0.0,3.691399097442627
59.96,-17.8385009765625,-24.78513526916504,0.0,3.691399097442627
