dt,yaw_cmd,yaw_pos,pitch_cmd,pitch_pos
0.3,0.0,-6.5917510986328125,0.0,-0.35158079862594604
0.3,0.0,-6.5917510986328125,6.224146366119385,-0.35158079862594604
0.3,0.0,-6.5917510986328125,7.73600959777832,-0.43947166204452515
0.3,0.0,-6.5917510986328125,10.664216995239258,-2.28518009185791
0.3,0.0,-6.5917510986328125,13.426103591918945,-6.591805934906006
0.32,0.0,-6.679669380187988,14.730626106262207,-12.04103946685791
0.32,0.0,-6.679669380187988,17.160354614257812,-18.193374633789062
0.32,0.0,-6.679669380187988,17.160354614257812,-26.806652069091797
0.34,0.0,-6.679669380187988,20.284141540527344,-33.310577392578125
0.36,0.0,-6.767532825469971,21.969362258911133,-39.19923782348633
0.4,0.0,-6.767532825469971,21.969362258911133,-47.28517150878906
0.44,0.0,-6.767532825469971,23.830839157104492,-53.61331558227539
0.46,0.0,-6.8554511070251465,24.59664535522461,-59.41408920288086
0.5,0.0,-6.8554511070251465,24.59664535522461,-65.91798400878906
0.54,0.0,-6.8554511070251465,24.998451232910156,-71.01565551757812
0.58,0.0,-7.031232833862305,24.760101318359375,-75.67384338378906
0.6,0.0,-7.382795810699463,24.11875343322754,-80.59573364257812
0.64,0.0,-7.822222709655762,24.11875343322754,-85.25395202636719
0.68,0.0,-7.822222709655762,22.42281723022461,-89.47268676757812
0.7000000000000001,0.0,-7.822222709655762,20.82797622680664,-91.84574127197266
0.74,0.0,-7.822222709655762,20.82797622680664,-94.74613952636719
0.78,0.0,-7.822222709655762,17.801616668701172,-97.8222885131836
0.8,0.0,-7.822222709655762,15.40805721282959,-99.84378051757812
0.84,0.0,-7.822222709655762,15.40805721282959,-99.93167114257812
0.88,0.0,-7.822222709655762,11.349808692932129,-100.28323364257812
0.92,0.0,-7.822222709655762,8.396409034729004,-100.45902252197266
0.9400000000000001,0.0,-7.822222709655762,5.300587177276611,-100.37112426757812
0.98,0.0,-7.822222709655762,3.7151145935058594,-99.49221801757812
1.02,0.0,-7.822222709655762,0.5018197298049927,-97.9101791381836
1.04,0.0,-7.822222709655762,-2.723365545272827,-93.51566314697266
1.08,0.0,-7.822222709655762,-4.323585510253906,-88.8574447631836
1.1,0.0,-7.822222709655762,-7.465739727020264,-85.42972564697266
1.1400000000000001,0.0,-7.822222709655762,-8.994436264038086,-81.29885864257812
1.18,0.0,-7.822222709655762,-11.93475341796875,-76.81642150878906
1.2,0.0,-7.822222709655762,-11.93475341796875,-69.87307739257812
1.26,0.0,-7.822222709655762,-13.333876609802246,-64.51173400878906
1.28,0.0,-7.6464409828186035,-15.960205078125,-60.55666732788086
1.32,0.0,-7.470659255981445,-20.37296485900879,-56.3379020690918
1.36,0.0,-7.382795810699463,-22.08281898498535,-50.273460388183594
1.3800000000000001,0.0,-7.382795810699463,-22.79947853088379,-44.12112808227539
1.42,0.0,-7.382795810699463,-23.4195613861084,-35.85938262939453
1.46,0.0,-7.382795810699463,-24.674455642700195,-28.476577758789062
1.48,0.0,-7.382795810699463,-24.988170623779297,-22.14846420288086
1.52,0.0,-7.382795810699463,-24.988170623779297,-13.710967063903809
1.56,0.0,-7.382795810699463,-24.657609939575195,-8.34962272644043
1.58,0.0,-7.382795810699463,-23.90662956237793,-4.921906471252441
1.62,0.0,-7.382795810699463,-23.3756046295166,-0.9668169021606445
1.6600000000000001,0.0,-7.382795810699463,-22.013080596923828,1.7578002214431763
1.68,0.0,-7.382795810699463,-20.2691593170166,4.5702805519104
1.72,0.0,-7.382795810699463,-19.262964248657227,6.240207195281982
1.76,0.0,-7.382795810699463,-17.003173828125,7.382789134979248
1.8,0.0,-7.382795810699463,-17.003173828125,8.964824676513672
1.82,0.0,-7.382795810699463,-15.75912094116211,11.162096977233887
1.86,0.0,-7.382795810699463,-10.148706436157227,12.216787338256836
1.9000000000000001,0.0,-7.382795810699463,-7.048104286193848,12.30467700958252
1.92,0.0,-7.382795810699463,-3.820950746536255,11.425768852233887
1.96,0.0,-7.382795810699463,-2.17739200592041,9.052715301513672
2.0,0.0,-7.382795810699463,1.1337897777557373,5.273407459259033
2.02,0.0,-7.382795810699463,4.428578853607178,0.5273279547691345
2.06,0.0,-7.382795810699463,6.051641464233398,-3.3398704528808594
2.1,0.0,-7.382795810699463,9.21316909790039,-8.085949897766113
2.12,0.0,-7.382795810699463,12.215245246887207,-13.271512031555176
2.16,0.0,-7.382795810699463,12.215245246887207,-19.335954666137695
2.2,0.0,-7.382795810699463,16.302871704101562,-23.994171142578125
2.22,0.0,-7.382795810699463,18.67933464050293,-29.443378448486328
2.2600000000000002,0.0,-7.382795810699463,18.67933464050293,-37.3535270690918
2.3000000000000003,0.0,-7.382795810699463,19.746280670166016,-43.593780517578125
2.34,0.0,-7.382795810699463,23.095985412597656,-48.86720657348633
2.38,0.0,-7.382795810699463,24.16695213317871,-55.01953887939453
2.4,0.0,-7.382795810699463,24.16695213317871,-62.92972183227539
2.44,0.0,-7.382795810699463,24.95836639404297,-69.3457260131836
2.46,0.0,-7.382795810699463,24.926761627197266,-74.44337463378906
2.5,0.0,-7.6464409828186035,24.926761627197266,-79.98049926757812
2.54,0.0,-7.822222709655762,24.742115020751953,-83.75980377197266
2.56,0.0,-7.822222709655762,22.89908790588379,-88.59378051757812
2.6,0.0,-7.822222709655762,22.89908790588379,-91.93363189697266
2.64,0.0,-7.822222709655762,20.417613983154297,-95.97657775878906
2.66,0.0,-7.822222709655762,18.290267944335938,-98.4375228881836
2.7,0.0,-7.822222709655762,18.290267944335938,-99.49221801757812
2.74,0.0,-7.822222709655762,14.483559608459473,-100.81057739257812
2.7800000000000002,0.0,-7.822222709655762,11.601435661315918,-101.95315551757812
2.8000000000000003,0.0,-7.822222709655762,8.503747940063477,-102.12894439697266
2.84,0.0,-7.822222709655762,6.891493320465088,-101.95315551757812
2.88,0.0,-7.822222709655762,3.5768918991088867,-100.37112426757812
2.9,0.0,-7.822222709655762,0.19295619428157806,-96.85548400878906
2.94,0.0,-7.822222709655762,-1.5055915117263794,-93.07621002197266
2.98,0.0,-7.822222709655762,-4.876628875732422,-88.9453353881836
3.0,0.0,-7.822222709655762,-8.160888671875,-84.63871002197266
3.04,0.0,-7.822222709655762,-9.751266479492188,-80.24417114257812
3.08,0.0,-7.822222709655762,-12.791302680969238,-75.32228088378906
3.1,0.0,-7.822222709655762,-15.596439361572266,-67.9394760131836
3.14,0.0,-7.822222709655762,-16.894153594970703,-63.017616271972656
3.18,0.0,-7.822222709655762,-19.2490177154541,-56.95314025878906
3.2,0.0,-7.470659255981445,-19.2490177154541,-49.48244094848633
3.24,0.0,-7.382795810699463,-20.294897079467773,-45.08789825439453
3.2800000000000002,0.0,-7.382795810699463,-23.489002227783203,-40.166038513183594
3.3000000000000003,0.0,-7.382795810699463,-23.489002227783203,-31.640649795532227
3.34,0.0,-7.382795810699463,-24.74308204650879,-25.66407012939453
3.38,0.0,-7.382795810699463,-24.999549865722656,-19.160173416137695
3.4,0.0,-7.382795810699463,-24.999549865722656,-11.865257263183594
3.44,0.0,-7.382795810699463,-24.499176025390625,-7.646495819091797
3.48,0.0,-7.382795810699463,-23.582632064819336,-3.603543519973755
3.5,0.0,-7.382795810699463,-22.21706771850586,0.6152188181877136
3.54,0.0,-7.382795810699463,-22.21706771850586,3.515617609024048
3.58,0.0,-7.382795810699463,-19.38292121887207,6.328097820281982
3.62,0.0,-7.382795810699463,-17.020349502563477,8.525370597839355
3.64,0.0,-7.382795810699463,-14.329628944396973,9.228497505187988
3.68,0.0,-7.382795810699463,-12.876794815063477,9.140606880187988
3.72,0.0,-7.382795810699463,-9.790511131286621,9.052715301513672
3.74,0.0,-7.382795810699463,-6.512744903564453,8.437479972839355
3.7800000000000002,0.0,-7.382795810699463,-4.821495056152344,6.152316093444824
3.8200000000000003,0.0,-7.382795810699463,-1.3748135566711426,4.042935371398926
3.84,0.0,-7.382795810699463,2.1019585132598877,0.5273279547691345
3.88,0.0,-7.382795810699463,3.830604076385498,-3.164088726043701
3.92,0.0,-7.382795810699463,7.2264299392700195,-7.031260013580322
3.96,0.0,-7.382795810699463,10.48526668548584,-12.656275749206543
3.98,0.0,-7.382795810699463,10.48526668548584,-18.457046508789062
4.0200000000000005,0.0,-7.382795810699463,14.977856636047363,-22.851591110229492
4.0600000000000005,0.0,-7.382795810699463,17.622900009155273,-27.33399772644043
4.08,0.0,-7.382795810699463,17.622900009155273,-35.06836700439453
4.12,0.0,-7.382795810699463,20.93402099609375,-40.957054138183594
4.16,0.0,-7.382795810699463,22.639062881469727,-48.42775344848633
4.18,0.0,-7.382795810699463,23.327064514160156,-55.19532012939453
4.22,0.0,-7.382795810699463,24.356252670288086,-61.435577392578125
4.26,0.0,-7.382795810699463,24.905874252319336,-68.7304916381836
4.28,0.0,-7.382795810699463,24.99662208557129,-73.91605377197266
4.32,0.0,-7.470659255981445,24.806812286376953,-78.2226791381836
4.36,0.0,-7.822222709655762,24.124841690063477,-83.40824127197266
4.38,0.0,-7.822222709655762,24.124841690063477,-88.5058822631836
4.42,0.0,-7.822222709655762,23.602685928344727,-93.51566314697266
4.46,0.0,-7.822222709655762,22.208114624023438,-96.7676010131836
4.48,0.0,-7.822222709655762,18.1221923828125,-100.19534301757812
4.5200000000000005,0.0,-7.822222709655762,16.858659744262695,-100.72268676757812
4.5600000000000005,0.0,-7.9101409912109375,14.082782745361328,-100.81057739257812
4.58,0.0,-7.822222709655762,11.021450996398926,-100.81057739257812
4.62,0.0,-7.822222709655762,9.402511596679688,-100.63479614257812
4.64,0.0,-7.822222709655762,6.028414249420166,-99.49221801757812
4.68,0.0,-7.822222709655762,4.290152072906494,-97.64651489257812
4.72,0.0,-7.822222709655762,0.7548521757125854,-95.00981140136719
4.74,0.0,-7.822222709655762,-2.7992382049560547,-91.05472564697266
4.78,0.0,-7.822222709655762,-4.56081485748291,-86.8359603881836
4.82,0.0,-7.822222709655762,-8.008234977722168,-83.14456939697266
4.84,0.0,-7.822222709655762,-11.296224594116211,-78.2226791381836
4.88,0.0,-7.822222709655762,-12.85919189453125,-72.33401489257812
4.92,0.0,-7.822222709655762,-15.782793998718262,-66.26954650878906
4.94,0.0,-7.822222709655762,-18.386737823486328,-59.94143295288086
4.98,0.0,-7.734359264373779,-19.55159568786621,-53.085968017578125
5.0200000000000005,0.0,-7.470659255981445,-21.576541900634766,-47.28517150878906
5.04,0.0,-7.382795810699463,-23.16033363342285,-41.74807357788086
5.08,0.0,-7.382795810699463,-23.16033363342285,-32.51955795288086
5.12,0.0,-7.470659255981445,-23.775829315185547,-23.730499267578125
5.16,0.0,-7.382795810699463,-24.637292861938477,-16.523447036743164
5.2,0.0,-7.382795810699463,-24.828351974487305,-11.074240684509277
5.24,0.0,-7.470659255981445,-24.15096664428711,-7.031260013580322
5.26,0.0,-7.382795810699463,-24.15096664428711,-2.3730709552764893
5.3,0.0,-7.470659255981445,-22.200220108032227,1.142564058303833
5.34,0.0,-7.470659255981445,-20.31395149230957,3.603508234024048
5.36,0.0,-7.470659255981445,-19.208433151245117,5.273407459259033
5.4,0.0,-7.382795810699463,-16.700714111328125,6.503879547119141
5.42,0.0,-7.382795810699463,-13.841041564941406,7.119115829467773
5.46,0.0,-7.382795810699463,-13.841041564941406,7.119115829467773
5.5,0.0,-7.382795810699463,-9.022334098815918,7.910134315490723
5.54,0.0,-7.382795810699463,-5.554360389709473,8.701151847839355
5.5600000000000005,0.0,-7.382795810699463,-5.554360389709473,8.701151847839355
5.6000000000000005,0.0,-7.470659255981445,-0.15011253952980042,7.910134315490723
5.62,0.0,-7.382795810699463,3.477022171020508,5.097625732421875
5.66,0.0,-7.382795810699463,5.269077777862549,0.17576444149017334
5.7,0.0,-7.382795810699463,8.762548446655273,-5.625033378601074
5.72,0.0,-7.470659255981445,12.073320388793945,-12.656275749206543
5.76,0.0,-7.382795810699463,12.073320388793945,-18.720718383789062
5.8,0.0,-7.382795810699463,16.542970657348633,-24.433626174926758
5.84,0.0,-7.382795810699463,19.09788703918457,-30.49806785583496
5.86,0.0,-7.470659255981445,21.24692153930664,-39.11134719848633
5.9,0.0,-7.382795810699463,21.24692153930664,-48.16408157348633
5.94,0.0,-7.382795810699463,23.608705520629883,-54.93164825439453
5.96,0.0,-7.382795810699463,24.55744171142578,-61.435577392578125
6.0,0.0,-7.470659255981445,24.834835052490234,-66.97267150878906
6.04,0.0,-7.382795810699463,24.987241744995117,-72.24613189697266
6.0600000000000005,0.0,-7.470659255981445,24.600311279296875,-77.7832260131836
6.1000000000000005,0.0,-7.382795810699463,24.600311279296875,-82.70511627197266
6.140000000000001,0.0,-7.6464409828186035,24.206266403198242,-87.1875228881836
6.16,0.0,-7.822222709655762,21.346487045288086,-90.96683502197266
6.2,0.0,-7.822222709655762,21.346487045288086,-93.95511627197266
6.24,0.0,-7.822222709655762,17.96691131591797,-96.9433822631836
6.28,0.0,-7.822222709655762,15.21073055267334,-98.96487426757812
6.32,0.0,-7.822222709655762,12.119686126708984,-99.40432739257812
6.34,0.0,-7.822222709655762,12.119686126708984,-99.40432739257812
6.38,0.0,-7.822222709655762,7.002863883972168,-98.96487426757812
6.4,0.0,-7.822222709655762,3.379560947418213,-97.20706176757812
6.44,0.0,-7.822222709655762,1.5336923599243164,-93.77934265136719
6.48,0.0,-7.822222709655762,-2.1758265495300293,-89.91213989257812
6.5,0.0,-7.822222709655762,-5.840896129608154,-85.42972564697266
6.54,0.0,-7.822222709655762,-7.631340980529785,-81.21096801757812
6.58,0.0,-7.822222709655762,-11.078324317932129,-76.9922103881836
6.6000000000000005,0.0,-7.822222709655762,-11.078324317932129,-69.60940551757812
6.640000000000001,0.0,-7.822222709655762,-15.771986961364746,-64.07230377197266
6.68,0.0,-7.822222709655762,-18.48077964782715,-59.062522888183594
6.7,0.0,-7.734359264373779,-18.48077964782715,-50.80080795288086
6.74,0.0,-7.382795810699463,-21.760540008544922,-45.70313262939453
6.78,0.0,-7.382795810699463,-23.351842880249023,-41.48440170288086
6.8,0.0,-7.382795810699463,-23.351842880249023,-32.95901107788086
6.84,0.0,-7.382795810699463,-24.75373649597168,-26.542980194091797
6.88,0.0,-7.382795810699463,-24.998876571655273,-19.775409698486328
6.92,0.0,-7.382795810699463,-24.998876571655273,-11.250021934509277
6.94,0.0,-7.382795810699463,-24.910781860351562,-5.888679027557373
6.98,0.0,-7.382795810699463,-23.170082092285156,-1.3183804750442505
7.0200000000000005,0.0,-7.382795810699463,-21.50110626220703,2.021472692489624
7.04,0.0,-7.382795810699463,-19.344091415405273,4.130825996398926
7.08,0.0,-7.382795810699463,-18.09700584411621,5.009735107421875
7.12,0.0,-7.382795810699463,-15.300276756286621,6.240207195281982
7.140000000000001,0.0,-7.382795810699463,-12.15311336517334,6.855443477630615
7.18,0.0,-7.382795810699463,-10.469929695129395,6.767552375793457
7.22,0.0,-7.382795810699463,-6.931837558746338,6.328097820281982
7.26,0.0,-7.382795810699463,-3.2321159839630127,3.4277267456054688
7.28,0.0,-7.382795810699463,-3.2321159839630127,0.17576444149017334
7.34,0.0,-7.382795810699463,-1.3478530645370483,-1.1425986289978027
7.36,0.0,-7.382795810699463,2.435657024383545,-2.900416135787964
7.4,0.0,-7.382795810699463,9.759657859802246,-6.591805934906006
7.44,0.0,-7.382795810699463,13.131059646606445,-11.95314884185791
7.46,0.0,-7.382795810699463,16.20258140563965,-19.599628448486328
7.5,0.0,-7.382795810699463,17.603126525878906,-27.861343383789062
7.54,0.0,-7.382795810699463,20.092613220214844,-35.59571075439453
7.5600000000000005,0.0,-7.382795810699463,22.118576049804688,-44.033233642578125
7.6000000000000005,0.0,-7.382795810699463,22.118576049804688,-53.701202392578125
7.640000000000001,0.0,-7.382795810699463,22.942180633544922,-58.79885482788086
7.68,0.0,-7.382795810699463,24.867216110229492,-64.86329650878906
7.72,0.0,-7.382795810699463,24.867216110229492,-72.24613189697266
7.76,0.0,-7.382795810699463,24.487045288085938,-78.3105697631836
7.78,0.0,-7.382795810699463,24.487045288085938,-83.58402252197266
7.82,0.0,-7.470659255981445,22.69464111328125,-87.8906478881836
7.84,0.0,-7.6464409828186035,20.82529640197754,-90.79104614257812
7.88,0.0,-7.822222709655762,19.70307731628418,-92.63675689697266
7.92,0.0,-7.822222709655762,17.115739822387695,-94.48246002197266
7.94,0.0,-7.822222709655762,17.115739822387695,-94.83402252197266
7.98,0.0,-7.822222709655762,12.494412422180176,-96.41603088378906
8.02,0.0,-7.822222709655762,9.024679183959961,-97.4707260131836
8.06,0.0,-7.822222709655762,5.3378190994262695,-97.3828353881836
8.1,0.0,-7.822222709655762,5.3378190994262695,-96.5039291381836
8.14,0.0,-7.822222709655762,3.4399845600128174,-93.16410064697266
8.18,0.0,-7.822222709655762,-6.140433311462402,-90.79104614257812
8.2,0.0,-7.822222709655762,-6.140433311462402,-87.9785385131836
8.24,0.0,-7.822222709655762,-7.994614124298096,-84.81449890136719
8.26,0.0,-7.822222709655762,-14.834281921386719,-80.41995239257812
8.3,0.0,-7.822222709655762,-16.34819221496582,-75.67384338378906
8.34,0.0,-7.822222709655762,-19.074628829956055,-68.2031478881836
8.36,0.0,-7.822222709655762,-21.34465980529785,-59.67776107788086
8.4,0.0,-7.822222709655762,-21.34465980529785,-48.955101013183594
8.44,0.0,-7.382795810699463,-23.77479362487793,-42.62697982788086
8.46,0.0,-7.207014083862305,-24.685775756835938,-35.50782012939453
8.5,0.0,-7.294877529144287,-24.918363571166992,-28.12501335144043
8.540000000000001,0.0,-7.294877529144287,-24.929662704467773,-21.093772888183594
8.56,0.0,-7.294877529144287,-24.335721969604492,-12.216821670532227
8.6,0.0,-7.294877529144287,-23.81521224975586,-7.558604717254639
8.64,0.0,-7.294877529144287,-22.341947555541992,-3.867216110229492
8.66,0.0,-7.294877529144287,-22.341947555541992,-0.6152534484863281
8.700000000000001,0.0,-7.294877529144287,-19.122318267822266,1.142564058303833
8.74,0.0,-7.294877529144287,-16.377140045166016,2.4609272480010986
8.76,0.0,-7.294877529144287,-13.228241920471191,2.4609272480010986
8.8,0.0,-7.294877529144287,-11.525857925415039,2.3730363845825195
8.84,0.0,-7.294877529144287,-7.916954517364502,1.8456910848617554
8.86,0.0,-7.294877529144287,-4.109953880310059,-0.43947166204452515
8.9,0.0,-7.294877529144287,-2.1611902713775635,-3.3398704528808594
8.94,0.0,-7.294877529144287,1.7669155597686768,-6.679696559906006
8.96,0.0,-7.294877529144287,5.6548662185668945,-10.986349105834961
9.0,0.0,-7.294877529144287,7.5535664558410645,-15.820320129394531
9.040000000000001,0.0,-7.294877529144287,11.201339721679688,-21.269554138183594
9.06,0.0,-7.294877529144287,14.574199676513672,-28.476577758789062
9.1,0.0,-7.294877529144287,16.130767822265625,-34.98050308227539
9.14,0.0,-7.294877529144287,18.93511199951172,-41.57229232788086
9.16,0.0,-7.294877529144287,21.26959228515625,-49.74611282348633
9.200000000000001,0.0,-7.294877529144287,22.241514205932617,-56.51368713378906
9.22,0.0,-7.294877529144287,23.763431549072266,-62.75394058227539
9.26,0.0,-7.294877529144287,23.763431549072266,-69.87307739257812
9.3,0.0,-7.294877529144287,24.923933029174805,-74.88282775878906
9.32,0.0,-7.294877529144287,24.918663024902344,-80.33206176757812
9.36,0.0,-7.294877529144287,24.680288314819336,-85.25395202636719
9.4,0.0,-7.558577537536621,23.738515853881836,-89.56057739257812
9.44,0.0,-7.734359264373779,23.738515853881836,-94.21879577636719
9.46,0.0,-7.822222709655762,21.211999893188477,-98.2617416381836
9.5,0.0,-7.822222709655762,18.844913482666016,-100.10745239257812
9.52,0.0,-7.822222709655762,18.844913482666016,-101.07424926757812
9.56,0.0,-7.822222709655762,14.416304588317871,-103.62308502197266
9.58,0.0,-7.822222709655762,10.986177444458008,-105.20513153076172
9.620000000000001,0.0,-7.822222709655762,10.986177444458008,-105.29301452636719
9.66,0.0,-7.822222709655762,5.3398661613464355,-105.02934265136719
9.700000000000001,0.0,-7.822222709655762,1.3806709051132202,-104.06254577636719
9.72,0.0,-7.822222709655762,-0.6198745965957642,-101.07424926757812
9.76,0.0,-7.822222709655762,-4.598892688751221,-97.3828353881836
9.78,0.0,-7.822222709655762,-8.463470458984375,-91.14260864257812
9.82,0.0,-7.822222709655762,-10.321550369262695,-84.81449890136719
9.86,0.0,-7.822222709655762,-13.82919692993164,-79.4531478881836
9.9,0.0,-7.822222709655762,-16.98367691040039,-70.31253051757812
9.94,0.0,-7.822222709655762,-19.7026424407959,-62.66604995727539
9.96,0.0,-7.822222709655762,-21.914640426635742,-53.34964370727539
10.0,0.0,-7.558577537536621,-22.811656951904297,-47.1093864440918
10.040000000000001,0.0,-7.294877529144287,-24.1577205657959,-41.660179138183594
10.06,0.0,-7.382795810699463,-24.877676010131836,-32.60744857788086
10.1,0.0,-7.382795810699463,-24.9958438873291,-25.57617950439453
10.14,0.0,-7.382795810699463,-24.743642807006836,-18.632827758789062
10.16,0.0,-7.382795810699463,-23.84588623046875,-11.162130355834961
10.200000000000001,0.0,-7.382795810699463,-23.161073684692383,-7.3828229904174805
10.24,0.0,-7.382795810699463,-21.3409366607666,-4.570343017578125
10.26,0.0,-7.382795810699463,-18.960174560546875,-2.900416135787964
10.3,0.0,-7.382795810699463,-17.57807731628418,-1.757834792137146
10.34,0.0,-7.382795810699463,-14.475019454956055,-0.9668169021606445
10.36,0.0,-7.382795810699463,-10.988411903381348,-0.9668169021606445
10.4,0.0,-7.382795810699463,-9.129337310791016,-1.1425986289978027
10.42,0.0,-7.382795810699463,-5.240478515625,-1.669943928718567
10.46,0.0,-7.382795810699463,-5.240478515625,-5.185579299926758
10.5,0.0,-7.382795810699463,0.8256571292877197,-7.207041263580322
10.52,0.0,-7.382795810699463,4.869231224060059,-8.613295555114746
10.56,0.0,-7.382795810699463,6.850500106811523,-12.392602920532227
10.6,0.0,-7.382795810699463,10.665993690490723,-17.75391960144043
10.620000000000001,0.0,-7.382795810699463,14.200955390930176,-26.01563262939453
10.66,0.0,-7.382795810699463,15.833210945129395,-34.101593017578125
10.700000000000001,0.0,-7.382795810699463,18.772212982177734,-40.605491638183594
10.74,0.0,-7.382795810699463,21.21202850341797,-49.74611282348633
10.76,0.0,-7.382795810699463,22.223356246948242,-56.86524963378906
10.8,0.0,-7.382795810699463,23.794057846069336,-63.28128433227539
10.82,0.0,-7.382795810699463,23.794057846069336,-70.66409301757812
10.86,0.0,-7.382795810699463,24.946020126342773,-75.58595275878906
10.9,0.0,-7.382795810699463,24.878707885742188,-81.47464752197266
10.92,0.0,-7.382795810699463,24.14061737060547,-87.4511947631836
10.96,0.0,-7.470659255981445,23.52501678466797,-91.49417877197266
11.0,0.0,-7.6464409828186035,21.820449829101562,-95.27348327636719
11.02,0.0,-7.822222709655762,19.52360725402832,-97.9101791381836
11.06,0.0,-7.822222709655762,18.171476364135742,-99.58010864257812
11.1,0.0,-7.822222709655762,15.104830741882324,-100.19534301757812
11.120000000000001,0.0,-7.822222709655762,11.624812126159668,-100.28323364257812
11.16,0.0,-7.822222709655762,9.75869369506836,-100.19534301757812
11.200000000000001,0.0,-7.822222709655762,5.8373308181762695,-99.49221801757812
11.22,0.0,-7.822222709655762,1.7532005310058594,-97.7343978881836
11.26,0.0,-7.822222709655762,-0.31522464752197266,-94.04300689697266
11.28,0.0,-7.822222709655762,-4.4340691566467285,-89.7363510131836
11.32,0.0,-7.822222709655762,-4.4340691566467285,-84.55081939697266
11.36,0.0,-7.822222709655762,-10.356243133544922,-80.94729614257812
11.38,0.0,-7.822222709655762,-13.974833488464355,-77.5195541381836
11.42,0.0,-7.822222709655762,-13.974833488464355,-70.83987426757812
11.46,0.0,-7.822222709655762,-18.658031463623047,-64.24808502197266
11.48,0.0,-7.822222709655762,-21.15651512145996,-58.535179138183594
11.52,0.0,-7.822222709655762,-21.15651512145996,-49.04298782348633
11.56,0.0,-7.470659255981445,-22.190881729125977,-43.417999267578125
11.6,0.0,-7.207014083862305,-24.736839294433594,-35.94727325439453
11.620000000000001,0.0,-7.207014083862305,-24.994123458862305,-27.070323944091797
11.66,0.0,-7.207014083862305,-24.861812591552734,-20.39064598083496
11.700000000000001,0.0,-7.294877529144287,-24.078784942626953,-13.359403610229492
11.72,0.0,-7.207014083862305,-22.6232967376709,-8.26173210144043
11.76,0.0,-7.207014083862305,-21.654842376708984,-5.625033378601074
11.8,0.0,-7.207014083862305,-19.269372940063477,-3.691434383392334
11.82,0.0,-7.207014083862305,-16.341989517211914,-1.845725655555725
11.86,0.0,-7.294877529144287,-16.341989517211914,-1.4941622018814087
11.9,0.0,-7.207014083862305,-11.115262031555176,-0.35158079862594604
11.92,0.0,-7.294877529144287,-7.214972019195557,0.08787357062101364
11.96,0.0,-7.294877529144287,-7.214972019195557,-0.08790817856788635
12.0,0.0,-7.294877529144287,-1.013014554977417,-1.1425986289978027
12.040000000000001,0.0,-7.207014083862305,3.1863272190093994,-4.306670665740967
12.06,0.0,-7.207014083862305,3.1863272190093994,-10.898458480834961
12.1,0.0,-7.207014083862305,9.286160469055176,-15.556674003601074
12.120000000000001,0.0,-7.294877529144287,13.051297187805176,-20.214862823486328
12.16,0.0,-7.294877529144287,13.051297187805176,-28.828140258789062
12.200000000000001,0.0,-7.294877529144287,17.978343963623047,-35.33203887939453
12.24,0.0,-7.294877529144287,20.64472198486328,-41.57229232788086
12.26,0.0,-7.207014083862305,22.724044799804688,-52.646514892578125
12.3,0.0,-7.294877529144287,22.724044799804688,-61.61136245727539
12.34,0.0,-7.294877529144287,23.523818969726562,-69.60940551757812
12.38,0.0,-7.294877529144287,24.99948501586914,-74.70704650878906
12.42,0.0,-7.207014083862305,24.66753578186035,-80.24417114257812
12.44,0.0,-7.294877529144287,24.66753578186035,-86.13285827636719
12.48,0.0,-7.382795810699463,24.234127044677734,-90.26370239257812
12.52,0.0,-7.558577537536621,20.799833297729492,-94.65824890136719
12.540000000000001,0.0,-7.822222709655762,20.799833297729492,-97.4707260131836
12.58,0.0,-7.822222709655762,19.546077728271484,-99.49221801757812
12.620000000000001,0.0,-7.822222709655762,16.62251853942871,-100.81057739257812
12.64,0.0,-7.822222709655762,9.421920776367188,-102.56839752197266
12.68,0.0,-7.822222709655762,7.414235591888428,-102.74417877197266
12.72,0.0,-7.822222709655762,3.2493844032287598,-102.39262390136719
12.74,0.0,-7.822222709655762,-1.013537883758545,-101.51370239257812
12.780000000000001,0.0,-7.822222709655762,-3.143022060394287,-99.2285385131836
12.82,0.0,-7.822222709655762,-7.320263862609863,-95.27348327636719
12.84,0.0,-7.822222709655762,-7.320263862609863,-88.15432739257812
12.88,0.0,-7.822222709655762,-13.154406547546387,-82.35355377197266
12.92,0.0,-7.822222709655762,-16.588945388793945,-77.08009338378906
12.94,0.0,-7.822222709655762,-19.539169311523438,-67.6758041381836
12.98,0.0,-7.822222709655762,-19.539169311523438,-58.974632263183594
13.02,0.0,-7.822222709655762,-22.8684024810791,-50.53713607788086
13.040000000000001,0.0,-7.470659255981445,-24.259624481201172,-44.209014892578125
13.08,0.0,-7.382795810699463,-24.259624481201172,-35.50782012939453
13.120000000000001,0.0,-7.382795810699463,-24.688831329345703,-25.40039825439453
13.16,0.0,-7.382795810699463,-24.997465133666992,-16.787120819091797
13.200000000000001,0.0,-7.382795810699463,-23.406007766723633,-10.195331573486328
13.24,0.0,-7.382795810699463,-21.54954719543457,-6.2402424812316895
13.26,0.0,-7.382795810699463,-20.37616729736328,-2.7246344089508057
13.3,0.0,-7.382795810699463,-17.581802368164062,-0.26368993520736694
13.32,0.0,-7.382795810699463,-14.260705947875977,0.35154619812965393
13.36,0.0,-7.382795810699463,-12.432685852050781,0.08787357062101364
13.4,0.0,-7.382795810699463,-8.509387969970703,-0.7031443119049072
13.42,0.0,-7.382795810699463,-4.328022003173828,-3.9551069736480713
13.46,0.0,-7.382795810699463,-4.328022003173828,-8.085949897766113
13.5,0.0,-7.382795810699463,2.15351939201355,-10.107439994812012
13.540000000000001,0.0,-7.382795810699463,6.425142288208008,-12.392602920532227
13.56,0.0,-7.382795810699463,6.425142288208008,-17.578136444091797
13.6,0.0,-7.382795810699463,12.437230110168457,-23.466825485229492
13.64,0.0,-7.382795810699463,16.00450897216797,-30.14650535583496
13.66,0.0,-7.382795810699463,16.00450897216797,-38.93556594848633
13.700000000000001,0.0,-7.382795810699463,20.42294692993164,-47.02149963378906
13.74,0.0,-7.382795810699463,22.614931106567383,-54.75586700439453
13.76,0.0,-7.382795810699463,23.457496643066406,-62.40237808227539
13.8,0.0,-7.382795810699463,24.60271453857422,-69.5215072631836
13.84,0.0,-7.382795810699463,24.99982261657715,-76.46485900878906
13.86,0.0,-7.382795810699463,24.99982261657715,-83.05667114257812
13.9,0.0,-7.382795810699463,24.16865348815918,-87.9785385131836
13.94,0.0,-7.382795810699463,22.685317993164062,-91.93363189697266
13.96,0.0,-7.558577537536621,20.50619125366211,-95.44926452636719
14.0,0.0,-7.6464409828186035,19.175270080566406,-97.20706176757812
14.040000000000001,0.0,-7.822222709655762,16.080833435058594,-97.7343978881836
14.08,0.0,-7.822222709655762,12.489535331726074,-99.2285385131836
14.1,0.0,-7.822222709655762,8.51076602935791,-99.40432739257812
14.14,0.0,-7.822222709655762,8.51076602935791,-99.31643676757812
14.18,0.0,-7.822222709655762,2.0849955081939697,-97.4707260131836
14.22,0.0,-7.822222709655762,-2.311692714691162,-94.39456939697266
14.24,0.0,-7.822222709655762,-6.640314102172852,-88.5058822631836
14.280000000000001,0.0,-7.822222709655762,-6.640314102172852,-82.52933502197266
14.32,0.0,-7.822222709655762,-12.713004112243652,-76.9043197631836
14.36,0.0,-7.822222709655762,-16.296995162963867,-71.19143676757812
14.4,0.0,-7.822222709655762,-19.376319885253906,-63.017616271972656
14.42,0.0,-7.822222709655762,-19.376319885253906,-53.17386245727539
14.46,0.0,-7.6464409828186035,-20.695646286010742,-46.58204650878906
14.5,0.0,-7.294877529144287,-24.274330139160156,-41.57229232788086
14.52,0.0,-7.294877529144287,-24.274330139160156,-32.08010482788086
14.56,0.0,-7.294877529144287,-24.992570877075195,-25.48828887939453
14.6,0.0,-7.382795810699463,-24.49254035949707,-18.720718383789062
14.620000000000001,0.0,-7.382795810699463,-23.22197723388672,-11.689476013183594
14.66,0.0,-7.382795810699463,-23.22197723388672,-7.470714092254639
14.700000000000001,0.0,-7.382795810699463,-19.961286544799805,-4.306670665740967
14.74,0.0,-7.382795810699463,-16.981794357299805,-1.3183804750442505
14.76,0.0,-7.294877529144287,-16.981794357299805,-0.08790817856788635
14.8,0.0,-7.382795810699463,-11.53515338897705,-0.17579905688762665
14.84,0.0,-7.382795810699463,-7.4184370040893555,-0.26368993520736694
14.86,0.0,-7.382795810699463,-7.4184370040893555,-0.6152534484863281
14.9,0.0,-7.382795810699463,-0.8385871648788452,-3.691434383392334
14.94,0.0,-7.382795810699463,3.6150667667388916,-7.734386444091797
14.96,0.0,-7.382795810699463,3.6150667667388916,-14.238311767578125
15.0,0.0,-7.382795810699463,10.042450904846191,-18.720718383789062
15.040000000000001,0.0,-7.382795810699463,13.958586692810059,-24.257844924926758
15.08,0.0,-7.382795810699463,13.958586692810059,-33.134796142578125
15.1,0.0,-7.294877529144287,15.757698059082031,-40.341819763183594
15.14,0.0,-7.382795810699463,21.56711769104004,-46.75782775878906
15.16,0.0,-7.382795810699463,23.47808837890625,-54.58008575439453
15.200000000000001,0.0,-7.382795810699463,24.15386199951172,-62.75394058227539
15.24,0.0,-7.294877529144287,24.91765785217285,-71.01565551757812
15.280000000000001,0.0,-7.382795810699463,24.91765785217285,-78.3984603881836
15.3,0.0,-7.382795810699463,24.999046325683594,-84.72660827636719
15.34,0.0,-7.382795810699463,23.319351196289062,-88.5058822631836
15.36,0.0,-7.470659255981445,21.3262882232666,-92.37308502197266
15.4,0.0,-7.558577537536621,20.06494903564453,-94.30668640136719
15.44,0.0,-7.6464409828186035,17.062829971313477,-95.44926452636719
15.46,0.0,-7.734359264373779,13.50366497039795,-96.7676010131836
15.5,0.0,-7.734359264373779,11.550369262695312,-96.7676010131836
15.540000000000001,0.0,-7.734359264373779,7.375284194946289,-96.5918197631836
15.58,0.0,-7.734359264373779,2.9562361240386963,-94.57035827636719
15.6,0.0,-7.734359264373779,2.9562361240386963,-90.1758041381836
15.64,0.0,-7.734359264373779,-3.813833236694336,-87.2754135131836
15.68,0.0,-7.734359264373779,-8.206198692321777,-84.81449890136719
15.700000000000001,0.0,-7.734359264373779,-8.206198692321777,-80.24417114257812
15.74,0.0,-7.734359264373779,-14.25317668914795,-75.23439025878906
15.780000000000001,0.0,-7.734359264373779,-17.729129791259766,-67.8515853881836
15.8,0.0,-7.734359264373779,-20.623682022094727,-60.11721420288086
15.84,0.0,-7.470659255981445,-20.623682022094727,-49.658226013183594
15.88,0.0,-7.470659255981445,-23.669410705566406,-43.330108642578125
15.92,0.0,-7.470659255981445,-24.735565185546875,-35.50782012939453
15.94,0.0,-7.470659255981445,-24.9831485748291,-26.279306411743164
15.98,0.0,-7.470659255981445,-24.795738220214844,-18.544937133789062
16.02,0.0,-7.470659255981445,-23.805082321166992,-11.162130355834961
16.04,0.0,-7.470659255981445,-23.009607315063477,-6.679696559906006
16.080000000000002,0.0,-7.470659255981445,-20.850313186645508,-2.8125252723693848
16.12,0.0,-7.470659255981445,-17.99435043334961,1.3183457851409912
16.14,0.0,-7.470659255981445,-16.33356475830078,2.724599838256836
16.18,0.0,-7.470659255981445,-12.614893913269043,2.3730363845825195
16.2,0.0,-7.470659255981445,-8.471232414245605,1.9335819482803345
16.240000000000002,0.0,-7.470659255981445,-6.282668590545654,-0.35158079862594604
16.28,0.0,-7.470659255981445,-1.7634410858154297,-4.218779563903809
16.32,0.0,-7.470659255981445,2.818495273590088,-9.140640258789062
16.34,0.0,-7.470659255981445,5.084811687469482,-14.062530517578125
16.38,0.0,-7.470659255981445,9.472596168518066,-19.335954666137695
16.4,0.0,-7.470659255981445,13.544301986694336,-27.33399772644043
16.44,0.0,-7.470659255981445,15.417892456054688,-34.27737808227539
16.48,0.0,-7.470659255981445,18.760705947875977,-41.30862045288086
16.52,0.0,-7.470659255981445,21.470970153808594,-52.03127670288086
16.54,0.0,-7.470659255981445,23.455322265625,-60.29299545288086
16.580000000000002,0.0,-7.470659255981445,24.152679443359375,-67.58790588378906
16.6,0.0,-7.470659255981445,24.926971435546875,-73.30081939697266
16.64,0.0,-7.470659255981445,24.926971435546875,-80.15628051757812
16.68,0.0,-7.470659255981445,24.497777938842773,-85.25395202636719
16.72,0.0,-7.470659255981445,23.16261100769043,-89.47268676757812
16.740000000000002,0.0,-7.470659255981445,21.0350284576416,-93.42777252197266
16.78,0.0,-7.558577537536621,19.69525718688965,-95.44926452636719
16.82,0.0,-7.6464409828186035,16.520082473754883,-96.85548400878906
16.84,0.0,-7.822222709655762,12.775885581970215,-97.0312728881836
16.88,0.0,-7.822222709655762,10.729523658752441,-97.0312728881836
16.92,0.0,-7.822222709655762,6.375598907470703,-96.7676010131836
16.94,0.0,-7.822222709655762,1.7988626956939697,-94.65824890136719
16.98,0.0,-7.734359264373779,-0.524075448513031,-91.05472564697266
17.0,0.0,-7.822222709655762,-5.138953685760498,-86.57228088378906
17.04,0.0,-7.822222709655762,-5.138953685760498,-80.85940551757812
17.080000000000002,0.0,-7.734359264373779,-11.686277389526367,-76.5527572631836
17.12,0.0,-7.822222709655762,-15.580060005187988,-70.31253051757812
17.14,0.0,-7.734359264373779,-18.936256408691406,-62.138702392578125
17.18,0.0,-7.558577537536621,-18.936256408691406,-52.207061767578125
17.22,0.0,-7.382795810699463,-22.710803985595703,-45.8789176940918
17.240000000000002,0.0,-7.470659255981445,-24.25734519958496,-40.429710388183594
17.28,0.0,-7.382795810699463,-24.716136932373047,-32.08010482788086
17.32,0.0,-7.470659255981445,-24.983531951904297,-24.873079299926758
17.34,0.0,-7.470659255981445,-24.377748489379883,-16.259775161743164
17.38,0.0,-7.382795810699463,-23.75223731994629,-10.283222198486328
17.42,0.0,-7.470659255981445,-21.882169723510742,-6.416024208068848
17.44,0.0,-7.470659255981445,-19.242834091186523,-2.7246344089508057
17.48,0.0,-7.470659255981445,-17.66214370727539,-0.8789260387420654
17.52,0.0,-7.470659255981445,-14.04727554321289,-0.5273625254631042
17.54,0.0,-7.470659255981445,-9.934897422790527,-0.7910351753234863
17.580000000000002,0.0,-7.470659255981445,-7.736557483673096,-2.4609618186950684
17.62,0.0,-7.470659255981445,-3.1521151065826416,-5.273469924926758
17.64,0.0,-7.470659255981445,-3.1521151065826416,-8.613295555114746
17.68,0.0,-7.470659255981445,3.8880460262298584,-10.546895027160645
17.72,0.0,-7.470659255981445,8.448288917541504,-13.00783920288086
17.740000000000002,0.0,-7.470659255981445,8.448288917541504,-18.10548210144043
17.78,0.0,-7.382795810699463,14.684735298156738,-24.785188674926758
17.82,0.0,-7.470659255981445,18.223085403442383,-33.310577392578125
17.84,0.0,-7.470659255981445,21.11488914489746,-42.62697982788086
17.88,0.0,-7.470659255981445,22.284643173217773,-52.73440170288086
17.92,0.0,-7.470659255981445,24.018577575683594,-60.99612045288086
17.94,0.0,-7.470659255981445,24.89493751525879,-69.43362426757812
17.98,0.0,-7.470659255981445,24.89493751525879,-76.2890853881836
18.02,0.0,-7.470659255981445,24.537351608276367,-81.56253814697266
18.06,0.0,-7.470659255981445,23.193769454956055,-85.86917877197266
18.1,0.0,-7.470659255981445,21.01546287536621,-90.1758041381836
18.12,0.0,-7.470659255981445,19.636093139648438,-92.54885864257812
18.16,0.0,-7.470659255981445,16.35799789428711,-94.13089752197266
18.18,0.0,-7.470659255981445,12.487266540527344,-94.39456939697266
18.240000000000002,0.0,-7.470659255981445,8.16244888305664,-94.39456939697266
18.26,0.0,-7.470659255981445,8.16244888305664,-93.07621002197266
18.3,0.0,-7.470659255981445,1.1672496795654297,-91.49417877197266
18.34,0.0,-7.382795810699463,-3.589151382446289,-88.9453353881836
18.36,0.0,-7.470659255981445,-8.218689918518066,-85.07817077636719
18.400000000000002,0.0,-7.470659255981445,-10.432840347290039,-80.77151489257812
18.44,0.0,-7.470659255981445,-14.558704376220703,-76.02540588378906
18.46,0.0,-7.470659255981445,-18.156810760498047,-67.14845275878906
18.5,0.0,-7.382795810699463,-18.156810760498047,-58.623069763183594
18.54,0.0,-7.470659255981445,-22.280807495117188,-50.273460388183594
18.56,0.0,-7.470659255981445,-24.032485961914062,-43.505889892578125
18.6,0.0,-7.470659255981445,-24.581418991088867,-35.7714958190918
18.64,0.0,-7.470659255981445,-24.99907684326172,-27.861343383789062
18.66,0.0,-7.470659255981445,-24.498821258544922,-18.369155883789062
18.7,0.0,-7.470659255981445,-23.908275604248047,-10.898458480834961
18.72,0.0,-7.470659255981445,-22.072288513183594,-6.3281331062316895
18.76,0.0,-7.470659255981445,-22.072288513183594,-0.7910351753234863
18.8,0.0,-7.470659255981445,-17.818984985351562,3.3398358821868896
18.84,0.0,-7.470659255981445,-14.134065628051758,5.273407459259033
18.86,0.0,-7.470659255981445,-12.085198402404785,5.53708028793335
18.900000000000002,0.0,-7.470659255981445,-7.668789386749268,5.449189186096191
18.92,0.0,-7.470659255981445,-2.9647655487060547,4.130825996398926
18.96,0.0,-7.470659255981445,-2.9647655487060547,-0.43947166204452515
19.0,0.0,-7.470659255981445,4.248246669769287,-4.921906471252441
19.04,0.0,-7.470659255981445,8.900899887084961,-10.546895027160645
19.080000000000002,0.0,-7.470659255981445,8.900899887084961,-19.160173416137695
19.12,0.0,-7.470659255981445,17.058847427368164,-27.59766960144043
19.14,0.0,-7.470659255981445,20.257579803466797,-34.27737808227539
19.18,0.0,-7.470659255981445,20.257579803466797,-42.275421142578125
19.22,0.0,-7.470659255981445,23.607603073120117,-51.943389892578125
19.240000000000002,0.0,-7.470659255981445,24.750930786132812,-59.589866638183594
19.28,0.0,-7.470659255981445,24.750930786132812,-70.22463989257812
19.32,0.0,-7.470659255981445,24.239744186401367,-78.4863510131836
19.36,0.0,-7.470659255981445,23.531391143798828,-84.19925689697266
19.400000000000002,0.0,-7.470659255981445,21.455392837524414,-87.8906478881836
19.42,0.0,-7.470659255981445,18.56751823425293,-89.47268676757812
19.46,0.0,-7.470659255981445,16.851600646972656,-90.52738189697266
19.5,0.0,-7.470659255981445,12.956058502197266,-90.52738189697266
19.54,0.0,-7.382795810699463,10.813090324401855,-90.52738189697266
19.56,0.0,-7.470659255981445,10.813090324401855,-89.91213989257812
19.62,0.0,-7.382795810699463,8.56656551361084,-89.56057739257812
19.64,0.0,-7.470659255981445,1.422114610671997,-89.56057739257812
19.68,0.0,-7.470659255981445,-3.4510862827301025,-88.5058822631836
19.72,0.0,-7.470659255981445,-14.680326461791992,-84.99027252197266
19.76,0.0,-7.470659255981445,-16.588552474975586,-81.12307739257812
19.8,0.0,-7.470659255981445,-19.912952423095703,-77.08009338378906
19.82,0.0,-7.470659255981445,-19.912952423095703,-68.9062728881836
19.86,0.0,-7.470659255981445,-23.44065284729004,-62.05081558227539
19.900000000000002,0.0,-7.470659255981445,-24.685714721679688,-52.998077392578125
19.92,0.0,-7.470659255981445,-24.982200622558594,-43.505889892578125
19.96,0.0,-7.382795810699463,-24.769067764282227,-34.71683120727539
20.0,0.0,-7.382795810699463,-23.629024505615234,-26.455089569091797
20.02,0.0,-7.470659255981445,-21.576053619384766,-15.908210754394531
20.06,0.0,-7.470659255981445,-20.230087280273438,-8.701186180114746
20.1,0.0,-7.470659255981445,-16.963180541992188,-3.164088726043701
20.12,0.0,-7.470659255981445,-13.036775588989258,4.130825996398926
20.16,0.0,-7.470659255981445,-13.036775588989258,8.964824676513672
20.2,0.0,-7.470659255981445,-6.246464252471924,11.777332305908203
20.240000000000002,0.0,-7.470659255981445,-1.3742121458053589,12.832022666931152
20.26,0.0,-7.470659255981445,3.5550148487091064,12.832022666931152
20.3,0.0,-7.470659255981445,5.980875015258789,12.216787338256836
20.32,0.0,-7.470659255981445,10.636543273925781,10.019515037536621
20.36,0.0,-7.470659255981445,10.636543273925781,5.185516834259033
20.400000000000002,0.0,-7.470659255981445,16.793968200683594,-0.8789260387420654
20.44,0.0,-7.470659255981445,20.112462997436523,-7.734386444091797
20.46,0.0,-7.470659255981445,22.64457130432129,-18.369155883789062
20.5,0.0,-7.470659255981445,22.64457130432129,-29.531269073486328
20.54,0.0,-7.470659255981445,24.75638771057129,-39.46290969848633
20.580000000000002,0.0,-7.470659255981445,24.956451416015625,-51.67971420288086
20.6,0.0,-7.470659255981445,24.17304039001465,-63.017616271972656
20.64,0.0,-7.470659255981445,23.4200382232666,-72.50979614257812
20.68,0.0,-7.470659255981445,21.22735595703125,-80.24417114257812
20.7,0.0,-7.470659255981445,21.22735595703125,-89.12112426757812
20.740000000000002,0.0,-7.470659255981445,16.39691925048828,-94.04300689697266
20.78,0.0,-7.470659255981445,12.332560539245605,-97.2949447631836
20.8,0.0,-7.6464409828186035,7.77579402923584,-98.2617416381836
20.84,0.0,-7.6464409828186035,5.3684401512146,-98.2617416381836
20.86,0.0,-7.6464409828186035,0.41512370109558105,-97.7343978881836
20.900000000000002,0.0,-7.6464409828186035,-2.081498384475708,-95.53715515136719
20.94,0.0,-7.6464409828186035,-6.990242958068848,-92.28519439697266
20.96,0.0,-7.6464409828186035,-6.990242958068848,-86.39649963378906
21.0,0.0,-7.6464409828186035,-13.77790641784668,-81.12307739257812
21.04,0.0,-7.6464409828186035,-17.65450668334961,-76.02540588378906
21.080000000000002,0.0,-7.6464409828186035,-20.826528549194336,-66.70899963378906
21.1,0.0,-7.558577537536621,-22.106847763061523,-59.326194763183594
21.14,0.0,-7.558577537536621,-23.990726470947266,-50.273460388183594
21.16,0.0,-7.470659255981445,-23.990726470947266,-41.396507263183594
21.2,0.0,-7.470659255981445,-24.996692657470703,-31.992212295532227
21.22,0.0,-7.470659255981445,-24.41172218322754,-23.203153610229492
21.26,0.0,-7.470659255981445,-23.746807098388672,-13.974638938903809
21.3,0.0,-7.470659255981445,-21.70438575744629,-6.943369388580322
21.32,0.0,-7.470659255981445,-18.78296661376953,0.7031096816062927
21.36,0.0,-7.470659255981445,-17.027732849121094,6.943334102630615
21.400000000000002,0.0,-7.470659255981445,-13.016144752502441,11.777332305908203
21.42,0.0,-7.470659255981445,-8.47362232208252,16.787084579467773
21.46,0.0,-7.470659255981445,-6.059924602508545,19.160139083862305
21.5,0.0,-7.470659255981445,-1.0699254274368286,19.248029708862305
21.52,0.0,-7.470659255981445,3.9671103954315186,18.984357833862305
21.56,0.0,-7.470659255981445,3.9671103954315186,18.01755714416504
21.6,0.0,-7.470659255981445,11.163113594055176,14.853485107421875
21.64,0.0,-7.470659255981445,15.434379577636719,9.404278755187988
21.66,0.0,-7.470659255981445,19.077049255371094,1.7578002214431763
21.7,0.0,-7.470659255981445,20.61444091796875,-5.537142753601074
21.740000000000002,0.0,-7.470659255981445,23.041484832763672,-15.644537925720215
21.76,0.0,-7.470659255981445,24.52406883239746,-26.01563262939453
21.8,0.0,-7.470659255981445,24.52406883239746,-39.28712844848633
21.84,0.0,-7.470659255981445,24.850643157958984,-50.36135482788086
21.86,0.0,-7.470659255981445,23.787330627441406,-59.765647888183594
21.900000000000002,0.0,-7.470659255981445,22.883087158203125,-68.7304916381836
21.94,0.0,-7.470659255981445,20.374832153320312,-76.2890853881836
21.96,0.0,-7.470659255981445,17.0223445892334,-83.93559265136719
22.0,0.0,-7.470659255981445,15.071106910705566,-88.8574447631836
22.04,0.0,-7.470659255981445,10.718831062316895,-91.31838989257812
22.06,0.0,-7.558577537536621,5.918785095214844,-91.75785064697266
22.1,0.0,-7.558577537536621,3.4123566150665283,-91.75785064697266
22.14,0.0,-7.558577537536621,-1.6833115816116333,-90.96683502197266
22.18,0.0,-7.558577537536621,-6.712392330169678,-87.5390853881836
22.2,0.0,-7.558577537536621,-11.465044021606445,-82.88089752197266
22.240000000000002,0.0,-7.558577537536621,-13.674858093261719,-78.8379135131836
22.28,0.0,-7.558577537536621,-17.645381927490234,-72.77346801757812
22.3,0.0,-7.558577537536621,-17.645381927490234,-64.07230377197266
22.34,0.0,-7.558577537536621,-22.17775535583496,-55.3711051940918
22.38,0.0,-7.382795810699463,-24.06340980529785,-46.84571838378906
22.400000000000002,0.0,-7.470659255981445,-24.06340980529785,-38.58400344848633
22.44,0.0,-7.470659255981445,-24.986042022705078,-28.740251541137695
22.48,0.0,-7.470659255981445,-24.289777755737305,-20.39064598083496
22.5,0.0,-7.470659255981445,-22.56966209411621,-9.404313087463379
22.54,0.0,-7.470659255981445,-21.346052169799805,-3.2519795894622803
22.580000000000002,0.0,-7.470659255981445,-18.23509407043457,3.9550445079803467
22.6,0.0,-7.470659255981445,-14.351080894470215,10.546859741210938
22.64,0.0,-7.470659255981445,-12.168947219848633,15.292940139770508
22.68,0.0,-7.470659255981445,-7.439241886138916,19.248029708862305
22.72,0.0,-7.470659255981445,-2.390718698501587,20.65428352355957
22.740000000000002,0.0,-7.470659255981445,-2.390718698501587,20.65428352355957
22.78,0.0,-7.470659255981445,5.3104400634765625,20.390609741210938
22.82,0.0,-7.470659255981445,10.211709022521973,18.896465301513672
22.84,0.0,-7.470659255981445,10.211709022521973,14.589813232421875
22.88,0.0,-7.470659255981445,16.692840576171875,8.876934051513672
22.92,0.0,-7.470659255981445,20.162620544433594,2.3730363845825195
22.94,0.0,-7.470659255981445,21.58299446105957,-5.0976881980896
22.98,0.0,-7.470659255981445,23.71757698059082,-14.150420188903809
23.0,0.0,-7.470659255981445,24.837018966674805,-25.224641799926758
23.04,0.0,-7.470659255981445,24.998628616333008,-36.3867301940918
23.080000000000002,0.0,-7.470659255981445,24.51558494567871,-47.02149963378906
23.1,0.0,-7.470659255981445,22.97782325744629,-58.535179138183594
23.14,0.0,-7.470659255981445,21.831727981567383,-67.4121322631836
23.18,0.0,-7.470659255981445,18.84560203552246,-74.70704650878906
23.22,0.0,-7.470659255981445,15.044159889221191,-82.70511627197266
23.240000000000002,0.0,-7.470659255981445,12.887298583984375,-87.9785385131836
23.28,0.0,-7.470659255981445,8.177101135253906,-90.43948364257812
23.32,0.0,-7.470659255981445,3.109633684158325,-91.05472564697266
23.34,0.0,-7.470659255981445,0.5099889636039734,-90.96683502197266
23.38,0.0,-7.470659255981445,-4.68023681640625,-90.00003051757812
23.42,0.0,-7.470659255981445,-9.67059326171875,-86.8359603881836
23.44,0.0,-7.470659255981445,-9.67059326171875,-82.26565551757812
23.48,0.0,-7.470659255981445,-16.31001853942871,-78.3984603881836
23.52,0.0,-7.470659255981445,-19.889556884765625,-72.33401489257812
23.54,0.0,-7.470659255981445,-19.889556884765625,-63.457069396972656
23.580000000000002,0.0,-7.470659255981445,-23.595996856689453,-55.5468864440918
23.62,0.0,-7.470659255981445,-24.79817008972168,-46.6699333190918
23.64,0.0,-7.470659255981445,-24.914836883544922,-37.61720275878906
23.68,0.0,-7.470659255981445,-24.914836883544922,-26.718759536743164
23.72,0.0,-7.470659255981445,-23.051664352416992,-17.226573944091797
23.76,0.0,-7.470659255981445,-20.52715492248535,-8.876968383789062
23.78,0.0,-7.470659255981445,-17.097482681274414,-1.4941622018814087
23.82,0.0,-7.470659255981445,-15.088465690612793,5.449189186096191
23.86,0.0,-7.470659255981445,-10.5919189453125,10.81053352355957
23.88,0.0,-7.470659255981445,-5.624607086181641,15.99606704711914
23.92,0.0,-7.470659255981445,-5.624607086181641,19.248029708862305
23.96,0.0,-7.470659255981445,2.2270612716674805,19.423810958862305
24.0,0.0,-7.470659255981445,7.391122341156006,19.248029708862305
24.02,0.0,-7.470659255981445,7.391122341156006,18.632793426513672
24.060000000000002,0.0,-7.470659255981445,14.460538864135742,16.08395767211914
24.1,0.0,-7.470659255981445,18.415828704833984,11.425768852233887
24.12,0.0,-7.470659255981445,21.553861618041992,4.218717098236084
24.16,0.0,-7.470659255981445,22.770586013793945,-2.8125252723693848
24.2,0.0,-7.470659255981445,24.430370330810547,-11.865257263183594
24.22,0.0,-7.470659255981445,24.430370330810547,-22.851591110229492
24.26,0.0,-7.470659255981445,24.86530876159668,-33.662139892578125
24.3,0.0,-7.470659255981445,23.763324737548828,-43.593780517578125
24.32,0.0,-7.470659255981445,22.807798385620117,-55.01953887939453
24.36,0.0,-7.470659255981445,20.139930725097656,-63.632850646972656
24.38,0.0,-7.470659255981445,16.565813064575195,-73.74027252197266
24.42,0.0,-7.470659255981445,16.565813064575195,-82.70511627197266
24.46,0.0,-7.470659255981445,9.862632751464844,-88.9453353881836
24.5,0.0,-7.470659255981445,7.3687028884887695,-92.72464752197266
24.52,0.0,-7.6464409828186035,-0.5008247494697571,-94.57035827636719
24.560000000000002,0.0,-7.6464409828186035,-0.5008247494697571,-94.57035827636719
24.6,0.0,-7.6464409828186035,-8.327303886413574,-94.39456939697266
24.62,0.0,-7.6464409828186035,-13.126602172851562,-92.46097564697266
24.66,0.0,-7.6464409828186035,-13.126602172851562,-87.6269760131836
24.7,0.0,-7.6464409828186035,-19.154434204101562,-82.96878814697266
24.740000000000002,0.0,-7.6464409828186035,-22.12433433532715,-79.0136947631836
24.76,0.0,-7.6464409828186035,-23.239511489868164,-72.59769439697266
24.8,0.0,-7.6464409828186035,-24.66559600830078,-64.68751525878906
24.82,0.0,-7.6464409828186035,-24.968534469604492,-55.2832145690918
24.86,0.0,-7.294877529144287,-24.691770553588867,-46.14259338378906
24.900000000000002,0.0,-7.294877529144287,-23.296165466308594,-39.37501907348633
24.92,0.0,-7.294877529144287,-20.834449768066406,-28.212907791137695
24.96,0.0,-7.382795810699463,-19.236562728881836,-19.863300323486328
25.0,0.0,-7.382795810699463,-15.397103309631348,-10.898458480834961
25.02,0.0,-7.382795810699463,-10.84877872467041,-4.04299783706665
25.060000000000002,0.0,-7.382795810699463,-10.84877872467041,3.603508234024048
25.1,0.0,-7.382795810699463,-3.1579344272613525,8.789043426513672
25.14,0.0,-7.382795810699463,2.205488681793213,12.480459213256836
25.16,0.0,-7.382795810699463,7.470763206481934,15.380830764770508
25.2,0.0,-7.382795810699463,7.470763206481934,15.644503593444824
25.240000000000002,0.0,-7.382795810699463,14.656468391418457,15.205048561096191
25.26,0.0,-7.382795810699463,18.648109436035156,14.238249778747559
25.3,0.0,-7.382795810699463,18.648109436035156,10.019515037536621
25.34,0.0,-7.382795810699463,22.9738712310791,4.833953380584717
25.36,0.0,-7.382795810699463,24.552324295043945,-1.4941622018814087
25.400000000000002,0.0,-7.382795810699463,24.552324295043945,-11.074240684509277
25.44,0.0,-7.382795810699463,24.77419662475586,-20.56642723083496
25.46,0.0,-7.382795810699463,23.478260040283203,-30.23439598083496
25.5,0.0,-7.382795810699463,23.478260040283203,-41.74807357788086
25.54,0.0,-7.382795810699463,19.51338005065918,-53.17386245727539
25.580000000000002,0.0,-7.382795810699463,15.69968318939209,-61.875030517578125
25.6,0.0,-7.382795810699463,15.69968318939209,-72.24613189697266
25.64,0.0,-7.382795810699463,8.663061141967773,-78.8379135131836
25.68,0.0,-7.382795810699463,3.4130053520202637,-84.99027252197266
25.7,0.0,-7.382795810699463,3.4130053520202637,-89.56057739257812
25.740000000000002,0.0,-7.470659255981445,-4.689291954040527,-90.70315551757812
25.78,0.0,-7.558577537536621,-9.872498512268066,-90.79104614257812
25.8,0.0,-7.558577537536621,-14.594385147094727,-90.43948364257812
25.84,0.0,-7.558577537536621,-16.71139144897461,-88.7695541381836
25.88,0.0,-7.558577537536621,-20.33184051513672,-85.95707702636719
25.92,0.0,-7.558577537536621,-22.99454689025879,-80.68362426757812
25.96,0.0,-7.558577537536621,-24.57174301147461,-75.23439025878906
25.98,0.0,-7.558577537536621,-24.57174301147461,-66.26954650878906
26.02,0.0,-7.558577537536621,-24.74917984008789,-58.886741638183594
26.060000000000002,0.0,-7.470659255981445,-23.397079467773438,-49.394554138183594
26.080000000000002,0.0,-7.470659255981445,-20.932804107666016,-41.220726013183594
26.12,0.0,-7.470659255981445,-19.317604064941406,-31.992212295532227
26.16,0.0,-7.470659255981445,-15.415995597839355,-23.818387985229492
26.18,0.0,-7.470659255981445,-10.777280807495117,-13.886748313903809
26.22,0.0,-7.470659255981445,-8.249104499816895,-7.2949323654174805
26.26,0.0,-7.470659255981445,-2.9254438877105713,-1.845725655555725
26.3,0.0,-7.470659255981445,2.5414810180664062,5.097625732421875
26.32,0.0,-7.470659255981445,2.5414810180664062,9.140606880187988
26.36,0.0,-7.470659255981445,10.43959903717041,11.07420539855957
26.400000000000002,0.0,-7.470659255981445,15.13488483428955,11.513660430908203
26.44,0.0,-7.470659255981445,19.106334686279297,11.337878227233887
26.46,0.0,-7.470659255981445,22.16157341003418,9.580060958862305
26.5,0.0,-7.470659255981445,22.16157341003418,5.009735107421875
26.54,0.0,-7.470659255981445,24.71462631225586,-0.08790817856788635
26.560000000000002,0.0,-7.470659255981445,24.940719604492188,-7.2949323654174805
26.6,0.0,-7.470659255981445,24.940719604492188,-17.402355194091797
26.64,0.0,-7.470659255981445,23.033092498779297,-26.806652069091797
26.66,0.0,-7.470659255981445,20.349868774414062,-36.5625114440918
26.7,0.0,-7.470659255981445,20.349868774414062,-48.42775344848633
26.740000000000002,0.0,-7.470659255981445,14.526219367980957,-58.095726013183594
26.76,0.0,-7.470659255981445,9.716699600219727,-66.53321838378906
26.8,0.0,-7.470659255981445,9.716699600219727,-75.23439025878906
26.84,0.0,-7.470659255981445,1.6904970407485962,-81.47464752197266
26.88,0.0,-7.470659255981445,-3.8228399753570557,-86.04496765136719
26.900000000000002,0.0,-7.470659255981445,-9.15322494506836,-88.4179916381836
26.94,0.0,-7.470659255981445,-9.15322494506836,-88.4179916381836
26.98,0.0,-7.470659255981445,-16.24094009399414,-88.15432739257812
27.0,0.0,-7.470659255981445,-20.0224552154541,-86.8359603881836
27.04,0.0,-7.470659255981445,-20.0224552154541,-83.49612426757812
27.080000000000002,0.0,-7.470659255981445,-23.81438446044922,-80.06838989257812
27.12,0.0,-7.470659255981445,-24.90509033203125,-75.32228088378906
27.14,0.0,-7.470659255981445,-24.772464752197266,-66.18165588378906
27.18,0.0,-7.470659255981445,-24.24634552001953,-59.326194763183594
27.22,0.0,-7.470659255981445,-22.305437088012695,-50.185569763183594
27.240000000000002,0.0,-7.470659255981445,-19.2635498046875,-41.92385482788086
27.28,0.0,-7.470659255981445,-17.374052047729492,-33.398468017578125
27.32,0.0,-7.470659255981445,-12.973546981811523,-25.40039825439453
27.34,0.0,-7.470659255981445,-10.516709327697754,-17.226573944091797
27.38,0.0,-7.470659255981445,-5.241169452667236,-10.107439994812012
27.400000000000002,0.0,-7.470659255981445,0.29741770029067993,-4.482452392578125
27.44,0.0,-7.470659255981445,0.29741770029067993,1.3183457851409912
27.48,0.0,-7.470659255981445,8.497960090637207,5.097625732421875
27.52,0.0,-7.470659255981445,13.497052192687988,6.679661750793457
27.54,0.0,-7.470659255981445,13.497052192687988,6.767552375793457
27.580000000000002,0.0,-7.470659255981445,19.672428131103516,6.503879547119141
27.62,0.0,-7.470659255981445,22.60590171813965,5.185516834259033
27.64,0.0,-7.470659255981445,22.60590171813965,0.35154619812965393
27.68,0.0,-7.470659255981445,24.861770629882812,-5.449251651763916
27.72,0.0,-7.470659255981445,24.823280334472656,-12.91994857788086
27.740000000000002,0.0,-7.470659255981445,23.541278839111328,-22.412134170532227
27.78,0.0,-7.470659255981445,23.541278839111328,-33.574249267578125
27.82,0.0,-7.470659255981445,19.43863868713379,-43.417999267578125
27.86,0.0,-7.470659255981445,15.447623252868652,-54.58008575439453
27.900000000000002,0.0,-7.470659255981445,10.676863670349121,-64.95118713378906
27.92,0.0,-7.470659255981445,10.676863670349121,-74.35548400878906
27.96,0.0,-7.470659255981445,2.5892834663391113,-80.59573364257812
28.0,0.0,-7.470659255981445,-3.0280232429504395,-85.25395202636719
28.02,0.0,-7.470659255981445,-3.0280232429504395,-87.8906478881836
28.060000000000002,0.0,-7.470659255981445,-11.08639907836914,-88.15432739257812
28.1,0.0,-7.470659255981445,-15.816505432128906,-87.9785385131836
28.12,0.0,-7.470659255981445,-15.816505432128906,-87.0117416381836
28.16,0.0,-7.470659255981445,-21.349008560180664,-84.46292877197266
28.2,0.0,-7.470659255981445,-23.720184326171875,-81.03518676757812
28.22,0.0,-7.470659255981445,-24.459285736083984,-76.9043197631836
28.26,0.0,-7.470659255981445,-24.996065139770508,-71.01565551757812
28.28,0.0,-7.470659255981445,-24.996065139770508,-62.92972183227539
28.32,0.0,-7.470659255981445,-23.42230987548828,-53.525421142578125
28.36,0.0,-7.470659255981445,-20.86180877685547,-45.6152458190918
28.38,0.0,-7.470659255981445,-17.233423233032227,-37.08985900878906
28.42,0.0,-7.470659255981445,-15.074262619018555,-28.388687133789062
28.46,0.0,-7.470659255981445,-10.203246116638184,-20.830101013183594
28.48,0.0,-7.470659255981445,-4.8060760498046875,-11.689476013183594
28.52,0.0,-7.470659255981445,-1.9957551956176758,-6.679696559906006
28.560000000000002,0.0,-7.470659255981445,3.6681032180786133,-1.9336165189743042
28.580000000000002,0.0,-7.470659255981445,9.146790504455566,2.9882724285125732
28.62,0.0,-7.470659255981445,11.72767448425293,5.185516834259033
28.66,0.0,-7.470659255981445,16.405654907226562,5.449189186096191
28.68,0.0,-7.470659255981445,20.240083694458008,5.273407459259033
28.72,0.0,-7.470659255981445,20.240083694458008,3.4277267456054688
28.76,0.0,-7.470659255981445,23.987680435180664,-0.43947166204452515
28.8,0.0,-7.470659255981445,24.958650588989258,-5.361361026763916
28.84,0.0,-7.470659255981445,24.958650588989258,-14.062530517578125
28.86,0.0,-7.470659255981445,24.960046768188477,-23.906280517578125
28.900000000000002,0.0,-7.470659255981445,21.779878616333008,-33.398468017578125
28.94,0.0,-7.470659255981445,18.433210372924805,-42.62697982788086
28.96,0.0,-7.470659255981445,18.433210372924805,-55.01953887939453
29.0,0.0,-7.470659255981445,11.678498268127441,-63.36917495727539
29.04,0.0,-7.470659255981445,6.358681678771973,-71.45510864257812
29.060000000000002,0.0,-7.470659255981445,6.358681678771973,-78.3984603881836
29.1,0.0,-7.470659255981445,-2.157694101333618,-83.49612426757812
29.14,0.0,-7.470659255981445,-7.760908603668213,-85.95707702636719
29.16,0.0,-7.470659255981445,-7.760908603668213,-86.6601791381836
29.2,0.0,-7.470659255981445,-15.32346248626709,-86.6601791381836
29.240000000000002,0.0,-7.470659255981445,-19.416831970214844,-86.57228088378906
29.26,0.0,-7.470659255981445,-19.416831970214844,-84.02347564697266
29.3,0.0,-7.470659255981445,-23.595651626586914,-80.59573364257812
29.34,0.0,-7.470659255981445,-24.857494354248047,-76.64064025878906
29.36,0.0,-7.470659255981445,-24.857494354248047,-69.0820541381836
29.400000000000002,0.0,-7.470659255981445,-24.293119430541992,-62.49026870727539
29.42,0.0,-7.470659255981445,-22.304218292236328,-53.96487808227539
29.46,0.0,-7.470659255981445,-20.858272552490234,-46.2304801940918
29.5,0.0,-7.470659255981445,-17.157669067382812,-39.550804138183594
29.54,0.0,-7.470659255981445,-12.546276092529297,-29.267597198486328
29.560000000000002,0.0,-7.470659255981445,-12.546276092529297,-20.039081573486328
29.6,0.0,-7.470659255981445,-4.462906360626221,-11.95314884185791
29.64,0.0,-7.470659255981445,1.287912130355835,-6.943369388580322
29.66,0.0,-7.470659255981445,6.973721504211426,-1.4062713384628296
29.7,0.0,-7.470659255981445,9.697054862976074,2.5488181114196777
29.740000000000002,0.0,-7.470659255981445,14.722689628601074,4.746062278747559
29.76,0.0,-7.470659255981445,14.722689628601074,4.921844005584717
29.8,0.0,-7.470659255981445,20.72104263305664,4.5702805519104
29.82,0.0,-7.470659255981445,23.379474639892578,3.4277267456054688
29.86,0.0,-7.470659255981445,23.379474639892578,-0.7910351753234863
29.900000000000002,0.0,-7.470659255981445,24.99748992919922,-6.064460754394531
29.94,0.0,-7.470659255981445,24.408754348754883,-13.183621406555176
29.96,0.0,-7.470659255981445,22.509607315063477,-22.939481735229492
30.0,0.0,-7.470659255981445,22.509607315063477,-34.36526870727539
30.04,0.0,-7.470659255981445,17.439992904663086,-44.12112808227539
30.080000000000002,0.0,-7.470659255981445,12.84175968170166,-54.140655517578125
30.1,0.0,-7.470659255981445,7.5485734939575195,-63.808631896972656
30.14,0.0,-7.470659255981445,4.729157447814941,-71.71878051757812
30.16,0.0,-7.470659255981445,-1.0653727054595947,-77.08009338378906
30.2,0.0,-7.470659255981445,-1.0653727054595947,-82.44144439697266
30.240000000000002,0.0,-7.470659255981445,-9.558012008666992,-84.81449890136719
30.26,0.0,-7.470659255981445,-14.639659881591797,-85.07817077636719
30.3,0.0,-7.470659255981445,-14.639659881591797,-84.99027252197266
30.34,0.0,-7.470659255981445,-20.70398712158203,-84.72660827636719
30.36,0.0,-7.470659255981445,-23.385711669921875,-82.61721801757812
30.400000000000002,0.0,-7.470659255981445,-23.385711669921875,-78.8379135131836
30.44,0.0,-7.470659255981445,-24.998600006103516,-73.47660064697266
30.46,0.0,-7.470659255981445,-24.378583908081055,-66.7968978881836
30.5,0.0,-7.470659255981445,-23.564802169799805,-60.38088607788086
30.54,0.0,-7.470659255981445,-20.983745574951172,-51.767608642578125
30.560000000000002,0.0,-7.470659255981445,-17.254186630249023,-43.330108642578125
30.6,0.0,-7.470659255981445,-17.254186630249023,-33.750030517578125
30.64,0.0,-7.470659255981445,-9.963055610656738,-26.279306411743164
30.68,0.0,-7.470659255981445,-4.357216835021973,-18.896501541137695
30.7,0.0,-7.470659255981445,-4.357216835021973,-11.074240684509277
30.76,0.0,-7.470659255981445,7.261020183563232,-5.625033378601074
30.78,0.0,-7.470659255981445,7.261020183563232,-1.757834792137146
30.82,0.0,-7.470659255981445,15.079150199890137,0.08787357062101364
30.86,0.0,-7.470659255981445,19.313430786132812,0.26365530490875244
30.88,0.0,-7.470659255981445,22.484317779541016,-1.7302845662925392e-05
30.92,0.0,-7.470659255981445,23.613069534301758,-1.669943928718567
30.96,0.0,-7.470659255981445,24.87773895263672,-5.273469924926758
30.98,0.0,-7.470659255981445,24.76601791381836,-12.128931045532227
31.02,0.0,-7.470659255981445,24.192169189453125,-18.896501541137695
31.060000000000002,0.0,-7.470659255981445,22.046756744384766,-27.070323944091797
31.080000000000002,0.0,-7.470659255981445,18.675973892211914,-37.61720275878906
31.12,0.0,-7.470659255981445,16.586515426635742,-47.1093864440918
31.16,0.0,-7.470659255981445,11.743653297424316,-56.68946838378906
31.18,0.0,-7.470659255981445,6.2439284324646,-65.91798400878906
31.220000000000002,0.0,-7.470659255981445,3.342191696166992,-72.77346801757812
31.26,0.0,-7.470659255981445,-2.5629477500915527,-77.6953353881836
31.28,0.0,-7.470659255981445,-8.328415870666504,-81.56253814697266
31.32,0.0,-7.470659255981445,-11.05716609954834,-82.35355377197266
31.36,0.0,-7.470659255981445,-16.015209197998047,-82.35355377197266
31.38,0.0,-7.470659255981445,-20.078937530517578,-82.17776489257812
31.42,0.0,-7.470659255981445,-21.701396942138672,-80.85940551757812
31.44,0.0,-7.470659255981445,-24.01235580444336,-78.1347885131836
31.48,0.0,-7.470659255981445,-24.667728424072266,-73.56449127197266
31.52,0.0,-7.470659255981445,-24.930665969848633,-67.0605697631836
31.54,0.0,-7.470659255981445,-23.79035758972168,-59.589866638183594
31.580000000000002,0.0,-7.470659255981445,-22.710256576538086,-50.888694763183594
31.62,0.0,-7.470659255981445,-19.60485076904297,-43.154327392578125
31.66,0.0,-7.470659255981445,-15.390727043151855,-34.18948745727539
31.68,0.0,-7.470659255981445,-12.939592361450195,-26.103525161743164
31.720000000000002,0.0,-7.470659255981445,-7.521605014801025,-17.92970085144043
31.76,0.0,-7.470659255981445,-1.6745059490203857,-9.755876541137695
31.78,0.0,-7.470659255981445,-1.6745059490203857,-3.691434383392334
31.84,0.0,-7.470659255981445,1.3070825338363647,2.2851455211639404
31.88,0.0,-7.470659255981445,15.12028980255127,5.800752639770508
31.92,0.0,-7.470659255981445,15.12028980255127,6.679661750793457
31.96,0.0,-7.470659255981445,17.386871337890625,6.152316093444824
32.0,0.0,-7.470659255981445,24.484508514404297,4.042935371398926
32.02,0.0,-7.470659255981445,24.484508514404297,-0.5273625254631042
32.06,0.0,-7.470659255981445,24.69650650024414,-6.152351379394531
32.1,0.0,-7.470659255981445,23.067636489868164,-13.623075485229492
32.12,0.0,-7.470659255981445,23.067636489868164,-23.291044235229492
32.160000000000004,0.0,-7.470659255981445,18.194931030273438,-32.69533920288086
32.2,0.0,-7.470659255981445,13.595220565795898,-40.957054138183594
32.22,0.0,-7.470659255981445,13.595220565795898,-52.03127670288086
32.26,0.0,-7.470659255981445,5.321444034576416,-59.765647888183594
32.3,0.0,-7.470659255981445,-0.6497462391853333,-66.00587463378906
32.34,0.0,-7.470659255981445,-0.6497462391853333,-72.42191314697266
32.36,0.0,-7.470659255981445,-12.147734642028809,-75.41017150878906
32.4,0.0,-7.470659255981445,-12.147734642028809,-75.93751525878906
32.44,0.0,-7.470659255981445,-19.089433670043945,-75.84962463378906
32.480000000000004,0.0,-7.470659255981445,-22.39211082458496,-75.14649963378906
32.5,0.0,-7.470659255981445,-23.567127227783203,-71.71878051757812
32.54,0.0,-7.470659255981445,-24.877927780151367,-66.97267150878906
32.58,0.0,-7.470659255981445,-24.746150970458984,-62.138702392578125
32.6,0.0,-7.470659255981445,-23.176921844482422,-53.525421142578125
32.64,0.0,-7.470659255981445,-21.877824783325195,-46.75782775878906
32.660000000000004,0.0,-7.470659255981445,-18.34373664855957,-41.48440170288086
32.7,0.0,-7.470659255981445,-18.34373664855957,-31.640649795532227
32.74,0.0,-7.470659255981445,-11.116387367248535,-24.257844924926758
32.76,0.0,-7.470659255981445,-5.4212965965271,-16.523447036743164
32.8,0.0,-7.470659255981445,-5.4212965965271,-9.404313087463379
32.84,0.0,-7.470659255981445,3.6118276119232178,-4.921906471252441
32.88,0.0,-7.470659255981445,9.447749137878418,-0.9668169021606445
32.9,0.0,-7.470659255981445,9.447749137878418,2.1093637943267822
32.96,0.0,-7.470659255981445,12.179766654968262,2.4609272480010986
32.980000000000004,0.0,-7.470659255981445,17.07096290588379,2.2851455211639404
33.02,0.0,-7.470659255981445,20.962907791137695,1.054673194885254
33.06,0.0,-7.470659255981445,24.898845672607422,-2.7246344089508057
33.08,0.0,-7.470659255981445,24.70660972595215,-8.789076805114746
33.12,0.0,-7.470659255981445,24.060104370117188,-15.820320129394531
33.160000000000004,0.0,-7.470659255981445,21.712451934814453,-23.203153610229492
33.18,0.0,-7.470659255981445,18.080738067626953,-33.837921142578125
33.22,0.0,-7.470659255981445,18.080738067626953,-44.47269058227539
33.26,0.0,-7.470659255981445,10.708490371704102,-54.58008575439453
33.3,0.0,-7.470659255981445,4.9324564933776855,-61.259796142578125
33.32,0.0,-7.470659255981445,4.9324564933776855,-68.4668197631836
33.36,0.0,-7.470659255981445,-4.174004077911377,-72.68558502197266
33.4,0.0,-7.470659255981445,-10.014623641967773,-74.79493713378906
33.42,0.0,-7.470659255981445,-10.014623641967773,-74.88282775878906
33.46,0.0,-7.470659255981445,-17.564851760864258,-74.79493713378906
33.5,0.0,-7.470659255981445,-21.352293014526367,-73.91605377197266
33.54,0.0,-7.470659255981445,-21.352293014526367,-70.04885864257812
33.56,0.0,-7.470659255981445,-24.959346771240234,-64.51173400878906
33.6,0.0,-7.470659255981445,-24.959346771240234,-58.095726013183594
33.64,0.0,-7.470659255981445,-24.946321487426758,-50.36135482788086
33.660000000000004,0.0,-7.470659255981445,-21.231504440307617,-44.29690933227539
33.7,0.0,-7.470659255981445,-21.231504440307617,-35.6836051940918
33.74,0.0,-7.470659255981445,-15.054030418395996,-27.24610710144043
33.76,0.0,-7.470659255981445,-9.745648384094238,-18.457046508789062
33.8,0.0,-7.470659255981445,-9.745648384094238,-9.052749633789062
33.84,0.0,-7.470659255981445,-0.7881482839584351,-2.7246344089508057
33.88,0.0,-7.470659255981445,5.3236188888549805,3.9550445079803467
33.9,0.0,-7.470659255981445,11.117724418640137,9.931624412536621
33.94,0.0,-7.470659255981445,11.117724418640137,13.886686325073242
33.980000000000004,0.0,-7.470659255981445,13.784832954406738,15.90817642211914
34.0,0.0,-7.470659255981445,22.01499366760254,16.347631454467773
34.04,0.0,-7.470659255981445,23.305400848388672,16.17184829711914
34.08,0.0,-7.470659255981445,24.809661865234375,15.556612968444824
34.1,0.0,-7.470659255981445,24.80959701538086,11.953113555908203
34.14,0.0,-7.470659255981445,24.241025924682617,6.591770648956299
34.18,0.0,-7.470659255981445,22.008411407470703,-0.08790817856788635
34.2,0.0,-7.470659255981445,18.435476303100586,-7.910168170928955
34.24,0.0,-7.470659255981445,16.210796356201172,-16.787120819091797
34.28,0.0,-7.470659255981445,11.053407669067383,-25.40039825439453
34.32,0.0,-7.470659255981445,5.218659400939941,-35.6836051940918
34.34,0.0,-7.470659255981445,2.157224416732788,-42.275421142578125
34.38,0.0,-7.470659255981445,-4.020056247711182,-47.63673400878906
34.4,0.0,-7.470659255981445,-9.954816818237305,-51.59182357788086
34.44,0.0,-7.470659255981445,-12.716341018676758,-52.73440170288086
34.480000000000004,0.0,-7.470659255981445,-17.61530113220215,-52.73440170288086
34.5,0.0,-7.470659255981445,-17.61530113220215,-52.558624267578125
34.54,0.0,-7.470659255981445,-19.676952362060547,-51.41604232788086
34.58,0.0,-7.470659255981445,-24.64946174621582,-48.955101013183594
34.6,0.0,-7.470659255981445,-24.64946174621582,-45.3515739440918
34.64,0.0,-7.470659255981445,-24.97657012939453,-40.166038513183594
34.68,0.0,-7.470659255981445,-22.46204948425293,-32.783233642578125
34.72,0.0,-7.470659255981445,-19.062824249267578,-25.40039825439453
34.74,0.0,-7.470659255981445,-14.48383617401123,-15.293002128601074
34.78,0.0,-7.470659255981445,-14.48383617401123,-7.1191511154174805
34.82,0.0,-7.470659255981445,-6.0345139503479,-1.0547077655792236
34.86,0.0,-7.470659255981445,0.1455296128988266,5.009735107421875
34.88,0.0,-7.470659255981445,6.319998741149902,9.755843162536621
34.92,0.0,-7.470659255981445,6.319998741149902,12.30467700958252
34.96,0.0,-7.470659255981445,14.738073348999023,12.568350791931152
34.980000000000004,0.0,-7.470659255981445,19.277647018432617,12.392568588256836
35.02,0.0,-7.470659255981445,19.277647018432617,11.337878227233887
35.06,0.0,-7.470659255981445,23.771528244018555,7.998025417327881
35.08,0.0,-7.470659255981445,24.948293685913086,3.3398358821868896
35.12,0.0,-7.470659255981445,24.948293685913086,-4.218779563903809
35.160000000000004,0.0,-7.470659255981445,23.79582405090332,-11.601585388183594
35.18,0.0,-7.470659255981445,21.148683547973633,-19.951190948486328
35.22,0.0,-7.470659255981445,21.148683547973633,-31.464868545532227
35.26,0.0,-7.470659255981445,14.765791893005371,-40.86916732788086
35.300000000000004,0.0,-7.470659255981445,9.288445472717285,-50.185569763183594
35.34,0.0,-7.470659255981445,3.2246367931365967,-59.41408920288086
35.36,0.0,-7.470659255981445,3.2246367931365967,-66.97267150878906
35.4,0.0,-7.470659255981445,-6.134213447570801,-71.63088989257812
35.44,0.0,-7.470659255981445,-11.976313591003418,-73.82816314697266
35.46,0.0,-7.470659255981445,-17.06642723083496,-74.17970275878906
35.5,0.0,-7.470659255981445,-19.226272583007812,-74.09181213378906
35.54,0.0,-7.470659255981445,-22.6037540435791,-73.47660064697266
35.58,0.0,-7.470659255981445,-24.5537052154541,-69.43362426757812
35.6,0.0,-7.470659255981445,-24.5537052154541,-64.24808502197266
35.64,0.0,-7.470659255981445,-24.553443908691406,-58.35939407348633
35.68,0.0,-7.470659255981445,-22.599355697631836,-51.06447982788086
35.7,0.0,-7.470659255981445,-22.599355697631836,-43.94534683227539
35.74,0.0,-7.470659255981445,-17.039369583129883,-36.6504020690918
35.78,0.0,-7.470659255981445,-11.920345306396484,-28.388687133789062
35.800000000000004,0.0,-7.470659255981445,-11.920345306396484,-18.984390258789062
35.84,0.0,-7.470659255981445,-9.052734375,-11.074240684509277
35.88,0.0,-7.470659255981445,3.384880304336548,-6.064460754394531
35.9,0.0,-7.470659255981445,3.384880304336548,-0.17579905688762665
35.94,0.0,-7.470659255981445,12.333882331848145,4.218717098236084
35.96,0.0,-7.470659255981445,17.39514923095703,6.503879547119141
36.0,0.0,-7.470659255981445,19.527009963989258,7.119115829467773
36.04,0.0,-7.470659255981445,22.821205139160156,6.943334102630615
36.08,0.0,-7.470659255981445,22.821205139160156,6.679661750793457
36.12,0.0,-7.470659255981445,23.92998504638672,2.5488181114196777
36.160000000000004,0.0,-7.470659255981445,23.55464744567871,-4.394561290740967
36.18,0.0,-7.470659255981445,20.688518524169922,-12.216821670532227
36.22,0.0,-7.470659255981445,18.74018096923828,-19.775409698486328
36.26,0.0,-7.470659255981445,13.968644142150879,-28.564470291137695
36.28,0.0,-7.470659255981445,13.968644142150879,-38.14454650878906
36.32,0.0,-7.470659255981445,5.228903293609619,-44.56058120727539
36.36,0.0,-7.470659255981445,-1.105639100074768,-50.712913513183594
36.38,0.0,-7.470659255981445,-4.273149013519287,-54.93164825439453
36.42,0.0,-7.470659255981445,-10.352071762084961,-56.95314025878906
36.44,0.0,-7.470659255981445,-15.76339054107666,-57.21681213378906
36.480000000000004,0.0,-7.470659255981445,-18.106327056884766,-57.12892150878906
36.52,0.0,-7.470659255981445,-21.875442504882812,-56.07423400878906
36.54,0.0,-7.470659255981445,-24.22491455078125,-52.73440170288086
36.58,0.0,-7.470659255981445,-24.81486701965332,-48.60353469848633
36.6,0.0,-7.470659255981445,-24.77553939819336,-45.08789825439453
36.64,0.0,-7.470659255981445,-24.77553939819336,-39.28712844848633
36.68,0.0,-7.470659255981445,-21.717954635620117,-31.113306045532227
36.72,0.0,-7.470659255981445,-17.870634078979492,-23.730499267578125
36.74,0.0,-7.470659255981445,-12.853351593017578,-13.447293281555176
36.78,0.0,-7.470659255981445,-10.005480766296387,-6.943369388580322
36.82,0.0,-7.470659255981445,-3.8635969161987305,-1.0547077655792236
36.86,0.0,-7.470659255981445,2.53481125831604,5.53708028793335
36.88,0.0,-7.470659255981445,2.53481125831604,9.755843162536621
36.92,0.0,-7.470659255981445,11.697944641113281,11.777332305908203
36.96,0.0,-7.470659255981445,16.931316375732422,12.12889575958252
36.980000000000004,0.0,-7.470659255981445,19.150394439697266,12.04100513458252
37.02,0.0,-7.470659255981445,22.609479904174805,11.425768852233887
37.04,0.0,-7.470659255981445,24.580602645874023,8.085916519165039
37.08,0.0,-7.470659255981445,24.96267318725586,3.515617609024048
37.12,0.0,-7.470659255981445,24.486623764038086,-2.8125252723693848
37.14,0.0,-7.470659255981445,22.392343521118164,-11.425804138183594
37.18,0.0,-7.470659255981445,20.77683448791504,-19.599628448486328
37.22,0.0,-7.470659255981445,16.541301727294922,-28.212907791137695
37.24,0.0,-7.470659255981445,16.541301727294922,-38.58400344848633
37.28,0.0,-7.470659255981445,8.236471176147461,-45.52735137939453
37.300000000000004,0.0,-7.470659255981445,1.9320523738861084,-52.03127670288086
37.34,0.0,-7.470659255981445,-1.2964121103286743,-55.63477325439453
37.38,0.0,-7.470659255981445,-7.63752555847168,-57.832054138183594
37.4,0.0,-7.470659255981445,-7.63752555847168,-58.35939407348633
37.44,0.0,-7.470659255981445,-16.078826904296875,-58.271507263183594
37.480000000000004,0.0,-7.470659255981445,-20.444599151611328,-57.48048782348633
37.5,0.0,-7.470659255981445,-20.444599151611328,-53.96487808227539
37.56,0.0,-7.470659255981445,-22.131744384765625,-48.16408157348633
37.58,0.0,-7.470659255981445,-24.37226104736328,-42.978546142578125
37.62,0.0,-7.470659255981445,-23.92608642578125,-37.3535270690918
37.660000000000004,0.0,-7.470659255981445,-21.263948440551758,-29.794940948486328
37.68,0.0,-7.470659255981445,-17.17442512512207,-20.830101013183594
37.72,0.0,-7.470659255981445,-14.67615032196045,-11.425804138183594
37.76,0.0,-7.470659255981445,-8.98131275177002,-5.712924480438232
37.78,0.0,-7.470659255981445,-8.98131275177002,1.7578002214431763
37.82,0.0,-7.470659255981445,0.5676429867744446,7.20700740814209
37.86,0.0,-7.470659255981445,6.9809889793396,11.162096977233887
37.88,0.0,-7.470659255981445,6.9809889793396,14.238249778747559
37.92,0.0,-7.470659255981445,15.597258567810059,14.765595436096191
37.96,0.0,-7.470659255981445,20.105493545532227,14.677703857421875
37.980000000000004,0.0,-7.470659255981445,23.256807327270508,13.095695495605469
38.02,0.0,-7.470659255981445,23.256807327270508,9.492170333862305
38.06,0.0,-7.470659255981445,24.99687385559082,4.5702805519104
38.08,0.0,-7.470659255981445,24.047250747680664,-1.757834792137146
38.12,0.0,-7.470659255981445,24.047250747680664,-11.337912559509277
38.160000000000004,0.0,-7.470659255981445,19.61175537109375,-19.951190948486328
38.2,0.0,-7.470659255981445,14.936622619628906,-29.61916160583496
38.22,0.0,-7.470659255981445,9.242547035217285,-39.37501907348633
38.26,0.0,-7.470659255981445,6.132055759429932,-46.75782775878906
38.28,0.0,-7.470659255981445,-0.3512570559978485,-52.998077392578125
38.32,0.0,-7.470659255981445,-0.3512570559978485,-58.095726013183594
38.36,0.0,-7.470659255981445,-9.898933410644531,-60.644561767578125
38.38,0.0,-7.470659255981445,-15.511475563049316,-61.17190170288086
38.42,0.0,-7.470659255981445,-15.511475563049316,-61.17190170288086
38.46,0.0,-7.470659255981445,-21.844501495361328,-60.29299545288086
38.5,0.0,-7.470659255981445,-24.25160789489746,-57.74415969848633
38.54,0.0,-7.470659255981445,-24.99620819091797,-52.11916732788086
38.56,0.0,-7.470659255981445,-24.024490356445312,-46.3183708190918
38.6,0.0,-7.470659255981445,-22.91047477722168,-41.92385482788086
38.64,0.0,-7.470659255981445,-19.520336151123047,-34.62894058227539
38.68,0.0,-7.470659255981445,-14.784150123596191,-26.103525161743164
38.7,0.0,-7.470659255981445,-14.784150123596191,-15.820320129394531
38.76,0.0,-7.470659255981445,-12.009563446044922,-6.767587661743164
38.78,0.0,-7.470659255981445,-5.885778903961182,-0.26368993520736694
38.82,0.0,-7.470659255981445,7.139763355255127,4.921844005584717
38.86,0.0,-7.470659255981445,13.141242027282715,8.085916519165039
38.88,0.0,-7.470659255981445,18.235559463500977,9.755843162536621
38.92,0.0,-7.470659255981445,20.328548431396484,9.667951583862305
38.96,0.0,-7.470659255981445,23.423261642456055,9.140606880187988
38.980000000000004,0.0,-7.470659255981445,24.892662048339844,7.119115829467773
39.02,0.0,-7.470659255981445,24.98046875,3.0761632919311523
39.06,0.0,-7.470659255981445,23.852922439575195,-2.197289228439331
39.08,0.0,-7.470659255981445,21.063556671142578,-10.810566902160645
39.12,0.0,-7.470659255981445,21.063556671142578,-20.12697410583496
39.160000000000004,0.0,-7.470659255981445,14.211902618408203,-28.916034698486328
39.18,0.0,-7.470659255981445,8.32740306854248,-38.32032775878906
39.22,0.0,-7.470659255981445,8.32740306854248,-47.46095275878906
39.26,0.0,-7.470659255981445,-1.4562342166900635,-54.40433120727539
39.28,0.0,-7.470659255981445,-7.952045917510986,-59.50197982788086
39.32,0.0,-7.470659255981445,-7.952045917510986,-63.28128433227539
39.36,0.0,-7.470659255981445,-16.52419090270996,-64.59961700439453
39.38,0.0,-7.470659255981445,-20.87161636352539,-64.59961700439453
39.42,0.0,-7.470659255981445,-20.87161636352539,-64.51173400878906
39.46,0.0,-7.470659255981445,-22.51154327392578,-63.28128433227539
39.480000000000004,0.0,-7.470659255981445,-24.915664672851562,-59.765647888183594
39.52,0.0,-7.470659255981445,-24.915664672851562,-53.525421142578125
39.56,0.0,-7.470659255981445,-22.155994415283203,-47.37306213378906
39.58,0.0,-7.470659255981445,-18.32415199279785,-42.714874267578125
39.62,0.0,-7.470659255981445,-18.32415199279785,-34.36526870727539
39.660000000000004,0.0,-7.470659255981445,-10.254861831665039,-25.92774200439453
39.7,0.0,-7.470659255981445,-3.8797414302825928,-17.578136444091797
39.72,0.0,-7.470659255981445,2.7735512256622314,-9.404313087463379
39.76,0.0,-7.470659255981445,2.7735512256622314,-3.4277613162994385
39.800000000000004,0.0,-7.470659255981445,12.246376991271973,1.5820183753967285
39.84,0.0,-7.470659255981445,17.569005966186523,5.361298561096191
39.88,0.0,-7.470659255981445,21.645151138305664,6.943334102630615
39.9,0.0,-7.470659255981445,21.645151138305664,6.855443477630615
39.96,0.0,-7.470659255981445,23.12044906616211,6.240207195281982
39.980000000000004,0.0,-7.470659255981445,24.812543869018555,1.7578002214431763
40.02,0.0,-7.470659255981445,22.895051956176758,-2.900416135787964
40.06,0.0,-7.470659255981445,19.416881561279297,-9.316422462463379
40.08,0.0,-7.470659255981445,14.54820728302002,-18.632827758789062
40.12,0.0,-7.470659255981445,14.54820728302002,-28.564470291137695
40.160000000000004,0.0,-7.470659255981445,5.417231559753418,-36.0351676940918
40.18,0.0,-7.470659255981445,-1.254643201828003,-41.92385482788086
40.22,0.0,-7.470659255981445,-4.58820915222168,-46.14259338378906
40.26,0.0,-7.470659255981445,-10.950995445251465,-48.77931594848633
40.28,0.0,-7.470659255981445,-16.529712677001953,-49.04298782348633
40.32,0.0,-7.470659255981445,-18.896190643310547,-49.04298782348633
40.36,0.0,-7.470659255981445,-22.56903076171875,-48.955101013183594
40.38,0.0,-7.470659255981445,-24.616817474365234,-47.1093864440918
40.42,0.0,-7.470659255981445,-24.979413986206055,-44.47269058227539
40.46,0.0,-7.470659255981445,-24.347518920898438,-40.957054138183594
40.480000000000004,0.0,-7.470659255981445,-21.955524444580078,-33.925811767578125
40.52,0.0,-7.470659255981445,-20.147994995117188,-27.15821647644043
40.56,0.0,-7.470659255981445,-15.47201156616211,-20.12697410583496
40.58,0.0,-7.470659255981445,-15.47201156616211,-10.283222198486328
40.62,0.0,-7.470659255981445,-6.479742527008057,-4.834015846252441
40.660000000000004,0.0,-7.470659255981445,0.20209574699401855,0.8788914680480957
40.68,0.0,-7.470659255981445,0.20209574699401855,6.767552375793457
40.72,0.0,-7.470659255981445,3.569530725479126,10.195296287536621
40.76,0.0,-7.470659255981445,15.804718971252441,11.601550102233887
40.78,0.0,-7.470659255981445,20.40987205505371,11.601550102233887
40.82,0.0,-7.470659255981445,22.172338485717773,11.24998664855957
40.86,0.0,-7.470659255981445,24.45472526550293,9.931624412536621
40.9,0.0,-7.470659255981445,24.9521484375,5.009735107421875
40.92,0.0,-7.470659255981445,24.9521484375,-1.3183804750442505
40.96,0.0,-7.470659255981445,22.302419662475586,-8.34962272644043
41.0,0.0,-7.470659255981445,18.456493377685547,-16.962902069091797
41.02,0.0,-7.470659255981445,18.456493377685547,-27.070323944091797
41.06,0.0,-7.470659255981445,10.262504577636719,-36.6504020690918
41.08,0.0,-7.470659255981445,3.7648308277130127,-43.154327392578125
41.12,0.0,-7.470659255981445,3.7648308277130127,-51.67971420288086
41.160000000000004,0.0,-7.470659255981445,-6.3508806228637695,-55.7226676940918
41.18,0.0,-7.470659255981445,-12.617630004882812,-58.710960388183594
41.22,0.0,-7.470659255981445,-12.617630004882812,-59.765647888183594
41.26,0.0,-7.470659255981445,-20.153404235839844,-59.67776107788086
41.300000000000004,0.0,-7.470659255981445,-23.391632080078125,-59.326194763183594
41.32,0.0,-7.470659255981445,-24.90333366394043,-56.3379020690918
41.36,0.0,-7.470659255981445,-24.970687866210938,-52.03127670288086
41.4,0.0,-7.470659255981445,-23.720382690429688,-47.28517150878906
41.42,0.0,-7.470659255981445,-20.71242332458496,-42.18752670288086
41.46,0.0,-7.470659255981445,-18.613447189331055,-35.6836051940918
41.5,0.0,-7.470659255981445,-13.41881275177002,-28.652360916137695
41.52,0.0,-7.470659255981445,-7.225000858306885,-19.951190948486328
41.56,0.0,-7.470659255981445,-3.8947720527648926,-12.128931045532227
41.6,0.0,-7.470659255981445,2.922973155975342,-7.031260013580322
41.62,0.0,-7.470659255981445,9.526544570922852,-2.6367435455322266
41.660000000000004,0.0,-7.470659255981445,12.592503547668457,0.6152188181877136
41.7,0.0,-7.470659255981445,17.966054916381836,2.2851455211639404
41.72,0.0,-7.470659255981445,22.001178741455078,2.1972546577453613
41.76,0.0,-7.470659255981445,23.41739845275879,2.1093637943267822
41.800000000000004,0.0,-7.470659255981445,24.913110733032227,-0.26368993520736694
41.82,0.0,-7.470659255981445,24.963802337646484,-4.482452392578125
41.86,0.0,-7.470659255981445,23.664304733276367,-9.843767166137695
41.88,0.0,-7.470659255981445,20.590320587158203,-18.28126335144043
41.92,0.0,-7.470659255981445,18.454301834106445,-26.01563262939453
41.96,0.0,-7.470659255981445,13.183345794677734,-34.98050308227539
41.980000000000004,0.0,-7.470659255981445,6.918978691101074,-43.154327392578125
42.02,0.0,-7.470659255981445,3.559032678604126,-49.74611282348633
42.06,0.0,-7.470659255981445,-3.3005056381225586,-54.6679801940918
42.1,0.0,-7.470659255981445,-3.3005056381225586,-57.74415969848633
42.12,0.0,-7.470659255981445,-6.670379161834717,-58.271507263183594
42.160000000000004,0.0,-7.470659255981445,-18.298477172851562,-58.18361282348633
42.2,0.0,-7.470659255981445,-22.245100021362305,-57.91994094848633
42.24,0.0,-7.470659255981445,-22.245100021362305,-54.58008575439453
42.28,0.0,-7.470659255981445,-23.602426528930664,-49.21876907348633
42.300000000000004,0.0,-7.470659255981445,-24.955034255981445,-44.29690933227539
42.34,0.0,-7.470659255981445,-22.030338287353516,-39.19923782348633
42.38,0.0,-7.470659255981445,-17.96922492980957,-32.25588607788086
42.4,0.0,-7.470659255981445,-17.96922492980957,-23.466825485229492
42.44,0.0,-7.470659255981445,-9.439311027526855,-14.677765846252441
42.480000000000004,0.0,-7.470659255981445,-2.754993200302124,-7.910168170928955
42.5,0.0,-7.470659255981445,4.142498970031738,-1.0547077655792236
42.54,0.0,-7.470659255981445,7.5065436363220215,4.6581711769104
42.58,0.0,-7.470659255981445,13.743907928466797,8.349588394165039
42.6,0.0,-7.470659255981445,18.934974670410156,11.162096977233887
42.64,0.0,-7.470659255981445,21.009687423706055,11.689441680908203
42.68,0.0,-7.470659255981445,23.9176025390625,11.425768852233887
42.7,0.0,-7.470659255981445,24.996068954467773,10.371078491210938
42.74,0.0,-7.470659255981445,24.81684112548828,7.29489803314209
42.76,0.0,-7.470659255981445,23.036827087402344,2.5488181114196777
42.800000000000004,0.0,-7.470659255981445,21.469627380371094,-3.2519795894622803
42.84,0.0,-7.470659255981445,17.12970733642578,-10.634785652160645
42.86,0.0,-7.470659255981445,11.470978736877441,-20.214862823486328
42.9,0.0,-7.470659255981445,8.27935791015625,-28.476577758789062
42.94,0.0,-7.470659255981445,1.478142499923706,-35.59571075439453
42.96,0.0,-7.470659255981445,-5.440366744995117,-40.253929138183594
43.0,0.0,-7.470659255981445,-5.440366744995117,-42.80276107788086
43.04,0.0,-7.470659255981445,-14.87834644317627,-42.978546142578125
43.08,0.0,-7.470659255981445,-19.83414649963379,-42.978546142578125
43.1,0.0,-7.470659255981445,-23.258575439453125,-42.890655517578125
43.14,0.0,-7.470659255981445,-24.30771827697754,-42.18752670288086
43.160000000000004,0.0,-7.470659255981445,-24.97650146484375,-39.550804138183594
43.2,0.0,-7.470659255981445,-24.97650146484375,-33.662139892578125
43.24,0.0,-7.470659255981445,-22.373586654663086,-27.59766960144043
43.28,0.0,-7.470659255981445,-18.426433563232422,-21.269554138183594
43.300000000000004,0.0,-7.470659255981445,-18.426433563232422,-10.722677230834961
43.34,0.0,-7.470659255981445,-6.646146297454834,-2.4609618186950684
43.38,0.0,-7.470659255981445,-3.218196153640747,5.361298561096191
43.42,0.0,-7.470659255981445,3.7609474658966064,11.162096977233887
43.44,0.0,-7.470659255981445,10.450187683105469,17.92966651916504
43.480000000000004,0.0,-7.470659255981445,13.52076244354248,22.148427963256836
43.52,0.0,-7.470659255981445,18.812955856323242,24.082000732421875
43.54,0.0,-7.470659255981445,22.63661766052246,24.169891357421875
43.58,0.0,-7.470659255981445,23.89834976196289,24.169891357421875
43.62,0.0,-7.470659255981445,24.996318817138672,23.818328857421875
43.64,0.0,-7.470659255981445,24.135217666625977,22.148427963256836
43.68,0.0,-7.470659255981445,22.984256744384766,17.57810401916504
43.72,0.0,-7.470659255981445,19.352798461914062,12.04100513458252
43.74,0.0,-7.470659255981445,14.198541641235352,3.8671536445617676
43.78,0.0,-7.470659255981445,11.172462463378906,-3.603543519973755
43.82,0.0,-7.470659255981445,4.519352436065674,-11.513693809509277
43.84,0.0,-7.470659255981445,-2.493121862411499,-18.632827758789062
43.88,0.0,-7.470659255981445,-5.96142053604126,-22.851591110229492
43.9,0.0,-7.470659255981445,-12.479552268981934,-24.873079299926758
43.94,0.0,-7.470659255981445,-15.399847984313965,-24.873079299926758
43.980000000000004,0.0,-7.470659255981445,-20.273237228393555,-24.785188674926758
44.0,0.0,-7.470659255981445,-23.54523468017578,-23.466825485229492
44.04,0.0,-7.470659255981445,-23.54523468017578,-19.511735916137695
44.08,0.0,-7.470659255981445,-24.918445587158203,-14.150420188903809
44.12,0.0,-7.470659255981445,-23.367469787597656,-8.789076805114746
44.14,0.0,-7.470659255981445,-19.96067237854004,-2.7246344089508057
44.18,0.0,-7.470659255981445,-17.63979721069336,4.746062278747559
44.2,0.0,-7.470659255981445,-11.992471694946289,10.458970069885254
44.24,0.0,-7.470659255981445,-11.992471694946289,17.57810401916504
44.28,0.0,-7.470659255981445,-1.8888107538223267,22.499990463256836
44.32,0.0,-7.470659255981445,5.154714584350586,24.697235107421875
44.36,0.0,-7.470659255981445,11.790420532226562,25.66403579711914
44.38,0.0,-7.470659255981445,11.790420532226562,25.66403579711914
44.42,0.0,-7.470659255981445,19.837797164916992,25.48825454711914
44.46,0.0,-7.470659255981445,23.30423355102539,24.345672607421875
44.480000000000004,0.0,-7.470659255981445,24.906545639038086,19.775375366210938
44.52,0.0,-7.470659255981445,24.961462020874023,14.501921653747559
44.56,0.0,-7.470659255981445,23.571449279785156,7.558570861816406
44.58,0.0,-7.470659255981445,20.288841247558594,-1.845725655555725
44.62,0.0,-7.470659255981445,18.013883590698242,-10.810566902160645
44.660000000000004,0.0,-7.470659255981445,12.423937797546387,-19.423845291137695
44.68,0.0,-7.470659255981445,5.831601142883301,-28.12501335144043
44.72,0.0,-7.470659255981445,2.3229315280914307,-33.837921142578125
44.76,0.0,-7.470659255981445,-4.766106128692627,-36.9140739440918
44.78,0.0,-7.470659255981445,-11.474143028259277,-38.32032775878906
44.82,0.0,-7.470659255981445,-14.513470649719238,-38.32032775878906
44.84,0.0,-7.470659255981445,-19.65470314025879,-38.23243713378906
44.88,0.0,-7.470659255981445,-19.65470314025879,-37.52931213378906
44.92,0.0,-7.470659255981445,-24.294851303100586,-34.80472183227539
44.94,0.0,-7.470659255981445,-24.971792221069336,-30.849632263183594
44.980000000000004,0.0,-7.470659255981445,-24.548439025878906,-25.839853286743164
45.02,0.0,-7.470659255981445,-22.21916961669922,-19.687519073486328
45.04,0.0,-7.470659255981445,-22.21916961669922,-10.546895027160645
45.08,0.0,-7.470659255981445,-15.439982414245605,-4.04299783706665
45.12,0.0,-7.470659255981445,-9.262205123901367,3.603508234024048
45.160000000000004,0.0,-7.470659255981445,-2.327625036239624,11.24998664855957
45.18,0.0,-7.470659255981445,-2.327625036239624,18.36911964416504
45.22,0.0,-7.470659255981445,8.253900527954102,22.499990463256836
45.26,0.0,-7.470659255981445,14.589282035827637,24.345672607421875
45.28,0.0,-7.470659255981445,19.73625373840332,24.433565139770508
45.32,0.0,-7.470659255981445,19.73625373840332,24.169891357421875
45.36,0.0,-7.470659255981445,24.33922576904297,23.906217575073242
45.38,0.0,-7.470659255981445,24.959793090820312,22.32421112060547
45.42,0.0,-7.470659255981445,24.959793090820312,17.050758361816406
45.46,0.0,-7.470659255981445,22.085163116455078,10.898423194885254
45.5,0.0,-7.470659255981445,17.856691360473633,3.691399097442627
45.54,0.0,-7.470659255981445,17.856691360473633,-5.976569652557373
45.56,0.0,-7.470659255981445,5.459126949310303,-17.66602897644043
45.6,0.0,-7.470659255981445,1.902911901473999,-25.48828887939453
45.64,0.0,-7.470659255981445,-5.255841255187988,-32.69533920288086
45.660000000000004,0.0,-7.470659255981445,-11.984772682189941,-38.14454650878906
45.7,0.0,-7.470659255981445,-15.011720657348633,-40.341819763183594
45.74,0.0,-7.470659255981445,-20.07701873779297,-40.957054138183594
45.76,0.0,-7.470659255981445,-20.07701873779297,-40.957054138183594
45.800000000000004,0.0,-7.470659255981445,-24.473766326904297,-40.957054138183594
45.84,0.0,-7.470659255981445,-24.91357421875,-40.078147888183594
45.86,0.0,-7.470659255981445,-23.289745330810547,-36.0351676940918
45.9,0.0,-7.470659255981445,-21.73861312866211,-31.464868545532227
45.94,0.0,-7.470659255981445,-17.31715202331543,-25.751962661743164
45.980000000000004,0.0,-7.470659255981445,-11.455501556396484,-17.314464569091797
46.0,0.0,-7.470659255981445,-4.6388115882873535,-9.492203712463379
46.04,0.0,-7.470659255981445,-1.0472402572631836,-4.746124744415283
46.08,0.0,-7.470659255981445,6.128628253936768,-0.17579905688762665
46.1,0.0,-7.470659255981445,6.128628253936768,3.9550445079803467
46.14,0.0,-7.470659255981445,9.562682151794434,5.097625732421875
46.18,0.0,-7.470659255981445,15.764366149902344,5.009735107421875
46.2,0.0,-7.470659255981445,23.81970977783203,4.482389450073242
46.24,0.0,-7.470659255981445,24.666927337646484,2.5488181114196777
46.28,0.0,-7.470659255981445,24.799081802368164,-1.0547077655792236
46.300000000000004,0.0,-7.470659255981445,22.8547420501709,-7.2949323654174805
46.34,0.0,-7.470659255981445,21.147329330444336,-14.150420188903809
46.38,0.0,-7.470659255981445,16.43941879272461,-21.533227920532227
46.4,0.0,-7.470659255981445,16.43941879272461,-31.464868545532227
46.44,0.0,-7.470659255981445,6.941826343536377,-38.49611282348633
46.480000000000004,0.0,-7.470659255981445,-0.2406177669763565,-43.330108642578125
46.5,0.0,-7.470659255981445,-7.406231880187988,-47.81251525878906
46.54,0.0,-7.470659255981445,-7.406231880187988,-48.955101013183594
46.58,0.0,-7.470659255981445,-16.815393447875977,-48.955101013183594
46.62,0.0,-7.470659255981445,-21.422590255737305,-48.955101013183594
46.64,0.0,-7.470659255981445,-24.223262786865234,-47.90040588378906
46.68,0.0,-7.470659255981445,-24.864778518676758,-45.52735137939453
46.72,0.0,-7.470659255981445,-24.560453414916992,-42.275421142578125
46.74,0.0,-7.470659255981445,-22.177309036254883,-35.94727325439453
46.78,0.0,-7.470659255981445,-20.261798858642578,-29.61916160583496
46.800000000000004,0.0,-7.470659255981445,-15.184342384338379,-23.203153610229492
46.84,0.0,-7.470659255981445,-15.184342384338379,-13.886748313903809
46.88,0.0,-7.470659255981445,-5.313485622406006,-7.558604717254639
46.9,0.0,-7.470659255981445,1.9577438831329346,-3.5156521797180176
46.94,0.0,-7.470659255981445,1.9577438831329346,1.7578002214431763
46.980000000000004,0.0,-7.470659255981445,12.367762565612793,4.921844005584717
47.02,0.0,-7.470659255981445,18.11443328857422,5.361298561096191
47.04,0.0,-7.470659255981445,22.319541931152344,5.185516834259033
47.08,0.0,-7.470659255981445,22.319541931152344,3.779289960861206
47.12,0.0,-7.470659255981445,24.99057960510254,0.26365530490875244
47.14,0.0,-7.470659255981445,24.120990753173828,-4.570343017578125
47.18,0.0,-7.470659255981445,24.120990753173828,-12.480494499206543
47.22,0.0,-7.470659255981445,19.01827621459961,-20.39064598083496
47.26,0.0,-7.470659255981445,13.504788398742676,-29.355487823486328
47.28,0.0,-7.470659255981445,6.830726623535156,-37.96876525878906
47.32,0.0,-7.470659255981445,3.234323263168335,-43.505889892578125
47.36,0.0,-7.470659255981445,-4.091353416442871,-48.33985900878906
47.38,0.0,-7.470659255981445,-4.091353416442871,-51.41604232788086
47.42,0.0,-7.470659255981445,-14.236647605895996,-51.59182357788086
47.44,0.0,-7.470659255981445,-19.588491439819336,-51.59182357788086
47.480000000000004,0.0,-7.470659255981445,-19.588491439819336,-51.50393295288086
47.52,0.0,-7.470659255981445,-24.35042381286621,-49.658226013183594
47.54,0.0,-7.470659255981445,-24.94493293762207,-46.9336051940918
47.58,0.0,-7.470659255981445,-24.94493293762207,-42.80276107788086
47.62,0.0,-7.470659255981445,-21.831829071044922,-37.96876525878906
47.64,0.0,-7.470659255981445,-17.34372901916504,-31.113306045532227
47.68,0.0,-7.470659255981445,-14.506113052368164,-24.169952392578125
47.72,0.0,-7.470659255981445,-7.949935436248779,-16.08399200439453
47.74,0.0,-7.470659255981445,-0.701449990272522,-8.701186180114746
47.78,0.0,-7.470659255981445,2.9870755672454834,-4.306670665740967
47.82,0.0,-7.470659255981445,10.092047691345215,-0.17579905688762665
47.84,0.0,-7.470659255981445,16.323293685913086,3.603508234024048
47.88,0.0,-7.470659255981445,18.937213897705078,4.394498825073242
47.92,0.0,-7.470659255981445,22.875749588012695,4.218717098236084
47.94,0.0,-7.470659255981445,24.823354721069336,4.042935371398926
47.980000000000004,0.0,-7.470659255981445,24.98931312561035,0.9667823314666748
48.02,0.0,-7.470659255981445,23.68550682067871,-3.691434383392334
48.04,0.0,-7.470659255981445,20.312850952148438,-10.986349105834961
48.08,0.0,-7.470659255981445,17.935415267944336,-18.28126335144043
48.120000000000005,0.0,-7.470659255981445,12.056875228881836,-26.103525161743164
48.14,0.0,-7.470659255981445,5.12026834487915,-35.6836051940918
48.18,0.0,-7.470659255981445,1.4423775672912598,-41.220726013183594
48.2,0.0,-7.470659255981445,-5.929598331451416,-45.3515739440918
48.24,0.0,-7.470659255981445,-5.929598331451416,-48.25197219848633
48.28,0.0,-7.470659255981445,-9.461132049560547,-48.69142532348633
48.300000000000004,0.0,-7.470659255981445,-20.80512046813965,-48.69142532348633
48.34,0.0,-7.470659255981445,-22.630535125732422,-48.60353469848633
48.38,0.0,-7.470659255981445,-24.751432418823242,-47.46095275878906
48.4,0.0,-7.470659255981445,-24.751432418823242,-44.56058120727539
48.44,0.0,-7.470659255981445,-23.84031867980957,-41.044944763183594
48.480000000000004,0.0,-7.470659255981445,-20.57820701599121,-35.50782012939453
48.52,0.0,-7.470659255981445,-20.57820701599121,-27.15821647644043
48.54,0.0,-7.470659255981445,-18.240825653076172,-17.578136444091797
48.58,0.0,-7.470659255981445,-5.479570388793945,-9.316422462463379
48.620000000000005,0.0,-7.470659255981445,1.9390759468078613,-3.4277613162994385
48.64,0.0,-7.470659255981445,9.189403533935547,4.394498825073242
48.68,0.0,-7.470659255981445,9.189403533935547,9.931624412536621
48.72,0.0,-7.470659255981445,18.36045265197754,13.447259902954102
48.74,0.0,-7.470659255981445,22.545093536376953,15.644503593444824
48.78,0.0,-7.470659255981445,22.545093536376953,16.08395767211914
48.82,0.0,-7.470659255981445,24.99994659423828,15.99606704711914
48.84,0.0,-7.470659255981445,23.871978759765625,15.205048561096191
48.88,0.0,-7.470659255981445,22.496658325195312,11.689441680908203
48.92,0.0,-7.470659255981445,18.27483367919922,6.591770648956299
48.94,0.0,-7.470659255981445,12.420868873596191,-0.17579905688762665
48.980000000000004,0.0,-7.470659255981445,9.0399169921875,-6.855478286743164
49.02,0.0,-7.470659255981445,1.747009038925171,-14.326202392578125
49.04,0.0,-7.470659255981445,-5.705465793609619,-20.30275535583496
49.08,0.0,-7.470659255981445,-5.705465793609619,-23.554718017578125
49.120000000000005,0.0,-7.470659255981445,-15.735220909118652,-24.169952392578125
49.14,0.0,-7.470659255981445,-20.78098487854004,-24.082061767578125
49.18,0.0,-7.470659255981445,-20.78098487854004,-23.554718017578125
49.22,0.0,-7.470659255981445,-24.761005401611328,-20.742210388183594
49.26,0.0,-7.470659255981445,-24.67059326171875,-16.08399200439453
49.28,0.0,-7.470659255981445,-24.67059326171875,-9.492203712463379
49.32,0.0,-7.470659255981445,-20.431930541992188,-4.306670665740967
49.36,0.0,-7.470659255981445,-15.237236976623535,2.3730363845825195
49.4,0.0,-7.470659255981445,-8.666794776916504,9.931624412536621
49.42,0.0,-7.470659255981445,-5.046805381774902,15.468722343444824
49.46,0.0,-7.470659255981445,2.4545528888702393,20.126937866210938
49.480000000000004,0.0,-7.470659255981445,9.737592697143555,22.9394474029541
49.52,0.0,-7.470659255981445,9.737592697143555,23.554655075073242
49.56,0.0,-7.470659255981445,18.831226348876953,23.554655075073242
49.58,0.0,-7.470659255981445,22.870845794677734,23.20311737060547
49.620000000000005,0.0,-7.470659255981445,22.870845794677734,21.181629180908203
49.660000000000004,0.0,-7.470659255981445,24.12997817993164,16.699193954467773
49.68,0.0,-7.470659255981445,23.567249298095703,10.98631477355957
49.72,0.0,-7.470659255981445,23.567249298095703,2.021472692489624
49.76,0.0,-7.470659255981445,17.522144317626953,-5.888679027557373
49.800000000000004,0.0,-7.470659255981445,11.407174110412598,-15.293002128601074
49.82,0.0,-7.470659255981445,11.407174110412598,-23.906280517578125
49.86,0.0,-7.470659255981445,0.4829675555229187,-30.322288513183594
49.9,0.0,-7.470659255981445,-7.001506328582764,-34.013702392578125
49.92,0.0,-7.470659255981445,-7.001506328582764,-35.85938262939453
49.96,0.0,-7.470659255981445,-16.836679458618164,-35.85938262939453
49.980000000000004,0.0,-7.470659255981445,-21.590696334838867,-35.85938262939453
50.02,0.0,-7.470659255981445,-23.248430252075195,-35.6836051940918
50.06,0.0,-7.470659255981445,-24.933767318725586,-33.925811767578125
50.08,0.0,-7.470659255981445,-24.335481643676758,-29.61916160583496
50.120000000000005,0.0,-7.470659255981445,-23.187950134277344,-24.609407424926758
50.160000000000004,0.0,-7.470659255981445,-19.325912475585938,-17.75391960144043
50.18,0.0,-7.470659255981445,-19.325912475585938,-9.667985916137695
50.22,0.0,-7.470659255981445,-16.69983673095703,-1.1425986289978027
50.26,0.0,-7.470659255981445,-3.060645341873169,6.328097820281982
50.300000000000004,0.0,-7.470659255981445,4.521670341491699,11.953113555908203
50.32,0.0,-7.470659255981445,11.690838813781738,19.072246551513672
50.36,0.0,-7.470659255981445,14.910569190979004,22.67577362060547
50.4,0.0,-7.470659255981445,20.247690200805664,24.433565139770508
50.42,0.0,-7.470659255981445,23.717470169067383,24.433565139770508
50.46,0.0,-7.470659255981445,24.643423080444336,24.257781982421875
50.5,0.0,-7.470659255981445,24.76842498779297,24.169891357421875
50.54,0.0,-7.470659255981445,22.600955963134766,21.621084213256836
50.56,0.0,-7.470659255981445,22.600955963134766,15.99606704711914
50.6,0.0,-7.470659255981445,15.537833213806152,9.667951583862305
50.64,0.0,-7.470659255981445,8.920475006103516,2.724599838256836
50.660000000000004,0.0,-7.470659255981445,8.920475006103516,-5.449251651763916
50.7,0.0,-7.470659255981445,-2.3496572971343994,-11.77736759185791
50.74,0.0,-7.470659255981445,-9.742222785949707,-15.996101379394531
50.76,0.0,-7.470659255981445,-9.742222785949707,-18.10548210144043
50.800000000000004,0.0,-7.470659255981445,-18.943025588989258,-18.193374633789062
50.82,0.0,-7.470659255981445,-22.98289680480957,-18.193374633789062
50.86,0.0,-7.470659255981445,-22.98289680480957,-15.908210754394531
50.9,0.0,-7.470659255981445,-24.96137237548828,-12.304712295532227
50.94,0.0,-7.470659255981445,-23.375530242919922,-8.173840522766113
50.96,0.0,-7.470659255981445,-19.603290557861328,-2.8125252723693848
51.0,0.0,-7.470659255981445,-16.99941062927246,3.8671536445617676
51.04,0.0,-7.470659255981445,-10.659645080566406,10.195296287536621
51.06,0.0,-7.470659255981445,-3.3180272579193115,17.402320861816406
51.1,0.0,-7.470659255981445,0.5156968832015991,22.412099838256836
51.14,0.0,-7.470659255981445,8.059024810791016,24.697235107421875
51.160000000000004,0.0,-7.470659255981445,14.848718643188477,25.927709579467773
51.2,0.0,-7.470659255981445,17.756711959838867,25.927709579467773
51.24,0.0,-7.470659255981445,22.255512237548828,25.927709579467773
51.26,0.0,-7.470659255981445,24.66097068786621,25.57614517211914
51.300000000000004,0.0,-7.470659255981445,24.99854850769043,22.412099838256836
51.34,0.0,-7.470659255981445,23.901592254638672,17.226539611816406
51.36,0.0,-7.470659255981445,20.548643112182617,9.931624412536621
51.4,0.0,-7.470659255981445,18.11650848388672,2.2851455211639404
51.44,0.0,-7.470659255981445,12.02685546875,-5.449251651763916
51.46,0.0,-7.470659255981445,4.796952247619629,-15.205110549926758
51.5,0.0,-7.470659255981445,0.9652576446533203,-21.181663513183594
51.54,0.0,-7.470659255981445,-6.67787504196167,-25.48828887939453
51.56,0.0,-7.470659255981445,-13.691362380981445,-27.33399772644043
51.6,0.0,-7.470659255981445,-16.74968719482422,-27.33399772644043
51.620000000000005,0.0,-7.470659255981445,-21.605098724365234,-27.33399772644043
51.660000000000004,0.0,-7.470659255981445,-21.605098724365234,-26.894542694091797
51.7,0.0,-7.470659255981445,-24.950557708740234,-23.730499267578125
51.72,0.0,-7.470659255981445,-24.242305755615234,-19.160173416137695
51.76,0.0,-7.470659255981445,-24.242305755615234,-12.04103946685791
51.800000000000004,0.0,-7.470659255981445,-18.931468963623047,-6.591805934906006
51.82,0.0,-7.470659255981445,-13.046271324157715,-0.6152534484863281
51.86,0.0,-7.470659255981445,-13.046271324157715,7.558570861816406
51.9,0.0,-7.470659255981445,-2.0881271362304688,13.007804870605469
51.94,0.0,-7.470659255981445,5.622004508972168,18.19333839416504
51.96,0.0,-7.470659255981445,5.622004508972168,21.621084213256836
52.0,0.0,-7.470659255981445,15.966412544250488,22.148427963256836
52.04,0.0,-7.470659255981445,21.084590911865234,22.148427963256836
52.06,0.0,-7.470659255981445,21.084590911865234,21.796863555908203
52.1,0.0,-7.470659255981445,24.873146057128906,20.214828491210938
52.14,0.0,-7.470659255981445,24.448823928833008,16.347631454467773
52.160000000000004,0.0,-7.470659255981445,24.448823928833008,9.931624412536621
52.2,0.0,-7.470659255981445,19.480546951293945,2.1972546577453613
52.24,0.0,-7.470659255981445,13.740560531616211,-4.834015846252441
52.26,0.0,-7.470659255981445,13.740560531616211,-15.117220878601074
52.300000000000004,0.0,-7.470659255981445,2.853231430053711,-21.796899795532227
52.34,0.0,-7.470659255981445,-4.905187606811523,-26.894542694091797
52.36,0.0,-7.470659255981445,-4.905187606811523,-30.41017723083496
52.4,0.0,-7.470659255981445,-15.43742847442627,-30.673851013183594
52.44,0.0,-7.470659255981445,-20.731470108032227,-30.673851013183594
52.46,0.0,-7.470659255981445,-24.021886825561523,-30.58595848083496
52.5,0.0,-7.470659255981445,-24.806764602661133,-29.267597198486328
52.54,0.0,-7.470659255981445,-24.558725357055664,-26.103525161743164
52.56,0.0,-7.470659255981445,-21.928916931152344,-19.951190948486328
52.6,0.0,-7.470659255981445,-19.791088104248047,-13.00783920288086
52.64,0.0,-7.470659255981445,-14.127584457397461,-7.3828229904174805
52.660000000000004,0.0,-7.470659255981445,-7.088421821594238,-0.08790817856788635
52.7,0.0,-7.470659255981445,-3.2628605365753174,6.328097820281982
52.74,0.0,-7.470659255981445,4.534857273101807,11.162096977233887
52.76,0.0,-7.470659255981445,11.894231796264648,15.90817642211914
52.800000000000004,0.0,-7.470659255981445,15.181533813476562,18.36911964416504
52.84,0.0,-7.470659255981445,20.569101333618164,18.632793426513672
52.86,0.0,-7.470659255981445,23.95073699951172,18.457012176513672
52.9,0.0,-7.470659255981445,24.776552200317383,17.57810401916504
52.94,0.0,-7.470659255981445,24.595178604125977,14.501921653747559
52.96,0.0,-7.470659255981445,22.006921768188477,8.701151847839355
53.0,0.0,-7.470659255981445,19.879716873168945,2.4609272480010986
53.02,0.0,-7.470659255981445,14.218193054199219,-3.779325246810913
53.06,0.0,-7.470659255981445,14.218193054199219,-13.447293281555176
53.1,0.0,-7.470659255981445,3.3189358711242676,-20.30275535583496
53.14,0.0,-7.470659255981445,-4.514252185821533,-25.48828887939453
53.160000000000004,0.0,-7.470659255981445,-11.907129287719727,-28.652360916137695
53.2,0.0,-7.470659255981445,-11.907129287719727,-29.091814041137695
53.24,0.0,-7.470659255981445,-20.60772705078125,-29.091814041137695
53.28,0.0,-7.470659255981445,-23.980260848999023,-29.091814041137695
53.300000000000004,0.0,-7.470659255981445,-23.980260848999023,-26.630870819091797
53.34,0.0,-7.470659255981445,-24.5665283203125,-22.14846420288086
53.38,0.0,-7.470659255981445,-21.91481590270996,-15.996101379394531
53.4,0.0,-7.470659255981445,-17.096162796020508,-8.613295555114746
53.44,0.0,-7.470659255981445,-14.015023231506348,-2.988306999206543
53.480000000000004,0.0,-7.470659255981445,-6.889277935028076,3.8671536445617676
53.5,0.0,-7.470659255981445,0.9219462871551514,10.107406616210938
53.54,0.0,-7.470659255981445,4.843541145324707,14.062468528747559
53.58,0.0,-7.470659255981445,12.231876373291016,17.314430236816406
53.6,0.0,-7.470659255981445,18.409168243408203,18.281230926513672
53.64,0.0,-7.470659255981445,20.84493637084961,18.19333839416504
53.68,0.0,-7.470659255981445,24.106199264526367,17.92966651916504
53.7,0.0,-7.470659255981445,24.970508575439453,14.765595436096191
53.74,0.0,-7.470659255981445,24.4661865234375,10.283187866210938
53.78,0.0,-7.470659255981445,21.64539909362793,4.218717098236084
53.800000000000004,0.0,-7.470659255981445,16.665040969848633,-3.9551069736480713
53.84,0.0,-7.470659255981445,13.512214660644531,-12.480494499206543
53.88,0.0,-7.470659255981445,6.273846626281738,-19.863300323486328
53.92,0.0,-7.470659255981445,-1.5946446657180786,-27.15821647644043
53.96,0.0,-7.470659255981445,-1.5946446657180786,-31.992212295532227
53.980000000000004,0.0,-7.470659255981445,-5.519883632659912,-32.69533920288086
54.02,0.0,-7.470659255981445,-12.860651016235352,-32.69533920288086
54.04,0.0,-7.470659255981445,-23.07862663269043,-32.60744857788086
54.08,0.0,-7.470659255981445,-23.07862663269043,-31.552759170532227
54.120000000000005,0.0,-7.470659255981445,-24.309572219848633,-29.003923416137695
54.160000000000004,0.0,-7.470659255981445,-23.0168514251709,-23.906280517578125
54.18,0.0,-7.470659255981445,-18.803640365600586,-17.050792694091797
54.22,0.0,-7.470659255981445,-15.952200889587402,-10.371113777160645
54.26,0.0,-7.470659255981445,-9.117413520812988,-4.658234119415283
54.28,0.0,-7.470659255981445,-1.36079740524292,2.724599838256836
54.32,0.0,-7.470659255981445,2.620643138885498,7.910134315490723
54.34,0.0,-7.470659255981445,10.287071228027344,11.425768852233887
54.38,0.0,-7.470659255981445,10.287071228027344,14.326140403747559
54.42,0.0,-7.470659255981445,19.628780364990234,14.677703857421875
54.46,0.0,-7.470659255981445,23.497678756713867,14.501921653747559
54.480000000000004,0.0,-7.470659255981445,23.497678756713867,13.271477699279785
54.52,0.0,-7.470659255981445,24.785938262939453,10.195296287536621
54.56,0.0,-7.470659255981445,22.503232955932617,5.097625732421875
54.58,0.0,-7.470659255981445,17.93651008605957,-1.757834792137146
54.620000000000005,0.0,-7.470659255981445,17.93651008605957,-10.459003448486328
54.660000000000004,0.0,-7.470659255981445,14.932653427124023,-18.896501541137695
54.7,0.0,-7.470659255981445,-0.006625732872635126,-28.212907791137695
54.72,0.0,-7.470659255981445,-7.88030481338501,-35.94727325439453
54.76,0.0,-7.470659255981445,-11.565346717834473,-40.166038513183594
54.800000000000004,0.0,-7.470659255981445,-17.96122932434082,-43.066436767578125
54.82,0.0,-7.470659255981445,-22.5279541015625,-43.505889892578125
54.86,0.0,-7.470659255981445,-22.5279541015625,-43.505889892578125
54.9,0.0,-7.470659255981445,-24.986413955688477,-43.417999267578125
54.94,0.0,-7.470659255981445,-23.448999404907227,-42.80276107788086
54.96,0.0,-7.470659255981445,-21.760835647583008,-39.990257263183594
55.0,0.0,-7.470659255981445,-19.511940002441406,-34.36526870727539
55.04,0.0,-7.470659255981445,-10.039860725402832,-28.564470291137695
55.08,0.0,-7.470659255981445,-2.2875709533691406,-22.060571670532227
55.1,0.0,-7.470659255981445,5.702788352966309,-13.710967063903809
55.14,0.0,-7.470659255981445,9.529570579528809,-8.964859008789062
55.160000000000004,0.0,-7.470659255981445,16.35373878479004,-6.2402424812316895
55.2,0.0,-7.470659255981445,19.1741943359375,-4.218779563903809
55.24,0.0,-7.470659255981445,23.267284393310547,-3.779325246810913
55.26,0.0,-7.470659255981445,24.965999603271484,-4.04299783706665
55.300000000000004,0.0,-7.470659255981445,24.851463317871094,-5.0976881980896
55.32,0.0,-7.470659255981445,22.707279205322266,-8.34962272644043
55.36,0.0,-7.470659255981445,22.707279205322266,-14.062530517578125
55.4,0.0,-7.470659255981445,15.230674743652344,-21.00588035583496
55.44,0.0,-7.470659255981445,8.152546882629395,-27.861343383789062
55.46,0.0,-7.470659255981445,8.152546882629395,-35.24414825439453
55.5,0.0,-7.470659255981445,4.2460527420043945,-39.11134719848633
55.54,0.0,-7.470659255981445,-11.449402809143066,-40.429710388183594
55.56,0.0,-7.470659255981445,-17.91864013671875,-40.517601013183594
55.6,0.0,-7.470659255981445,-17.91864013671875,-40.517601013183594
55.64,0.0,-7.470659255981445,-23.982421875,-40.517601013183594
55.660000000000004,0.0,-7.470659255981445,-24.982452392578125,-37.96876525878906
55.7,0.0,-7.470659255981445,-24.982452392578125,-33.222686767578125
55.74,0.0,-7.470659255981445,-21.653362274169922,-27.68556022644043
55.78,0.0,-7.470659255981445,-16.546483993530273,-21.884790420532227
55.800000000000004,0.0,-7.470659255981445,-9.713225364685059,-12.304712295532227
55.84,0.0,-7.470659255981445,-5.866051197052002,-6.855478286743164
55.88,0.0,-7.470659255981445,2.1878273487091064,-1.5820530652999878
55.92,0.0,-7.470659255981445,10.016639709472656,3.9550445079803467
55.94,0.0,-7.470659255981445,10.016639709472656,6.591770648956299
55.980000000000004,0.0,-7.470659255981445,19.574424743652344,6.943334102630615
56.02,0.0,-7.470659255981445,23.515153884887695,6.855443477630615
56.04,0.0,-7.470659255981445,23.515153884887695,5.976534366607666
56.08,0.0,-7.470659255981445,24.750690460205078,2.1972546577453613
56.120000000000005,0.0,-7.470659255981445,22.326744079589844,-2.28518009185791
56.14,0.0,-7.470659255981445,17.557973861694336,-9.580095291137695
56.18,0.0,-7.470659255981445,14.441519737243652,-17.138683319091797
56.2,0.0,-7.470659255981445,7.152964115142822,-24.433626174926758
56.24,0.0,-7.470659255981445,3.173339366912842,-31.81643295288086
56.26,0.0,-7.470659255981445,-4.932995796203613,-36.6504020690918
56.300000000000004,0.0,-7.470659255981445,-4.932995796203613,-40.166038513183594
56.34,0.0,-7.470659255981445,-8.844905853271484,-41.220726013183594
56.38,0.0,-7.470659255981445,-21.223772048950195,-41.220726013183594
56.4,0.0,-7.470659255981445,-24.339374542236328,-41.220726013183594
56.44,0.0,-7.470659255981445,-24.339374542236328,-40.781272888183594
56.480000000000004,0.0,-7.470659255981445,-24.163185119628906,-37.70509338378906
56.52,0.0,-7.470659255981445,-20.82594871520996,-33.486358642578125
56.54,0.0,-7.470659255981445,-20.82594871520996,-27.33399772644043
56.58,0.0,-7.470659255981445,-18.298173904418945,-19.511735916137695
56.620000000000005,0.0,-7.470659255981445,-11.857682228088379,-11.162130355834961
56.64,0.0,-7.470659255981445,3.9875876903533936,-5.273469924926758
56.68,0.0,-7.470659255981445,3.9875876903533936,2.3730363845825195
56.72,0.0,-7.470659255981445,7.955894470214844,7.910134315490723
56.74,0.0,-7.470659255981445,20.747730255126953,12.216787338256836
56.78,0.0,-7.470659255981445,22.745014190673828,15.468722343444824
56.82,0.0,-7.470659255981445,24.87468147277832,16.874977111816406
56.84,0.0,-7.470659255981445,24.94914436340332,16.787084579467773
56.88,0.0,-7.470659255981445,23.105268478393555,16.347631454467773
56.92,0.0,-7.470659255981445,18.794939041137695,14.765595436096191
56.94,0.0,-7.470659255981445,15.8485689163208,11.24998664855957
56.980000000000004,0.0,-7.470659255981445,8.76583480834961,6.591770648956299
57.0,0.0,-7.470659255981445,0.7426798939704895,-0.08790817856788635
57.04,0.0,-7.470659255981445,-3.3550901412963867,-5.185579299926758
57.08,0.0,-7.470659255981445,-11.1738920211792,-9.228531837463379
57.1,0.0,-7.470659255981445,-17.798398971557617,-10.722677230834961
57.14,0.0,-7.470659255981445,-20.43309211730957,-10.634785652160645
57.18,0.0,-7.470659255981445,-23.991962432861328,-10.107439994812012
57.2,0.0,-7.470659255981445,-24.9754638671875,-7.734386444091797
57.26,0.0,-7.470659255981445,-24.9754638671875,-2.988306999206543
57.28,0.0,-7.470659255981445,-24.45604705810547,3.779289960861206
57.32,0.0,-7.470659255981445,-16.157861709594727,9.843733787536621
57.36,0.0,-7.470659255981445,-9.110219955444336,15.380830764770508
57.38,0.0,-7.470659255981445,-9.110219955444336,21.357410430908203
57.42,0.0,-7.470659255981445,-5.164323806762695,24.082000732421875
57.44,0.0,-7.470659255981445,10.918966293334961,24.521455764770508
57.480000000000004,0.0,-7.470659255981445,10.918966293334961,24.609344482421875
57.52,0.0,-7.470659255981445,20.297712326049805,24.257781982421875
57.54,0.0,-7.470659255981445,23.935094833374023,23.554655075073242
57.58,0.0,-7.470659255981445,23.935094833374023,19.511701583862305
57.620000000000005,0.0,-7.470659255981445,24.48649024963379,14.414031982421875
57.660000000000004,0.0,-7.470659255981445,21.52138900756836,7.7343525886535645
57.7,0.0,-7.470659255981445,16.21970558166504,-1.5820530652999878
57.72,0.0,-7.470659255981445,12.86323356628418,-9.755876541137695
57.76,0.0,-7.470659255981445,5.1940693855285645,-17.75391960144043
57.78,0.0,-7.470659255981445,-3.043100357055664,-24.785188674926758
57.82,0.0,-7.470659255981445,-7.094574451446533,-29.179704666137695
57.86,0.0,-7.470659255981445,-14.51091194152832,-30.937522888183594
57.88,0.0,-7.470659255981445,-20.348970413208008,-31.025415420532227
57.92,0.0,-7.470659255981445,-22.46779441833496,-31.025415420532227
57.94,0.0,-7.470659255981445,-24.813907623291016,-30.49806785583496
57.980000000000004,0.0,-7.470659255981445,-24.813907623291016,-27.949234008789062
58.02,0.0,-7.470659255981445,-23.25349235534668,-23.642608642578125
58.04,0.0,-7.470659255981445,-18.987646102905273,-17.75391960144043
58.08,0.0,-7.470659255981445,-18.987646102905273,-10.283222198486328
58.120000000000005,0.0,-7.470659255981445,-8.898648262023926,-4.04299783706665
58.160000000000004,0.0,-7.470659255981445,-0.7831225395202637,2.4609272480010986
58.18,0.0,-7.470659255981445,-0.7831225395202637,9.228497505187988
58.22,0.0,-7.470659255981445,3.3652889728546143,13.710905075073242
58.26,0.0,-7.470659255981445,17.94754409790039,16.699193954467773
58.28,0.0,-7.470659255981445,22.651500701904297,17.57810401916504
58.32,0.0,-7.470659255981445,24.09215545654297,17.490211486816406
58.36,0.0,-7.470659255981445,24.95041847229004,17.314430236816406
58.38,0.0,-7.470659255981445,23.061017990112305,14.326140403747559
58.42,0.0,-7.470659255981445,23.061017990112305,9.052715301513672
58.46,0.0,-7.470659255981445,15.601166725158691,2.5488181114196777
58.480000000000004,0.0,-7.470659255981445,8.339625358581543,-3.691434383392334
58.52,0.0,-7.470659255981445,4.3070759773254395,-11.162130355834961
58.56,0.0,-7.470659255981445,-4.004520893096924,-16.962902069091797
58.58,0.0,-7.470659255981445,-4.004520893096924,-21.533227920532227
58.620000000000005,0.0,-7.470659255981445,-15.370783805847168,-23.466825485229492
58.660000000000004,0.0,-7.470659255981445,-20.990036010742188,-23.642608642578125
58.68,0.0,-7.470659255981445,-24.285064697265625,-23.642608642578125
58.72,0.0,-7.470659255981445,-24.934480667114258,-22.23635482788086
58.76,0.0,-7.470659255981445,-24.144784927368164,-18.10548210144043
58.78,0.0,-7.470659255981445,-20.672922134399414,-12.568385124206543
58.82,0.0,-7.470659255981445,-20.672922134399414,-7.031260013580322
58.86,0.0,-7.470659255981445,-11.344931602478027,-1.5820530652999878
58.9,0.0,-7.470659255981445,-3.384335517883301,5.273407459259033
58.92,0.0,-7.470659255981445,4.956536293029785,10.722641944885254
58.96,0.0,-7.470659255981445,8.977989196777344,13.798794746398926
59.0,0.0,-7.470659255981445,16.16105842590332,15.556612968444824
59.02,0.0,-7.470659255981445,21.54290771484375,15.468722343444824
59.06,0.0,-7.470659255981445,23.359912872314453,15.117158889770508
59.1,0.0,-7.470659255981445,24.9899959564209,13.447259902954102
59.14,0.0,-7.470659255981445,23.82509422302246,8.525370597839355
59.160000000000004,0.0,-7.470659255981445,23.82509422302246,1.7578002214431763
59.2,0.0,-7.470659255981445,17.197723388671875,-5.273469924926758
59.24,0.0,-7.470659255981445,10.243324279785156,-13.623075485229492
59.26,0.0,-7.470659255981445,2.136794328689575,-22.14846420288086
59.300000000000004,0.0,-7.470659255981445,2.136794328689575,-28.212907791137695
59.34,0.0,-7.470659255981445,-2.0668833255767822,-30.937522888183594
59.38,0.0,-7.470659255981445,-17.15968894958496,-31.113306045532227
59.4,0.0,-7.470659255981445,-22.207080841064453,-31.113306045532227
59.44,0.0,-7.470659255981445,-23.818937301635742,-31.025415420532227
59.480000000000004,0.0,-7.470659255981445,-24.98971176147461,-29.267597198486328
59.5,0.0,-7.470659255981445,-23.342994689941406,-24.873079299926758
59.54,0.0,-7.470659255981445,-21.507944107055664,-19.423845291137695
59.58,0.0,-7.470659255981445,-16.071746826171875,-12.480494499206543
59.6,0.0,-7.470659255981445,-8.817220687866211,-5.976569652557373
59.64,0.0,-7.470659255981445,-4.758084774017334,0.26365530490875244
59.68,0.0,-7.470659255981445,3.649864912033081,5.888643741607666
59.7,0.0,-7.470659255981445,3.649864912033081,10.634751319885254
59.74,0.0,-7.470659255981445,7.759116172790527,13.007804870605469
59.78,0.0,-7.470659255981445,20.930313110351562,13.447259902954102
59.82,0.0,-7.470659255981445,24.282726287841797,13.359368324279785
59.86,0.0,-7.470659255981445,24.878747940063477,12.12889575958252
59.88,0.0,-7.470659255981445,24.878747940063477,7.7343525886535645
59.92,0.0,-7.470659255981445,20.537315368652344,1.9335819482803345
59.96,0.0,-7.470659255981445,14.627769470214844,-3.691434383392334
59.980000000000004,0.0,-7.470659255981445,14.627769470214844,-12.744166374206543
