dt,yaw_cmd,yaw_pos,pitch_cmd,pitch_pos
0.28,2.3557581901550293,-2.021480083465576,-9.205962181091309,-1.3183804750442505
0.3,3.138735055923462,-2.021480083465576,-12.048615455627441,-1.3183804750442505
0.3,4.696571350097656,-2.021480083465576,-17.122610092163086,-0.9668169021606445
0.3,4.696571350097656,-2.021480083465576,-17.122610092163086,1.5820183753967285
0.3,7.001255035400391,-1.93356192111969,-22.632404327392578,4.6581711769104
0.3,8.507195472717285,-0.7910078763961792,-24.56486701965332,7.822243690490723
0.3,9.981474876403809,1.1425913572311401,-24.946989059448242,13.359368324279785
0.32,10.704822540283203,2.900408983230591,-24.54458999633789,19.687484741210938
0.36,12.12014389038086,5.361352920532227,-22.58342933654785,24.785127639770508
0.38,13.48867416381836,8.789070129394531,-19.192331314086914,32.958980560302734
0.42,14.153565406799316,11.865278244018555,-17.02387809753418,39.90232849121094
0.46,15.441033363342285,16.347684860229492,-11.912056922912598,46.318336486816406
0.48,16.667461395263672,22.060564041137695,-6.0426459312438965,53.261688232421875
0.52,17.256101608276367,26.806673049926758,-2.9386820793151855,56.33785629272461
0.56,18.3809871673584,32.25590515136719,3.3615260124206543,58.886688232421875
0.58,19.431867599487305,37.17774200439453,9.450756072998047,60.64449691772461
0.62,19.928064346313477,41.57228469848633,12.293951034545898,60.82027816772461
0.64,20.85913848876953,44.47265625,17.350706100463867,60.38082504272461
0.68,20.85913848876953,49.74610900878906,17.350706100463867,59.501922607421875
0.72,22.094545364379883,54.31643295288086,22.785436630249023,55.986297607421875
0.74,22.805007934570312,58.886756896972656,24.636030197143555,50.71285629272461
0.78,22.805007934570312,64.0722885131836,24.636030197143555,41.74803924560547
0.8200000000000001,23.69236946105957,69.25782775878906,24.45488929748535,33.925750732421875
0.84,24.16070556640625,72.68553924560547,22.371097564697266,24.873018264770508
0.88,24.356931686401367,77.43164825439453,20.780344009399414,14.589813232421875
0.9,24.672138214111328,81.4746322631836,16.627309799194336,4.5702805519104
0.9400000000000001,24.672138214111328,86.57230377197266,16.627309799194336,-6.855478286743164
0.98,24.94855308532715,90.96684265136719,8.499807357788086,-16.17188262939453
1.02,24.99997901916504,96.06446075439453,2.32081937789917,-23.906280517578125
1.04,24.944181442260742,99.84378814697266,-4.009716510772705,-30.49806785583496
1.08,24.87596321105957,104.67776489257812,-7.104493141174316,-33.925811767578125
1.12,24.658920288085938,109.24806213378906,-12.904080390930176,-34.89261245727539
1.1400000000000001,24.33479118347168,114.16993713378906,-17.876127243041992,-34.98050308227539
1.18,24.13282585144043,118.1250228881836,-19.948823928833008,-34.89261245727539
1.22,23.649860382080078,121.81642150878906,-23.099674224853516,-34.80472183227539
1.24,23.062889099121094,124.71681213378906,-24.762937545776367,-32.60744857788086
1.28,22.73102569580078,127.26564025878906,-24.998626708984375,-28.740251541137695
1.32,21.992055892944336,130.86915588378906,-24.257822036743164,-22.14846420288086
1.34,21.155105590820312,134.91212463378906,-21.94982147216797,-14.941438674926758
1.3800000000000001,21.155105590820312,138.51564025878906,-21.94982147216797,-6.2402424812316895
1.42,19.723129272460938,140.97657775878906,-15.896965980529785,-0.6152534484863281
1.44,18.656288146972656,143.87696838378906,-10.512718200683594,5.62497091293335
1.48,18.656288146972656,146.953125,-10.512718200683594,13.183586120605469
1.52,16.898534774780273,148.35939025878906,-1.2767181396484375,19.248029708862305
1.56,15.628756523132324,149.58985900878906,5.072580337524414,24.609344482421875
1.58,14.286786079406738,150.73243713378906,11.095200538635254,28.21286964416504
1.62,13.590495109558105,151.43556213378906,13.860074043273926,29.267560958862305
1.6600000000000001,12.151030540466309,152.13868713378906,18.671550750732422,29.355453491210938
1.68,10.654268264770508,153.01759338378906,22.27025032043457,29.179670333862305
1.72,9.88642692565918,153.63282775878906,23.537574768066406,29.091779708862305
1.76,8.31604290008545,153.98439025878906,24.90375328063965,27.158180236816406
1.78,6.705202579498291,153.98439025878906,24.646814346313477,22.58788299560547
1.82,5.886847972869873,153.98439025878906,23.910112380981445,17.402320861816406
1.86,4.228863716125488,153.98439025878906,21.279138565063477,10.722641944885254
1.8800000000000001,2.5487756729125977,153.98439025878906,17.256763458251953,1.6699093580245972
1.92,1.7028295993804932,153.98439025878906,14.802306175231934,-6.679696559906006
1.96,0.003980677574872971,153.98439025878906,9.206814765930176,-14.501983642578125
1.98,-1.6976039409637451,153.98439025878906,3.006185531616211,-22.324243545532227
2.02,-2.54695200920105,153.89649963378906,-0.19518215954303741,-27.68556022644043
2.06,-4.237793922424316,153.19337463378906,-6.537646293640137,-30.937522888183594
2.08,-4.237793922424316,151.61134338378906,-6.537646293640137,-31.640649795532227
2.12,-6.73950719833374,149.58985900878906,-15.128630638122559,-31.464868545532227
2.16,-8.372724533081055,147.48046875,-19.6914005279541,-31.113306045532227
2.18,-9.969108581542969,144.14064025878906,-22.96132469177246,-27.77345085144043
2.22,-9.969108581542969,138.77931213378906,-22.96132469177246,-22.324243545532227
2.2600000000000002,-12.27775764465332,133.68165588378906,-24.994640350341797,-16.17188262939453
2.3000000000000003,-13.748588562011719,130.07814025878906,-24.30280113220215,-9.580095291137695
2.32,-15.156283378601074,126.82618713378906,-22.008014678955078,-1.1425986289978027
2.36,-15.834244728088379,124.98047637939453,-20.302297592163086,4.6581711769104
2.4,-17.134132385253906,122.5195541381836,-15.913958549499512,12.30467700958252
2.42,-17.75440788269043,118.82814025878906,-13.303712844848633,19.599592208862305
2.46,-18.931657791137695,114.16993713378906,-7.466114521026611,26.982398986816406
2.48,-20.019474029541016,108.28126525878906,-1.1320892572402954,35.15622329711914
2.52,-20.528053283691406,103.62307739257812,2.0907630920410156,39.72654724121094
2.56,-21.47118377685547,100.54692077636719,8.38111400604248,42.62694549560547
2.58,-21.47118377685547,96.24024200439453,8.38111400604248,45.08786392211914
2.62,-22.691564559936523,92.373046875,16.658206939697266,45.175758361816406
2.66,-23.369098663330078,86.66016387939453,20.868804931640625,45.175758361816406
2.68,-23.933242797851562,79.98051452636719,23.69449234008789,44.56052017211914
2.72,-23.933242797851562,74.88284301757812,23.69449234008789,40.86913299560547
2.7600000000000002,-24.559768676757812,71.5429916381836,24.949796676635742,35.94723892211914
2.8000000000000003,-24.827186584472656,67.76371002197266,23.71372413635254,29.091779708862305
2.82,-24.827186584472656,62.40233612060547,23.71372413635254,19.423810958862305
2.86,-24.91505241394043,55.898468017578125,22.493629455566406,9.492170333862305
2.9,-24.957138061523438,50.97657775878906,14.140177726745605,1.6699093580245972
2.94,-24.791500091552734,46.84573745727539,8.384246826171875,-7.031260013580322
2.96,-24.501535415649414,41.83598709106445,2.0655784606933594,-14.853547096252441
3.0,-24.310182571411133,38.23242950439453,-1.173658847808838,-21.357444763183594
3.04,-23.83558464050293,34.80471420288086,-7.540883541107178,-25.224641799926758
3.06,-23.83558464050293,29.794960021972656,-7.540883541107178,-26.894542694091797
3.1,-22.897680282592773,25.751981735229492,-16.024559020996094,-26.894542694091797
3.14,-22.12555503845215,21.972700119018555,-20.414968490600586,-26.718759536743164
3.16,-22.12555503845215,19.335975646972656,-20.414968490600586,-25.66407012939453
3.2,-20.75555992126465,17.138675689697266,-24.366926193237305,-22.851591110229492
3.24,-19.707075119018555,14.853513717651367,-24.985153198242188,-18.10548210144043
3.2800000000000002,-18.556079864501953,12.744187355041504,-23.923236846923828,-12.128931045532227
3.3000000000000003,-17.943822860717773,11.513714790344238,-22.779560089111328,-6.679696559906006
3.34,-16.649456024169922,10.107460975646973,-19.36186408996582,0.6152188181877136
3.38,-15.267220497131348,8.085943222045898,-14.637855529785156,8.349588394165039
3.4,-13.803878784179688,6.064479827880859,-8.924560546875,18.01755714416504
3.44,-13.044037818908691,5.361352920532227,-5.815123081207275,23.642545700073242
3.48,-11.472746849060059,4.834007740020752,0.6471021175384521,28.21286964416504
3.5,-9.839261054992676,4.4824442863464355,7.068227767944336,33.398406982421875
3.54,-9.001766204833984,4.4824442863464355,10.126730918884277,36.474586486816406
3.58,-7.290610313415527,4.4824442863464355,15.680314064025879,37.26560592651367
3.62,-5.538578987121582,4.4824442863464355,20.174089431762695,37.089820861816406
3.64,-3.7547335624694824,4.4824442863464355,23.30211067199707,36.738258361816406
3.68,-2.8537778854370117,4.4824442863464355,24.28306770324707,34.80466079711914
3.72,-1.039704442024231,4.4824442863464355,24.994365692138672,31.113271713256836
3.74,0.7825990319252014,4.4824442863464355,24.008087158203125,25.48825454711914
3.7800000000000002,1.6938153505325317,4.4824442863464355,22.894208908081055,18.19333839416504
3.8200000000000003,3.5102925300598145,4.4824442863464355,19.51848602294922,10.898423194885254
3.84,3.5102925300598145,6.064479827880859,19.51848602294922,0.7910005450248718
3.88,4.413113594055176,8.52542495727539,17.313846588134766,-10.019549369812012
3.92,6.2018232345581055,10.371106147766113,12.057792663574219,-18.10548210144043
3.96,7.959866523742676,12.041060447692871,5.977797985076904,-23.554718017578125
4.0,11.345608711242676,15.380858421325684,-6.970301151275635,-27.68556022644043
4.0200000000000005,11.345608711242676,19.687538146972656,-6.970301151275635,-30.23439598083496
4.0600000000000005,13.734062194824219,24.169944763183594,-15.638995170593262,-30.322288513183594
4.1,15.237630844116211,28.38870620727539,-20.162078857421875,-30.322288513183594
4.12,16.660198211669922,34.101585388183594,-23.30658531188965,-29.707050323486328
4.16,17.33854103088379,39.1113395690918,-24.28987693786621,-27.24610710144043
4.2,18.624439239501953,43.505882263183594,-24.99298667907715,-23.378934860229492
4.22,18.624439239501953,48.427772521972656,-24.99298667907715,-18.193374633789062
4.26,20.36250114440918,52.734397888183594,-22.849634170532227,-12.216821670532227
4.3,21.38401985168457,56.601593017578125,-19.428752899169922,-5.625033378601074
4.32,21.38401985168457,61.52348327636719,-19.428752899169922,1.054673194885254
4.36,22.69513511657715,66.09375,-11.889141082763672,8.261697769165039
4.38,23.413911819458008,70.75199890136719,-5.759276866912842,13.007804870605469
4.42,23.413911819458008,77.08008575439453,-5.759276866912842,19.775375366210938
4.46,24.247722625732422,81.9140625,4.043834209442139,24.697235107421875
4.5,24.635313034057617,86.30859375,10.328227996826172,27.24607276916504
4.5200000000000005,24.884933471679688,91.66991424560547,15.902179718017578,28.915996551513672
4.5600000000000005,24.957345962524414,96.50394439697266,18.299476623535156,29.267560958862305
4.6000000000000005,24.996482849121094,99.58009338378906,22.106590270996094,29.091779708862305
4.64,24.894092559814453,105.11719512939453,24.386035919189453,28.037090301513672
4.66,24.894092559814453,110.65431213378906,24.386035919189453,25.048799514770508
4.7,24.47528839111328,115.31251525878906,24.623252868652344,20.039047241210938
4.74,24.02070426940918,119.26759338378906,22.641096115112305,14.062468528747559
4.76,24.02070426940918,122.69532775878906,22.641096115112305,5.888643741607666
4.8,23.08074951171875,125.59571838378906,16.793968200683594,-2.8125252723693848
4.84,22.286447525024414,128.84767150878906,11.37192440032959,-11.77736759185791
4.86,21.36256980895996,132.09963989257812,5.157174587249756,-22.23635482788086
4.9,20.853506088256836,134.73634338378906,1.8859643936157227,-29.882831573486328
4.94,19.744482040405273,137.37306213378906,-4.699581146240234,-35.15625762939453
4.96,19.744482040405273,140.27345275878906,-4.699581146240234,-38.49611282348633
5.0,17.86513900756836,142.55860900878906,-13.830833435058594,-39.28712844848633
5.04,16.47831153869629,145.28321838378906,-18.800670623779297,-39.28712844848633
5.0600000000000005,16.47831153869629,146.51368713378906,-18.800670623779297,-39.11134719848633
5.1000000000000005,14.21631908416748,147.65626525878906,-23.714130401611328,-38.40821838378906
5.12,12.599470138549805,148.27149963378906,-24.959455490112305,-35.50782012939453
5.16,11.761775016784668,148.35939025878906,-24.92847442626953,-31.025415420532227
5.2,10.03381633758545,148.35939025878906,-23.560609817504883,-24.697298049926758
5.22,8.244086265563965,148.44728088378906,-20.542272567749023,-17.49024772644043
5.26,7.329278469085693,148.44728088378906,-18.47547149658203,-9.580095291137695
5.3,5.46643590927124,148.44728088378906,-13.406790733337402,-3.164088726043701
5.32,3.568416118621826,148.44728088378906,-7.395300388336182,3.9550445079803467
5.36,2.60970401763916,148.44728088378906,-4.165741443634033,10.722641944885254
5.4,0.6799834966659546,148.44728088378906,2.457550048828125,15.117158889770508
5.42,-1.2565264701843262,148.44728088378906,8.910688400268555,19.599592208862305
5.46,-2.22369647026062,148.44728088378906,11.930150032043457,21.972646713256836
5.5,-4.148568153381348,148.27149963378906,17.2884578704834,22.499990463256836
5.5200000000000005,-6.051082611083984,147.21681213378906,21.43079376220703,22.499990463256836
5.5600000000000005,-6.990318298339844,145.19532775878906,22.950288772583008,22.23632049560547
5.58,-8.837532997131348,142.55860900878906,24.750690460205078,21.00584602355957
5.62,-9.742657661437988,138.60353088378906,24.999181747436523,18.01755714416504
5.66,-11.508913040161133,133.41796875,24.169456481933594,13.183586120605469
5.68,-13.20734691619873,129.375,21.630918502807617,6.503879547119141
5.72,-14.027771949768066,125.24415588378906,19.77187156677246,-0.26368993520736694
5.74,-15.604543685913086,122.25587463378906,15.037654876708984,-7.910168170928955
5.78,-15.604543685913086,118.47657775878906,15.037654876708984,-16.08399200439453
5.82,-17.790876388549805,112.67579650878906,6.061550617218018,-22.76369857788086
5.86,-19.115501403808594,108.80860900878906,-0.555494487285614,-26.894542694091797
5.88,-19.115501403808594,103.2715072631836,-0.555494487285614,-30.05861473083496
5.92,-19.734630584716797,98.96488189697266,-3.879870891571045,-30.41017723083496
5.96,-21.899940490722656,96.59181213378906,-15.923247337341309,-30.41017723083496
6.0,-22.7833251953125,94.306640625,-20.4512882232666,-29.794940948486328
6.0200000000000005,-23.525476455688477,89.4726791381836,-23.525476455688477,-27.33399772644043
6.0600000000000005,-23.8419189453125,83.23245239257812,-24.443880081176758,-22.67580795288086
6.1000000000000005,-24.362672805786133,76.99222564697266,-24.96016502380371,-16.435556411743164
6.12,-24.73076820373535,70.75199890136719,-23.69647789001465,-7.207041263580322
6.16,-24.85660743713379,66.62110137939453,-22.4198055267334,-0.43947166204452515
6.2,-24.990478515625,61.87504577636719,-18.689565658569336,7.470679759979248
6.24,-24.96612548828125,55.634769439697266,-13.622198104858398,16.08395767211914
6.26,-24.96612548828125,49.3945426940918,-13.622198104858398,26.630836486816406
6.32,-24.89442253112793,45.17578125,-10.696751594543457,35.41989517211914
6.34,-23.943849563598633,40.86915588378906,5.672083854675293,43.15426254272461
6.38,-23.636890411376953,36.914093017578125,8.880756378173828,48.955047607421875
6.42,-22.909059524536133,32.43168640136719,14.765157699584961,52.38277816772461
6.44,-22.48920440673828,29.091833114624023,17.33461570739746,52.910125732421875
6.48,-21.540620803833008,25.57619857788086,21.496416091918945,52.910125732421875
6.5,-20.451589584350586,22.587909698486328,24.11492347717285,52.734344482421875
6.54,-20.451589584350586,20.830093383789062,24.11492347717285,51.240203857421875
6.58,-18.569149017333984,18.36914825439453,24.76677131652832,47.02146530151367
6.6000000000000005,-17.15938377380371,16.259767532348633,22.96872329711914,41.92382049560547
6.640000000000001,-17.15938377380371,14.941431999206543,22.96872329711914,32.78319549560547
6.7,-16.411245346069336,15.029294967651367,21.435848236083984,21.00584602355957
6.72,-14.834281921386719,14.41408634185791,17.239418029785156,9.492170333862305
6.76,-13.158059120178223,12.216841697692871,11.797348022460938,-0.5273625254631042
6.8,-9.550945281982422,10.898451805114746,-1.195109486579895,-8.525404930114746
6.84,-7.643186092376709,10.195323944091797,-7.8075714111328125,-15.996101379394531
6.88,-5.682285785675049,10.107460975646973,-13.857437133789062,-22.14846420288086
6.9,-3.6810553073883057,10.107460975646973,-18.905719757080078,-24.785188674926758
6.94,-2.669419050216675,10.107460975646973,-20.93592643737793,-25.224641799926758
6.98,-0.6324674487113953,10.107460975646973,-23.823205947875977,-25.224641799926758
7.0,1.4114207029342651,10.107460975646973,-24.982177734375,-24.785188674926758
7.04,2.4316954612731934,10.107460975646973,-24.88145637512207,-22.060571670532227
7.08,4.460329532623291,10.107460975646973,-23.327394485473633,-17.402355194091797
7.1000000000000005,6.461655616760254,10.107460975646973,-20.07588005065918,-11.865257263183594
7.140000000000001,7.447817325592041,10.107460975646973,-17.882478713989258,-7.031260013580322
7.16,9.382706642150879,10.107460975646973,-12.5591402053833,-0.7031443119049072
7.2,9.382706642150879,10.283242225646973,-12.5591402053833,6.328097820281982
7.24,12.166659355163574,11.777359962463379,-2.9940178394317627,13.007804870605469
7.28,13.924935340881348,14.765649795532227,3.7592644691467285,18.544902801513672
7.3,15.590625762939453,18.632848739624023,10.240649223327637,21.796863555908203
7.34,15.590625762939453,23.37895393371582,10.240649223327637,22.9394474029541
7.38,17.890018463134766,27.94922637939453,18.42970848083496,22.9394474029541
7.4,19.274227142333984,33.837886810302734,22.28327751159668,22.499990463256836
7.44,19.917892456054688,40.42972946166992,23.611934661865234,21.445301055908203
7.48,21.10247039794922,46.669952392578125,24.949995040893555,18.808574676513672
7.5,21.10247039794922,53.525390625,24.949995040893555,12.392568588256836
7.54,22.606550216674805,58.7988395690918,23.533220291137695,5.712862014770508
7.58,23.41643524169922,63.105464935302734,20.404048919677734,-0.35158079862594604
7.6000000000000005,24.06461524963379,69.96095275878906,15.774567604064941,-10.546895027160645
7.640000000000001,24.326412200927734,75.146484375,12.9993257522583,-19.599628448486328
7.68,24.72272491455078,79.89259338378906,6.782369136810303,-27.070323944091797
7.72,24.94658851623535,85.86917114257812,0.06369077414274216,-34.013702392578125
7.74,24.995756149291992,91.2304916381836,-6.662302017211914,-36.6504020690918
7.78,24.9544620513916,96.06446075439453,-9.872113227844238,-37.0019645690918
7.82,24.740047454833984,99.49222564697266,-15.688797950744629,-37.0019645690918
7.84,24.350690841674805,104.32620239257812,-20.349578857421875,-36.7382926940918
7.88,24.091007232666016,108.89649200439453,-22.13441276550293,-35.24414825439453
7.92,23.443519592285156,113.90626525878906,-24.446815490722656,-32.871124267578125
7.94,22.62860870361328,118.38867950439453,-24.951831817626953,-28.476577758789062
7.98,22.62860870361328,122.1679916381836,-24.951831817626953,-20.65431785583496
8.02,21.103944778442383,124.36524963378906,-22.27155876159668,-13.710967063903809
8.06,19.89566421508789,126.82618713378906,-18.38274383544922,-5.625033378601074
8.08,18.543174743652344,129.72657775878906,-13.128897666931152,1.142564058303833
8.120000000000001,17.815677642822266,131.57228088378906,-10.1082181930542,6.855443477630615
8.16,16.264402389526367,132.62696838378906,-3.5592660903930664,12.832022666931152
8.18,16.264402389526367,134.20899963378906,-3.5592660903930664,18.457012176513672
8.22,15.44329833984375,135.61524963378906,-0.15301942825317383,22.32421112060547
8.26,11.889717102050781,137.28517150878906,12.87681770324707,23.906217575073242
8.28,9.973455429077148,138.86720275878906,18.19078254699707,23.818328857421875
8.32,9.973455429077148,140.09767150878906,18.19078254699707,23.642545700073242
8.36,6.9627556800842285,140.18556213378906,23.526256561279297,22.76366424560547
8.38,4.885746955871582,140.18556213378906,24.93695640563965,20.302719116210938
8.42,4.885746955871582,140.18556213378906,24.93695640563965,15.292940139770508
8.46,1.7029602527618408,140.09767150878906,23.5669002532959,8.437479972839355
8.48,-0.4411776065826416,140.09767150878906,20.42581558227539,2.2851455211639404
8.52,-0.4411776065826416,140.09767150878906,20.42581558227539,-7.558604717254639
8.56,-3.6514194011688232,139.65821838378906,12.951242446899414,-15.820320129394531
8.58,-5.7644758224487305,138.77931213378906,6.667855262756348,-24.345735549926758
8.620000000000001,-5.7644758224487305,136.31837463378906,6.667855262756348,-32.871124267578125
8.66,-8.853968620300293,132.97854614257812,-3.5406272411346436,-38.75978088378906
8.68,-10.837616920471191,129.11134338378906,-10.12462329864502,-42.01174545288086
8.72,-10.837616920471191,124.18946838378906,-10.12462329864502,-42.978546142578125
8.76,-13.66143798828125,120.58595275878906,-18.439102172851562,-42.978546142578125
8.8,-15.421850204467773,116.98243713378906,-22.331974029541016,-42.80276107788086
8.82,-15.421850204467773,110.30274963378906,-22.331974029541016,-41.13283920288086
8.86,-16.260244369506836,105.55667114257812,-23.662363052368164,-37.26564025878906
8.9,-19.297624588012695,101.1621322631836,-24.38593864440918,-32.783233642578125
8.94,-20.605873107910156,97.64649200439453,-21.968135833740234,-27.24610710144043
8.96,-21.75953483581543,94.74612426757812,-17.891407012939453,-19.160173416137695
9.0,-22.27542495727539,90.52735900878906,-15.322220802307129,-10.898458480834961
9.040000000000001,-23.18003273010254,84.11135864257812,-9.36408519744873,-2.8125252723693848
9.08,-23.90892791748047,78.22269439697266,-2.6955347061157227,6.240207195281982
9.1,-24.455873489379883,71.89454650878906,4.179581642150879,12.12889575958252
9.14,-24.659536361694336,66.44532012939453,7.531519412994385,16.435522079467773
9.18,-24.924856185913086,61.78712844848633,13.746182441711426,19.775375366210938
9.200000000000001,-24.998693466186523,55.371124267578125,18.92087745666504,21.533193588256836
9.24,-24.96334457397461,50.18558883666992,20.9912166595459,21.884756088256836
9.28,-24.74801254272461,47.28516387939453,23.90018653869629,21.708972930908203
9.3,-24.34078025817871,42.626976013183594,24.994396209716797,20.47850227355957
9.34,-24.065906524658203,38.7597770690918,24.82866859436035,16.25973892211914
9.38,-23.375883102416992,35.15627670288086,23.085927963256836,10.722641944885254
9.4,-22.502880096435547,30.49808692932129,19.585073471069336,4.218717098236084
9.44,-21.999624252319336,27.158235549926758,17.2532958984375,-3.076197862625122
9.48,-20.864116668701172,23.5546817779541,11.648292541503906,-10.195331573486328
9.5,-19.56365203857422,21.796918869018555,5.152664661407471,-17.578136444091797
9.540000000000001,-18.85451316833496,19.511756896972656,1.7238095998764038,-22.14846420288086
9.58,-17.32504653930664,17.753938674926758,-5.168679714202881,-24.521514892578125
9.6,-15.657050132751465,16.962894439697266,-11.668794631958008,-24.873079299926758
9.64,-14.775025367736816,16.171903610229492,-14.614004135131836,-24.873079299926758
9.68,-12.923365592956543,15.820340156555176,-19.612144470214844,-24.082061767578125
9.700000000000001,-10.966883659362793,15.820340156555176,-23.110424041748047,-21.533227920532227
9.74,-9.954048156738281,15.820340156555176,-24.207693099975586,-17.314464569091797
9.78,-7.869070053100586,15.820340156555176,-24.99195671081543,-12.568385124206543
9.8,-7.869070053100586,15.820340156555176,-24.99195671081543,-5.888679027557373
9.84,-6.801019668579102,15.820340156555176,-24.663288116455078,2.3730363845825195
9.88,-2.407923460006714,15.820340156555176,-18.789411544799805,10.898423194885254
9.92,-0.16949176788330078,15.820340156555176,-13.538468360900879,18.544902801513672
9.94,2.07301664352417,15.820340156555176,-7.2439775466918945,24.169891357421875
9.98,3.190145492553711,15.820340156555176,-3.8542819023132324,30.14647102355957
10.02,5.4048309326171875,15.820340156555176,3.0837767124176025,35.50778579711914
10.040000000000001,7.578402519226074,15.820340156555176,9.786775588989258,39.6386604309082
10.08,8.644190788269043,15.820340156555176,12.886670112609863,41.1328010559082
10.120000000000001,10.72280502319336,15.820340156555176,18.283409118652344,41.66014862060547
10.14,12.716521263122559,16.259767532348633,22.270143508911133,41.48436737060547
10.18,13.676326751708984,18.19336700439453,23.632999420166016,41.2206916809082
10.200000000000001,15.511783599853516,20.742229461669922,24.964599609375,37.96873092651367
10.24,16.383569717407227,23.994163513183594,24.906923294067383,32.60741424560547
10.28,18.02602767944336,28.212926864624023,23.34880256652832,25.927709579467773
10.32,19.52210235595703,34.45315170288086,19.98121452331543,16.611303329467773
10.34,20.2111759185791,40.69337463378906,17.69478988647461,7.119115829467773
10.36,21.46392250061035,46.23047637939453,12.137433052062988,-0.9668169021606445
10.4,21.46392250061035,53.701168060302734,12.137433052062988,-12.216821670532227
10.44,23.009607315063477,60.99613571166992,2.186575174331665,-20.214862823486328
10.48,23.804353713989258,66.53323364257812,-4.773818016052246,-26.982433319091797
10.5,24.40178680419922,73.3008041381836,-11.365580558776855,-31.640649795532227
10.540000000000001,24.624664306640625,78.92581939697266,-14.360557556152344,-32.43166732788086
10.58,24.915966033935547,83.671875,-19.45631217956543,-32.34377670288086
10.6,24.99885368347168,88.85746765136719,-23.037906646728516,-32.34377670288086
10.64,24.961624145507812,93.8672103881836,-24.167802810668945,-31.376977920532227
10.68,24.72974395751953,98.08597564697266,-24.994216918945312,-29.267597198486328
10.700000000000001,24.28915786743164,102.65625,-23.869558334350586,-24.873079299926758
10.74,23.99146270751953,107.57813262939453,-22.596477508544922,-18.720718383789062
10.78,23.243959426879883,112.41212463378906,-18.751962661743164,-13.271512031555176
10.8,22.29850196838379,117.5976791381836,-13.439135551452637,-5.888679027557373
10.84,21.753768920898438,120.41016387939453,-10.357864379882812,0.43943706154823303
10.88,20.52566146850586,122.43165588378906,-3.6467559337615967,4.833953380584717
10.9,19.12105369567871,124.18946838378906,3.3527026176452637,10.722641944885254
10.94,18.356061935424805,125.7715072631836,6.788846969604492,14.414031982421875
10.98,16.708528518676758,127.70509338378906,13.196449279785156,16.347631454467773
11.0,14.915719032287598,129.81446838378906,18.570201873779297,16.699193954467773
11.040000000000001,14.915719032287598,130.60548400878906,18.570201873779297,16.611303329467773
11.08,10.955138206481934,131.83595275878906,24.6359806060791,14.677703857421875
11.120000000000001,10.955138206481934,133.15431213378906,24.6359806060791,10.283187866210938
11.16,7.7227349281311035,134.12110900878906,24.21387481689453,5.449189186096191
11.200000000000001,5.477040767669678,134.47267150878906,21.530778884887695,-0.17579905688762665
11.22,5.477040767669678,134.47267150878906,21.530778884887695,-9.492203712463379
11.26,4.334134578704834,134.47267150878906,19.533533096313477,-18.896501541137695
11.3,-0.3133915960788727,134.47267150878906,8.172918319702148,-29.267597198486328
11.34,-2.647284984588623,134.47267150878906,1.2741811275482178,-36.8261833190918
11.36,-4.960694313049316,134.47267150878906,-5.727900981903076,-44.73636245727539
11.4,-6.103336811065674,134.03321838378906,-9.093731880187988,-48.60353469848633
11.44,-8.347846031188965,132.89064025878906,-15.22128677368164,-51.15237045288086
11.48,-8.347846031188965,130.60548400878906,-15.22128677368164,-51.67971420288086
11.52,-12.604514122009277,128.23243713378906,-23.473901748657227,-51.41604232788086
11.540000000000001,-12.604514122009277,124.71681213378906,-23.473901748657227,-49.92189407348633
11.58,-13.606273651123047,120.58595275878906,-24.451282501220703,-45.96680450439453
11.620000000000001,-13.606273651123047,113.8183822631836,-24.451282501220703,-38.84767532348633
11.66,-18.920705795288086,107.2265853881836,-20.074241638183594,-32.43166732788086
11.700000000000001,-20.37865447998047,100.6347885131836,-15.11434555053711,-24.433626174926758
11.72,-21.65597915649414,94.92190551757812,-8.949214935302734,-14.414093971252441
11.76,-22.223068237304688,89.91214752197266,-5.56500768661499,-7.470714092254639
11.8,-23.207321166992188,83.3203125,1.469698190689087,-0.8789260387420654
11.82,-23.98390007019043,77.95899200439453,8.389798164367676,4.6581711769104
11.86,-24.291828155517578,73.564453125,11.632648468017578,7.29489803314209
11.9,-24.74301528930664,68.02735137939453,17.359451293945312,8.613261222839355
11.92,-24.970823287963867,63.017601013183594,21.70098114013672,8.701151847839355
11.96,-24.9999942779541,57.12894058227539,23.238121032714844,8.525370597839355
12.0,-24.8880558013916,52.734397888183594,24.890037536621094,7.558570861816406
12.02,-24.54949378967285,47.6367301940918,24.54949378967285,3.8671536445617676
12.06,-24.295869827270508,43.066402435302734,23.633596420288086,-1.4941622018814087
12.1,-23.622352600097656,39.90238571166992,20.40102195739746,-8.789076805114746
12.120000000000001,-22.73186492919922,36.562530517578125,15.53050708770752,-17.314464569091797
12.16,-22.207502365112305,32.08012390136719,12.598271369934082,-24.609407424926758
12.200000000000001,-21.0061092376709,28.740270614624023,6.033624172210693,-29.61916160583496
12.22,-19.610000610351562,25.48828125,-1.018457293510437,-33.222686767578125
12.26,-18.842676162719727,23.115253448486328,-4.5505146980285645,-34.453155517578125
12.3,-17.177963256835938,22.412126541137695,-11.27098560333252,-34.71683120727539
12.32,-15.352354049682617,21.269573211669922,-17.08626365661621,-34.62894058227539
12.36,-15.352354049682617,21.00587272644043,-17.08626365661621,-33.750030517578125
12.4,-12.348526000976562,20.742229461669922,-23.113658905029297,-30.761741638183594
12.44,-10.195523262023926,19.775402069091797,-24.859928131103516,-25.751962661743164
12.48,-7.944969654083252,18.984411239624023,-24.599451065063477,-17.49024772644043
12.5,-7.944969654083252,18.896493911743164,-24.599451065063477,-10.986349105834961
12.540000000000001,-4.431800842285156,18.896493911743164,-20.531444549560547,-3.4277613162994385
12.58,-2.029820442199707,18.896493911743164,-15.684514999389648,3.691399097442627
12.6,-2.029820442199707,18.896493911743164,-15.684514999389648,11.86522388458252
12.64,1.6068757772445679,18.896493911743164,-6.181220531463623,18.544902801513672
12.68,4.020547389984131,18.896493911743164,0.896298348903656,22.412099838256836
12.700000000000001,4.020547389984131,18.896493911743164,0.896298348903656,26.455053329467773
12.74,7.567720413208008,18.896493911743164,11.201925277709961,28.740217208862305
12.780000000000001,9.850695610046387,18.896493911743164,17.051668167114258,28.915996551513672
12.8,12.042533874511719,20.03910255432129,21.517789840698242,28.476543426513672
12.84,12.042533874511719,22.148483276367188,21.517789840698242,27.949199676513672
12.88,15.11328125,25.04885482788086,24.862825393676758,24.960908889770508
12.9,16.986656188964844,28.652353286743164,24.589134216308594,19.951156616210938
12.94,16.986656188964844,34.80471420288086,24.589134216308594,11.513660430908203
12.98,19.489980697631836,41.39650344848633,20.47281837463379,3.691399097442627
13.0,20.9301700592041,46.582035064697266,15.581186294555664,-4.921906471252441
13.040000000000001,21.576053619384766,52.910179138183594,12.628299713134766,-14.326202392578125
13.08,22.7111873626709,59.32618713378906,6.009223461151123,-22.50002670288086
13.1,22.7111873626709,66.35745239257812,6.009223461151123,-30.937522888183594
13.14,24.001379013061523,72.5976791381836,-4.663565635681152,-35.7714958190918
13.16,24.573261260986328,78.13477325439453,-11.426860809326172,-37.96876525878906
13.22,24.573261260986328,84.0234375,-11.426860809326172,-38.49611282348633
13.24,24.98291015625,89.20903015136719,-19.668338775634766,-38.40821838378906
13.280000000000001,24.95218276977539,93.955078125,-23.235454559326172,-38.23243713378906
13.32,24.677459716796875,99.31645202636719,-24.897645950317383,-35.50782012939453
13.34,24.677459716796875,104.32620239257812,-24.897645950317383,-31.464868545532227
13.38,24.449098587036133,110.83009338378906,-24.964574813842773,-26.01563262939453
13.42,22.941442489624023,115.57618713378906,-20.221837997436523,-18.369155883789062
13.44,21.84322738647461,119.26759338378906,-15.217276573181152,-13.09572982788086
13.48,21.84322738647461,122.43165588378906,-15.217276573181152,-4.394561290740967
13.52,19.793006896972656,124.62892150878906,-5.515975475311279,0.8788914680480957
13.56,18.176313400268555,126.2109603881836,1.6394902467727661,5.361298561096191
13.58,18.176313400268555,128.14453125,1.6394902467727661,10.634751319885254
13.620000000000001,15.414944648742676,129.81446838378906,11.941195487976074,13.095695495605469
13.66,13.375697135925293,130.69337463378906,17.69438362121582,13.710905075073242
13.68,13.375697135925293,132.18751525878906,17.69438362121582,13.535149574279785
13.72,10.06892204284668,132.27540588378906,23.46975326538086,13.271477699279785
13.76,7.7307047843933105,132.45118713378906,24.950319290161133,11.162096977233887
13.780000000000001,7.7307047843933105,132.45118713378906,24.950319290161133,7.031225204467773
13.82,4.080631256103516,132.45118713378906,23.307172775268555,2.636708974838257
13.86,1.587457299232483,132.45118713378906,19.76473617553711,-4.13088846206665
13.88,1.587457299232483,132.36329650878906,19.76473617553711,-12.392602920532227
13.92,-2.1794791221618652,132.36329650878906,11.504472732543945,-21.445337295532227
13.96,-4.671875476837158,132.36329650878906,4.697188854217529,-29.794940948486328
13.98,-5.902881622314453,131.22071838378906,1.1090664863586426,-36.3867301940918
14.02,-8.318784713745117,129.375,-6.063227653503418,-41.30862045288086
14.040000000000001,-8.318784713745117,127.0019760131836,-6.063227653503418,-43.769561767578125
14.08,-11.781182289123535,123.92578887939453,-15.704268455505371,-44.033233642578125
14.120000000000001,-13.947025299072266,121.6406478881836,-20.605472564697266,-44.033233642578125
14.16,-13.947025299072266,116.80665588378906,-20.605472564697266,-43.24222183227539
14.18,-14.978653907775879,108.89649200439453,-22.433147430419922,-39.37501907348633
14.22,-16.925825119018555,102.7441635131836,-24.650789260864258,-33.837921142578125
14.26,-20.2862548828125,96.76758575439453,-22.902450561523438,-28.476577758789062
14.280000000000001,-21.663721084594727,92.8125228881836,-19.077980041503906,-21.972681045532227
14.32,-21.663721084594727,86.66016387939453,-19.077980041503906,-11.425804138183594
14.36,-23.30888557434082,81.38676452636719,-10.484315872192383,-4.04299783706665
14.38,-24.107337951660156,75.84961700439453,-3.5472378730773926,4.042935371398926
14.42,-24.107337951660156,69.96095275878906,-3.5472378730773926,11.162096977233887
14.46,-24.83487892150879,65.21484375,7.230466365814209,16.17184829711914
14.48,-24.997940063476562,60.29301071166992,13.78553295135498,21.357410430908203
14.52,-24.997940063476562,53.43752670288086,13.78553295135498,24.960908889770508
14.56,-24.753267288208008,48.16407012939453,21.306049346923828,25.312471389770508
14.6,-24.26525115966797,45.527347564697266,24.16224479675293,25.312471389770508
14.620000000000001,-23.521930694580078,41.22072219848633,24.987655639648438,25.048799514770508
14.66,-23.056617736816406,38.05664825439453,24.60947036743164,23.554655075073242
14.700000000000001,-21.944316864013672,34.62893295288086,22.3096923828125,19.863265991210938
14.72,-20.599197387695312,30.673870086669922,18.12955093383789,13.623013496398926
14.76,-19.843454360961914,28.12500762939453,15.438334465026855,8.173807144165039
14.780000000000001,-18.17516326904297,26.455108642578125,9.136552810668945,2.1093637943267822
14.82,-18.17516326904297,25.04885482788086,9.136552810668945,-6.152351379394531
14.86,-15.313714981079102,23.02739143371582,-1.5810801982879639,-11.074240684509277
14.88,-13.195470809936523,21.00587272644043,-8.690495491027832,-13.974638938903809
14.92,-12.081277847290039,19.335975646972656,-12.006370544433594,-15.380892753601074
14.96,-9.757343292236328,18.632848739624023,-17.808988571166992,-15.380892753601074
15.0,-7.326549053192139,18.632848739624023,-22.106101989746094,-15.117220878601074
15.02,-7.326549053192139,18.632848739624023,-22.106101989746094,-13.535184860229492
15.06,-3.5365829467773438,18.632848739624023,-24.971574783325195,-10.195331573486328
15.08,-0.9533767700195312,18.632848739624023,-24.255863189697266,-5.625033378601074
15.120000000000001,-0.9533767700195312,18.632848739624023,-24.255863189697266,1.054673194885254
15.16,2.9370174407958984,18.632848739624023,-19.388294219970703,6.767552375793457
15.18,5.500137805938721,18.632848739624023,-14.012594223022461,14.150358200073242
15.22,5.500137805938721,19.599620819091797,-14.012594223022461,21.00584602355957
15.26,9.22947883605957,21.269573211669922,-3.882845878601074,25.22458267211914
15.3,11.599115371704102,22.85161018371582,3.411578416824341,28.828107833862305
15.32,12.739062309265137,26.103546142578125,6.989312171936035,31.376941680908203
15.36,14.91342830657959,30.58595085144043,13.624130249023438,31.376941680908203
15.4,16.927078247070312,35.947265625,19.099441528320312,31.025379180908203
15.42,16.927078247070312,44.03322982788086,19.099441528320312,29.267560958862305
15.46,17.866512298583984,49.65824508666992,21.2508544921875,25.48825454711914
15.5,21.114748001098633,54.580078125,24.987276077270508,21.09373664855957
15.540000000000001,22.401268005371094,61.25978088378906,23.688119888305664,14.062468528747559
15.56,22.953195571899414,66.97266387939453,22.264476776123047,5.888643741607666
15.6,23.866287231445312,73.3008041381836,18.0201473236084,-1.669943928718567
15.620000000000001,24.5162410736084,80.33207702636719,12.230666160583496,-13.271512031555176
15.66,24.5162410736084,86.92386627197266,12.230666160583496,-23.203153610229492
15.700000000000001,24.981048583984375,91.7578353881836,1.7574588060379028,-29.97072410583496
15.72,24.944580078125,96.59181213378906,-5.5454230308532715,-35.24414825439453
15.76,24.944580078125,100.54692077636719,-5.5454230308532715,-37.52931213378906
15.8,24.821983337402344,105.20510864257812,-9.05751895904541,-37.79298400878906
15.84,23.64359474182129,109.86329650878906,-20.4688663482666,-37.79298400878906
15.860000000000001,23.64359474182129,115.31251525878906,-20.4688663482666,-37.52931213378906
15.9,22.06020164489746,119.44336700439453,-24.640066146850586,-35.50782012939453
15.92,20.690767288208008,122.5195541381836,-24.805925369262695,-33.574249267578125
15.96,20.690767288208008,125.15626525878906,-24.805925369262695,-28.476577758789062
16.0,18.202472686767578,126.82618713378906,-21.09117317199707,-21.181663513183594
16.04,16.280466079711914,129.375,-16.280466079711914,-14.765657424926758
16.06,16.280466079711914,130.86915588378906,-16.280466079711914,-5.712924480438232
16.1,13.055496215820312,132.27540588378906,-6.588944435119629,-0.35158079862594604
16.12,10.712324142456055,132.36329650878906,0.7102720141410828,4.130825996398926
16.16,9.49244213104248,132.36329650878906,4.377742290496826,8.701151847839355
16.2,6.9732184410095215,132.36329650878906,11.35120964050293,12.04100513458252
16.22,4.37186336517334,132.36329650878906,17.34404945373535,13.710905075073242
16.26,3.049572706222534,132.36329650878906,19.805496215820312,13.710905075073242
16.3,0.3805852234363556,132.36329650878906,23.3903751373291,13.535149574279785
16.34,-2.2954726219177246,132.27540588378906,24.946992874145508,12.216787338256836
16.38,-2.2954726219177246,131.92384338378906,24.946992874145508,7.822243690490723
16.4,-6.2555928230285645,130.42970275878906,23.229806900024414,3.515617609024048
16.44,-8.815186500549316,129.02345275878906,19.525243759155273,-3.076197862625122
16.46,-11.275543212890625,125.50782775878906,14.120841979980469,-10.634785652160645
16.5,-12.459464073181152,121.6406478881836,10.922877311706543,-18.193374633789062
16.54,-14.717397689819336,118.74024200439453,3.8830528259277344,-24.433626174926758
16.56,-16.806747436523438,111.18165588378906,-3.4976906776428223,-28.652360916137695
16.6,-17.780366897583008,104.50198364257812,-7.114536285400391,-30.322288513183594
16.64,-19.570953369140625,97.29492950439453,-13.806127548217773,-30.41017723083496
16.66,-19.570953369140625,91.49418640136719,-13.806127548217773,-29.882831573486328
16.7,-21.826007843017578,86.13282012939453,-21.43230438232422,-28.564470291137695
16.740000000000002,-23.015491485595703,81.9140625,-24.259170532226562,-26.191415786743164
16.76,-23.936267852783203,76.64065551757812,-24.96514129638672,-21.621116638183594
16.8,-24.292131423950195,71.45512390136719,-24.49524688720703,-15.46878433227539
16.84,-24.789045333862305,66.18167114257812,-21.959693908691406,-7.910168170928955
16.86,-24.928417205810547,60.90821838378906,-19.949296951293945,-1.2304894924163818
16.9,-24.986385345458984,55.898468017578125,-14.662471771240234,6.064425468444824
16.92,-24.986385345458984,50.53715515136719,-14.662471771240234,14.326140403747559
16.96,-24.520090103149414,46.757816314697266,-4.493824481964111,20.214828491210938
16.98,-23.844478607177734,42.45119094848633,2.911632776260376,25.927709579467773
17.02,-23.844478607177734,38.671913146972656,2.911632776260376,30.67381477355957
17.06,-22.301816940307617,35.595703125,13.345947265625,32.78319549560547
17.1,-20.937185287475586,30.937515258789062,18.96026039123535,33.574188232421875
17.12,-19.321210861206055,26.718753814697266,22.907257080078125,33.574188232421875
17.16,-18.424663543701172,23.46681785583496,24.139616012573242,33.310516357421875
17.2,-16.467437744140625,22.060564041137695,24.984779357910156,31.201162338256836
17.240000000000002,-14.310674667358398,20.742229461669922,23.62652587890625,26.279272079467773
17.26,-11.979716300964355,20.918010711669922,20.18235969543457,19.072246551513672
17.3,-10.757451057434082,20.918010711669922,17.76583480834961,11.162096977233887
17.34,-8.21750259399414,20.918010711669922,11.809884071350098,4.042935371398926
17.38,-5.575755596160889,20.918010711669922,4.8075151443481445,-5.976569652557373
17.400000000000002,-5.575755596160889,20.918010711669922,4.8075151443481445,-12.656275749206543
17.44,-1.491867184638977,20.918010711669922,-6.292807102203369,-17.314464569091797
17.48,1.2636407613754272,20.918010711669922,-13.135783195495605,-18.984390258789062
17.52,4.006485462188721,20.918010711669922,-18.816680908203125,-19.072282791137695
17.54,4.006485462188721,21.796918869018555,-18.816680908203125,-18.896501541137695
17.580000000000002,8.023862838745117,24.345727920532227,-24.093168258666992,-17.314464569091797
17.62,10.589547157287598,27.5976619720459,-24.9894962310791,-15.117220878601074
17.64,10.589547157287598,33.04689407348633,-24.9894962310791,-11.425804138183594
17.68,14.190004348754883,38.9355583190918,-22.198787689208984,-6.064460754394531
17.7,16.38135528564453,44.38479232788086,-17.819353103637695,-1.1425986289978027
17.740000000000002,17.403837203979492,49.3945426940918,-15.003803253173828,4.218717098236084
17.78,19.286296844482422,54.052734375,-8.433770179748535,10.107406616210938
17.8,20.93246078491211,60.46879196166992,-1.1096943616867065,13.798794746398926
17.84,20.93246078491211,67.76371002197266,-1.1096943616867065,17.57810401916504
17.88,22.913408279418945,74.88284301757812,9.85851764678955,20.039047241210938
17.92,23.883501052856445,79.98051452636719,16.206968307495117,20.214828491210938
17.94,24.557613372802734,84.90234375,21.109432220458984,19.775375366210938
17.98,24.780635833740234,90.43949890136719,22.874746322631836,18.36911964416504
18.02,24.99458122253418,95.62503051757812,24.83466911315918,15.732394218444824
18.04,24.8964786529541,100.6347885131836,24.572105407714844,10.98631477355957
18.080000000000002,24.8964786529541,106.52345275878906,24.572105407714844,3.3398358821868896
18.12,24.166006088256836,111.3574447631836,20.111717224121094,-5.185579299926758
18.16,23.297733306884766,114.52149963378906,14.812435150146484,-12.91994857788086
18.18,23.297733306884766,118.74024200439453,14.812435150146484,-24.521514892578125
18.22,22.75261688232422,122.34376525878906,11.628706932067871,-33.134796142578125
18.26,19.872488021850586,124.98047637939453,-2.9402685165405273,-38.14454650878906
18.3,18.0438175201416,127.35353088378906,-10.168663024902344,-40.429710388183594
18.32,18.0438175201416,129.99024963378906,-10.168663024902344,-40.605491638183594
18.36,14.876914978027344,131.74806213378906,-19.117948532104492,-40.517601013183594
18.38,12.52119255065918,133.15431213378906,-23.03708267211914,-40.341819763183594
18.42,11.280801773071289,133.50587463378906,-24.23369598388672,-38.23243713378906
18.46,8.69442367553711,133.50587463378906,-24.96462059020996,-35.06836700439453
18.48,5.99460506439209,133.50587463378906,-23.443256378173828,-29.443378448486328
18.52,5.99460506439209,133.50587463378906,-23.443256378173828,-21.093772888183594
18.56,1.8073257207870483,133.50587463378906,-17.28647232055664,-13.886748313903809
18.6,-1.0240046977996826,133.50587463378906,-11.136392593383789,-5.537142753601074
18.64,-3.844888925552368,133.50587463378906,-3.976806402206421,0.7910005450248718
18.66,-3.844888925552368,133.33009338378906,-3.976806402206421,7.031225204467773
18.7,-7.977217674255371,131.39649963378906,7.229062557220459,11.953113555908203
18.740000000000002,-10.614023208618164,129.11134338378906,14.024238586425781,15.556612968444824
18.76,-10.614023208618164,127.1777572631836,14.024238586425781,18.10544776916504
18.8,-14.306207656860352,124.10157012939453,21.673974990844727,18.457012176513672
18.84,-16.545169830322266,120.41016387939453,24.401512145996094,18.457012176513672
18.88,-16.545169830322266,113.90626525878906,24.401512145996094,17.665992736816406
18.92,-20.357410430908203,104.23828125,23.1602840423584,13.974576950073242
18.94,-21.87969970703125,96.59181213378906,19.299705505371094,8.789043426513672
18.98,-22.535295486450195,90.43949890136719,16.681432723999023,2.9882724285125732
19.02,-23.62415313720703,83.23245239257812,10.366134643554688,-2.6367435455322266
19.04,-24.404375076293945,77.08008575439453,3.103890895843506,-10.195331573486328
19.080000000000002,-24.404375076293945,70.13673400878906,3.103890895843506,-16.787120819091797
19.12,-24.972803115844727,65.30276489257812,-8.109158515930176,-19.863300323486328
19.16,-24.941875457763672,60.5566520690918,-14.80306625366211,-20.56642723083496
19.18,-24.58180046081543,54.755863189697266,-20.14681625366211,-20.12697410583496
19.22,-24.27935791015625,49.65824508666992,-22.15314292907715,-18.544937133789062
19.26,-23.434091567993164,46.406253814697266,-24.603851318359375,-16.435556411743164
19.3,-22.2773380279541,42.18754577636719,-24.803466796875,-11.513693809509277
19.32,-22.2773380279541,39.4629020690918,-24.803466796875,-4.394561290740967
19.36,-21.586523056030273,36.298831939697266,-24.04442024230957,2.1972546577453613
19.400000000000002,-19.990968704223633,31.816425323486328,-20.894134521484375,9.755843162536621
19.42,-16.020597457885742,29.091833114624023,-9.305778503417969,17.138648986816406
19.46,-14.884175300598145,26.542972564697266,-5.682770252227783,22.85155487060547
19.48,-12.464140892028809,25.04885482788086,1.8722280263900757,28.564434051513672
19.52,-12.464140892028809,22.93947410583496,1.8722280263900757,34.277313232421875
19.56,-8.527114868164062,22.93947410583496,12.672301292419434,37.001930236816406
19.6,-5.748572826385498,22.93947410583496,18.55123519897461,38.49607467651367
19.62,-2.889991044998169,22.93947410583496,22.723957061767578,38.49607467651367
19.66,-1.4426389932632446,22.93947410583496,24.042560577392578,38.23240280151367
19.7,1.4638159275054932,22.93947410583496,24.990772247314453,37.35349655151367
19.72,4.35316801071167,23.5546817779541,23.63400650024414,33.398406982421875
19.76,5.779152870178223,23.994163513183594,22.121492385864258,28.037090301513672
19.8,8.56944465637207,25.48828125,17.601545333862305,22.412099838256836
19.82,11.24580192565918,28.740270614624023,11.453475952148438,12.832022666931152
19.86,11.24580192565918,33.13481521606445,11.453475952148438,2.9882724285125732
19.900000000000002,14.966741561889648,37.001956939697266,0.4473571479320526,-5.185579299926758
19.92,17.201580047607422,41.30863952636719,-7.090757369995117,-11.601585388183594
19.96,17.201580047607422,46.669952392578125,-7.090757369995117,-16.611337661743164
20.0,20.10736083984375,52.031272888183594,-16.96750831604004,-18.193374633789062
20.02,21.7071533203125,57.30472183227539,-21.7071533203125,-18.193374633789062
20.06,21.7071533203125,64.16014862060547,-21.7071533203125,-18.10548210144043
20.1,23.543912887573242,70.31251525878906,-24.95465660095215,-17.66602897644043
20.14,24.367294311523438,77.60742950439453,-24.24869155883789,-15.029329299926758
20.16,24.367294311523438,85.78125,-24.24869155883789,-10.634785652160645
20.2,24.970029830932617,91.49418640136719,-19.040102005004883,-6.591805934906006
20.240000000000002,24.940814971923828,97.20706939697266,-13.268950462341309,-1.2304894924163818
20.26,24.940814971923828,102.21682739257812,-13.268950462341309,4.746062278747559
20.3,24.249061584472656,106.43555450439453,-2.4922358989715576,7.998025417327881
20.34,23.363903045654297,110.74220275878906,5.130956649780273,11.513660430908203
20.36,22.152172088623047,114.96094512939453,12.278077125549316,14.062468528747559
20.400000000000002,21.42867660522461,118.0371322631836,15.460982322692871,14.501921653747559
20.44,19.758529663085938,120.93751525878906,20.672744750976562,14.414031982421875
20.48,17.81009292602539,122.5195541381836,23.9542179107666,13.535149574279785
20.5,15.609944343566895,123.66211700439453,24.996477127075195,10.019515037536621
20.54,14.424798011779785,124.62892150878906,24.638107299804688,5.800752639770508
20.580000000000002,11.904827117919922,125.15626525878906,22.202821731567383,0.08787357062101364
20.6,11.904827117919922,125.24415588378906,22.202821731567383,-8.26173210144043
20.64,7.817522048950195,125.24415588378906,14.772912979125977,-15.908210754394531
20.68,4.943264961242676,125.24415588378906,7.975753307342529,-24.697298049926758
20.7,4.943264961242676,125.24415588378906,7.975753307342529,-32.08010482788086
20.740000000000002,0.5086797475814819,125.24415588378906,-3.407634973526001,-36.6504020690918
20.78,-2.468886613845825,125.24415588378906,-10.749979972839355,-39.02345657348633
20.8,-2.468886613845825,125.24415588378906,-10.749979972839355,-39.02345657348633
20.84,-6.861279010772705,125.24415588378906,-19.681264877319336,-38.93556594848633
20.88,-9.679165840148926,125.24415588378906,-23.428749084472656,-38.75978088378906
20.900000000000002,-12.361275672912598,125.24415588378906,-24.97086524963379,-36.3867301940918
20.94,-12.361275672912598,124.71681213378906,-24.97086524963379,-32.60744857788086
20.98,-16.045654296875,122.9590072631836,-22.886629104614258,-26.982433319091797
21.02,-18.22391128540039,120.05860137939453,-18.753070831298828,-18.632827758789062
21.04,-20.142024993896484,115.22462463378906,-12.847488403320312,-9.931658744812012
21.080000000000002,-20.142024993896484,108.45703887939453,-12.847488403320312,0.7910005450248718
21.12,-22.470504760742188,103.09573364257812,-1.9164901971817017,6.767552375793457
21.16,-23.623167037963867,96.15237426757812,5.749592304229736,13.271477699279785
21.18,-24.434940338134766,88.50589752197266,12.874100685119629,19.335920333862305
21.22,-24.708829879760742,80.5957260131836,16.01844596862793,22.9394474029541
21.26,-24.987041473388672,73.740234375,21.09770965576172,24.697235107421875
21.28,-24.902198791503906,66.18167114257812,24.17833709716797,25.048799514770508
21.32,-24.72350311279297,59.5019645690918,24.86888313293457,24.785127639770508
21.36,-24.096206665039062,53.613304138183594,24.4669246673584,23.818328857421875
21.400000000000002,-23.116413116455078,47.19729995727539,21.74095344543457,20.039047241210938
21.44,-21.797508239746094,43.505882263183594,16.947650909423828,13.447259902954102
21.46,-21.797508239746094,41.57228469848633,16.947650909423828,4.746062278747559
21.5,-19.224933624267578,40.16603088378906,6.917745590209961,-2.6367435455322266
21.54,-17.149250030517578,38.7597770690918,-0.7364497184753418,-10.634785652160645
21.56,-17.149250030517578,37.17774200439453,-0.7364497184753418,-17.75391960144043
21.6,-13.569189071655273,35.595703125,-11.862869262695312,-23.11526107788086
21.64,-10.921863555908203,33.574241638183594,-18.012374877929688,-24.345735549926758
21.66,-8.110644340515137,32.60746765136719,-22.44477653503418,-24.433626174926758
21.7,-6.656370162963867,32.78325271606445,-23.87659454345703,-24.433626174926758
21.740000000000002,-3.6772475242614746,32.78325271606445,-24.998882293701172,-23.466825485229492
21.76,-0.6408450603485107,32.78325271606445,-23.731369018554688,-20.39064598083496
21.8,0.8847826719284058,32.78325271606445,-22.229782104492188,-16.611337661743164
21.84,3.9225010871887207,32.78325271606445,-17.669334411621094,-12.656275749206543
21.86,3.9225010871887207,32.78325271606445,-17.669334411621094,-5.273469924926758
21.900000000000002,8.360360145568848,32.95903396606445,-7.83450984954834,0.6152188181877136
21.92,11.174992561340332,33.925804138183594,-0.19575829803943634,6.064425468444824
21.96,11.174992561340332,35.947265625,-0.19575829803943634,12.832022666931152
22.0,15.074868202209473,37.96878433227539,11.07078742980957,15.90817642211914
22.04,17.402427673339844,40.86915588378906,17.402427673339844,17.57810401916504
22.06,18.47081184387207,44.03322982788086,19.974302291870117,18.01755714416504
22.1,20.396236419677734,47.724647521972656,23.61964225769043,17.57810401916504
22.14,22.015464782714844,52.558616638183594,24.993732452392578,15.556612968444824
22.16,23.303190231323242,58.44727325439453,23.961933135986328,11.337878227233887
22.2,23.8161678314209,63.369163513183594,22.565155029296875,6.415988922119141
22.240000000000002,24.57004165649414,70.04887390136719,18.176816940307617,0.7031096816062927
22.26,24.95137596130371,78.57425689697266,12.033926963806152,-7.734386444091797
22.3,24.9999942779541,84.99026489257812,8.48404312133789,-16.523447036743164
22.34,24.811582565307617,91.14262390136719,0.8555476665496826,-23.203153610229492
22.38,24.244468688964844,98.43753814697266,-6.858181476593018,-28.740251541137695
22.400000000000002,24.244468688964844,105.64453125,-6.858181476593018,-30.49806785583496
22.44,22.702072143554688,110.83009338378906,-16.9726619720459,-30.49806785583496
22.46,21.234214782714844,116.01564025878906,-21.792530059814453,-30.322288513183594
22.5,21.234214782714844,122.25587463378906,-21.792530059814453,-30.14650535583496
22.54,18.427017211914062,125.06837463378906,-24.97652244567871,-27.59766960144043
22.56,16.192707061767578,128.40821838378906,-24.098793029785156,-22.67580795288086
22.6,16.192707061767578,130.60548400878906,-24.098793029785156,-15.996101379394531
22.64,12.381120681762695,132.53909301757812,-18.486635208129883,-9.316422462463379
22.68,9.589654922485352,133.59376525878906,-12.407685279846191,-2.4609618186950684
22.7,9.589654922485352,133.68165588378906,-12.407685279846191,3.0761632919311523
22.740000000000002,5.133520126342773,133.68165588378906,-1.2427946329116821,8.349588394165039
22.78,2.0501794815063477,133.68165588378906,6.510949611663818,12.744132041931152
22.8,2.0501794815063477,133.68165588378906,6.510949611663818,15.732394218444824
22.84,-2.624497652053833,133.68165588378906,16.736696243286133,16.962865829467773
22.88,-5.703298091888428,133.68165588378906,21.647823333740234,16.874977111816406
22.900000000000002,-8.69567584991455,133.68165588378906,24.44955062866211,16.699193954467773
22.94,-10.144685745239258,133.24220275878906,24.964365005493164,14.677703857421875
22.98,-12.919755935668945,131.48439025878906,24.157472610473633,11.24998664855957
23.0,-12.919755935668945,128.75978088378906,24.157472610473633,5.273407459259033
23.04,-14.234818458557129,124.80470275878906,22.85495376586914,-2.3730709552764893
23.080000000000002,-18.892417907714844,120.41016387939453,12.542946815490723,-10.107439994812012
23.12,-20.795183181762695,116.2793197631836,5.246931076049805,-16.699228286743164
23.14,-22.371341705322266,108.80860900878906,-2.5653183460235596,-23.378934860229492
23.18,-23.0286808013916,100.37113952636719,-6.425951957702637,-26.455089569091797
23.22,-24.068302154541016,92.90038299560547,-13.58249282836914,-27.070323944091797
23.240000000000002,-24.72726058959961,82.1777572631836,-19.40912628173828,-27.070323944091797
23.28,-24.910173416137695,75.93753051757812,-21.637861251831055,-26.630870819091797
23.32,-24.978591918945312,69.08203887939453,-24.451080322265625,-24.697298049926758
23.34,-24.649370193481445,63.369163513183594,-24.862714767456055,-21.093772888183594
23.38,-24.33671760559082,58.27149200439453,-24.145023345947266,-16.17188262939453
23.400000000000002,-23.420927047729492,54.228515625,-20.949398040771484,-10.459003448486328
23.44,-23.420927047729492,49.306678771972656,-20.949398040771484,-3.164088726043701
23.48,-21.349498748779297,47.19729995727539,-12.442227363586426,3.603508234024048
23.52,-19.53426742553711,44.736358642578125,-5.106527805328369,10.81053352355957
23.54,-17.403779983520508,43.066402435302734,2.7351059913635254,15.82028579711914
23.580000000000002,-17.403779983520508,42.45119094848633,2.7351059913635254,19.599592208862305
23.62,-13.691449165344238,42.18754577636719,13.759654998779297,21.181629180908203
23.66,-10.929330825805664,41.39650344848633,19.558774948120117,21.708972930908203
23.7,-7.98828649520874,41.04493713378906,23.42678451538086,21.621084213256836
23.72,-6.465298652648926,41.04493713378906,24.507837295532227,21.09373664855957
23.76,-3.3450205326080322,41.04493713378906,24.828720092773438,17.402320861816406
23.8,-0.16781572997570038,41.04493713378906,22.691619873046875,11.07420539855957
23.82,-0.16781572997570038,41.04493713378906,22.691619873046875,4.218717098236084
23.86,4.591967582702637,41.04493713378906,15.397000312805176,-3.2519795894622803
23.900000000000002,7.685737609863281,41.04493713378906,8.507688522338867,-11.250021934509277
23.92,7.685737609863281,41.04493713378906,8.507688522338867,-18.457046508789062
23.96,9.189671516418457,41.04493713378906,4.698732376098633,-23.291044235229492
24.0,14.776546478271484,41.30863952636719,-10.736145973205566,-24.345735549926758
24.04,17.232437133789062,42.45119094848633,-17.232437133789062,-24.345735549926758
24.060000000000002,17.232437133789062,44.91213607788086,-17.232437133789062,-24.345735549926758
24.1,20.378047943115234,47.90042495727539,-23.609325408935547,-22.939481735229492
24.14,22.06490707397461,52.031272888183594,-24.995859146118164,-20.39064598083496
24.16,22.06490707397461,57.744144439697266,-24.995859146118164,-16.523447036743164
24.2,23.908315658569336,62.66603469848633,-22.430408477783203,-10.986349105834961
24.22,24.64835548400879,68.46683502197266,-17.868289947509766,-6.152351379394531
24.26,24.64835548400879,76.46487426757812,-17.868289947509766,0.35154619812965393
24.3,24.991989135742188,82.26561737060547,-7.8703131675720215,6.328097820281982
24.32,24.70306968688965,88.24219512939453,-0.07005459815263748,10.107406616210938
24.36,24.70306968688965,96.06446075439453,-0.07005459815263748,14.853485107421875
24.400000000000002,23.502065658569336,102.56838989257812,11.402046203613281,18.632793426513672
24.44,22.207597732543945,107.92970275878906,17.781986236572266,20.039047241210938
24.46,20.541196823120117,114.96094512939453,22.383066177368164,19.863265991210938
24.5,19.576704025268555,119.79493713378906,23.86351776123047,19.775375366210938
24.54,17.40477752685547,124.54102325439453,24.997066497802734,18.896465301513672
24.560000000000002,14.939163208007812,128.84767150878906,23.623125076293945,15.644503593444824
24.6,13.608756065368652,130.69337463378906,22.02851676940918,10.546859741210938
24.64,10.780304908752441,133.06643676757812,17.22294807434082,5.009735107421875
24.66,10.780304908752441,135.00001525878906,17.22294807434082,-2.4609618186950684
24.7,6.208444595336914,136.49415588378906,6.966050624847412,-10.810566902160645
24.740000000000002,3.0154669284820557,137.197265625,-0.9039666652679443,-16.962902069091797
24.76,-0.2311640828847885,137.197265625,-8.68558406829834,-24.96097183227539
24.8,-0.2311640828847885,137.197265625,-8.68558406829834,-29.531269073486328
24.84,-5.081606388092041,137.197265625,-18.49897003173828,-30.58595848083496
24.88,-8.222127914428711,137.197265625,-22.838834762573242,-30.58595848083496
24.900000000000002,-11.225401878356934,137.197265625,-24.875545501708984,-30.41017723083496
24.94,-12.659363746643066,136.75782775878906,-24.955408096313477,-28.916034698486328
24.98,-15.361074447631836,136.14259338378906,-23.226465225219727,-24.697298049926758
25.0,-15.361074447631836,133.59376525878906,-23.226465225219727,-18.808609008789062
25.04,-18.91243553161621,130.51759338378906,-16.349916458129883,-12.656275749206543
25.080000000000002,-20.88578987121582,127.1777572631836,-9.58288288116455,-5.537142753601074
25.1,-22.502548217773438,123.0468978881836,-1.8433696031570435,1.230454921722412
25.14,-23.167997360229492,118.65235137939453,2.148092269897461,6.152316093444824
25.18,-24.19812774658203,112.85157775878906,9.868263244628906,11.07420539855957
25.2,-24.19812774658203,104.85354614257812,9.868263244628906,15.380830764770508
25.240000000000002,-24.959566116333008,97.55863189697266,19.35730743408203,17.226539611816406
25.28,-24.93039321899414,89.56058502197266,23.351459503173828,17.402320861816406
25.32,-24.47003936767578,79.27738189697266,24.974628448486328,17.050758361816406
25.34,-23.585412979125977,71.10356140136719,24.05942153930664,15.468722343444824
25.38,-22.98818016052246,65.12698364257812,22.6682071685791,11.162096977233887
25.400000000000002,-21.496213912963867,59.15039825439453,18.194194793701172,6.064425468444824
25.44,-21.496213912963867,53.96487045288086,18.194194793701172,-0.08790817856788635
25.48,-18.56450080871582,49.13090133666992,8.201745986938477,-9.140640258789062
25.52,-16.195878982543945,46.757816314697266,0.33970895409584045,-15.732429504394531
25.54,-16.195878982543945,44.56057357788086,0.33970895409584045,-23.11526107788086
25.580000000000002,-12.123006820678711,44.03322982788086,-11.269115447998047,-27.68556022644043
25.6,-9.129459381103516,43.593746185302734,-17.73356056213379,-31.201194763183594
25.64,-7.5683441162109375,43.681663513183594,-20.321962356567383,-31.992212295532227
25.68,-4.351439952850342,43.681663513183594,-23.878883361816406,-31.992212295532227
25.7,-1.0554038286209106,43.681663513183594,-24.994693756103516,-31.904321670532227
25.740000000000002,0.6042446494102478,43.681663513183594,-24.590471267700195,-30.322288513183594
25.76,3.910266637802124,43.681663513183594,-21.907957077026367,-27.15821647644043
25.8,5.542026519775391,43.681663513183594,-19.69817543029785,-22.67580795288086
25.84,8.726900100708008,43.681663513183594,-13.823589324951172,-18.01759147644043
25.86,10.265847206115723,44.648433685302734,-10.309861183166504,-13.271512031555176
25.900000000000002,13.202454566955566,46.582035064697266,-2.579775810241699,-6.679696559906006
25.92,15.907231330871582,49.65824508666992,5.417666435241699,-1.3183804750442505
25.96,17.15730857849121,52.910179138183594,9.25879955291748,1.7578002214431763
26.0,19.42461585998535,56.25003433227539,16.131547927856445,3.3398358821868896
26.02,19.42461585998535,60.64457702636719,16.131547927856445,3.2519450187683105
26.060000000000002,20.43155288696289,65.21484375,18.985090255737305,2.9882724285125732
26.1,23.512041091918945,71.27934265136719,24.94880485534668,1.5820183753967285
26.12,23.512041091918945,78.92581939697266,24.94880485534668,-2.021507501602173
26.16,24.734333038330078,84.99026489257812,22.831586837768555,-7.1191511154174805
26.2,24.998233795166016,90.61528015136719,18.426362991333008,-13.798856735229492
26.22,24.81342315673828,98.43753814697266,12.118586540222168,-23.203153610229492
26.26,24.553133010864258,104.67776489257812,8.448165893554688,-31.552759170532227
26.3,23.70196533203125,111.18165588378906,0.5479016304016113,-38.49611282348633
26.32,22.4227352142334,118.30078887939453,-7.411559104919434,-42.714874267578125
26.36,21.62919807434082,123.22267150878906,-11.154208183288574,-44.29690933227539
26.400000000000002,19.751596450805664,127.4414291381836,-17.680299758911133,-45.08789825439453
26.42,17.514894485473633,132.62696838378906,-22.378257751464844,-45.08789825439453
26.46,16.274045944213867,135.96681213378906,-23.880130767822266,-44.91211700439453
26.5,13.575016975402832,138.77931213378906,-24.99344825744629,-43.066436767578125
26.52,12.128938674926758,141.76759338378906,-24.575210571289062,-39.902366638183594
26.560000000000002,9.076165199279785,144.14064025878906,-21.84163475036621,-36.2988395690918
26.6,5.855562210083008,146.07423400878906,-16.840085983276367,-29.355487823486328
26.62,5.855562210083008,147.392578125,-16.840085983276367,-20.12697410583496
26.66,4.20046854019165,147.30470275878906,-13.642548561096191,-10.546895027160645
26.7,-2.5418457984924316,147.30470275878906,1.7593919038772583,-3.9551069736480713
26.72,-5.878142833709717,147.30470275878906,9.606993675231934,0.8788914680480957
26.76,-7.510615348815918,147.30470275878906,13.204700469970703,6.328097820281982
26.8,-10.6665620803833,147.30470275878906,19.278379440307617,10.722641944885254
26.84,-13.628785133361816,147.30470275878906,23.344980239868164,13.359368324279785
26.86,-13.628785133361816,147.21681213378906,23.344980239868164,14.238249778747559
26.900000000000002,-17.58962059020996,146.51368713378906,24.81812858581543,14.150358200073242
26.92,-19.836490631103516,145.37110900878906,22.56275177001953,13.974576950073242
26.96,-19.836490631103516,142.11915588378906,22.56275177001953,11.777332305908203
27.0,-22.510574340820312,137.81251525878906,14.900814056396484,7.998025417327881
27.02,-23.779647827148438,132.71485900878906,7.715461254119873,4.5702805519104
27.060000000000002,-23.779647827148438,126.2109603881836,7.715461254119873,-1.4941622018814087
27.1,-24.851463317871094,119.70704650878906,-4.320206165313721,-6.3281331062316895
27.12,-24.990530014038086,113.55470275878906,-11.958494186401367,-8.876968383789062
27.16,-24.88522720336914,105.55667114257812,-15.354482650756836,-9.316422462463379
27.2,-24.326702117919922,97.55863189697266,-20.85378074645996,-9.316422462463379
27.22,-24.326702117919922,88.33011627197266,-20.85378074645996,-7.822277545928955
27.26,-22.640674591064453,80.77149963378906,-24.88457679748535,-5.185579299926758
27.28,-20.98029899597168,74.88284301757812,-24.34514045715332,-1.757834792137146
27.32,-20.98029899597168,68.55470275878906,-24.34514045715332,4.130825996398926
27.36,-17.760473251342773,63.720726013183594,-18.83019256591797,9.580060958862305
27.400000000000002,-15.18527889251709,60.11722946166992,-12.576458930969238,14.501921653747559
27.42,-13.786406517028809,56.95315933227539,-8.904987335205078,20.917957305908203
27.46,-10.798661231994629,54.843780517578125,-0.9558367133140564,26.630836486816406
27.48,-10.798661231994629,53.43752670288086,-0.9558367133140564,31.201162338256836
27.52,-5.94880485534668,53.173824310302734,10.894246101379395,33.574188232421875
27.560000000000002,-2.5586493015289307,53.26174545288086,17.53073501586914,34.540985107421875
27.6,-2.5586493015289307,53.349609375,17.53073501586914,34.628875732421875
27.62,2.6021769046783447,53.349609375,23.85268783569336,34.36520767211914
27.66,5.997910499572754,53.349609375,24.993745803833008,32.78319549560547
27.68,9.282123565673828,53.349609375,23.493078231811523,28.037090301513672
27.72,10.862649917602539,53.349609375,21.790220260620117,22.76366424560547
27.76,13.862581253051758,55.107421875,16.70344352722168,16.435522079467773
27.8,16.599912643432617,57.48050308227539,9.846386909484863,6.240207195281982
27.82,16.599912643432617,60.73244094848633,9.846386909484863,-1.3183804750442505
27.86,20.099124908447266,63.896507263183594,-2.139951705932617,-8.34962272644043
27.900000000000002,21.96103286743164,67.41213989257812,-10.03067398071289,-13.271512031555176
27.92,21.96103286743164,71.98246765136719,-10.03067398071289,-16.611337661743164
27.96,23.95598602294922,77.51956176757812,-19.641925811767578,-17.138683319091797
28.0,24.715206146240234,83.671875,-23.572357177734375,-17.138683319091797
28.02,24.998186111450195,89.91214752197266,-24.998186111450195,-16.787120819091797
28.060000000000002,24.958663940429688,96.50394439697266,-24.712657928466797,-14.853547096252441
28.1,24.517845153808594,102.0410385131836,-22.181116104125977,-11.689476013183594
28.12,23.601806640625,109.59962463378906,-17.286907196044922,-6.855478286743164
28.16,22.970430374145508,116.19142150878906,-14.107526779174805,-1.9336165189743042
28.2,21.37561798095703,122.1679916381836,-6.707220554351807,2.1972546577453613
28.22,19.363935470581055,128.49609375,1.4108192920684814,7.470679759979248
28.26,18.213401794433594,132.62696838378906,5.468991279602051,12.12889575958252
28.3,15.650434494018555,136.58204650878906,13.041289329528809,15.029267311096191
28.32,15.650434494018555,140.88868713378906,13.041289329528809,16.962865829467773
28.36,11.246550559997559,144.22853088378906,21.57721710205078,17.226539611816406
28.400000000000002,8.020415306091309,146.77735900878906,24.497045516967773,17.050758361816406
28.44,4.634617328643799,149.58985900878906,24.79644775390625,16.17184829711914
28.46,4.634617328643799,150.20509338378906,24.79644775390625,13.007804870605469
28.5,-0.598275363445282,150.11720275878906,20.33481216430664,8.437479972839355
28.54,-4.08988094329834,150.11720275878906,14.547525405883789,3.1640541553497314
28.560000000000002,-4.08988094329834,150.11720275878906,14.547525405883789,-4.921906471252441
28.6,-5.810742378234863,150.11720275878906,11.021921157836914,-13.535184860229492
28.64,-9.16004753112793,150.11720275878906,3.1792619228363037,-20.039081573486328
28.66,-15.260562896728516,150.11720275878906,-12.658392906188965,-27.24610710144043
28.7,-15.260562896728516,150.11720275878906,-12.658392906188965,-31.552759170532227
28.740000000000002,-16.61625862121582,149.85353088378906,-16.02134132385254,-32.34377670288086
28.76,-21.157825469970703,149.06251525878906,-24.418014526367188,-32.34377670288086
28.8,-22.044151306152344,147.74415588378906,-24.967008590698242,-32.08010482788086
28.82,-23.48444366455078,145.63478088378906,-24.03786849975586,-30.58595848083496
28.86,-24.030969619750977,142.55860900878906,-22.584272384643555,-26.718759536743164
28.900000000000002,-24.762483596801758,137.548828125,-17.89360237121582,-21.709007263183594
28.94,-24.99984359741211,130.60548400878906,-11.270938873291016,-15.029329299926758
28.98,-24.73716163635254,122.1679916381836,-3.429374933242798,-5.800815105438232
29.0,-24.73716163635254,114.43360900878906,-3.429374933242798,0.7910005450248718
29.04,-23.417287826538086,106.34767150878906,8.753890037536621,5.449189186096191
29.060000000000002,-21.94425392150879,99.22853088378906,15.876846313476562,8.173807144165039
29.1,-21.039627075195312,92.4609603881836,18.836824417114258,9.843733787536621
29.14,-18.916288375854492,84.90234375,23.15172576904297,10.458970069885254
29.16,-16.409921646118164,78.66212463378906,24.960391998291016,10.195296287536621
29.2,-16.409921646118164,73.38866424560547,24.960391998291016,8.085916519165039
29.240000000000002,-12.042923927307129,68.90625762939453,22.620229721069336,3.515617609024048
29.26,-8.811461448669434,67.23636627197266,17.934247970581055,-1.4062713384628296
29.3,-7.123599052429199,65.47854614257812,14.819838523864746,-8.525404930114746
29.34,-3.646160125732422,64.6875,7.470313549041748,-14.853547096252441
29.36,-0.0920005813241005,64.5996322631836,-0.6933084726333618,-21.00588035583496
29.400000000000002,1.6913331747055054,64.5996322631836,-4.8041486740112305,-23.906280517578125
29.44,5.225113391876221,64.5996322631836,-12.524184226989746,-24.345735549926758
29.46,5.225113391876221,64.5996322631836,-12.524184226989746,-24.345735549926758
29.5,10.308906555175781,64.5996322631836,-21.32806396484375,-23.994171142578125
29.52,13.452117919921875,64.5996322631836,-24.41242790222168,-23.203153610229492
29.560000000000002,14.925195693969727,64.5996322631836,-24.967002868652344,-20.47853660583496
29.6,17.63617706298828,64.86328125,-24.02362823486328,-16.523447036743164
29.62,17.63617706298828,66.00588989257812,-24.02362823486328,-9.140640258789062
29.66,18.859981536865234,68.29105377197266,-22.550918579101562,-2.5488526821136475
29.7,22.734066009521484,70.13673400878906,-11.109068870544434,3.8671536445617676
29.740000000000002,23.98888397216797,73.4765853881836,-3.198665142059326,10.107406616210938
29.76,23.98888397216797,78.48634338378906,-3.198665142059326,15.029267311096191
29.8,24.939350128173828,82.3535385131836,9.0439453125,19.687484741210938
29.82,24.931079864501953,86.74807739257812,16.154903411865234,22.67577362060547
29.86,24.931079864501953,93.076171875,16.154903411865234,23.906217575073242
29.900000000000002,24.732994079589844,100.10743713378906,19.08965301513672,23.906217575073242
29.94,22.675952911376953,106.43555450439453,24.98322296142578,23.2910099029541
29.96,20.926301956176758,112.2363510131836,23.91145896911621,21.708972930908203
30.0,19.88504981994629,118.0371322631836,22.37204360961914,18.19333839416504
30.02,17.496198654174805,123.66211700439453,17.496198654174805,13.359368324279785
30.060000000000002,17.496198654174805,130.25392150878906,17.496198654174805,5.712862014770508
30.1,13.242593765258789,133.94532775878906,6.800893783569336,-0.8789260387420654
30.14,10.045257568359375,137.72462463378906,-1.4428480863571167,-9.492203712463379
30.16,6.635163307189941,141.24024963378906,-9.530345916748047,-16.347665786743164
30.2,4.8723907470703125,143.96485900878906,-13.233685493469238,-20.56642723083496
30.240000000000002,1.277450442314148,146.42579650878906,-19.448137283325195,-22.14846420288086
30.26,-2.3470239639282227,148.09571838378906,-23.520084381103516,-22.14846420288086
30.3,-4.1465020179748535,148.97462463378906,-24.600799560546875,-22.060571670532227
30.34,-7.672478675842285,149.15040588378906,-24.70085334777832,-20.742210388183594
30.36,-11.039194107055664,149.15040588378906,-22.072879791259766,-16.08399200439453
30.400000000000002,-12.640321731567383,149.15040588378906,-19.814682006835938,-10.810566902160645
30.44,-15.635459899902344,149.15040588378906,-13.720864295959473,-5.449251651763916
30.46,-15.635459899902344,149.15040588378906,-13.720864295959473,0.17576444149017334
30.5,-19.49325942993164,149.15040588378906,-1.9893593788146973,6.591770648956299
30.54,-21.561155319213867,149.06251525878906,6.29850959777832,12.04100513458252
30.560000000000002,-21.561155319213867,148.53517150878906,6.29850959777832,16.962865829467773
30.6,-23.795053482055664,147.83203125,17.157764434814453,19.863265991210938
30.62,-24.657920837402344,146.42579650878906,22.177453994750977,21.09373664855957
30.66,-24.657920837402344,143.87696838378906,22.177453994750977,21.269519805908203
30.7,-24.9638729095459,140.09767150878906,24.993755340576172,21.181629180908203
30.72,-24.500869750976562,133.857421875,23.421642303466797,20.74217414855957
30.76,-24.07147979736328,128.75978088378906,21.63654899597168,18.01755714416504
30.8,-22.827701568603516,122.1679916381836,16.31517791748047,14.326140403747559
30.84,-22.827701568603516,113.55470275878906,16.31517791748047,7.470679759979248
30.86,-22.01970672607422,104.0625,12.927377700805664,-1.7302845662925392e-05
30.900000000000002,-17.652523040771484,97.03128051757812,-3.1685855388641357,-5.273469924926758
30.92,-14.870452880859375,89.73637390136719,-11.155075073242188,-10.019549369812012
30.96,-14.870452880859375,80.94728088378906,-11.155075073242188,-13.886748313903809
31.0,-10.112434387207031,74.88284301757812,-20.563623428344727,-15.556674003601074
31.04,-6.649478435516357,69.87309265136719,-24.099470138549805,-15.644537925720215
31.060000000000002,-3.039980888366699,66.53323364257812,-24.9445858001709,-15.205110549926758
31.1,-3.039980888366699,63.720726013183594,-24.9445858001709,-13.09572982788086
31.14,-1.2045526504516602,62.75389862060547,-24.315519332885742,-9.667985916137695
31.16,6.109304428100586,61.69926452636719,-15.410531997680664,-5.800815105438232
31.2,7.88097620010376,61.43556594848633,-11.900105476379395,-1.669943928718567
31.240000000000002,11.287882804870605,61.43556594848633,-3.9793920516967773,3.3398358821868896
31.26,14.451030731201172,61.43556594848633,4.389705657958984,8.876934051513672
31.3,15.919188499450684,61.43556594848633,8.44841194152832,11.24998664855957
31.34,18.588109970092773,61.43556594848633,15.74403190612793,12.216787338256836
31.36,18.588109970092773,61.43556594848633,15.74403190612793,12.30467700958252
31.400000000000002,21.815847396850586,62.05083084106445,23.174062728881836,11.953113555908203
31.44,23.380403518676758,62.841819763183594,24.97148323059082,10.722641944885254
31.46,24.432279586791992,64.86328125,23.962268829345703,6.328097820281982
31.5,24.757925033569336,67.23636627197266,22.427574157714844,1.4062366485595703
31.54,24.998920440673828,69.69730377197266,17.51255989074707,-4.834015846252441
31.580000000000002,24.688688278198242,74.17971801757812,10.624170303344727,-14.853547096252441
31.6,24.688688278198242,79.80473327636719,10.624170303344727,-23.378934860229492
31.64,23.2054500579834,84.46292114257812,-1.6748194694519043,-29.355487823486328
31.68,21.568218231201172,90.17579650878906,-9.83877944946289,-32.43166732788086
31.720000000000002,21.568218231201172,97.20706939697266,-9.83877944946289,-32.95901107788086
31.740000000000002,18.22753143310547,101.60155487060547,-19.750905990600586,-32.95901107788086
31.78,15.48116397857666,107.3144760131836,-23.71346664428711,-32.783233642578125
31.8,12.38833236694336,114.34571838378906,-24.996950149536133,-32.08010482788086
31.84,12.38833236694336,121.55274963378906,-24.996950149536133,-29.267597198486328
31.88,7.250393867492676,126.2109603881836,-21.66347312927246,-23.291044235229492
31.92,3.603327512741089,129.90235900878906,-16.298187255859375,-17.75391960144043
31.94,-0.12696212530136108,133.06643676757812,-9.084948539733887,-10.722677230834961
31.98,-1.9972954988479614,135.70314025878906,-5.0344929695129395,-4.570343017578125
32.02,-5.695929050445557,137.4609375,3.3798205852508545,-1.0547077655792236
32.04,-9.269380569458008,138.16407775878906,11.41325569152832,2.1093637943267822
32.08,-10.983824729919434,138.60353088378906,14.997455596923828,4.306607723236084
32.12,-14.219657897949219,138.95509338378906,20.790529251098633,4.921844005584717
32.14,-17.137487411499023,138.95509338378906,24.222686767578125,5.009735107421875
32.18,-18.456050872802734,138.95509338378906,24.91883659362793,4.394498825073242
32.22,-20.774736404418945,138.95509338378906,24.170528411865234,1.4062366485595703
32.24,-21.761507034301758,138.95509338378906,22.746829986572266,-2.4609618186950684
32.28,-23.361358642578125,138.95509338378906,18.00162124633789,-7.910168170928955
32.3,-23.96509552001953,138.95509338378906,14.815620422363281,-13.09572982788086
32.34,-24.76236915588379,138.51564025878906,7.270116329193115,-20.039081573486328
32.36,-24.997928619384766,136.49415588378906,-1.1068164110183716,-26.806652069091797
32.4,-24.902509689331055,132.71485900878906,-5.309391021728516,-30.849632263183594
32.42,-24.287221908569336,128.935546875,-13.142200469970703,-33.04690170288086
32.46,-24.287221908569336,123.1347885131836,-13.142200469970703,-33.04690170288086
32.5,-23.77055549621582,116.2793197631836,-16.546995162963867,-32.25588607788086
32.54,-22.333162307739258,107.2265853881836,-21.84552001953125,-29.707050323486328
32.58,-17.968605041503906,99.31645202636719,-24.631542205810547,-26.542980194091797
32.62,-15.139241218566895,92.8125228881836,-21.795289993286133,-21.269554138183594
32.64,-11.960610389709473,84.19921875,-16.461505889892578,-13.710967063903809
32.68,-10.26262378692627,77.69535064697266,-13.038853645324707,-7.1191511154174805
32.72,-6.697734355926514,73.6523666381836,-5.172138690948486,-1.3183804750442505
32.74,-6.697734355926514,68.73048400878906,-5.172138690948486,5.62497091293335
32.78,-1.0831645727157593,67.06058502197266,7.441367149353027,9.755843162536621
32.82,2.712587594985962,65.91796875,14.985739707946777,11.337878227233887
32.84,6.448372840881348,65.56640625,20.810359954833984,11.689441680908203
32.88,6.448372840881348,65.56640625,20.810359954833984,11.425768852233887
32.92,11.75105094909668,65.56640625,24.927553176879883,10.195296287536621
32.96,14.965503692626953,65.56640625,24.128711700439453,6.943334102630615
32.980000000000004,17.834775924682617,65.56640625,20.55074691772461,1.9335819482803345
33.02,19.118539810180664,65.56640625,17.836151123046875,-3.603543519973755
33.06,21.346433639526367,65.56640625,10.946050643920898,-10.810566902160645
33.08,23.07852554321289,65.91796875,2.791196823120117,-18.632827758789062
33.12,23.745210647583008,67.58792114257812,-1.4695936441421509,-24.345735549926758
33.160000000000004,24.659679412841797,68.90625762939453,-9.742295265197754,-27.68556022644043
33.18,24.998170852661133,71.19142150878906,-16.891971588134766,-28.828140258789062
33.22,24.948030471801758,74.53128051757812,-19.77925682067871,-28.828140258789062
33.26,24.409669876098633,78.83790588378906,-23.75963020324707,-28.828140258789062
33.28,23.29812240600586,83.84765625,-24.991849899291992,-28.388687133789062
33.32,22.534671783447266,88.76954650878906,-24.518863677978516,-25.839853286743164
33.34,20.6141300201416,93.69143676757812,-21.461572647094727,-22.851591110229492
33.38,20.6141300201416,99.84378814697266,-21.461572647094727,-16.699228286743164
33.42,16.83755111694336,106.96290588378906,-12.400840759277344,-11.250021934509277
33.44,13.807808876037598,112.50000762939453,-4.3952484130859375,-6.591805934906006
33.480000000000004,12.16501235961914,117.5976791381836,-0.13848496973514557,-2.3730709552764893
33.52,8.671707153320312,122.69532775878906,8.264554023742676,-1.7302845662925392e-05
33.54,8.671707153320312,127.6172103881836,8.264554023742676,1.3183457851409912
33.58,3.0692224502563477,130.78126525878906,18.795440673828125,1.4062366485595703
33.6,-0.7788035273551941,133.59376525878906,23.242029190063477,1.142564058303833
33.64,-2.7026164531707764,135.70314025878906,24.472225189208984,-0.17579905688762665
33.68,-6.492616176605225,137.02149963378906,24.765575408935547,-2.7246344089508057
33.7,-6.492616176605225,138.16407775878906,24.765575408935547,-7.031260013580322
33.74,-8.33616828918457,139.57032775878906,23.819438934326172,-11.689476013183594
33.76,-15.113594055175781,140.27345275878906,13.617432594299316,-17.050792694091797
33.8,-16.607744216918945,140.36134338378906,9.836756706237793,-24.609407424926758
33.84,-19.29084587097168,140.36134338378906,1.5258504152297974,-31.376977920532227
33.86,-21.513776779174805,140.36134338378906,-6.965774059295654,-36.9140739440918
33.9,-22.435251235961914,140.36134338378906,-10.967000961303711,-39.46290969848633
33.92,-23.86989402770996,140.36134338378906,-17.894371032714844,-39.550804138183594
33.96,-24.374143600463867,139.65821838378906,-20.61614418029785,-39.37501907348633
34.0,-24.940584182739258,138.427734375,-24.176036834716797,-39.19923782348633
34.02,-24.906696319580078,136.31837463378906,-24.906696319580078,-38.14454650878906
34.06,-24.663925170898438,133.68165588378906,-24.169992446899414,-34.80472183227539
34.1,-23.73326301574707,129.63868713378906,-20.5988712310791,-29.794940948486328
34.12,-23.050689697265625,125.41992950439453,-17.86924171447754,-22.76369857788086
34.160000000000004,-21.270954132080078,121.55274963378906,-10.921204566955566,-16.17188262939453
34.18,-18.97477912902832,115.13673400878906,-2.68928599357605,-7.734386444091797
34.22,-17.649629592895508,108.36915588378906,1.6093062162399292,-0.8789260387420654
34.24,-14.684820175170898,103.09573364257812,9.939824104309082,2.812490701675415
34.28,-14.684820175170898,95.97660064697266,9.939824104309082,5.361298561096191
34.32,-9.589268684387207,90.08793640136719,19.97768783569336,5.53708028793335
34.36,-5.879593849182129,83.84765625,23.881643295288086,5.800752639770508
34.38,-2.0239474773406982,80.33207702636719,24.975120544433594,5.449189186096191
34.42,-0.070630744099617,78.75003814697266,24.41322898864746,3.2519450187683105
34.46,3.827368974685669,76.90430450439453,21.15336036682129,-0.8789260387420654
34.480000000000004,7.634383678436279,75.67383575439453,15.39815616607666,-8.173840522766113
34.52,9.474413871765137,75.67383575439453,11.786725997924805,-15.556674003601074
34.56,12.970860481262207,75.67383575439453,3.628722667694092,-22.50002670288086
34.58,16.151145935058594,75.67383575439453,-4.9603095054626465,-28.564470291137695
34.62,17.597732543945312,75.67383575439453,-9.098146438598633,-31.113306045532227
34.660000000000004,20.15876579284668,75.67383575439453,-16.44782257080078,-31.464868545532227
34.68,22.2247371673584,75.67383575439453,-21.85417366027832,-31.464868545532227
34.72,23.05531120300293,75.67383575439453,-23.616817474365234,-30.849632263183594
34.76,24.285282135009766,77.43164825439453,-24.998308181762695,-28.828140258789062
34.78,24.915502548217773,78.31055450439453,-23.41864585876465,-24.873079299926758
34.82,24.999849319458008,81.4746322631836,-21.562639236450195,-21.00588035583496
34.86,24.703601837158203,84.11135864257812,-15.992172241210938,-15.029329299926758
34.88,23.794097900390625,88.68167877197266,-8.522461891174316,-8.525404930114746
34.92,23.115455627441406,92.90038299560547,-4.345869541168213,-3.4277613162994385
34.96,21.33072853088379,97.82228088378906,4.270439624786377,1.142564058303833
34.980000000000004,21.33072853088379,103.44729614257812,4.270439624786377,4.306607723236084
35.02,20.235471725463867,109.3359603881836,8.45235538482666,5.097625732421875
35.06,17.6726131439209,115.31251525878906,15.941107749938965,4.833953380584717
35.08,11.29286003112793,121.11329650878906,24.569059371948242,3.779289960861206
35.12,9.49341106414795,126.38673400878906,24.9980411529541,1.9335819482803345
35.160000000000004,5.725734233856201,130.95704650878906,23.61513328552246,-0.7910351753234863
35.18,5.725734233856201,135.70314025878906,23.61513328552246,-6.679696559906006
35.22,-0.1692560762166977,139.13087463378906,16.40545654296875,-12.656275749206543
35.26,-4.117987632751465,141.94337463378906,9.007678031921387,-20.742210388183594
35.28,-7.965799808502197,145.37110900878906,0.5321921110153198,-30.322288513183594
35.32,-7.965799808502197,147.21681213378906,0.5321921110153198,-36.2988395690918
35.36,-13.3369779586792,148.35939025878906,-11.98293399810791,-38.84767532348633
35.4,-16.518293380737305,148.35939025878906,-18.739990234375,-39.02345657348633
35.42,-16.518293380737305,148.27149963378906,-18.739990234375,-38.84767532348633
35.46,-17.95785903930664,148.27149963378906,-21.319534301757812,-38.49611282348633
35.52,-20.488739013671875,148.27149963378906,-24.492860794067383,-35.33203887939453
35.54,-22.502309799194336,148.27149963378906,-24.73370361328125,-29.794940948486328
35.58,-24.78325843811035,148.09571838378906,-16.64707374572754,-23.291044235229492
35.62,-24.990262985229492,147.48046875,-9.284555435180664,-17.49024772644043
35.64,-24.560888290405273,146.60157775878906,-0.8050837516784668,-8.789076805114746
35.68,-24.560888290405273,145.28321838378906,-0.8050837516784668,-3.2519795894622803
35.72,-22.74913215637207,142.55860900878906,11.775083541870117,0.08787357062101364
35.74,-20.805992126464844,139.21876525878906,18.599191665649414,2.3730363845825195
35.78,-20.805992126464844,133.50587463378906,18.599191665649414,3.8671536445617676
35.82,-16.909435272216797,129.46290588378906,24.457202911376953,4.042935371398926
35.84,-13.752744674682617,123.0468978881836,24.75515365600586,3.779289960861206
35.88,-13.752744674682617,115.83985900878906,24.75515365600586,1.8456910848617554
35.92,-8.37923812866211,108.98439025878906,19.695659637451172,-0.6152534484863281
35.94,-4.50464391708374,103.97463989257812,13.240795135498047,-5.185579299926758
35.980000000000004,-4.50464391708374,98.26175689697266,13.240795135498047,-12.91994857788086
36.02,1.497696876525879,95.00977325439453,0.8574321269989014,-19.423845291137695
36.06,5.475890636444092,93.42772674560547,-7.747165203094482,-23.994171142578125
36.08,9.315184593200684,91.40626525878906,-15.417830467224121,-26.718759536743164
36.12,9.315184593200684,90.7031478881836,-15.417830467224121,-26.630870819091797
36.160000000000004,11.151395797729492,90.79106903076172,-18.605138778686523,-26.630870819091797
36.18,17.66659164428711,90.79106903076172,-24.987167358398438,-26.542980194091797
36.22,17.66659164428711,90.79106903076172,-24.987167358398438,-24.609407424926758
36.26,19.03458595275879,90.79106903076172,-24.745256423950195,-20.830101013183594
36.28,23.194395065307617,90.79106903076172,-16.6337833404541,-15.556674003601074
36.32,23.194395065307617,90.79106903076172,-16.6337833404541,-9.667985916137695
36.36,23.871707916259766,91.40626525878906,-13.129097938537598,-3.867216110229492
36.38,24.993989944458008,93.076171875,3.6763925552368164,2.3730363845825195
36.42,24.86783218383789,95.44924926757812,7.9301934242248535,6.415988922119141
36.46,24.128334045410156,97.03128051757812,15.588272094726562,9.843733787536621
36.5,22.756088256835938,100.72270965576172,21.352619171142578,12.30467700958252
36.52,20.785831451416016,105.64453125,24.51995086669922,12.480459213256836
36.56,19.591663360595703,109.6875228881836,24.994539260864258,12.216787338256836
36.6,16.823822021484375,114.60938262939453,23.65148162841797,10.546859741210938
36.62,13.61121654510498,121.37696838378906,19.425077438354492,6.328097820281982
36.660000000000004,11.863906860351562,126.29884338378906,16.378564834594727,1.6699093580245972
36.7,8.144450187683105,130.69337463378906,8.882861137390137,-4.04299783706665
36.72,8.144450187683105,134.91212463378906,8.882861137390137,-11.601585388183594
36.76,2.1894969940185547,137.548828125,-4.072647571563721,-18.10548210144043
36.800000000000004,-1.8783650398254395,140.18556213378906,-12.313990592956543,-23.642608642578125
36.84,-5.899140357971191,142.47073364257812,-19.052181243896484,-26.806652069091797
36.86,-7.8583807945251465,143.7890625,-21.589441299438477,-26.894542694091797
36.9,-11.609321594238281,144.22853088378906,-24.610252380371094,-26.806652069091797
36.92,-15.054030418395996,144.14064025878906,-24.618309020996094,-26.367197036743164
36.96,-16.63231658935547,144.14064025878906,-23.476638793945312,-23.554718017578125
37.0,-19.447675704956055,144.14064025878906,-19.07535743713379,-20.039081573486328
37.02,-20.66571807861328,144.14064025878906,-15.951071739196777,-15.46878433227539
37.06,-22.68122100830078,144.14064025878906,-8.333699226379395,-9.492203712463379
37.08,-24.091699600219727,144.14064025878906,0.3089398443698883,-3.3398704528808594
37.12,-24.557220458984375,143.87696838378906,4.684738636016846,0.08787357062101364
37.160000000000004,-24.992429733276367,142.64649963378906,12.872215270996094,3.4277267456054688
37.18,-24.757564544677734,140.18556213378906,19.47956085205078,5.273407459259033
37.22,-24.389705657958984,136.05470275878906,21.925722122192383,5.449189186096191
37.26,-23.164669036865234,132.45118713378906,24.724824905395508,5.361298561096191
37.28,-21.3154296875,127.1777572631836,24.4803466796875,5.009735107421875
37.32,-20.171289443969727,121.99220275878906,23.21043586730957,1.7578002214431763
37.36,-17.481826782226562,116.63087463378906,18.569482803344727,-1.757834792137146
37.4,-17.481826782226562,107.75392150878906,18.569482803344727,-6.767587661743164
37.42,-12.5852632522583,101.95311737060547,7.570016384124756,-13.00783920288086
37.46,-8.873411178588867,96.15237426757812,-1.138629674911499,-19.599628448486328
37.480000000000004,-6.91988468170166,91.14262390136719,-5.509334087371826,-24.257844924926758
37.52,-2.8835396766662598,85.95703887939453,-13.607438087463379,-26.630870819091797
37.54,1.2337182760238647,81.8261947631836,-20.0257625579834,-27.070323944091797
37.58,3.287785053253174,79.01367950439453,-22.345436096191406,-26.982433319091797
37.6,7.316908359527588,78.48634338378906,-24.84508514404297,-26.894542694091797
37.64,7.316908359527588,78.66212463378906,-24.84508514404297,-26.630870819091797
37.68,12.958858489990234,78.66212463378906,-22.83474349975586,-24.345735549926758
37.72,16.302078247070312,78.66212463378906,-17.892669677734375,-19.951190948486328
37.74,19.202062606811523,78.57425689697266,-10.730469703674316,-13.710967063903809
37.78,20.460247039794922,78.57425689697266,-6.585913181304932,-7.734386444091797
37.82,22.549291610717773,78.66212463378906,2.1869144439697266,-2.7246344089508057
37.84,24.021560668945312,80.24415588378906,10.690738677978516,1.6699093580245972
37.88,24.512706756591797,80.41993713378906,14.506539344787598,3.4277267456054688
37.92,24.987348556518555,81.12306213378906,20.671388626098633,3.4277267456054688
37.94,24.77507972717285,82.3535385131836,24.26701545715332,2.9882724285125732
37.980000000000004,24.41202163696289,83.9355697631836,24.946500778198242,0.9667823314666748
38.02,23.18372917175293,86.48438262939453,23.96121597290039,-2.7246344089508057
38.04,23.18372917175293,90.52735900878906,23.96121597290039,-8.701186180114746
38.08,20.15543556213379,95.361328125,17.026966094970703,-15.644537925720215
38.12,17.42557716369629,99.75587463378906,9.602810859680176,-23.291044235229492
38.14,17.42557716369629,105.90824127197266,9.602810859680176,-31.904321670532227
38.18,12.45006275177002,111.44532775878906,-3.4499709606170654,-37.26564025878906
38.22,8.678707122802734,117.07032775878906,-11.847213745117188,-39.72658157348633
38.24,8.678707122802734,122.8711166381836,-11.847213745117188,-39.990257263183594
38.28,2.5997023582458496,126.03517150878906,-21.39113998413086,-39.990257263183594
38.32,-1.5704947710037231,129.99024963378906,-24.55731773376465,-39.902366638183594
38.34,-1.5704947710037231,133.24220275878906,-24.55731773376465,-38.14454650878906
38.38,-7.712646484375,136.31837463378906,-23.526567459106445,-35.50782012939453
38.42,-11.56513786315918,138.427734375,-19.107465744018555,-31.376977920532227
38.44,-15.096816062927246,140.71290588378906,-12.29244613647461,-23.906280517578125
38.480000000000004,-15.096816062927246,141.59182739257812,-12.29244613647461,-17.314464569091797
38.52,-19.5782527923584,141.59182739257812,0.500903308391571,-11.95314884185791
38.54,-21.898426055908203,141.59182739257812,9.185287475585938,-7.031260013580322
38.58,-21.898426055908203,141.59182739257812,9.185287475585938,-4.218779563903809
38.62,-24.212383270263672,141.59182739257812,19.748464584350586,-3.5156521797180176
38.660000000000004,-24.912445068359375,141.59182739257812,23.856449127197266,-3.603543519973755
38.7,-24.911104202270508,141.15235900878906,24.964975357055664,-3.603543519973755
38.72,-24.20703887939453,139.74610900878906,22.931835174560547,-5.0097975730896
38.76,-23.596508026123047,137.37306213378906,20.80134391784668,-7.998059272766113
38.800000000000004,-21.879194259643555,135.00001525878906,14.64687728881836,-11.865257263183594
38.84,-19.541587829589844,130.51759338378906,6.6444292068481445,-18.720718383789062
38.88,-19.541587829589844,124.27735900878906,6.6444292068481445,-26.01563262939453
38.92,-18.159852981567383,117.5976791381836,2.2592740058898926,-29.443378448486328
38.94,-9.535066604614258,109.07228088378906,-17.977251052856445,-29.531269073486328
38.980000000000004,-7.552193641662598,102.65625,-20.77872657775879,-29.531269073486328
39.02,-3.4375202655792236,96.67971801757812,-24.329145431518555,-28.388687133789062
39.06,0.7777565121650696,90.79106903076172,-24.803808212280273,-24.873079299926758
39.08,0.7777565121650696,84.19921875,-24.803808212280273,-18.984390258789062
39.12,7.026517868041992,81.2988510131836,-19.720796585083008,-13.359403610229492
39.14,10.96914291381836,79.27738189697266,-13.09029769897461,-8.085949897766113
39.18,12.830410957336426,78.66212463378906,-9.090096473693848,-2.8125252723693848
39.22,16.26581382751465,78.75003814697266,-0.3537185490131378,2.3730363845825195
39.24,17.81509017944336,78.75003814697266,4.1034440994262695,6.415988922119141
39.28,20.5206356048584,78.75003814697266,12.487720489501953,8.701151847839355
39.300000000000004,22.63813018798828,78.75003814697266,19.28898048400879,9.228497505187988
39.34,23.456256866455078,78.66212463378906,21.81447982788086,9.052715301513672
39.36,24.581031799316406,78.75003814697266,24.712064743041992,8.876934051513672
39.4,24.581031799316406,80.06837463378906,24.712064743041992,6.415988922119141
39.44,24.935665130615234,80.5957260131836,23.161348342895508,2.812490701675415
39.46,24.271791458129883,82.00196838378906,18.383827209472656,-1.4062713384628296
39.5,24.271791458129883,84.375,18.383827209472656,-8.613295555114746
39.54,21.97001075744629,87.45121002197266,7.099546432495117,-17.226573944091797
39.58,19.627742767333984,91.14262390136719,-1.7740209102630615,-25.751962661743164
39.62,16.714448928833008,95.712890625,-10.423914909362793,-33.574249267578125
39.64,15.069185256958008,99.49222564697266,-14.314969062805176,-37.96876525878906
39.68,11.46064567565918,103.44729614257812,-20.606719970703125,-39.28712844848633
39.72,7.516210079193115,108.36915588378906,-24.268274307250977,-39.28712844848633
39.74,7.516210079193115,113.55470275878906,-24.268274307250977,-39.19923782348633
39.78,1.2218167781829834,118.47657775878906,-23.907787322998047,-39.02345657348633
39.82,-3.048168897628784,121.7285385131836,-19.806358337402344,-36.9140739440918
39.84,-3.048168897628784,124.10157012939453,-19.806358337402344,-33.662139892578125
39.88,-9.252571105957031,125.41992950439453,-9.15361499786377,-28.740251541137695
39.92,-13.078158378601074,126.03517150878906,-0.37427446246147156,-21.972681045532227
39.94,-16.522539138793945,126.12306213378906,8.455584526062012,-15.820320129394531
39.980000000000004,-18.069429397583008,126.12306213378906,12.531821250915527,-11.95314884185791
40.02,-20.75519371032715,126.03517150878906,19.35155487060547,-9.931658744812012
40.06,-22.83191680908203,126.03517150878906,23.688940048217773,-9.580095291137695
40.08,-22.83191680908203,126.03517150878906,23.688940048217773,-9.667985916137695
40.12,-23.621658325195312,125.94728088378906,24.737234115600586,-11.95314884185791
40.160000000000004,-24.998653411865234,125.15626525878906,20.968029022216797,-15.556674003601074
40.2,-24.584657669067383,124.01367950439453,14.814882278442383,-21.093772888183594
40.22,-23.44286346435547,121.81642150878906,6.752922534942627,-28.12501335144043
40.26,-22.608362197875977,120.41016387939453,2.323948383331299,-33.310577392578125
40.300000000000004,-20.442262649536133,115.66407775878906,-6.616072654724121,-36.5625114440918
40.32,-17.667943954467773,110.03907012939453,-14.7057523727417,-36.7382926940918
40.36,-16.077463150024414,103.97463989257812,-18.0972957611084,-36.2109489440918
40.4,-12.548382759094238,97.91020202636719,-23.024856567382812,-34.98050308227539
40.42,-8.643404960632324,90.79106903076172,-24.981122970581055,-31.72854232788086
40.46,-6.585761547088623,84.19921875,-24.748971939086914,-27.50977897644043
40.5,-2.336620569229126,80.5957260131836,-21.899877548217773,-23.378934860229492
40.54,1.984973669052124,76.37696075439453,-16.218271255493164,-15.908210754394531
40.56,6.249887466430664,74.267578125,-8.436728477478027,-7.910168170928955
40.6,8.320982933044434,74.0039291381836,-4.065412521362305,-2.6367435455322266
40.64,12.262629508972168,74.0039291381836,4.930222988128662,1.9335819482803345
40.68,12.262629508972168,74.0039291381836,4.930222988128662,5.62497091293335
40.72,14.103440284729004,74.0039291381836,9.26086711883545,6.503879547119141
40.74,21.476011276245117,74.0039291381836,23.983959197998047,6.328097820281982
40.78,22.505502700805664,74.0039291381836,24.862455368041992,6.152316093444824
40.82,24.049226760864258,74.0039291381836,24.17640495300293,4.218717098236084
40.84,24.86822509765625,74.53128051757812,20.349184036254883,-0.9668169021606445
40.88,24.86822509765625,75.84961700439453,20.349184036254883,-6.767587661743164
40.92,24.68695068359375,78.13477325439453,9.897972106933594,-15.117220878601074
40.96,23.62953758239746,80.41993713378906,1.108255386352539,-22.939481735229492
40.980000000000004,23.62953758239746,84.0234375,1.108255386352539,-29.882831573486328
41.02,20.71501922607422,87.80277252197266,-11.984427452087402,-33.04690170288086
41.04,17.97049903869629,91.7578353881836,-18.993947982788086,-33.574249267578125
41.08,16.386892318725586,96.67971801757812,-21.616579055786133,-33.574249267578125
41.12,12.856586456298828,100.72270965576172,-24.66798210144043,-33.574249267578125
41.160000000000004,8.932510375976562,106.43555450439453,-24.501113891601562,-33.134796142578125
41.18,6.859591960906982,112.32423400878906,-23.20001983642578,-31.025415420532227
41.22,2.570762872695923,117.6855697631836,-18.373512268066406,-28.476577758789062
41.24,-1.7992545366287231,122.6074447631836,-11.144340515136719,-22.67580795288086
41.28,-3.972979784011841,124.89258575439453,-6.914348125457764,-16.787120819091797
41.300000000000004,-8.214609146118164,127.35353088378906,2.0844995975494385,-12.304712295532227
41.34,-10.249894142150879,129.19923400878906,6.556653022766113,-7.910168170928955
41.38,-14.071074485778809,129.90235900878906,14.71320629119873,-5.361361026763916
41.4,-17.46255111694336,130.51759338378906,20.944623947143555,-4.218779563903809
41.44,-18.96372413635254,130.69337463378906,23.069583892822266,-4.306670665740967
41.480000000000004,-21.518577575683594,130.69337463378906,24.9876651763916,-4.482452392578125
41.5,-23.41222381591797,130.69337463378906,23.62799835205078,-7.2949323654174805
41.54,-24.091615676879883,130.69337463378906,21.75731658935547,-11.162130355834961
41.58,-24.888498306274414,130.69337463378906,15.940098762512207,-16.17188262939453
41.6,-24.916927337646484,130.51759338378906,8.026839256286621,-24.257844924926758
41.64,-24.916927337646484,129.72657775878906,8.026839256286621,-31.904321670532227
41.68,-23.520227432250977,127.5293197631836,-5.458743572235107,-35.94727325439453
41.72,-21.669536590576172,124.36524963378906,-13.803245544433594,-37.44142150878906
41.74,-21.669536590576172,121.7285385131836,-13.803245544433594,-37.52931213378906
41.78,-17.65400505065918,119.09180450439453,-22.63489532470703,-37.44142150878906
41.82,-14.270212173461914,114.2578353881836,-24.932649612426758,-35.59571075439453
41.86,-10.440194129943848,105.82032012939453,-23.943511962890625,-31.289085388183594
41.88,-6.282491207122803,97.64649200439453,-19.795103073120117,-25.04886245727539
41.92,-6.282491207122803,92.373046875,-19.795103073120117,-17.402355194091797
41.96,0.2840885519981384,88.06642150878906,-8.93838119506836,-9.843767166137695
41.980000000000004,4.682783603668213,84.11135864257812,-0.0017808293923735619,-4.394561290740967
42.02,4.682783603668213,82.5293197631836,-0.0017808293923735619,0.7031096816062927
42.06,10.969024658203125,81.8261947631836,13.034496307373047,3.3398358821868896
42.1,14.75995922088623,81.38676452636719,19.803321838378906,3.779289960861206
42.14,18.089832305908203,81.38676452636719,23.95206642150879,3.691399097442627
42.160000000000004,18.089832305908203,81.38676452636719,23.95206642150879,3.3398358821868896
42.2,21.994049072265625,81.38676452636719,24.1690616607666,0.6152188181877136
42.24,23.748746871948242,81.38676452636719,20.277633666992188,-3.5156521797180176
42.26,24.348350524902344,81.38676452636719,17.275400161743164,-8.964859008789062
42.300000000000004,24.96756362915039,81.9140625,9.655280113220215,-15.908210754394531
42.34,24.79852867126465,83.4082260131836,0.7508471608161926,-23.730499267578125
42.36,24.79852867126465,85.78125,0.7508471608161926,-29.61916160583496
42.4,23.082359313964844,88.41798400878906,-12.419596672058105,-31.904321670532227
42.44,21.013944625854492,91.49418640136719,-19.373868942260742,-31.992212295532227
42.480000000000004,21.013944625854492,96.15237426757812,-19.373868942260742,-31.904321670532227
42.52,19.724416732788086,100.45899963378906,-21.93075180053711,-31.552759170532227
42.54,11.163207054138184,105.90824127197266,-22.860088348388672,-29.61916160583496
42.58,9.123022079467773,111.18165588378906,-20.62850570678711,-26.718759536743164
42.62,4.839224815368652,116.7187728881836,-14.182133674621582,-22.23635482788086
42.64,2.629706382751465,121.81642150878906,-10.183566093444824,-16.347665786743164
42.7,0.3984960913658142,125.50782775878906,-5.841787338256836,-10.810566902160645
42.72,-6.246870040893555,127.88086700439453,7.754510402679443,-7.2949323654174805
42.76,-10.459964752197266,129.375,15.778244018554688,-5.800815105438232
42.800000000000004,-14.340550422668457,129.90235900878906,21.694828033447266,-5.888679027557373
42.82,-17.763568878173828,130.42970275878906,24.710966110229492,-6.3281331062316895
42.86,-17.763568878173828,130.51759338378906,24.710966110229492,-8.701186180114746
42.9,-17.763568878173828,130.51759338378906,24.710966110229492,-11.95314884185791
42.96,-24.272544860839844,130.42970275878906,14.501847267150879,-23.027372360229492
42.980000000000004,-24.95189666748047,130.42970275878906,6.198170185089111,-31.201194763183594
43.02,-24.990278244018555,130.42970275878906,1.6577563285827637,-37.26564025878906
43.06,-24.461990356445312,130.07814025878906,-7.4377665519714355,-41.74807357788086
43.1,-23.142702102661133,127.96875,-15.537115097045898,-42.890655517578125
43.12,-23.142702102661133,124.71681213378906,-15.537115097045898,-42.714874267578125
43.160000000000004,-19.777639389038086,122.34376525878906,-23.50884437561035,-42.539093017578125
43.2,-16.71427345275879,119.53125762939453,-24.994115829467773,-41.13283920288086
43.22,-16.71427345275879,113.64259338378906,-24.994115829467773,-36.6504020690918
43.26,-11.134258270263672,106.17189025878906,-20.977935791015625,-31.289085388183594
43.300000000000004,-6.932592391967773,98.96488189697266,-14.659077644348145,-25.312536239624023
43.32,-2.502711057662964,92.9883041381836,-6.363113880157471,-16.435556411743164
43.36,-0.24700750410556793,87.53907775878906,-1.816206455230713,-9.667985916137695
43.4,4.254027366638184,83.3203125,7.3081183433532715,-5.0097975730896
43.42,4.254027366638184,80.85942077636719,7.3081183433532715,-1.2304894924163818
43.46,10.705177307128906,80.06837463378906,18.79709815979004,-0.5273625254631042
43.5,14.600125312805176,79.98051452636719,23.48225975036621,-0.6152534484863281
43.52,18.019184112548828,79.98051452636719,24.995241165161133,-0.8789260387420654
43.56,19.51424789428711,79.98051452636719,24.47943878173828,-3.603543519973755
43.6,22.01344108581543,79.98051452636719,20.98876953125,-7.998059272766113
43.62,23.790937423706055,79.98051452636719,14.656468391418457,-14.589875221252441
43.660000000000004,24.389394760131836,79.98051452636719,10.679705619812012,-21.269554138183594
43.7,24.980222702026367,79.98051452636719,1.7783572673797607,-27.59766960144043
43.72,24.74829864501953,80.06837463378906,-7.366525650024414,-32.51955795288086
43.76,24.74829864501953,81.12306213378906,-7.366525650024414,-33.222686767578125
43.800000000000004,22.878665924072266,82.8808822631836,-18.860136032104492,-33.222686767578125
43.84,20.675689697265625,85.25391387939453,-23.522817611694336,-33.222686767578125
43.88,20.675689697265625,89.03324127197266,-23.522817611694336,-32.16799545288086
43.92,19.311767578125,95.00977325439453,-24.6800594329834,-29.179704666137695
43.94,16.114755630493164,99.66801452636719,-24.447772979736328,-24.521514892578125
43.980000000000004,12.381689071655273,105.82032012939453,-20.89216423034668,-17.66602897644043
44.02,3.8132379055023193,111.7968978881836,-6.121493339538574,-12.04103946685791
44.06,-0.7384915947914124,116.45509338378906,3.086895227432251,-7.207041263580322
44.08,-0.7384915947914124,121.7285385131836,3.086895227432251,-1.669943928718567
44.12,-7.477635860443115,124.71681213378906,15.734325408935547,0.6152188181877136
44.160000000000004,-11.69275951385498,126.56251525878906,21.712711334228516,1.9335819482803345
44.18,-11.69275951385498,129.28712463378906,21.712711334228516,2.021472692489624
44.22,-17.24690818786621,129.72657775878906,24.981231689453125,1.9335819482803345
44.26,-20.255599975585938,130.07814025878906,22.92340087890625,0.9667823314666748
44.300000000000004,-22.58741569519043,130.25392150878906,17.732637405395508,-2.197289228439331
44.32,-24.16293716430664,130.25392150878906,10.115954399108887,-7.2949323654174805
44.36,-24.649091720581055,130.25392150878906,5.713497161865234,-12.304712295532227
44.4,-24.996858596801758,130.16603088378906,-3.526082754135132,-17.402355194091797
44.42,-24.50385856628418,130.25392150878906,-12.285444259643555,-21.445337295532227
44.46,-24.50385856628418,130.16603088378906,-12.285444259643555,-22.14846420288086
44.5,-22.22864532470703,130.16603088378906,-21.95665168762207,-22.14846420288086
44.54,-19.760534286499023,128.14453125,-24.801502227783203,-21.357444763183594
44.56,-16.6234188079834,125.41992950439453,-24.244403839111328,-17.75391960144043
44.6,-14.835968971252441,123.1347885131836,-22.6946964263916,-13.535184860229492
44.64,-10.898300170898438,119.97071075439453,-17.317625045776367,-7.910168170928955
44.68,-6.589070796966553,114.60938262939453,-9.559657096862793,0.08787357062101364
44.7,-6.589070796966553,107.92970275878906,-9.559657096862793,6.767552375793457
44.74,-4.340221405029297,104.0625,-5.111424446105957,12.04100513458252
44.78,4.8358845710754395,101.25004577636719,12.858495712280273,16.435522079467773
44.82,9.259163856506348,98.78910827636719,19.790782928466797,18.19333839416504
44.84,13.369633674621582,98.43753814697266,23.99872398376465,18.19333839416504
44.88,15.263051986694336,98.43753814697266,24.88184356689453,17.84177589416504
44.92,18.644969940185547,98.52539825439453,24.052148818969727,15.117158889770508
44.94,21.39189910888672,98.52539825439453,19.904146194458008,10.107406616210938
44.980000000000004,21.39189910888672,98.52539825439453,19.904146194458008,2.900381565093994
45.02,24.120405197143555,98.52539825439453,8.813887596130371,-4.13088846206665
45.06,24.91872215270996,98.70118713378906,-0.33973515033721924,-10.371113777160645
45.1,24.86271858215332,99.75587463378906,-9.44893741607666,-17.226573944091797
45.12,24.86271858215332,102.12890625,-9.44893741607666,-21.181663513183594
45.160000000000004,24.513324737548828,104.85354614257812,-13.588099479675293,-21.621116638183594
45.2,23.185834884643555,108.28126525878906,-20.317811965942383,-21.621116638183594
45.22,18.207355499267578,112.50000762939453,-24.79977035522461,-21.621116638183594
45.26,18.207355499267578,117.9492416381836,-24.79977035522461,-20.30275535583496
45.300000000000004,12.784664154052734,122.8711166381836,-19.306211471557617,-17.66602897644043
45.34,8.587474822998047,127.70509338378906,-12.154646873474121,-13.710967063903809
45.38,8.587474822998047,132.01173400878906,-12.154646873474121,-7.1191511154174805
45.4,1.7784879207611084,135.70314025878906,1.3609281778335571,-2.109398365020752
45.44,-2.874382734298706,138.51564025878906,10.407893180847168,0.9667823314666748
45.46,-7.430240631103516,141.15235900878906,18.01077651977539,4.306607723236084
45.5,-7.430240631103516,143.43751525878906,18.01077651977539,6.064425468444824
45.54,-13.737825393676758,145.19532775878906,24.483539581298828,6.152316093444824
45.58,-17.37809944152832,145.63478088378906,24.632436752319336,6.064425468444824
45.6,-20.415241241455078,145.63478088378906,21.350849151611328,4.306607723236084
45.64,-21.673295974731445,145.63478088378906,18.548215866088867,1.3183457851409912
45.68,-23.61272621154785,145.63478088378906,11.106839179992676,-2.7246344089508057
45.7,-23.61272621154785,145.63478088378906,11.106839179992676,-9.316422462463379
45.74,-24.963733673095703,145.63478088378906,-2.575660228729248,-15.732429504394531
45.78,-24.777599334716797,145.45899963378906,-11.523650169372559,-21.269554138183594
45.800000000000004,-24.777599334716797,144.66798400878906,-11.523650169372559,-26.01563262939453
45.84,-22.880691528320312,142.55860900878906,-21.598506927490234,-26.806652069091797
45.88,-20.600133895874023,140.18556213378906,-24.713153839111328,-26.718759536743164
45.9,-17.59455108642578,135.35157775878906,-24.372068405151367,-26.279306411743164
45.94,-17.59455108642578,129.90235900878906,-24.372068405151367,-23.554718017578125
45.980000000000004,-15.851606369018555,124.71681213378906,-22.900432586669922,-19.335954666137695
46.0,-7.647599220275879,119.97071075439453,-9.853583335876465,-14.765657424926758
46.04,-5.378670692443848,113.73048400878906,-5.378670692443848,-8.525404930114746
46.06,-0.7166333198547363,108.28126525878906,3.978667974472046,-2.900416135787964
46.1,1.6352829933166504,104.23828125,8.530192375183105,0.6152188181877136
46.14,6.2769646644592285,101.5136947631836,16.579008102416992,1.9335819482803345
46.160000000000004,10.699118614196777,98.52539825439453,22.302526473999023,1.9335819482803345
46.2,12.778339385986328,98.34962463378906,24.02423667907715,1.7578002214431763
46.24,16.58047866821289,98.34962463378906,24.882980346679688,-0.26368993520736694
46.26,16.58047866821289,98.34962463378906,24.882980346679688,-4.746124744415283
46.300000000000004,18.26938247680664,98.34962463378906,23.98882484436035,-12.656275749206543
46.34,21.147216796875,98.34962463378906,19.709056854248047,-21.796899795532227
46.38,24.57480239868164,98.34962463378906,3.817016839981079,-30.23439598083496
46.42,24.999757766723633,98.34962463378906,-5.560947895050049,-37.96876525878906
46.44,24.999757766723633,99.49222564697266,-5.560947895050049,-43.769561767578125
46.480000000000004,23.968530654907227,100.37113952636719,-17.774843215942383,-47.98830032348633
46.5,22.202207565307617,102.0410385131836,-23.006820678710938,-50.97658920288086
46.54,22.202207565307617,104.0625,-23.006820678710938,-52.11916732788086
46.58,18.088350296020508,106.43555450439453,-24.660518646240234,-52.11916732788086
46.6,14.51091194152832,109.24806213378906,-21.402448654174805,-51.67971420288086
46.64,14.51091194152832,113.55470275878906,-21.402448654174805,-50.53713607788086
46.68,12.517383575439453,118.30078887939453,-18.59204864501953,-47.81251525878906
46.7,3.6043641567230225,123.4863510131836,-2.043889284133911,-43.24222183227539
46.74,3.6043641567230225,128.32032775878906,-2.043889284133911,-38.75978088378906
46.78,-3.4984683990478516,132.01173400878906,11.676761627197266,-36.3867301940918
46.82,-8.11497974395752,134.64845275878906,19.021846771240234,-35.50782012939453
46.84,-12.441205024719238,137.4609375,23.6724853515625,-35.59571075439453
46.88,-14.445901870727539,139.57032775878906,24.762645721435547,-35.85938262939453
46.92,-18.047351837158203,140.88868713378906,24.277202606201172,-36.5625114440918
46.94,-20.99758529663086,141.41603088378906,20.34530258178711,-38.67189407348633
46.980000000000004,-22.193714141845703,141.67970275878906,17.24311637878418,-42.539093017578125
47.02,-23.97295570373535,141.67970275878906,9.316642761230469,-47.1093864440918
47.04,-24.88298797607422,141.67970275878906,0.06355983018875122,-52.822296142578125
47.08,-24.999977111816406,141.67970275878906,-4.651909828186035,-56.4257926940918
47.12,-24.55162811279297,141.67970275878906,-13.420602798461914,-58.18361282348633
47.14,-24.55162811279297,141.67970275878906,-13.420602798461914,-58.18361282348633
47.18,-22.216407775878906,140.53712463378906,-22.675203323364258,-58.095726013183594
47.22,-19.631698608398438,138.60353088378906,-24.96233558654785,-57.21681213378906
47.24,-16.328845977783203,134.29689025878906,-23.69139862060547,-52.646514892578125
47.28,-16.328845977783203,130.60548400878906,-23.69139862060547,-45.8789176940918
47.32,-10.295662879943848,126.2109603881836,-15.637748718261719,-39.46290969848633
47.34,-5.767533302307129,122.5195541381836,-7.283570766448975,-32.69533920288086
47.38,-3.4125123023986816,118.38867950439453,-2.6329095363616943,-25.40039825439453
47.42,1.3716756105422974,113.8183822631836,6.784007549285889,-17.75391960144043
47.44,6.108187198638916,108.19337463378906,15.233603477478027,-12.568385124206543
47.480000000000004,6.108187198638916,104.58985137939453,15.233603477478027,-9.492203712463379
47.52,12.74446964263916,102.83202362060547,23.529266357421875,-8.701186180114746
47.56,16.618234634399414,102.56838989257812,24.98381805419922,-8.789076805114746
47.58,18.334392547607422,102.56838989257812,24.362178802490234,-9.580095291137695
47.62,21.245471954345703,102.56838989257812,20.53072738647461,-12.568385124206543
47.660000000000004,23.373746871948242,102.56838989257812,13.75471305847168,-17.578136444091797
47.7,24.639225006103516,102.56838989257812,5.003706455230713,-25.40039825439453
47.72,24.993616104125977,102.56838989257812,-4.467879295349121,-32.95901107788086
47.76,24.82322883605957,103.18359375,-9.047754287719727,-36.9140739440918
47.800000000000004,23.794218063354492,104.23828125,-17.07147979736328,-38.58400344848633
47.82,21.88162612915039,106.08401489257812,-22.64359474182129,-38.67189407348633
47.86,20.614500045776367,108.72071838378906,-24.24190902709961,-38.67189407348633
47.9,17.516632080078125,112.1484603881836,-24.773433685302734,-38.23243713378906
47.92,13.765164375305176,116.80665588378906,-21.739234924316406,-36.0351676940918
47.96,11.686833381652832,121.55274963378906,-19.00176239013672,-33.837921142578125
48.0,7.221315383911133,125.24415588378906,-11.578253746032715,-30.322288513183594
48.02,2.483819007873535,129.55079650878906,-2.483819007873535,-23.378934860229492
48.06,0.06801188737154007,132.80274963378906,2.28498911857605,-18.457046508789062
48.1,-4.744894504547119,135.26368713378906,11.40449333190918,-15.205110549926758
48.120000000000005,-4.744894504547119,137.10940551757812,11.40449333190918,-13.271512031555176
48.160000000000004,-11.581503868103027,138.07618713378906,21.650129318237305,-13.183621406555176
48.2,-15.634479522705078,138.07618713378906,24.75120735168457,-13.183621406555176
48.22,-15.634479522705078,138.07618713378906,24.75120735168457,-14.589875221252441
48.26,-20.575990676879883,138.07618713378906,22.69622230529785,-17.226573944091797
48.300000000000004,-22.92966651916504,138.07618713378906,17.139680862426758,-21.533227920532227
48.32,-22.92966651916504,138.07618713378906,17.139680862426758,-28.212907791137695
48.36,-24.82526397705078,137.900390625,4.503613471984863,-34.71683120727539
48.4,-24.927473068237305,136.75782775878906,-5.012147903442383,-40.957054138183594
48.42,-24.927473068237305,134.73634338378906,-5.012147903442383,-45.52735137939453
48.46,-24.624765396118164,132.09963989257812,-9.583003997802734,-46.84571838378906
48.5,-21.14282989501953,129.28712463378906,-22.918067932128906,-46.9336051940918
48.52,-18.159276962280273,126.2109603881836,-24.990459442138672,-46.75782775878906
48.56,-18.159276962280273,122.5195541381836,-24.990459442138672,-45.52735137939453
48.6,-12.433140754699707,118.0371322631836,-21.34404754638672,-42.62697982788086
48.64,-7.991437911987305,111.7968978881836,-14.920405387878418,-37.79298400878906
48.660000000000004,-3.2436716556549072,105.29296875,-6.324939727783203,-31.376977920532227
48.7,-3.2436716556549072,99.75587463378906,-6.324939727783203,-24.697298049926758
48.74,-0.81099933385849,96.41602325439453,-1.5954548120498657,-18.369155883789062
48.78,4.056290626525879,95.18555450439453,7.865391254425049,-15.380892753601074
48.800000000000004,13.15518569946289,95.09769439697266,22.14488410949707,-14.589875221252441
48.84,15.169296264648438,95.09769439697266,23.95262908935547,-14.677765846252441
48.88,18.745534896850586,95.18555450439453,24.890077590942383,-14.677765846252441
48.9,21.60678482055664,95.09769439697266,22.195463180541992,-17.138683319091797
48.94,22.73349952697754,95.09769439697266,19.588459014892578,-21.00588035583496
48.980000000000004,24.32427978515625,95.18555450439453,12.330191612243652,-25.66407012939453
49.0,24.983028411865234,95.09769439697266,3.2680532932281494,-33.04690170288086
49.04,24.95307159423828,96.24024200439453,-1.5310783386230469,-37.96876525878906
49.08,24.174943923950195,96.85550689697266,-10.786731719970703,-40.605491638183594
49.1,22.466646194458008,98.08597564697266,-18.466312408447266,-41.835968017578125
49.14,22.466646194458008,99.93165588378906,-18.466312408447266,-41.92385482788086
49.18,21.28240966796875,102.56838989257812,-21.349458694458008,-41.92385482788086
49.2,14.629659652709961,106.08401489257812,-24.380294799804688,-41.57229232788086
49.24,12.56722354888916,110.21485900878906,-22.870126724243164,-39.19923782348633
49.28,8.096771240234375,115.40039825439453,-17.396936416625977,-35.59571075439453
49.300000000000004,3.3107593059539795,120.84961700439453,-9.369233131408691,-31.904321670532227
49.34,0.8568563461303711,124.45313262939453,-4.754870891571045,-26.982433319091797
49.36,-4.054016590118408,127.5293197631836,4.8268914222717285,-21.972681045532227
49.4,-6.463274955749512,130.25392150878906,9.439116477966309,-18.369155883789062
49.44,-11.072383880615234,132.27540588378906,17.456872940063477,-16.523447036743164
49.46,-15.253924369812012,133.94532775878906,22.909217834472656,-16.259775161743164
49.5,-17.132511138916016,134.56056213378906,24.403545379638672,-16.435556411743164
49.54,-20.373313903808594,134.64845275878906,24.651304244995117,-17.226573944091797
49.56,-20.373313903808594,134.64845275878906,24.651304244995117,-20.65431785583496
49.6,-23.71839714050293,134.64845275878906,18.350780487060547,-25.66407012939453
49.64,-24.80892562866211,134.56056213378906,10.600387573242188,-31.025415420532227
49.68,-24.80892562866211,134.20899963378906,10.600387573242188,-38.67189407348633
49.7,-24.07853889465332,133.15431213378906,-8.223512649536133,-44.47269058227539
49.74,-23.295196533203125,131.92384338378906,-12.606255531311035,-47.02149963378906
49.78,-21.05178451538086,129.90235900878906,-19.818017959594727,-47.81251525878906
49.800000000000004,-21.05178451538086,127.79297637939453,-19.818017959594727,-47.63673400878906
49.84,-16.172883987426758,125.06837463378906,-24.929319381713867,-46.84571838378906
49.88,-12.095398902893066,122.6074447631836,-23.794540405273438,-44.73636245727539
49.9,-9.866724014282227,118.38867950439453,-21.87507438659668,-41.13283920288086
49.94,-5.138646125793457,113.64259338378906,-15.685983657836914,-36.2109489440918
49.96,-0.20565728843212128,106.7871322631836,-7.172032833099365,-29.882831573486328
50.0,2.277139186859131,101.8652572631836,-2.4282548427581787,-23.730499267578125
50.04,7.152888774871826,99.14067077636719,7.152888774871826,-17.66602897644043
50.06,11.748831748962402,96.94336700439453,15.675724029541016,-13.710967063903809
50.1,13.884345054626465,96.94336700439453,19.13327980041504,-13.00783920288086
50.14,17.724365234375,96.94336700439453,23.796764373779297,-13.00783920288086
50.160000000000004,20.86467933654785,96.94336700439453,24.927223205566406,-13.447293281555176
50.2,22.131977081298828,96.94336700439453,24.0924072265625,-16.08399200439453
50.24,23.997159957885742,96.94336700439453,19.776165008544922,-20.39064598083496
50.28,24.910615921020508,96.94336700439453,12.517565727233887,-26.191415786743164
50.300000000000004,24.910615921020508,96.94336700439453,12.517565727233887,-33.925811767578125
50.34,24.424222946166992,97.47071838378906,-1.4480770826339722,-40.078147888183594
50.38,22.87871742248535,98.96488189697266,-10.791574478149414,-44.47269058227539
50.4,22.87871742248535,100.89848327636719,-10.791574478149414,-47.90040588378906
50.44,21.758516311645508,103.71094512939453,-14.941242218017578,-48.69142532348633
50.480000000000004,15.242634773254395,106.7871322631836,-24.707828521728516,-48.69142532348633
50.52,10.99605655670166,110.47852325439453,-24.308618545532227,-48.42775344848633
50.54,6.307303428649902,115.75196838378906,-20.27996253967285,-47.46095275878906
50.58,3.855058193206787,120.23439025878906,-17.07245445251465,-45.00000762939453
50.620000000000005,-1.1425539255142212,123.83790588378906,-8.869738578796387,-41.48440170288086
50.64,-6.097012996673584,126.47462463378906,0.6612653136253357,-36.2988395690918
50.68,-8.495595932006836,128.58399963378906,5.4817423820495605,-33.134796142578125
50.72,-13.014713287353516,129.90235900878906,14.329307556152344,-30.05861473083496
50.74,-17.012771606445312,130.42970275878906,21.033897399902344,-28.12501335144043
50.78,-18.764842987060547,130.78126525878906,23.25112533569336,-28.12501335144043
50.82,-21.686115264892578,130.78126525878906,24.997783660888672,-28.12501335144043
50.86,-22.82547950744629,130.78126525878906,24.460384368896484,-29.179704666137695
50.88,-23.734331130981445,130.78126525878906,22.997167587280273,-33.222686767578125
50.92,-24.99614143371582,130.78126525878906,13.764442443847656,-38.14454650878906
50.96,-24.578474044799805,130.51759338378906,4.797466278076172,-43.593780517578125
50.980000000000004,-23.99387550354004,130.16603088378906,-0.048108555376529694,-48.42775344848633
51.02,-22.10175895690918,128.935546875,-9.552034378051758,-51.24026107788086
51.04,-19.31243324279785,126.2109603881836,-17.622455596923828,-52.207061767578125
51.08,-17.614931106567383,123.92578887939453,-20.726667404174805,-52.11916732788086
51.120000000000005,-13.699666023254395,121.55274963378906,-24.486833572387695,-51.50393295288086
51.14,-13.699666023254395,117.9492416381836,-24.486833572387695,-49.74611282348633
51.18,-6.834404468536377,113.20314025878906,-23.190250396728516,-45.96680450439453
51.2,-1.8664827346801758,105.99610137939453,-17.8867244720459,-39.46290969848633
51.24,0.6598777770996094,99.93165588378906,-14.155658721923828,-32.783233642578125
51.28,5.668615341186523,96.59181213378906,-5.238122463226318,-26.894542694091797
51.300000000000004,5.668615341186523,94.130859375,-5.238122463226318,-20.214862823486328
51.34,12.690966606140137,91.93360900878906,9.165238380432129,-14.501983642578125
51.38,16.76560401916504,90.61528015136719,17.339841842651367,-11.250021934509277
51.4,16.76560401916504,90.17579650878906,17.339841842651367,-10.634785652160645
51.44,21.54954719543457,90.17579650878906,24.411157608032227,-10.722677230834961
51.480000000000004,23.661170959472656,90.26371765136719,24.622913360595703,-10.722677230834961
51.5,23.661170959472656,90.26371765136719,24.622913360595703,-12.91994857788086
51.54,24.992664337158203,90.26371765136719,18.10067367553711,-17.402355194091797
51.58,24.600873947143555,90.17579650878906,10.147748947143555,-22.14846420288086
51.6,24.600873947143555,91.31840515136719,10.147748947143555,-30.49806785583496
51.64,24.022613525390625,92.4609603881836,5.507188320159912,-36.7382926940918
51.68,19.324251174926758,94.306640625,-13.314022064208984,-39.902366638183594
51.72,15.719342231750488,95.88867950439453,-20.38837432861328,-40.781272888183594
51.74,11.463066101074219,97.73441314697266,-24.369827270507812,-40.781272888183594
51.78,9.144474983215332,99.75587463378906,-24.989564895629883,-40.781272888183594
51.82,4.245898246765137,103.359375,-23.36727523803711,-40.693382263183594
51.84,4.245898246765137,108.01758575439453,-23.36727523803711,-37.26564025878906
51.88,-3.370971918106079,112.32423400878906,-14.500054359436035,-33.574249267578125
51.92,-8.321377754211426,115.92774200439453,-5.6058502197265625,-29.97072410583496
51.94,-8.321377754211426,119.35548400878906,-5.6058502197265625,-23.994171142578125
51.980000000000004,-15.042988777160645,121.55274963378906,8.87488079071045,-19.248064041137695
52.02,-18.782068252563477,121.6406478881836,17.145971298217773,-16.699228286743164
52.04,-21.740888595581055,121.6406478881836,22.80592155456543,-15.908210754394531
52.08,-21.740888595581055,121.6406478881836,22.80592155456543,-15.908210754394531
52.120000000000005,-24.453697204589844,121.6406478881836,24.64989471435547,-15.996101379394531
52.14,-24.999723434448242,121.6406478881836,21.17099952697754,-18.457046508789062
52.18,-24.999723434448242,121.55274963378906,21.17099952697754,-22.939481735229492
52.22,-23.8641414642334,121.55274963378906,10.193299293518066,-27.77345085144043
52.26,-21.847810745239258,121.37696838378906,0.6616318225860596,-33.574249267578125
52.28,-21.847810745239258,119.35548400878906,0.6616318225860596,-38.84767532348633
52.32,-17.1409969329834,116.2793197631836,-13.363990783691406,-39.902366638183594
52.36,-13.071551322937012,113.29103088378906,-20.447612762451172,-39.902366638183594
52.38,-13.071551322937012,107.66602325439453,-20.447612762451172,-39.46290969848633
52.42,-5.993181228637695,101.95311737060547,-24.993854522705078,-37.88087463378906
52.46,-0.9131789803504944,97.55863189697266,-23.291221618652344,-34.98050308227539
52.5,-0.9131789803504944,93.51565551757812,-23.291221618652344,-29.61916160583496
52.52,9.15427303314209,89.73637390136719,-9.9768648147583,-23.291044235229492
52.56,9.15427303314209,86.22073364257812,-9.9768648147583,-15.732429504394531
52.6,15.79254150390625,85.78125,4.5025835037231445,-10.810566902160645
52.64,19.423429489135742,85.25391387939453,13.609020233154297,-8.34962272644043
52.660000000000004,22.233903884887695,85.25391387939453,20.6259765625,-7.558604717254639
52.7,23.292362213134766,85.25391387939453,22.99562644958496,-7.646495819091797
52.72,24.658674240112305,85.25391387939453,24.999128341674805,-7.822277545928955
52.76,24.658674240112305,85.25391387939453,24.999128341674805,-9.580095291137695
52.800000000000004,24.74039077758789,86.13282012939453,20.855745315551758,-13.447293281555176
52.84,23.477251052856445,87.27542877197266,13.943373680114746,-18.984390258789062
52.86,21.21428680419922,88.94532775878906,4.880096435546875,-26.894542694091797
52.9,19.735933303833008,91.14262390136719,-0.029252735897898674,-33.222686767578125
52.94,16.16339683532715,93.3398666381836,-9.655327796936035,-36.4746208190918
52.96,14.107094764709473,96.59181213378906,-13.99697494506836,-38.05665588378906
53.0,9.563529014587402,98.34962463378906,-20.897296905517578,-38.05665588378906
53.04,4.608880043029785,101.5136947631836,-24.571491241455078,-38.05665588378906
53.06,4.608880043029785,106.25978088378906,-24.571491241455078,-37.26564025878906
53.1,2.042975664138794,110.74220275878906,-24.998065948486328,-34.27737808227539
53.14,-8.169255256652832,114.52149963378906,-17.343576431274414,-30.58595848083496
53.18,-12.86186408996582,117.5976791381836,-9.05593204498291,-25.751962661743164
53.2,-12.86186408996582,119.61914825439453,-9.05593204498291,-18.369155883789062
53.24,-18.8127498626709,120.76173400878906,5.54223108291626,-14.941438674926758
53.28,-21.804584503173828,120.67384338378906,14.522318840026855,-12.04103946685791
53.300000000000004,-23.859228134155273,120.67384338378906,21.252992630004883,-10.810566902160645
53.34,-24.505285263061523,120.67384338378906,23.42941665649414,-10.898458480834961
53.38,-24.999034881591797,120.67384338378906,24.979801177978516,-11.074240684509277
53.4,-24.41396141052246,120.32228088378906,22.652099609375,-13.623075485229492
53.44,-24.41396141052246,119.00391387939453,22.652099609375,-17.92970085144043
53.480000000000004,-21.57774543762207,117.9492416381836,12.826387405395508,-23.291044235229492
53.5,-18.498125076293945,115.92774200439453,3.533342123031616,-28.828140258789062
53.54,-18.498125076293945,111.70899963378906,3.533342123031616,-33.925811767578125
53.58,-12.424164772033691,107.40235900878906,-10.95946979522705,-36.1230583190918
53.6,-7.659566402435303,102.65625,-18.798479080200195,-36.1230583190918
53.64,-7.659566402435303,97.03128051757812,-18.798479080200195,-35.94727325439453
53.68,0.046930067241191864,94.39456176757812,-24.808706283569336,-35.24414825439453
53.72,5.232488632202148,92.4609603881836,-24.069499969482422,-34.101593017578125
53.74,10.192845344543457,90.79106903076172,-19.57571029663086,-29.97072410583496
53.78,12.520262718200684,89.56058502197266,-16.118558883666992,-26.191415786743164
53.82,16.74220085144043,89.64845275878906,-7.45811653137207,-21.884790420532227
53.84,20.23531723022461,89.64845275878906,2.369471788406372,-15.380892753601074
53.88,21.659080505371094,89.64845275878906,7.24197244644165,-12.392602920532227
53.92,23.782297134399414,89.64845275878906,15.950284957885742,-11.250021934509277
53.94,23.782297134399414,89.64845275878906,15.950284957885742,-11.162130355834961
53.980000000000004,24.999984741210938,89.82423400878906,24.014978408813477,-11.337912559509277
54.02,24.44609832763672,90.61528015136719,24.830110549926758,-12.568385124206543
54.04,24.44609832763672,92.8125228881836,24.830110549926758,-17.49024772644043
54.08,23.763431549072266,95.80081176757812,23.763431549072266,-23.554718017578125
54.120000000000005,18.53120994567871,97.38285064697266,11.052468299865723,-30.673851013183594
54.14,14.622332572937012,100.45899963378906,1.4806783199310303,-38.05665588378906
54.18,14.622332572937012,104.85354614257812,1.4806783199310303,-43.330108642578125
54.22,7.609192371368408,108.98439025878906,-12.830994606018066,-45.96680450439453
54.24,2.466541290283203,113.37891387939453,-20.157991409301758,-46.4062614440918
54.28,2.466541290283203,118.65235137939453,-20.157991409301758,-46.4062614440918
54.32,-5.383990287780762,121.81642150878906,-24.985322952270508,-46.3183708190918
54.34,-10.371400833129883,124.18946838378906,-23.353515625,-45.08789825439453
54.38,-10.371400833129883,126.2109603881836,-23.353515625,-41.74807357788086
54.42,-12.707027435302734,127.0019760131836,-21.120019912719727,-37.17774963378906
54.44,-20.408889770507812,127.5293197631836,-5.145873069763184,-32.51955795288086
54.480000000000004,-21.81635856628418,128.056640625,-0.1882423758506775,-26.01563262939453
54.52,-23.890609741210938,128.056640625,9.553849220275879,-20.039081573486328
54.56,-24.903799057006836,128.056640625,17.792072296142578,-15.644537925720215
54.58,-24.903799057006836,128.056640625,17.792072296142578,-13.535184860229492
54.620000000000005,-24.3453426361084,128.056640625,24.60031509399414,-13.447293281555176
54.660000000000004,-22.609256744384766,128.056640625,24.392061233520508,-13.535184860229492
54.68,-22.609256744384766,127.5293197631836,24.392061233520508,-14.941438674926758
54.72,-18.14824104309082,126.56251525878906,17.032794952392578,-17.75391960144043
54.74,-14.127843856811523,124.54102325439453,8.554681777954102,-22.324243545532227
54.78,-14.127843856811523,122.0801010131836,8.554681777954102,-28.740251541137695
54.82,-6.972438812255859,120.14649963378906,-6.219606399536133,-33.574249267578125
54.84,-1.7625267505645752,116.01564025878906,-15.169567108154297,-36.6504020690918
54.88,0.8879233598709106,110.91797637939453,-18.82054328918457,-36.9140739440918
54.92,6.131166934967041,105.99610137939453,-23.748811721801758,-36.6504020690918
54.94,11.101677894592285,101.77734375,-24.91364288330078,-35.6836051940918
54.980000000000004,13.41395092010498,99.4043197631836,-24.001291275024414,-34.54104995727539
55.02,17.561981201171875,98.70118713378906,-19.366369247436523,-31.992212295532227
55.04,20.92128562927246,98.70118713378906,-11.656147003173828,-28.476577758789062
55.1,23.339231491088867,98.70118713378906,-2.0927202701568604,-22.58791732788086
55.120000000000005,23.339231491088867,98.70118713378906,-2.0927202701568604,-16.699228286743164
55.160000000000004,24.97211456298828,98.70118713378906,12.384032249450684,-14.238311767578125
55.2,24.657262802124023,98.70118713378906,19.886383056640625,-13.798856735229492
55.22,23.226823806762695,99.14067077636719,24.226388931274414,-13.886748313903809
55.26,22.111053466796875,100.45899963378906,24.970516204833984,-14.765657424926758
55.300000000000004,19.140626907348633,102.56838989257812,23.45669174194336,-17.92970085144043
55.32,19.140626907348633,105.82032012939453,23.45669174194336,-24.082061767578125
55.36,17.31936264038086,110.03907012939453,21.25883674621582,-31.992212295532227
55.4,8.2976655960083,113.99415588378906,5.276526927947998,-40.517601013183594
55.44,3.108386278152466,117.86134338378906,-4.709226131439209,-47.1093864440918
55.46,3.108386278152466,121.81642150878906,-4.709226131439209,-53.96487808227539
55.5,-4.869796276092529,123.83790588378906,-17.810625076293945,-57.832054138183594
55.54,-9.96485710144043,124.27735900878906,-23.258892059326172,-59.23830795288086
55.56,-14.60777759552002,124.98047637939453,-24.990800857543945,-59.23830795288086
55.6,-16.692138671875,124.98047637939453,-24.35051727294922,-59.23830795288086
55.64,-20.26690673828125,124.98047637939453,-20.18378257751465,-57.21681213378906
55.68,-22.91634178161621,124.98047637939453,-12.785451889038086,-53.525421142578125
55.7,-22.91634178161621,124.98047637939453,-12.785451889038086,-47.98830032348633
55.74,-24.89996910095215,124.98047637939453,1.688537359237671,-42.01174545288086
55.78,-24.80461311340332,124.89258575439453,11.337323188781738,-37.17774963378906
55.82,-23.570480346679688,124.62892150878906,19.170581817626953,-33.750030517578125
55.84,-23.570480346679688,123.75000762939453,19.170581817626953,-31.640649795532227
55.88,-19.718156814575195,121.90431213378906,24.894458770751953,-30.58595848083496
55.92,-15.985830307006836,118.91603088378906,23.796499252319336,-30.58595848083496
55.94,-15.985830307006836,113.90626525878906,23.796499252319336,-30.673851013183594
55.980000000000004,-9.065939903259277,107.05079650878906,15.205970764160156,-31.992212295532227
56.02,-3.8805174827575684,101.25004577636719,6.187488079071045,-34.101593017578125
56.04,-3.8805174827575684,95.361328125,6.187488079071045,-38.49611282348633
56.08,4.161093235015869,92.373046875,-8.70657730102539,-40.429710388183594
56.120000000000005,9.336591720581055,89.73637390136719,-17.218164443969727,-40.957054138183594
56.14,14.08234977722168,88.41798400878906,-22.95838165283203,-40.957054138183594
56.18,16.224090576171875,87.36328887939453,-24.477336883544922,-40.693382263183594
56.22,19.92047119140625,87.53907775878906,-24.504413604736328,-38.93556594848633
56.24,22.693981170654297,87.53907775878906,-20.579025268554688,-34.98050308227539
56.28,22.693981170654297,87.53907775878906,-20.579025268554688,-29.707050323486328
56.32,24.85209083557129,87.53907775878906,-8.810579299926758,-25.224641799926758
56.34,24.856115341186523,87.53907775878906,1.1123367547988892,-19.951190948486328
56.38,24.421916961669922,87.71485137939453,6.109558582305908,-14.853547096252441
56.42,22.7053279876709,88.59375762939453,15.163738250732422,-12.656275749206543
56.46,19.92860221862793,90.52735900878906,21.767858505249023,-12.568385124206543
56.5,16.219825744628906,93.42772674560547,24.851377487182617,-12.656275749206543
56.54,11.750981330871582,96.50394439697266,23.91231346130371,-14.853547096252441
56.56,11.750981330871582,99.14067077636719,23.91231346130371,-19.072282791137695
56.6,4.085049629211426,102.9199447631836,15.461723327636719,-24.785188674926758
56.64,-1.3192957639694214,107.75392150878906,6.459935188293457,-31.81643295288086
56.68,-6.664422512054443,112.41212463378906,-3.5919244289398193,-39.902366638183594
56.7,-6.664422512054443,116.2793197631836,-3.5919244289398193,-44.033233642578125
56.74,-14.025321960449219,118.82814025878906,-17.090085983276367,-45.4394645690918
56.78,-18.157514572143555,120.76173400878906,-22.905073165893555,-45.4394645690918
56.82,-21.436967849731445,120.76173400878906,-24.999492645263672,-45.3515739440918
56.84,-22.706457138061523,120.76173400878906,-24.51828956604004,-44.73636245727539
56.88,-24.429168701171875,120.76173400878906,-20.5950870513916,-41.74807357788086
56.9,-24.99983787536621,120.76173400878906,-13.319784164428711,-37.08985900878906
56.94,-24.842018127441406,120.76173400878906,-8.777802467346191,-33.222686767578125
56.96,-23.648296356201172,120.76173400878906,1.1894853115081787,-28.652360916137695
57.0,-23.648296356201172,120.32228088378906,1.1894853115081787,-21.709007263183594
57.04,-19.79057502746582,118.65235137939453,15.27524471282959,-17.402355194091797
57.08,-16.015933990478516,116.63087463378906,21.857160568237305,-14.765657424926758
57.120000000000005,-11.479819297790527,114.2578353881836,24.874866485595703,-14.238311767578125
57.14,-11.479819297790527,109.3359603881836,24.874866485595703,-14.326202392578125
57.18,-8.991992950439453,104.58985137939453,24.866695404052734,-15.293002128601074
57.22,-3.7240750789642334,98.87696838378906,21.815988540649414,-18.28126335144043
57.24,7.09171199798584,95.361328125,6.099146366119385,-22.851591110229492
57.28,7.09171199798584,91.845703125,6.099146366119385,-29.003923416137695
57.32,14.439403533935547,90.79106903076172,-8.910394668579102,-32.783233642578125
57.36,18.526567459106445,89.12110137939453,-17.43601417541504,-33.574249267578125
57.38,20.249826431274414,89.20903015136719,-20.700345993041992,-33.574249267578125
57.42,22.9518985748291,89.20903015136719,-24.56096649169922,-33.574249267578125
57.46,24.557491302490234,89.20903015136719,-24.397558212280273,-32.51955795288086
57.480000000000004,24.557491302490234,89.20903015136719,-24.397558212280273,-29.179704666137695
57.52,24.75356101989746,89.20903015136719,-16.840938568115234,-25.57617950439453
57.56,23.397716522216797,89.82423400878906,-8.129073143005371,-21.357444763183594
57.58,23.397716522216797,90.7031478881836,-8.129073143005371,-14.238311767578125
57.620000000000005,22.292293548583984,92.54882049560547,-3.1708195209503174,-10.634785652160645
57.660000000000004,19.29179573059082,95.18555450439453,6.931082725524902,-9.404313087463379
57.68,10.692158699035645,97.38285064697266,22.25118064880371,-9.316422462463379
57.72,8.147891998291016,99.58009338378906,24.099943161010742,-9.580095291137695
57.76,2.7940335273742676,103.09573364257812,24.75772476196289,-10.986349105834961
57.78,-2.6972010135650635,108.01758575439453,21.340229034423828,-14.941438674926758
57.82,-5.4114789962768555,111.62110900878906,18.25371551513672,-19.863300323486328
57.86,-10.613264083862305,115.22462463378906,9.960341453552246,-26.103525161743164
57.9,-15.304397583007812,118.1250228881836,0.023124590516090393,-33.486358642578125
57.92,-15.304397583007812,119.79493713378906,0.023124590516090393,-39.81447219848633
57.96,-17.386024475097656,119.97071075439453,-5.05360221862793,-41.57229232788086
58.0,-23.39217758178711,119.88282012939453,-21.324989318847656,-41.57229232788086
58.04,-24.755931854248047,119.88282012939453,-24.755931854248047,-41.48440170288086
58.06,-24.755931854248047,119.88282012939453,-24.755931854248047,-40.957054138183594
58.1,-24.543100357055664,119.88282012939453,-22.241214752197266,-37.96876525878906
58.14,-22.903059005737305,119.88282012939453,-15.856668472290039,-34.62894058227539
58.160000000000004,-22.903059005737305,118.38867950439453,-15.856668472290039,-29.531269073486328
58.2,-18.390214920043945,115.92774200439453,-1.8129676580429077,-22.23635482788086
58.24,-14.224655151367188,111.88478088378906,8.271276473999023,-15.46878433227539
58.26,-9.362822532653809,108.28126525878906,16.987886428833008,-10.371113777160645
58.300000000000004,-6.743668079376221,103.62307739257812,20.365753173828125,-6.943369388580322
58.34,-1.288565993309021,99.31645202636719,24.45781135559082,-5.361361026763916
58.36,-1.288565993309021,95.18555450439453,24.45781135559082,-5.185579299926758
58.4,6.932567119598389,93.51565551757812,22.96128273010254,-5.625033378601074
58.44,12.047513961791992,92.4609603881836,17.11062240600586,-8.085949897766113
58.46,16.57404899597168,91.40626525878906,8.416633605957031,-11.95314884185791
58.5,18.545528411865234,91.14262390136719,3.441826105117798,-16.962902069091797
58.54,21.783065795898438,91.2304916381836,-6.728334426879883,-21.181663513183594
58.56,23.951181411743164,91.2304916381836,-15.782083511352539,-23.466825485229492
58.6,24.598161697387695,91.2304916381836,-19.404817581176758,-23.466825485229492
58.64,24.97705841064453,91.2304916381836,-24.085485458374023,-23.378934860229492
58.660000000000004,24.1251163482666,91.40626525878906,-24.75654411315918,-22.76369857788086
58.7,23.247814178466797,92.8125228881836,-23.525148391723633,-20.214862823486328
58.74,20.64361572265625,94.92190551757812,-18.18355941772461,-16.08399200439453
58.76,17.018239974975586,96.59181213378906,-9.808700561523438,-10.898458480834961
58.800000000000004,14.876409530639648,98.87696838378906,-4.905778408050537,-6.416024208068848
58.82,10.06623649597168,101.77734375,5.307036399841309,-2.8125252723693848
58.86,10.06623649597168,106.43555450439453,5.307036399841309,-0.5273625254631042
58.9,1.9932752847671509,110.47852325439453,18.469295501708984,-0.43947166204452515
58.94,-3.5723042488098145,113.64259338378906,23.668373107910156,-0.5273625254631042
58.96,-8.963200569152832,116.19142150878906,24.911962509155273,-2.4609618186950684
59.0,-11.508657455444336,118.30078887939453,23.956884384155273,-5.800815105438232
59.02,-16.14090919494629,120.23439025878906,19.09112548828125,-9.843767166137695
59.06,-16.14090919494629,120.84961700439453,19.09112548828125,-15.820320129394531
59.1,-21.525440216064453,120.76173400878906,6.204132080078125,-23.203153610229492
59.14,-23.809972763061523,120.76173400878906,-4.018815517425537,-29.003923416137695
59.18,-24.90774917602539,120.76173400878906,-13.570706367492676,-33.398468017578125
59.2,-24.99152946472168,120.76173400878906,-17.58226776123047,-34.98050308227539
59.24,-24.222505569458008,120.58595275878906,-23.23263168334961,-34.98050308227539
59.26,-22.24175262451172,119.88282012939453,-24.985252380371094,-34.89261245727539
59.300000000000004,-20.825151443481445,119.00391387939453,-24.27927017211914,-34.71683120727539
59.34,-17.227218627929688,117.1582260131836,-19.849233627319336,-32.69533920288086
59.36,-12.76395320892334,113.37891387939453,-12.082447052001953,-27.59766960144043
59.4,-10.275995254516602,108.54493713378906,-7.338566780090332,-21.709007263183594
59.44,-4.94305944442749,104.4140625,2.87178111076355,-15.556674003601074
59.46,-4.94305944442749,99.22853088378906,2.87178111076355,-11.513693809509277
59.5,3.439336061477661,96.50394439697266,16.763078689575195,-9.931658744812012
59.54,8.87336254119873,94.74612426757812,22.801111221313477,-9.931658744812012
59.56,8.87336254119873,94.39456176757812,22.801111221313477,-10.195331573486328
59.6,16.11113166809082,94.482421875,24.513303756713867,-12.83205795288086
59.64,19.97157859802246,94.482421875,20.47337532043457,-17.138683319091797
59.660000000000004,22.825393676757812,94.39456176757812,12.978470802307129,-23.11526107788086
59.7,23.82709312438965,94.130859375,8.312363624572754,-30.14650535583496
59.74,24.915681838989258,93.603515625,-1.8713923692703247,-36.1230583190918
59.76,24.743637084960938,93.51565551757812,-11.741549491882324,-39.72658157348633
59.800000000000004,24.743637084960938,94.306640625,-11.741549491882324,-41.30862045288086
59.84,22.154441833496094,95.18555450439453,-22.393415451049805,-41.48440170288086
59.88,18.999311447143555,96.50394439697266,-24.973026275634766,-41.48440170288086
59.92,14.87775707244873,98.96488189697266,-23.327056884765625,-41.044944763183594
59.94,9.997920036315918,102.21682739257812,-17.730958938598633,-37.79298400878906
59.980000000000004,9.997920036315918,106.69923400878906,-17.730958938598633,-33.486358642578125
