dt,yaw_cmd,yaw_pos,pitch_cmd,pitch_pos
0.34,0.0,-2.1093435287475586,0.0,-1.3183804750442505
0.34,0.0,-2.1093435287475586,0.0,-1.3183804750442505
0.34,0.0,-2.1093435287475586,0.0,-1.3183804750442505
0.34,12.068802833557129,-2.1093435287475586,0.0,-1.3183804750442505
0.34,14.730626106262207,-2.1093435287475586,0.0,-1.3183804750442505
0.34,15.977070808410645,-2.1093435287475586,0.0,-1.3183804750442505
0.34,18.275638580322266,-2.1093435287475586,0.0,-1.3183804750442505
0.34,20.284141540527344,-1.4062166213989258,0.0,-1.4062713384628296
0.36,21.969362258911133,0.7910279035568237,0.0,-1.4941622018814087
0.4,22.681716918945312,2.8125452995300293,0.0,-1.5820530652999878
0.44,23.830839157104492,4.834007740020752,0.0,-1.845725655555725
0.46,24.59664535522461,7.207034587860107,0.0,-2.28518009185791
0.5,24.59664535522461,9.84376049041748,0.0,-2.8125252723693848
0.54,24.998451232910156,12.304705619812012,0.0,-3.2519795894622803
0.56,24.760101318359375,16.171903610229492,0.0,-3.9551069736480713
0.6,24.4893856048584,20.742229461669922,0.0,-4.834015846252441
0.62,23.649545669555664,25.6640625,0.0,-5.625033378601074
0.66,23.649545669555664,33.310543060302734,0.0,-7.207041263580322
0.7000000000000001,21.669992446899414,40.16603088378906,0.0,-8.173840522766113
0.74,19.90007209777832,46.84573745727539,0.0,-9.316422462463379
0.76,17.801616668701172,53.613304138183594,0.0,-10.459003448486328
0.8,16.639432907104492,59.062538146972656,0.0,-11.513693809509277
0.8200000000000001,14.112456321716309,63.6328125,0.0,-12.392602920532227
0.86,14.112456321716309,69.08203887939453,0.0,-13.183621406555176
0.9,9.894003868103027,72.861328125,0.0,-13.798856735229492
0.9400000000000001,6.863167762756348,76.37696075439453,0.0,-14.589875221252441
0.96,6.863167762756348,79.27738189697266,0.0,-15.117220878601074
1.0,5.300587177276611,81.4746322631836,0.0,-15.46878433227539
1.04,-1.112650752067566,82.61717987060547,0.0,-15.732429504394531
1.06,-1.112650752067566,83.14453125,0.0,-15.820320129394531
1.1,-5.906596660614014,83.14453125,0.0,-15.820320129394531
1.1400000000000001,-8.994436264038086,83.14453125,0.0,-15.820320129394531
1.16,-11.93475341796875,83.14453125,0.0,-15.820320129394531
1.2,-13.333876609802246,83.14453125,0.0,-15.820320129394531
1.24,-15.960205078125,83.14453125,0.0,-15.820320129394531
1.26,-18.320161819458008,83.14453125,0.0,-15.820320129394531
1.3,-19.387319564819336,83.14453125,0.0,-15.820320129394531
1.34,-21.272785186767578,81.9140625,0.0,-15.820320129394531
1.36,-22.79947853088379,78.75003814697266,0.0,-15.644537925720215
1.4000000000000001,-23.4195613861084,75.67383575439453,0.0,-15.556674003601074
1.42,-24.35921859741211,72.15819549560547,0.0,-15.117220878601074
1.46,-24.35921859741211,67.32422637939453,0.0,-14.414093971252441
1.5,-24.988170623779297,62.05083084106445,0.0,-13.359403610229492
1.54,-24.874675750732422,53.876949310302734,0.0,-12.04103946685791
1.56,-24.334522247314453,44.736358642578125,0.0,-10.459003448486328
1.6,-24.334522247314453,35.947265625,0.0,-8.613295555114746
1.6400000000000001,-22.743568420410156,27.94922637939453,0.0,-7.207041263580322
1.68,-21.1871395111084,19.423839569091797,0.0,-5.537142753601074
1.7,-19.262964248657227,10.810587882995605,0.0,-3.9551069736480713
1.74,-19.262964248657227,5.097652912139893,0.0,-2.6367435455322266
1.78,-15.75912094116211,0.26368263363838196,0.0,-1.757834792137146
1.82,-13.069117546081543,-4.130861282348633,0.0,-1.1425986289978027
1.86,-10.148706436157227,-7.6464409828186035,0.0,-0.43947166204452515
1.8800000000000001,-10.148706436157227,-10.458949089050293,0.0,-1.7302845662925392e-05
1.92,-5.446884632110596,-11.689421653747559,0.0,0.17576444149017334
1.94,-2.17739200592041,-11.689421653747559,0.0,0.17576444149017334
1.98,-2.17739200592041,-11.689421653747559,0.0,0.17576444149017334
2.02,2.786876678466797,-11.689421653747559,0.0,0.17576444149017334
2.04,6.051641464233398,-11.689421653747559,0.0,0.17576444149017334
2.08,6.051641464233398,-11.689421653747559,0.0,0.17576444149017334
2.12,10.737565040588379,-11.689421653747559,0.0,0.26365530490875244
2.14,13.639585494995117,-11.689421653747559,0.0,0.17576444149017334
2.18,13.639585494995117,-11.162075996398926,0.0,0.17576444149017334
2.22,17.529783248901367,-9.93160343170166,0.0,0.08787357062101364
2.24,19.746280670166016,-7.822222709655762,0.0,0.08787357062101364
2.2800000000000002,19.746280670166016,-4.130861282348633,0.0,-0.26368993520736694
2.32,22.40448760986328,-0.1757444143295288,0.0,-0.6152534484863281
2.36,23.68440818786621,4.746089458465576,0.0,-1.5820530652999878
2.38,24.54128074645996,8.876988410949707,0.0,-2.6367435455322266
2.42,24.805540084838867,12.832050323486328,0.0,-3.3398704528808594
2.46,24.99889373779297,18.457067489624023,0.0,-4.218779563903809
2.48,24.99889373779297,25.839845657348633,0.0,-5.625033378601074
2.52,24.926761627197266,33.837886810302734,0.0,-7.2949323654174805
2.56,23.522178649902344,40.78129196166992,0.0,-8.26173210144043
2.6,22.17179298400879,48.6914176940918,0.0,-9.755876541137695
2.64,20.417613983154297,56.86524200439453,0.0,-11.074240684509277
2.66,20.417613983154297,63.193382263183594,0.0,-12.304712295532227
2.7,19.398391723632812,68.90625762939453,0.0,-13.183621406555176
2.74,14.483559608459473,72.2461166381836,0.0,-13.798856735229492
2.7600000000000002,11.601435661315918,77.25586700439453,0.0,-14.853547096252441
2.8000000000000003,11.601435661315918,81.12306213378906,0.0,-15.380892753601074
2.84,6.891493320465088,83.9355697631836,0.0,-15.908210754394531
2.88,3.5768918991088867,85.16605377197266,0.0,-16.259775161743164
2.9,0.19295619428157806,86.92386627197266,0.0,-16.523447036743164
2.94,0.19295619428157806,86.92386627197266,0.0,-16.523447036743164
2.98,-4.876628875732422,86.92386627197266,0.0,-16.523447036743164
3.0,-8.160888671875,86.92386627197266,0.0,-16.523447036743164
3.04,-8.160888671875,86.92386627197266,0.0,-16.523447036743164
3.08,-12.791302680969238,86.83594512939453,0.0,-16.523447036743164
3.12,-15.596439361572266,86.92386627197266,0.0,-16.523447036743164
3.14,-18.11362075805664,86.48438262939453,0.0,-16.523447036743164
3.18,-19.2490177154541,85.95703887939453,0.0,-16.523447036743164
3.22,-21.246217727661133,84.19921875,0.0,-16.435556411743164
3.24,-21.246217727661133,80.50785827636719,0.0,-16.259775161743164
3.2800000000000002,-23.489002227783203,76.99222564697266,0.0,-15.996101379394531
3.3200000000000003,-24.439361572265625,72.7734603881836,0.0,-15.380892753601074
3.34,-24.74308204650879,67.67578887939453,0.0,-14.589875221252441
3.38,-24.999549865722656,62.57811737060547,0.0,-13.535184860229492
3.4,-24.78372573852539,54.404296875,0.0,-12.128931045532227
3.44,-24.499176025390625,46.0546875,0.0,-10.634785652160645
3.48,-23.582632064819336,38.847694396972656,0.0,-9.052749633789062
3.52,-22.21706771850586,29.003917694091797,0.0,-7.2949323654174805
3.54,-21.373268127441406,21.269573211669922,0.0,-5.888679027557373
3.58,-19.38292121887207,14.853513717651367,0.0,-4.746124744415283
3.6,-17.020349502563477,8.876988410949707,0.0,-3.603543519973755
3.64,-15.712987899780273,5.273434638977051,0.0,-2.8125252723693848
3.68,-12.876794815063477,2.2852001190185547,0.0,-2.109398365020752
3.7,-9.790511131286621,-1.4062166213989258,0.0,-1.4941622018814087
3.74,-8.171730041503906,-3.5155975818634033,0.0,-1.2304894924163818
3.7800000000000002,-4.821495056152344,-4.130861282348633,0.0,-1.1425986289978027
3.8000000000000003,-1.3748135566711426,-4.746070384979248,0.0,-1.0547077655792236
3.84,0.3640096187591553,-4.746070384979248,0.0,-1.0547077655792236
3.88,3.830604076385498,-4.746070384979248,0.0,-1.0547077655792236
3.9,7.2264299392700195,-4.746070384979248,0.0,-1.0547077655792236
3.94,7.2264299392700195,-4.746070384979248,0.0,-1.0547077655792236
3.98,12.043222427368164,-4.746070384979248,0.0,-1.0547077655792236
4.0200000000000005,14.977856636047363,-4.57028865814209,0.0,-1.0547077655792236
4.04,17.622900009155273,-2.900388717651367,0.0,-1.1425986289978027
4.08,18.82012939453125,-0.8788713812828064,0.0,-1.2304894924163818
4.12,20.93402099609375,2.197281837463379,0.0,-1.5820530652999878
4.14,22.639062881469727,5.537134647369385,0.0,-1.9336165189743042
4.18,22.639062881469727,9.140633583068848,0.0,-2.6367435455322266
4.22,24.356252670288086,12.480486869812012,0.0,-3.2519795894622803
4.26,24.905874252319336,17.226594924926758,0.0,-4.04299783706665
4.28,24.96360969543457,23.642601013183594,0.0,-5.361361026763916
4.32,24.806812286376953,29.97074317932129,0.0,-6.591805934906006
4.36,24.124841690063477,36.386749267578125,0.0,-7.646495819091797
4.38,22.9627742767334,44.824222564697266,0.0,-9.140640258789062
4.42,22.208114624023438,51.855491638183594,0.0,-10.283222198486328
4.46,20.369487762451172,58.44727325439453,0.0,-11.337912559509277
4.48,20.369487762451172,64.95120239257812,0.0,-12.568385124206543
4.5200000000000005,19.294376373291016,71.3672103881836,0.0,-13.623075485229492
4.5600000000000005,14.082782745361328,75.498046875,0.0,-14.501983642578125
4.58,11.021450996398926,79.62894439697266,0.0,-15.205110549926758
4.62,9.402511596679688,83.671875,0.0,-15.908210754394531
4.66,6.028414249420166,86.13282012939453,0.0,-16.435556411743164
4.68,2.5293400287628174,88.85746765136719,0.0,-16.875009536743164
4.72,0.7548521757125854,89.56058502197266,0.0,-17.138683319091797
4.74,-2.7992382049560547,89.64845275878906,0.0,-17.138683319091797
4.78,-2.7992382049560547,89.64845275878906,0.0,-17.226573944091797
4.82,-8.008234977722168,89.64845275878906,0.0,-17.226573944091797
4.86,-11.296224594116211,89.64845275878906,0.0,-17.226573944091797
4.88,-14.357298851013184,89.64845275878906,0.0,-17.226573944091797
4.92,-15.782793998718262,89.64845275878906,0.0,-17.226573944091797
4.96,-18.386737823486328,89.64845275878906,0.0,-17.226573944091797
4.98,-20.616737365722656,89.64845275878906,0.0,-17.226573944091797
5.0200000000000005,-21.576541900634766,88.94532775878906,0.0,-17.226573944091797
5.0600000000000005,-23.16033363342285,85.51760864257812,0.0,-16.875009536743164
5.08,-24.269060134887695,82.08983612060547,0.0,-16.875009536743164
5.12,-24.269060134887695,76.72852325439453,0.0,-16.17188262939453
5.16,-24.99107551574707,72.68553924560547,0.0,-15.46878433227539
5.18,-24.828351974487305,66.62110137939453,0.0,-14.501983642578125
5.22,-24.828351974487305,59.6777458190918,0.0,-13.00783920288086
5.26,-23.62278175354004,51.06449890136719,0.0,-11.425804138183594
5.28,-22.200220108032227,43.769527435302734,0.0,-10.371113777160645
5.32,-22.200220108032227,34.716796875,0.0,-8.34962272644043
5.36,-19.208433151245117,27.5976619720459,0.0,-7.207041263580322
5.4,-16.700714111328125,20.742229461669922,0.0,-5.800815105438232
5.42,-16.700714111328125,15.556640625,0.0,-4.834015846252441
5.46,-12.297371864318848,10.72266960144043,0.0,-4.04299783706665
5.5,-9.022334098815918,8.789070129394531,0.0,-3.691434383392334
5.5200000000000005,-5.554360389709473,8.085943222045898,0.0,-3.4277613162994385
5.5600000000000005,-5.554360389709473,8.085943222045898,0.0,-3.4277613162994385
5.6000000000000005,-0.15011253952980042,8.085943222045898,0.0,-3.4277613162994385
5.64,3.477022171020508,8.085943222045898,0.0,-3.4277613162994385
5.66,7.034057140350342,8.085943222045898,0.0,-3.4277613162994385
5.7,8.762548446655273,8.085943222045898,0.0,-3.4277613162994385
5.74,12.073320388793945,8.085943222045898,0.0,-3.4277613162994385
5.76,15.130402565002441,8.085943222045898,0.0,-3.4277613162994385
5.8,15.130402565002441,8.085943222045898,0.0,-3.4277613162994385
5.84,19.09788703918457,8.437506675720215,0.0,-3.4277613162994385
5.86,21.24692153930664,8.964852333068848,0.0,-3.5156521797180176
5.9,21.24692153930664,10.019542694091797,0.0,-3.603543519973755
5.94,23.608705520629883,12.041060447692871,0.0,-3.779325246810913
5.98,24.55744171142578,14.941431999206543,0.0,-3.9551069736480713
6.0,24.978424072265625,19.687538146972656,0.0,-4.482452392578125
6.04,24.978424072265625,25.13671875,0.0,-5.625033378601074
6.08,24.600311279296875,31.025434494018555,0.0,-6.855478286743164
6.12,23.680850982666016,37.70508575439453,0.0,-7.910168170928955
6.140000000000001,23.680850982666016,45.791046142578125,0.0,-9.228531837463379
6.18,21.346487045288086,52.910179138183594,0.0,-10.546895027160645
6.22,19.20063591003418,60.11722946166992,0.0,-11.77736759185791
6.24,16.634565353393555,66.88479614257812,0.0,-12.91994857788086
6.28,16.634565353393555,73.4765853881836,0.0,-13.974638938903809
6.32,12.119686126708984,79.45316314697266,0.0,-15.117220878601074
6.36,8.76046371459961,83.3203125,0.0,-15.908210754394531
6.38,5.2059550285339355,87.71485137939453,0.0,-16.787120819091797
6.42,3.379560947418213,90.43949890136719,0.0,-17.314464569091797
6.46,-0.3215094208717346,92.4609603881836,0.0,-17.66602897644043
6.48,-4.019021987915039,94.39456176757812,0.0,-17.92970085144043
6.5200000000000005,-5.840896129608154,94.65821075439453,0.0,-18.01759147644043
6.5600000000000005,-9.380400657653809,94.65821075439453,0.0,-18.01759147644043
6.58,-9.380400657653809,94.65821075439453,0.0,-18.01759147644043
6.62,-11.078324317932129,94.65821075439453,0.0,-18.01759147644043
6.66,-14.283110618591309,94.57034301757812,0.0,-18.01759147644043
6.68,-19.685348510742188,94.65821075439453,0.0,-18.01759147644043
6.72,-20.78069305419922,94.57034301757812,0.0,-18.01759147644043
6.74,-22.61924934387207,94.57034301757812,0.0,-18.01759147644043
6.78,-22.61924934387207,93.51565551757812,0.0,-18.01759147644043
6.82,-24.42227554321289,90.61528015136719,0.0,-17.75391960144043
6.86,-24.94636344909668,87.45121002197266,0.0,-17.66602897644043
6.88,-24.910781860351562,83.23245239257812,0.0,-17.226573944091797
6.92,-24.910781860351562,76.81643676757812,0.0,-16.17188262939453
6.96,-23.809757232666016,71.3672103881836,0.0,-15.205110549926758
6.98,-22.399141311645508,65.65432739257812,0.0,-14.238311767578125
7.0200000000000005,-22.399141311645508,56.77737808227539,0.0,-12.568385124206543
7.0600000000000005,-19.344091415405273,48.8671989440918,0.0,-11.074240684509277
7.1000000000000005,-16.746557235717773,42.27540969848633,0.0,-9.843767166137695
7.12,-13.766257286071777,34.62893295288086,0.0,-8.26173210144043
7.16,-12.15311336517334,28.564489364624023,0.0,-7.2949323654174805
7.2,-8.726213455200195,22.412126541137695,0.0,-6.152351379394531
7.24,-5.096990585327148,17.402376174926758,0.0,-5.0976881980896
7.26,-1.3478530645370483,13.886740684509277,0.0,-4.746124744415283
7.3,0.5450215935707092,13.27153205871582,0.0,-4.482452392578125
7.34,4.31318998336792,13.183613777160645,0.0,-4.482452392578125
7.36,7.985804557800293,13.27153205871582,0.0,-4.482452392578125
7.4,9.759657859802246,13.183613777160645,0.0,-4.482452392578125
7.44,13.131059646606445,13.27153205871582,0.0,-4.482452392578125
7.46,16.20258140563965,13.183613777160645,0.0,-4.482452392578125
7.5,17.603126525878906,13.27153205871582,0.0,-4.482452392578125
7.54,20.092613220214844,13.27153205871582,0.0,-4.482452392578125
7.5600000000000005,22.118576049804688,13.27153205871582,0.0,-4.482452392578125
7.6000000000000005,22.942180633544922,13.798823356628418,0.0,-4.482452392578125
7.640000000000001,24.18579864501953,15.380858421325684,0.0,-4.658234119415283
7.66,24.867216110229492,18.10550308227539,0.0,-4.834015846252441
7.7,24.991117477416992,21.533220291137695,0.0,-5.0976881980896
7.74,24.800678253173828,25.312498092651367,0.0,-5.625033378601074
7.76,24.029699325561523,31.201215744018555,0.0,-6.767587661743164
7.8,23.431123733520508,36.73831558227539,0.0,-7.734386444091797
7.84,21.824386596679688,42.89067459106445,0.0,-8.876968383789062
7.86,21.824386596679688,50.18558883666992,0.0,-10.107439994812012
7.9,18.464176177978516,57.04102325439453,0.0,-11.250021934509277
7.94,15.665582656860352,62.841819763183594,0.0,-12.304712295532227
7.96,12.494412422180176,69.25782775878906,0.0,-13.447293281555176
8.0,10.791929244995117,74.267578125,0.0,-14.414093971252441
8.02,7.203060626983643,79.45316314697266,0.0,-15.205110549926758
8.06,5.3378190994262695,83.14453125,0.0,-15.996101379394531
8.1,1.5208053588867188,86.66016387939453,0.0,-16.611337661743164
8.120000000000001,-2.335890531539917,89.82423400878906,0.0,-17.226573944091797
8.16,-4.2504143714904785,91.14262390136719,0.0,-17.49024772644043
8.2,-7.994614124298096,92.373046875,0.0,-17.66602897644043
8.22,-9.801811218261719,93.076171875,0.0,-17.75391960144043
8.26,-13.232019424438477,92.9883041381836,0.0,-17.75391960144043
8.28,-16.34819221496582,92.9883041381836,0.0,-17.75391960144043
8.32,-17.7645263671875,92.9883041381836,0.0,-17.75391960144043
8.36,-20.270462036132812,92.9883041381836,0.0,-17.75391960144043
8.4,-22.29057502746582,92.9883041381836,0.0,-17.75391960144043
8.44,-23.77479362487793,92.9883041381836,0.0,-17.75391960144043
8.46,-24.303747177124023,92.28518676757812,0.0,-17.75391960144043
8.5,-24.918363571166992,90.43949890136719,0.0,-17.578136444091797
8.52,-24.999893188476562,87.80277252197266,0.0,-17.49024772644043
8.56,-24.7078914642334,83.0566635131836,0.0,-17.314464569091797
8.6,-23.81521224975586,78.31055450439453,0.0,-16.523447036743164
8.620000000000001,-23.81521224975586,72.68553924560547,0.0,-15.46878433227539
8.66,-21.39779281616211,66.26953125,0.0,-14.414093971252441
8.700000000000001,-19.122318267822266,60.11722946166992,0.0,-13.09572982788086
8.72,-16.377140045166016,50.88871383666992,0.0,-11.425804138183594
8.76,-16.377140045166016,42.978538513183594,0.0,-10.019549369812012
8.8,-11.525857925415039,36.298831939697266,0.0,-8.701186180114746
8.84,-7.916954517364502,31.025434494018555,0.0,-7.558604717254639
8.86,-7.916954517364502,25.48828125,0.0,-6.767587661743164
8.9,-2.1611902713775635,21.533220291137695,0.0,-6.064460754394531
8.94,1.7669155597686768,19.248056411743164,0.0,-5.449251651763916
8.96,5.6548662185668945,17.753938674926758,0.0,-5.185579299926758
9.0,7.5535664558410645,17.6660213470459,0.0,-5.185579299926758
9.040000000000001,11.201339721679688,17.6660213470459,0.0,-5.185579299926758
9.06,14.574199676513672,17.6660213470459,0.0,-5.185579299926758
9.1,14.574199676513672,17.6660213470459,0.0,-5.185579299926758
9.14,18.93511199951172,17.6660213470459,0.0,-5.185579299926758
9.18,21.26959228515625,17.6660213470459,0.0,-5.185579299926758
9.22,23.074596405029297,18.01758575439453,0.0,-5.185579299926758
9.24,23.074596405029297,19.160194396972656,0.0,-5.273469924926758
9.28,24.69121551513672,21.269573211669922,0.0,-5.449251651763916
9.32,24.99997901916504,23.818382263183594,0.0,-5.712924480438232
9.36,24.680288314819336,28.300790786743164,0.0,-6.2402424812316895
9.38,24.680288314819336,33.837886810302734,0.0,-7.2949323654174805
9.42,24.28614616394043,39.99024963378906,0.0,-8.173840522766113
9.46,21.211999893188477,45.439483642578125,0.0,-9.228531837463379
9.5,18.844913482666016,52.031272888183594,0.0,-10.283222198486328
9.52,18.844913482666016,58.7988395690918,0.0,-11.601585388183594
9.56,14.416304588317871,64.24807739257812,0.0,-12.480494499206543
9.58,10.986177444458008,69.43360900878906,0.0,-13.359403610229492
9.620000000000001,10.986177444458008,74.091796875,0.0,-14.326202392578125
9.66,5.3398661613464355,78.83790588378906,0.0,-15.117220878601074
9.68,1.3806709051132202,81.38676452636719,0.0,-15.556674003601074
9.72,1.3806709051132202,83.9355697631836,0.0,-16.08399200439453
9.76,-4.598892688751221,85.78125,0.0,-16.435556411743164
9.78,-8.463470458984375,86.57230377197266,0.0,-16.611337661743164
9.82,-8.463470458984375,86.74807739257812,0.0,-16.611337661743164
9.86,-13.82919692993164,86.74807739257812,0.0,-16.699228286743164
9.9,-16.98367691040039,86.74807739257812,0.0,-16.699228286743164
9.92,-19.7026424407959,86.74807739257812,0.0,-16.699228286743164
9.96,-19.7026424407959,86.74807739257812,0.0,-16.699228286743164
10.0,-22.811656951904297,86.66016387939453,0.0,-16.699228286743164
10.040000000000001,-24.1577205657959,85.69338989257812,0.0,-16.611337661743164
10.06,-24.877676010131836,84.19921875,0.0,-16.523447036743164
10.1,-24.9958438873291,81.4746322631836,0.0,-16.435556411743164
10.14,-24.743642807006836,77.87113189697266,0.0,-16.259775161743164
10.16,-23.84588623046875,73.38866424560547,0.0,-15.556674003601074
10.200000000000001,-23.161073684692383,68.20313262939453,0.0,-14.677765846252441
10.24,-21.3409366607666,63.105464935302734,0.0,-13.623075485229492
10.26,-18.960174560546875,55.283203125,0.0,-12.304712295532227
10.3,-18.960174560546875,45.878910064697266,0.0,-10.634785652160645
10.34,-14.475019454956055,39.99024963378906,0.0,-9.316422462463379
10.38,-10.988411903381348,33.574241638183594,0.0,-8.173840522766113
10.4,-7.2091546058654785,27.685579299926758,0.0,-7.1191511154174805
10.44,-5.240478515625,22.060564041137695,0.0,-6.152351379394531
10.48,-1.2097581624984741,18.896493911743164,0.0,-5.361361026763916
10.5,2.8564836978912354,15.996122360229492,0.0,-4.921906471252441
10.540000000000001,4.869231224060059,15.205077171325684,0.0,-4.834015846252441
10.58,8.787071228027344,15.205077171325684,0.0,-4.834015846252441
10.620000000000001,8.787071228027344,15.205077171325684,0.0,-4.834015846252441
10.64,10.665993690490723,15.205077171325684,0.0,-4.834015846252441
10.68,17.36041259765625,15.205077171325684,0.0,-4.834015846252441
10.72,20.059011459350586,15.205077171325684,0.0,-4.834015846252441
10.74,22.223356246948242,15.205077171325684,0.0,-4.834015846252441
10.78,22.223356246948242,15.205077171325684,0.0,-4.834015846252441
10.82,24.34248161315918,16.259767532348633,0.0,-4.921906471252441
10.84,24.946020126342773,18.28128433227539,0.0,-5.0097975730896
10.88,24.946020126342773,21.357437133789062,0.0,-5.361361026763916
10.92,24.996641159057617,24.785154342651367,0.0,-5.537142753601074
10.94,23.52501678466797,29.267616271972656,0.0,-6.416024208068848
10.98,23.52501678466797,35.419921875,0.0,-7.558604717254639
11.02,20.742630004882812,41.22072219848633,0.0,-8.43751335144043
11.06,18.171476364135742,46.23047637939453,0.0,-9.404313087463379
11.08,15.104830741882324,53.525390625,0.0,-10.634785652160645
11.120000000000001,13.410879135131836,59.589881896972656,0.0,-11.77736759185791
11.16,9.75869369506836,64.6875,0.0,-12.656275749206543
11.18,9.75869369506836,70.13673400878906,0.0,-13.535184860229492
11.22,3.80873441696167,74.0039291381836,0.0,-14.326202392578125
11.26,-0.31522464752197266,77.60742950439453,0.0,-14.941438674926758
11.28,-4.4340691566467285,80.06837463378906,0.0,-15.293002128601074
11.32,-4.4340691566467285,81.73833465576172,0.0,-15.732429504394531
11.36,-10.356243133544922,82.61717987060547,0.0,-15.908210754394531
11.38,-13.974833488464355,82.79296875,0.0,-15.908210754394531
11.42,-13.974833488464355,82.7051010131836,0.0,-15.908210754394531
11.46,-18.658031463623047,82.7051010131836,0.0,-15.908210754394531
11.48,-21.15651512145996,82.7051010131836,0.0,-15.908210754394531
11.52,-21.15651512145996,82.7051010131836,0.0,-15.908210754394531
11.56,-23.79312515258789,82.7051010131836,0.0,-15.908210754394531
11.58,-24.736839294433594,82.7051010131836,0.0,-15.908210754394531
11.620000000000001,-24.952293395996094,81.6504135131836,0.0,-15.908210754394531
11.66,-24.861812591552734,79.27738189697266,0.0,-15.732429504394531
11.68,-24.078784942626953,76.11331176757812,0.0,-15.732429504394531
11.72,-23.433095932006836,72.2461166381836,0.0,-15.380892753601074
11.76,-21.654842376708984,68.02735137939453,0.0,-14.589875221252441
11.78,-19.269372940063477,63.193382263183594,0.0,-13.535184860229492
11.82,-17.868711471557617,56.07425308227539,0.0,-12.392602920532227
11.86,-14.699779510498047,48.427772521972656,0.0,-10.986349105834961
11.88,-14.699779510498047,41.48442077636719,0.0,-9.667985916137695
11.92,-9.197951316833496,35.683624267578125,0.0,-8.525404930114746
11.96,-5.180235385894775,30.23438835144043,0.0,-7.558604717254639
11.98,-5.180235385894775,25.927762985229492,0.0,-6.679696559906006
12.02,1.0900719165802002,21.621137619018555,0.0,-5.976569652557373
12.06,5.260885238647461,19.511756896972656,0.0,-5.625033378601074
12.08,9.286160469055176,18.54492950439453,0.0,-5.361361026763916
12.120000000000001,9.286160469055176,18.632848739624023,0.0,-5.361361026763916
12.16,14.802306175231934,18.632848739624023,0.0,-5.361361026763916
12.18,17.978343963623047,18.54492950439453,0.0,-5.361361026763916
12.22,17.978343963623047,18.632848739624023,0.0,-5.361361026763916
12.26,21.76198387145996,18.632848739624023,0.0,-5.361361026763916
12.3,23.523818969726562,18.54492950439453,0.0,-5.361361026763916
12.32,23.523818969726562,19.072275161743164,0.0,-5.361361026763916
12.36,24.896085739135742,20.56644630432129,0.0,-5.537142753601074
12.4,24.923194885253906,22.675827026367188,0.0,-5.712924480438232
12.42,24.923194885253906,26.191408157348633,0.0,-5.976569652557373
12.46,23.625865936279297,31.025434494018555,0.0,-6.855478286743164
12.48,21.902706146240234,35.33205795288086,0.0,-7.558604717254639
12.52,21.902706146240234,41.39650344848633,0.0,-8.525404930114746
12.56,18.15032958984375,46.0546875,0.0,-9.404313087463379
12.58,14.97355842590332,52.47075271606445,0.0,-10.459003448486328
12.620000000000001,14.97355842590332,58.886756896972656,0.0,-11.689476013183594
12.66,9.421920776367188,63.281246185302734,0.0,-12.480494499206543
12.700000000000001,5.351736545562744,68.11527252197266,0.0,-13.271512031555176
12.72,1.1224616765975952,72.0703353881836,0.0,-13.886748313903809
12.76,-1.013537883758545,74.88284301757812,0.0,-14.501983642578125
12.8,-5.250413417816162,77.25586700439453,0.0,-14.941438674926758
12.82,-9.337368965148926,78.31055450439453,0.0,-15.029329299926758
12.86,-11.28687858581543,78.31055450439453,0.0,-15.029329299926758
12.9,-14.926140785217285,78.31055450439453,0.0,-15.029329299926758
12.92,-14.926140785217285,78.31055450439453,0.0,-15.029329299926758
12.96,-19.539169311523438,78.31055450439453,0.0,-15.029329299926758
13.0,-21.917097091674805,78.31055450439453,0.0,-15.029329299926758
13.02,-23.651243209838867,77.60742950439453,0.0,-15.029329299926758
13.06,-23.651243209838867,76.72852325439453,0.0,-15.029329299926758
13.1,-24.935462951660156,75.84961700439453,0.0,-15.029329299926758
13.14,-24.8741512298584,73.916015625,0.0,-14.941438674926758
13.16,-24.566204071044922,71.45512390136719,0.0,-14.941438674926758
13.200000000000001,-23.406007766723633,68.99417877197266,0.0,-14.677765846252441
13.22,-21.54954719543457,65.0390625,0.0,-13.886748313903809
13.26,-20.37616729736328,60.11722946166992,0.0,-13.00783920288086
13.3,-17.581802368164062,53.701168060302734,0.0,-11.95314884185791
13.32,-14.260705947875977,45.17578125,0.0,-10.546895027160645
13.36,-12.432685852050781,39.1113395690918,0.0,-9.316422462463379
13.4,-8.509387969970703,34.27737045288086,0.0,-8.26173210144043
13.42,-4.328022003173828,28.38870620727539,0.0,-7.207041263580322
13.46,-2.1793487071990967,23.642601013183594,0.0,-6.3281331062316895
13.5,2.15351939201355,20.65431022644043,0.0,-5.625033378601074
13.52,6.425142288208008,17.753938674926758,0.0,-5.273469924926758
13.56,8.497566223144531,17.4902400970459,0.0,-5.185579299926758
13.6,12.437230110168457,17.578157424926758,0.0,-5.185579299926758
13.620000000000001,16.00450897216797,17.578157424926758,0.0,-5.185579299926758
13.66,17.613983154296875,17.578157424926758,0.0,-5.185579299926758
13.700000000000001,20.42294692993164,17.578157424926758,0.0,-5.185579299926758
13.72,22.614931106567383,17.578157424926758,0.0,-5.185579299926758
13.76,23.457496643066406,17.578157424926758,0.0,-5.185579299926758
13.8,24.60271453857422,18.720712661743164,0.0,-5.185579299926758
13.82,24.99982261657715,20.65431022644043,0.0,-5.449251651763916
13.86,24.99982261657715,23.642601013183594,0.0,-5.712924480438232
13.9,24.16865348815918,27.2460994720459,0.0,-6.064460754394531
13.94,22.685317993164062,31.464860916137695,0.0,-6.943369388580322
13.96,22.685317993164062,37.26565933227539,0.0,-7.910168170928955
14.0,19.175270080566406,43.33010482788086,0.0,-8.876968383789062
14.040000000000001,16.080833435058594,47.98828887939453,0.0,-9.667985916137695
14.06,12.489535331726074,54.31643295288086,0.0,-10.898458480834961
14.1,12.489535331726074,61.34770202636719,0.0,-12.04103946685791
14.14,10.54122257232666,65.74219512939453,0.0,-12.83205795288086
14.18,2.0849955081939697,69.43360900878906,0.0,-13.359403610229492
14.200000000000001,-2.311692714691162,71.98246765136719,0.0,-13.886748313903809
14.24,-4.493000030517578,74.53128051757812,0.0,-14.414093971252441
14.280000000000001,-8.736912727355957,75.93753051757812,0.0,-14.677765846252441
14.3,-12.713004112243652,76.90430450439453,0.0,-14.853547096252441
14.34,-12.713004112243652,76.99222564697266,0.0,-14.853547096252441
14.38,-17.906217575073242,77.08008575439453,0.0,-14.853547096252441
14.42,-20.695646286010742,76.99222564697266,0.0,-14.853547096252441
14.44,-22.841230392456055,76.99222564697266,0.0,-14.941438674926758
14.48,-23.650293350219727,76.99222564697266,0.0,-14.853547096252441
14.52,-24.708227157592773,77.08008575439453,0.0,-14.853547096252441
14.56,-24.992570877075195,76.025390625,0.0,-14.853547096252441
14.58,-24.49254035949707,73.564453125,0.0,-14.853547096252441
14.620000000000001,-23.951751708984375,70.75199890136719,0.0,-14.853547096252441
14.66,-22.308748245239258,67.85157012939453,0.0,-14.414093971252441
14.68,-22.308748245239258,63.720726013183594,0.0,-13.623075485229492
14.72,-18.545194625854492,57.21680450439453,0.0,-12.480494499206543
14.76,-15.28328800201416,50.97657775878906,0.0,-11.337912559509277
14.780000000000001,-15.28328800201416,43.24217987060547,0.0,-10.107439994812012
14.82,-9.514993667602539,36.914093017578125,0.0,-8.789076805114746
14.84,-5.262063026428223,32.43168640136719,0.0,-7.822277545928955
14.88,-3.0629587173461914,28.300790786743164,0.0,-7.1191511154174805
14.9,1.3933528661727905,23.5546817779541,0.0,-6.416024208068848
14.94,1.3933528661727905,21.181655883789062,0.0,-5.800815105438232
14.98,7.957011699676514,18.984411239624023,0.0,-5.537142753601074
15.02,12.048362731933594,18.720712661743164,0.0,-5.449251651763916
15.040000000000001,15.757698059082031,18.720712661743164,0.0,-5.449251651763916
15.08,17.431135177612305,18.720712661743164,0.0,-5.449251651763916
15.120000000000001,20.34773826599121,18.720712661743164,0.0,-5.449251651763916
15.14,22.613445281982422,18.720712661743164,0.0,-5.449251651763916
15.18,22.613445281982422,18.720712661743164,0.0,-5.449251651763916
15.22,24.635089874267578,18.896493911743164,0.0,-5.449251651763916
15.24,24.999046325683594,20.830093383789062,0.0,-5.537142753601074
15.280000000000001,24.878358840942383,22.763690948486328,0.0,-5.712924480438232
15.32,24.03533363342285,26.015625,0.0,-5.800815105438232
15.34,22.41396141052246,29.882823944091797,0.0,-6.679696559906006
15.38,21.3262882232666,34.80471420288086,0.0,-7.470714092254639
15.42,18.639997482299805,39.2871208190918,0.0,-8.085949897766113
15.44,15.346111297607422,44.91213607788086,0.0,-9.228531837463379
15.48,13.50366497039795,51.32814407348633,0.0,-10.195331573486328
15.5,9.502035140991211,55.986331939697266,0.0,-11.162130355834961
15.540000000000001,9.502035140991211,61.96290969848633,0.0,-12.128931045532227
15.58,2.9562361240386963,65.74219512939453,0.0,-12.83205795288086
15.620000000000001,-1.5628888607025146,69.25782775878906,0.0,-13.359403610229492
15.64,-6.034361362457275,71.71876525878906,0.0,-13.798856735229492
15.68,-8.206198692321777,72.9492416381836,0.0,-14.150420188903809
15.72,-12.332674980163574,74.17971801757812,0.0,-14.326202392578125
15.74,-16.05699920654297,74.7070541381836,0.0,-14.414093971252441
15.780000000000001,-17.729129791259766,74.7070541381836,0.0,-14.414093971252441
15.82,-20.623682022094727,74.7070541381836,0.0,-14.414093971252441
15.84,-20.623682022094727,74.7070541381836,0.0,-14.414093971252441
15.88,-21.82183074951172,74.7070541381836,0.0,-14.414093971252441
15.92,-23.669410705566406,74.7070541381836,0.0,-14.414093971252441
15.96,-24.9831485748291,74.267578125,0.0,-14.414093971252441
15.98,-24.402036666870117,72.68553924560547,0.0,-14.414093971252441
16.02,-23.805082321166992,70.48829650878906,0.0,-14.414093971252441
16.06,-22.02201271057129,68.02735137939453,0.0,-14.326202392578125
16.080000000000002,-22.02201271057129,64.3359375,0.0,-13.710967063903809
16.12,-17.99435043334961,59.062538146972656,0.0,-12.83205795288086
16.16,-14.535447120666504,52.47075271606445,0.0,-11.689476013183594
16.2,-10.587862014770508,43.945308685302734,0.0,-10.283222198486328
16.22,-10.587862014770508,37.17774200439453,0.0,-8.876968383789062
16.26,-4.0404744148254395,31.904342651367188,0.0,-7.734386444091797
16.3,0.529312014579773,28.38870620727539,0.0,-7.207041263580322
16.32,5.084811687469482,22.93947410583496,0.0,-6.3281331062316895
16.36,7.309120178222656,21.708999633789062,0.0,-5.976569652557373
16.4,11.55689525604248,20.03910255432129,0.0,-5.800815105438232
16.42,15.417892456054688,20.03910255432129,0.0,-5.712924480438232
16.46,15.417892456054688,20.03910255432129,0.0,-5.712924480438232
16.5,17.16166877746582,20.03910255432129,0.0,-5.712924480438232
16.54,20.201276779174805,20.03910255432129,0.0,-5.712924480438232
16.580000000000002,22.55880355834961,20.03910255432129,0.0,-5.712924480438232
16.62,24.926971435546875,21.357437133789062,0.0,-5.800815105438232
16.64,24.926971435546875,22.675827026367188,0.0,-5.888679027557373
16.68,24.497777938842773,24.873071670532227,0.0,-6.064460754394531
16.7,23.16261100769043,28.12500762939453,0.0,-6.2402424812316895
16.740000000000002,23.16261100769043,32.78325271606445,0.0,-7.207041263580322
16.78,19.69525718688965,37.70508575439453,0.0,-7.910168170928955
16.8,16.520082473754883,42.45119094848633,0.0,-8.789076805114746
16.84,16.520082473754883,48.07620620727539,0.0,-9.755876541137695
16.88,10.729523658752441,53.701168060302734,0.0,-10.722677230834961
16.92,6.375598907470703,59.589881896972656,0.0,-11.77736759185791
16.94,1.7988626956939697,64.7754135131836,0.0,-12.744166374206543
16.98,-0.524075448513031,69.43360900878906,0.0,-13.359403610229492
17.02,-5.138953685760498,71.98246765136719,0.0,-13.974638938903809
17.04,-5.138953685760498,75.41018676757812,0.0,-14.589875221252441
17.080000000000002,-11.686277389526367,78.22269439697266,0.0,-14.941438674926758
17.12,-15.580060005187988,78.31055450439453,0.0,-15.029329299926758
17.14,-18.936256408691406,78.31055450439453,0.0,-15.029329299926758
17.18,-20.375104904174805,78.31055450439453,0.0,-15.029329299926758
17.22,-22.710803985595703,78.31055450439453,0.0,-15.029329299926758
17.240000000000002,-24.25734519958496,78.31055450439453,0.0,-15.029329299926758
17.28,-24.716136932373047,78.31055450439453,0.0,-15.029329299926758
17.32,-24.983531951904297,77.69535064697266,0.0,-15.029329299926758
17.34,-24.7893009185791,76.81643676757812,0.0,-15.029329299926758
17.38,-23.75223731994629,75.84961700439453,0.0,-15.029329299926758
17.400000000000002,-21.882169723510742,74.0039291381836,0.0,-14.941438674926758
17.44,-20.653579711914062,71.5429916381836,0.0,-14.941438674926758
17.48,-17.66214370727539,68.99417877197266,0.0,-14.677765846252441
17.5,-17.66214370727539,65.30276489257812,0.0,-13.974638938903809
17.54,-12.044645309448242,60.64457702636719,0.0,-13.09572982788086
17.580000000000002,-7.736557483673096,54.14065170288086,0.0,-12.128931045532227
17.6,-3.1521151065826416,46.14261245727539,0.0,-10.634785652160645
17.64,-3.1521151065826416,40.78129196166992,0.0,-9.580095291137695
17.68,3.8880460262298584,37.26565933227539,0.0,-8.876968383789062
17.7,8.448288917541504,35.15627670288086,0.0,-8.43751335144043
17.740000000000002,10.627062797546387,32.78325271606445,0.0,-7.998059272766113
17.76,14.684735298156738,32.34376907348633,0.0,-7.910168170928955
17.8,14.684735298156738,32.08012390136719,0.0,-7.822277545928955
17.84,19.756925582885742,32.16798782348633,0.0,-7.822277545928955
17.86,22.284643173217773,32.16798782348633,0.0,-7.822277545928955
17.900000000000002,23.255510330200195,32.16798782348633,0.0,-7.822277545928955
17.94,24.5667724609375,32.16798782348633,0.0,-7.822277545928955
17.96,24.9998836517334,32.08012390136719,0.0,-7.822277545928955
18.0,24.880414962768555,33.574241638183594,0.0,-7.910168170928955
18.04,23.973527908325195,35.15627670288086,0.0,-8.085949897766113
18.06,23.193769454956055,37.35352325439453,0.0,-8.085949897766113
18.1,21.01546287536621,39.63868713378906,0.0,-8.26173210144043
18.12,18.078983306884766,43.154319763183594,0.0,-8.789076805114746
18.16,18.078983306884766,47.46094512939453,0.0,-9.755876541137695
18.2,12.487266540527344,52.558616638183594,0.0,-10.546895027160645
18.240000000000002,8.16244888305664,57.39258575439453,0.0,-11.425804138183594
18.26,3.539045810699463,63.105464935302734,0.0,-12.392602920532227
18.3,1.1672496795654297,66.88479614257812,0.0,-12.91994857788086
18.32,-3.589151382446289,69.34574127197266,0.0,-13.359403610229492
18.36,-3.589151382446289,71.10356140136719,0.0,-13.798856735229492
18.400000000000002,-10.432840347290039,72.2461166381836,0.0,-13.974638938903809
18.44,-14.558704376220703,73.21288299560547,0.0,-14.238311767578125
18.46,-18.156810760498047,73.38866424560547,0.0,-14.238311767578125
18.5,-19.715660095214844,73.38866424560547,0.0,-14.238311767578125
18.54,-22.280807495117188,73.38866424560547,0.0,-14.238311767578125
18.56,-24.032485961914062,73.38866424560547,0.0,-14.238311767578125
18.6,-24.581418991088867,73.38866424560547,0.0,-14.238311767578125
18.64,-24.99907684326172,73.38866424560547,0.0,-14.238311767578125
18.66,-24.99907684326172,73.38866424560547,0.0,-14.238311767578125
18.7,-23.908275604248047,71.19142150878906,0.0,-14.238311767578125
18.740000000000002,-22.072288513183594,68.90625762939453,0.0,-14.238311767578125
18.76,-19.421236038208008,65.83010864257812,0.0,-13.974638938903809
18.8,-19.421236038208008,61.52348327636719,0.0,-13.271512031555176
18.84,-14.134065628051758,54.931644439697266,0.0,-12.216821670532227
18.86,-9.923457145690918,48.5156364440918,0.0,-10.898458480834961
18.900000000000002,-7.668789386749268,42.978538513183594,0.0,-9.931658744812012
18.94,-2.9647655487060547,37.52930450439453,0.0,-8.876968383789062
18.96,-2.9647655487060547,33.04689407348633,0.0,-7.910168170928955
19.0,4.248246669769287,29.531261444091797,0.0,-7.3828229904174805
19.04,8.900899887084961,26.279325485229492,0.0,-6.855478286743164
19.080000000000002,8.900899887084961,24.257808685302734,0.0,-6.416024208068848
19.1,17.058847427368164,23.46681785583496,0.0,-6.416024208068848
19.14,18.745759963989258,23.46681785583496,0.0,-6.416024208068848
19.18,21.579927444458008,23.46681785583496,0.0,-6.416024208068848
19.2,23.607603073120117,23.46681785583496,0.0,-6.416024208068848
19.240000000000002,23.607603073120117,23.5546817779541,0.0,-6.416024208068848
19.28,24.9755859375,23.642601013183594,0.0,-6.416024208068848
19.32,24.71904182434082,24.082027435302734,0.0,-6.416024208068848
19.34,23.531391143798828,26.191408157348633,0.0,-6.591805934906006
19.38,22.600419998168945,29.179697036743164,0.0,-6.767587661743164
19.42,20.106908798217773,32.69533157348633,0.0,-7.207041263580322
19.44,20.106908798217773,37.79300308227539,0.0,-7.910168170928955
19.48,14.975235939025879,42.18754577636719,0.0,-8.701186180114746
19.52,10.813090324401855,46.23047637939453,0.0,-9.404313087463379
19.54,6.237740516662598,52.38283157348633,0.0,-10.546895027160645
19.580000000000002,6.237740516662598,57.30472183227539,0.0,-11.513693809509277
19.62,-1.018902063369751,61.96290969848633,0.0,-12.216821670532227
19.66,-5.851208209991455,64.7754135131836,0.0,-12.744166374206543
19.68,-5.851208209991455,67.23636627197266,0.0,-13.09572982788086
19.72,-8.196303367614746,68.46683502197266,0.0,-13.183621406555176
19.76,-16.588552474975586,68.37891387939453,0.0,-13.183621406555176
19.78,-19.912952423095703,68.37891387939453,0.0,-13.183621406555176
19.82,-19.912952423095703,68.37891387939453,0.0,-13.183621406555176
19.86,-21.296852111816406,68.37891387939453,0.0,-13.183621406555176
19.88,-24.685714721679688,68.37891387939453,0.0,-13.183621406555176
19.92,-24.954238891601562,68.37891387939453,0.0,-13.183621406555176
19.94,-24.769067764282227,68.37891387939453,0.0,-13.183621406555176
19.98,-24.316638946533203,67.76371002197266,0.0,-13.183621406555176
20.02,-22.712621688842773,66.26953125,0.0,-13.183621406555176
20.04,-22.712621688842773,63.105464935302734,0.0,-13.00783920288086
20.080000000000002,-18.68754768371582,58.27149200439453,0.0,-12.656275749206543
20.12,-15.073531150817871,53.701168060302734,0.0,-11.865257263183594
20.14,-10.87255573272705,46.494171142578125,0.0,-10.546895027160645
20.18,-10.87255573272705,40.60551071166992,0.0,-9.404313087463379
20.22,-3.829439401626587,36.035186767578125,0.0,-8.525404930114746
20.240000000000002,1.0953046083450317,30.849651336669922,0.0,-7.558604717254639
20.28,3.5550148487091064,28.12500762939453,0.0,-7.1191511154174805
20.32,8.349129676818848,24.521509170532227,0.0,-6.591805934906006
20.34,12.820631980895996,23.46681785583496,0.0,-6.3281331062316895
20.38,14.8798828125,23.29103660583496,0.0,-6.2402424812316895
20.42,18.543949127197266,23.29103660583496,0.0,-6.2402424812316895
20.44,18.543949127197266,23.29103660583496,0.0,-6.2402424812316895
20.48,20.112462997436523,23.29103660583496,0.0,-6.2402424812316895
20.52,24.28915786743164,23.29103660583496,0.0,-6.2402424812316895
20.56,24.97964096069336,24.169944763183594,0.0,-6.3281331062316895
20.580000000000002,24.956451416015625,25.22463607788086,0.0,-6.416024208068848
20.6,24.17304039001465,26.894535064697266,0.0,-6.591805934906006
20.64,23.4200382232666,29.882823944091797,0.0,-6.679696559906006
20.68,21.22735595703125,33.04689407348633,0.0,-7.2949323654174805
20.7,18.19349479675293,37.52930450439453,0.0,-7.910168170928955
20.740000000000002,18.19349479675293,42.27540969848633,0.0,-8.701186180114746
20.78,12.332560539245605,46.582035064697266,0.0,-9.492203712463379
20.82,7.77579402923584,51.59184265136719,0.0,-10.371113777160645
20.84,2.906716823577881,57.04102325439453,0.0,-11.337912559509277
20.88,0.41512370109558105,60.64457702636719,0.0,-12.04103946685791
20.92,-4.55821418762207,63.6328125,0.0,-12.568385124206543
20.94,-4.55821418762207,66.26953125,0.0,-12.91994857788086
20.98,-11.623374938964844,67.32422637939453,0.0,-13.09572982788086
21.02,-15.79507827758789,67.50000762939453,0.0,-13.09572982788086
21.04,-19.33735466003418,67.50000762939453,0.0,-13.09572982788086
21.080000000000002,-19.33735466003418,67.50000762939453,0.0,-13.09572982788086
21.12,-23.165210723876953,67.50000762939453,0.0,-13.09572982788086
21.16,-24.574827194213867,67.50000762939453,0.0,-13.09572982788086
21.18,-24.574827194213867,67.50000762939453,0.0,-13.09572982788086
21.22,-24.91136932373047,67.50000762939453,0.0,-13.09572982788086
21.26,-23.746807098388672,67.32422637939453,0.0,-13.09572982788086
21.28,-23.746807098388672,64.5996322631836,0.0,-13.00783920288086
21.32,-20.347068786621094,60.82035446166992,0.0,-12.91994857788086
21.36,-17.027732849121094,55.986331939697266,0.0,-12.304712295532227
21.38,-17.027732849121094,49.74610900878906,0.0,-11.074240684509277
21.42,-15.098987579345703,43.769527435302734,0.0,-10.107439994812012
21.46,-10.800220489501953,37.79300308227539,0.0,-8.876968383789062
21.48,-1.0699254274368286,31.464860916137695,0.0,-7.558604717254639
21.52,1.4555805921554565,26.191408157348633,0.0,-6.767587661743164
21.56,6.438985347747803,20.56644630432129,0.0,-5.800815105438232
21.580000000000002,11.163113594055176,17.226594924926758,0.0,-5.0976881980896
21.62,11.163113594055176,14.853513717651367,0.0,-4.834015846252441
21.66,17.344369888305664,15.46877670288086,0.0,-4.834015846252441
21.7,20.61444091796875,15.380858421325684,0.0,-4.834015846252441
21.72,23.041484832763672,15.380858421325684,0.0,-4.834015846252441
21.76,23.041484832763672,15.380858421325684,0.0,-4.834015846252441
21.8,23.905710220336914,15.380858421325684,0.0,-4.834015846252441
21.82,24.850643157958984,15.380858421325684,0.0,-4.834015846252441
21.86,24.445362091064453,15.380858421325684,0.0,-4.834015846252441
21.900000000000002,22.883087158203125,15.380858421325684,0.0,-4.834015846252441
21.92,20.374832153320312,16.787113189697266,0.0,-4.921906471252441
21.96,20.374832153320312,19.423839569091797,0.0,-5.0097975730896
22.0,15.071106910705566,22.412126541137695,0.0,-5.273469924926758
22.04,10.718831062316895,25.839845657348633,0.0,-5.712924480438232
22.06,10.718831062316895,31.201215744018555,0.0,-6.855478286743164
22.1,3.4123566150665283,36.562530517578125,0.0,-7.734386444091797
22.12,-1.6833115816116333,40.95707321166992,0.0,-8.525404930114746
22.16,-1.6833115816116333,44.91213607788086,0.0,-9.316422462463379
22.2,-9.136065483093262,49.2187614440918,0.0,-9.931658744812012
22.240000000000002,-13.674858093261719,51.15236282348633,0.0,-10.283222198486328
22.26,-17.645381927490234,53.43752670288086,0.0,-10.634785652160645
22.3,-19.364151000976562,53.789085388183594,0.0,-10.810566902160645
22.34,-22.17775535583496,54.14065170288086,0.0,-10.898458480834961
22.36,-24.06340980529785,54.14065170288086,0.0,-10.898458480834961
22.400000000000002,-24.631296157836914,54.14065170288086,0.0,-10.898458480834961
22.44,-24.986042022705078,54.14065170288086,0.0,-10.898458480834961
22.46,-24.986042022705078,54.14065170288086,0.0,-10.898458480834961
22.5,-23.554288864135742,54.14065170288086,0.0,-10.898458480834961
22.54,-21.346052169799805,51.94340896606445,0.0,-10.722677230834961
22.56,-18.23509407043457,48.779335021972656,0.0,-10.722677230834961
22.6,-18.23509407043457,45.878910064697266,0.0,-10.371113777160645
22.64,-16.380247116088867,41.57228469848633,0.0,-9.667985916137695
22.68,-7.439241886138916,37.17774200439453,0.0,-8.876968383789062
22.72,-2.390718698501587,32.08012390136719,0.0,-7.822277545928955
22.76,0.18659253418445587,26.542972564697266,0.0,-6.855478286743164
22.78,2.7628016471862793,21.00587272644043,0.0,-5.888679027557373
22.82,10.211709022521973,18.19336700439453,0.0,-5.361361026763916
22.86,14.681004524230957,17.8418025970459,0.0,-5.185579299926758
22.88,18.526655197143555,17.4902400970459,0.0,-5.0976881980896
22.92,20.162620544433594,17.4902400970459,0.0,-5.0976881980896
22.96,22.772315979003906,17.4902400970459,0.0,-5.0976881980896
22.98,24.408374786376953,17.4902400970459,0.0,-5.0976881980896
23.02,24.837018966674805,17.4902400970459,0.0,-5.0976881980896
23.04,24.891189575195312,17.4902400970459,0.0,-5.0976881980896
23.080000000000002,24.891189575195312,18.984411239624023,0.0,-5.185579299926758
23.12,22.97782325744629,20.39066505432129,0.0,-5.273469924926758
23.16,20.449420928955078,23.02739143371582,0.0,-5.449251651763916
23.18,17.037395477294922,26.718753814697266,0.0,-5.712924480438232
23.22,15.044159889221191,30.23438835144043,0.0,-6.679696559906006
23.26,10.590021133422852,34.716796875,0.0,-7.470714092254639
23.28,8.177101135253906,39.4629020690918,0.0,-8.173840522766113
23.32,3.109633684158325,43.24217987060547,0.0,-8.876968383789062
23.34,-2.0960867404937744,46.582035064697266,0.0,-9.580095291137695
23.38,-4.68023681640625,49.65824508666992,0.0,-10.019549369812012
23.400000000000002,-9.67059326171875,51.50392532348633,0.0,-10.283222198486328
23.44,-12.022263526916504,52.11918640136719,0.0,-10.459003448486328
23.48,-16.31001853942871,52.734397888183594,0.0,-10.546895027160645
23.5,-16.31001853942871,52.734397888183594,0.0,-10.634785652160645
23.54,-18.198972702026367,52.734397888183594,0.0,-10.634785652160645
23.580000000000002,-23.595996856689453,52.734397888183594,0.0,-10.634785652160645
23.62,-24.79817008972168,52.734397888183594,0.0,-10.634785652160645
23.64,-24.914836883544922,51.67970657348633,0.0,-10.634785652160645
23.68,-24.561939239501953,50.18558883666992,0.0,-10.459003448486328
23.7,-23.051664352416992,47.90042495727539,0.0,-10.371113777160645
23.740000000000002,-21.91037940979004,45.966827392578125,0.0,-10.283222198486328
23.76,-18.917007446289062,42.18754577636719,0.0,-9.843767166137695
23.8,-17.097482681274414,39.375038146972656,0.0,-9.228531837463379
23.84,-12.911974906921387,35.50783920288086,0.0,-8.34962272644043
23.86,-8.153833389282227,28.47657012939453,0.0,-7.207041263580322
23.900000000000002,-5.624607086181641,22.324264526367188,0.0,-6.064460754394531
23.92,-0.4052518904209137,17.6660213470459,0.0,-5.0097975730896
23.96,2.2270612716674805,12.919968605041504,0.0,-4.482452392578125
23.98,7.391122341156006,10.986369132995605,0.0,-4.04299783706665
24.02,7.391122341156006,10.634805679321289,0.0,-3.9551069736480713
24.060000000000002,14.460538864135742,10.634805679321289,0.0,-3.9551069736480713
24.080000000000002,18.415828704833984,10.634805679321289,0.0,-3.867216110229492
24.12,18.415828704833984,10.634805679321289,0.0,-3.867216110229492
24.18,20.096773147583008,10.634805679321289,0.0,-3.867216110229492
24.2,24.854328155517578,10.634805679321289,0.0,-3.867216110229492
24.240000000000002,24.99994468688965,10.634805679321289,0.0,-3.867216110229492
24.28,24.451648712158203,10.634805679321289,0.0,-3.867216110229492
24.3,24.451648712158203,10.634805679321289,0.0,-3.867216110229492
24.34,21.595539093017578,10.898451805114746,0.0,-3.867216110229492
24.38,18.457111358642578,12.480486869812012,0.0,-4.04299783706665
24.400000000000002,18.457111358642578,15.46877670288086,0.0,-4.218779563903809
24.44,12.244367599487305,18.720712661743164,0.0,-4.306670665740967
24.48,7.3687028884887695,22.763690948486328,0.0,-5.0976881980896
24.5,7.3687028884887695,28.12500762939453,0.0,-6.2402424812316895
24.54,-3.1544272899627686,34.101585388183594,0.0,-7.3828229904174805
24.580000000000002,-5.773164749145508,37.70508575439453,0.0,-7.910168170928955
24.62,-10.787795066833496,40.42972946166992,0.0,-8.34962272644043
24.64,-10.787795066833496,42.53911209106445,0.0,-8.613295555114746
24.68,-17.33401107788086,42.978538513183594,0.0,-8.701186180114746
24.72,-20.757369995117188,42.89067459106445,0.0,-8.789076805114746
24.740000000000002,-23.239511489868164,42.89067459106445,0.0,-8.789076805114746
24.78,-24.089921951293945,42.89067459106445,0.0,-8.789076805114746
24.82,-24.959680557250977,42.89067459106445,0.0,-8.789076805114746
24.84,-24.691770553588867,42.89067459106445,0.0,-8.789076805114746
24.88,-24.13227081298828,42.89067459106445,0.0,-8.789076805114746
24.92,-22.19276237487793,42.53911209106445,0.0,-8.789076805114746
24.94,-19.236562728881836,41.04493713378906,0.0,-8.701186180114746
24.98,-17.417219161987305,38.9355583190918,0.0,-8.613295555114746
25.02,-13.199252128601074,36.298831939697266,0.0,-8.43751335144043
25.04,-8.372600555419922,30.761734008789062,0.0,-7.470714092254639
25.080000000000002,-5.799126625061035,26.455108642578125,0.0,-6.767587661743164
25.12,-0.47943276166915894,20.742229461669922,0.0,-5.712924480438232
25.14,4.865814685821533,16.171903610229492,0.0,-4.921906471252441
25.18,7.470763206481934,14.326168060302734,0.0,-4.570343017578125
25.22,12.39470100402832,13.535177230834961,0.0,-4.482452392578125
25.240000000000002,16.749086380004883,13.447314262390137,0.0,-4.482452392578125
25.28,18.648109436035156,13.447314262390137,0.0,-4.482452392578125
25.32,21.778913497924805,13.447314262390137,0.0,-4.482452392578125
25.34,21.778913497924805,13.447314262390137,0.0,-4.482452392578125
25.38,24.552324295043945,13.447314262390137,0.0,-4.482452392578125
25.42,24.99125099182129,13.447314262390137,0.0,-4.482452392578125
25.44,24.99125099182129,13.447314262390137,0.0,-4.482452392578125
25.48,23.478260040283203,15.380858421325684,0.0,-4.570343017578125
25.52,21.087236404418945,16.787113189697266,0.0,-4.570343017578125
25.54,21.087236404418945,20.12696647644043,0.0,-4.658234119415283
25.580000000000002,19.51338005065918,23.115253448486328,0.0,-5.185579299926758
25.6,11.14940357208252,27.158235549926758,0.0,-5.976569652557373
25.64,8.663061141967773,32.16798782348633,0.0,-7.031260013580322
25.68,3.4130053520202637,37.001956939697266,0.0,-7.822277545928955
25.7,-2.000558614730835,42.09962844848633,0.0,-8.701186180114746
25.740000000000002,-2.000558614730835,45.3515625,0.0,-9.316422462463379
25.78,-9.872498512268066,47.19729995727539,0.0,-9.667985916137695
25.8,-14.594385147094727,49.13090133666992,0.0,-9.931658744812012
25.86,-14.594385147094727,49.306678771972656,0.0,-9.931658744812012
25.88,-20.33184051513672,49.306678771972656,0.0,-9.931658744812012
25.92,-22.99454689025879,49.306678771972656,0.0,-9.931658744812012
25.94,-24.57174301147461,49.306678771972656,0.0,-10.019549369812012
25.98,-24.92716407775879,49.306678771972656,0.0,-9.931658744812012
26.02,-24.74917984008789,49.306678771972656,0.0,-9.931658744812012
26.04,-24.74917984008789,48.8671989440918,0.0,-9.931658744812012
26.080000000000002,-24.21731185913086,46.494171142578125,0.0,-9.843767166137695
26.12,-19.317604064941406,43.945308685302734,0.0,-9.755876541137695
26.16,-15.415995597839355,41.22072219848633,0.0,-9.492203712463379
26.18,-10.777280807495117,37.17774200439453,0.0,-8.789076805114746
26.22,-8.249104499816895,32.51955032348633,0.0,-7.822277545928955
26.26,-2.9254438877105713,26.806673049926758,0.0,-7.031260013580322
26.28,2.5414810180664062,20.47852897644043,0.0,-5.800815105438232
26.32,5.246931076049805,16.875030517578125,0.0,-5.0097975730896
26.36,10.43959903717041,14.50195026397705,0.0,-4.658234119415283
26.38,10.43959903717041,14.150386810302734,0.0,-4.570343017578125
26.42,17.224029541015625,14.062522888183594,0.0,-4.570343017578125
26.46,20.758901596069336,14.062522888183594,0.0,-4.570343017578125
26.48,20.758901596069336,14.062522888183594,0.0,-4.570343017578125
26.52,24.15172576904297,14.062522888183594,0.0,-4.570343017578125
26.560000000000002,24.97878646850586,14.062522888183594,0.0,-4.570343017578125
26.580000000000002,24.97878646850586,14.062522888183594,0.0,-4.570343017578125
26.62,23.962230682373047,14.150386810302734,0.0,-4.570343017578125
26.64,21.824169158935547,15.46877670288086,0.0,-4.658234119415283
26.68,20.349868774414062,17.050811767578125,0.0,-4.746124744415283
26.72,16.67879867553711,19.511756896972656,0.0,-4.834015846252441
26.740000000000002,16.67879867553711,23.46681785583496,0.0,-5.273469924926758
26.78,9.716699600219727,27.4218807220459,0.0,-6.064460754394531
26.82,4.43174934387207,32.16798782348633,0.0,-7.031260013580322
26.84,-1.0722802877426147,37.44144058227539,0.0,-7.822277545928955
26.88,-3.8228399753570557,41.30863952636719,0.0,-8.525404930114746
26.92,-9.15322494506836,43.417964935302734,0.0,-8.876968383789062
26.94,-9.15322494506836,45.791046142578125,0.0,-9.404313087463379
26.98,-16.24094009399414,46.93360137939453,0.0,-9.580095291137695
27.02,-20.0224552154541,47.10938262939453,0.0,-9.667985916137695
27.04,-22.82544708251953,47.10938262939453,0.0,-9.667985916137695
27.080000000000002,-22.82544708251953,47.10938262939453,0.0,-9.667985916137695
27.12,-24.90509033203125,47.10938262939453,0.0,-9.667985916137695
27.16,-24.772464752197266,47.10938262939453,0.0,-9.667985916137695
27.18,-24.772464752197266,47.10938262939453,0.0,-9.667985916137695
27.22,-24.24634552001953,45.3515625,0.0,-9.580095291137695
27.26,-19.2635498046875,43.681663513183594,0.0,-9.492203712463379
27.3,-15.268754959106445,41.57228469848633,0.0,-9.404313087463379
27.32,-12.973546981811523,38.5839958190918,0.0,-9.052749633789062
27.36,-7.928579330444336,35.419921875,0.0,-8.34962272644043
27.38,-7.928579330444336,28.47657012939453,0.0,-7.207041263580322
27.42,0.29741770029067993,24.169944763183594,0.0,-6.416024208068848
27.46,5.824725151062012,20.12696647644043,0.0,-5.712924480438232
27.48,11.06611442565918,16.875030517578125,0.0,-5.0976881980896
27.52,13.497052192687988,15.820340156555176,0.0,-4.921906471252441
27.560000000000002,17.82743263244629,15.556640625,0.0,-4.834015846252441
27.580000000000002,21.272001266479492,15.556640625,0.0,-4.834015846252441
27.62,22.60590171813965,15.556640625,0.0,-4.834015846252441
27.64,24.412382125854492,15.556640625,0.0,-4.834015846252441
27.68,24.412382125854492,15.556640625,0.0,-4.834015846252441
27.72,24.823280334472656,15.556640625,0.0,-4.834015846252441
27.76,23.541278839111328,15.556640625,0.0,-4.834015846252441
27.78,21.077720642089844,17.3144588470459,0.0,-4.921906471252441
27.82,19.43863868713379,19.511756896972656,0.0,-5.0097975730896
27.86,15.447623252868652,22.412126541137695,0.0,-5.0976881980896
27.88,15.447623252868652,26.367189407348633,0.0,-5.800815105438232
27.92,8.072484970092773,31.201215744018555,0.0,-6.855478286743164
27.96,2.5892834663391113,35.947265625,0.0,-7.646495819091797
27.98,-3.0280232429504395,40.51759338378906,0.0,-8.34962272644043
28.02,-5.798234939575195,43.417964935302734,0.0,-8.789076805114746
28.060000000000002,-11.08639907836914,45.3515625,0.0,-9.316422462463379
28.1,-15.816505432128906,47.10938262939453,0.0,-9.580095291137695
28.14,-19.74769401550293,47.90042495727539,0.0,-9.667985916137695
28.16,-19.74769401550293,47.90042495727539,0.0,-9.667985916137695
28.2,-23.720184326171875,47.90042495727539,0.0,-9.667985916137695
28.240000000000002,-24.88649559020996,47.90042495727539,0.0,-9.667985916137695
28.26,-24.786293029785156,47.90042495727539,0.0,-9.667985916137695
28.3,-24.25956153869629,47.90042495727539,0.0,-9.667985916137695
28.34,-22.284963607788086,46.23047637939453,0.0,-9.667985916137695
28.36,-22.284963607788086,44.38479232788086,0.0,-9.492203712463379
28.400000000000002,-17.233423233032227,42.36332702636719,0.0,-9.492203712463379
28.44,-12.720849990844727,39.726600646972656,0.0,-9.228531837463379
28.46,-12.720849990844727,35.683624267578125,0.0,-8.43751335144043
28.5,-10.203246116638184,29.531261444091797,0.0,-7.2949323654174805
28.54,-4.8060760498046875,24.785154342651367,0.0,-6.416024208068848
28.560000000000002,6.4486260414123535,18.632848739624023,0.0,-5.449251651763916
28.6,9.146790504455566,14.67773151397705,0.0,-4.834015846252441
28.64,14.157817840576172,12.480486869812012,0.0,-4.394561290740967
28.66,18.441930770874023,11.865278244018555,0.0,-4.306670665740967
28.7,18.441930770874023,11.865278244018555,0.0,-4.218779563903809
28.740000000000002,23.03131103515625,11.865278244018555,0.0,-4.306670665740967
28.78,24.633018493652344,11.865278244018555,0.0,-4.218779563903809
28.8,24.633018493652344,11.865278244018555,0.0,-4.218779563903809
28.84,24.636884689331055,11.865278244018555,0.0,-4.218779563903809
28.88,23.03667449951172,11.865278244018555,0.0,-4.218779563903809
28.900000000000002,20.23877716064453,11.865278244018555,0.0,-4.218779563903809
28.94,18.433210372924805,12.568405151367188,0.0,-4.306670665740967
28.98,14.125143051147461,14.326168060302734,0.0,-4.394561290740967
29.0,14.125143051147461,16.875030517578125,0.0,-4.482452392578125
29.04,6.358681678771973,20.03910255432129,0.0,-4.570343017578125
29.080000000000002,0.7036489844322205,23.642601013183594,0.0,-5.273469924926758
29.1,-4.9916205406188965,28.212926864624023,0.0,-6.2402424812316895
29.14,-7.760908603668213,31.728561401367188,0.0,-7.031260013580322
29.18,-12.961119651794434,34.892578125,0.0,-7.470714092254639
29.2,-12.961119651794434,37.08987808227539,0.0,-7.734386444091797
29.240000000000002,-19.416831970214844,37.96878433227539,0.0,-7.822277545928955
29.28,-22.492727279663086,38.05664825439453,0.0,-7.822277545928955
29.32,-24.387489318847656,38.05664825439453,0.0,-7.822277545928955
29.34,-24.387489318847656,38.05664825439453,0.0,-7.822277545928955
29.38,-24.857494354248047,38.05664825439453,0.0,-7.822277545928955
29.42,-23.454153060913086,37.96878433227539,0.0,-7.822277545928955
29.46,-20.858272552490234,37.001956939697266,0.0,-7.822277545928955
29.48,-20.858272552490234,34.27737045288086,0.0,-7.558604717254639
29.52,-19.135217666625977,29.61918067932129,0.0,-7.470714092254639
29.560000000000002,-14.951654434204102,26.455108642578125,0.0,-6.943369388580322
29.6,-4.462906360626221,21.269573211669922,0.0,-5.800815105438232
29.64,-4.462906360626221,15.205077171325684,0.0,-4.834015846252441
29.68,-1.5985910892486572,11.953142166137695,0.0,-4.218779563903809
29.7,9.697054862976074,10.72266960144043,0.0,-4.04299783706665
29.740000000000002,14.722689628601074,10.810587882995605,0.0,-4.04299783706665
29.76,18.965993881225586,10.810587882995605,0.0,-4.04299783706665
29.8,20.72104263305664,10.810587882995605,0.0,-4.04299783706665
29.84,23.379474639892578,10.810587882995605,0.0,-4.04299783706665
29.86,24.788528442382812,10.810587882995605,0.0,-4.04299783706665
29.900000000000002,24.99748992919922,10.810587882995605,0.0,-4.04299783706665
29.94,24.408754348754883,10.810587882995605,0.0,-4.04299783706665
29.96,22.509607315063477,10.810587882995605,0.0,-4.04299783706665
30.0,21.09713363647461,11.865278244018555,0.0,-4.04299783706665
30.04,17.439992904663086,13.623095512390137,0.0,-4.218779563903809
30.060000000000002,12.84175968170166,16.347684860229492,0.0,-4.482452392578125
30.1,10.26498794555664,19.775402069091797,0.0,-4.570343017578125
30.14,4.729157447814941,23.818382263183594,0.0,-5.361361026763916
30.16,4.729157447814941,28.916053771972656,0.0,-6.3281331062316895
30.2,1.844832181930542,33.662105560302734,0.0,-7.207041263580322
30.240000000000002,-9.558012008666992,36.562530517578125,0.0,-7.646495819091797
30.28,-14.639659881591797,38.496131896972656,0.0,-7.910168170928955
30.3,-18.930442810058594,38.7597770690918,0.0,-7.910168170928955
30.36,-18.930442810058594,38.7597770690918,0.0,-7.998059272766113
30.38,-20.70398712158203,38.7597770690918,0.0,-7.910168170928955
30.42,-24.796972274780273,38.7597770690918,0.0,-7.998059272766113
30.46,-24.858604431152344,38.7597770690918,0.0,-7.910168170928955
30.48,-23.564802169799805,38.7597770690918,0.0,-7.910168170928955
30.52,-22.4280948638916,38.7597770690918,0.0,-7.910168170928955
30.560000000000002,-19.25127410888672,36.73831558227539,0.0,-7.822277545928955
30.580000000000002,-15.01965618133545,32.871116638183594,0.0,-7.646495819091797
30.62,-12.578156471252441,28.828134536743164,0.0,-7.2949323654174805
30.66,-7.21015739440918,24.609371185302734,0.0,-6.503914833068848
30.68,-4.357216835021973,19.072275161743164,0.0,-5.537142753601074
30.72,1.4911352396011353,15.644558906555176,0.0,-4.834015846252441
30.76,7.261020183563232,12.919968605041504,0.0,-4.482452392578125
30.78,12.634808540344238,12.216841697692871,0.0,-4.306670665740967
30.82,15.079150199890137,12.216841697692871,0.0,-4.306670665740967
30.86,19.313430786132812,12.216841697692871,0.0,-4.306670665740967
30.900000000000002,22.484317779541016,12.216841697692871,0.0,-4.306670665740967
30.92,23.613069534301758,12.216841697692871,0.0,-4.306670665740967
30.96,24.87773895263672,12.216841697692871,0.0,-4.306670665740967
30.98,24.76601791381836,12.216841697692871,0.0,-4.306670665740967
31.02,24.192169189453125,12.216841697692871,0.0,-4.306670665740967
31.060000000000002,22.046756744384766,13.27153205871582,0.0,-4.394561290740967
31.080000000000002,18.675973892211914,15.732421875,0.0,-4.482452392578125
31.12,16.586515426635742,18.457067489624023,0.0,-4.746124744415283
31.16,11.743653297424316,21.621137619018555,0.0,-4.921906471252441
31.18,11.743653297424316,26.015625,0.0,-5.712924480438232
31.220000000000002,3.342191696166992,31.025434494018555,0.0,-6.855478286743164
31.26,-2.5629477500915527,36.123050689697266,0.0,-7.646495819091797
31.28,-8.328415870666504,41.04493713378906,0.0,-8.43751335144043
31.32,-11.05716609954834,43.593746185302734,0.0,-8.964859008789062
31.36,-16.015209197998047,46.582035064697266,0.0,-9.404313087463379
31.38,-20.078937530517578,47.98828887939453,0.0,-9.755876541137695
31.42,-21.701396942138672,48.3398551940918,0.0,-9.843767166137695
31.46,-24.01235580444336,48.251991271972656,0.0,-9.843767166137695
31.5,-24.97538185119629,48.251991271972656,0.0,-9.843767166137695
31.52,-24.97538185119629,48.251991271972656,0.0,-9.843767166137695
31.560000000000002,-22.710256576538086,48.251991271972656,0.0,-9.843767166137695
31.6,-22.710256576538086,48.251991271972656,0.0,-9.843767166137695
31.64,-17.622957229614258,47.81250762939453,0.0,-9.843767166137695
31.68,-12.939592361450195,45.966827392578125,0.0,-9.755876541137695
31.7,-7.521605014801025,43.681663513183594,0.0,-9.667985916137695
31.740000000000002,-4.631400108337402,41.48442077636719,0.0,-9.492203712463379
31.78,1.3070825338363647,38.32034683227539,0.0,-8.964859008789062
31.8,7.174892902374268,35.33205795288086,0.0,-8.34962272644043
31.84,9.977465629577637,31.728561401367188,0.0,-7.734386444091797
31.88,15.12028980255127,30.761734008789062,0.0,-7.558604717254639
31.92,19.405807495117188,28.652353286743164,0.0,-7.3828229904174805
31.94,22.588369369506836,28.652353286743164,0.0,-7.3828229904174805
31.98,22.588369369506836,28.652353286743164,0.0,-7.3828229904174805
32.02,24.91256332397461,28.652353286743164,0.0,-7.3828229904174805
32.04,24.69650650024414,28.652353286743164,0.0,-7.3828229904174805
32.08,24.69650650024414,29.882823944091797,0.0,-7.3828229904174805
32.12,21.748706817626953,31.640642166137695,0.0,-7.470714092254639
32.160000000000004,18.194931030273438,34.101585388183594,0.0,-7.558604717254639
32.2,13.595220565795898,37.17774200439453,0.0,-7.822277545928955
32.22,13.595220565795898,40.42972946166992,0.0,-8.34962272644043
32.26,5.321444034576416,43.505882263183594,0.0,-8.876968383789062
32.3,-0.6497462391853333,47.19729995727539,0.0,-9.667985916137695
32.34,-6.586974143981934,51.32814407348633,0.0,-10.283222198486328
32.36,-12.147734642028809,53.876949310302734,0.0,-10.810566902160645
32.4,-12.147734642028809,56.16211700439453,0.0,-11.074240684509277
32.44,-19.089433670043945,57.12894058227539,0.0,-11.250021934509277
32.480000000000004,-22.39211082458496,57.04102325439453,0.0,-11.250021934509277
32.5,-22.39211082458496,57.04102325439453,0.0,-11.250021934509277
32.54,-23.567127227783203,57.04102325439453,0.0,-11.250021934509277
32.58,-24.746150970458984,57.04102325439453,0.0,-11.250021934509277
32.62,-23.176921844482422,57.04102325439453,0.0,-11.250021934509277
32.64,-20.258975982666016,56.16211700439453,0.0,-11.250021934509277
32.68,-20.258975982666016,53.96487045288086,0.0,-11.074240684509277
32.72,-13.738985061645508,50.62501907348633,0.0,-11.074240684509277
32.76,-8.330266952514648,47.6367301940918,0.0,-10.722677230834961
32.78,-8.330266952514648,43.33010482788086,0.0,-10.019549369812012
32.82,0.593824565410614,39.90238571166992,0.0,-9.316422462463379
32.84,6.577676773071289,35.771488189697266,0.0,-8.613295555114746
32.88,9.447749137878418,33.398460388183594,0.0,-7.998059272766113
32.9,14.733419418334961,29.882823944091797,0.0,-7.558604717254639
32.94,14.733419418334961,28.03714370727539,0.0,-7.207041263580322
32.980000000000004,20.962907791137695,27.2460994720459,0.0,-7.031260013580322
33.02,23.62512969970703,27.158235549926758,0.0,-7.031260013580322
33.04,23.62512969970703,27.158235549926758,0.0,-7.031260013580322
33.08,24.98746681213379,27.158235549926758,0.0,-7.031260013580322
33.12,24.060104370117188,27.158235549926758,0.0,-7.031260013580322
33.160000000000004,21.712451934814453,27.94922637939453,0.0,-7.031260013580322
33.18,21.712451934814453,29.882823944091797,0.0,-7.207041263580322
33.22,20.045482635498047,31.904342651367188,0.0,-7.2949323654174805
33.24,10.708490371704102,34.541011810302734,0.0,-7.470714092254639
33.28,10.708490371704102,37.96878433227539,0.0,-7.910168170928955
33.32,1.9111634492874146,41.48442077636719,0.0,-8.525404930114746
33.36,-4.174004077911377,44.648433685302734,0.0,-9.140640258789062
33.38,-10.014623641967773,48.251991271972656,0.0,-9.755876541137695
33.42,-12.733406066894531,50.71293258666992,0.0,-10.195331573486328
33.46,-17.564851760864258,52.11918640136719,0.0,-10.459003448486328
33.480000000000004,-17.564851760864258,53.26174545288086,0.0,-10.634785652160645
33.52,-22.780521392822266,53.613304138183594,0.0,-10.722677230834961
33.56,-24.59797477722168,53.613304138183594,0.0,-10.722677230834961
33.58,-24.59797477722168,53.613304138183594,0.0,-10.722677230834961
33.62,-24.959346771240234,53.525390625,0.0,-10.722677230834961
33.660000000000004,-22.687604904174805,53.525390625,0.0,-10.722677230834961
33.7,-19.455490112304688,53.525390625,0.0,-10.722677230834961
33.74,-15.054030418395996,51.06449890136719,0.0,-10.634785652160645
33.76,-15.054030418395996,48.251991271972656,0.0,-10.634785652160645
33.8,-6.848989009857178,46.14261245727539,0.0,-10.459003448486328
33.84,-0.7881482839584351,42.36332702636719,0.0,-9.931658744812012
33.86,-0.7881482839584351,39.2871208190918,0.0,-9.228531837463379
33.9,2.284571886062622,36.474613189697266,0.0,-8.701186180114746
33.94,13.784832954406738,36.035186767578125,0.0,-8.525404930114746
33.980000000000004,18.456863403320312,35.15627670288086,0.0,-8.43751335144043
34.0,22.01499366760254,34.98049545288086,0.0,-8.43751335144043
34.04,23.305400848388672,34.98049545288086,0.0,-8.43751335144043
34.06,24.809661865234375,34.98049545288086,0.0,-8.34962272644043
34.1,24.809661865234375,34.98049545288086,0.0,-8.34962272644043
34.14,24.241025924682617,34.98049545288086,0.0,-8.34962272644043
34.18,22.008411407470703,35.947265625,0.0,-8.43751335144043
34.22,18.435476303100586,37.35352325439453,0.0,-8.525404930114746
34.24,18.435476303100586,39.2871208190918,0.0,-8.525404930114746
34.28,11.053407669067383,41.66020202636719,0.0,-8.701186180114746
34.300000000000004,5.218659400939941,44.12109375,0.0,-9.052749633789062
34.34,5.218659400939941,48.07620620727539,0.0,-9.843767166137695
34.38,-4.020056247711182,51.59184265136719,0.0,-10.371113777160645
34.42,-9.954816818237305,54.14065170288086,0.0,-10.810566902160645
34.44,-9.954816818237305,57.04102325439453,0.0,-11.250021934509277
34.480000000000004,-17.61530113220215,57.832069396972656,0.0,-11.425804138183594
34.52,-21.436010360717773,58.27149200439453,0.0,-11.513693809509277
34.56,-21.436010360717773,58.27149200439453,0.0,-11.513693809509277
34.58,-24.97657012939453,58.27149200439453,0.0,-11.513693809509277
34.62,-24.97657012939453,58.27149200439453,0.0,-11.513693809509277
34.660000000000004,-23.651098251342773,58.27149200439453,0.0,-11.513693809509277
34.7,-20.92478370666504,58.18362808227539,0.0,-11.513693809509277
34.74,-16.904767990112305,56.25003433227539,0.0,-11.513693809509277
34.76,-16.904767990112305,53.349609375,0.0,-11.337912559509277
34.800000000000004,-9.006335258483887,49.65824508666992,0.0,-11.074240684509277
34.82,-2.9680159091949463,46.582035064697266,0.0,-10.634785652160645
34.86,0.1455296128988266,42.18754577636719,0.0,-9.843767166137695
34.9,6.319998741149902,40.16603088378906,0.0,-9.492203712463379
34.92,6.319998741149902,39.1113395690918,0.0,-9.228531837463379
34.96,17.14139747619629,38.7597770690918,0.0,-9.140640258789062
35.0,19.277647018432617,38.847694396972656,0.0,-9.140640258789062
35.04,22.619115829467773,38.847694396972656,0.0,-9.140640258789062
35.06,24.55210304260254,38.847694396972656,0.0,-9.140640258789062
35.1,24.948293685913086,38.847694396972656,0.0,-9.140640258789062
35.14,24.5674991607666,38.847694396972656,0.0,-9.140640258789062
35.160000000000004,22.650325775146484,38.847694396972656,0.0,-9.140640258789062
35.2,21.148683547973633,40.34181213378906,0.0,-9.228531837463379
35.24,17.175432205200195,41.923851013183594,0.0,-9.316422462463379
35.26,17.175432205200195,44.38479232788086,0.0,-9.404313087463379
35.300000000000004,9.288445472717285,47.724647521972656,0.0,-9.755876541137695
35.32,3.2246367931365967,51.32814407348633,0.0,-10.371113777160645
35.36,0.09082210063934326,54.755863189697266,0.0,-10.986349105834961
35.4,-6.134213447570801,58.35940933227539,0.0,-11.601585388183594
35.44,-11.976313591003418,61.34770202636719,0.0,-12.128931045532227
35.46,-11.976313591003418,62.66603469848633,0.0,-12.392602920532227
35.5,-19.226272583007812,62.841819763183594,0.0,-12.392602920532227
35.52,-22.6037540435791,62.841819763183594,0.0,-12.392602920532227
35.56,-23.76726722717285,62.841819763183594,0.0,-12.392602920532227
35.6,-24.950252532958984,62.841819763183594,0.0,-12.392602920532227
35.62,-24.553443908691406,62.841819763183594,0.0,-12.392602920532227
35.660000000000004,-24.553443908691406,62.841819763183594,0.0,-12.392602920532227
35.7,-21.07257843017578,62.841819763183594,0.0,-12.392602920532227
35.72,-17.039369583129883,61.17191696166992,0.0,-12.392602920532227
35.76,-17.039369583129883,59.062538146972656,0.0,-12.216821670532227
35.800000000000004,-9.052734375,56.689456939697266,0.0,-12.216821670532227
35.82,-2.929007053375244,51.855491638183594,0.0,-11.513693809509277
35.86,-2.929007053375244,46.669952392578125,0.0,-10.722677230834961
35.9,6.487077236175537,44.38479232788086,0.0,-10.283222198486328
35.94,12.333882331848145,42.626976013183594,0.0,-9.931658744812012
35.96,12.333882331848145,41.57228469848633,0.0,-9.843767166137695
36.0,19.527009963989258,41.66020202636719,0.0,-9.843767166137695
36.04,22.821205139160156,41.66020202636719,0.0,-9.843767166137695
36.06,22.821205139160156,41.66020202636719,0.0,-9.843767166137695
36.1,23.92998504638672,41.66020202636719,0.0,-9.843767166137695
36.14,24.426734924316406,41.66020202636719,0.0,-9.843767166137695
36.18,22.30193519592285,42.802757263183594,0.0,-9.843767166137695
36.2,18.74018096923828,44.296875,0.0,-9.931658744812012
36.24,16.488157272338867,46.406253814697266,0.0,-10.019549369812012
36.28,11.222219467163086,49.04298400878906,0.0,-10.107439994812012
36.300000000000004,11.222219467163086,52.822261810302734,0.0,-10.546895027160645
36.34,2.0789408683776855,56.42581558227539,0.0,-11.250021934509277
36.38,-4.273149013519287,60.46879196166992,0.0,-11.95314884185791
36.42,-10.352071762084961,63.984371185302734,0.0,-12.568385124206543
36.44,-13.164471626281738,66.44532012939453,0.0,-12.91994857788086
36.480000000000004,-18.106327056884766,67.32422637939453,0.0,-13.09572982788086
36.5,-21.875442504882812,67.41213989257812,0.0,-13.09572982788086
36.54,-23.23963737487793,67.41213989257812,0.0,-13.09572982788086
36.58,-24.81486701965332,67.41213989257812,0.0,-13.09572982788086
36.62,-24.77553939819336,67.41213989257812,0.0,-13.09572982788086
36.64,-24.77553939819336,67.41213989257812,0.0,-13.09572982788086
36.68,-21.717954635620117,67.41213989257812,0.0,-13.09572982788086
36.72,-17.870634078979492,67.41213989257812,0.0,-13.09572982788086
36.76,-12.853351593017578,67.06058502197266,0.0,-13.09572982788086
36.78,-12.853351593017578,64.4238510131836,0.0,-13.00783920288086
36.82,-10.005480766296387,60.20509338378906,0.0,-12.91994857788086
36.86,2.53481125831604,55.986331939697266,0.0,-12.304712295532227
36.88,8.770397186279297,50.44923782348633,0.0,-11.250021934509277
36.92,11.697944641113281,45.439483642578125,0.0,-10.546895027160645
36.96,16.931316375732422,43.154319763183594,0.0,-10.019549369812012
36.980000000000004,21.05368995666504,41.04493713378906,0.0,-9.667985916137695
37.02,22.609479904174805,40.86915588378906,0.0,-9.492203712463379
37.04,24.580602645874023,40.86915588378906,0.0,-9.492203712463379
37.08,24.580602645874023,40.86915588378906,0.0,-9.492203712463379
37.12,24.486623764038086,40.86915588378906,0.0,-9.492203712463379
37.14,22.392343521118164,40.86915588378906,0.0,-9.492203712463379
37.18,22.392343521118164,40.86915588378906,0.0,-9.492203712463379
37.22,16.541301727294922,40.86915588378906,0.0,-9.492203712463379
37.26,11.207496643066406,41.923851013183594,0.0,-9.580095291137695
37.28,5.127419948577881,43.681663513183594,0.0,-9.667985916137695
37.32,5.127419948577881,46.406253814697266,0.0,-9.755876541137695
37.36,-4.504128932952881,49.5703239440918,0.0,-10.107439994812012
37.38,-10.644197463989258,51.76762771606445,0.0,-10.459003448486328
37.42,-10.644197463989258,55.01955795288086,0.0,-10.898458480834961
37.46,-13.473787307739258,56.42581558227539,0.0,-11.162130355834961
37.5,-22.131744384765625,56.95315933227539,0.0,-11.337912559509277
37.52,-23.448427200317383,56.95315933227539,0.0,-11.337912559509277
37.56,-24.887420654296875,56.95315933227539,0.0,-11.337912559509277
37.6,-24.662790298461914,56.95315933227539,0.0,-11.337912559509277
37.62,-24.662790298461914,56.95315933227539,0.0,-11.337912559509277
37.660000000000004,-23.92608642578125,56.42581558227539,0.0,-11.337912559509277
37.7,-17.17442512512207,54.755863189697266,0.0,-11.250021934509277
37.74,-11.929736137390137,52.11918640136719,0.0,-11.162130355834961
37.76,-11.929736137390137,48.603553771972656,0.0,-10.898458480834961
37.800000000000004,-2.6794960498809814,45.0,0.0,-10.283222198486328
37.84,3.8060684204101562,40.95707321166992,0.0,-9.667985916137695
37.86,3.8060684204101562,38.32034683227539,0.0,-9.052749633789062
37.9,12.927063941955566,37.26565933227539,0.0,-8.789076805114746
37.92,18.003746032714844,35.771488189697266,0.0,-8.525404930114746
37.96,18.003746032714844,35.771488189697266,0.0,-8.525404930114746
38.0,20.105493545532227,35.771488189697266,0.0,-8.525404930114746
38.04,23.256807327270508,35.771488189697266,0.0,-8.525404930114746
38.06,24.732669830322266,35.771488189697266,0.0,-8.525404930114746
38.1,24.047250747680664,35.771488189697266,0.0,-8.525404930114746
38.12,21.465105056762695,35.947265625,0.0,-8.525404930114746
38.160000000000004,21.465105056762695,37.35352325439453,0.0,-8.525404930114746
38.2,14.936622619628906,38.144569396972656,0.0,-8.613295555114746
38.22,9.242547035217285,39.8144645690918,0.0,-8.701186180114746
38.26,6.132055759429932,41.83598709106445,0.0,-8.789076805114746
38.300000000000004,-0.3512570559978485,44.296875,0.0,-9.140640258789062
38.34,-0.3512570559978485,48.07620620727539,0.0,-9.843767166137695
38.38,-12.81480884552002,51.67970657348633,0.0,-10.283222198486328
38.42,-17.94243812561035,53.349609375,0.0,-10.634785652160645
38.46,-17.94243812561035,54.843780517578125,0.0,-10.898458480834961
38.480000000000004,-23.24795913696289,54.931644439697266,0.0,-10.898458480834961
38.52,-24.83783721923828,54.931644439697266,0.0,-10.898458480834961
38.56,-24.723642349243164,54.931644439697266,0.0,-10.898458480834961
38.6,-24.723642349243164,54.667999267578125,0.0,-10.898458480834961
38.62,-24.024490356445312,54.14065170288086,0.0,-10.898458480834961
38.660000000000004,-17.302186965942383,52.910179138183594,0.0,-10.810566902160645
38.7,-12.009563446044922,50.18558883666992,0.0,-10.722677230834961
38.72,-12.009563446044922,47.37308120727539,0.0,-10.546895027160645
38.76,-2.6424150466918945,43.505882263183594,0.0,-10.107439994812012
38.800000000000004,3.927363395690918,40.69337463378906,0.0,-9.492203712463379
38.82,10.228988647460938,36.914093017578125,0.0,-8.789076805114746
38.86,13.141242027282715,35.595703125,0.0,-8.43751335144043
38.9,18.235559463500977,33.750022888183594,0.0,-8.085949897766113
38.92,18.235559463500977,32.34376907348633,0.0,-7.910168170928955
38.96,23.423261642456055,32.69533157348633,0.0,-7.910168170928955
39.0,24.892662048339844,32.78325271606445,0.0,-7.910168170928955
39.02,24.892662048339844,32.78325271606445,0.0,-7.910168170928955
39.06,23.852922439575195,32.78325271606445,0.0,-7.910168170928955
39.1,21.063556671142578,32.78325271606445,0.0,-7.910168170928955
39.12,16.804187774658203,33.574241638183594,0.0,-7.998059272766113
39.160000000000004,14.211902618408203,35.15627670288086,0.0,-8.085949897766113
39.2,8.32740306854248,36.914093017578125,0.0,-8.085949897766113
39.24,1.8576816320419312,39.2871208190918,0.0,-8.173840522766113
39.28,-4.745434761047363,42.18754577636719,0.0,-8.613295555114746
39.300000000000004,-11.019570350646973,43.769527435302734,0.0,-9.052749633789062
39.34,-11.019570350646973,45.26369857788086,0.0,-9.316422462463379
39.38,-18.863933563232422,45.878910064697266,0.0,-9.404313087463379
39.42,-22.51154327392578,45.878910064697266,0.0,-9.404313087463379
39.46,-24.578115463256836,45.878910064697266,0.0,-9.404313087463379
39.480000000000004,-24.967592239379883,45.878910064697266,0.0,-9.404313087463379
39.52,-24.422897338867188,45.878910064697266,0.0,-9.404313087463379
39.56,-22.155994415283203,45.703128814697266,0.0,-9.404313087463379
39.6,-18.32415199279785,45.26369857788086,0.0,-9.404313087463379
39.62,-18.32415199279785,43.33010482788086,0.0,-9.316422462463379
39.660000000000004,-15.901330947875977,40.86915588378906,0.0,-9.228531837463379
39.7,-3.8797414302825928,38.23242950439453,0.0,-8.876968383789062
39.74,2.7735512256622314,35.068359375,0.0,-8.26173210144043
39.76,2.7735512256622314,30.14652442932129,0.0,-7.558604717254639
39.800000000000004,12.246376991271973,28.38870620727539,0.0,-7.207041263580322
39.84,17.569005966186523,26.279325485229492,0.0,-6.943369388580322
39.86,17.569005966186523,25.751981735229492,0.0,-6.855478286743164
39.9,23.12044906616211,25.839845657348633,0.0,-6.855478286743164
39.94,24.812543869018555,25.839845657348633,0.0,-6.855478286743164
39.96,24.73653221130371,25.839845657348633,0.0,-6.855478286743164
40.0,24.03132438659668,25.839845657348633,0.0,-6.855478286743164
40.04,21.347755432128906,26.894535064697266,0.0,-6.855478286743164
40.06,17.136802673339844,28.564489364624023,0.0,-6.943369388580322
40.1,14.54820728302002,30.937515258789062,0.0,-7.1191511154174805
40.14,8.635417938232422,33.486324310302734,0.0,-7.2949323654174805
40.160000000000004,2.100653648376465,37.08987808227539,0.0,-7.822277545928955
40.2,-1.254643201828003,39.63868713378906,0.0,-8.173840522766113
40.24,-7.839906692504883,41.66020202636719,0.0,-8.525404930114746
40.28,-13.865196228027344,42.978538513183594,0.0,-8.701186180114746
40.300000000000004,-13.865196228027344,43.066402435302734,0.0,-8.789076805114746
40.34,-20.921600341796875,43.066402435302734,0.0,-8.789076805114746
40.36,-23.808359146118164,43.066402435302734,0.0,-8.789076805114746
40.4,-23.808359146118164,43.066402435302734,0.0,-8.789076805114746
40.44,-24.88922119140625,43.066402435302734,0.0,-8.789076805114746
40.46,-23.36378288269043,42.978538513183594,0.0,-8.789076805114746
40.5,-23.36378288269043,42.71489334106445,0.0,-8.789076805114746
40.54,-17.973739624023438,41.30863952636719,0.0,-8.789076805114746
40.58,-12.688077926635742,39.199256896972656,0.0,-8.613295555114746
40.6,-6.479742527008057,36.210968017578125,0.0,-8.43751335144043
40.64,-3.1681437492370605,31.640642166137695,0.0,-7.646495819091797
40.68,3.569530725479126,28.03714370727539,0.0,-7.207041263580322
40.7,10.051179885864258,23.46681785583496,0.0,-6.3281331062316895
40.74,10.051179885864258,21.972700119018555,0.0,-5.976569652557373
40.78,18.274208068847656,21.00587272644043,0.0,-5.800815105438232
40.800000000000004,22.172338485717773,20.918010711669922,0.0,-5.800815105438232
40.84,22.172338485717773,21.00587272644043,0.0,-5.800815105438232
40.88,24.932140350341797,21.00587272644043,0.0,-5.800815105438232
40.92,24.51402473449707,21.00587272644043,0.0,-5.800815105438232
40.94,24.51402473449707,21.00587272644043,0.0,-5.800815105438232
40.980000000000004,20.56890869140625,21.445356369018555,0.0,-5.800815105438232
41.02,16.00376319885254,22.675827026367188,0.0,-5.976569652557373
41.04,16.00376319885254,25.04885482788086,0.0,-6.152351379394531
41.08,7.079380512237549,28.47657012939453,0.0,-6.3281331062316895
41.12,0.3799305856227875,31.992204666137695,0.0,-7.031260013580322
41.160000000000004,0.3799305856227875,36.386749267578125,0.0,-7.734386444091797
41.18,-12.617630004882812,39.2871208190918,0.0,-7.998059272766113
41.22,-15.430196762084961,40.25394821166992,0.0,-8.26173210144043
41.26,-20.153404235839844,40.34181213378906,0.0,-8.26173210144043
41.28,-20.153404235839844,40.34181213378906,0.0,-8.26173210144043
41.32,-24.373584747314453,40.34181213378906,0.0,-8.26173210144043
41.36,-24.970687866210938,40.34181213378906,0.0,-8.26173210144043
41.38,-23.720382690429688,40.34181213378906,0.0,-8.26173210144043
41.42,-22.42525863647461,40.07816696166992,0.0,-8.26173210144043
41.46,-18.613447189331055,39.8144645690918,0.0,-8.26173210144043
41.480000000000004,-18.613447189331055,38.144569396972656,0.0,-8.173840522766113
41.52,-16.167131423950195,35.419921875,0.0,-8.085949897766113
41.56,-3.8947720527648926,30.49808692932129,0.0,-7.470714092254639
41.6,2.922973155975342,27.158235549926758,0.0,-6.855478286743164
41.62,9.526544570922852,22.763690948486328,0.0,-5.976569652557373
41.660000000000004,9.526544570922852,20.21488380432129,0.0,-5.625033378601074
41.7,17.966054916381836,19.335975646972656,0.0,-5.449251651763916
41.74,22.001178741455078,19.335975646972656,0.0,-5.449251651763916
41.76,24.39427375793457,19.335975646972656,0.0,-5.449251651763916
41.800000000000004,24.39427375793457,19.335975646972656,0.0,-5.449251651763916
41.84,24.913110733032227,19.335975646972656,0.0,-5.449251651763916
41.88,24.545028686523438,19.335975646972656,0.0,-5.449251651763916
41.9,18.454301834106445,19.687538146972656,0.0,-5.449251651763916
41.94,18.454301834106445,22.060564041137695,0.0,-5.625033378601074
41.980000000000004,10.147366523742676,23.994163513183594,0.0,-5.888679027557373
42.02,3.559032678604126,26.718753814697266,0.0,-5.976569652557373
42.06,-3.3005056381225586,31.289077758789062,0.0,-6.855478286743164
42.1,-9.914827346801758,35.15627670288086,0.0,-7.470714092254639
42.12,-9.914827346801758,37.35352325439453,0.0,-7.734386444091797
42.160000000000004,-18.298477172851562,38.144569396972656,0.0,-7.822277545928955
42.2,-22.245100021362305,38.05664825439453,0.0,-7.822277545928955
42.22,-24.511615753173828,38.05664825439453,0.0,-7.822277545928955
42.26,-24.955034255981445,38.05664825439453,0.0,-7.822277545928955
42.300000000000004,-24.418407440185547,37.96878433227539,0.0,-7.822277545928955
42.32,-23.447845458984375,37.70508575439453,0.0,-7.822277545928955
42.36,-20.192556381225586,37.35352325439453,0.0,-7.822277545928955
42.4,-15.402467727661133,35.419921875,0.0,-7.646495819091797
42.42,-9.439311027526855,31.201215744018555,0.0,-7.470714092254639
42.46,-9.439311027526855,27.94922637939453,0.0,-7.1191511154174805
42.5,0.7000101804733276,23.115253448486328,0.0,-6.152351379394531
42.54,7.5065436363220215,19.160194396972656,0.0,-5.361361026763916
42.56,13.743907928466797,16.083986282348633,0.0,-4.834015846252441
42.6,16.49736785888672,14.50195026397705,0.0,-4.746124744415283
42.64,21.009687423706055,14.326168060302734,0.0,-4.658234119415283
42.660000000000004,21.009687423706055,14.41408634185791,0.0,-4.658234119415283
42.7,24.694265365600586,14.41408634185791,0.0,-4.658234119415283
42.74,24.81684112548828,14.41408634185791,0.0,-4.658234119415283
42.76,23.036827087402344,14.41408634185791,0.0,-4.658234119415283
42.800000000000004,21.469627380371094,14.41408634185791,0.0,-4.658234119415283
42.84,17.12970733642578,14.50195026397705,0.0,-4.658234119415283
42.86,17.12970733642578,15.908204078674316,0.0,-4.746124744415283
42.9,8.27935791015625,16.611330032348633,0.0,-4.834015846252441
42.94,1.478142499923706,18.896493911743164,0.0,-4.921906471252441
42.96,-5.440366744995117,22.148483276367188,0.0,-5.273469924926758
43.0,-5.440366744995117,24.785154342651367,0.0,-5.449251651763916
43.04,-14.87834644317627,26.542972564697266,0.0,-5.800815105438232
43.08,-19.83414649963379,27.94922637939453,0.0,-6.152351379394531
43.1,-19.83414649963379,28.47657012939453,0.0,-6.2402424812316895
43.14,-21.75754737854004,28.47657012939453,0.0,-6.2402424812316895
43.18,-24.97650146484375,28.47657012939453,0.0,-6.2402424812316895
43.2,-23.70920181274414,28.47657012939453,0.0,-6.2402424812316895
43.24,-23.70920181274414,28.47657012939453,0.0,-6.2402424812316895
43.28,-18.426433563232422,26.806673049926758,0.0,-6.152351379394531
43.32,-13.045109748840332,24.345727920532227,0.0,-5.976569652557373
43.34,-6.646146297454834,21.357437133789062,0.0,-5.800815105438232
43.38,-3.218196153640747,17.753938674926758,0.0,-5.185579299926758
43.42,3.7609474658966064,15.644558906555176,0.0,-4.834015846252441
43.44,3.7609474658966064,14.41408634185791,0.0,-4.746124744415283
43.480000000000004,13.52076244354248,14.41408634185791,0.0,-4.746124744415283
43.52,18.812955856323242,14.41408634185791,0.0,-4.746124744415283
43.54,18.812955856323242,14.41408634185791,0.0,-4.746124744415283
43.58,23.89834976196289,14.41408634185791,0.0,-4.746124744415283
43.6,24.996318817138672,14.41408634185791,0.0,-4.746124744415283
43.64,24.810216903686523,14.41408634185791,0.0,-4.746124744415283
43.68,22.984256744384766,14.67773151397705,0.0,-4.746124744415283
43.7,19.352798461914062,15.732421875,0.0,-4.746124744415283
43.74,16.943317413330078,17.3144588470459,0.0,-4.921906471252441
43.76,11.172462463378906,19.248056411743164,0.0,-5.0097975730896
43.800000000000004,11.172462463378906,22.587909698486328,0.0,-5.185579299926758
43.84,1.0236907005310059,25.6640625,0.0,-5.625033378601074
43.86,-5.96142053604126,29.882823944091797,0.0,-6.591805934906006
43.9,-5.96142053604126,34.80471420288086,0.0,-7.3828229904174805
43.94,-15.399847984313965,37.52930450439453,0.0,-7.734386444091797
43.980000000000004,-20.273237228393555,39.023475646972656,0.0,-7.910168170928955
44.0,-20.273237228393555,39.2871208190918,0.0,-7.998059272766113
44.04,-24.49342155456543,39.2871208190918,0.0,-7.998059272766113
44.08,-24.918445587158203,39.2871208190918,0.0,-7.998059272766113
44.1,-24.918445587158203,39.2871208190918,0.0,-7.998059272766113
44.14,-21.88257598876953,39.2871208190918,0.0,-7.998059272766113
44.18,-17.63979721069336,39.023475646972656,0.0,-7.998059272766113
44.2,-11.992471694946289,38.847694396972656,0.0,-7.998059272766113
44.24,-8.77841567993164,38.144569396972656,0.0,-7.998059272766113
44.28,-1.8888107538223267,36.123050689697266,0.0,-7.734386444091797
44.300000000000004,5.154714584350586,31.992204666137695,0.0,-7.558604717254639
44.34,8.557953834533691,30.410171508789062,0.0,-7.470714092254639
44.38,14.787127494812012,28.212926864624023,0.0,-7.207041263580322
44.42,19.837797164916992,28.212926864624023,0.0,-7.1191511154174805
44.46,19.837797164916992,27.94922637939453,0.0,-7.1191511154174805
44.480000000000004,21.789810180664062,27.94922637939453,0.0,-7.1191511154174805
44.52,24.961462020874023,27.94922637939453,0.0,-7.1191511154174805
44.56,23.571449279785156,28.12500762939453,0.0,-7.1191511154174805
44.58,20.288841247558594,30.49808692932129,0.0,-7.3828229904174805
44.62,20.288841247558594,32.95903396606445,0.0,-7.3828229904174805
44.660000000000004,12.423937797546387,35.771488189697266,0.0,-7.558604717254639
44.7,5.831601142883301,38.40821075439453,0.0,-7.910168170928955
44.72,-1.2336398363113403,42.01176452636719,0.0,-8.613295555114746
44.76,-4.766106128692627,43.945308685302734,0.0,-8.876968383789062
44.800000000000004,-11.474143028259277,45.0,0.0,-9.228531837463379
44.82,-17.258981704711914,46.757816314697266,0.0,-9.492203712463379
44.86,-19.65470314025879,47.10938262939453,0.0,-9.492203712463379
44.9,-23.209083557128906,47.02151870727539,0.0,-9.492203712463379
44.92,-23.209083557128906,47.02151870727539,0.0,-9.492203712463379
44.96,-24.971792221069336,47.02151870727539,0.0,-9.492203712463379
45.0,-23.624744415283203,47.02151870727539,0.0,-9.492203712463379
45.02,-20.36002540588379,46.669952392578125,0.0,-9.492203712463379
45.06,-18.084915161132812,45.615264892578125,0.0,-9.492203712463379
45.1,-12.478984832763672,44.824222564697266,0.0,-9.492203712463379
45.14,-5.855231285095215,42.626976013183594,0.0,-9.404313087463379
45.160000000000004,1.248496651649475,39.63868713378906,0.0,-9.140640258789062
45.2,4.799933433532715,37.26565933227539,0.0,-8.789076805114746
45.24,11.539521217346191,34.892578125,0.0,-8.34962272644043
45.28,17.34042739868164,31.904342651367188,0.0,-7.734386444091797
45.300000000000004,19.73625373840332,32.16798782348633,0.0,-7.734386444091797
45.34,23.272310256958008,31.904342651367188,0.0,-7.734386444091797
45.36,24.905729293823242,31.992204666137695,0.0,-7.734386444091797
45.4,24.959793090820312,31.992204666137695,0.0,-7.734386444091797
45.44,23.535207748413086,31.992204666137695,0.0,-7.734386444091797
45.46,20.179330825805664,31.992204666137695,0.0,-7.734386444091797
45.5,17.856691360473633,33.574241638183594,0.0,-7.822277545928955
45.54,12.159223556518555,34.98049545288086,0.0,-7.998059272766113
45.58,5.459126949310303,37.35352325439453,0.0,-7.998059272766113
45.6,1.902911901473999,39.2871208190918,0.0,-8.173840522766113
45.64,-5.255841255187988,41.39650344848633,0.0,-8.43751335144043
45.660000000000004,-11.984772682189941,42.626976013183594,0.0,-8.701186180114746
45.7,-15.011720657348633,43.857444763183594,0.0,-8.876968383789062
45.74,-20.07701873779297,44.20901107788086,0.0,-8.964859008789062
45.76,-23.485637664794922,44.20901107788086,0.0,-8.964859008789062
45.800000000000004,-24.473766326904297,44.20901107788086,0.0,-8.964859008789062
45.84,-24.91357421875,44.20901107788086,0.0,-8.964859008789062
45.86,-24.91357421875,44.12109375,0.0,-8.964859008789062
45.9,-21.73861312866211,43.769527435302734,0.0,-8.964859008789062
45.94,-17.31715202331543,43.33010482788086,0.0,-8.964859008789062
45.96,-17.31715202331543,42.01176452636719,0.0,-8.964859008789062
46.0,-8.132539749145508,39.90238571166992,0.0,-8.789076805114746
46.02,-1.0472402572631836,37.52930450439453,0.0,-8.701186180114746
46.06,2.5671157836914062,34.541011810302734,0.0,-8.26173210144043
46.1,9.562682151794434,30.410171508789062,0.0,-7.558604717254639
46.12,15.764366149902344,29.003917694091797,0.0,-7.2949323654174805
46.160000000000004,15.764366149902344,27.685579299926758,0.0,-7.031260013580322
46.2,22.472339630126953,27.334016799926758,0.0,-7.031260013580322
46.24,24.666927337646484,27.334016799926758,0.0,-7.031260013580322
46.26,24.666927337646484,27.334016799926758,0.0,-7.031260013580322
46.300000000000004,24.080474853515625,27.334016799926758,0.0,-7.031260013580322
46.32,21.147329330444336,27.86136245727539,0.0,-7.031260013580322
46.36,18.99386215209961,29.091833114624023,0.0,-7.207041263580322
46.4,13.537588119506836,31.025434494018555,0.0,-7.2949323654174805
46.42,6.941826343536377,33.750022888183594,0.0,-7.3828229904174805
46.46,3.386826515197754,36.474613189697266,0.0,-7.734386444091797
46.5,-3.8638556003570557,38.7597770690918,0.0,-7.998059272766113
46.52,-10.792708396911621,41.04493713378906,0.0,-8.34962272644043
46.56,-13.951458930969238,41.57228469848633,0.0,-8.43751335144043
46.6,-19.32358741760254,41.57228469848633,0.0,-8.525404930114746
46.62,-23.06756591796875,41.57228469848633,0.0,-8.43751335144043
46.660000000000004,-24.223262786865234,41.57228469848633,0.0,-8.525404930114746
46.7,-24.978107452392578,41.57228469848633,0.0,-8.525404930114746
46.74,-23.620311737060547,41.57228469848633,0.0,-8.525404930114746
46.76,-22.177309036254883,41.13285827636719,0.0,-8.525404930114746
46.800000000000004,-17.91423797607422,40.69337463378906,0.0,-8.525404930114746
46.82,-12.130037307739258,38.7597770690918,0.0,-8.34962272644043
46.86,-8.816240310668945,36.474613189697266,0.0,-8.26173210144043
46.9,-1.6964281797409058,33.574241638183594,0.0,-7.998059272766113
46.92,-1.6964281797409058,29.267616271972656,0.0,-7.3828229904174805
46.96,9.06591510772705,26.103546142578125,0.0,-6.855478286743164
47.0,15.405685424804688,24.521509170532227,0.0,-6.503914833068848
47.02,15.405685424804688,23.730464935302734,0.0,-6.3281331062316895
47.06,18.11443328857422,23.730464935302734,0.0,-6.3281331062316895
47.1,22.319541931152344,23.730464935302734,0.0,-6.3281331062316895
47.14,24.822492599487305,23.730464935302734,0.0,-6.3281331062316895
47.160000000000004,24.822492599487305,24.345727920532227,0.0,-6.3281331062316895
47.2,24.120990753173828,25.312498092651367,0.0,-6.416024208068848
47.24,21.18769645690918,26.894535064697266,0.0,-6.503914833068848
47.26,10.278955459594727,29.443397521972656,0.0,-6.679696559906006
47.300000000000004,10.278955459594727,32.871116638183594,0.0,-7.207041263580322
47.34,-0.43274614214897156,36.386749267578125,0.0,-7.734386444091797
47.38,-7.6624579429626465,39.63868713378906,0.0,-8.173840522766113
47.4,-14.236647605895996,42.45119094848633,0.0,-8.701186180114746
47.44,-14.236647605895996,43.945308685302734,0.0,-8.876968383789062
47.480000000000004,-21.656150817871094,44.38479232788086,0.0,-9.052749633789062
47.5,-24.35042381286621,44.296875,0.0,-9.052749633789062
47.54,-24.35042381286621,44.296875,0.0,-9.052749633789062
47.58,-24.43047523498535,44.296875,0.0,-9.052749633789062
47.62,-21.831829071044922,44.296875,0.0,-9.052749633789062
47.64,-19.803369522094727,44.296875,0.0,-9.052749633789062
47.68,-14.506113052368164,44.03322982788086,0.0,-9.052749633789062
47.7,-7.949935436248779,43.593746185302734,0.0,-9.052749633789062
47.74,-7.949935436248779,42.18754577636719,0.0,-8.964859008789062
47.78,2.9870755672454834,40.42972946166992,0.0,-8.876968383789062
47.800000000000004,10.092047691345215,38.23242950439453,0.0,-8.789076805114746
47.84,13.353188514709473,36.123050689697266,0.0,-8.525404930114746
47.88,18.937213897705078,34.541011810302734,0.0,-8.26173210144043
47.9,22.875749588012695,32.25590515136719,0.0,-7.822277545928955
47.94,24.113521575927734,32.60746765136719,0.0,-7.822277545928955
47.980000000000004,24.98931312561035,32.871116638183594,0.0,-7.822277545928955
48.02,23.68550682067871,32.871116638183594,0.0,-7.822277545928955
48.04,23.68550682067871,32.871116638183594,0.0,-7.910168170928955
48.08,17.935415267944336,33.13481521606445,0.0,-7.910168170928955
48.1,12.056875228881836,34.013668060302734,0.0,-7.998059272766113
48.14,12.056875228881836,36.035186767578125,0.0,-8.085949897766113
48.18,1.4423775672912598,37.79300308227539,0.0,-8.085949897766113
48.22,-5.929598331451416,39.8144645690918,0.0,-8.34962272644043
48.24,-12.784753799438477,41.66020202636719,0.0,-8.525404930114746
48.28,-12.784753799438477,42.01176452636719,0.0,-8.613295555114746
48.32,-20.80512046813965,42.01176452636719,0.0,-8.613295555114746
48.36,-23.955867767333984,42.01176452636719,0.0,-8.613295555114746
48.38,-23.955867767333984,42.01176452636719,0.0,-8.613295555114746
48.42,-24.69340705871582,42.01176452636719,0.0,-8.613295555114746
48.46,-22.45849609375,42.01176452636719,0.0,-8.613295555114746
48.480000000000004,-18.240825653076172,42.01176452636719,0.0,-8.613295555114746
48.52,-18.240825653076172,42.01176452636719,0.0,-8.613295555114746
48.56,-15.497917175292969,39.726600646972656,0.0,-8.525404930114746
48.6,-9.045801162719727,36.650394439697266,0.0,-8.43751335144043
48.64,5.626469612121582,32.25590515136719,0.0,-7.734386444091797
48.660000000000004,12.548382759094238,28.03714370727539,0.0,-7.1191511154174805
48.7,15.628368377685547,23.818382263183594,0.0,-6.3281331062316895
48.74,20.68341636657715,20.47852897644043,0.0,-5.712924480438232
48.76,20.68341636657715,19.160194396972656,0.0,-5.361361026763916
48.800000000000004,24.72812843322754,18.10550308227539,0.0,-5.273469924926758
48.84,24.71255111694336,18.19336700439453,0.0,-5.273469924926758
48.88,22.496658325195312,18.19336700439453,0.0,-5.273469924926758
48.9,20.617019653320312,18.19336700439453,0.0,-5.273469924926758
48.94,15.522296905517578,18.19336700439453,0.0,-5.273469924926758
48.96,9.0399169921875,18.19336700439453,0.0,-5.273469924926758
49.0,5.455165386199951,18.54492950439453,0.0,-5.273469924926758
49.04,-2.0012893676757812,19.86332130432129,0.0,-5.361361026763916
49.06,-2.0012893676757812,22.412126541137695,0.0,-5.625033378601074
49.1,-12.650735855102539,23.9062442779541,0.0,-5.625033378601074
49.14,-18.465906143188477,24.521509170532227,0.0,-5.625033378601074
49.160000000000004,-22.627952575683594,25.13671875,0.0,-5.625033378601074
49.2,-23.964805603027344,25.13671875,0.0,-5.625033378601074
49.24,-24.998186111450195,25.13671875,0.0,-5.712924480438232
49.28,-23.785234451293945,24.785154342651367,0.0,-5.625033378601074
49.300000000000004,-23.785234451293945,23.46681785583496,0.0,-5.625033378601074
49.34,-18.039140701293945,22.412126541137695,0.0,-5.537142753601074
49.38,-12.089415550231934,19.951183319091797,0.0,-5.449251651763916
49.4,-5.046805381774902,17.226594924926758,0.0,-5.0097975730896
49.44,-5.046805381774902,14.326168060302734,0.0,-4.658234119415283
49.480000000000004,6.165689468383789,12.656269073486328,0.0,-4.306670665740967
49.52,13.088958740234375,12.041060447692871,0.0,-4.218779563903809
49.54,13.088958740234375,12.128923416137695,0.0,-4.306670665740967
49.58,21.09096336364746,12.128923416137695,0.0,-4.218779563903809
49.620000000000005,24.12997817993164,12.128923416137695,0.0,-4.218779563903809
49.64,24.12997817993164,12.128923416137695,0.0,-4.218779563903809
49.68,24.555078506469727,12.128923416137695,0.0,-4.218779563903809
49.72,22.040889739990234,12.128923416137695,0.0,-4.306670665740967
49.74,22.040889739990234,12.128923416137695,0.0,-4.218779563903809
49.78,14.632420539855957,12.480486869812012,0.0,-4.218779563903809
49.82,7.920010089874268,14.062522888183594,0.0,-4.394561290740967
49.84,7.920010089874268,16.611330032348633,0.0,-4.570343017578125
49.88,4.2506208419799805,20.39066505432129,0.0,-4.834015846252441
49.92,-10.546565055847168,23.29103660583496,0.0,-5.185579299926758
49.96,-16.836679458618164,26.279325485229492,0.0,-5.625033378601074
49.980000000000004,-16.836679458618164,29.179697036743164,0.0,-6.3281331062316895
50.02,-23.248430252075195,31.201215744018555,0.0,-6.767587661743164
50.06,-24.933767318725586,32.25590515136719,0.0,-6.855478286743164
50.08,-24.335481643676758,32.34376907348633,0.0,-6.855478286743164
50.120000000000005,-23.187950134277344,32.34376907348633,0.0,-6.855478286743164
50.160000000000004,-19.325912475585938,32.34376907348633,0.0,-6.855478286743164
50.18,-13.687396049499512,32.34376907348633,0.0,-6.943369388580322
50.22,-10.357935905456543,32.34376907348633,0.0,-6.943369388580322
50.26,-3.060645341873169,31.552778244018555,0.0,-6.855478286743164
50.28,4.521670341491699,29.355480194091797,0.0,-6.679696559906006
50.32,8.200855255126953,27.070316314697266,0.0,-6.679696559906006
50.36,14.910569190979004,25.48828125,0.0,-6.503914833068848
50.4,20.247690200805664,24.433591842651367,0.0,-6.416024208068848
50.42,23.717470169067383,24.433591842651367,0.0,-6.416024208068848
50.46,23.717470169067383,24.433591842651367,0.0,-6.416024208068848
50.5,24.76842498779297,24.433591842651367,0.0,-6.416024208068848
50.52,22.600955963134766,24.433591842651367,0.0,-6.416024208068848
50.56,20.711368560791016,25.927762985229492,0.0,-6.591805934906006
50.6,15.537833213806152,28.212926864624023,0.0,-6.767587661743164
50.620000000000005,8.920475006103516,31.289077758789062,0.0,-6.855478286743164
50.660000000000004,8.920475006103516,35.068359375,0.0,-7.470714092254639
50.7,-2.3496572971343994,38.32034683227539,0.0,-7.910168170928955
50.74,-9.742222785949707,40.42972946166992,0.0,-8.34962272644043
50.76,-16.231382369995117,42.18754577636719,0.0,-8.613295555114746
50.800000000000004,-16.231382369995117,42.27540969848633,0.0,-8.701186180114746
50.84,-22.98289680480957,42.27540969848633,0.0,-8.701186180114746
50.88,-24.880558013916016,42.27540969848633,0.0,-8.701186180114746
50.9,-24.880558013916016,42.27540969848633,0.0,-8.701186180114746
50.94,-23.375530242919922,42.27540969848633,0.0,-8.701186180114746
50.980000000000004,-19.603290557861328,42.27540969848633,0.0,-8.701186180114746
51.0,-13.994695663452148,42.27540969848633,0.0,-8.701186180114746
51.04,-10.659645080566406,42.27540969848633,0.0,-8.701186180114746
51.08,-3.3180272579193115,41.30863952636719,0.0,-8.701186180114746
51.1,4.338132381439209,38.7597770690918,0.0,-8.613295555114746
51.14,8.059024810791016,36.474613189697266,0.0,-8.43751335144043
51.18,14.848718643188477,34.62893295288086,0.0,-8.173840522766113
51.2,20.245370864868164,31.640642166137695,0.0,-7.822277545928955
51.24,22.255512237548828,32.34376907348633,0.0,-7.822277545928955
51.28,24.66097068786621,32.16798782348633,0.0,-7.822277545928955
51.300000000000004,24.66097068786621,32.16798782348633,0.0,-7.822277545928955
51.34,23.901592254638672,32.16798782348633,0.0,-7.822277545928955
51.38,20.548643112182617,32.16798782348633,0.0,-7.822277545928955
51.4,20.548643112182617,33.398460388183594,0.0,-7.910168170928955
51.44,12.02685546875,34.80471420288086,0.0,-7.998059272766113
51.480000000000004,4.796952247619629,36.650394439697266,0.0,-7.998059272766113
51.5,4.796952247619629,38.5839958190918,0.0,-8.173840522766113
51.54,-6.67787504196167,40.25394821166992,0.0,-8.26173210144043
51.58,-13.691362380981445,41.22072219848633,0.0,-8.43751335144043
51.6,-19.40886116027832,41.39650344848633,0.0,-8.525404930114746
51.64,-21.605098724365234,41.30863952636719,0.0,-8.525404930114746
51.68,-24.40984535217285,41.30863952636719,0.0,-8.525404930114746
51.7,-24.894399642944336,41.30863952636719,0.0,-8.525404930114746
51.74,-24.242305755615234,41.30863952636719,0.0,-8.525404930114746
51.78,-21.225072860717773,41.30863952636719,0.0,-8.525404930114746
51.800000000000004,-16.183326721191406,41.30863952636719,0.0,-8.525404930114746
51.84,-13.046271324157715,40.60551071166992,0.0,-8.525404930114746
51.88,-5.913187503814697,39.023475646972656,0.0,-8.34962272644043
51.92,1.7879962921142578,36.123050689697266,0.0,-8.26173210144043
51.94,1.7879962921142578,32.08012390136719,0.0,-7.822277545928955
51.980000000000004,12.797714233398438,30.761734008789062,0.0,-7.558604717254639
52.0,18.75116539001465,28.916053771972656,0.0,-7.3828229904174805
52.04,18.75116539001465,28.652353286743164,0.0,-7.2949323654174805
52.08,24.183330535888672,28.740270614624023,0.0,-7.2949323654174805
52.1,24.962501525878906,28.740270614624023,0.0,-7.2949323654174805
52.14,24.962501525878906,28.740270614624023,0.0,-7.2949323654174805
52.18,21.674692153930664,28.740270614624023,0.0,-7.2949323654174805
52.22,16.814424514770508,30.410171508789062,0.0,-7.470714092254639
52.26,10.333141326904297,32.43168640136719,0.0,-7.558604717254639
52.28,10.333141326904297,35.15627670288086,0.0,-7.646495819091797
52.32,-1.0381344556808472,37.79300308227539,0.0,-7.910168170928955
52.36,-8.654019355773926,40.25394821166992,0.0,-8.34962272644043
52.4,-8.654019355773926,41.74806213378906,0.0,-8.701186180114746
52.42,-12.193486213684082,42.802757263183594,0.0,-8.789076805114746
52.46,-22.652210235595703,42.89067459106445,0.0,-8.789076805114746
52.480000000000004,-24.806764602661133,42.89067459106445,0.0,-8.789076805114746
52.52,-24.806764602661133,42.89067459106445,0.0,-8.789076805114746
52.56,-23.531036376953125,42.89067459106445,0.0,-8.789076805114746
52.6,-19.791088104248047,42.89067459106445,0.0,-8.789076805114746
52.620000000000005,-14.127584457397461,42.89067459106445,0.0,-8.789076805114746
52.660000000000004,-10.739717483520508,42.89067459106445,0.0,-8.789076805114746
52.7,-3.2628605365753174,42.45119094848633,0.0,-8.789076805114746
52.72,4.534857273101807,40.42972946166992,0.0,-8.701186180114746
52.76,4.534857273101807,38.32034683227539,0.0,-8.701186180114746
52.800000000000004,15.181533813476562,37.35352325439453,0.0,-8.613295555114746
52.82,20.569101333618164,37.08987808227539,0.0,-8.525404930114746
52.86,20.569101333618164,37.08987808227539,0.0,-8.613295555114746
52.9,24.776552200317383,37.08987808227539,0.0,-8.613295555114746
52.92,24.595178604125977,37.08987808227539,0.0,-8.525404930114746
52.96,24.595178604125977,37.08987808227539,0.0,-8.525404930114746
53.0,19.879716873168945,37.08987808227539,0.0,-8.613295555114746
53.04,14.218193054199219,37.17774200439453,0.0,-8.525404930114746
53.06,7.1597137451171875,39.1113395690918,0.0,-8.613295555114746
53.1,7.1597137451171875,41.83598709106445,0.0,-8.701186180114746
53.14,-4.514252185821533,43.33010482788086,0.0,-8.964859008789062
53.18,-11.907129287719727,46.318389892578125,0.0,-9.404313087463379
53.22,-11.907129287719727,48.427772521972656,0.0,-9.843767166137695
53.24,-15.207322120666504,49.5703239440918,0.0,-10.019549369812012
53.28,-23.980260848999023,50.44923782348633,0.0,-10.107439994812012
53.300000000000004,-24.98966407775879,50.44923782348633,0.0,-10.107439994812012
53.34,-24.98966407775879,50.44923782348633,0.0,-10.107439994812012
53.38,-21.91481590270996,50.44923782348633,0.0,-10.107439994812012
53.4,-17.096162796020508,50.44923782348633,0.0,-10.107439994812012
53.44,-17.096162796020508,50.00980758666992,0.0,-10.107439994812012
53.480000000000004,-6.889277935028076,49.482460021972656,0.0,-10.107439994812012
53.52,0.9219462871551514,48.6914176940918,0.0,-10.107439994812012
53.54,8.645174026489258,46.494171142578125,0.0,-9.931658744812012
53.58,8.645174026489258,44.736358642578125,0.0,-9.931658744812012
53.620000000000005,18.409168243408203,44.296875,0.0,-9.931658744812012
53.660000000000004,22.760034561157227,44.38479232788086,0.0,-9.931658744812012
53.68,24.106199264526367,44.38479232788086,0.0,-9.931658744812012
53.72,24.970508575439453,44.38479232788086,0.0,-9.931658744812012
53.76,23.348615646362305,44.824222564697266,0.0,-9.931658744812012
53.78,23.348615646362305,46.0546875,0.0,-9.931658744812012
53.82,16.665040969848633,47.548866271972656,0.0,-9.931658744812012
53.86,10.019302368164062,49.13090133666992,0.0,-10.019549369812012
53.88,10.019302368164062,51.59184265136719,0.0,-10.371113777160645
53.92,-1.5946446657180786,54.755863189697266,0.0,-10.898458480834961
53.96,-9.307043075561523,57.48050308227539,0.0,-11.425804138183594
53.980000000000004,-9.307043075561523,60.5566520690918,0.0,-11.865257263183594
54.02,-18.916494369506836,62.05083084106445,0.0,-12.128931045532227
54.06,-23.07862663269043,62.57811737060547,0.0,-12.216821670532227
54.08,-24.926923751831055,62.49025344848633,0.0,-12.216821670532227
54.120000000000005,-24.914674758911133,62.49025344848633,0.0,-12.304712295532227
54.14,-23.0168514251709,62.49025344848633,0.0,-12.304712295532227
54.18,-21.178447723388672,62.49025344848633,0.0,-12.216821670532227
54.22,-15.952200889587402,62.49025344848633,0.0,-12.304712295532227
54.24,-9.117413520812988,62.49025344848633,0.0,-12.304712295532227
54.28,-5.3068318367004395,62.31447219848633,0.0,-12.216821670532227
54.32,2.620643138885498,61.08399963378906,0.0,-12.216821670532227
54.34,2.620643138885498,58.710975646972656,0.0,-12.128931045532227
54.38,13.777141571044922,57.39258575439453,0.0,-12.128931045532227
54.4,19.628780364990234,56.601593017578125,0.0,-12.128931045532227
54.44,19.628780364990234,56.33789825439453,0.0,-12.128931045532227
54.480000000000004,24.556337356567383,56.33789825439453,0.0,-12.128931045532227
54.5,24.785938262939453,56.33789825439453,0.0,-12.128931045532227
54.54,24.785938262939453,56.33789825439453,0.0,-12.128931045532227
54.58,20.481592178344727,56.86524200439453,0.0,-12.128931045532227
54.620000000000005,14.932653427124023,58.44727325439453,0.0,-12.128931045532227
54.64,14.932653427124023,60.29301071166992,0.0,-12.128931045532227
54.68,3.9802193641662598,62.49025344848633,0.0,-12.392602920532227
54.72,-3.994180202484131,64.86328125,0.0,-12.656275749206543
54.74,-11.565346717834473,66.53323364257812,0.0,-12.91994857788086
54.78,-14.954697608947754,66.70901489257812,0.0,-12.91994857788086
54.82,-20.507539749145508,66.62110137939453,0.0,-12.91994857788086
54.84,-23.97023582458496,66.62110137939453,0.0,-12.91994857788086
54.88,-24.79694175720215,66.62110137939453,0.0,-12.91994857788086
54.92,-24.533355712890625,66.62110137939453,0.0,-12.91994857788086
54.94,-21.760835647583008,66.62110137939453,0.0,-12.91994857788086
54.980000000000004,-19.511940002441406,66.62110137939453,0.0,-12.91994857788086
55.02,-13.575237274169922,66.44532012939453,0.0,-12.91994857788086
55.04,-6.244714260101318,64.51171875,0.0,-12.91994857788086
55.08,-2.2875709533691406,61.87504577636719,0.0,-12.744166374206543
55.120000000000005,5.702788352966309,58.535194396972656,0.0,-12.656275749206543
55.14,13.110818862915039,55.986331939697266,0.0,-12.304712295532227
55.2,13.110818862915039,55.107421875,0.0,-12.216821670532227
55.22,16.35373878479004,54.931644439697266,0.0,-12.128931045532227
55.26,24.433195114135742,54.931644439697266,0.0,-12.128931045532227
55.300000000000004,24.851463317871094,54.931644439697266,0.0,-12.128931045532227
55.32,22.707279205322266,54.931644439697266,0.0,-12.128931045532227
55.36,22.707279205322266,55.458988189697266,0.0,-12.128931045532227
55.4,20.732465744018555,56.601593017578125,0.0,-12.216821670532227
55.42,8.152546882629395,58.710975646972656,0.0,-12.216821670532227
55.46,4.2460527420043945,60.64457702636719,0.0,-12.304712295532227
55.480000000000004,-3.7965688705444336,62.49025344848633,0.0,-12.480494499206543
55.52,-3.7965688705444336,64.4238510131836,0.0,-12.656275749206543
55.56,-14.87775707244873,64.86328125,0.0,-12.744166374206543
55.6,-20.492414474487305,64.7754135131836,0.0,-12.744166374206543
55.620000000000005,-20.492414474487305,64.7754135131836,0.0,-12.744166374206543
55.660000000000004,-24.806711196899414,64.7754135131836,0.0,-12.744166374206543
55.7,-24.504621505737305,64.7754135131836,0.0,-12.744166374206543
55.72,-21.653362274169922,64.7754135131836,0.0,-12.744166374206543
55.76,-19.35379409790039,64.5996322631836,0.0,-12.744166374206543
55.800000000000004,-13.304710388183594,63.984371185302734,0.0,-12.744166374206543
55.82,-13.304710388183594,61.43556594848633,0.0,-12.568385124206543
55.86,-9.713225364685059,57.744144439697266,0.0,-12.480494499206543
55.9,6.183073043823242,54.228515625,0.0,-12.04103946685791
55.92,13.587594032287598,49.5703239440918,0.0,-11.074240684509277
55.96,16.801803588867188,46.14261245727539,0.0,-10.634785652160645
56.0,21.8321475982666,44.648433685302734,0.0,-10.283222198486328
56.02,24.578702926635742,43.24217987060547,0.0,-10.107439994812012
56.06,24.994346618652344,43.24217987060547,0.0,-10.107439994812012
56.08,23.85373878479004,43.24217987060547,0.0,-10.107439994812012
56.120000000000005,23.85373878479004,43.24217987060547,0.0,-10.107439994812012
56.160000000000004,17.557973861694336,43.24217987060547,0.0,-10.107439994812012
56.2,10.942400932312012,43.24217987060547,0.0,-10.107439994812012
56.24,3.173339366912842,43.24217987060547,0.0,-10.107439994812012
56.28,-4.932995796203613,44.296875,0.0,-10.107439994812012
56.300000000000004,-4.932995796203613,45.615264892578125,0.0,-10.195331573486328
56.34,-15.86982536315918,46.406253814697266,0.0,-10.195331573486328
56.38,-21.223772048950195,46.406253814697266,0.0,-10.195331573486328
56.4,-21.223772048950195,46.406253814697266,0.0,-10.195331573486328
56.44,-24.943660736083984,46.406253814697266,0.0,-10.195331573486328
56.480000000000004,-24.163185119628906,46.406253814697266,0.0,-10.195331573486328
56.5,-24.163185119628906,46.14261245727539,0.0,-10.195331573486328
56.54,-18.298173904418945,45.3515625,0.0,-10.195331573486328
56.58,-11.857682228088379,43.769527435302734,0.0,-10.107439994812012
56.620000000000005,-4.157245635986328,41.66020202636719,0.0,-9.667985916137695
56.64,-4.157245635986328,38.7597770690918,0.0,-9.140640258789062
56.68,7.955894470214844,37.17774200439453,0.0,-8.701186180114746
56.72,15.156220436096191,35.683624267578125,0.0,-8.525404930114746
56.74,15.156220436096191,34.892578125,0.0,-8.34962272644043
56.78,22.745014190673828,34.541011810302734,0.0,-8.26173210144043
56.82,24.87468147277832,34.541011810302734,0.0,-8.26173210144043
56.84,24.87468147277832,34.541011810302734,0.0,-8.26173210144043
56.88,23.105268478393555,34.541011810302734,0.0,-8.26173210144043
56.92,18.794939041137695,34.541011810302734,0.0,-8.26173210144043
56.94,12.47537612915039,34.541011810302734,0.0,-8.26173210144043
56.980000000000004,12.47537612915039,36.123050689697266,0.0,-8.34962272644043
57.02,0.7426798939704895,37.70508575439453,0.0,-8.525404930114746
57.06,-7.3633222579956055,39.199256896972656,0.0,-8.525404930114746
57.08,-7.3633222579956055,40.51759338378906,0.0,-8.525404930114746
57.120000000000005,-17.798398971557617,40.69337463378906,0.0,-8.525404930114746
57.160000000000004,-22.516496658325195,40.69337463378906,0.0,-8.525404930114746
57.18,-22.516496658325195,40.69337463378906,0.0,-8.525404930114746
57.22,-23.991962432861328,40.69337463378906,0.0,-8.525404930114746
57.26,-24.9754638671875,40.69337463378906,0.0,-8.613295555114746
57.28,-19.068906784057617,40.69337463378906,0.0,-8.613295555114746
57.32,-16.157861709594727,40.69337463378906,0.0,-8.613295555114746
57.36,-9.110219955444336,39.1113395690918,0.0,-8.525404930114746
57.38,-9.110219955444336,37.001956939697266,0.0,-8.525404930114746
57.42,3.0396950244903564,34.189449310302734,0.0,-8.173840522766113
57.46,10.918966293334961,30.49808692932129,0.0,-7.558604717254639
57.480000000000004,14.466754913330078,28.47657012939453,0.0,-7.207041263580322
57.52,20.297712326049805,27.4218807220459,0.0,-6.943369388580322
57.54,20.297712326049805,26.191408157348633,0.0,-6.855478286743164
57.58,24.7966251373291,26.103546142578125,0.0,-6.855478286743164
57.620000000000005,24.48649024963379,26.103546142578125,0.0,-6.855478286743164
57.64,24.48649024963379,26.103546142578125,0.0,-6.855478286743164
57.68,23.322418212890625,26.103546142578125,0.0,-6.855478286743164
57.72,12.86323356628418,27.4218807220459,0.0,-6.943369388580322
57.76,5.1940693855285645,28.916053771972656,0.0,-7.031260013580322
57.78,5.1940693855285645,31.640642166137695,0.0,-7.207041263580322
57.82,-7.094574451446533,34.189449310302734,0.0,-7.470714092254639
57.86,-14.51091194152832,36.650394439697266,0.0,-7.734386444091797
57.88,-14.51091194152832,38.671913146972656,0.0,-7.998059272766113
57.92,-22.46779441833496,39.199256896972656,0.0,-7.998059272766113
57.96,-24.813907623291016,39.199256896972656,0.0,-7.998059272766113
57.980000000000004,-24.813907623291016,39.199256896972656,0.0,-8.085949897766113
58.02,-23.25349235534668,39.199256896972656,0.0,-8.085949897766113
58.06,-18.987646102905273,39.199256896972656,0.0,-8.085949897766113
58.1,-12.642016410827637,39.023475646972656,0.0,-7.998059272766113
58.120000000000005,-8.898648262023926,38.847694396972656,0.0,-8.085949897766113
58.160000000000004,-0.7831225395202637,38.671913146972656,0.0,-8.085949897766113
58.18,3.3652889728546143,36.914093017578125,0.0,-7.910168170928955
58.22,11.27379035949707,35.859405517578125,0.0,-7.822277545928955
58.26,17.94754409790039,35.244140625,0.0,-7.822277545928955
58.28,20.584095001220703,35.244140625,0.0,-7.822277545928955
58.32,24.09215545654297,35.244140625,0.0,-7.822277545928955
58.36,24.09215545654297,35.244140625,0.0,-7.822277545928955
58.38,24.86574935913086,35.244140625,0.0,-7.822277545928955
58.42,21.13849639892578,36.210968017578125,0.0,-7.822277545928955
58.46,15.601166725158691,37.79300308227539,0.0,-7.910168170928955
58.480000000000004,8.339625358581543,39.199256896972656,0.0,-8.085949897766113
58.52,4.3070759773254395,40.86915588378906,0.0,-8.43751335144043
58.56,-4.004520893096924,42.626976013183594,0.0,-8.789076805114746
58.58,-8.052281379699707,43.945308685302734,0.0,-9.140640258789062
58.620000000000005,-15.370783805847168,45.26369857788086,0.0,-9.316422462463379
58.660000000000004,-20.990036010742188,46.14261245727539,0.0,-9.492203712463379
58.68,-20.990036010742188,46.14261245727539,0.0,-9.492203712463379
58.72,-24.934480667114258,46.14261245727539,0.0,-9.492203712463379
58.76,-24.144784927368164,46.14261245727539,0.0,-9.492203712463379
58.78,-24.144784927368164,46.14261245727539,0.0,-9.492203712463379
58.82,-18.040010452270508,45.966827392578125,0.0,-9.492203712463379
58.86,-11.344931602478027,45.527347564697266,0.0,-9.492203712463379
58.88,-11.344931602478027,44.47265625,0.0,-9.404313087463379
58.92,0.7968385815620422,42.71489334106445,0.0,-9.404313087463379
58.96,8.977989196777344,41.04493713378906,0.0,-9.316422462463379
59.0,16.16105842590332,39.1113395690918,0.0,-9.052749633789062
59.02,21.54290771484375,38.671913146972656,0.0,-9.052749633789062
59.06,23.359912872314453,38.671913146972656,0.0,-9.052749633789062
59.1,24.9899959564209,38.671913146972656,0.0,-8.964859008789062
59.120000000000005,23.82509422302246,38.671913146972656,0.0,-9.052749633789062
59.160000000000004,23.82509422302246,38.671913146972656,0.0,-9.052749633789062
59.2,17.197723388671875,38.671913146972656,0.0,-9.052749633789062
59.24,10.243324279785156,39.199256896972656,0.0,-9.052749633789062
59.26,2.136794328689575,40.78129196166992,0.0,-9.228531837463379
59.300000000000004,-2.0668833255767822,42.36332702636719,0.0,-9.228531837463379
59.32,-10.184164047241211,43.33010482788086,0.0,-9.228531837463379
59.36,-10.184164047241211,44.296875,0.0,-9.316422462463379
59.4,-19.966032028198242,44.38479232788086,0.0,-9.316422462463379
59.44,-23.818937301635742,44.38479232788086,0.0,-9.316422462463379
59.46,-24.98971176147461,44.296875,0.0,-9.316422462463379
59.5,-24.98971176147461,44.38479232788086,0.0,-9.316422462463379
59.54,-21.507944107055664,44.20901107788086,0.0,-9.316422462463379
59.56,-16.071746826171875,44.03322982788086,0.0,-9.316422462463379
59.6,-16.071746826171875,42.45119094848633,0.0,-9.316422462463379
59.64,-4.758084774017334,41.04493713378906,0.0,-9.316422462463379
59.68,3.649864912033081,38.9355583190918,0.0,-9.052749633789062
59.7,11.647921562194824,36.650394439697266,0.0,-8.613295555114746
59.74,11.647921562194824,35.068359375,0.0,-8.34962272644043
59.78,22.934057235717773,33.310543060302734,0.0,-7.998059272766113
59.82,24.282726287841797,32.95903396606445,0.0,-7.998059272766113
59.86,24.878747940063477,32.95903396606445,0.0,-7.998059272766113
59.88,22.6472225189209,32.95903396606445,0.0,-7.998059272766113
59.92,22.6472225189209,32.95903396606445,0.0,-7.998059272766113
59.96,14.627769470214844,33.222679138183594,0.0,-7.998059272766113
