dt,yaw_cmd,yaw_pos,pitch_cmd,pitch_pos
0.3,0.0,-2.021480083465576,0.0,-4.394561290740967
0.3,0.9780510067939758,-2.021480083465576,-2.6921191215515137,-4.394561290740967
0.32,-0.8167485594749451,-2.021480083465576,-0.6455680131912231,-4.306670665740967
0.32,-0.8167485594749451,-2.021480083465576,-0.6455680131912231,-4.04299783706665
0.32,-1.1954258680343628,-2.021480083465576,-0.7520196437835693,-4.04299783706665
0.32,-2.441380262374878,-2.285125494003296,0.4094626307487488,-3.779325246810913
0.32,-3.8297338485717773,-2.460907220840454,-1.5366586446762085,-3.779325246810913
0.32,-3.8297338485717773,-3.2519524097442627,-1.5366586446762085,-3.691434383392334
0.36,-3.142071008682251,-5.624979019165039,-0.8023576736450195,-1.669943928718567
0.38,-1.6182348728179932,-6.8554511070251465,-1.9036351442337036,-1.4062713384628296
0.42,-1.8934190273284912,-7.382795810699463,-1.8857922554016113,-1.0547077655792236
0.46,-1.197615385055542,-7.382795810699463,-3.8116447925567627,-0.6152534484863281
0.48,-0.6498984694480896,-7.382795810699463,-2.07106351852417,0.5273279547691345
0.52,-1.0312038660049438,-7.382795810699463,-2.2713539600372314,1.230454921722412
0.56,-0.4176795780658722,-7.382795810699463,-0.6498644948005676,1.230454921722412
0.58,0.5271185636520386,-7.382795810699463,-0.25888586044311523,1.142564058303833
0.62,1.0792677402496338,-7.382795810699463,1.246273398399353,1.054673194885254
0.64,2.0989787578582764,-7.382795810699463,2.8773510456085205,0.17576444149017334
0.68,2.0989787578582764,-6.5917510986328125,2.8773510456085205,-2.28518009185791
0.72,2.429347515106201,-5.185551643371582,2.2331008911132812,-3.779325246810913
0.74,1.565625548362732,-4.921852111816406,1.7469985485076904,-3.9551069736480713
0.78,1.565625548362732,-4.833988189697266,1.7469985485076904,-4.13088846206665
0.8200000000000001,2.5558290481567383,-4.746070384979248,0.41643214225769043,-4.306670665740967
0.86,2.0109169483184814,-4.746070384979248,1.6338472366333008,-4.306670665740967
0.9,1.3705350160598755,-4.306643009185791,0.9011138081550598,-4.306670665740967
0.92,1.3705350160598755,-4.218724727630615,0.9011138081550598,-4.306670665740967
0.96,-0.958245038986206,-4.218724727630615,-1.8433640003204346,-4.306670665740967
1.0,0.019070826470851898,-4.218724727630615,-3.9779582023620605,-4.04299783706665
1.02,-0.06909218430519104,-4.218724727630615,-4.935161113739014,-2.28518009185791
1.06,-0.06909218430519104,-4.218724727630615,-4.935161113739014,0.9667823314666748
1.1,-2.6384427547454834,-4.218724727630615,-3.8151297569274902,2.5488181114196777
1.1400000000000001,-1.4964720010757446,-4.218724727630615,-5.0,3.0761632919311523
1.16,-1.4964720010757446,-4.218724727630615,-5.0,4.833953380584717
1.2,-1.1209408044815063,-4.394506454467773,-5.0,5.712862014770508
1.24,-1.9666680097579956,-4.658206462860107,-4.1376447677612305,6.943334102630615
1.26,-1.9666680097579956,-4.921852111816406,-4.1376447677612305,7.558570861816406
1.3,-0.03512959182262421,-5.185551643371582,-4.34756326675415,8.085916519165039
1.34,1.8156944513320923,-5.273415565490723,-2.2518863677978516,8.173807144165039
1.36,2.132362127304077,-5.273415565490723,-3.668215751647949,8.085916519165039
1.4000000000000001,2.377268075942993,-5.273415565490723,-4.176999568939209,8.085916519165039
1.44,1.7655820846557617,-5.273415565490723,-4.342408180236816,8.261697769165039
1.48,2.3714845180511475,-5.273415565490723,-2.968916893005371,10.283187866210938
1.52,2.3714845180511475,-5.273415565490723,-2.968916893005371,10.81053352355957
1.56,2.938659191131592,-4.042943000793457,-3.4519460201263428,10.81053352355957
1.58,4.589720726013184,-3.339815855026245,-4.690100193023682,11.07420539855957
1.62,4.744737148284912,-2.3730435371398926,-4.583264350891113,11.953113555908203
1.6600000000000001,3.6049556732177734,-1.3183530569076538,-2.726625680923462,12.216787338256836
1.7,3.854243755340576,0.17581908404827118,-3.9137821197509766,12.392568588256836
1.72,3.854243755340576,0.6152461171150208,-3.9137821197509766,12.744132041931152
1.76,4.155083179473877,1.2305095195770264,-2.7774252891540527,13.447259902954102
1.8,5.0,1.8457183837890625,-2.2618982791900635,13.359368324279785
1.84,5.0,2.5488452911376953,0.10975318402051926,13.359368324279785
1.86,5.0,3.4277541637420654,-0.37666749954223633,12.656241416931152
1.9000000000000001,5.0,4.306662559509277,-0.7189075946807861,12.04100513458252
1.94,5.0,4.921871185302734,-1.783082365989685,11.86522388458252
1.96,5.0,5.537134647369385,-1.783082365989685,11.86522388458252
2.0,3.0827770233154297,6.064479827880859,-3.143493175506592,11.86522388458252
2.04,3.148414134979248,6.328125476837158,-3.5321075916290283,12.744132041931152
2.06,3.148414134979248,6.328125476837158,-3.5321075916290283,13.447259902954102
2.1,3.1411619186401367,6.328125476837158,-4.947579860687256,14.853485107421875
2.14,2.384575128555298,6.328125476837158,-5.0,16.962865829467773
2.16,2.384575128555298,6.328125476837158,-5.0,18.281230926513672
2.2,-1.071667194366455,6.328125476837158,-3.3253815174102783,19.951156616210938
2.24,0.48214036226272583,6.416043758392334,-4.785534858703613,20.039047241210938
2.2600000000000002,-0.05385201796889305,6.328125476837158,-4.140636920928955,20.65428352355957
2.3000000000000003,1.1727790832519531,6.328125476837158,-4.992914199829102,22.148427963256836
2.34,-0.7534577250480652,6.328125476837158,-3.5679802894592285,22.76366424560547
2.36,0.31227773427963257,6.328125476837158,-3.3283567428588867,22.76366424560547
2.4,-0.13416877388954163,6.328125476837158,-3.027677297592163,22.85155487060547
2.44,1.1456233263015747,6.328125476837158,-3.2727420330047607,22.85155487060547
2.46,1.2944424152374268,6.328125476837158,-3.7085623741149902,22.85155487060547
2.5,1.7479889392852783,6.328125476837158,-3.386610507965088,23.730438232421875
2.54,0.3313187062740326,6.328125476837158,-3.8221569061279297,25.048799514770508
2.56,0.5167698860168457,6.328125476837158,-3.4245853424072266,25.312471389770508
2.6,1.3812644481658936,6.328125476837158,-3.410804033279419,25.400362014770508
2.64,2.2450993061065674,6.328125476837158,-3.4057161808013916,25.927709579467773
2.66,2.866826295852661,6.328125476837158,-0.3989090025424957,27.070289611816406
2.7,3.4930100440979004,6.328125476837158,0.9724715352058411,27.070289611816406
2.74,3.0249013900756836,6.416043758392334,2.4645743370056152,26.630836486816406
2.7600000000000002,3.574305534362793,6.591825485229492,3.0670318603515625,25.048799514770508
2.8000000000000003,3.0730929374694824,7.470734596252441,2.517158269882202,22.499990463256836
2.84,3.0788140296936035,8.261725425720215,1.9742028713226318,21.445301055908203
2.86,4.211546421051025,8.437506675720215,1.4269044399261475,20.47850227355957
2.9,3.755265235900879,8.613288879394531,0.6985309720039368,20.390609741210938
2.94,5.0,8.876988410949707,1.123046875,20.47850227355957
2.96,4.208446025848389,9.84376049041748,0.8678125739097595,20.390609741210938
3.0,4.200798511505127,11.162151336669922,1.1019834280014038,20.126937866210938
3.04,3.437401533126831,12.568405151367188,0.5066189169883728,19.775375366210938
3.06,2.7567827701568604,14.23830509185791,0.5838508605957031,19.599592208862305
3.1,3.2704288959503174,14.765649795532227,0.8512169122695923,19.423810958862305
3.14,3.340559959411621,14.765649795532227,0.41616037487983704,19.423810958862305
3.16,4.521945476531982,14.765649795532227,-0.3402904272079468,19.423810958862305
3.2,5.0,14.765649795532227,-0.7842953205108643,19.423810958862305
3.24,5.0,14.765649795532227,-0.5983028411865234,19.687484741210938
3.2600000000000002,5.0,15.556640625,1.4923064708709717,19.687484741210938
3.3000000000000003,5.0,17.138675689697266,1.4428229331970215,19.599592208862305
3.34,5.0,18.54492950439453,2.6197731494903564,19.248029708862305
3.36,4.1263017654418945,19.423839569091797,1.6257476806640625,16.874977111816406
3.4,3.794156074523926,20.21488380432129,0.39435023069381714,16.523412704467773
3.42,3.206855535507202,20.39066505432129,-0.4748023748397827,16.523412704467773
3.46,2.8950726985931396,20.30274772644043,-0.2441258728504181,16.962865829467773
3.5,2.2644941806793213,20.30274772644043,-0.07976143807172775,17.050758361816406
3.54,1.9907047748565674,20.30274772644043,-1.1514334678649902,17.050758361816406
3.56,1.5133155584335327,20.30274772644043,-0.21958549320697784,17.050758361816406
3.6,1.5133155584335327,20.30274772644043,-0.21958549320697784,17.226539611816406
3.64,0.8648888468742371,20.30274772644043,-1.1613109111785889,17.314430236816406
3.66,1.8994060754776,20.30274772644043,-2.6992509365081787,17.84177589416504
3.7,1.8994060754776,20.30274772644043,-2.6992509365081787,20.039047241210938
3.74,1.3535382747650146,20.30274772644043,-2.732889175415039,20.390609741210938
3.7800000000000002,2.0090696811676025,20.30274772644043,-1.9745163917541504,22.412099838256836
3.8200000000000003,0.5026797652244568,20.30274772644043,-2.236083984375,22.499990463256836
3.86,-2.214836359024048,20.30274772644043,-1.4734073877334595,22.499990463256836
3.88,-2.6746528148651123,20.30274772644043,-0.5049564242362976,22.499990463256836
3.92,-2.0624516010284424,20.30274772644043,0.19029617309570312,22.499990463256836
3.96,-2.3320274353027344,20.30274772644043,-0.4108465015888214,22.148427963256836
3.98,-0.7193325161933899,20.30274772644043,-0.9862101674079895,22.060537338256836
4.0200000000000005,-0.38392770290374756,20.30274772644043,-0.9736040234565735,22.148427963256836
4.0600000000000005,-1.3846303224563599,20.30274772644043,-2.6179351806640625,22.148427963256836
4.08,-1.237533450126648,20.30274772644043,-0.6678048968315125,23.0273380279541
4.12,-1.8122483491897583,20.30274772644043,-0.5022890567779541,24.082000732421875
4.14,-2.681488275527954,20.30274772644043,-1.3462626934051514,24.082000732421875
4.18,-3.744436025619507,20.30274772644043,-1.2624400854110718,24.082000732421875
4.22,-5.0,20.30274772644043,-2.2693257331848145,24.169891357421875
4.24,-5.0,18.896493911743164,-0.7189583778381348,24.960908889770508
4.28,-5.0,17.138675689697266,0.8727203607559204,25.48825454711914
4.3,-5.0,15.380858421325684,0.09508609026670456,25.48825454711914
4.34,-4.829146385192871,14.765649795532227,-0.09748709946870804,25.22458267211914
4.36,-4.643856525421143,14.150386810302734,-1.7286731004714966,25.22458267211914
4.4,-3.6828114986419678,13.359395980834961,-1.3329106569290161,25.22458267211914
4.44,-4.035317897796631,13.183613777160645,-1.496527075767517,25.57614517211914
4.46,-4.035317897796631,13.183613777160645,-1.496527075767517,26.191381454467773
4.5,-3.578676700592041,13.007832527160645,-2.274594306945801,26.542945861816406
4.54,-3.381842851638794,13.007832527160645,-2.3064239025115967,27.070289611816406
4.5600000000000005,-5.0,12.919968605041504,-3.744307518005371,27.77341651916504
4.6000000000000005,-5.0,12.744187355041504,-4.072942733764648,29.619125366210938
4.64,-5.0,12.216841697692871,-3.1102449893951416,30.849597930908203
4.66,-5.0,11.162151336669922,-3.043592691421509,31.90428924560547
4.7,-5.0,10.195323944091797,-2.182565450668335,32.08007049560547
4.74,-4.021612644195557,9.492197036743164,-2.347512722015381,32.08007049560547
4.76,-4.5504865646362305,8.701207160949707,-1.4465216398239136,32.25585174560547
4.8,-3.6563944816589355,7.6465163230896,-0.36591053009033203,32.25585174560547
4.84,-4.32353401184082,6.943388938903809,-1.2646348476409912,32.25585174560547
4.86,-3.5334160327911377,6.591825485229492,-0.3897923529148102,32.25585174560547
4.9,-4.335974216461182,6.503907203674316,0.9052556157112122,32.25585174560547
4.94,-3.5505707263946533,6.416043758392334,2.2494025230407715,31.376941680908203
4.96,-2.4807491302490234,6.15234375,0.5054500699043274,30.23436164855957
5.0,-2.5202696323394775,5.712916374206543,-0.22740301489830017,30.23436164855957
5.04,-1.446343183517456,5.624998569488525,0.08144784718751907,30.23436164855957
5.0600000000000005,-0.8166585564613342,5.712916374206543,-0.45146697759628296,30.14647102355957
5.1000000000000005,-0.6652608513832092,5.624998569488525,0.23188604414463043,30.14647102355957
5.14,0.012060635723173618,5.712916374206543,1.579083800315857,30.23436164855957
5.16,0.04022125527262688,5.712916374206543,-0.3878246247768402,30.14647102355957
5.2,-0.7930560111999512,5.712916374206543,0.9023452401161194,30.14647102355957
5.22,-0.06088269501924515,5.712916374206543,1.4907153844833374,30.14647102355957
5.26,-0.10641732811927795,5.712916374206543,1.0897488594055176,30.14647102355957
5.3,-0.2016313374042511,5.624998569488525,0.7946023344993591,29.970687866210938
5.34,-0.2016313374042511,5.712916374206543,0.7946023344993591,29.882797241210938
5.36,0.8113346695899963,5.712916374206543,1.650281310081482,29.794906616210938
5.4,0.11661306023597717,5.712916374206543,1.632559061050415,29.003890991210938
5.44,-1.1743147373199463,5.712916374206543,1.6078181266784668,28.652326583862305
5.48,-0.992705225944519,5.712916374206543,1.6423556804656982,28.476543426513672
5.5,-0.992705225944519,5.712916374206543,1.6423556804656982,28.300764083862305
5.5600000000000005,0.36359795928001404,5.712916374206543,1.8054083585739136,28.037090301513672
5.6000000000000005,3.274541139602661,5.712916374206543,2.570969820022583,27.509742736816406
5.62,3.274541139602661,5.712916374206543,2.570969820022583,26.367162704467773
5.66,1.9799057245254517,5.712916374206543,1.1399116516113281,25.48825454711914
5.7,0.9488051533699036,5.712916374206543,2.7895700931549072,25.48825454711914
5.74,0.689921498298645,5.712916374206543,2.3888323307037354,25.400362014770508
5.76,0.689921498298645,5.712916374206543,2.3888323307037354,25.13669204711914
5.8,-0.7689306735992432,5.712916374206543,1.4059996604919434,24.697235107421875
5.84,-0.5065242648124695,5.712916374206543,1.6321877241134644,24.521455764770508
5.86,-0.5065242648124695,5.712916374206543,1.6321877241134644,24.521455764770508
5.9,-0.6877870559692383,5.712916374206543,0.6126186847686768,24.521455764770508
5.94,0.046226851642131805,5.712916374206543,2.939598321914673,24.521455764770508
5.96,1.9574569463729858,5.712916374206543,2.7128102779388428,24.345672607421875
6.0,2.766097068786621,5.712916374206543,3.6596996784210205,22.67577362060547
6.04,1.819154977798462,5.712916374206543,2.802274465560913,21.796863555908203
6.0600000000000005,0.11397454142570496,5.712916374206543,5.0,19.160139083862305
6.1000000000000005,0.0029411055147647858,5.712916374206543,3.9703562259674072,18.10544776916504
6.140000000000001,-1.6333926916122437,5.712916374206543,3.63498592376709,17.314430236816406
6.16,-1.3545207977294922,5.712916374206543,4.897270679473877,16.962865829467773
6.2,-0.9102427959442139,5.712916374206543,5.0,15.99606704711914
6.24,0.4096224009990692,5.712916374206543,2.6988770961761475,14.677703857421875
6.26,0.49044305086135864,5.712916374206543,3.0339739322662354,14.589813232421875
6.3,0.49044305086135864,5.712916374206543,3.0339739322662354,14.589813232421875
6.34,-0.6855087280273438,5.712916374206543,3.155458927154541,14.501921653747559
6.36,0.8908707499504089,5.712916374206543,2.707858085632324,13.886686325073242
6.4,0.3770877420902252,5.712916374206543,2.7906553745269775,12.656241416931152
6.44,0.11947723478078842,5.712916374206543,2.7250120639801025,12.656241416931152
6.46,0.3083697557449341,5.712916374206543,2.69052791595459,12.656241416931152
6.5,0.3083697557449341,5.712916374206543,2.69052791595459,12.30467700958252
6.54,0.9518301486968994,5.712916374206543,3.0839500427246094,12.12889575958252
6.5600000000000005,2.0830159187316895,5.712916374206543,4.369877815246582,11.689441680908203
6.6000000000000005,-0.020091911777853966,5.712916374206543,4.582956790924072,10.546859741210938
6.640000000000001,0.31552696228027344,5.888698101043701,3.618577003479004,8.876934051513672
6.66,-0.1791326105594635,6.064479827880859,1.77413010597229,8.525370597839355
6.7,0.34005406498908997,6.064479827880859,2.04703426361084,8.613261222839355
6.74,1.180777907371521,6.064479827880859,2.082562208175659,8.525370597839355
6.76,1.5090562105178833,6.064479827880859,0.519639790058136,8.525370597839355
6.8,1.992048740386963,6.15234375,0.8253859877586365,8.613261222839355
6.84,1.3133248090744019,6.503907203674316,-1.773305892944336,8.613261222839355
6.86,0.6611754298210144,6.76760721206665,-0.9680913686752319,10.634751319885254
6.9,1.3811954259872437,6.76760721206665,-1.2824763059616089,11.337878227233887
6.94,-0.7626087069511414,6.76760721206665,-3.628048896789551,11.689441680908203
6.96,-1.3278913497924805,6.76760721206665,-4.650823593139648,14.326140403747559
7.0,-1.5639457702636719,6.76760721206665,-4.329986572265625,16.347631454467773
7.0200000000000005,-2.3993473052978516,6.76760721206665,-3.8402915000915527,17.314430236816406
7.0600000000000005,-1.7984150648117065,6.76760721206665,-4.089858531951904,18.10544776916504
7.1000000000000005,0.078819639980793,6.76760721206665,-2.115992546081543,19.072246551513672
7.12,0.078819639980793,6.76760721206665,-2.115992546081543,19.687484741210938
7.16,1.1653783321380615,6.76760721206665,-0.9241157174110413,19.687484741210938
7.2,1.148262619972229,6.76760721206665,-0.05422624945640564,19.423810958862305
7.22,1.148262619972229,6.76760721206665,-0.05422624945640564,18.36911964416504
7.26,1.9393970966339111,6.76760721206665,1.075852394104004,17.92966651916504
7.3,2.625108242034912,6.76760721206665,1.2417515516281128,16.787084579467773
7.34,2.625108242034912,6.943388938903809,1.2417515516281128,15.556612968444824
7.36,0.9385901093482971,7.734379768371582,2.2668683528900146,15.117158889770508
7.4,1.5009148120880127,8.085943222045898,2.4826431274414062,13.798794746398926
7.44,0.44473031163215637,8.173861503601074,2.3967835903167725,12.568350791931152
7.48,0.34928345680236816,8.173861503601074,1.7439430952072144,12.30467700958252
7.5,0.34928345680236816,8.173861503601074,1.7439430952072144,12.216787338256836
7.54,0.34928345680236816,8.173861503601074,1.7439430952072144,12.04100513458252
7.6000000000000005,-0.9247164726257324,8.085943222045898,0.7692989706993103,11.601550102233887
7.62,-1.0467807054519653,8.085943222045898,0.025872988626360893,11.601550102233887
7.66,-0.9836826324462891,8.173861503601074,-0.9098399877548218,11.689441680908203
7.7,-1.703671932220459,8.085943222045898,-0.605805516242981,12.480459213256836
7.74,-1.3707929849624634,8.085943222045898,0.2763652801513672,13.535149574279785
7.76,-1.3707929849624634,8.085943222045898,0.2763652801513672,13.535149574279785
7.8,0.7742789387702942,8.085943222045898,-0.7409968376159668,13.535149574279785
7.84,3.166903495788574,8.085943222045898,0.17438656091690063,13.535149574279785
7.86,3.166903495788574,8.085943222045898,0.17438656091690063,13.447259902954102
7.9,1.9686533212661743,8.085943222045898,1.7217179536819458,13.535149574279785
7.94,1.2950738668441772,8.085943222045898,1.4151883125305176,12.744132041931152
7.96,1.5655593872070312,8.085943222045898,-0.2230874001979828,11.601550102233887
8.0,1.6075379848480225,8.085943222045898,-0.7948201298713684,11.601550102233887
8.040000000000001,0.813697099685669,8.173861503601074,1.0138283967971802,11.601550102233887
8.06,1.1214470863342285,8.173861503601074,0.8815333843231201,11.777332305908203
8.1,0.8906665444374084,8.173861503601074,1.1850708723068237,11.689441680908203
8.14,1.6982628107070923,8.173861503601074,2.827563524246216,11.601550102233887
8.16,1.9778999090194702,8.261725425720215,2.311460256576538,10.107406616210938
8.2,1.7960071563720703,8.52542495727539,3.0589566230773926,9.492170333862305
8.24,2.5042006969451904,8.701207160949707,1.2437443733215332,8.964824676513672
8.26,1.7743693590164185,8.876988410949707,0.46303582191467285,8.613261222839355
8.3,3.0993971824645996,9.052770614624023,0.12278762459754944,8.613261222839355
8.34,5.0,9.316415786743164,-0.12107989937067032,8.701151847839355
8.36,5.0,10.019542694091797,-1.2314343452453613,8.876934051513672
8.4,5.0,11.513714790344238,-1.1458951234817505,9.580060958862305
8.44,5.0,13.798823356628418,-0.5685386657714844,9.580060958862305
8.46,5.0,16.347684860229492,0.29920342564582825,9.580060958862305
8.5,5.0,18.896493911743164,0.7808130979537964,9.580060958862305
8.540000000000001,5.0,19.248056411743164,0.08616161346435547,9.492170333862305
8.56,5.0,19.511756896972656,-0.8965746760368347,9.316388130187988
8.6,5.0,20.21488380432129,-0.5629032850265503,9.316388130187988
8.64,5.0,20.47852897644043,-0.4092821776866913,9.316388130187988
8.66,5.0,20.742229461669922,-0.6732228398323059,9.316388130187988
8.700000000000001,5.0,21.181655883789062,-1.3344711065292358,9.316388130187988
8.74,5.0,22.060564041137695,-1.4269816875457764,9.404278755187988
8.78,5.0,23.29103660583496,-0.38259783387184143,9.404278755187988
8.8,5.0,23.818382263183594,-0.38259783387184143,9.316388130187988
8.84,5.0,24.257808685302734,-0.255126029253006,9.316388130187988
8.88,5.0,24.785154342651367,-1.5231558084487915,9.316388130187988
8.92,5.0,25.6640625,-2.4585278034210205,9.316388130187988
8.94,5.0,26.630889892578125,-2.4585278034210205,9.667951583862305
8.98,5.0,27.334016799926758,-2.6626718044281006,10.458970069885254
9.02,5.0,28.12500762939453,-0.7754536867141724,11.24998664855957
9.040000000000001,5.0,29.091833114624023,-0.7754536867141724,11.162096977233887
9.08,5.0,29.794960021972656,-0.044896334409713745,11.07420539855957
9.120000000000001,4.663277626037598,30.322307586669922,0.5950685143470764,10.98631477355957
9.14,3.524426221847534,30.937515258789062,0.23684194684028625,9.667951583862305
9.18,3.3957574367523193,31.728561401367188,0.6665951609611511,9.404278755187988
9.22,2.2591300010681152,32.34376907348633,0.15178243815898895,8.876934051513672
9.24,1.8264527320861816,32.34376907348633,0.08598358929157257,8.789043426513672
9.28,1.7857657670974731,32.34376907348633,-0.04510987177491188,8.876934051513672
9.32,3.9381799697875977,32.34376907348633,-0.5765915513038635,8.876934051513672
9.34,2.912153482437134,32.34376907348633,-0.4043085277080536,8.876934051513672
9.38,1.6189826726913452,32.34376907348633,-0.8483362793922424,8.876934051513672
9.42,0.260952353477478,32.34376907348633,-0.4996146261692047,9.140606880187988
9.44,1.471177101135254,32.34376907348633,1.1353603601455688,9.228497505187988
9.48,1.0408520698547363,32.34376907348633,1.173360824584961,9.228497505187988
9.52,2.7004356384277344,32.34376907348633,0.19597570598125458,8.437479972839355
9.540000000000001,1.9901081323623657,32.34376907348633,2.985426425933838,8.437479972839355
9.58,1.6366546154022217,32.34376907348633,2.320939540863037,8.085916519165039
9.620000000000001,2.2394580841064453,32.34376907348633,2.7278103828430176,6.943334102630615
9.64,1.2576024532318115,32.43168640136719,2.379523515701294,6.152316093444824
9.68,0.9229789972305298,32.60746765136719,3.4113991260528564,5.62497091293335
9.72,0.15530860424041748,32.60746765136719,2.706254482269287,4.218717098236084
9.74,-0.5003075003623962,32.60746765136719,2.456799030303955,3.9550445079803467
9.78,-0.3338123559951782,32.60746765136719,2.9239842891693115,3.8671536445617676
9.82,0.5970683097839355,32.60746765136719,1.6291919946670532,3.515617609024048
9.84,-0.8298564553260803,32.60746765136719,1.6127182245254517,3.515617609024048
9.88,0.08182072639465332,32.60746765136719,2.5018129348754883,3.515617609024048
9.9,0.7132705450057983,32.60746765136719,2.2629201412200928,3.0761632919311523
9.94,1.0243202447891235,32.60746765136719,2.456085681915283,2.4609272480010986
9.98,2.394115924835205,32.60746765136719,3.9481678009033203,2.021472692489624
10.0,4.330782413482666,32.60746765136719,4.3279619216918945,0.17576444149017334
10.040000000000001,4.08900260925293,32.60746765136719,3.2691690921783447,-1.3183804750442505
10.08,2.7442338466644287,32.60746765136719,1.8500449657440186,-1.3183804750442505
10.1,2.7442338466644287,33.13481521606445,1.8500449657440186,-1.2304894924163818
10.14,1.6920338869094849,35.15627670288086,0.9905472993850708,-1.3183804750442505
10.18,2.048754930496216,37.08987808227539,0.4871194660663605,-1.4941622018814087
10.200000000000001,0.08963479846715927,37.88086700439453,-0.20737788081169128,-1.2304894924163818
10.24,-0.6327123045921326,37.79300308227539,-1.7234872579574585,-0.26368993520736694
10.28,-0.39357367157936096,37.88086700439453,-1.5145461559295654,0.5273279547691345
10.32,-0.9066888689994812,37.88086700439453,-1.8183281421661377,1.7578002214431763
10.34,-0.9066888689994812,37.79300308227539,-1.8183281421661377,2.812490701675415
10.38,-2.4002816677093506,37.79300308227539,-1.4204504489898682,2.9882724285125732
10.42,-0.6606292724609375,37.88086700439453,-1.5700677633285522,2.9882724285125732
10.44,-0.6606292724609375,37.79300308227539,-1.5700677633285522,3.3398358821868896
10.48,-0.013011719100177288,37.79300308227539,-2.5763049125671387,3.779289960861206
10.52,-1.087235689163208,37.79300308227539,-2.477722644805908,4.394498825073242
10.540000000000001,-1.087235689163208,37.79300308227539,-2.477722644805908,4.921844005584717
10.58,-2.8083958625793457,37.79300308227539,-1.063476800918579,5.361298561096191
10.620000000000001,-2.7175066471099854,37.79300308227539,-1.8077454566955566,5.53708028793335
10.64,-2.1733524799346924,37.26565933227539,-0.662869393825531,5.62497091293335
10.68,-2.4200165271759033,36.386749267578125,0.18040843307971954,5.62497091293335
10.72,-0.7870751619338989,36.386749267578125,-1.8522394895553589,5.361298561096191
10.74,-1.7155110836029053,36.298831939697266,-1.1863924264907837,5.361298561096191
10.78,-0.006326501723378897,36.298831939697266,-1.064463496208191,5.449189186096191
10.82,1.0188103914260864,36.298831939697266,-0.791064977645874,5.449189186096191
10.84,1.2088959217071533,36.386749267578125,-1.4856194257736206,5.449189186096191
10.88,2.52140212059021,36.298831939697266,-1.2339023351669312,5.712862014770508
10.92,0.23594288527965546,36.386749267578125,0.02039281092584133,6.064425468444824
10.94,-1.477419137954712,36.298831939697266,0.09166142344474792,5.976534366607666
10.98,-0.6786941289901733,36.298831939697266,1.476245403289795,5.888643741607666
11.02,-0.5494248867034912,36.298831939697266,-0.22023306787014008,5.361298561096191
11.040000000000001,-0.5941928625106812,36.298831939697266,0.8107746243476868,5.361298561096191
11.08,-0.07870514690876007,36.386749267578125,1.1463451385498047,5.361298561096191
11.120000000000001,0.14122474193572998,36.298831939697266,0.7442136406898499,4.746062278747559
11.14,-0.030403753742575645,36.386749267578125,0.2750857472419739,4.746062278747559
11.18,0.6256468892097473,36.298831939697266,1.7854690551757812,4.482389450073242
11.22,0.5554841160774231,36.298831939697266,1.6618467569351196,3.3398358821868896
11.24,-0.4687456488609314,36.298831939697266,2.1689741611480713,3.1640541553497314
11.28,0.05453498288989067,36.298831939697266,2.386810302734375,2.3730363845825195
11.32,-0.3851264715194702,36.298831939697266,2.3990073204040527,1.5820183753967285
11.36,0.8688744306564331,36.298831939697266,2.1624457836151123,0.9667823314666748
11.38,0.8688744306564331,36.298831939697266,2.1624457836151123,0.7031096816062927
11.42,1.7406750917434692,36.298831939697266,3.509040117263794,0.43943706154823303
11.46,-0.3469518721103668,36.298831939697266,3.728015899658203,-1.1425986289978027
11.48,-0.17639189958572388,36.386749267578125,1.998996376991272,-1.845725655555725
11.52,-0.9009219408035278,36.386749267578125,2.6877100467681885,-1.845725655555725
11.540000000000001,-1.365298867225647,36.386749267578125,2.1329612731933594,-1.9336165189743042
11.58,-1.550139307975769,36.386749267578125,1.8184864521026611,-1.9336165189743042
11.620000000000001,-1.8805352449417114,36.386749267578125,0.5786234736442566,-1.9336165189743042
11.64,-1.8805352449417114,36.386749267578125,0.5786234736442566,-1.757834792137146
11.68,-2.0206854343414307,36.386749267578125,2.0288259983062744,-1.669943928718567
11.72,-0.8586010336875916,36.386749267578125,3.7938499450683594,-1.669943928718567
11.74,-0.8586010336875916,36.386749267578125,3.7938499450683594,-2.021507501602173
11.78,-2.054584503173828,36.386749267578125,4.670989990234375,-4.13088846206665
11.82,-1.5692572593688965,36.386749267578125,4.2063446044921875,-5.537142753601074
11.84,-1.6159347295761108,36.386749267578125,3.4127368927001953,-7.031260013580322
11.88,-0.8402626514434814,36.386749267578125,4.428179740905762,-7.3828229904174805
11.92,-2.78133225440979,36.386749267578125,4.234401702880859,-7.646495819091797
11.94,-3.7420225143432617,36.386749267578125,5.0,-9.140640258789062
11.98,-3.387946128845215,35.947265625,4.622427463531494,-10.019549369812012
12.02,-4.5054731369018555,34.189449310302734,5.0,-10.634785652160645
12.040000000000001,-4.137382507324219,31.640642166137695,5.0,-11.337912559509277
12.08,-3.8622751235961914,30.673870086669922,5.0,-12.216821670532227
12.120000000000001,-4.366505146026611,30.14652442932129,5.0,-12.568385124206543
12.14,-4.366505146026611,29.355480194091797,5.0,-13.535184860229492
12.18,-3.296841621398926,28.916053771972656,5.0,-14.414093971252441
12.200000000000001,-4.62488317489624,28.47657012939453,5.0,-14.589875221252441
12.24,-4.143173694610596,27.86136245727539,4.235538005828857,-15.293002128601074
12.280000000000001,-4.767213821411133,27.50979995727539,5.0,-15.46878433227539
12.3,-4.767213821411133,27.334016799926758,5.0,-16.875009536743164
12.36,-5.0,25.751981735229492,5.0,-17.66602897644043
12.38,-5.0,24.433591842651367,5.0,-18.457046508789062
12.42,-5.0,23.642601013183594,5.0,-18.984390258789062
12.46,-5.0,23.02739143371582,5.0,-19.863300323486328
12.48,-5.0,22.50004768371582,5.0,-20.830101013183594
12.52,-5.0,21.884782791137695,5.0,-21.181663513183594
12.540000000000001,-5.0,21.269573211669922,5.0,-22.23635482788086
12.58,-5.0,20.918010711669922,5.0,-22.939481735229492
12.620000000000001,-5.0,20.03910255432129,3.631882905960083,-23.554718017578125
12.64,-5.0,19.248056411743164,3.631882905960083,-23.554718017578125
12.68,-5.0,18.720712661743164,2.8511135578155518,-23.554718017578125
12.72,-5.0,18.28128433227539,2.434368371963501,-23.554718017578125
12.74,-5.0,17.4902400970459,0.10845154523849487,-23.466825485229492
12.780000000000001,-5.0,16.787113189697266,0.8136245012283325,-23.203153610229492
12.82,-5.0,16.083986282348633,2.8626012802124023,-22.851591110229492
12.84,-5.0,15.644558906555176,2.907670497894287,-22.76369857788086
12.88,-5.0,15.117213249206543,2.3962666988372803,-22.76369857788086
12.92,-5.0,14.41408634185791,0.5957955121994019,-22.76369857788086
12.94,-5.0,13.710959434509277,1.4652684926986694,-22.76369857788086
12.98,-5.0,13.09575080871582,1.3930513858795166,-22.76369857788086
13.02,-5.0,12.832050323486328,1.3553825616836548,-22.76369857788086
13.040000000000001,-4.243327617645264,12.392623901367188,1.0216612815856934,-22.76369857788086
13.08,-5.0,11.953142166137695,1.642029047012329,-22.76369857788086
13.120000000000001,-5.0,11.601578712463379,0.6462574601173401,-22.76369857788086
13.14,-5.0,10.898451805114746,-0.6989896893501282,-22.76369857788086
13.18,-5.0,10.283242225646973,-1.6674555540084839,-22.324243545532227
13.22,-5.0,9.66797924041748,-2.8640029430389404,-21.093772888183594
13.24,-5.0,8.613288879394531,-2.7965128421783447,-18.369155883789062
13.280000000000001,-4.893194198608398,7.470734596252441,-3.0044801235198975,-16.611337661743164
13.32,-3.176203727722168,6.679688930511475,-2.4382028579711914,-15.996101379394531
13.34,-1.2286102771759033,6.503907203674316,-1.6319074630737305,-15.556674003601074
13.38,-1.2354905605316162,6.503907203674316,0.20222212374210358,-15.205110549926758
13.4,-1.4888463020324707,6.503907203674316,-0.4219924509525299,-15.205110549926758
13.44,-2.4134373664855957,6.503907203674316,0.3215877115726471,-15.293002128601074
13.48,-2.286752700805664,6.503907203674316,0.0644293799996376,-15.908210754394531
13.5,-0.983086884021759,6.503907203674316,-0.3651703894138336,-16.17188262939453
13.540000000000001,-0.581383228302002,6.503907203674316,-0.01268896646797657,-16.17188262939453
13.58,-0.07482527941465378,6.503907203674316,-0.6569771766662598,-16.17188262939453
13.6,-0.14372599124908447,6.503907203674316,-2.439873695373535,-16.17188262939453
13.64,-0.4835510551929474,6.503907203674316,-2.296548366546631,-15.908210754394531
13.68,0.49061426520347595,6.503907203674316,-3.833012819290161,-15.380892753601074
13.700000000000001,0.49061426520347595,6.503907203674316,-3.833012819290161,-13.710967063903809
13.76,-1.0183627605438232,6.503907203674316,-0.9817191362380981,-11.865257263183594
13.780000000000001,-1.0183627605438232,6.503907203674316,-0.9817191362380981,-11.865257263183594
13.82,-2.681173801422119,6.503907203674316,-3.802341938018799,-12.04103946685791
13.86,-2.8376688957214355,6.503907203674316,-2.560922622680664,-12.04103946685791
13.88,-3.3128480911254883,6.503907203674316,-1.3697904348373413,-11.77736759185791
13.92,-2.7702574729919434,6.503907203674316,-1.483736515045166,-11.601585388183594
13.96,-4.19894552230835,6.503907203674316,-0.9257000088691711,-11.601585388183594
13.98,-4.836293697357178,6.064479827880859,-1.5154160261154175,-11.601585388183594
14.02,-5.0,4.39452600479126,-1.2607816457748413,-11.77736759185791
14.06,-4.178947448730469,2.373063564300537,-1.5488888025283813,-11.513693809509277
14.08,-4.3607497215271,0.7910279035568237,-0.3431355357170105,-10.722677230834961
14.120000000000001,-5.0,0.17581908404827118,0.20392882823944092,-10.634785652160645
14.16,-4.229161262512207,-0.7030896544456482,0.4504356384277344,-10.634785652160645
14.18,-3.7945756912231445,-2.021480083465576,1.37910795211792,-10.810566902160645
14.22,-3.3190112113952637,-2.8124706745147705,0.6034025549888611,-11.513693809509277
14.24,-3.7626760005950928,-2.8124706745147705,0.5179641842842102,-11.601585388183594
14.280000000000001,-3.4150702953338623,-2.8124706745147705,-0.6272745132446289,-12.04103946685791
14.32,-4.162815570831299,-2.8124706745147705,1.0116063356399536,-12.04103946685791
14.34,-4.164685249328613,-2.9882524013519287,0.19781726598739624,-11.95314884185791
14.38,-4.381500720977783,-3.867161512374878,1.1353644132614136,-11.95314884185791
14.42,-4.526821136474609,-4.658206462860107,1.7648677825927734,-11.95314884185791
14.44,-4.526821136474609,-5.185551643371582,1.7648677825927734,-13.00783920288086
14.48,-4.7431159019470215,-5.9765424728393555,1.3545252084732056,-13.09572982788086
14.5,-5.0,-6.767532825469971,2.0445427894592285,-13.09572982788086
14.540000000000001,-5.0,-7.734359264373779,3.2427213191986084,-13.183621406555176
14.58,-5.0,-8.173786163330078,3.39540433883667,-14.150420188903809
14.6,-5.0,-8.964831352233887,3.470472812652588,-15.205110549926758
14.64,-5.0,-9.843740463256836,3.355485677719116,-16.08399200439453
14.66,-5.0,-10.546867370605469,3.608555316925049,-16.787120819091797
14.700000000000001,-5.0,-10.898430824279785,2.2778995037078857,-17.49024772644043
14.74,-5.0,-11.249994277954102,1.340789794921875,-17.578136444091797
14.76,-5.0,-12.12890338897705,1.1580607891082764,-17.578136444091797
14.8,-5.0,-12.656248092651367,0.5482507348060608,-17.578136444091797
14.84,-5.0,-13.095675468444824,0.797793447971344,-17.226573944091797
14.86,-5.0,-13.535157203674316,0.797793447971344,-16.962902069091797
14.9,-5.0,-13.974583625793457,-0.8119224309921265,-16.962902069091797
14.94,-5.0,-14.589847564697266,0.1282915323972702,-16.699228286743164
14.96,-5.0,-15.292974472045898,0.1282915323972702,-16.17188262939453
15.0,-5.0,-15.996047019958496,0.9457378387451172,-16.08399200439453
15.040000000000001,-5.0,-16.699172973632812,0.5251919627189636,-15.996101379394531
15.06,-4.8563551902771,-17.402299880981445,0.09442028403282166,-15.996101379394531
15.1,-4.989019393920898,-18.19334602355957,1.7392784357070923,-16.08399200439453
15.14,-4.314478397369385,-19.511682510375977,1.1598023176193237,-16.08399200439453
15.16,-5.0,-20.30272674560547,-1.3570222854614258,-16.08399200439453
15.200000000000001,-4.21397066116333,-20.6542911529541,-1.132652759552002,-15.996101379394531
15.24,-3.82027530670166,-20.917936325073242,0.25298985838890076,-15.293002128601074
15.26,-3.82027530670166,-21.269500732421875,0.25298985838890076,-15.205110549926758
15.3,-1.7711079120635986,-21.445281982421875,-0.9120035767555237,-15.205110549926758
15.32,-1.1837843656539917,-21.445281982421875,0.49556252360343933,-15.205110549926758
15.36,-1.272950291633606,-21.445281982421875,2.1203980445861816,-15.205110549926758
15.4,-1.7808499336242676,-21.445281982421875,1.9349236488342285,-15.205110549926758
15.42,-1.1335768699645996,-21.445281982421875,3.3728976249694824,-16.17188262939453
15.46,-1.6978908777236938,-21.445281982421875,2.8462400436401367,-17.66602897644043
15.5,-2.0150105953216553,-21.445281982421875,0.4485630691051483,-18.10548210144043
15.52,-3.4522910118103027,-21.445281982421875,1.608319878578186,-18.10548210144043
15.56,-3.105496406555176,-21.445281982421875,1.2050449848175049,-18.10548210144043
15.6,-3.321681499481201,-21.445281982421875,1.7694200277328491,-18.10548210144043
15.620000000000001,-3.321681499481201,-22.148408889770508,1.7694200277328491,-18.10548210144043
15.66,-3.8643062114715576,-22.939455032348633,1.508116364479065,-18.10548210144043
15.700000000000001,-2.7728919982910156,-23.730445861816406,1.0170691013336182,-18.10548210144043
15.72,-2.7728919982910156,-24.87302589416504,1.0170691013336182,-18.01759147644043
15.76,-4.215868949890137,-25.40036964416504,1.0574140548706055,-18.01759147644043
15.8,-4.007957935333252,-25.40036964416504,0.6399356126785278,-18.01759147644043
15.82,-4.007957935333252,-25.664043426513672,0.6399356126785278,-18.10548210144043
15.860000000000001,-2.1591458320617676,-26.630844116210938,1.0958976745605469,-18.10548210144043
15.9,-0.8785511255264282,-27.949207305908203,-1.065757155418396,-18.01759147644043
15.92,-0.8242422938346863,-29.619104385375977,-2.158111333847046,-17.66602897644043
15.96,-0.12783919274806976,-30.4101505279541,-1.6371835470199585,-15.820320129394531
16.0,-0.19417943060398102,-30.498014450073242,-1.6483407020568848,-15.380892753601074
16.02,-0.33147773146629333,-30.498014450073242,-1.4417356252670288,-14.853547096252441
16.06,-0.17527461051940918,-30.498014450073242,-1.8134247064590454,-14.765657424926758
16.1,-0.3123549222946167,-30.498014450073242,-2.7678864002227783,-13.886748313903809
16.12,0.18166039884090424,-30.498014450073242,-1.4023640155792236,-13.271512031555176
16.16,-1.0838412046432495,-30.498014450073242,-1.4455264806747437,-12.83205795288086
16.2,-1.38752019405365,-30.498014450073242,0.34128159284591675,-12.83205795288086
16.22,-0.6032022833824158,-30.498014450073242,1.2346419095993042,-12.91994857788086
16.26,-0.97557532787323,-30.498014450073242,2.2737767696380615,-13.886748313903809
16.3,-2.036442518234253,-30.498014450073242,3.219987630844116,-15.380892753601074
16.32,-0.3237645626068115,-30.498014450073242,2.9636659622192383,-15.820320129394531
16.36,0.9548737406730652,-30.498014450073242,3.544349193572998,-17.75391960144043
16.4,2.568166971206665,-30.498014450073242,3.6963183879852295,-18.10548210144043
16.42,1.0143462419509888,-30.498014450073242,3.136469602584839,-19.599628448486328
16.46,2.8881287574768066,-30.498014450073242,3.8855786323547363,-21.00588035583496
16.5,1.440050721168518,-30.498014450073242,4.50036096572876,-21.972681045532227
16.52,1.9908515214920044,-30.498014450073242,3.1293630599975586,-23.554718017578125
16.56,1.759146809577942,-30.498014450073242,3.0312750339508057,-23.554718017578125
16.580000000000002,3.8193514347076416,-30.32223129272461,3.2922492027282715,-23.642608642578125
16.62,4.72426176071167,-29.619104385375977,4.32857084274292,-24.345735549926758
16.66,4.329819679260254,-28.740198135375977,2.7711358070373535,-25.312536239624023
16.68,4.329819679260254,-26.982406616210938,2.7711358070373535,-26.367197036743164
16.72,4.663283824920654,-25.751934051513672,0.9850830435752869,-26.542980194091797
16.76,3.6508946418762207,-24.87302589416504,-0.4912325441837311,-26.542980194091797
16.78,3.99998140335083,-23.730445861816406,1.9993244409561157,-26.542980194091797
16.82,3.99998140335083,-22.939455032348633,1.9993244409561157,-26.542980194091797
16.86,4.792226791381836,-22.939455032348633,1.9702134132385254,-26.630870819091797
16.88,3.951686143875122,-22.67575454711914,2.4217820167541504,-26.982433319091797
16.92,3.7503421306610107,-22.148408889770508,2.920071601867676,-27.77345085144043
16.96,4.642007350921631,-21.796844482421875,3.8123886585235596,-29.443378448486328
17.0,4.8941569328308105,-21.181636810302734,1.8998931646347046,-30.673851013183594
17.02,4.8941569328308105,-20.21480941772461,1.8998931646347046,-30.849632263183594
17.06,3.2001264095306396,-19.335899353027344,3.9214706420898438,-30.849632263183594
17.1,3.0595507621765137,-18.896472930908203,3.313371181488037,-31.464868545532227
17.12,3.4811291694641113,-18.896472930908203,2.215813398361206,-32.69533920288086
17.16,2.635906934738159,-18.808555603027344,3.1106207370758057,-32.871124267578125
17.2,2.759528636932373,-18.808555603027344,3.6437108516693115,-33.310577392578125
17.22,2.3345351219177246,-18.720691680908203,2.3825573921203613,-34.80472183227539
17.26,1.3972139358520508,-18.544910430908203,2.3432717323303223,-35.59571075439453
17.28,1.771789312362671,-18.544910430908203,1.2999943494796753,-35.59571075439453
17.32,1.6871719360351562,-18.544910430908203,1.4428057670593262,-35.59571075439453
17.36,0.26193615794181824,-18.544910430908203,1.91758394241333,-35.59571075439453
17.38,1.707575798034668,-18.544910430908203,2.741260051727295,-35.59571075439453
17.42,2.92431378364563,-18.544910430908203,1.4776514768600464,-35.59571075439453
17.46,4.281093120574951,-18.544910430908203,2.491405487060547,-35.59571075439453
17.48,3.9047701358795166,-18.45699119567871,2.060155153274536,-36.2109489440918
17.52,4.521422863006592,-18.28120994567871,2.5681374073028564,-36.3867301940918
17.56,3.559199810028076,-18.01756477355957,1.4540566205978394,-37.17774963378906
17.580000000000002,3.559199810028076,-17.226518630981445,1.4540566205978394,-38.05665588378906
17.62,2.791501522064209,-16.611310958862305,1.6930253505706787,-38.05665588378906
17.66,2.8936736583709717,-16.083965301513672,3.007392644882202,-38.14454650878906
17.68,2.8936736583709717,-15.64448356628418,3.007392644882202,-38.93556594848633
17.72,3.469196319580078,-15.205056190490723,2.672388792037964,-40.166038513183594
17.76,2.8171043395996094,-14.853492736816406,-0.968258261680603,-40.517601013183594
17.78,2.8463709354400635,-14.50192928314209,-2.0542895793914795,-40.517601013183594
17.82,3.1760478019714355,-14.150365829467773,-1.6229034662246704,-40.517601013183594
17.84,3.4031198024749756,-13.535157203674316,0.14407004415988922,-40.429710388183594
17.88,3.0316081047058105,-12.744112014770508,1.2449249029159546,-40.429710388183594
17.92,2.8668999671936035,-11.777339935302734,1.741914987564087,-40.429710388183594
17.94,2.8668999671936035,-11.513639450073242,1.741914987564087,-40.517601013183594
17.98,3.0153608322143555,-11.337858200073242,0.9518561959266663,-41.13283920288086
18.02,3.4808337688446045,-11.074212074279785,3.3162171840667725,-41.220726013183594
18.04,2.672964572906494,-10.986294746398926,3.078291893005371,-41.92385482788086
18.080000000000002,2.6092708110809326,-10.546867370605469,3.1620614528656006,-43.769561767578125
18.12,1.2857433557510376,-10.283166885375977,3.9070870876312256,-44.648475646972656
18.14,1.2857433557510376,-10.283166885375977,3.9070870876312256,-45.4394645690918
18.18,1.8907899856567383,-10.283166885375977,3.4337525367736816,-47.02149963378906
18.22,2.7793519496917725,-10.283166885375977,2.2817604541778564,-47.63673400878906
18.240000000000002,2.456878900527954,-10.195303916931152,1.5462006330490112,-47.63673400878906
18.28,2.7983453273773193,-9.75582218170166,1.2997956275939941,-47.63673400878906
18.32,3.7219479084014893,-9.228476524353027,-0.08117907494306564,-47.63673400878906
18.34,4.084414958953857,-8.525349617004395,-1.8545331954956055,-47.54884719848633
18.38,2.2657480239868164,-7.822222709655762,-2.169400930404663,-47.46095275878906
18.42,3.246722459793091,-6.8554511070251465,-2.735599994659424,-46.0546989440918
18.44,3.1843137741088867,-6.064405918121338,-2.1827266216278076,-44.91211700439453
18.48,3.6491360664367676,-5.9765424728393555,-1.869713544845581,-44.12112808227539
18.52,4.834835052490234,-5.712897300720215,-1.8412376642227173,-42.890655517578125
18.54,3.474104881286621,-4.746070384979248,-1.4454517364501953,-42.890655517578125
18.580000000000002,3.83030104637146,-3.603516101837158,-2.037882089614868,-42.890655517578125
18.62,5.0,-2.548825263977051,-1.3474278450012207,-42.80276107788086
18.64,5.0,-1.7577801942825317,-1.0026198625564575,-42.80276107788086
18.68,5.0,-0.6152260899543762,-2.193678140640259,-42.80276107788086
18.72,5.0,0.17581908404827118,-3.2453489303588867,-42.80276107788086
18.740000000000002,5.0,1.1425913572311401,-1.8270658254623413,-42.80276107788086
18.78,5.0,2.1094183921813965,-2.172180652618408,-41.92385482788086
18.82,5.0,2.7246270179748535,-3.2634551525115967,-41.835968017578125
18.84,5.0,3.339890480041504,-3.2634551525115967,-41.660179138183594
18.88,5.0,4.130880832672119,-2.918210506439209,-40.517601013183594
18.900000000000002,5.0,4.658226013183594,-1.8771682977676392,-39.902366638183594
18.94,5.0,5.449216365814209,-3.30342698097229,-39.902366638183594
18.98,4.291572093963623,5.800780296325684,-3.3014888763427734,-39.902366638183594
19.0,2.615187883377075,6.15234375,-2.361090660095215,-39.28712844848633
19.04,1.8065508604049683,6.15234375,-1.5045958757400513,-39.28712844848633
19.080000000000002,2.3536853790283203,6.15234375,-2.3014631271362305,-39.28712844848633
19.1,3.5006771087646484,6.15234375,-3.28216290473938,-39.19923782348633
19.14,2.5692026615142822,6.15234375,-3.0662343502044678,-38.05665588378906
19.18,3.8777987957000732,6.15234375,-3.549600601196289,-37.17774963378906
19.2,3.8777987957000732,6.15234375,-3.549600601196289,-36.1230583190918
19.240000000000002,0.7027188539505005,6.328125476837158,-1.7852617502212524,-35.50782012939453
19.28,0.7848045825958252,6.416043758392334,-1.159297227859497,-35.50782012939453
19.3,0.7848045825958252,6.416043758392334,-1.159297227859497,-35.50782012939453
19.34,0.014447513967752457,6.416043758392334,-0.7421980500221252,-35.50782012939453
19.38,1.1883267164230347,6.416043758392334,-0.26994436979293823,-35.6836051940918
19.400000000000002,-1.6472880840301514,6.416043758392334,0.8200830817222595,-35.94727325439453
19.44,-1.9604612588882446,6.416043758392334,1.489014983177185,-36.3867301940918
19.46,-0.17735253274440765,6.416043758392334,2.569432020187378,-37.70509338378906
19.5,-0.023904934525489807,6.416043758392334,1.9340906143188477,-39.28712844848633
19.54,0.00529166404157877,6.416043758392334,0.16195426881313324,-39.46290969848633
19.56,0.00529166404157877,6.416043758392334,0.16195426881313324,-39.550804138183594
19.6,0.3309493362903595,6.416043758392334,1.6261245012283325,-39.550804138183594
19.64,-2.2183289527893066,6.416043758392334,1.7614986896514893,-39.550804138183594
19.66,-2.2183289527893066,6.416043758392334,1.7614986896514893,-39.72658157348633
19.7,-4.745400428771973,6.416043758392334,2.0895988941192627,-40.253929138183594
19.740000000000002,-4.1701154708862305,6.416043758392334,3.4997994899749756,-41.396507263183594
19.76,-4.1701154708862305,6.064479827880859,3.4997994899749756,-42.275421142578125
19.8,-4.388094902038574,4.921871185302734,3.950982093811035,-42.714874267578125
19.84,-3.022836685180664,2.8125452995300293,3.818390130996704,-43.24222183227539
19.86,-3.022836685180664,0.3516008257865906,3.818390130996704,-43.68167495727539
19.900000000000002,-3.822174310684204,-0.6152260899543762,5.0,-44.91211700439453
19.94,-3.948655128479004,-0.7910078763961792,5.0,-46.0546989440918
19.96,-4.773873329162598,-0.7910078763961792,4.989846706390381,-47.46095275878906
20.0,-5.0,-0.7910078763961792,5.0,-48.42775344848633
20.04,-4.975573539733887,-1.6699166297912598,5.0,-48.51564025878906
20.06,-3.6131272315979004,-2.900388717651367,3.399460792541504,-50.185569763183594
20.1,-3.714404344558716,-3.164034128189087,3.5670270919799805,-50.625022888183594
20.14,-3.7043509483337402,-3.164034128189087,3.6641108989715576,-50.80080795288086
20.16,-2.1008925437927246,-3.5155975818634033,3.679023265838623,-51.24026107788086
20.2,-3.180150032043457,-3.603516101837158,2.7863409519195557,-51.50393295288086
20.240000000000002,-3.3213603496551514,-3.603516101837158,3.021979331970215,-51.50393295288086
20.26,-3.2854251861572266,-4.042943000793457,5.0,-51.59182357788086
20.3,-1.8121070861816406,-4.921852111816406,4.6309814453125,-53.261749267578125
20.34,-0.7414354681968689,-5.361333847045898,2.4573891162872314,-54.6679801940918
20.36,0.008899237029254436,-5.449197292327881,1.2067087888717651,-54.93164825439453
20.400000000000002,-0.07669095695018768,-5.449197292327881,1.2039241790771484,-54.93164825439453
20.44,0.5849786400794983,-5.361333847045898,0.3426317572593689,-54.8437614440918
20.46,0.33732515573501587,-5.449197292327881,-1.1679966449737549,-54.40433120727539
20.5,0.6679733395576477,-5.185551643371582,-2.3362555503845215,-53.525421142578125
20.54,-0.17194655537605286,-4.57028865814209,-1.994156002998352,-51.67971420288086
20.56,-0.4249882996082306,-3.7792978286743164,-0.6558487415313721,-50.97658920288086
20.6,-0.40617772936820984,-3.603516101837158,-0.9726260304450989,-50.888694763183594
20.62,-0.3227650821208954,-3.603516101837158,0.05287604033946991,-50.888694763183594
20.66,0.8898682594299316,-3.6913797855377197,1.0580830574035645,-50.888694763183594
20.7,1.0450279712677002,-3.6913797855377197,1.4177995920181274,-50.888694763183594
20.72,0.034134428948163986,-3.6913797855377197,1.5163360834121704,-50.888694763183594
20.76,1.2378419637680054,-3.603516101837158,0.28724783658981323,-51.328147888183594
20.8,1.6758849620819092,-3.603516101837158,-0.20623305439949036,-51.41604232788086
20.82,2.782932758331299,-3.339815855026245,0.6751869320869446,-51.41604232788086
20.86,3.542128562927246,-2.724606990814209,1.4657379388809204,-51.41604232788086
20.900000000000002,3.9968230724334717,-2.460907220840454,1.1763314008712769,-51.50393295288086
20.92,3.9968230724334717,-1.1425713300704956,1.1763314008712769,-52.470733642578125
20.96,4.25316858291626,0.26368263363838196,1.2817097902297974,-52.998077392578125
21.0,4.454974174499512,1.1425913572311401,0.8024420738220215,-53.78909683227539
21.02,4.454974174499512,2.197281837463379,0.8024420738220215,-54.22854995727539
21.06,3.672745704650879,2.900408983230591,0.22919660806655884,-54.40433120727539
21.1,3.485950231552124,3.4277541637420654,-0.9927948117256165,-54.40433120727539
21.12,3.485950231552124,3.7793173789978027,-0.9927948117256165,-54.316444396972656
21.16,4.571402072906494,4.130880832672119,-0.6325209140777588,-54.140655517578125
21.2,5.0,4.4824442863464355,0.4083006680011749,-54.140655517578125
21.22,5.0,5.624998569488525,0.4083006680011749,-54.140655517578125
21.26,3.8906302452087402,6.503907203674316,0.8561882972717285,-54.140655517578125
21.3,3.6494293212890625,6.855470657348633,2.016564130783081,-54.49222183227539
21.32,4.904229640960693,7.119170665740967,3.46166729927063,-55.8105583190918
21.36,4.126130104064941,7.470734596252441,3.793513774871826,-57.392601013183594
21.400000000000002,5.0,7.998079776763916,3.3309919834136963,-58.974632263183594
21.42,3.777405023574829,8.34964370727539,3.680861473083496,-60.29299545288086
21.46,3.777405023574829,8.789070129394531,3.680861473083496,-61.435577392578125
21.5,2.2903740406036377,8.964852333068848,2.3319191932678223,-62.31448745727539
21.54,1.7033931016921997,8.964852333068848,1.6582415103912354,-62.49026870727539
21.56,3.2039225101470947,9.052770614624023,-0.45714297890663147,-62.49026870727539
21.6,2.2185328006744385,8.964852333068848,-1.116734266281128,-62.49026870727539
21.64,3.588686466217041,9.052770614624023,-1.2521679401397705,-61.699249267578125
21.66,3.588686466217041,9.052770614624023,-1.2521679401397705,-60.73244857788086
21.7,1.8783529996871948,9.228551864624023,-0.11047904193401337,-59.765647888183594
21.740000000000002,1.0802425146102905,9.228551864624023,0.1280246526002884,-59.765647888183594
21.76,1.0802425146102905,9.228551864624023,0.1280246526002884,-59.765647888183594
21.8,0.5987462401390076,9.228551864624023,-0.5788358449935913,-59.765647888183594
21.84,2.3697822093963623,9.228551864624023,-0.21566694974899292,-59.765647888183594
21.86,2.3697822093963623,9.228551864624023,-0.21566694974899292,-59.765647888183594
21.900000000000002,2.4913299083709717,9.228551864624023,-0.9429802298545837,-59.765647888183594
21.94,2.0878851413726807,9.228551864624023,-1.0982165336608887,-59.765647888183594
21.96,2.3242440223693848,9.316415786743164,1.3259228467941284,-59.765647888183594
22.0,2.3242440223693848,9.492197036743164,1.3259228467941284,-59.765647888183594
22.04,0.6553752422332764,9.84376049041748,-0.13872286677360535,-60.02932357788086
22.06,1.6690795421600342,10.019542694091797,0.10461373627185822,-60.02932357788086
22.1,1.6690795421600342,10.107460975646973,0.10461373627185822,-60.02932357788086
22.14,2.930241346359253,10.107460975646973,-1.0944892168045044,-60.02932357788086
22.18,4.570369720458984,10.195323944091797,-1.5493183135986328,-60.02932357788086
22.2,4.23683500289917,11.074233055114746,-2.7972912788391113,-59.765647888183594
22.240000000000002,3.681396484375,12.480486869812012,-2.228731632232666,-58.974632263183594
22.28,3.1630988121032715,14.765649795532227,-3.414649724960327,-58.35939407348633
22.3,3.4628849029541016,16.259767532348633,-2.9458611011505127,-57.0410270690918
22.34,3.430723190307617,17.4902400970459,-4.1457109451293945,-55.2832145690918
22.38,2.1186904907226562,17.753938674926758,-4.019679546356201,-54.93164825439453
22.400000000000002,2.1186904907226562,17.753938674926758,-4.019679546356201,-53.17386245727539
22.44,1.6755744218826294,17.753938674926758,-1.1769737005233765,-52.998077392578125
22.48,0.9966941475868225,17.753938674926758,-0.558143138885498,-52.998077392578125
22.5,0.3330216109752655,17.753938674926758,-1.776636004447937,-52.998077392578125
22.54,0.47655022144317627,17.6660213470459,-2.0601420402526855,-52.998077392578125
22.580000000000002,-1.2525464296340942,17.753938674926758,-1.552781105041504,-52.998077392578125
22.6,-1.010874629020691,17.6660213470459,-3.588872194290161,-52.998077392578125
22.64,-1.6137824058532715,17.753938674926758,-5.0,-52.910186767578125
22.66,-0.9210604429244995,17.6660213470459,-5.0,-51.67971420288086
22.7,-0.9210604429244995,17.6660213470459,-5.0,-49.48244094848633
22.740000000000002,-0.8926216959953308,17.6660213470459,-4.819270610809326,-47.28517150878906
22.78,-1.546460747718811,17.6660213470459,-4.9536638259887695,-46.9336051940918
22.82,0.5228525996208191,17.6660213470459,-5.0,-45.4394645690918
22.84,0.5228525996208191,17.753938674926758,-5.0,-44.648475646972656
22.88,2.0135157108306885,17.6660213470459,-4.3450703620910645,-43.417999267578125
22.92,1.3288835287094116,17.6660213470459,-4.843735218048096,-43.066436767578125
22.94,1.4197012186050415,17.6660213470459,-5.0,-42.36330795288086
22.98,1.6163591146469116,17.6660213470459,-5.0,-41.57229232788086
23.02,1.206997036933899,17.6660213470459,-5.0,-40.781272888183594
23.04,-0.8581158518791199,17.6660213470459,-5.0,-39.28712844848633
23.080000000000002,-1.839351773262024,17.6660213470459,-5.0,-38.49611282348633
23.12,-2.445094347000122,17.6660213470459,-3.995429277420044,-37.96876525878906
23.16,-0.8194199204444885,17.6660213470459,-2.5874712467193604,-37.3535270690918
23.18,-0.8194199204444885,17.6660213470459,-2.5874712467193604,-37.3535270690918
23.22,-1.6739091873168945,17.6660213470459,-3.4055330753326416,-37.3535270690918
23.240000000000002,-0.31707021594047546,17.6660213470459,-3.598714590072632,-37.3535270690918
23.28,-1.0471464395523071,17.6660213470459,-4.001296043395996,-36.6504020690918
23.32,-0.6108511090278625,17.753938674926758,-3.0868618488311768,-36.0351676940918
23.34,0.7426849007606506,17.6660213470459,-3.813019037246704,-35.85938262939453
23.38,0.1638496220111847,17.6660213470459,-3.3932008743286133,-35.41992950439453
23.42,0.5796438455581665,17.6660213470459,-2.100762367248535,-35.15625762939453
23.44,2.2257988452911377,17.6660213470459,-3.693040132522583,-35.06836700439453
23.48,0.7289196252822876,17.6660213470459,-2.6648342609405518,-34.62894058227539
23.52,0.07993783056735992,17.6660213470459,-1.7986871004104614,-34.54104995727539
23.56,-0.4320065379142761,17.6660213470459,-2.9156570434570312,-34.18948745727539
23.580000000000002,-0.4320065379142761,17.6660213470459,-2.9156570434570312,-33.574249267578125
23.62,-1.25150728225708,17.6660213470459,-2.5678749084472656,-32.95901107788086
23.66,-0.9648422002792358,17.6660213470459,-2.9471991062164307,-32.51955795288086
23.7,-0.9052432775497437,17.6660213470459,-2.70890736579895,-31.640649795532227
23.72,-0.9052432775497437,17.6660213470459,-2.70890736579895,-31.289085388183594
23.76,0.2835944592952728,17.6660213470459,-1.7219927310943604,-30.849632263183594
23.8,-2.081928253173828,17.6660213470459,-3.332423686981201,-30.761741638183594
23.82,-1.2352421283721924,17.6660213470459,-2.1345932483673096,-30.41017723083496
23.86,-1.9545044898986816,17.6660213470459,-2.007279396057129,-29.61916160583496
23.900000000000002,-1.6181271076202393,17.6660213470459,-1.8124586343765259,-29.531269073486328
23.92,-1.2431209087371826,17.6660213470459,-0.9886047840118408,-29.531269073486328
23.96,-2.9373116493225098,17.6660213470459,-2.260953664779663,-29.531269073486328
24.0,-3.613642454147339,17.6660213470459,-1.9245376586914062,-29.531269073486328
24.02,-2.703813314437866,17.402376174926758,-0.909010112285614,-29.091814041137695
24.060000000000002,-3.3297548294067383,16.611330032348633,-2.4519846439361572,-28.300796508789062
24.1,-2.3465027809143066,15.908204078674316,-1.7931439876556396,-26.982433319091797
24.12,-3.0663859844207764,15.732421875,-2.8692543506622314,-26.806652069091797
24.16,-4.129087448120117,15.732421875,-1.8251172304153442,-26.718759536743164
24.18,-1.7386226654052734,15.556640625,0.4018804728984833,-26.455089569091797
24.22,-2.637885332107544,15.205077171325684,0.4900086522102356,-26.542980194091797
24.26,-2.266329050064087,15.029294967651367,1.7467395067214966,-26.542980194091797
24.28,-2.266329050064087,14.589868545532227,1.7467395067214966,-27.421886444091797
24.32,-1.983549952507019,14.062522888183594,2.296205520629883,-28.476577758789062
24.36,-1.3650703430175781,13.798823356628418,1.5872604846954346,-29.707050323486328
24.38,-1.3650703430175781,13.710959434509277,1.5872604846954346,-29.97072410583496
24.42,-1.737327218055725,13.710959434509277,3.053239345550537,-30.05861473083496
24.46,-1.8400248289108276,13.710959434509277,1.3362704515457153,-31.025415420532227
24.48,-0.6956679821014404,13.710959434509277,2.071427345275879,-31.464868545532227
24.52,-0.2523770034313202,13.623095512390137,3.350210428237915,-31.640649795532227
24.560000000000002,1.157775640487671,13.447314262390137,1.5778695344924927,-33.04690170288086
24.580000000000002,2.5105679035186768,13.447314262390137,2.3157880306243896,-33.134796142578125
24.62,3.224454879760742,13.447314262390137,2.2304775714874268,-33.134796142578125
24.64,3.1091184616088867,13.447314262390137,2.0373189449310303,-33.398468017578125
24.68,2.638583183288574,13.447314262390137,0.034132957458496094,-35.15625762939453
24.72,2.112081527709961,13.886740684509277,0.25333234667778015,-35.6836051940918
24.740000000000002,2.112081527709961,15.117213249206543,0.25333234667778015,-35.6836051940918
24.78,3.7371580600738525,15.380858421325684,1.1647459268569946,-35.6836051940918
24.82,2.9911575317382812,15.820340156555176,1.6722331047058105,-35.6836051940918
24.84,3.0396595001220703,17.050811767578125,2.3322203159332275,-35.7714958190918
24.88,2.689096689224243,17.402376174926758,2.833958864212036,-36.1230583190918
24.92,2.6841742992401123,17.6660213470459,1.2005037069320679,-37.17774963378906
24.94,3.0800485610961914,18.01758575439453,1.0310909748077393,-38.14454650878906
24.98,2.139524221420288,18.10550308227539,2.6352484226226807,-38.40821838378906
25.02,3.8713064193725586,18.19336700439453,2.710033893585205,-38.93556594848633
25.04,4.689540863037109,18.720712661743164,3.083411693572998,-39.37501907348633
25.080000000000002,3.5522267818450928,19.599620819091797,3.3719165325164795,-40.693382263183594
25.12,1.0387966632843018,20.742229461669922,3.3299102783203125,-42.275421142578125
25.14,1.3225091695785522,20.918010711669922,2.1404826641082764,-42.36330795288086
25.18,1.2896723747253418,20.918010711669922,3.1928749084472656,-42.36330795288086
25.22,1.5642770528793335,20.918010711669922,4.614574909210205,-42.451202392578125
25.240000000000002,1.5642770528793335,20.918010711669922,4.614574909210205,-43.68167495727539
25.28,2.0799484252929688,20.918010711669922,5.0,-45.6152458190918
25.32,2.1412198543548584,20.918010711669922,3.7212235927581787,-46.6699333190918
25.34,2.1412198543548584,20.918010711669922,3.7212235927581787,-48.07618713378906
25.38,3.0981760025024414,20.918010711669922,-0.8996737003326416,-48.07618713378906
25.42,3.1255407333374023,20.918010711669922,-1.155868411064148,-48.07618713378906
25.44,2.2196950912475586,21.00587272644043,-1.3452781438827515,-47.98830032348633
25.48,2.9294416904449463,21.621137619018555,-1.1816773414611816,-47.81251525878906
25.52,3.5402700901031494,22.587909698486328,-0.8045592308044434,-46.2304801940918
25.54,3.624286651611328,24.082027435302734,-1.1330420970916748,-45.6152458190918
25.580000000000002,3.8065707683563232,24.873071670532227,-2.1804018020629883,-45.3515739440918
25.62,3.1869006156921387,25.48828125,-1.7531267404556274,-44.47269058227539
25.64,4.431718826293945,26.630889892578125,-0.7905303835868835,-43.417999267578125
25.68,5.0,27.070316314697266,-0.8456963896751404,-43.417999267578125
25.7,5.0,27.334016799926758,-1.7096587419509888,-43.417999267578125
25.740000000000002,5.0,28.03714370727539,-0.29489684104919434,-43.417999267578125
25.78,4.89705228805542,29.531261444091797,0.1533292531967163,-43.417999267578125
25.8,4.89705228805542,31.025434494018555,0.1533292531967163,-43.417999267578125
25.84,5.0,31.728561401367188,0.010701372288167477,-43.593780517578125
25.88,5.0,32.51955032348633,0.7642472982406616,-44.033233642578125
25.900000000000002,5.0,33.222679138183594,0.7642472982406616,-44.73636245727539
25.94,5.0,34.189449310302734,1.0242557525634766,-45.08789825439453
25.98,3.9687962532043457,35.068359375,3.0466220378875732,-45.3515739440918
26.02,3.000239849090576,35.419921875,2.6611897945404053,-46.58204650878906
26.04,3.000239849090576,35.419921875,2.6611897945404053,-48.51564025878906
26.080000000000002,4.201770782470703,35.419921875,4.500561237335205,-49.13087844848633
26.12,4.729509353637695,35.419921875,3.1823220252990723,-51.328147888183594
26.14,5.0,35.419921875,2.5783603191375732,-52.646514892578125
26.18,5.0,35.595703125,2.7483630180358887,-52.73440170288086
26.22,5.0,36.298831939697266,1.6767756938934326,-52.910186767578125
26.240000000000002,4.63762903213501,37.96878433227539,3.17488956451416,-52.998077392578125
26.28,3.2273099422454834,39.4629020690918,2.6905033588409424,-53.701202392578125
26.32,2.730445384979248,39.99024963378906,3.38195538520813,-53.96487808227539
26.34,2.235987424850464,39.99024963378906,2.807828187942505,-54.75586700439453
26.38,1.39375901222229,39.99024963378906,2.1034140586853027,-56.25001525878906
26.42,1.3572478294372559,39.99024963378906,3.514500617980957,-56.68946838378906
26.44,1.3572478294372559,39.99024963378906,3.514500617980957,-57.0410270690918
26.48,1.4383971691131592,39.99024963378906,3.112903356552124,-57.832054138183594
26.52,1.387242078781128,39.99024963378906,1.707699179649353,-57.91994094848633
26.54,1.387242078781128,39.99024963378906,1.707699179649353,-57.91994094848633
26.580000000000002,1.7679526805877686,39.99024963378906,1.5179646015167236,-57.91994094848633
26.62,2.0657732486724854,39.99024963378906,3.1777243614196777,-57.91994094848633
26.64,2.0657732486724854,39.99024963378906,3.1777243614196777,-57.91994094848633
26.68,2.1601555347442627,39.99024963378906,4.76777458190918,-58.79885482788086
26.72,1.0320971012115479,39.99024963378906,4.736595630645752,-61.084014892578125
26.740000000000002,1.7774467468261719,39.99024963378906,4.835939884185791,-62.578155517578125
26.78,1.5291781425476074,39.99024963378906,4.179245948791504,-63.54495620727539
26.82,-0.3260718584060669,39.99024963378906,4.068798065185547,-63.896522521972656
26.84,-2.5491931438446045,39.99024963378906,5.0,-64.07230377197266
26.88,-0.9126120209693909,39.99024963378906,3.366617202758789,-65.21485900878906
26.92,1.954464316368103,39.99024963378906,4.032724380493164,-65.74220275878906
26.94,1.7652597427368164,39.99024963378906,3.049929141998291,-66.35743713378906
26.98,-0.07192405313253403,39.99024963378906,4.103100299835205,-66.70899963378906
27.02,0.9340530037879944,39.99024963378906,4.084347248077393,-67.0605697631836
27.04,1.5064691305160522,39.99024963378906,2.9818506240844727,-67.9394760131836
27.080000000000002,2.2510409355163574,39.99024963378906,2.209796190261841,-68.3789291381836
27.12,1.4188138246536255,39.99024963378906,2.0312416553497314,-68.3789291381836
27.14,1.303972840309143,39.99024963378906,-0.5749713182449341,-68.3789291381836
27.18,1.531458854675293,39.99024963378906,-0.6210198402404785,-68.1152572631836
27.22,0.8973193168640137,39.99024963378906,-1.7417793273925781,-67.4121322631836
27.240000000000002,-0.05987333506345749,39.99024963378906,-0.7433924078941345,-65.83009338378906
27.28,-0.4672538936138153,39.99024963378906,0.2762412130832672,-65.03907775878906
27.32,0.21413487195968628,39.99024963378906,1.1678359508514404,-65.03907775878906
27.34,0.21413487195968628,39.99024963378906,1.1678359508514404,-65.03907775878906
27.38,1.032401442527771,39.99024963378906,0.5320910811424255,-65.03907775878906
27.42,4.0866804122924805,39.99024963378906,-1.3465015888214111,-65.03907775878906
27.46,3.036518096923828,39.99024963378906,-0.6256569623947144,-65.03907775878906
27.48,3.036518096923828,39.99024963378906,-0.6256569623947144,-65.03907775878906
27.52,1.427664875984192,39.99024963378906,0.6148841977119446,-65.03907775878906
27.560000000000002,0.3919559121131897,39.99024963378906,0.2437109500169754,-65.03907775878906
27.580000000000002,-1.067757248878479,39.99024963378906,0.7889017462730408,-65.03907775878906
27.62,-1.067757248878479,39.99024963378906,0.7889017462730408,-65.12696838378906
27.66,-0.5519236922264099,39.99024963378906,1.4584013223648071,-65.30274963378906
27.68,1.261698603630066,39.99024963378906,0.8825467824935913,-65.65431213378906
27.72,1.261698603630066,39.99024963378906,0.8825467824935913,-65.83009338378906
27.76,1.5363762378692627,39.99024963378906,0.16220034658908844,-65.83009338378906
27.78,0.4847959280014038,39.99024963378906,-1.8794825077056885,-65.83009338378906
27.82,-0.013566892594099045,39.99024963378906,-3.0055525302886963,-65.83009338378906
27.84,-2.743086576461792,39.99024963378906,-0.2574419379234314,-65.83009338378906
27.88,-2.743086576461792,39.99024963378906,-0.2574419379234314,-65.39064025878906
27.92,-2.935025215148926,39.99024963378906,-0.09702745079994202,-65.39064025878906
27.94,0.17819878458976746,39.99024963378906,-1.393182635307312,-65.39064025878906
27.98,0.17819878458976746,39.99024963378906,-1.393182635307312,-65.30274963378906
28.02,0.3132232427597046,39.99024963378906,-0.5692650079727173,-64.95118713378906
28.04,1.9057846069335938,39.99024963378906,-0.9147361516952515,-64.95118713378906
28.080000000000002,1.9057846069335938,39.99024963378906,-0.9147361516952515,-64.95118713378906
28.12,0.7676280736923218,39.99024963378906,-1.2474663257598877,-64.95118713378906
28.16,0.7130005359649658,39.99024963378906,-1.2521501779556274,-64.77539825439453
28.18,1.5112725496292114,39.99024963378906,-1.3665969371795654,-64.59961700439453
28.22,1.557727336883545,39.99024963378906,0.08937057852745056,-64.24808502197266
28.26,0.9736121296882629,39.99024963378906,-1.6909517049789429,-64.07230377197266
28.28,1.7247645854949951,39.99024963378906,-1.1595510244369507,-63.896522521972656
28.34,1.7247645854949951,39.99024963378906,-1.1595510244369507,-63.896522521972656
28.38,0.5419448614120483,39.99024963378906,-1.5351150035858154,-63.808631896972656
28.400000000000002,1.5528860092163086,39.99024963378906,-1.0298737287521362,-63.193397521972656
28.44,1.8605471849441528,39.99024963378906,-0.712954580783844,-62.84183120727539
28.48,2.3734195232391357,39.99024963378906,-0.24094294011592865,-62.84183120727539
28.52,1.556050419807434,40.16603088378906,-0.4307480752468109,-62.84183120727539
28.54,1.556050419807434,41.39650344848633,-0.4307480752468109,-62.84183120727539
28.580000000000002,3.3249664306640625,42.71489334106445,-0.7830456495285034,-62.84183120727539
28.6,1.9997444152832031,43.945308685302734,-1.1449817419052124,-62.84183120727539
28.64,1.8934048414230347,44.38479232788086,-0.5932036638259888,-62.84183120727539
28.68,0.7268749475479126,44.47265625,0.8740018010139465,-62.84183120727539
28.7,0.6677374243736267,44.47265625,1.5517982244491577,-63.017616271972656
28.740000000000002,1.2609952688217163,44.47265625,2.324927806854248,-63.98440933227539
28.78,2.194981575012207,44.47265625,0.881876528263092,-64.86329650878906
28.8,3.1619510650634766,44.47265625,-1.1760379076004028,-64.95118713378906
28.84,1.485009789466858,44.47265625,-2.4667487144470215,-64.95118713378906
28.88,1.3190560340881348,44.47265625,-5.0,-64.68751525878906
28.900000000000002,0.17708031833171844,44.47265625,-5.0,-61.78714370727539
28.94,-0.34827905893325806,44.47265625,-5.0,-59.326194763183594
28.98,0.5495043396949768,44.47265625,-5.0,-57.832054138183594
29.0,0.20281529426574707,44.47265625,-5.0,-55.2832145690918
29.04,0.6297991871833801,44.47265625,-5.0,-54.316444396972656
29.080000000000002,0.9198905229568481,44.47265625,-5.0,-53.34964370727539
29.1,1.8763691186904907,44.47265625,-3.9044485092163086,-52.73440170288086
29.14,0.925841748714447,44.47265625,-4.23201322555542,-52.646514892578125
29.18,2.2632548809051514,44.47265625,-4.263200283050537,-52.03127670288086
29.2,2.2632548809051514,44.56057357788086,-4.263200283050537,-51.67971420288086
29.240000000000002,1.3199787139892578,45.3515625,-3.654653310775757,-50.80080795288086
29.28,2.4664082527160645,46.14261245727539,-3.9753611087799072,-50.712913513183594
29.3,2.4664082527160645,46.84573745727539,-3.9753611087799072,-50.625022888183594
29.34,2.2940545082092285,47.10938262939453,-4.955393314361572,-49.74611282348633
29.38,2.492323637008667,47.10938262939453,-3.8907523155212402,-48.25197219848633
29.400000000000002,2.492323637008667,47.19729995727539,-3.8907523155212402,-47.81251525878906
29.44,2.07558012008667,47.28516387939453,-3.531106948852539,-47.54884719848633
29.48,2.554171085357666,47.28516387939453,-3.69061017036438,-47.46095275878906
29.5,2.79017972946167,47.46094512939453,-1.6393758058547974,-47.1093864440918
29.54,3.7080914974212646,48.427772521972656,-1.6154894828796387,-47.1093864440918
29.580000000000002,4.126007080078125,49.92189025878906,-2.1514713764190674,-47.1093864440918
29.6,3.4816062450408936,51.32814407348633,-3.221996784210205,-47.1093864440918
29.64,3.820890188217163,52.47075271606445,-2.072753429412842,-47.1093864440918
29.68,4.671494483947754,52.558616638183594,-2.8343443870544434,-47.1093864440918
29.7,4.425634384155273,53.96487045288086,-2.4856207370758057,-46.9336051940918
29.740000000000002,3.806493043899536,55.546905517578125,-2.490877866744995,-46.84571838378906
29.78,3.696589946746826,56.601593017578125,0.28184574842453003,-46.84571838378906
29.8,2.3057444095611572,57.21680450439453,1.3455727100372314,-46.84571838378906
29.84,1.9633415937423706,57.30472183227539,1.98258376121521,-47.1093864440918
29.88,1.4076848030090332,57.30472183227539,0.5184988975524902,-47.98830032348633
29.900000000000002,1.4076848030090332,57.30472183227539,0.5184988975524902,-48.86720657348633
29.94,2.6016194820404053,57.30472183227539,-0.8249427080154419,-48.955101013183594
29.98,1.976698398590088,57.30472183227539,0.8264317512512207,-48.955101013183594
30.0,1.8112558126449585,57.30472183227539,-0.31008681654930115,-49.04298782348633
30.04,2.2247543334960938,57.30472183227539,-0.46589192748069763,-49.04298782348633
30.080000000000002,3.016136646270752,57.30472183227539,1.0895220041275024,-48.955101013183594
30.1,3.016136646270752,57.656280517578125,1.0895220041275024,-49.04298782348633
30.14,-0.1747884899377823,58.18362808227539,0.7229031324386597,-49.570335388183594
30.18,-1.2128933668136597,58.886756896972656,1.8303064107894897,-49.92189407348633
30.2,-3.159010410308838,59.414100646972656,1.1484286785125732,-51.06447982788086
30.240000000000002,-3.036733627319336,59.414100646972656,0.04226462543010712,-51.06447982788086
30.28,-0.8744726777076721,59.414100646972656,1.3055297136306763,-51.06447982788086
30.3,0.5436367392539978,59.414100646972656,-0.16775433719158173,-51.06447982788086
30.34,0.7971715927124023,59.414100646972656,-0.4012545943260193,-51.06447982788086
30.38,0.5080708861351013,59.414100646972656,-0.6309198141098022,-51.06447982788086
30.400000000000002,1.4427952766418457,59.414100646972656,-1.067000150680542,-50.97658920288086
30.44,1.931128978729248,59.414100646972656,-0.6590816378593445,-50.97658920288086
30.48,2.0494766235351562,59.5019645690918,0.021334189921617508,-50.80080795288086
30.5,2.98760724067688,59.5019645690918,0.5328816175460815,-50.80080795288086
30.54,3.4219107627868652,59.6777458190918,1.3334095478057861,-50.80080795288086
30.580000000000002,2.8137879371643066,60.64457702636719,2.4083304405212402,-51.06447982788086
30.6,2.603466272354126,62.138694763183594,0.4359230697154999,-52.646514892578125
30.64,1.7787002325057983,63.193382263183594,-0.37561360001564026,-53.437530517578125
30.68,1.0034722089767456,63.896507263183594,-2.1417102813720703,-53.437530517578125
30.7,2.5170867443084717,63.896507263183594,-1.8385456800460815,-53.17386245727539
30.740000000000002,2.5598649978637695,63.896507263183594,-2.2421841621398926,-51.767608642578125
30.78,1.3839342594146729,63.984371185302734,-1.6725430488586426,-51.15237045288086
30.8,1.0664942264556885,64.0722885131836,-2.369901180267334,-50.449241638183594
30.84,1.0148903131484985,64.0722885131836,-1.8304494619369507,-49.834007263183594
30.88,0.3003549575805664,64.0722885131836,-2.9383978843688965,-48.86720657348633
30.900000000000002,0.2522139549255371,64.0722885131836,-3.2868306636810303,-47.72462463378906
30.94,-0.5698479413986206,64.0722885131836,-3.257659912109375,-46.84571838378906
30.96,0.2829722464084625,64.0722885131836,-2.5302703380584717,-46.0546989440918
31.0,0.33961477875709534,64.0722885131836,-2.0976576805114746,-46.0546989440918
31.04,-0.09166824817657471,64.0722885131836,-1.9121928215026855,-46.0546989440918
31.060000000000002,-0.09166824817657471,64.0722885131836,-1.9121928215026855,-46.0546989440918
31.1,-0.3533080518245697,64.0722885131836,1.136975646018982,-46.0546989440918
31.14,-0.15599311888217926,64.0722885131836,2.906099557876587,-46.0546989440918
31.16,0.3988017141819,64.0722885131836,2.644836902618408,-46.0546989440918
31.2,0.21947643160820007,64.0722885131836,1.7595361471176147,-46.9336051940918
31.240000000000002,0.3239261507987976,64.0722885131836,3.2073092460632324,-48.16408157348633
31.26,-0.2298419326543808,64.0722885131836,4.014524459838867,-48.69142532348633
31.3,-0.11684104055166245,64.0722885131836,4.320232391357422,-50.80080795288086
31.34,-0.11596523225307465,64.0722885131836,3.3111791610717773,-53.17386245727539
31.36,-1.378085970878601,64.0722885131836,3.8326783180236816,-53.96487808227539
31.400000000000002,-0.9787113070487976,64.0722885131836,2.7375869750976562,-54.40433120727539
31.44,-1.8002839088439941,64.0722885131836,3.6275558471679688,-54.93164825439453
31.46,-1.1744083166122437,64.0722885131836,1.2925493717193604,-55.01953887939453
31.5,-1.542199730873108,64.0722885131836,1.1412984132766724,-55.01953887939453
31.54,-1.0965144634246826,64.0722885131836,1.4011322259902954,-54.93164825439453
31.560000000000002,-1.4484248161315918,64.0722885131836,1.8207889795303345,-54.93164825439453
31.6,-1.4216923713684082,64.0722885131836,0.6404979825019836,-54.93164825439453
31.62,-1.10691499710083,64.0722885131836,1.2827097177505493,-54.93164825439453
31.66,-0.839928150177002,64.0722885131836,1.478438377380371,-55.01953887939453
31.7,-1.2556627988815308,64.0722885131836,0.7530005574226379,-55.01953887939453
31.740000000000002,-0.6474284529685974,64.0722885131836,0.05805038660764694,-55.01953887939453
31.76,-0.6474284529685974,64.0722885131836,0.05805038660764694,-55.01953887939453
31.8,-1.3610979318618774,64.0722885131836,-0.8186570405960083,-54.93164825439453
31.82,-1.6861857175827026,64.0722885131836,-0.32002630829811096,-54.40433120727539
31.86,-1.6861857175827026,64.0722885131836,-0.32002630829811096,-54.316444396972656
31.900000000000002,-2.392272472381592,64.0722885131836,-0.3818160593509674,-54.316444396972656
31.94,-2.576646089553833,64.0722885131836,0.30749666690826416,-54.316444396972656
31.98,-1.6666871309280396,64.0722885131836,-0.22693143784999847,-54.140655517578125
32.0,-1.6666871309280396,64.0722885131836,-0.22693143784999847,-54.140655517578125
32.04,-2.019392728805542,64.0722885131836,-0.5543056130409241,-54.140655517578125
32.06,-1.9730808734893799,64.0722885131836,-0.00014180634752847254,-54.140655517578125
32.1,-1.361236810684204,64.0722885131836,-0.22302351891994476,-54.140655517578125
32.14,-1.8055076599121094,64.0722885131836,-1.5139002799987793,-54.140655517578125
32.160000000000004,-2.1010630130767822,64.0722885131836,-1.083856225013733,-53.701202392578125
32.2,-1.583674669265747,64.0722885131836,-1.6097724437713623,-52.382843017578125
32.24,-0.9399288892745972,64.0722885131836,-3.3318023681640625,-52.11916732788086
32.26,-0.9399288892745972,64.0722885131836,-3.3318023681640625,-51.06447982788086
32.3,-1.5986427068710327,64.0722885131836,-3.794088363647461,-49.394554138183594
32.34,-0.23778970539569855,64.0722885131836,-3.580435037612915,-48.07618713378906
32.36,-0.23778970539569855,64.0722885131836,-3.580435037612915,-46.84571838378906
32.4,-0.1822134107351303,64.0722885131836,-5.0,-46.0546989440918
32.44,-0.12207572907209396,64.0722885131836,-5.0,-44.47269058227539
32.46,-0.036111894994974136,64.0722885131836,-5.0,-42.978546142578125
32.5,-0.48152878880500793,64.0722885131836,-4.010209560394287,-41.92385482788086
32.54,-0.33856281638145447,64.0722885131836,-2.914034128189087,-41.660179138183594
32.56,-0.33856281638145447,64.0722885131836,-2.914034128189087,-41.57229232788086
32.6,0.06257112324237823,64.0722885131836,-2.872392177581787,-41.660179138183594
32.64,1.3863037824630737,64.0722885131836,-2.6048285961151123,-41.660179138183594
32.660000000000004,-0.3665619194507599,64.0722885131836,-2.6340830326080322,-41.57229232788086
32.7,-1.384384036064148,64.0722885131836,-2.610748052597046,-41.48440170288086
32.72,1.0760862827301025,64.0722885131836,-2.7496116161346436,-41.396507263183594
32.76,1.0760862827301025,64.0722885131836,-2.7496116161346436,-41.220726013183594
32.8,1.624218225479126,64.0722885131836,-2.605316162109375,-40.86916732788086
32.84,1.6419498920440674,64.0722885131836,-2.5537219047546387,-40.605491638183594
32.86,1.6419498920440674,64.0722885131836,-2.5537219047546387,-39.81447219848633
32.9,1.0917540788650513,64.16014862060547,-1.9198706150054932,-39.63869094848633
32.94,2.407654047012329,64.16014862060547,-4.12704610824585,-39.550804138183594
32.96,2.407654047012329,64.3359375,-4.12704610824585,-37.79298400878906
33.0,1.6503372192382812,64.86328125,-5.0,-36.0351676940918
33.04,2.648789882659912,65.83010864257812,-4.11112117767334,-34.98050308227539
33.06,2.4550065994262695,66.62110137939453,-3.239654302597046,-34.71683120727539
33.1,1.5526528358459473,66.70901489257812,-3.087923526763916,-34.71683120727539
33.14,1.1520076990127563,66.70901489257812,-2.255554437637329,-34.453155517578125
33.160000000000004,1.1520076990127563,66.70901489257812,-2.255554437637329,-33.310577392578125
33.2,2.3746299743652344,66.70901489257812,-2.6560704708099365,-33.310577392578125
33.24,2.36885929107666,66.70901489257812,-2.4624288082122803,-33.310577392578125
33.26,2.36885929107666,66.70901489257812,-2.4624288082122803,-33.310577392578125
33.3,2.1970977783203125,66.70901489257812,-0.6006566882133484,-33.134796142578125
33.34,1.8059788942337036,66.79688262939453,0.43471986055374146,-33.134796142578125
33.36,1.8059788942337036,66.79688262939453,0.43471986055374146,-33.134796142578125
33.4,0.44880738854408264,66.79688262939453,-2.6501986980438232,-33.134796142578125
33.44,1.220484972000122,66.79688262939453,-2.767057418823242,-33.222686767578125
33.46,1.220484972000122,66.79688262939453,-2.767057418823242,-33.134796142578125
33.5,1.5279617309570312,66.79688262939453,-3.3916969299316406,-32.69533920288086
33.54,1.582029104232788,66.79688262939453,0.1779194176197052,-30.849632263183594
33.56,1.582029104232788,66.79688262939453,0.1779194176197052,-30.58595848083496
33.6,0.8986872434616089,66.79688262939453,1.6903553009033203,-30.58595848083496
33.64,-1.1626899242401123,66.79688262939453,0.6968786716461182,-30.58595848083496
33.660000000000004,0.7747061848640442,66.79688262939453,-0.11949479579925537,-31.552759170532227
33.7,1.477133870124817,66.79688262939453,-0.33846917748451233,-31.640649795532227
33.74,2.533078193664551,66.79688262939453,0.7665079832077026,-31.640649795532227
33.76,3.638007402420044,66.79688262939453,2.392643928527832,-31.640649795532227
33.8,3.5107226371765137,66.79688262939453,2.6122875213623047,-31.72854232788086
33.84,2.4266357421875,67.23636627197266,2.0163955688476562,-33.222686767578125
33.86,3.502257823944092,67.85157012939453,1.2186100482940674,-34.80472183227539
33.9,4.767978668212891,68.90625762939453,0.38871926069259644,-36.0351676940918
33.94,5.0,70.57621765136719,1.0475382804870605,-36.0351676940918
33.96,3.8318469524383545,72.9492416381836,1.1077213287353516,-36.0351676940918
34.0,3.443284511566162,74.7070541381836,0.9657524824142456,-36.2988395690918
34.04,2.2040863037109375,75.41018676757812,0.7206962704658508,-36.4746208190918
34.06,2.4106404781341553,75.41018676757812,-0.8691827058792114,-36.6504020690918
34.1,2.2789037227630615,75.41018676757812,-0.382123738527298,-36.6504020690918
34.14,2.5926551818847656,75.41018676757812,0.4283350110054016,-36.5625114440918
34.160000000000004,2.444319248199463,75.41018676757812,1.460283875465393,-36.5625114440918
34.2,2.1453890800476074,75.41018676757812,0.773877739906311,-36.5625114440918
34.24,1.5464013814926147,75.41018676757812,0.641975462436676,-36.5625114440918
34.26,1.8324341773986816,75.41018676757812,0.1449618935585022,-36.5625114440918
34.300000000000004,1.7947863340377808,75.41018676757812,-0.5651295781135559,-36.4746208190918
34.34,0.41477495431900024,75.41018676757812,0.2579900324344635,-36.5625114440918
34.36,0.14561539888381958,75.41018676757812,-0.19825538992881775,-36.5625114440918
34.4,0.7382386326789856,75.41018676757812,-0.04267363250255585,-36.5625114440918
34.44,0.9618796110153198,75.41018676757812,0.284172385931015,-36.5625114440918
34.46,1.6869770288467407,75.41018676757812,0.571844756603241,-36.5625114440918
34.5,1.1600651741027832,75.41018676757812,-1.1450016498565674,-36.5625114440918
34.54,0.3942696452140808,75.41018676757812,-2.061959743499756,-36.5625114440918
34.56,-0.9548317790031433,75.41018676757812,-2.140862226486206,-35.59571075439453
34.6,-0.9285296201705933,75.41018676757812,-1.4752994775772095,-35.06836700439453
34.62,-1.298398494720459,75.41018676757812,0.6130744814872742,-34.98050308227539
34.660000000000004,0.27360349893569946,75.41018676757812,0.666466236114502,-34.98050308227539
34.7,0.5902679562568665,75.41018676757812,0.948342502117157,-34.98050308227539
34.72,1.6857072114944458,75.41018676757812,-0.015459774062037468,-34.98050308227539
34.76,1.8967218399047852,75.41018676757812,0.4278666079044342,-34.98050308227539
34.800000000000004,2.6662685871124268,75.41018676757812,-0.03806174919009209,-34.98050308227539
34.82,2.6662685871124268,75.41018676757812,-0.03806174919009209,-35.06836700439453
34.86,2.5692739486694336,75.67383575439453,2.2570037841796875,-35.06836700439453
34.9,3.27890682220459,76.55274200439453,1.308395266532898,-35.24414825439453
34.94,3.27890682220459,77.60742950439453,1.308395266532898,-36.0351676940918
34.96,0.9454097747802734,79.36524963378906,0.4710211157798767,-36.6504020690918
35.0,1.9677338600158691,80.41993713378906,0.49286094307899475,-36.7382926940918
35.04,0.2593109607696533,80.50785827636719,0.282554566860199,-36.7382926940918
35.08,2.291675567626953,80.50785827636719,0.771906852722168,-36.8261833190918
35.1,2.291675567626953,80.50785827636719,0.771906852722168,-36.7382926940918
35.14,3.828075408935547,80.50785827636719,2.3622262477874756,-36.8261833190918
35.18,3.0782382488250732,80.50785827636719,2.4073898792266846,-37.26564025878906
35.2,2.065507411956787,80.85942077636719,3.1628692150115967,-38.67189407348633
35.24,2.2661097049713135,81.2988510131836,2.919013738632202,-39.81447219848633
35.28,3.15067982673645,81.4746322631836,3.7132484912872314,-41.13283920288086
35.300000000000004,4.218027114868164,82.00196838378906,3.532755136489868,-42.01174545288086
35.34,4.836094379425049,82.8808822631836,4.045345306396484,-42.62697982788086
35.38,4.6261796951293945,84.2871322631836,3.883380889892578,-44.47269058227539
35.4,3.492673873901367,86.39651489257812,3.406358480453491,-45.96680450439453
35.44,3.052175760269165,87.62698364257812,2.632286787033081,-47.19728088378906
35.46,1.6946712732315063,88.50589752197266,4.117913722991943,-47.72462463378906
35.5,1.6946712732315063,89.12110137939453,4.117913722991943,-48.51564025878906
35.54,1.263173222541809,89.03324127197266,3.7347872257232666,-49.658226013183594
35.58,0.10586290806531906,89.03324127197266,3.592075824737549,-50.36135482788086
35.6,0.5192117691040039,89.03324127197266,3.1387996673583984,-50.97658920288086
35.64,0.6456804871559143,89.03324127197266,3.5330209732055664,-51.41604232788086
35.68,0.3960448205471039,89.03324127197266,1.745252013206482,-51.67971420288086
35.7,0.3960448205471039,89.03324127197266,1.745252013206482,-51.67971420288086
35.74,1.0431170463562012,89.03324127197266,1.066657304763794,-51.67971420288086
35.78,0.7855675220489502,89.03324127197266,-0.4032137989997864,-51.67971420288086
35.800000000000004,0.7855675220489502,89.03324127197266,-0.4032137989997864,-50.80080795288086
35.84,0.34763938188552856,89.03324127197266,-0.3943410813808441,-50.36135482788086
35.88,1.7001876831054688,89.03324127197266,0.09770815819501877,-49.570335388183594
35.9,1.992219090461731,89.03324127197266,1.4554953575134277,-49.570335388183594
35.94,2.3657848834991455,89.03324127197266,0.4088042080402374,-49.570335388183594
35.980000000000004,2.1941978931427,89.03324127197266,-2.9784107208251953,-49.570335388183594
36.0,2.3195791244506836,89.03324127197266,-2.2682015895843506,-49.570335388183594
36.04,2.396237850189209,89.29689025878906,-0.7389085292816162,-48.51564025878906
36.08,1.07290780544281,90.00001525878906,0.7329769134521484,-48.33985900878906
36.12,1.7945241928100586,90.61528015136719,0.033078666776418686,-48.33985900878906
36.14,1.7945241928100586,90.8789291381836,0.033078666776418686,-48.33985900878906
36.18,-0.3415803611278534,90.8789291381836,2.8385043144226074,-48.33985900878906
36.2,-0.038375455886125565,90.8789291381836,2.9607648849487305,-48.60353469848633
36.24,0.63638836145401,90.8789291381836,1.2502632141113281,-50.36135482788086
36.28,0.7298269867897034,90.8789291381836,1.6837457418441772,-52.11916732788086
36.300000000000004,0.7298269867897034,90.8789291381836,1.6837457418441772,-52.207061767578125
36.34,-0.12149612605571747,90.8789291381836,2.2909724712371826,-52.207061767578125
36.38,-0.33749911189079285,90.8789291381836,1.7609632015228271,-52.73440170288086
36.4,0.6015447974205017,90.8789291381836,1.1238304376602173,-52.822296142578125
36.44,-0.5058866739273071,90.8789291381836,0.46403685212135315,-52.822296142578125
36.480000000000004,0.2884902358055115,90.8789291381836,0.6708080768585205,-52.73440170288086
36.5,1.1671265363693237,90.8789291381836,1.024087905883789,-52.73440170288086
36.54,2.843738317489624,90.8789291381836,0.7861592173576355,-52.73440170288086
36.58,3.728188991546631,90.8789291381836,2.089216470718384,-52.73440170288086
36.62,5.0,90.8789291381836,4.388050079345703,-52.910186767578125
36.64,5.0,91.14262390136719,4.388050079345703,-55.2832145690918
36.68,5.0,92.28518676757812,4.2277445793151855,-57.21681213378906
36.72,5.0,94.39456176757812,3.396216869354248,-58.710960388183594
36.76,5.0,96.24024200439453,2.776796340942383,-59.765647888183594
36.78,5.0,97.82228088378906,2.776796340942383,-60.205108642578125
36.82,4.118335247039795,98.96488189697266,2.9493000507354736,-60.644561767578125
36.86,5.0,99.93165588378906,4.406667232513428,-61.259796142578125
36.88,5.0,101.25004577636719,2.752493143081665,-63.457069396972656
36.92,4.817136764526367,102.12890625,2.1417946815490723,-63.720741271972656
36.96,5.0,103.0078125,2.421274423599243,-63.720741271972656
36.980000000000004,5.0,104.0625,2.4118008613586426,-63.808631896972656
37.02,5.0,104.765625,2.4713027477264404,-64.07230377197266
37.06,4.732113361358643,105.29296875,1.8838850259780884,-64.42384338378906
37.08,5.0,106.25978088378906,2.394751787185669,-64.59961700439453
37.12,4.657137870788574,107.05079650878906,1.2742359638214111,-64.95118713378906
37.160000000000004,4.766096115112305,107.2265853881836,2.733883857727051,-65.21485900878906
37.18,3.563232421875,107.75392150878906,0.6518941521644592,-65.74220275878906
37.22,3.669186592102051,108.10548400878906,0.8390288352966309,-66.18165588378906
37.26,3.7578539848327637,108.10548400878906,-1.3693842887878418,-66.18165588378906
37.28,4.997406959533691,108.28126525878906,0.022480852901935577,-66.18165588378906
37.32,4.721815586090088,109.24806213378906,1.3929539918899536,-66.18165588378906
37.36,3.825056791305542,110.91797637939453,3.2065134048461914,-66.18165588378906
37.38,4.291255950927734,112.58789825439453,1.5243898630142212,-66.6211166381836
37.42,3.837092876434326,113.73048400878906,3.3696234226226807,-67.2363510131836
37.46,5.0,114.16993713378906,3.0786402225494385,-68.5547103881836
37.480000000000004,3.3361458778381348,114.78517150878906,5.0,-69.7851791381836
37.52,2.721435785293579,115.40039825439453,5.0,-71.89456176757812
37.56,2.575282573699951,115.75196838378906,5.0,-73.56449127197266
37.58,1.5283585786819458,115.83985900878906,5.0,-74.88282775878906
37.62,2.3120768070220947,115.75196838378906,5.0,-76.20118713378906
37.660000000000004,2.07373309135437,115.83985900878906,5.0,-76.7285385131836
37.68,3.089446544647217,115.83985900878906,5.0,-77.7832260131836
37.72,3.6163880825042725,115.92774200439453,5.0,-79.10159301757812
37.76,3.6603963375091553,116.2793197631836,5.0,-80.06838989257812
37.78,2.0291669368743896,116.98243713378906,5.0,-81.21096801757812
37.82,1.3228422403335571,117.42189025878906,5.0,-81.91410064697266
37.86,1.1722264289855957,117.6855697631836,5.0,-82.70511627197266
37.88,-0.35173752903938293,117.6855697631836,4.140564441680908,-83.84770202636719
37.92,-0.41155776381492615,117.6855697631836,4.605989456176758,-84.11136627197266
37.96,-0.9742708802223206,117.6855697631836,2.933558225631714,-84.55081939697266
38.0,-2.2528440952301025,117.6855697631836,2.606076955795288,-84.63871002197266
38.02,-2.2528440952301025,117.6855697631836,2.606076955795288,-84.63871002197266
38.06,-2.9522342681884766,117.6855697631836,0.9539275169372559,-84.63871002197266
38.1,-2.6442348957061768,117.6855697631836,1.9187434911727905,-84.55081939697266
38.12,-2.189720392227173,117.6855697631836,3.608616590499878,-84.63871002197266
38.160000000000004,-1.259284496307373,116.45509338378906,2.364802360534668,-84.63871002197266
38.2,-0.6833629608154297,115.57618713378906,2.1428985595703125,-84.63871002197266
38.22,-0.6833629608154297,115.66407775878906,2.1428985595703125,-84.63871002197266
38.26,-1.7833025455474854,115.66407775878906,2.6040050983428955,-84.81449890136719
38.28,-2.2597591876983643,115.66407775878906,3.592402219772339,-85.34184265136719
38.32,-2.9953415393829346,115.66407775878906,5.0,-86.57228088378906
38.36,-2.258338212966919,115.66407775878906,5.0,-88.3301010131836
38.38,-2.5219194889068604,115.66407775878906,4.407180309295654,-90.08792114257812
38.42,-2.815251350402832,115.66407775878906,4.525027275085449,-91.14260864257812
38.46,-1.4601746797561646,115.13673400878906,1.5542608499526978,-91.66995239257812
38.480000000000004,-1.4601746797561646,115.04883575439453,1.5542608499526978,-91.84574127197266
38.52,-2.7412750720977783,115.13673400878906,0.797322154045105,-91.75785064697266
38.56,-2.1227850914001465,115.04883575439453,1.2964140176773071,-91.49417877197266
38.6,-2.5748517513275146,115.04883575439453,1.007731318473816,-91.49417877197266
38.62,-3.688793897628784,115.04883575439453,0.8476184606552124,-91.49417877197266
38.660000000000004,-3.688793897628784,114.52149963378906,0.8476184606552124,-91.49417877197266
38.7,-2.742030382156372,112.93946075439453,1.2189416885375977,-91.31838989257812
38.74,-2.474395751953125,111.97267150878906,2.3831872940063477,-91.31838989257812
38.76,-2.474395751953125,111.88478088378906,2.3831872940063477,-91.31838989257812
38.800000000000004,-2.0513806343078613,111.97267150878906,0.9756772518157959,-91.66995239257812
38.84,-2.7369916439056396,111.88478088378906,-0.9502334594726562,-91.84574127197266
38.86,-2.8034870624542236,111.88478088378906,1.1205765008926392,-91.75785064697266
38.9,-2.372732639312744,111.88478088378906,0.9171181917190552,-91.75785064697266
38.94,-0.956285834312439,111.88478088378906,3.81878662109375,-91.75785064697266
38.96,-0.956285834312439,111.97267150878906,3.81878662109375,-92.10940551757812
39.0,-1.4206500053405762,111.88478088378906,3.949411392211914,-94.04300689697266
39.04,-2.2982959747314453,111.97267150878906,3.2927448749542236,-95.44926452636719
39.06,-1.8430246114730835,111.88478088378906,4.295056343078613,-95.97657775878906
39.1,-1.8430246114730835,111.88478088378906,4.295056343078613,-97.7343978881836
39.14,-1.5307085514068604,111.88478088378906,5.0,-98.7890853881836
39.160000000000004,-1.1331020593643188,111.70899963378906,5.0,-99.49221801757812
39.2,-1.1581841707229614,111.62110900878906,5.0,-100.98636627197266
39.24,-0.26981765031814575,111.62110900878906,5.0,-102.04104614257812
39.26,-1.5850059986114502,111.62110900878906,5.0,-103.18363189697266
39.300000000000004,-0.8372584581375122,111.62110900878906,5.0,-104.23832702636719
39.34,-0.2780221998691559,111.62110900878906,5.0,-105.38090515136719
39.36,-0.6716665625572205,111.62110900878906,5.0,-106.1718978881836
39.4,-0.4099927842617035,111.62110900878906,5.0,-106.9629135131836
39.44,-1.1185022592544556,111.62110900878906,5.0,-108.10549926757812
39.46,-1.3496121168136597,111.62110900878906,5.0,-109.33596801757812
39.5,-2.3461415767669678,111.62110900878906,4.265772342681885,-109.86331176757812
39.54,-1.6316992044448853,111.53321838378906,3.879739999771118,-110.39066314697266
39.56,-3.266655445098877,111.3574447631836,3.227278709411621,-110.65432739257812
39.6,-3.330174446105957,111.09376525878906,3.7885308265686035,-110.65432739257812
39.64,-3.2282779216766357,110.12696075439453,4.11795711517334,-111.18167877197266
39.660000000000004,-2.8536722660064697,109.16017150878906,4.945338249206543,-112.41214752197266
39.7,-3.231659173965454,108.36915588378906,4.041634559631348,-113.11528015136719
39.74,-4.279487133026123,108.01758575439453,3.266523838043213,-113.73051452636719
39.76,-4.279487133026123,107.13868713378906,3.266523838043213,-113.99418640136719
39.800000000000004,-2.576538324356079,106.34767150878906,2.8743703365325928,-113.99418640136719
39.82,-2.4183881282806396,105.55667114257812,3.151172637939453,-113.99418640136719
39.86,-0.6454551815986633,105.11719512939453,3.5489611625671387,-114.08207702636719
39.9,-1.558905005455017,105.11719512939453,2.1184685230255127,-115.31253814697266
39.94,-2.4146149158477783,105.11719512939453,1.5704998970031738,-115.57618713378906
39.96,-2.4146149158477783,105.11719512939453,1.5704998970031738,-115.48828887939453
40.0,-1.0272777080535889,105.11719512939453,3.111968517303467,-115.48828887939453
40.04,-2.6797919273376465,105.11719512939453,4.530912399291992,-115.48828887939453
40.08,-4.467207431793213,105.11719512939453,4.264779090881348,-116.2793197631836
40.1,-4.467207431793213,105.11719512939453,4.264779090881348,-118.30079650878906
40.14,-3.8337249755859375,104.67776489257812,5.0,-118.8281478881836
40.18,-5.0,104.23828125,5.0,-119.97073364257812
40.2,-5.0,102.83202362060547,4.757099628448486,-121.81643676757812
40.24,-5.0,101.07427215576172,5.0,-122.34378814697266
40.28,-5.0,100.37113952636719,5.0,-123.92581939697266
40.300000000000004,-4.752022743225098,99.22853088378906,4.889351844787598,-124.54105377197266
40.34,-3.6584579944610596,98.70118713378906,4.252976894378662,-125.33203887939453
40.38,-5.0,98.52539825439453,3.5836918354034424,-125.68360900878906
40.42,-5.0,98.43753814697266,4.031524658203125,-125.94728088378906
40.44,-5.0,97.82228088378906,4.031524658203125,-126.6504135131836
40.480000000000004,-4.551884174346924,96.67971801757812,2.6603689193725586,-126.91407775878906
40.52,-3.819331407546997,96.24024200439453,3.721956729888916,-126.91407775878906
40.56,-4.050386905670166,95.97660064697266,2.801274299621582,-127.0019760131836
40.58,-4.050386905670166,95.712890625,2.801274299621582,-127.70509338378906
40.62,-2.112955093383789,95.62503051757812,3.1170997619628906,-127.79298400878906
40.660000000000004,-0.981425940990448,95.53711700439453,4.801462650299072,-128.05667114257812
40.68,-0.3966790735721588,95.53711700439453,4.0183000564575195,-130.60549926757812
40.72,-0.8393157124519348,95.53711700439453,3.6292715072631836,-131.57228088378906
40.76,-0.31216567754745483,95.53711700439453,2.429468870162964,-131.83595275878906
40.78,-0.45156753063201904,95.53711700439453,1.2224425077438354,-131.83595275878906
40.82,0.2594330310821533,95.62503051757812,0.24415528774261475,-131.74806213378906
40.86,0.2260749489068985,95.62503051757812,-0.08042898029088974,-130.34182739257812
40.88,-1.366475224494934,95.62503051757812,-0.4450141489505768,-130.07815551757812
40.92,-0.8350467085838318,95.62503051757812,-0.6981469392776489,-129.11134338378906
40.96,-2.956742286682129,95.53711700439453,0.48813527822494507,-128.58401489257812
40.980000000000004,-2.9252350330352783,95.53711700439453,1.0584691762924194,-128.93557739257812
41.02,-3.0823731422424316,95.53711700439453,0.6311379671096802,-129.19923400878906
41.06,-1.8569368124008179,95.62503051757812,0.5641751885414124,-129.28713989257812
41.08,-1.1547034978866577,95.62503051757812,-0.7890794277191162,-130.07815551757812
41.12,-1.5215009450912476,95.53711700439453,-0.8954857587814331,-129.99026489257812
41.160000000000004,-0.2875666618347168,95.62503051757812,-0.7137735486030579,-129.11134338378906
41.18,-1.3750498294830322,95.62503051757812,-1.8352726697921753,-127.6172103881836
41.22,-1.0674629211425781,95.53711700439453,-1.372267723083496,-127.6172103881836
41.26,-0.364145427942276,95.62503051757812,-0.9475870132446289,-127.26564025878906
41.28,0.48632746934890747,95.62503051757812,-0.7697747349739075,-127.26564025878906
41.32,0.48632746934890747,95.62503051757812,-0.7697747349739075,-127.26564025878906
41.36,-0.3937901556491852,95.62503051757812,-0.014901679009199142,-127.26564025878906
41.4,-0.7801975011825562,95.62503051757812,-1.5549408197402954,-127.26564025878906
41.44,-0.49957528710365295,95.53711700439453,-1.0560455322265625,-126.73829650878906
41.46,-0.49957528710365295,95.62503051757812,-1.0560455322265625,-126.56251525878906
41.5,0.10747635364532471,95.62503051757812,1.9302765130996704,-126.47462463378906
41.54,1.0318280458450317,95.53711700439453,1.366589903831482,-126.56251525878906
41.56,1.805981159210205,95.62503051757812,-0.44079262018203735,-127.6172103881836
41.6,1.7993570566177368,95.62503051757812,-0.4398197829723358,-127.79298400878906
41.64,0.9084634184837341,95.62503051757812,0.2122826874256134,-127.70509338378906
41.660000000000004,0.5238543748855591,96.15237426757812,1.1682562828063965,-127.8808822631836
41.7,0.12605570256710052,96.24024200439453,0.31122711300849915,-128.49612426757812
41.74,-0.06549419462680817,96.24024200439453,0.079158253967762,-129.02346801757812
41.76,0.9662200808525085,96.24024200439453,-0.7411267757415771,-129.02346801757812
41.800000000000004,0.6496382355690002,96.24024200439453,-0.036676403135061264,-128.75978088378906
41.84,1.2638087272644043,96.24024200439453,-0.9827002882957458,-128.32032775878906
41.86,1.2638087272644043,96.41602325439453,-0.9827002882957458,-128.05667114257812
41.9,1.755213975906372,96.76758575439453,-1.217748761177063,-127.9687728881836
41.92,-0.3855816125869751,97.20706939697266,-1.7255209684371948,-127.6172103881836
41.96,-0.2894718050956726,97.55863189697266,-0.9266489148139954,-126.73829650878906
42.0,-1.2988669872283936,97.82228088378906,-0.6414941549301147,-126.6504135131836
42.02,-1.9955404996871948,97.82228088378906,-0.7717818021774292,-126.6504135131836
42.06,-1.9955404996871948,97.82228088378906,-0.7717818021774292,-126.73829650878906
42.1,-1.9476685523986816,97.82228088378906,-0.9163026213645935,-126.73829650878906
42.14,-0.8138929009437561,97.82228088378906,0.8690284490585327,-126.73829650878906
42.160000000000004,0.14850617945194244,97.73441314697266,1.1717654466629028,-126.82618713378906
42.2,0.3521214425563812,97.73441314697266,1.7697546482086182,-127.6172103881836
42.22,-0.4384283721446991,97.73441314697266,2.570089101791382,-128.58401489257812
42.26,-0.016383957117795944,97.82228088378906,3.337742567062378,-129.72659301757812
42.300000000000004,-0.6885743737220764,97.73441314697266,1.1075208187103271,-131.39649963378906
42.32,-0.6885743737220764,97.73441314697266,1.1075208187103271,-131.39649963378906
42.36,-0.8653185963630676,97.73441314697266,0.407566636800766,-131.39649963378906
42.4,-1.0642832517623901,97.73441314697266,-0.30166977643966675,-130.86915588378906
42.42,-1.0642832517623901,97.73441314697266,-0.30166977643966675,-130.34182739257812
42.46,-1.7442580461502075,97.64649200439453,-1.1851224899291992,-129.99026489257812
42.5,-0.961654543876648,97.38285064697266,0.10938281565904617,-128.93557739257812
42.52,-0.961654543876648,97.03128051757812,0.10938281565904617,-129.02346801757812
42.56,1.143980860710144,96.94336700439453,0.6132240295410156,-129.11134338378906
42.6,-0.32470759749412537,96.94336700439453,1.6246556043624878,-129.46292114257812
42.62,-1.729685664176941,96.94336700439453,1.3260247707366943,-130.95704650878906
42.660000000000004,-2.0353636741638184,97.03128051757812,2.479210615158081,-131.22071838378906
42.7,-2.929962396621704,96.94336700439453,3.8024511337280273,-132.62696838378906
42.74,-1.8311671018600464,96.67971801757812,2.633244514465332,-134.47268676757812
42.76,-1.8311671018600464,96.41602325439453,2.633244514465332,-135.08790588378906
42.800000000000004,-3.072939872741699,96.24024200439453,4.844391822814941,-135.43946838378906
42.84,-3.150197744369507,95.97660064697266,5.0,-135.79103088378906
42.86,-3.150197744369507,95.27346801757812,5.0,-137.54885864257812
42.9,-3.7362399101257324,94.57034301757812,5.0,-139.13088989257812
42.94,-4.461084842681885,94.04299926757812,5.0,-140.44923400878906
42.96,-4.461084842681885,92.28518676757812,5.0,-141.15235900878906
43.0,-3.188491106033325,91.05470275878906,5.0,-142.03128051757812
43.04,-2.9130260944366455,90.61528015136719,5.0,-142.91018676757812
43.06,-2.2508130073547363,90.43949890136719,5.0,-143.87698364257812
43.1,-2.954176425933838,90.17579650878906,5.0,-144.84376525878906
43.14,-2.6150548458099365,90.00001525878906,4.938906192779541,-145.19532775878906
43.160000000000004,-0.8624370694160461,89.82423400878906,5.0,-146.33790588378906
43.2,-1.8522710800170898,89.56058502197266,5.0,-147.12892150878906
43.24,-1.7526013851165771,89.4726791381836,5.0,-147.65626525878906
43.26,1.5044081211090088,89.38481140136719,3.8010573387145996,-148.00782775878906
43.300000000000004,-0.005147325340658426,89.29689025878906,4.894972801208496,-148.18362426757812
43.34,1.1481702327728271,89.29689025878906,3.9720637798309326,-149.15042114257812
43.36,2.384838581085205,89.20903015136719,2.413602590560913,-149.67774963378906
43.4,2.8841569423675537,89.29689025878906,2.136152744293213,-149.67774963378906
43.44,2.781970739364624,89.4726791381836,0.9855555891990662,-149.67774963378906
43.46,1.9063522815704346,90.43949890136719,-1.4023431539535522,-149.50196838378906
43.5,1.4524855613708496,91.49418640136719,-2.4868712425231934,-147.56837463378906
43.52,1.7427057027816772,92.19725799560547,-2.8887765407562256,-145.98634338378906
43.56,1.4231436252593994,92.54882049560547,-3.0854742527008057,-144.49221801757812
43.6,-0.3237292170524597,92.9883041381836,-2.5667669773101807,-143.52540588378906
43.62,-0.05206981301307678,92.9883041381836,-1.2766804695129395,-142.91018676757812
43.660000000000004,0.7285640835762024,92.9883041381836,-2.314521551132202,-142.64649963378906
43.7,1.7635630369186401,92.9883041381836,-0.24460773169994354,-142.64649963378906
43.72,3.0568525791168213,92.9883041381836,-0.07320944219827652,-142.73439025878906
43.76,1.9672911167144775,92.724609375,0.004748492501676083,-143.34963989257812
43.800000000000004,1.2870287895202637,92.54882049560547,0.24544987082481384,-143.70120239257812
43.82,0.8805352449417114,92.6367416381836,-1.179635763168335,-144.05276489257812
43.86,0.48943668603897095,92.6367416381836,-0.6303447484970093,-144.14065551757812
43.9,-0.01909930258989334,92.6367416381836,-0.9465684294700623,-144.05276489257812
43.94,-1.2922977209091187,92.6367416381836,-0.5133979320526123,-143.78909301757812
43.96,-1.2922977209091187,92.724609375,-0.5133979320526123,-143.61329650878906
44.0,0.9521820545196533,92.90038299560547,1.2633813619613647,-143.61329650878906
44.04,0.8089520335197449,92.8125228881836,0.6201678514480591,-143.78909301757812
44.06,2.102527618408203,92.724609375,1.9658044576644897,-144.22854614257812
44.1,0.6053779721260071,92.4609603881836,2.721292495727539,-145.19532775878906
44.14,0.9900436401367188,92.28518676757812,2.4412178993225098,-146.68946838378906
44.160000000000004,0.9900436401367188,92.4609603881836,2.4412178993225098,-147.39260864257812
44.2,2.8610877990722656,92.4609603881836,2.347137212753296,-147.83206176757812
44.22,2.549816846847534,92.54882049560547,0.7799369692802429,-148.27151489257812
44.26,2.675633192062378,92.9883041381836,1.3523231744766235,-148.27151489257812
44.300000000000004,3.2015950679779053,93.8672103881836,3.513664484024048,-148.35940551757812
44.32,5.0,94.74612426757812,4.931947231292725,-149.50196838378906
44.36,4.796949863433838,95.62503051757812,5.0,-151.96292114257812
44.4,5.0,96.76758575439453,5.0,-153.98440551757812
44.42,3.4198319911956787,98.34962463378906,5.0,-155.30274963378906
44.46,3.456861972808838,99.58009338378906,5.0,-157.41213989257812
44.5,3.308601140975952,100.37113952636719,3.45078706741333,-157.93946838378906
44.52,3.9471232891082764,100.89848327636719,3.2918450832366943,-158.20315551757812
44.56,3.4921770095825195,100.98634338378906,2.7932984828948975,-158.37893676757812
44.6,4.136876106262207,101.25004577636719,2.8207781314849854,-158.37893676757812
44.62,4.832795143127441,101.95311737060547,2.6027722358703613,-158.64260864257812
44.660000000000004,4.054458141326904,103.09573364257812,2.7202417850494385,-159.43360900878906
44.68,3.921556234359741,104.1504135131836,2.0008718967437744,-160.04884338378906
44.72,4.7373199462890625,104.94141387939453,2.2865231037139893,-160.22462463378906
44.76,3.820805788040161,105.55667114257812,1.1693814992904663,-160.40040588378906
44.78,3.820805788040161,106.25978088378906,1.1693814992904663,-160.40040588378906
44.82,3.555321216583252,106.61134338378906,0.3958435356616974,-160.31251525878906
44.86,4.9693450927734375,106.69923400878906,1.1562281847000122,-159.96095275878906
44.88,3.5937798023223877,106.96290588378906,0.865002453327179,-160.04884338378906
44.92,3.0808558464050293,107.40235900878906,1.7370412349700928,-160.22462463378906
44.96,4.63294792175293,107.66602325439453,1.8792681694030762,-160.57618713378906
44.980000000000004,5.0,107.75392150878906,1.462130069732666,-161.27931213378906
45.02,4.886113166809082,108.28126525878906,1.0565896034240723,-161.89456176757812
45.04,3.7089333534240723,109.51173400878906,-0.507861316204071,-161.98243713378906
45.08,2.7066991329193115,111.00587463378906,-1.1414484977722168,-161.98243713378906
45.12,1.9736720323562622,111.97267150878906,-2.4056122303009033,-161.45510864257812
45.14,1.9736720323562622,112.58789825439453,-2.4056122303009033,-159.87306213378906
45.18,2.832240343093872,112.67579650878906,-4.272592544555664,-159.78517150878906
45.22,1.9578819274902344,112.67579650878906,-5.0,-158.73049926757812
45.24,1.9578819274902344,112.67579650878906,-5.0,-156.09376525878906
45.28,4.273293972015381,112.76368713378906,-4.295633792877197,-154.68751525878906
45.32,4.199539661407471,112.76368713378906,-2.8113129138946533,-154.24807739257812
45.34,4.322528839111328,112.93946075439453,-5.0,-153.80862426757812
45.38,5.0,113.29103088378906,-4.136044025421143,-153.01759338378906
45.42,4.237926483154297,114.2578353881836,-3.117255449295044,-152.22657775878906
45.44,4.671304225921631,115.75196838378906,-4.723423957824707,-152.40237426757812
45.480000000000004,4.702739715576172,116.80665588378906,-5.0,-151.34767150878906
45.52,4.379344940185547,117.6855697631836,-5.0,-150.20509338378906
45.54,5.0,118.82814025878906,-5.0,-149.41407775878906
45.58,5.0,119.26759338378906,-5.0,-148.44729614257812
45.62,5.0,119.88282012939453,-5.0,-147.91995239257812
45.64,4.40757942199707,120.84961700439453,-5.0,-146.95315551757812
45.68,3.9386775493621826,121.46485900878906,-5.0,-146.77735900878906
45.72,3.885624408721924,121.6406478881836,-3.5333309173583984,-145.81056213378906
45.74,3.391214370727539,121.6406478881836,-3.0195534229278564,-145.54689025878906
45.78,3.465980291366577,121.6406478881836,-3.9209156036376953,-145.45899963378906
45.82,2.1619699001312256,121.7285385131836,-2.3678133487701416,-145.45899963378906
45.84,0.8255162835121155,121.7285385131836,-3.270829439163208,-145.45899963378906
45.88,1.5542433261871338,121.7285385131836,-3.6765596866607666,-145.37110900878906
45.92,-0.4394022226333618,121.7285385131836,-4.351940155029297,-144.93165588378906
45.94,-0.24586762487888336,121.7285385131836,-4.480865001678467,-144.14065551757812
45.980000000000004,-0.7715356349945068,121.7285385131836,-5.0,-141.94337463378906
46.02,-0.7830129861831665,121.7285385131836,-5.0,-141.15235900878906
46.04,0.12850645184516907,121.7285385131836,-5.0,-139.65823364257812
46.08,-0.7218613028526306,121.7285385131836,-5.0,-139.13088989257812
46.1,-0.07643444091081619,121.7285385131836,-4.849328994750977,-138.33987426757812
46.14,-0.710663378238678,121.7285385131836,-5.0,-137.54885864257812
46.18,0.29073020815849304,121.7285385131836,-5.0,-136.49415588378906
46.2,0.29073020815849304,121.7285385131836,-5.0,-135.70314025878906
46.24,-2.0342609882354736,121.7285385131836,-5.0,-134.73635864257812
46.28,-2.179715156555176,121.7285385131836,-5.0,-133.59376525878906
46.300000000000004,-2.179715156555176,121.7285385131836,-5.0,-132.89064025878906
46.34,-1.8613312244415283,121.7285385131836,-5.0,-132.18751525878906
46.38,-1.4680635929107666,121.7285385131836,-5.0,-131.30860900878906
46.4,-1.4680635929107666,121.7285385131836,-5.0,-130.78128051757812
46.44,-0.47413280606269836,121.7285385131836,-2.7597603797912598,-128.84768676757812
46.480000000000004,0.15568381547927856,121.7285385131836,-4.685678005218506,-128.23243713378906
46.5,0.8457231521606445,121.7285385131836,-4.29392671585083,-127.6172103881836
46.54,1.7345372438430786,121.7285385131836,-3.9472343921661377,-126.91407775878906
46.56,2.460798740386963,121.7285385131836,-5.0,-126.73829650878906
46.6,2.133091926574707,121.7285385131836,-5.0,-125.41992950439453
46.64,2.722156524658203,121.7285385131836,-5.0,-125.24415588378906
46.660000000000004,2.722156524658203,121.7285385131836,-5.0,-123.39846801757812
46.7,3.3517398834228516,122.0801010131836,-5.0,-122.95901489257812
46.74,2.9300200939178467,122.78321838378906,-5.0,-122.25588989257812
46.76,2.9300200939178467,123.75000762939453,-5.0,-121.37698364257812
46.800000000000004,3.499558210372925,124.45313262939453,-5.0,-120.5859603881836
46.84,2.9220921993255615,124.62892150878906,-5.0,-120.2343978881836
46.86,3.2914698123931885,124.71681213378906,-5.0,-119.09182739257812
46.9,2.9542322158813477,124.89258575439453,-5.0,-118.30079650878906
46.94,2.5119869709014893,125.41992950439453,-5.0,-117.77345275878906
46.96,2.5027267932891846,126.29884338378906,-5.0,-116.80665588378906
47.0,2.5196568965911865,127.35353088378906,-5.0,-116.10353088378906
47.04,1.0055053234100342,128.14453125,-5.0,-115.75196838378906
47.06,-0.238173246383667,128.14453125,-5.0,-114.16996765136719
47.1,0.011044563725590706,128.14453125,-5.0,-113.55473327636719
47.14,-0.7854824662208557,128.14453125,-5.0,-112.58792877197266
47.160000000000004,0.05013589560985565,128.14453125,-5.0,-111.44534301757812
47.2,1.816842794418335,128.14453125,-5.0,-111.00588989257812
47.22,1.4404631853103638,128.14453125,-5.0,-110.21487426757812
47.26,1.0576086044311523,128.14453125,-5.0,-108.7207260131836
47.300000000000004,0.8903195858001709,128.14453125,-5.0,-107.92971801757812
47.32,0.8903195858001709,128.14453125,-5.0,-107.4023666381836
47.36,0.14568321406841278,128.14453125,-5.0,-105.46879577636719
47.4,-1.2359181642532349,128.14453125,-5.0,-105.11723327636719
47.42,-2.3051702976226807,128.14453125,-4.473077297210693,-104.41410064697266
47.46,-1.9558483362197876,128.14453125,-2.928025960922241,-103.79887390136719
47.5,-2.760183334350586,128.14453125,-5.0,-103.79887390136719
47.52,-4.872141361236572,128.14453125,-5.0,-103.35941314697266
47.56,-5.0,127.70509338378906,-5.0,-101.86527252197266
47.6,-5.0,126.29884338378906,-5.0,-100.81057739257812
47.62,-5.0,123.66211700439453,-5.0,-99.1406478881836
47.660000000000004,-5.0,121.90431213378906,-5.0,-98.17385864257812
47.7,-5.0,121.2890853881836,-5.0,-96.9433822631836
47.72,-5.0,121.2890853881836,-5.0,-96.0644760131836
47.76,-4.221301555633545,120.05860137939453,-5.0,-94.57035827636719
47.800000000000004,-4.138994216918945,118.65235137939453,-5.0,-93.60355377197266
47.82,-4.214485168457031,118.30078887939453,-4.904592037200928,-92.98831176757812
47.86,-4.431169509887695,118.30078887939453,-3.4114155769348145,-92.10940551757812
47.9,-4.024378776550293,118.30078887939453,-2.6606311798095703,-90.79104614257812
47.92,-3.508030414581299,117.5097885131836,-1.162994146347046,-90.70315551757812
47.96,-2.953176259994507,116.98243713378906,-0.5522491931915283,-90.70315551757812
48.0,-3.9340429306030273,116.80665588378906,-0.13778921961784363,-91.49417877197266
48.02,-3.9340429306030273,116.45509338378906,-0.13778921961784363,-92.54885864257812
48.06,-3.7001354694366455,116.10353088378906,-0.8190671801567078,-93.07621002197266
48.08,-2.6424965858459473,115.40039825439453,0.7185536623001099,-93.25199127197266
48.120000000000005,-2.9250004291534424,114.96094512939453,0.5895327925682068,-93.25199127197266
48.160000000000004,-2.071398973464966,114.96094512939453,-0.6240881085395813,-93.77934265136719
48.18,-1.8782261610031128,114.96094512939453,-1.6070458889007568,-93.95511627197266
48.22,-2.619088888168335,114.96094512939453,-2.4916632175445557,-94.04300689697266
48.26,-1.22661292552948,114.96094512939453,-2.594757556915283,-93.07621002197266
48.28,-0.4857514500617981,114.96094512939453,-1.2937158346176147,-92.10940551757812
48.32,-2.2452762126922607,114.96094512939453,-1.5778611898422241,-92.02151489257812
48.36,-2.7786123752593994,114.96094512939453,-0.9713494181632996,-92.02151489257812
48.38,-2.7786123752593994,114.96094512939453,-0.9713494181632996,-91.75785064697266
48.42,-1.8158966302871704,114.69727325439453,-0.9365448355674744,-91.75785064697266
48.46,-0.7150112986564636,114.43360900878906,-0.426092267036438,-91.75785064697266
48.480000000000004,-2.787498712539673,114.43360900878906,-0.9087080359458923,-91.75785064697266
48.52,-2.9356026649475098,114.43360900878906,-1.102217197418213,-91.75785064697266
48.56,-2.1485471725463867,114.2578353881836,-2.023268461227417,-91.75785064697266
48.58,-4.384960174560547,113.64259338378906,-2.665916919708252,-90.43948364257812
48.620000000000005,-3.610186815261841,113.11524963378906,-2.7139663696289062,-89.38479614257812
48.660000000000004,-4.1986918449401855,112.58789825439453,-3.1051692962646484,-88.3301010131836
48.68,-3.5234932899475098,111.18165588378906,-3.2212679386138916,-87.36329650878906
48.72,-2.902627468109131,110.12696075439453,-3.9347708225250244,-86.48439025878906
48.76,-1.6391671895980835,109.42384338378906,-3.376063823699951,-85.86917877197266
48.78,-1.425369381904602,109.42384338378906,-0.658403754234314,-84.46292877197266
48.82,-0.7290268540382385,109.42384338378906,-0.8447390794754028,-84.28715515136719
48.86,-1.1438871622085571,109.42384338378906,-1.770955204963684,-84.28715515136719
48.88,-1.9567323923110962,109.42384338378906,0.07815750688314438,-84.28715515136719
48.92,-1.9567323923110962,109.42384338378906,0.07815750688314438,-84.81449890136719
48.96,-1.3742610216140747,109.42384338378906,-1.8703733682632446,-85.25395202636719
49.0,0.24417921900749207,109.42384338378906,-2.390799045562744,-85.34184265136719
49.02,0.19016842544078827,109.42384338378906,-3.647998332977295,-84.81449890136719
49.06,0.7283064126968384,109.42384338378906,-4.875798225402832,-84.11136627197266
49.1,0.7384206056594849,109.59962463378906,-2.5956270694732666,-82.70511627197266
49.120000000000005,1.1496944427490234,110.39064025878906,-0.5652410387992859,-82.26565551757812
49.160000000000004,0.6674528121948242,110.39064025878906,0.11641005426645279,-82.26565551757812
49.18,0.2559719383716583,110.56641387939453,-1.0124733448028564,-82.26565551757812
49.22,0.8037399649620056,110.74220275878906,-0.6828230023384094,-82.26565551757812
49.26,1.793702244758606,110.74220275878906,-0.11082184314727783,-82.35355377197266
49.28,3.260678768157959,111.00587463378906,-2.2321856021881104,-82.70511627197266
49.32,3.209057331085205,111.97267150878906,-1.7137200832366943,-82.96878814697266
49.36,1.9167296886444092,113.29103088378906,-2.363074541091919,-82.96878814697266
49.38,1.6788828372955322,113.99415588378906,-2.161072015762329,-82.96878814697266
49.42,2.0993871688842773,114.08204650878906,-2.6121442317962646,-82.96878814697266
49.46,-0.3991418182849884,114.16993713378906,-2.3617217540740967,-82.35355377197266
49.480000000000004,-0.3991418182849884,114.16993713378906,-2.3617217540740967,-82.08987426757812
49.52,0.7411358952522278,114.16993713378906,-0.09502964466810226,-81.56253814697266
49.56,0.33517295122146606,114.16993713378906,-0.3516664505004883,-81.38674926757812
49.58,0.33517295122146606,114.16993713378906,-0.3516664505004883,-81.38674926757812
49.620000000000005,1.6934446096420288,114.16993713378906,-0.1193636804819107,-81.38674926757812
49.660000000000004,1.0151937007904053,114.16993713378906,-0.6099176406860352,-81.38674926757812
49.68,1.090223789215088,114.16993713378906,0.31956684589385986,-81.47464752197266
49.72,0.9728367924690247,114.16993713378906,-0.5733283162117004,-81.47464752197266
49.76,1.3836404085159302,114.16993713378906,-1.0045216083526611,-81.47464752197266
49.78,1.7505680322647095,114.43360900878906,0.4852069914340973,-81.47464752197266
49.82,1.1711080074310303,114.96094512939453,2.056163787841797,-81.47464752197266
49.86,0.008578912355005741,115.04883575439453,2.0622544288635254,-81.91410064697266
49.88,0.025682760402560234,115.04883575439453,1.3114148378372192,-83.14456939697266
49.92,0.11657281219959259,115.04883575439453,1.1007835865020752,-83.84770202636719
49.96,-0.5406089425086975,115.04883575439453,0.5325586795806885,-83.84770202636719
49.980000000000004,-0.3516724109649658,115.04883575439453,0.6534357666969299,-83.93559265136719
