dt,yaw_cmd,yaw_vel,yaw_pos,pitch_cmd,pitch_vel,pitch_pos
1778337130.6341703,0.0,0.0,-6.5917510986328125,0.0,0.0,-3.779325246810913
1778337130.6395187,0.0,0.0,-6.5917510986328125,0.0,0.0,-3.779325246810913
1778337130.6717107,6.123233998228043e-16,0.0,-6.5917510986328125,6.123233998228043e-16,0.0,-3.779325246810913
1778337130.7025592,0.12581752240657806,0.0,-6.5917510986328125,-1.2535271644592285,0.0,-3.779325246810913
1778337130.7346597,0.3783149719238281,0.0,-6.5917510986328125,-3.682888984680176,0.0,-3.779325246810913
1778337130.7710857,0.3783149719238281,0.0,-6.5917510986328125,-3.682888984680176,0.0,-3.779325246810913
1778337130.8030279,0.7589085102081299,-0.2764352262020111,-7.119096279144287,-6.850623607635498,0.0,-3.779325246810913
1778337130.8356047,1.0136220455169678,-0.4388257563114166,-7.9101409912109375,-8.450008392333984,-0.048766057938337326,-3.867216110229492
1778337130.8729756,1.2689197063446045,-0.7884124517440796,-9.580039978027344,-9.516615867614746,-0.08300111442804337,-4.04299783706665
1778337130.9031231,1.3967316150665283,-1.219127893447876,-11.777339935302734,-9.827298164367676,0.0,-4.04299783706665
1778337130.9356313,1.6525671482086182,-1.366883635520935,-14.23828411102295,-9.978128433227539,0.0,-4.04299783706665
1778337130.9724016,1.9085291624069214,-1.5370047092437744,-17.490219116210938,-9.49681568145752,0.0,-4.04299783706665
1778337131.0026343,2.0364980697631836,-1.609060287475586,-20.39059066772461,-9.026747703552246,0.0,-4.04299783706665
1778337131.0338662,2.2922911643981934,-1.554347038269043,-23.02731704711914,-7.664412975311279,0.0,-4.04299783706665
1778337131.0709116,2.2922911643981934,-1.7022596597671509,-26.630844116210938,-7.664412975311279,0.0415072962641716,-3.9551069736480713
1778337131.102451,2.6752469539642334,-1.120194911956787,-28.652334213256836,-4.741453647613525,0.0,-3.9551069736480713
1778337131.134021,2.9297666549682617,-1.2680385112762451,-30.937496185302734,-2.386129379272461,-0.04878932610154152,-4.04299783706665
1778337131.172359,2.9297666549682617,-0.4350597858428955,-31.904268264770508,-2.386129379272461,-0.07910197973251343,-4.218779563903809
1778337131.2020917,3.3098530769348145,0.0,-31.904268264770508,1.3849447965621948,-0.48778465390205383,-5.0976881980896
1778337131.2343948,3.5618064403533936,0.0,-31.904268264770508,3.8239760398864746,-0.38947224617004395,-5.800815105438232
1778337131.2717717,3.8123581409454346,0.0,-31.904268264770508,6.019936561584473,-0.5392463803291321,-6.943369388580322
1778337131.3093863,3.8123581409454346,0.0,-31.904268264770508,6.019936561584473,-0.5390403866767883,-8.085949897766113
1778337131.342052,4.185076713562012,0.0,-31.904268264770508,8.555948257446289,-0.3686467409133911,-8.789076805114746
1778337131.3743916,4.431157112121582,0.0,-31.904268264770508,9.58215618133545,-0.4870721995830536,-9.667985916137695
1778337131.4110136,4.431157112121582,0.6232373118400574,-30.5859317779541,9.58215618133545,-0.5401502251625061,-10.810566902160645
1778337131.4430566,4.796111106872559,1.1509289741516113,-28.388633728027344,9.958447456359863,-0.8285342454910278,-12.392602920532227
1778337131.4755642,5.036299705505371,1.4628270864486694,-25.751934051513672,9.408774375915527,-0.9266729354858398,-14.062530517578125
1778337131.5128171,5.2737250328063965,1.7423505783081055,-22.060544967651367,8.252601623535156,-0.829728901386261,-15.820320129394531
1778337131.5431182,5.391327381134033,2.1440024375915527,-18.19334602355957,7.468613624572754,-1.1690102815628052,-17.92970085144043
1778337131.5756798,5.624163627624512,1.952007532119751,-14.677711486816406,5.551517009735107,-0.48800188302993774,-18.808609008789062
1778337131.6127138,5.853641986846924,1.2866089344024658,-11.953121185302734,3.2745039463043213,-1.411515474319458,-21.796899795532227
1778337131.6429663,5.96704626083374,1.5120993852615356,-9.228476524353027,2.0461888313293457,-0.6828333139419556,-23.027372360229492
1778337131.6745324,6.191035747528076,0.311174213886261,-8.701131820678711,-0.4908300042152405,-0.8295454382896423,-24.433626174926758
1778337131.7122927,6.191035747528076,0.5549156665802002,-7.470659255981445,-0.4908300042152405,-0.7929497361183167,-26.191415786743164
1778337131.7463052,6.519514083862305,0.0,-7.470659255981445,-4.188358783721924,-0.5683045387268066,-27.33399772644043
1778337131.7789278,6.7331390380859375,0.0,-7.470659255981445,-6.347869873046875,-1.0751090049743652,-29.267597198486328
1778337131.812082,6.942190170288086,0.0,-7.470659255981445,-8.095938682556152,-0.6457136869430542,-30.49806785583496
1778337131.8439796,7.044923305511475,0.0,-7.470659255981445,-8.778633117675781,-0.7855216860771179,-31.992212295532227
1778337131.8763247,7.246653079986572,-0.04887443780899048,-7.558577537536621,-9.705118179321289,-0.7816733717918396,-33.398468017578125
1778337131.9116073,7.44319486618042,-0.5678055286407471,-8.701131820678711,-9.999197959899902,-0.7865245938301086,-34.98050308227539
1778337131.9423666,7.539443492889404,-1.1217057704925537,-10.722648620605469,-9.901058197021484,-0.8774391412734985,-36.5625114440918
1778337131.974804,7.7277445793151855,-1.5101484060287476,-13.44723892211914,-9.221698760986328,-0.4385599195957184,-37.3535270690918
1778337132.0116854,7.910245895385742,-1.7879940271377563,-17.226518630981445,-7.938662052154541,-0.4157704710960388,-38.23243713378906
1778337132.042359,7.999245643615723,-2.0980896949768066,-21.0058536529541,-7.095261573791504,-0.4391178786754608,-39.02345657348633
1778337132.0745578,8.172593116760254,-1.9994568824768066,-24.609352111816406,-5.073244571685791,-0.19501464068889618,-39.37501907348633
1778337132.113338,8.172593116760254,-1.5804096460342407,-28.12498664855957,-5.073244571685791,-0.5928521156311035,-40.693382263183594
1778337132.1525156,8.256880760192871,-0.5921380519866943,-29.44332504272461,-3.9277217388153076,-0.7104341387748718,-42.275421142578125
1778337132.1823707,8.577427864074707,-0.38997969031333923,-30.146451950073242,1.1025651693344116,-0.38997969031333923,-42.978546142578125
1778337132.215002,8.727327346801758,0.0,-30.146451950073242,3.595442533493042,-1.4120906591415405,-45.52735137939453
1778337132.2520895,8.869999885559082,0.0,-30.146451950073242,5.852877140045166,-1.1200000047683716,-47.90040588378906
1778337132.2821875,8.938554763793945,0.0,-30.146451950073242,6.845757484436035,-0.7806292176246643,-49.30665969848633
1778337132.315113,9.069961547851562,0.0,-30.146451950073242,8.477415084838867,-1.1678978204727173,-51.41604232788086
1778337132.3521857,9.193578720092773,0.0,-30.146451950073242,9.54970645904541,-0.9120992422103882,-53.34964370727539
1778337132.3841584,9.252397537231445,0.0,-30.146451950073242,9.852011680603027,-1.1996371746063232,-55.63477325439453
1778337132.4168372,9.363921165466309,0.7802569270133972,-28.740198135375977,9.963187217712402,-1.1217994689941406,-57.65626907348633
1778337132.4517698,9.467118263244629,0.963352382183075,-26.806623458862305,9.413887023925781,-1.3136433362960815,-60.29299545288086
1778337132.4822266,9.51552963256836,1.172510027885437,-24.697242736816406,8.900907516479492,-1.3186118602752686,-62.66604995727539
1778337132.5145378,9.605852127075195,1.6595607995986938,-21.708980560302734,7.440203666687012,-1.0738965272903442,-64.59961700439453
1778337132.5533638,9.68734359741211,2.021960973739624,-17.226518630981445,5.483865261077881,-1.3085227012634277,-67.5000228881836
1778337132.5836535,9.72471809387207,1.663462519645691,-14.23828411102295,4.3591766357421875,-1.2719612121582031,-69.7851791381836
1778337132.6161637,9.792608261108398,1.022444725036621,-12.392548561096191,1.9100714921951294,-1.1684167385101318,-71.89456176757812
1778337132.6533008,9.851202964782715,1.368283987045288,-9.49217700958252,-0.6678888201713562,-1.0779517889022827,-74.17970275878906
1778337132.6834724,9.876959800720215,0.6341553330421448,-8.349568367004395,-1.951505184173584,-1.0244780778884888,-76.02540588378906
1778337132.7159455,9.921289443969727,0.048698265105485916,-8.261704444885254,-4.400670528411865,-1.07149076461792,-77.9590072631836
1778337132.753288,9.95590591430664,-0.04145289212465286,-8.349568367004395,-6.556875228881836,-1.036672592163086,-80.15628051757812
1778337132.783386,9.969522476196289,0.0,-8.349568367004395,-7.478792190551758,-0.8784313201904297,-81.73831176757812
1778337132.8157978,9.98928451538086,0.0,-8.349568367004395,-8.932470321655273,-1.0706748962402344,-83.67191314697266
1778337132.853023,9.998966217041016,0.0,-8.349568367004395,-9.787612915039062,-1.0779354572296143,-85.95707702636719
1778337132.8834581,9.99998664855957,-0.3415078818798065,-8.964831352233887,-9.970751762390137,-0.8293769359588623,-87.4511947631836
1778337132.9161355,9.994308471679688,-1.2165066003799438,-11.162075996398926,-9.832026481628418,-0.5839674472808838,-88.5058822631836
1778337132.953011,9.97824478149414,-1.4118592739105225,-14.150365829467773,-9.031475067138672,-0.5814010500907898,-89.7363510131836
1778337132.9831815,9.96628475189209,-1.31943678855896,-16.523391723632812,-8.397830963134766,-0.7330521941184998,-91.05472564697266
1778337133.0156934,9.934449195861816,-1.950518250465393,-20.039026260375977,-6.716567039489746,-0.39010363817214966,-91.75785064697266
1778337133.0528638,9.891985893249512,-2.157620429992676,-24.609352111816406,-4.580894947052002,-0.5809292197227478,-92.98831176757812
1778337133.082902,9.866744041442871,-1.5132391452789307,-27.33397102355957,-3.386547565460205,-0.6832243800163269,-94.21879577636719
1778337133.1153553,9.80820083618164,-1.416512370109558,-29.88280487060547,-0.8455203771591187,-0.6349883079528809,-95.36136627197266
1778337133.1525595,9.738860130310059,-0.6651787161827087,-31.289058685302734,1.7542526721954346,-0.6653821468353271,-96.7676010131836
1778337133.1826837,9.700125694274902,-0.2443978488445282,-31.728485107421875,3.0209736824035645,-1.1241209506988525,-98.7890853881836
1778337133.2150478,9.614508628845215,0.0,-31.728485107421875,5.380471229553223,-0.7323989272117615,-100.10745239257812
1778337133.2523286,9.5180025100708,0.0,-31.728485107421875,7.375953674316406,-0.8311354517936707,-101.86527252197266
1778337133.2823029,9.465662002563477,0.0,-31.728485107421875,8.193366050720215,-0.7321658730506897,-103.18363189697266
1778337133.3151546,9.352804183959961,0.0,-31.728485107421875,9.397411346435547,-1.021683692932129,-105.02934265136719
1778337133.3522182,9.229050636291504,0.08292483538389206,-31.552705764770508,9.962050437927246,-0.8291682600975037,-106.7871322631836
1778337133.3826702,9.163094520568848,0.43825241923332214,-30.761714935302734,9.990409851074219,-1.0227866172790527,-108.6328353881836
1778337133.4153767,9.023042678833008,0.8767299652099609,-29.179677963256836,9.536028861999512,-1.0227866172790527,-110.47854614257812
1778337133.4524875,8.872176170349121,1.119182825088501,-26.806623458862305,8.429886817932129,-1.036224365234375,-112.67581939697266
1778337133.4828644,8.792704582214355,1.364913821220398,-24.3457088470459,7.65405797958374,-1.072474479675293,-114.60941314697266
1778337133.515237,8.625730514526367,1.9009244441986084,-20.917936325073242,5.722662448883057,-1.2184778451919556,-116.80665588378906
1778337133.5521626,8.44811725616455,1.8268648386001587,-17.050737380981445,3.398003101348877,-0.996417760848999,-118.9160385131836
1778337133.5839796,8.35534954071045,1.431200385093689,-14.326147079467773,2.137035846710205,-1.1545180082321167,-121.1133041381836
1778337133.6165802,8.161962509155273,0.6335408091545105,-13.18359375,-0.474154531955719,-0.779860258102417,-122.51956176757812
1778337133.6520438,7.958208084106445,0.8726732730865479,-11.425776481628418,-3.0542829036712646,-1.0907174348831177,-124.71684265136719
1778337133.684093,7.852485179901123,0.5530033111572266,-10.371085166931152,-4.276799201965332,-0.645001232624054,-125.94728088378906
1778337133.7165773,7.633440971374512,0.04874402657151222,-10.283166885375977,-6.481215476989746,-0.7798850536346436,-127.35353088378906
1778337133.751852,7.404402256011963,0.0,-10.283166885375977,-8.240158081054688,-0.4807634651660919,-128.32032775878906
1778337133.7822306,7.286189556121826,0.0,-10.283166885375977,-8.91296100616455,-0.7311422228813171,-129.63870239257812
1778337133.814852,7.042497634887695,0.0,-10.283166885375977,-9.786483764648438,-0.3412647545337677,-130.25393676757812
1778337133.8517838,6.789287567138672,0.0,-10.283166885375977,-9.983916282653809,-0.41504403948783875,-131.13282775878906
1778337133.8823538,6.659181118011475,-0.48776909708976746,-11.162075996398926,-9.822578430175781,-0.5852671265602112,-132.18751525878906
1778337133.914811,6.392110824584961,-0.6816413998603821,-12.392548561096191,-8.99300479888916,-0.24340470135211945,-132.62696838378906
1778337133.951773,6.116103649139404,-0.29043036699295044,-13.007811546325684,-7.539366245269775,-0.12446463108062744,-132.89064025878906
1778337133.9821086,5.97482967376709,-0.39065009355545044,-13.710938453674316,-6.608181476593018,-0.3906998038291931,-133.59376525878906
1778337134.0148165,5.685913562774658,-0.4405319392681122,-14.50192928314209,-4.417418003082275,-0.14686310291290283,-133.85745239257812
1778337134.0531776,5.685913562774658,-0.27795135974884033,-15.117192268371582,-4.417418003082275,-0.23825810849666595,-134.38479614257812
1778337134.0851233,5.237163543701172,-0.046227604150772095,-15.205056190490723,-0.6065372228622437,0.0,-134.38479614257812
1778337134.117694,4.928196430206299,0.0,-15.205056190490723,2.0265746116638184,0.04894343391060829,-134.29690551757812
1778337134.1529083,4.611769676208496,0.0,-15.205056190490723,4.519855499267578,0.21913447976112366,-133.85745239257812
1778337134.1825924,4.45086669921875,0.0,-15.205056190490723,5.658867835998535,0.04893094301223755,-133.76956176757812
1778337134.2150838,4.123904228210449,0.048934467136859894,-15.117192268371582,7.621730327606201,0.0,-133.76956176757812
1778337134.2522962,3.790376663208008,-0.04161713644862175,-15.205056190490723,9.052531242370605,0.0,-133.76956176757812
1778337134.2841635,3.6212706565856934,0.0,-15.205056190490723,9.535140991210938,0.0,-133.76956176757812
1778337134.316582,3.278623580932617,0.0,-15.205056190490723,9.991776466369629,0.0,-133.76956176757812
1778337134.3516886,2.9304051399230957,0.0,-15.205056190490723,9.747615814208984,0.0,-133.76956176757812
1778337134.382145,2.7543387413024902,0.048934467136859894,-15.117192268371582,9.365795135498047,0.0,-133.76956176757812
1778337134.4147925,2.3985633850097656,-0.04895789921283722,-15.205056190490723,8.115492820739746,0.0,-133.76956176757812
1778337134.45331,2.3985633850097656,0.0,-15.205056190490723,8.115492820739746,0.0,-133.76956176757812
1778337134.4848828,1.8566393852233887,0.04620949551463127,-15.117192268371582,5.2063422203063965,0.0,-133.76956176757812
1778337134.5153959,1.4905261993408203,-0.051967475563287735,-15.205056190490723,2.775667667388916,0.0,-133.76956176757812
1778337134.5527427,1.1211085319519043,0.04165557399392128,-15.117192268371582,0.1476956456899643,0.0,-133.76956176757812
1778337134.5824912,0.9353145956993103,-0.048956338316202164,-15.205056190490723,-1.1825661659240723,0.0,-133.76956176757812
1778337134.6152518,0.5618712902069092,0.0,-15.205056190490723,-3.7580010890960693,0.0,-133.76956176757812
1778337134.6517918,0.1863831728696823,0.0,-15.205056190490723,-6.068911552429199,0.0,-133.76956176757812
1778337134.6825614,-0.0019641092512756586,0.0,-15.205056190490723,-7.072803497314453,0.0,-133.76956176757812
1778337134.7148018,-0.3795318603515625,0.0,-15.205056190490723,-8.687944412231445,0.0,-133.76956176757812
1778337134.7547321,-0.3795318603515625,0.0,-15.205056190490723,-8.687944412231445,0.0,-133.76956176757812
1778337134.7918706,-0.5686169862747192,0.0,-15.205056190490723,-9.270177841186523,0.0,-133.76956176757812
1778337134.8237703,-1.3253586292266846,0.0,-15.205056190490723,-9.887036323547363,0.0,-133.76956176757812
1778337134.8550575,-1.7029874324798584,0.0,-15.205056190490723,-9.138541221618652,0.0,-133.76956176757812
1778337134.8933642,-2.079360246658325,0.0,-15.205056190490723,-7.7382049560546875,0.0,-133.76956176757812
1778337134.9238987,-2.266894578933716,0.0,-15.205056190490723,-6.822815895080566,0.0,-133.76956176757812
1778337134.9558406,-2.6402933597564697,0.0,-15.205056190490723,-4.642762660980225,0.0,-133.76956176757812
1778337134.9927502,-3.0109736919403076,0.0,-15.205056190490723,-2.129552125930786,0.0,-133.76956176757812
1778337135.0226996,-3.1951088905334473,0.0,-15.205056190490723,-0.8034358024597168,0.0,-133.76956176757812
1778337135.0537975,-3.5605950355529785,0.0,-15.205056190490723,1.8691825866699219,0.0,-133.76956176757812
1778337135.0923367,-3.5605950355529785,0.0,-15.205056190490723,1.8691825866699219,0.0,-133.76956176757812
1778337135.1240606,-4.10073709487915,0.0,-15.205056190490723,5.571920871734619,0.0,-133.76956176757812
1778337135.1566231,-4.454559803009033,0.0,-15.205056190490723,7.577432155609131,0.0,-133.76956176757812
1778337135.1917434,-4.802659034729004,0.0,-15.205056190490723,9.039217948913574,0.0,-133.76956176757812
1778337135.2222848,-4.974372863769531,0.0,-15.205056190490723,9.531286239624023,0.0,-133.76956176757812
1778337135.25454,-5.312751770019531,0.0,-15.205056190490723,9.99272632598877,0.0,-133.76956176757812
1778337135.293845,-5.312751770019531,0.0,-15.205056190490723,9.99272632598877,0.0,-133.76956176757812
1778337135.3287082,-5.4792656898498535,0.0,-15.205056190490723,9.95344066619873,0.0,-133.76956176757812
1778337135.3620284,-6.125733375549316,0.0,-15.205056190490723,8.046891212463379,0.0,-133.76956176757812
1778337135.3975148,-6.436171054840088,0.0,-15.205056190490723,6.173436641693115,0.0,-133.76956176757812
1778337135.4254286,-6.587932109832764,0.0,-15.205056190490723,5.0588507652282715,0.0,-133.76956176757812
1778337135.456704,-6.884174823760986,0.0,-15.205056190490723,2.5744965076446533,0.0,-133.76956176757812
1778337135.4913638,-7.170230388641357,0.0,-15.205056190490723,-0.09800747781991959,0.0,-133.76956176757812
1778337135.5226686,-7.309259414672852,0.0,-15.205056190490723,-1.4444420337677002,0.0,-133.76956176757812
1778337135.5540636,-7.578969955444336,0.0,-15.205056190490723,-4.035283088684082,0.0,-133.76956176757812
1778337135.591447,-7.8370890617370605,0.0,-15.205056190490723,-6.334049224853516,0.0,-133.76956176757812
1778337135.6219432,-7.961632251739502,0.0,-15.205056190490723,-7.320268154144287,0.0,-133.76956176757812
1778337135.654649,-8.201353073120117,0.0,-15.205056190490723,-8.875978469848633,0.0,-133.76956176757812
1778337135.691406,-8.201353073120117,0.04165670648217201,-15.117192268371582,-8.875978469848633,0.0,-133.76956176757812
1778337135.7226138,-8.536550521850586,-0.048923540860414505,-15.205056190490723,-9.973960876464844,0.0,-133.76956176757812
1778337135.7547362,-8.743026733398438,0.0,-15.205056190490723,-9.80260181427002,0.0,-133.76956176757812
1778337135.790806,-8.743026733398438,0.0,-15.205056190490723,-9.80260181427002,0.0,-133.76956176757812
1778337135.8225517,-9.026054382324219,0.04623457416892052,-15.117192268371582,-8.218622207641602,0.0,-133.76956176757812
1778337135.8549674,-9.196280479431152,-0.04888143390417099,-15.205056190490723,-6.389059066772461,0.0,-133.76956176757812
1778337135.892109,-9.351232528686523,0.0,-15.205056190490723,-4.089663505554199,0.0,-133.76956176757812
1778337135.9241648,-9.422850608825684,0.0,-15.205056190490723,-2.815269708633423,0.0,-133.76956176757812
1778337135.9564538,-9.55412483215332,0.0,-15.205056190490723,-0.13394823670387268,0.0,-133.76956176757812
1778337135.9916127,-9.66913890838623,0.0,-15.205056190490723,2.5587406158447266,0.0,-133.76956176757812
1778337136.0221636,-9.720437049865723,0.0,-15.205056190490723,3.847012519836426,0.0,-133.76956176757812
1778337136.0553615,-9.810406684875488,0.0,-15.205056190490723,6.188413619995117,0.0,-133.76956176757812
1778337136.0931413,-9.810406684875488,0.0,-15.205056190490723,6.188413619995117,0.0,-133.76956176757812
1778337136.1248763,-9.913223266601562,0.0,-15.205056190490723,8.801297187805176,0.0,-133.76956176757812
1778337136.1552083,-9.959936141967773,0.0,-15.205056190490723,9.754842758178711,0.0,-133.76956176757812
1778337136.1923752,-9.988897323608398,0.0,-15.205056190490723,9.986973762512207,0.0,-133.76956176757812
1778337136.2226524,-9.99665355682373,0.04894540086388588,-15.117192268371582,9.82459831237793,0.0,-133.76956176757812
1778337136.2550373,-9.998600006103516,0.0,-15.117192268371582,8.957234382629395,0.0,-133.76956176757812
1778337136.2919528,-9.982324600219727,0.0,-15.117192268371582,7.424566268920898,0.0,-133.76956176757812
1778337136.3244023,-9.96731185913086,0.0,-15.117192268371582,6.44224214553833,0.0,-133.76956176757812
1778337136.3561707,-9.923468589782715,-0.048912618309259415,-15.205056190490723,4.13638973236084,0.0,-133.76956176757812
1778337136.3939338,-9.861139297485352,0.0,-15.205056190490723,1.5213606357574463,0.0,-133.76956176757812
1778337136.431868,-9.861139297485352,0.0,-15.205056190490723,1.5213606357574463,0.0,-133.76956176757812
1778337136.4639637,-9.732895851135254,0.0,-15.205056190490723,-2.552854061126709,0.0,-133.76956176757812
1778337136.4962568,-9.624234199523926,0.0,-15.205056190490723,-5.074767589569092,0.0,-133.76956176757812
1778337136.5347986,-9.497086524963379,0.0,-15.205056190490723,-7.21884822845459,0.0,-133.76956176757812
1778337136.5720098,-9.497086524963379,0.0,-15.205056190490723,-7.21884822845459,0.0,-133.76956176757812
1778337136.6039157,-9.27190113067627,0.0,-15.205056190490723,-9.384859085083008,0.0,-133.76956176757812
1778337136.634779,-9.098991394042969,0.0,-15.205056190490723,-9.969660758972168,0.0,-133.76956176757812
1778337136.6734064,-8.908058166503906,0.0,-15.205056190490723,-9.80677318572998,0.0,-133.76956176757812
1778337136.703237,-8.805899620056152,0.0,-15.205056190490723,-9.446172714233398,0.0,-133.76956176757812
1778337136.7358053,-8.588354110717773,0.0,-15.205056190490723,-8.199779510498047,0.0,-133.76956176757812
1778337136.7728689,-8.35340690612793,0.0,-15.205056190490723,-6.335721015930176,0.0,-133.76956176757812
1778337136.803027,-8.22950553894043,0.0,-15.205056190490723,-5.214054107666016,0.0,-133.76956176757812
1778337136.835139,-7.969066143035889,0.0,-15.205056190490723,-2.6967012882232666,0.0,-133.76956176757812
1778337136.8721664,-7.692095756530762,0.0,-15.205056190490723,0.025533391162753105,0.0,-133.76956176757812
1778337136.9023564,-7.54754114151001,0.0,-15.205056190490723,1.3995321989059448,0.0,-133.76956176757812
1778337136.9349198,-7.246572017669678,0.0,-15.205056190490723,4.043368816375732,0.0,-133.76956176757812
1778337136.9718814,-6.930191993713379,0.0,-15.205056190490723,6.382710933685303,0.0,-133.76956176757812
1778337137.0025496,-6.766383647918701,0.0,-15.205056190490723,7.3813886642456055,0.0,-133.76956176757812
1778337137.034926,-6.4278693199157715,0.0,-15.205056190490723,8.941547393798828,0.0,-133.76956176757812
1778337137.0740907,-6.4278693199157715,0.0,-15.205056190490723,8.941547393798828,0.0,-133.76956176757812
1778337137.1116655,-6.253307819366455,0.0,-15.205056190490723,9.47304916381836,0.0,-133.76956176757812
1778337137.143675,-5.521487236022949,0.0,-15.205056190490723,9.743432998657227,0.0,-133.76956176757812
1778337137.1761537,-5.13657808303833,0.0,-15.205056190490723,8.757573127746582,0.0,-133.76956176757812
1778337137.2131214,-4.739932060241699,0.04164086654782295,-15.117192268371582,7.103975772857666,0.0,-133.76956176757812
1778337137.2450147,-4.537437438964844,-0.046237360686063766,-15.205056190490723,6.064071178436279,0.0,-133.76956176757812
1778337137.2774546,-4.124584197998047,0.0,-15.205056190490723,3.656761884689331,0.0,-133.76956176757812
1778337137.3126163,-3.701908826828003,0.0,-15.205056190490723,0.9687482714653015,0.0,-133.76956176757812
1778337137.342544,-3.4871439933776855,0.0,-15.205056190490723,-0.41685956716537476,0.0,-133.76956176757812
1778337137.3751674,-3.051290273666382,0.0,-15.205056190490723,-3.1386969089508057,0.0,-133.76956176757812
1778337137.4122417,-2.6077325344085693,0.0,-15.205056190490723,-5.621564865112305,0.0,-133.76956176757812
1778337137.444165,-2.3833444118499756,0.0,-15.205056190490723,-6.712637424468994,0.0,-133.76956176757812
1778337137.476625,-1.9299254417419434,0.0,-15.205056190490723,-8.48885440826416,0.0,-133.76956176757812
1778337137.5116005,-1.4711016416549683,0.0,-15.205056190490723,-9.613848686218262,0.0,-133.76956176757812
1778337137.542014,-1.2399636507034302,0.0,-15.205056190490723,-9.902595520019531,0.0,-133.76956176757812
1778337137.574759,-0.7748492360115051,0.0,-15.205056190490723,-9.904012680053711,0.0,-133.76956176757812
1778337137.6139343,-0.7748492360115051,0.0,-15.205056190490723,-9.904012680053711,0.0,-133.76956176757812
1778337137.65157,-0.5411226153373718,0.0,-15.205056190490723,-9.616332054138184,0.0,-133.76956176757812
1778337137.6832528,0.398608535528183,0.0,-15.205056190490723,-6.71001672744751,0.0,-133.76956176757812
1778337137.7158067,0.8695507645606995,0.0,-15.205056190490723,-4.409486770629883,0.0,-133.76956176757812
1778337137.7546656,1.3398023843765259,0.0,-15.205056190490723,-1.7666267156600952,0.0,-133.76956176757812
1778337137.791673,1.8082908391952515,0.0,-15.205056190490723,1.0144819021224976,0.0,-133.76956176757812
1778337137.8220744,2.0415360927581787,0.0,-15.205056190490723,2.3895623683929443,0.0,-133.76956176757812
1778337137.8546615,2.505347728729248,0.0,-15.205056190490723,4.975258827209473,0.0,-133.76956176757812
1778337137.893983,2.505347728729248,0.0,-15.205056190490723,4.975258827209473,0.0,-133.76956176757812
1778337137.9333618,2.73564076423645,0.0,-15.205056190490723,6.135354042053223,0.0,-133.76956176757812
1778337137.9743638,3.192317008972168,0.0,-15.205056190490723,8.076872825622559,0.0,-133.76956176757812
1778337138.01248,4.304794788360596,0.0,-15.205056190490723,9.975974082946777,0.0,-133.76956176757812
1778337138.0428574,4.5211873054504395,0.0,-15.205056190490723,9.781489372253418,0.0,-133.76956176757812
1778337138.0751495,4.946779251098633,0.0,-15.205056190490723,8.824501991271973,0.0,-133.76956176757812
1778337138.1119535,5.36188268661499,0.0,-15.205056190490723,7.177537441253662,0.0,-133.76956176757812
1778337138.1439254,5.565166473388672,0.0,-15.205056190490723,6.133337497711182,0.0,-133.76956176757812
1778337138.1761637,5.96253776550293,0.0,-15.205056190490723,3.7051563262939453,0.0,-133.76956176757812
1778337138.2116172,6.346777439117432,0.0,-15.205056190490723,0.9853633046150208,0.0,-133.76956176757812
1778337138.242526,6.533650875091553,0.0,-15.205056190490723,-0.41784074902534485,0.0,-133.76956176757812
1778337138.2747812,6.896274566650391,0.0,-15.205056190490723,-3.173175811767578,0.0,-133.76956176757812
1778337138.3133152,6.896274566650391,0.0,-15.205056190490723,-3.173175811767578,0.0,-133.76956176757812
1778337138.344795,7.410550594329834,0.0,-15.205056190490723,-6.778608798980713,0.0,-133.76956176757812
1778337138.3754046,7.732230186462402,0.0,-15.205056190490723,-8.554117202758789,0.0,-133.76956176757812
1778337138.4123304,8.035893440246582,0.0,-15.205056190490723,-9.656669616699219,0.0,-133.76956176757812
1778337138.4425192,8.180689811706543,0.0,-15.205056190490723,-9.925779342651367,0.0,-133.76956176757812
1778337138.4752197,8.45567512512207,0.0,-15.205056190490723,-9.872309684753418,0.0,-133.76956176757812
1778337138.5119233,8.710494995117188,0.0,-15.205056190490723,-9.0388822555542,0.0,-133.76956176757812
1778337138.5421317,8.830094337463379,0.0,-15.205056190490723,-8.34757137298584,0.0,-133.76956176757812
1778337138.5747123,9.05319881439209,0.0,-15.205056190490723,-6.483458995819092,0.0,-133.76956176757812
1778337138.6138618,9.05319881439209,0.0,-15.205056190490723,-6.483458995819092,0.0,-133.76956176757812
1778337138.6520162,9.156521797180176,0.0,-15.205056190490723,-5.347484111785889,0.0,-133.76956176757812
1778337138.6840146,9.51298999786377,0.0,-15.205056190490723,0.0098205441609025,0.0,-133.76956176757812
1778337138.7147994,9.656046867370605,0.0,-15.205056190490723,2.8001887798309326,0.0,-133.76956176757812
1778337138.7546437,9.656046867370605,0.0,-15.205056190490723,2.8001887798309326,0.0,-133.76956176757812
1778337138.7918353,9.718533515930176,0.04158215597271919,-15.117192268371582,4.125836372375488,0.0,-133.76956176757812
1778337138.823997,9.906783103942871,0.0,-15.117192268371582,8.368921279907227,0.0,-133.76956176757812
1778337138.8562458,9.963153839111328,-0.048839397728443146,-15.205056190490723,9.565592765808105,0.0,-133.76956176757812
1778337138.8933618,9.99388599395752,0.0,-15.205056190490723,9.99924373626709,0.0,-133.76956176757812
1778337138.9241986,9.999551773071289,0.0,-15.205056190490723,9.916223526000977,0.0,-133.76956176757812
1778337138.9561117,9.991340637207031,0.0,-15.205056190490723,9.157974243164062,0.0,-133.76956176757812
1778337138.992922,9.956938743591309,0.0,-15.205056190490723,7.6661787033081055,0.0,-133.76956176757812
1778337139.0230277,9.929882049560547,0.0,-15.205056190490723,6.680108070373535,0.0,-133.76956176757812
1778337139.055338,9.856024742126465,0.0,-15.205056190490723,4.3259148597717285,0.0,-133.76956176757812
1778337139.092467,9.755852699279785,0.0,-15.205056190490723,1.6231932640075684,0.0,-133.76956176757812
1778337139.1239421,9.69591999053955,0.0,-15.205056190490723,0.2081805318593979,0.0,-133.76956176757812
1778337139.1550984,9.556442260742188,0.0,-15.205056190490723,-2.606935977935791,0.0,-133.76956176757812
1778337139.1921153,9.390974998474121,0.0,-15.205056190490723,-5.213718891143799,0.0,-133.76956176757812
1778337139.223911,9.298574447631836,0.0462624691426754,-15.117192268371582,-6.3721208572387695,0.0,-133.76956176757812
1778337139.2548306,9.094635009765625,-0.05197099968791008,-15.205056190490723,-8.281664848327637,0.0,-133.76956176757812
1778337139.293377,8.865497589111328,0.0,-15.205056190490723,-9.52376937866211,0.0,-133.76956176757812
1778337139.3239973,8.741615295410156,0.0,-15.205056190490723,-9.860472679138184,0.0,-133.76956176757812
1778337139.3559244,8.475539207458496,0.0,-15.205056190490723,-9.930340766906738,0.0,-133.76956176757812
1778337139.3928149,8.185521125793457,0.0,-15.205056190490723,-9.196512222290039,0.0,-133.76956176757812
1778337139.4227653,8.031729698181152,0.0,-15.205056190490723,-8.543928146362305,0.0,-133.76956176757812
1778337139.4539213,7.707010269165039,0.0,-15.205056190490723,-6.732848644256592,0.0,-133.76956176757812
1778337139.4921532,7.707010269165039,0.0,-15.205056190490723,-6.732848644256592,0.0,-133.76956176757812
1778337139.5242736,7.178522109985352,0.04622621089220047,-15.117192268371582,-3.0481104850769043,0.0,-133.76956176757812
1778337139.5565357,6.799807548522949,-0.04891105368733406,-15.205056190490723,-0.23606400191783905,0.0,-133.76956176757812
1778337139.591815,6.401048183441162,0.0,-15.205056190490723,2.5966951847076416,0.0,-133.76956176757812
1778337139.6220562,6.194459438323975,0.0,-15.205056190490723,3.94830322265625,0.0,-133.76956176757812
1778337139.6545439,5.767514705657959,0.0,-15.205056190490723,6.383920669555664,0.0,-133.76956176757812
1778337139.6933684,5.767514705657959,0.0,-15.205056190490723,6.383920669555664,0.0,-133.76956176757812
1778337139.725172,5.0947585105896,0.0,-15.205056190490723,9.011817932128906,0.0,-133.76956176757812
1778337139.757517,4.626402854919434,0.0,-15.205056190490723,9.870047569274902,0.0,-133.76956176757812
1778337139.792686,4.143612861633301,0.0,-15.205056190490723,9.921122550964355,0.0,-133.76956176757812
1778337139.8225992,3.8972103595733643,0.0,-15.205056190490723,9.639628410339355,0.0,-133.76956176757812
1778337139.8552022,3.3952319622039795,0.0,-15.205056190490723,8.490618705749512,0.0,-133.76956176757812
1778337139.8922505,2.8821816444396973,0.0,-15.205056190490723,6.644368648529053,0.0,-133.76956176757812
1778337139.9239953,2.62195086479187,0.0,-15.205056190490723,5.504871368408203,0.0,-133.76956176757812
1778337139.9564083,2.0949959754943848,0.04890013486146927,-15.117192268371582,2.9097416400909424,0.0,-133.76956176757812
1778337139.9916089,1.5606392621994019,-0.04384208098053932,-15.205056190490723,0.07384983450174332,0.0,-133.76956176757812
1778337140.0220177,1.2911653518676758,0.0,-15.205056190490723,-1.3617933988571167,0.0,-133.76956176757812
1778337140.0545337,0.7486066818237305,0.0,-15.205056190490723,-4.120468616485596,0.0,-133.76956176757812
1778337140.093969,0.7486066818237305,0.0,-15.205056190490723,-4.120468616485596,0.0,-133.76956176757812
1778337140.1286857,0.4759202301502228,0.0,-15.205056190490723,-5.386264324188232,0.0,-133.76956176757812
1778337140.1612809,-0.6194759607315063,0.0,-15.205056190490723,-9.1096830368042,0.0,-133.76956176757812
1778337140.1948028,-1.1670790910720825,0.0,-15.205056190490723,-9.906949043273926,0.0,-133.76956176757812
1778337140.231249,-1.1670790910720825,0.0,-15.205056190490723,-9.906949043273926,0.0,-133.76956176757812
1778337140.2629416,-1.983664631843567,0.0,-15.205056190490723,-9.562954902648926,0.0,-133.76956176757812
1778337140.29562,-2.522380828857422,0.0,-15.205056190490723,-8.332833290100098,0.0,-133.76956176757812
1778337140.3328362,-3.054582118988037,0.0,-15.205056190490723,-6.4101881980896,0.0,-133.76956176757812
1778337140.3625355,-3.3177103996276855,0.0488845519721508,-15.117192268371582,-5.236828804016113,0.0,-133.76956176757812
1778337140.3952134,-3.8369665145874023,-0.048851847648620605,-15.205056190490723,-2.587589740753174,0.0,-133.76956176757812
1778337140.4320583,-4.345489978790283,0.0,-15.205056190490723,0.27847468852996826,0.0,-133.76956176757812
1778337140.4642265,-4.595205307006836,0.0,-15.205056190490723,1.7184686660766602,0.0,-133.76956176757812
1778337140.496448,-5.084512710571289,0.0,-15.205056190490723,4.4621195793151855,0.0,-133.76956176757812
1778337140.534513,-5.558963775634766,0.0,-15.205056190490723,6.834725379943848,0.0,-133.76956176757812
1778337140.5718856,-5.558963775634766,0.03789341077208519,-15.117192268371582,6.834725379943848,0.0,-133.76956176757812
1778337140.6041555,-6.239288806915283,-0.046222031116485596,-15.205056190490723,9.275399208068848,0.0,-133.76956176757812
1778337140.6364996,-6.669665813446045,0.0,-15.205056190490723,9.957113265991211,0.0,-133.76956176757812
1778337140.6714098,-7.079742908477783,0.0,-15.205056190490723,9.804847717285156,0.0,-133.76956176757812
1778337140.7019773,-7.276711940765381,0.0,-15.205056190490723,9.41679859161377,0.0,-133.76956176757812
1778337140.7347343,-7.653628349304199,0.0,-15.205056190490723,8.056792259216309,0.0,-133.76956176757812
1778337140.7660873,-7.653628349304199,0.0,-15.205056190490723,8.056792259216309,0.0,-133.76956176757812
1778337140.7985313,-7.833232402801514,0.0,-15.205056190490723,7.113231182098389,0.0,-133.76956176757812
1778337140.83188,-8.488813400268555,0.0,-15.205056190490723,2.076939582824707,0.0,-133.76956176757812
1778337140.862318,-8.636225700378418,0.0,-15.205056190490723,0.6353539228439331,0.0,-133.76956176757812
1778337140.8946996,-8.910252571105957,0.0,-15.205056190490723,-2.258514881134033,0.0,-133.76956176757812
1778337140.9347806,-8.910252571105957,0.0,-15.205056190490723,-2.258514881134033,0.0,-133.76956176757812
1778337140.9747605,-9.036595344543457,0.0,-15.205056190490723,-3.6494486331939697,0.0,-133.76956176757812
1778337141.0125532,-9.267302513122559,0.0,-15.205056190490723,-6.172200679779053,0.0,-133.76956176757812
1778337141.0443277,-9.637566566467285,0.0,-15.205056190490723,-9.486491203308105,0.0,-133.76956176757812
1778337141.0767443,-9.775487899780273,0.0,-15.205056190490723,-9.995573043823242,0.0,-133.76956176757812
1778337141.1119895,-9.88100528717041,0.0,-15.205056190490723,-9.657434463500977,0.0,-133.76956176757812
1778337141.1439207,-9.921432495117188,0.0,-15.205056190490723,-9.176414489746094,0.0,-133.76956176757812
1778337141.1747468,-9.977315902709961,0.0,-15.205056190490723,-7.640769958496094,0.0,-133.76956176757812
1778337141.2133749,-9.977315902709961,0.0,-15.205056190490723,-7.640769958496094,0.0,-133.76956176757812
1778337141.2451575,-9.998006820678711,0.0,-15.205056190490723,-4.1739068031311035,0.0,-133.76956176757812
1778337141.2776449,-9.96932315826416,0.0,-15.205056190490723,-1.3724945783615112,-0.048916906118392944,-133.85745239257812
1778337141.312758,-9.906498908996582,0.0,-15.205056190490723,1.5473679304122925,0.043831903487443924,-133.76956176757812
1778337141.342855,-9.862278938293457,0.0,-15.205056190490723,2.9737539291381836,0.0,-133.76956176757812
1778337141.3740141,-9.748272895812988,0.0,-15.205056190490723,5.606936454772949,0.0,-133.76956176757812
1778337141.4121852,-9.748272895812988,0.0,-15.205056190490723,5.606936454772949,0.0,-133.76956176757812
1778337141.4439683,-9.513740539550781,0.0,-15.205056190490723,8.60086441040039,0.0,-133.76956176757812
1778337141.4765222,-9.31551456451416,0.0,-15.205056190490723,9.70936393737793,0.0,-133.76956176757812
1778337141.5117795,-9.084334373474121,0.0,-15.205056190490723,9.986406326293945,0.0,-133.76956176757812
1778337141.5420413,-8.956570625305176,0.04887676239013672,-15.117192268371582,9.802407264709473,0.0,-133.76956176757812
1778337141.5748448,-8.677128791809082,-0.04893134534358978,-15.205056190490723,8.808280944824219,0.0,-133.76956176757812
1778337141.6132991,-8.677128791809082,0.0,-15.205056190490723,8.808280944824219,0.0,-133.76956176757812
1778337141.645185,-8.199711799621582,0.0,-15.205056190490723,5.941546440124512,0.0,-133.76956176757812
1778337141.677664,-7.84396505355835,0.0,-15.205056190490723,3.3514111042022705,0.0,-133.76956176757812
1778337141.7127194,-7.459489822387695,0.0,-15.205056190490723,0.47121164202690125,0.0,-133.76956176757812
1778337141.742786,-7.256850242614746,0.0,-15.205056190490723,-1.0006076097488403,0.0,-133.76956176757812
1778337141.7754374,-6.831570625305176,0.0,-15.205056190490723,-3.848825454711914,0.0,-133.76956176757812
1778337141.8120995,-6.380775451660156,0.0,-15.205056190490723,-6.366064071655273,0.0,-133.76956176757812
1778337141.844169,-6.146266937255859,0.0,-15.205056190490723,-7.4307475090026855,0.0,-133.76956176757812
1778337141.876526,-5.660001277923584,0.0,-15.205056190490723,-9.056448936462402,0.0,-133.76956176757812
1778337141.9115818,-5.152107238769531,0.0,-15.205056190490723,-9.898646354675293,0.0,-133.76956176757812
1778337141.941837,-4.890585899353027,0.0,-15.205056190490723,-9.999861717224121,0.0,-133.76956176757812
1778337141.974901,-4.353519439697266,0.0,-15.205056190490723,-9.55069637298584,0.0,-133.76956176757812
1778337142.013868,-4.353519439697266,0.0,-15.205056190490723,-9.55069637298584,0.0,-133.76956176757812
1778337142.0516322,-4.078440189361572,0.0,-15.205056190490723,-9.009774208068848,0.0,-133.76956176757812
1778337142.0834594,-2.940168619155884,0.0,-15.205056190490723,-5.056308746337891,0.0,-133.76956176757812
1778337142.1159198,-2.3518199920654297,0.0,-15.205056190490723,-2.3179779052734375,0.0,-133.76956176757812
1778337142.154813,-1.753479242324829,0.0,-15.205056190490723,0.6237886548042297,0.0,-133.76956176757812
1778337142.193343,-1.1473358869552612,0.0,-15.205056190490723,3.5126450061798096,0.0,-133.76956176757812
1778337142.2236705,-0.8420367240905762,0.0,-15.205056190490723,4.857589244842529,0.0,-133.76956176757812
1778337142.2558765,-0.22840604186058044,0.04884406551718712,-15.117192268371582,7.201155185699463,0.0,-133.76956176757812
1778337142.2928789,0.38734325766563416,0.0,-15.117192268371582,8.915987014770508,0.0,-133.76956176757812
1778337142.32288,0.6952831745147705,-0.04893602803349495,-15.205056190490723,9.4878568649292,0.0,-133.76956176757812
1778337142.35463,1.3098217248916626,0.0,-15.205056190490723,9.997048377990723,0.0,-133.76956176757812
1778337142.3925805,1.3098217248916626,0.0,-15.205056190490723,9.997048377990723,0.0,-133.76956176757812
1778337142.4226527,2.2238306999206543,0.0,-15.205056190490723,9.123968124389648,0.0,-133.76956176757812
1778337142.4549086,2.824503183364868,0.0,-15.205056190490723,7.523214817047119,0.0,-133.76956176757812
1778337142.4920201,3.4154720306396484,0.0,-15.205056190490723,5.260067462921143,0.0,-133.76956176757812
1778337142.5220485,3.7065792083740234,0.0,-15.205056190490723,3.940181255340576,0.0,-133.76956176757812
1778337142.5548043,4.278574466705322,0.0,-15.205056190490723,1.0687869787216187,0.0,-133.76956176757812
1778337142.5939982,4.278574466705322,0.0,-15.205056190490723,1.0687869787216187,0.0,-133.76956176757812
1778337142.6317434,4.558882713317871,0.0,-15.205056190490723,-0.4192144274711609,0.0,-133.76956176757812
1778337142.6638255,5.635526180267334,0.0,-15.205056190490723,-5.959068298339844,0.0,-133.76956176757812
1778337142.6961932,6.1431989669799805,0.0,-15.205056190490723,-8.057024955749512,0.0,-133.76956176757812
1778337142.7332964,6.627559661865234,0.0,-15.205056190490723,-9.443074226379395,0.0,-133.76956176757812
1778337142.765022,6.860347270965576,0.0,-15.205056190490723,-9.827625274658203,0.0,-133.76956176757812
1778337142.7977686,7.305880546569824,0.0,-15.205056190490723,-9.93631649017334,0.0,-133.76956176757812
1778337142.8328617,7.723080158233643,0.0,-15.205056190490723,-9.163487434387207,0.0,-133.76956176757812
1778337142.8628118,7.920472621917725,0.0,-15.205056190490723,-8.464576721191406,0.0,-133.76956176757812
1778337142.8946435,8.29173469543457,0.0,-15.205056190490723,-6.518679618835449,0.0,-133.76956176757812
1778337142.9327338,8.29173469543457,0.0,-15.205056190490723,-6.518679618835449,0.0,-133.76956176757812
1778337142.9733891,8.465182304382324,0.0,-15.205056190490723,-5.314914703369141,0.0,-133.76956176757812
1778337143.004747,9.073168754577637,0.0,-15.205056190490723,0.3876180350780487,0.0,-133.76956176757812
1778337143.0372214,9.3231782913208,0.0,-15.205056190490723,3.321415662765503,0.0,-133.76956176757812
1778337143.0749898,9.535496711730957,0.04162391647696495,-15.117192268371582,5.960172176361084,0.0,-133.76956176757812
1778337143.1133177,9.535496711730957,-0.03974466770887375,-15.205056190490723,5.960172176361084,0.0,-133.76956176757812
1778337143.144863,9.7809419631958,0.0,-15.205056190490723,8.860548973083496,0.0,-133.76956176757812
1778337143.1772177,9.894561767578125,0.0,-15.205056190490723,9.83541488647461,0.0,-133.76956176757812
1778337143.21466,9.967321395874023,0.0,-15.205056190490723,9.929481506347656,0.0,-133.76956176757812
1778337143.2507555,9.967321395874023,0.0,-15.205056190490723,9.929481506347656,0.0,-133.76956176757812
1778337143.2829483,9.998705863952637,0.0,-15.205056190490723,8.419623374938965,0.0,-133.76956176757812
1778337143.315325,9.96731185913086,0.0,-15.205056190490723,6.44224214553833,0.0,-133.76956176757812
1778337143.3551395,9.893905639648438,0.0,-15.205056190490723,3.8845088481903076,0.0,-133.76956176757812
1778337143.3910232,9.893905639648438,0.0,-15.205056190490723,3.8845088481903076,0.0,-133.76956176757812
1778337143.4227638,9.705222129821777,0.0,-15.205056190490723,-0.5290802717208862,0.0,-133.76956176757812
1778337143.4545577,9.527475357055664,0.0,-15.205056190490723,-3.4701292514801025,0.0,-133.76956176757812
1778337143.4923294,9.527475357055664,0.0,-15.205056190490723,-3.4701292514801025,0.0,-133.76956176757812
1778337143.522412,9.184218406677246,0.0,-15.205056190490723,-7.221158504486084,0.0,-133.76956176757812
1778337143.555059,8.905379295349121,0.0,-15.205056190490723,-8.951200485229492,0.0,-133.76956176757812
1778337143.5917208,8.58764934539795,0.0,-15.205056190490723,-9.872121810913086,0.0,-133.76956176757812
1778337143.622004,8.414554595947266,0.0,-15.205056190490723,-9.999591827392578,0.0,-133.76956176757812
1778337143.6546364,8.040706634521484,0.0,-15.205056190490723,-9.573232650756836,0.0,-133.76956176757812
1778337143.6938865,8.040706634521484,0.0,-15.205056190490723,-9.573232650756836,0.0,-133.76956176757812
1778337143.7330825,7.840308666229248,0.0,-15.205056190490723,-9.028775215148926,0.0,-133.76956176757812
1778337143.7749853,6.711618423461914,0.0,-15.205056190490723,-3.6155946254730225,0.0,-133.76956176757812
1778337143.8126588,6.711618423461914,0.0,-15.205056190490723,-3.6155946254730225,0.0,-133.76956176757812
1778337143.8428683,5.941293716430664,0.0,-15.205056190490723,0.8431718349456787,0.0,-133.76956176757812
1778337143.8746338,5.393213272094727,0.0,-15.205056190490723,3.7789230346679688,0.0,-133.76956176757812
1778337143.912096,5.393213272094727,0.0,-15.205056190490723,3.7789230346679688,0.0,-133.76956176757812
1778337143.9441876,4.52500581741333,0.0,-15.205056190490723,7.462863922119141,0.0,-133.76956176757812
1778337143.9766016,3.9190499782562256,0.0,-15.205056190490723,9.11106014251709,0.0,-133.76956176757812
1778337144.0118005,3.29439115524292,0.0,-15.205056190490723,9.926660537719727,0.0,-133.76956176757812
1778337144.0420735,2.975891590118408,0.0,-15.205056190490723,9.995287895202637,0.0,-133.76956176757812
1778337144.074787,2.328294038772583,0.0,-15.205056190490723,9.445463180541992,0.0,-133.76956176757812
1778337144.1111906,2.328294038772583,0.0,-15.205056190490723,9.445463180541992,0.0,-133.76956176757812
1778337144.1433291,1.3357926607131958,0.046196967363357544,-15.117192268371582,7.033400058746338,0.0,-133.76956176757812
1778337144.1757116,0.6643612384796143,-0.048956338316202164,-15.205056190490723,4.580545902252197,0.0,-133.76956176757812
1778337144.21261,-0.011352548375725746,0.0,-15.205056190490723,1.7053098678588867,0.0,-133.76956176757812
1778337144.2425838,-0.3498542904853821,0.0,-15.205056190490723,0.1908998191356659,0.0,-133.76956176757812
1778337144.2751963,-1.026205062866211,0.0,-15.205056190490723,-2.8171541690826416,0.0,-133.76956176757812
1778337144.3119388,-1.6990777254104614,0.0,-15.205056190490723,-5.567026615142822,0.0,-133.76956176757812
1778337144.3422215,-2.033229112625122,0.0,-15.205056190490723,-6.764155864715576,0.0,-133.76956176757812
1778337144.3747337,-2.6949992179870605,0.0,-15.205056190490723,-8.664015769958496,0.0,-133.76956176757812
1778337144.4132302,-3.345451831817627,0.0,-15.205056190490723,-9.76413345336914,-0.03969632834196091,-133.85745239257812
1778337144.4436758,-3.665462017059326,0.0,-15.205056190490723,-9.978913307189941,0.04895592853426933,-133.76956176757812
1778337144.4760926,-4.293126106262207,0.0,-15.205056190490723,-9.712177276611328,0.0,-133.76956176757812
1778337144.5129008,-4.9017863273620605,0.0,-15.205056190490723,-8.545458793640137,0.0,-133.76956176757812
1778337144.5431585,-5.198055744171143,0.048926662653684616,-15.117192268371582,-7.654942512512207,0.0,-133.76956176757812
1778337144.5755606,-5.772648334503174,-0.048920419067144394,-15.205056190490723,-5.362247467041016,0.0,-133.76956176757812
1778337144.611833,-6.320939064025879,0.0,-15.205056190490723,-2.5703208446502686,-0.041643641889095306,-133.85745239257812
1778337144.6502209,-6.320939064025879,0.0,-15.205056190490723,-2.5703208446502686,0.0,-133.85745239257812
1778337144.6825607,-7.08806037902832,0.0,-15.205056190490723,1.9803918600082397,0.04620297625660896,-133.76956176757812
1778337144.714831,-7.558791160583496,0.0,-15.205056190490723,4.84470796585083,0.0,-133.76956176757812
1778337144.751974,-7.994103908538818,0.0,-15.205056190490723,7.258822917938232,0.0,-133.76956176757812
1778337144.7906787,-7.994103908538818,0.0,-15.205056190490723,7.258822917938232,0.0,-133.76956176757812
1778337144.822535,-8.575691223144531,0.0,-15.205056190490723,9.558233261108398,0.0,-133.76956176757812
1778337144.8532872,-8.9127836227417,0.0,-15.205056190490723,9.999629974365234,0.0,-133.76956176757812
1778337144.889878,-8.9127836227417,0.04171109199523926,-15.117192268371582,9.999629974365234,0.0,-133.76956176757812
1778337144.92124,-9.337818145751953,-0.04887831583619118,-15.205056190490723,8.918743133544922,0.0,-133.76956176757812
1778337144.954466,-9.565077781677246,0.0,-15.205056190490723,7.13253116607666,0.0,-133.76956176757812
1778337144.9914837,-9.745841026306152,0.0,-15.205056190490723,4.676477432250977,-0.04165494814515114,-133.85745239257812
1778337145.0217683,-9.818421363830566,0.0,-15.205056190490723,3.2670798301696777,0.0489465594291687,-133.76956176757812
1778337145.053041,-9.92737102508545,0.0,-15.205056190490723,0.25079044699668884,0.0,-133.76956176757812
1778337145.084815,-9.963540077209473,0.0,-15.205056190490723,-1.2848936319351196,0.0,-133.76956176757812
1778337145.1170743,-9.998879432678223,0.0,-15.205056190490723,-4.2305827140808105,0.0,-133.76956176757812
1778337145.1522462,-9.98454475402832,0.0,-15.205056190490723,-6.779330730438232,0.0,-133.76956176757812
1778337145.1822326,-9.95867919921875,0.0,-15.205056190490723,-7.82749080657959,0.0,-133.76956176757812
1778337145.214928,-9.869547843933105,0.0,-15.205056190490723,-9.347078323364258,0.0,-133.76956176757812
1778337145.2517262,-9.730727195739746,0.0,-15.205056190490723,-9.984968185424805,0.0,-133.76956176757812
1778337145.281481,-9.64280891418457,0.048926662653684616,-15.117192268371582,-9.950557708740234,0.0,-133.76956176757812
1778337145.3125443,-9.430349349975586,-0.05190591514110565,-15.205056190490723,-9.17820930480957,0.0,-133.76956176757812
1778337145.3498805,-9.430349349975586,0.0,-15.205056190490723,-9.17820930480957,0.0,-133.76956176757812
1778337145.3806255,-9.02175521850586,0.0,-15.205056190490723,-6.435479640960693,0.0,-133.76956176757812
1778337145.4123135,-8.69107437133789,0.0,-15.205056190490723,-3.801642656326294,0.0,-133.76956176757812
1778337145.444253,-8.508769035339355,0.0,-15.205056190490723,-2.3317320346832275,0.0,-133.76956176757812
1778337145.476476,-8.111244201660156,0.0,-15.205056190490723,0.7397927045822144,0.0,-133.76956176757812
1778337145.5116253,-7.671372413635254,0.0,-15.205056190490723,3.7425246238708496,-0.04383065178990364,-133.85745239257812
1778337145.5420134,-7.43618631362915,0.0,-15.205056190490723,5.127812385559082,0.0489184632897377,-133.76956176757812
1778337145.5751946,-6.936702728271484,0.0,-15.205056190490723,7.500916004180908,0.0,-133.76956176757812
1778337145.6127017,-6.936702728271484,0.0,-15.205056190490723,7.500916004180908,0.0,-133.76956176757812
1778337145.6496239,-6.673001766204834,0.04164878651499748,-15.117192268371582,8.431682586669922,0.0,-133.76956176757812
1778337145.6808639,-5.532715797424316,-0.04887676239013672,-15.205056190490723,9.986201286315918,0.0,-133.76956176757812
1778337145.7119453,-4.916228294372559,0.0,-15.205056190490723,9.348822593688965,0.0,-133.76956176757812
1778337145.7492847,-4.916228294372559,0.0,-15.205056190490723,9.348822593688965,0.0,-133.76956176757812
1778337145.7803602,-3.942167043685913,0.0,-15.205056190490723,6.758656978607178,0.0,-133.76956176757812
1778337145.8116176,-3.2647035121917725,0.0,-15.205056190490723,4.181580066680908,0.0,-133.76956176757812
1778337145.8416035,-2.918835163116455,0.0,-15.205056190490723,2.725059747695923,0.0,-133.76956176757812
1778337145.872269,-2.215059280395508,0.0,-15.205056190490723,-0.34954023361206055,0.0,-133.76956176757812
1778337145.9092042,-2.215059280395508,0.04171109199523926,-15.117192268371582,-0.34954023361206055,0.0,-133.76956176757812
1778337145.9410198,-1.1362136602401733,-0.0488845519721508,-15.205056190490723,-4.80910062789917,0.0,-133.76956176757812
1778337145.9737337,-0.4070473611354828,0.0,-15.205056190490723,-7.263819694519043,-0.04622107744216919,-133.85745239257812
1778337146.010397,-0.4070473611354828,0.0,-15.205056190490723,-7.263819694519043,0.04168664291501045,-133.76956176757812
1778337146.0426183,0.6919130682945251,0.0,-15.205056190490723,-9.58120059967041,0.0,-133.76956176757812
1778337146.0734823,1.422282338142395,0.0,-15.205056190490723,-9.997729301452637,0.0,-133.76956176757812
1778337146.1100273,1.422282338142395,0.0,-15.205056190490723,-9.997729301452637,0.0,-133.76956176757812
1778337146.1412783,2.5045111179351807,0.0,-15.205056190490723,-8.826994895935059,0.0,-133.76956176757812
1778337146.172943,3.2113335132598877,0.0,-15.205056190490723,-6.957329273223877,0.0,-133.76956176757812
1778337146.2119954,3.2113335132598877,0.0,-15.205056190490723,-6.957329273223877,0.0,-133.76956176757812
1778337146.2421818,4.2397637367248535,0.0,-15.205056190490723,-2.964188575744629,0.0,-133.76956176757812
1778337146.2744796,4.898567199707031,0.0,-15.205056190490723,0.1158798485994339,0.0,-133.76956176757812
1778337146.3132834,5.5315375328063965,0.0,-15.205056190490723,3.186211109161377,0.0,-133.76956176757812
1778337146.343045,5.837195873260498,0.0,-15.205056190490723,4.623790740966797,0.0,-133.76956176757812
1778337146.3752093,6.424649238586426,0.0,-15.205056190490723,7.12881326675415,0.0,-133.76956176757812
1778337146.4123719,6.977448463439941,0.04166463017463684,-15.117192268371582,8.94216251373291,0.0,-133.76956176757812
1778337146.4491131,6.977448463439941,-0.04172811657190323,-15.205056190490723,8.94216251373291,0.0,-133.76956176757812
1778337146.4809847,7.734596252441406,0.04620949551463127,-15.117192268371582,9.999832153320312,0.0,-133.76956176757812
1778337146.513587,8.186920166015625,-0.04891573265194893,-15.205056190490723,9.494660377502441,0.0,-133.76956176757812
1778337146.549111,8.186920166015625,0.0,-15.205056190490723,9.494660377502441,0.0,-133.76956176757812
1778337146.581098,8.779855728149414,0.0,-15.205056190490723,7.040098667144775,0.0,-133.76956176757812
1778337146.6127522,9.114521980285645,0.0,-15.205056190490723,4.503554344177246,0.0,-133.76956176757812
1778337146.6496885,9.114521980285645,0.0,-15.205056190490723,4.503554344177246,0.0,-133.76956176757812
1778337146.681053,9.52022933959961,0.0,-15.205056190490723,-0.03928208351135254,0.0,-133.76956176757812
1778337146.7124424,9.723884582519531,0.0,-15.205056190490723,-3.1284384727478027,0.0,-133.76956176757812
1778337146.7481117,9.723884582519531,0.0,-15.205056190490723,-3.1284384727478027,0.0,-133.76956176757812
1778337146.7809687,9.92556381225586,0.0,-15.205056190490723,-7.102592945098877,0.0,-133.76956176757812
1778337146.812589,9.98928451538086,0.0,-15.205056190490723,-8.932470321655273,0.0,-133.76956176757812
1778337146.843249,9.999650955200195,0.0,-15.205056190490723,-9.52669906616211,0.0,-133.76956176757812
1778337146.8746133,9.977143287658691,0.04890013486146927,-15.117192268371582,-9.999820709228516,0.0,-133.76956176757812
1778337146.9113514,9.896886825561523,-0.04164426401257515,-15.205056190490723,-9.489097595214844,0.0,-133.76956176757812
1778337146.9418256,9.835144996643066,0.0,-15.205056190490723,-8.87633991241455,0.0,-133.76956176757812
1778337146.9737797,9.668707847595215,0.0,-15.205056190490723,-7.010746479034424,0.0,-133.76956176757812
1778337147.0115771,9.445605278015137,0.0,-15.205056190490723,-4.452625274658203,0.0,-133.76956176757812
1778337147.0423632,9.31311321258545,0.0,-15.205056190490723,-2.9904391765594482,0.0,-133.76956176757812
1778337147.0746365,9.007044792175293,0.0,-15.205056190490723,0.11980779469013214,0.0,-133.76956176757812
1778337147.1133,9.007044792175293,0.0,-15.205056190490723,0.11980779469013214,0.0,-133.76956176757812
1778337147.1447642,8.448264122009277,0.04616497829556465,-15.117192268371582,4.669010162353516,0.0,-133.76956176757812
1778337147.1755881,8.01212215423584,-0.05199038237333298,-15.205056190490723,7.186420917510986,0.0,-133.76956176757812
1778337147.212486,7.527767658233643,0.0,-15.205056190490723,8.992575645446777,0.0,-133.76956176757812
1778337147.2423553,7.268326759338379,0.0,-15.205056190490723,9.569307327270508,0.0,-133.76956176757812
1778337147.2748682,6.716712951660156,0.0,-15.205056190490723,9.997602462768555,0.0,-133.76956176757812
1778337147.3120284,6.124056339263916,0.0,-15.205056190490723,9.432491302490234,0.0,-133.76956176757812
1778337147.3419406,5.8133769035339355,0.04891417548060417,-15.117192268371582,8.790739059448242,0.0,-133.76956176757812
1778337147.374546,5.165534019470215,-0.04894227534532547,-15.205056190490723,6.867917537689209,0.0,-133.76956176757812
1778337147.4126532,5.165534019470215,0.0,-15.205056190490723,6.867917537689209,0.0,-133.76956176757812
1778337147.449639,4.829305171966553,0.0,-15.205056190490723,5.6347150802612305,0.0,-133.76956176757812
1778337147.4814825,3.413884401321411,0.0,-15.205056190490723,-0.35739174485206604,0.0,-133.76956176757812
1778337147.5123196,2.671196699142456,0.05194811522960663,-15.117192268371582,-3.458521604537964,0.0,-133.76956176757812
1778337147.5427904,2.293017625808716,-0.04890013486146927,-15.205056190490723,-4.898396015167236,0.0,-133.76956176757812
1778337147.573869,1.5258252620697021,0.0,-15.205056190490723,-7.376218795776367,0.0,-133.76956176757812
1778337147.603184,1.1379698514938354,0.0,-15.205056190490723,-8.351571083068848,0.0,-133.76956176757812
1778337147.6361465,0.3566851317882538,0.0,-15.205056190490723,-9.652215957641602,0.0,-133.76956176757812
1778337147.6730328,-0.42804497480392456,0.0,-15.205056190490723,-9.98568058013916,0.0,-133.76956176757812
1778337147.7051957,-0.8201931118965149,0.0,-15.205056190490723,-9.774866104125977,0.0,-133.76956176757812
1778337147.7373796,-1.6010178327560425,0.0,-15.205056190490723,-8.623723030090332,0.0,-133.76956176757812
1778337147.7726102,-2.373157024383545,0.0,-15.205056190490723,-6.6052327156066895,0.0,-133.76956176757812
1778337147.802897,-2.7544519901275635,0.04893914982676506,-15.117192268371582,-5.33087682723999,0.0,-133.76956176757812
1778337147.835198,-3.504478693008423,-0.048923540860414505,-15.205056190490723,-2.4118704795837402,0.0,-133.76956176757812
1778337147.872106,-4.233786106109619,0.0,-15.205056190490723,0.7515445351600647,0.0,-133.76956176757812
1778337147.9039817,-4.589203357696533,0.0,-15.205056190490723,2.3254287242889404,0.0,-133.76956176757812
1778337147.936597,-5.2786970138549805,0.0,-15.205056190490723,5.258731365203857,0.0,-133.76956176757812
1778337147.971636,-5.936015605926514,0.0,-15.205056190490723,7.662267684936523,0.0,-133.76956176757812
1778337148.001904,-6.251254081726074,0.0,-15.205056190490723,8.586400985717773,0.0,-133.76956176757812
1778337148.0345693,-6.852283477783203,0.0,-15.205056190490723,9.761710166931152,0.0,-133.76956176757812
1778337148.0730946,-6.852283477783203,0.0,-15.205056190490723,9.761710166931152,0.0,-133.76956176757812
1778337148.1048687,-7.6728081703186035,0.0,-15.205056190490723,9.662056922912598,0.0,-133.76956176757812
1778337148.137073,-8.160419464111328,0.0,-15.205056190490723,8.361603736877441,0.0,-133.76956176757812
1778337148.1724966,-8.596552848815918,0.0,-15.205056190490723,6.211836814880371,0.0,-133.76956176757812
1778337148.2026894,-8.794350624084473,0.0,-15.205056190490723,4.883491516113281,0.0,-133.76956176757812
1778337148.2350967,-9.14765739440918,0.0,-15.205056190490723,1.888280987739563,0.0,-133.76956176757812
1778337148.272249,-9.442492485046387,0.0,-15.205056190490723,-1.3004746437072754,0.0,-133.76956176757812
1778337148.303958,-9.567286491394043,0.0,-15.205056190490723,-2.8659276962280273,0.0,-133.76956176757812
1778337148.3364708,-9.770435333251953,0.0488845519721508,-15.117192268371582,-5.739240646362305,0.0,-133.76956176757812
1778337148.371697,-9.910365104675293,-0.04380951449275017,-15.205056190490723,-8.028545379638672,0.0,-133.76956176757812
1778337148.4020112,-9.956229209899902,0.0,-15.205056190490723,-8.877877235412598,0.0,-133.76956176757812
1778337148.4345737,-9.999191284179688,0.0,-15.205056190490723,-9.876591682434082,0.0,-133.76956176757812
1778337148.470988,-9.999191284179688,0.0,-15.205056190490723,-9.876591682434082,0.0,-133.76956176757812
1778337148.502974,-9.940824508666992,0.0,-15.205056190490723,-9.477945327758789,0.0,-133.76956176757812
1778337148.536396,-9.819968223571777,0.0,-15.205056190490723,-7.985245227813721,0.0,-133.76956176757812
1778337148.5724735,-9.634068489074707,0.0,-15.205056190490723,-5.673433303833008,-0.04163685813546181,-133.85745239257812
1778337148.6028347,-9.51700210571289,0.0,-15.205056190490723,-4.281414985656738,0.04896686598658562,-133.76956176757812
1778337148.6345842,-9.235420227050781,0.0,-15.205056190490723,-1.2034319639205933,0.0,-133.76956176757812
1778337148.6714895,-8.891938209533691,0.0,-15.205056190490723,1.9996401071548462,0.0,-133.76956176757812
1778337148.701676,-8.697595596313477,0.0,-15.205056190490723,3.5448057651519775,0.0,-133.76956176757812
1778337148.7321455,-8.26516056060791,0.05197804793715477,-15.117192268371582,6.323252201080322,0.0,-133.76956176757812
1778337148.7699466,-8.26516056060791,-0.04166010022163391,-15.205056190490723,6.323252201080322,0.0,-133.76956176757812
1778337148.8008165,-7.5122575759887695,0.0,-15.205056190490723,9.200210571289062,0.0,-133.76956176757812
1778337148.831898,-6.9453840255737305,0.0,-15.205056190490723,9.967955589294434,0.0,-133.76956176757812
1778337148.863979,-6.6437811851501465,0.0,-15.205056190490723,9.96699047088623,0.0,-133.76956176757812
1778337148.896052,-6.006659984588623,0.0,-15.205056190490723,9.19458293914795,0.0,-133.76956176757812
1778337148.93136,-5.327785968780518,0.0,-15.205056190490723,7.471225261688232,0.0,-133.76956176757812
1778337148.9619265,-4.974066257476807,0.0,-15.205056190490723,6.30482292175293,0.0,-133.76956176757812
1778337148.9927142,-4.240973472595215,0.0,-15.205056190490723,3.513012647628784,0.0,-133.76956176757812
1778337149.0229628,-3.8628158569335938,0.0,-15.205056190490723,1.9601730108261108,0.0,-133.76956176757812
1778337149.0539231,-3.0864336490631104,0.0,-15.205056190490723,-1.2582037448883057,0.0,-133.76956176757812
1778337149.0923464,-3.0864336490631104,0.0,-15.205056190490723,-1.2582037448883057,0.0,-133.76956176757812
1778337149.1223164,-1.881568431854248,0.04897196963429451,-15.117192268371582,-5.741974830627441,0.0,-133.76956176757812
1778337149.154599,-1.0594128370285034,-0.04888143390417099,-15.205056190490723,-8.04875659942627,0.0,-133.76956176757812
1778337149.191855,-0.22868093848228455,0.0,-15.205056190490723,-9.519267082214355,0.0,-133.76956176757812
1778337149.2221103,0.18811127543449402,0.0,-15.205056190490723,-9.888795852661133,0.0,-133.76956176757812
1778337149.2548075,1.0209298133850098,0.0,-15.205056190490723,-9.847330093383789,0.0,-133.76956176757812
1778337149.2938368,1.0209298133850098,0.0,-15.205056190490723,-9.847330093383789,0.0,-133.76956176757812
1778337149.330766,1.435501217842102,0.04167255386710167,-15.117192268371582,-9.437047958374023,-0.04165834188461304,-133.85745239257812
1778337149.3638158,3.0645675659179688,-0.04374952241778374,-15.205056190490723,-5.518309593200684,0.04378560930490494,-133.76956176757812
1778337149.3963416,3.8514719009399414,0.0,-15.205056190490723,-2.568612575531006,0.0,-133.76956176757812
1778337149.4330213,4.612397193908691,0.0,-15.205056190490723,0.6512302160263062,0.0,-133.76956176757812
1778337149.463279,4.981391429901123,0.0,-15.205056190490723,2.257366895675659,0.0,-133.76956176757812
1778337149.4957135,5.693085193634033,0.0,-15.205056190490723,5.251378536224365,0.0,-133.76956176757812
1778337149.5313532,6.3653974533081055,0.0,-15.205056190490723,7.695985317230225,0.0,-133.76956176757812
1778337149.5626998,6.685222148895264,0.0,-15.205056190490723,8.628789901733398,0.0,-133.76956176757812
1778337149.595243,7.289228916168213,0.0,-15.205056190490723,9.792058944702148,0.0,-133.76956176757812
1778337149.6322963,7.84196662902832,0.0,-15.205056190490723,9.926351547241211,0.0,-133.76956176757812
1778337149.6640365,8.097783088684082,0.0,-15.205056190490723,9.598403930664062,0.0,-133.76956176757812
1778337149.6964684,8.565855026245117,0.0,-15.205056190490723,8.194604873657227,0.0,-133.76956176757812
1778337149.7330492,8.972862243652344,0.0,-15.205056190490723,5.926527500152588,0.0,-133.76956176757812
1778337149.769807,8.972862243652344,0.0,-15.205056190490723,5.926527500152588,0.0,-133.76956176757812
1778337149.802351,9.461956977844238,0.0,-15.205056190490723,1.44366455078125,0.0,-133.76956176757812
1778337149.8349328,9.703202247619629,0.0,-15.205056190490723,-1.8064364194869995,0.0,-133.76956176757812
1778337149.8711622,9.874117851257324,0.0,-15.205056190490723,-4.867028713226318,0.0,-133.76956176757812
1778337149.9011476,9.932695388793945,0.0,-15.205056190490723,-6.223220348358154,0.0,-133.76956176757812
1778337149.9337025,9.995351791381836,0.0,-15.205056190490723,-8.40720272064209,0.0,-133.76956176757812
1778337149.970563,9.995351791381836,0.0,-15.205056190490723,-8.40720272064209,0.0,-133.76956176757812
1778337150.002636,9.951882362365723,0.0,-15.205056190490723,-9.966782569885254,0.0,-133.76956176757812
1778337150.033733,9.831108093261719,0.0,-15.205056190490723,-9.699504852294922,0.0,-133.76956176757812
1778337150.0699122,9.831108093261719,0.0,-15.205056190490723,-9.699504852294922,0.0,-133.76956176757812
1778337150.1011038,9.513680458068848,0.0,-15.205056190490723,-7.4047980308532715,0.0,-133.76956176757812
1778337150.132879,9.213045120239258,0.0,-15.205056190490723,-4.847628593444824,-0.048927824944257736,-133.85745239257812
1778337150.1694276,9.213045120239258,0.0,-15.205056190490723,-4.847628593444824,0.04172292724251747,-133.76956176757812
1778337150.2014685,8.633392333984375,0.0,-15.205056190490723,-0.1425894945859909,0.0,-133.76956176757812
1778337150.2321205,8.164935111999512,0.0,-15.205056190490723,3.086994171142578,0.0,-133.76956176757812
1778337150.2706282,8.164935111999512,0.04170655459165573,-15.117192268371582,3.086994171142578,0.0,-133.76956176757812
1778337150.3022256,7.347293376922607,-0.04617888107895851,-15.205056190490723,7.216945171356201,0.0,-133.76956176757812
1778337150.3345616,6.73116397857666,0.0,-15.205056190490723,9.064179420471191,0.0,-133.76956176757812
1778337150.3709068,6.73116397857666,0.0,-15.205056190490723,9.064179420471191,0.0,-133.76956176757812
1778337150.40304,5.711446285247803,0.0,-15.205056190490723,9.983794212341309,0.0,-133.76956176757812
1778337150.4345791,4.975156784057617,0.05198509618639946,-15.117192268371582,9.264939308166504,0.0,-133.76956176757812
1778337150.4722166,4.975156784057617,-0.03969734162092209,-15.205056190490723,9.264939308166504,0.0,-133.76956176757812
1778337150.5039968,3.7995352745056152,0.0,-15.205056190490723,6.376055717468262,0.0,-133.76956176757812
1778337150.5366066,2.9768292903900146,0.0,-15.205056190490723,3.5426018238067627,0.0,-133.76956176757812
1778337150.571653,2.1301279067993164,0.0,-15.205056190490723,0.32696589827537537,0.0,-133.76956176757812
1778337150.6023042,1.6997745037078857,0.0,-15.205056190490723,-1.3168312311172485,0.0,-133.76956176757812
1778337150.6346672,0.8291580677032471,0.0,-15.205056190490723,-4.454911708831787,0.0,-133.76956176757812
1778337150.6711524,0.8291580677032471,0.0,-15.205056190490723,-4.454911708831787,0.0,-133.76956176757812
1778337150.7033975,-0.48898595571517944,0.046224817633628845,-15.117192268371582,-8.171801567077637,0.0,-133.76956176757812
1778337150.735116,-1.365996241569519,-0.04891729727387428,-15.205056190490723,-9.598733901977539,0.0,-133.76956176757812
1778337150.7720196,-2.2336339950561523,0.0,-15.205056190490723,-9.989439964294434,0.0,-133.76956176757812
1778337150.8107474,-2.2336339950561523,0.0,-15.205056190490723,-9.989439964294434,0.0,-133.76956176757812
1778337150.8430655,-3.502639055252075,0.0,-15.205056190490723,-8.569036483764648,0.0,-133.76956176757812
1778337150.8753507,-4.317235946655273,0.04891573265194893,-15.117192268371582,-6.43172025680542,0.0,-133.76956176757812
1778337150.9122956,-5.099084377288818,0.0,-15.117192268371582,-3.5963590145111084,0.0,-133.76956176757812
1778337150.9424906,-5.4757490158081055,-0.04897353798151016,-15.205056190490723,-2.010608196258545,0.0,-133.76956176757812
1778337150.9755557,-6.196741104125977,0.0,-15.205056190490723,1.28197181224823,0.0,-133.76956176757812
1778337151.012056,-6.869744300842285,0.0,-15.205056190490723,4.436790466308594,0.0,-133.76956176757812
1778337151.0440228,-7.186502933502197,0.0,-15.205056190490723,5.853673458099365,0.0,-133.76956176757812
1778337151.0762546,-7.777245044708252,0.0,-15.205056190490723,8.173046112060547,0.0,-133.76956176757812
1778337151.1133285,-8.306878089904785,0.0,-15.205056190490723,9.603511810302734,0.0,-133.76956176757812
1778337151.14368,-8.547355651855469,0.0,-15.205056190490723,9.931974411010742,0.0,-133.76956176757812
1778337151.1758235,-8.977054595947266,0.0,-15.205056190490723,9.769614219665527,0.0,-133.76956176757812
1778337151.2127924,-9.335355758666992,0.04165896773338318,-15.117192268371582,8.540864944458008,0.0,-133.76956176757812
1778337151.2429812,-9.486715316772461,-0.04895789921283722,-15.205056190490723,7.5638298988342285,0.0,-133.76956176757812
1778337151.2752745,-9.732129096984863,0.0,-15.205056190490723,5.017282962799072,0.0,-133.76956176757812
1778337151.312154,-9.899280548095703,0.0,-15.205056190490723,1.9206740856170654,0.0,-133.76956176757812
1778337151.3424795,-9.952958106994629,0.0,-15.205056190490723,0.27042487263679504,0.0,-133.76956176757812
1778337151.3750775,-9.999760627746582,0.0,-15.205056190490723,-3.007864475250244,0.0,-133.76956176757812
1778337151.4119377,-9.96529769897461,0.0,-15.205056190490723,-5.957806587219238,0.0,-133.76956176757812
1778337151.444183,-9.917547225952148,0.0,-15.205056190490723,-7.205923557281494,0.0,-133.76956176757812
1778337151.476253,-9.761283874511719,0.0,-15.205056190490723,-9.076336860656738,0.0,-133.76956176757812
1778337151.513173,-9.524858474731445,0.0,-15.205056190490723,-9.949970245361328,0.0,-133.76956176757812
1778337151.5433075,-9.37706184387207,0.04895789921283722,-15.117192268371582,-9.97786808013916,0.0,-133.76956176757812
1778337151.5756752,-9.0236177444458,-0.04885495454072952,-15.205056190490723,-9.211028099060059,0.0,-133.76956176757812
1778337151.6128736,-8.595268249511719,0.0,-15.205056190490723,-7.4290385246276855,0.0,-133.76956176757812
1778337151.6426954,-8.353989601135254,0.0,-15.205056190490723,-6.214453220367432,0.0,-133.76956176757812
1778337151.675234,-7.8195390701293945,0.0,-15.205056190490723,-3.305107831954956,0.0,-133.76956176757812
1778337151.7123623,-7.219419002532959,0.04164426401257515,-15.117192268371582,-0.02946159616112709,0.0,-133.76956176757812
1778337151.7425098,-6.896189212799072,-0.048978228121995926,-15.205056190490723,1.6332703828811646,0.0,-133.76956176757812
1778337151.7747266,-6.206602096557617,0.04885806888341904,-15.117192268371582,4.77841854095459,0.0,-133.76956176757812
1778337151.8116736,-5.464173793792725,-0.041657838970422745,-15.205056190490723,7.3960795402526855,-0.041675321757793427,-133.85745239257812
1778337151.84202,-5.075004577636719,0.0,-15.205056190490723,8.413046836853027,0.04896530508995056,-133.76956176757812
1778337151.8747518,-4.26472282409668,0.048879873007535934,-15.117192268371582,9.72145938873291,0.0,-133.76956176757812
1778337151.9132626,-3.417428731918335,-0.03967371955513954,-15.205056190490723,9.951913833618164,0.0,-133.76956176757812
1778337151.9451954,-2.982079029083252,0.0,-15.205056190490723,9.649592399597168,0.0,-133.76956176757812
1778337151.9777625,-2.092499256134033,0.0,-15.205056190490723,8.250937461853027,0.0,-133.76956176757812
1778337152.0128257,-1.183970332145691,0.0,-15.205056190490723,5.934118747711182,0.0,-133.76956176757812
1778337152.0429404,-0.7249839305877686,0.0,-15.205056190490723,4.508288383483887,0.0,-133.76956176757812
1778337152.0751252,0.19757652282714844,0.0,-15.205056190490723,1.3199464082717896,0.0,-133.76956176757812
1778337152.1122296,1.1197032928466797,0.04164878651499748,-15.117192268371582,-2.0169570446014404,0.0,-133.76956176757812
1778337152.144275,1.5781359672546387,-0.04621506854891777,-15.205056190490723,-3.624382972717285,0.0,-133.76956176757812
1778337152.17641,2.4848060607910156,0.0,-15.205056190490723,-6.492426872253418,0.0,-133.76956176757812
1778337152.2116086,3.371352195739746,0.0,-15.205056190490723,-8.636423110961914,0.0,-133.76956176757812
1778337152.2421587,3.8046579360961914,0.0,-15.205056190490723,-9.35771656036377,0.0,-133.76956176757812
1778337152.2746215,4.646589756011963,0.0,-15.205056190490723,-9.997057914733887,0.0,-133.76956176757812
1778337152.3137934,4.646589756011963,0.0,-15.205056190490723,-9.997057914733887,0.0,-133.76956176757812
1778337152.350652,5.0533599853515625,0.0,-15.205056190490723,-9.896712303161621,0.0,-133.76956176757812
1778337152.382021,6.565027713775635,0.0,-15.205056190490723,-6.846473217010498,0.0,-133.76956176757812
1778337152.4150147,7.2398552894592285,0.0,-15.205056190490723,-4.054503440856934,0.0,-133.76956176757812
1778337152.4532974,7.2398552894592285,0.0,-15.205056190490723,-4.054503440856934,0.0,-133.76956176757812
1778337152.4850109,8.133471488952637,0.0,-15.205056190490723,0.8768293261528015,0.0,-133.76956176757812
1778337152.5173793,8.642141342163086,0.0,-15.205056190490723,4.121721267700195,0.0,-133.76956176757812
1778337152.552586,9.075512886047363,0.0,-15.205056190490723,6.903951168060303,0.0,-133.76956176757812
1778337152.5825338,9.262646675109863,0.0,-15.205056190490723,8.020340919494629,0.0,-133.76956176757812
1778337152.6154633,9.575546264648438,0.0,-15.205056190490723,9.545442581176758,0.0,-133.76956176757812
1778337152.652148,9.804113388061523,0.0,-15.205056190490723,9.993903160095215,0.0,-133.76956176757812
1778337152.684246,9.886003494262695,0.0,-15.205056190490723,9.79309368133545,0.0,-133.76956176757812
1778337152.7163994,9.983869552612305,0.0,-15.205056190490723,8.568833351135254,0.0,-133.76956176757812
1778337152.751713,9.992912292480469,0.0,-15.205056190490723,6.374693870544434,0.0,-133.76956176757812
1778337152.7822158,9.963957786560059,0.0,-15.205056190490723,4.987521171569824,0.0,-133.76956176757812
1778337152.8148208,9.839198112487793,0.0,-15.205056190490723,1.829033613204956,0.0,-133.76956176757812
1778337152.8532372,9.839198112487793,0.0,-15.205056190490723,1.829033613204956,0.0,-133.76956176757812
1778337152.8849785,9.486740112304688,0.0,-15.205056190490723,-3.1806254386901855,0.0,-133.76956176757812
1778337152.917345,9.14413070678711,0.0,-15.205056190490723,-6.149303436279297,0.0,-133.76956176757812
1778337152.952629,8.718510627746582,0.0,-15.205056190490723,-8.42047119140625,0.0,-133.76956176757812
1778337152.9829054,8.475643157958984,0.0,-15.205056190490723,-9.209498405456543,0.0,-133.76956176757812
1778337153.0149803,7.932351589202881,0.0,-15.205056190490723,-9.981229782104492,0.0,-133.76956176757812
1778337153.0517025,7.316252708435059,0.0,-15.205056190490723,-9.616385459899902,0.0,-133.76956176757812
1778337153.0818512,6.982540130615234,0.0,-15.205056190490723,-9.015220642089844,0.0,-133.76956176757812
1778337153.1148362,6.267429351806641,0.0,-15.205056190490723,-7.060296058654785,0.0,-133.76956176757812
1778337153.1516995,5.494044303894043,0.0,-15.205056190490723,-4.298447132110596,0.0,-133.76956176757812
1778337153.182292,5.087624549865723,0.0,-15.205056190490723,-2.710505485534668,0.0,-133.76956176757812
1778337153.214647,4.239870548248291,0.0,-15.205056190490723,0.6526021957397461,0.0,-133.76956176757812
1778337153.2540903,4.239870548248291,0.0,-15.205056190490723,0.6526021957397461,0.0,-133.76956176757812
1778337153.2914922,3.800443649291992,0.0,-15.205056190490723,2.330968141555786,0.0,-133.76956176757812
1778337153.3233433,1.9625226259231567,0.0,-15.205056190490723,7.9284987449646,-0.04623918980360031,-133.85745239257812
1778337153.3559952,1.0101829767227173,0.0,-15.205056190490723,9.508012771606445,0.048854585736989975,-133.76956176757812
1778337153.3929365,0.04721700772643089,0.0,-15.205056190490723,9.996745109558105,0.0,-133.76956176757812
1778337153.4231722,-0.4354623854160309,0.04897196963429451,-15.117192268371582,9.808880805969238,0.0,-133.76956176757812
1778337153.455456,-1.3975874185562134,-0.048897016793489456,-15.205056190490723,8.594745635986328,0.0,-133.76956176757812
1778337153.4927115,-2.3478870391845703,0.0,-15.205056190490723,6.39117431640625,0.0,-133.76956176757812
1778337153.5225327,-2.8157973289489746,0.0,-15.205056190490723,4.993478298187256,0.0,-133.76956176757812
1778337153.5550573,-3.7315938472747803,0.0,-15.205056190490723,1.8072091341018677,0.0,-133.76956176757812
1778337153.5919452,-4.613442897796631,0.0,-15.205056190490723,-1.5888798236846924,0.0,-133.76956176757812
1778337153.6221457,-5.038980484008789,0.0,-15.205056190490723,-3.242936849594116,-0.048977818340063095,-133.85745239257812
1778337153.6547291,-5.854151248931885,0.0,-15.205056190490723,-6.223835468292236,0.04893406480550766,-133.76956176757812
1778337153.6930888,-6.614901065826416,0.0,-15.205056190490723,-8.486673355102539,0.0,-133.76956176757812
1778337153.7234883,-6.972522258758545,0.0,-15.205056190490723,-9.262572288513184,0.0,-133.76956176757812
1778337153.7557368,-7.63785457611084,0.0,-15.205056190490723,-9.99008846282959,0.0,-133.76956176757812
1778337153.7927628,-8.231201171875,0.0,-15.205056190490723,-9.56059741973877,0.0,-133.76956176757812
1778337153.823044,-8.498992919921875,0.0,-15.205056190490723,-8.921850204467773,0.0,-133.76956176757812
1778337153.8552601,-8.973417282104492,0.0,-15.205056190490723,-6.888162612915039,0.0,-133.76956176757812
1778337153.8922398,-9.362320899963379,0.0,-15.205056190490723,-4.0537848472595215,0.0,-133.76956176757812
1778337153.9225883,-9.523397445678711,0.0,-15.205056190490723,-2.4362611770629883,0.0,-133.76956176757812
1778337153.9551346,-9.776644706726074,0.0,-15.205056190490723,0.9644474387168884,-0.04890286922454834,-133.85745239257812
1778337153.9918947,-9.935775756835938,0.0,-15.205056190490723,4.254415988922119,0.04169457405805588,-133.76956176757812
1778337154.0222175,-9.979416847229004,0.0,-15.205056190490723,5.736345291137695,0.0,-133.76956176757812
1778337154.0546408,-9.994093894958496,0.0,-15.205056190490723,8.157511711120605,0.0,-133.76956176757812
1778337154.0932074,-9.911630630493164,0.0,-15.205056190490723,9.628254890441895,0.0,-133.76956176757812
1778337154.1249309,-9.834071159362793,0.0,-15.205056190490723,9.948188781738281,0.0,-133.76956176757812
1778337154.1575737,-9.607008934020996,0.0,-15.205056190490723,9.709458351135254,-0.04894812032580376,-133.85745239257812
1778337154.192774,-9.285669326782227,0.0,-15.205056190490723,8.33554744720459,0.04383566230535507,-133.76956176757812
1778337154.2228434,-9.090482711791992,0.0,-15.205056190490723,7.2678680419921875,0.0,-133.76956176757812
1778337154.255079,-8.63325309753418,0.0,-15.205056190490723,4.526687145233154,0.0,-133.76956176757812
1778337154.2920494,-8.090447425842285,0.0,-15.205056190490723,1.2539169788360596,0.0,-133.76956176757812
1778337154.323913,-7.788492679595947,0.0,-15.205056190490723,-0.46336379647254944,0.0,-133.76956176757812
1778337154.356537,-7.1270222663879395,0.0,-15.205056190490723,-3.8076367378234863,0.0,-133.76956176757812
1778337154.3916957,-6.394104480743408,0.0,-15.205056190490723,-6.706229209899902,0.0,-133.76956176757812
1778337154.4218519,-6.003016471862793,0.0,-15.205056190490723,-7.878561973571777,0.0,-133.76956176757812
1778337154.4527504,-5.17629337310791,0.0,-15.205056190490723,-9.496077537536621,0.0,-133.76956176757812
1778337154.4827282,-4.742664337158203,0.0,-15.205056190490723,-9.892991065979004,0.0,-133.76956176757812
1778337154.515195,-3.840158462524414,0.0,-15.205056190490723,-9.80368709564209,0.0,-133.76956176757812
1778337154.5521276,-2.8980889320373535,0.0,-15.205056190490723,-8.558895111083984,0.0,-133.76956176757812
1778337154.5841212,-2.4151108264923096,0.0,-15.205056190490723,-7.543622970581055,0.0,-133.76956176757812
1778337154.6166816,-1.4312636852264404,0.0,-15.205056190490723,-4.876462936401367,0.0,-133.76956176757812
1778337154.6517003,-0.4317733347415924,0.043849602341651917,-15.117192268371582,-1.6321077346801758,0.0,-133.76956176757812
1778337154.682329,0.07070734351873398,-0.04895789921283722,-15.205056190490723,0.0883837640285492,-0.048973120748996735,-133.85745239257812
1778337154.7145908,1.0748015642166138,0.0,-15.205056190490723,3.471418619155884,0.0,-133.85745239257812
1778337154.7498183,1.0748015642166138,0.0,-15.205056190490723,3.471418619155884,0.0,-133.85745239257812
1778337154.7802098,2.55968976020813,0.0,-15.205056190490723,7.664791107177734,0.0,-133.85745239257812
1778337154.8119428,3.520698308944702,0.0,-15.205056190490723,9.388989448547363,0.04890910163521767,-133.76956176757812
1778337154.8421612,3.9887945652008057,0.0,-15.205056190490723,9.841497421264648,-0.04898563772439957,-133.85745239257812
1778337154.8746014,4.894114971160889,0.0,-15.205056190490723,9.859162330627441,0.048891957849264145,-133.76956176757812
1778337154.9133155,5.750462055206299,0.0,-15.205056190490723,8.70539665222168,0.0,-133.76956176757812
1778337154.9432876,6.15744686126709,0.0,-15.205056190490723,7.726497650146484,0.0,-133.76956176757812
1778337154.975841,6.923676013946533,0.0,-15.205056190490723,5.109589576721191,-0.04890910163521767,-133.85745239257812
1778337155.012796,7.619542598724365,0.0,-15.205056190490723,1.883073091506958,0.041675321757793427,-133.76956176757812
1778337155.0430198,7.9387335777282715,0.0,-15.205056190490723,0.15947890281677246,0.0,-133.76956176757812
1778337155.0753648,8.515324592590332,0.0,-15.205056190490723,-3.251296281814575,-0.04895749315619469,-133.85745239257812
1778337155.1121988,9.00438117980957,0.0,-15.205056190490723,-6.275506973266602,0.04165947437286377,-133.76956176757812
1778337155.1425283,9.21435832977295,0.0,-15.205056190490723,-7.526577949523926,0.0,-133.76956176757812
1778337155.174654,9.562265396118164,0.04891417548060417,-15.117192268371582,-9.318866729736328,0.0,-133.76956176757812
1778337155.2118022,9.810894012451172,-0.041653309017419815,-15.205056190490723,-9.997222900390625,0.0,-133.76956176757812
1778337155.2418332,9.897010803222656,0.0,-15.205056190490723,-9.887242317199707,0.0,-133.76956176757812
1778337155.272503,9.991486549377441,0.0,-15.205056190490723,-8.784459114074707,0.0,-133.76956176757812
1778337155.303173,9.999503135681152,0.0,-15.205056190490723,-7.824556350708008,0.0,-133.76956176757812
1778337155.3349435,9.936745643615723,0.0,-15.205056190490723,-5.230971336364746,0.0,-133.76956176757812
1778337155.3720531,9.769279479980469,0.04163747653365135,-15.117192268371582,-2.0082993507385254,-0.041643641889095306,-133.85745239257812
1778337155.404089,9.646669387817383,-0.04622899740934372,-15.205056190490723,-0.28004536032676697,0.04624895006418228,-133.76956176757812
1778337155.4363923,9.325079917907715,0.0,-15.205056190490723,3.1504430770874023,0.0,-133.76956176757812
1778337155.4716015,8.904306411743164,0.0,-15.205056190490723,6.203367710113525,0.0,-133.76956176757812
1778337155.5021667,8.657968521118164,0.0,-15.205056190490723,7.470180511474609,0.0,-133.76956176757812
1778337155.5346093,8.09644603729248,0.0,-15.205056190490723,9.292840003967285,0.0,-133.76956176757812
1778337155.5732915,8.09644603729248,0.0,-15.205056190490723,9.292840003967285,0.0,-133.76956176757812
1778337155.6049523,7.093101978302002,0.0,-15.205056190490723,9.8945894241333,0.0,-133.76956176757812
1778337155.6352427,6.326812267303467,0.0,-15.205056190490723,8.801484107971191,-0.05199597030878067,-133.85745239257812
1778337155.6725323,5.491746425628662,0.0,-15.205056190490723,6.644221782684326,0.04164024814963341,-133.76956176757812
1778337155.7027702,5.051122665405273,0.0,-15.205056190490723,5.243352890014648,0.0,-133.76956176757812
1778337155.7353232,4.129486083984375,0.0,-15.205056190490723,2.0086841583251953,0.0,-133.76956176757812
1778337155.7745955,3.162184476852417,0.0,-15.205056190490723,-1.4706742763519287,0.0,-133.76956176757812
1778337155.8122005,3.162184476852417,0.0,-15.205056190490723,-1.4706742763519287,0.0,-133.76956176757812
1778337155.8423223,1.6482665538787842,0.0,-15.205056190490723,-6.230751037597656,0.0,-133.76956176757812
1778337155.8751698,0.6128106713294983,0.0,-15.205056190490723,-8.536264419555664,0.0,-133.76956176757812
1778337155.9117568,-0.4305567145347595,0.0,-15.205056190490723,-9.805619239807129,-0.04168664291501045,-133.85745239257812
1778337155.942043,-0.9516612887382507,0.0,-15.205056190490723,-9.997528076171875,0.04894812032580376,-133.76956176757812
1778337155.9746368,-1.985589623451233,0.0,-15.205056190490723,-9.465599060058594,0.0,-133.76956176757812
1778337156.013233,-1.985589623451233,0.0,-15.205056190490723,-9.465599060058594,0.0,-133.76956176757812
1778337156.044954,-3.4945430755615234,0.0,-15.205056190490723,-6.564879894256592,-0.04622107744216919,-133.85745239257812
1778337156.0777144,-4.456318378448486,0.0,-15.205056190490723,-3.5706875324249268,0.04888884350657463,-133.76956176757812
1778337156.1128092,-5.370169639587402,0.0,-15.205056190490723,-0.13944722712039948,0.0,-133.76956176757812
1778337156.1428576,-5.8058953285217285,0.0,-15.205056190490723,1.6100130081176758,-0.048960618674755096,-133.85745239257812
1778337156.1751037,-6.6287946701049805,0.0,-15.205056190490723,4.909008979797363,0.0,-133.85745239257812
1778337156.2121372,-7.379241943359375,0.0,-15.205056190490723,7.609000205993652,0.0416673943400383,-133.76956176757812
1778337156.2438653,-7.724576950073242,0.0,-15.205056190490723,8.626803398132324,-0.04627266526222229,-133.85745239257812
1778337156.2765017,-8.35049057006836,0.0,-15.205056190490723,9.841218948364258,0.0,-133.85745239257812
1778337156.3116236,-8.884088516235352,0.0438508577644825,-15.117192268371582,9.849815368652344,0.04386700317263603,-133.76956176757812
1778337156.3423264,-9.114263534545898,-0.04892821982502937,-15.205056190490723,9.395193099975586,0.0,-133.76956176757812
1778337156.3745744,-9.497922897338867,0.0,-15.205056190490723,7.636967182159424,0.0,-133.76956176757812
1778337156.4130936,-9.497922897338867,0.0,-15.205056190490723,7.636967182159424,0.0,-133.76956176757812
1778337156.4449885,-9.873483657836914,0.0,-15.205056190490723,3.338824510574341,0.0,-133.76956176757812
1778337156.4754515,-9.985910415649414,0.0,-15.205056190490723,-0.12177176028490067,0.0,-133.76956176757812
1778337156.5123684,-9.985860824584961,0.0,-15.205056190490723,-3.5688529014587402,-0.04162894934415817,-133.85745239257812
1778337156.5426605,-9.943482398986816,0.0,-15.205056190490723,-5.153083324432373,0.04897155985236168,-133.76956176757812
1778337156.575014,-9.774368286132812,0.0,-15.205056190490723,-7.798068046569824,-0.04884214326739311,-133.85745239257812
1778337156.612038,-9.494179725646973,0.0,-15.205056190490723,-9.481945991516113,0.04165607690811157,-133.76956176757812
1778337156.6423047,-9.31325626373291,0.0,-15.205056190490723,-9.892646789550781,-0.04899032786488533,-133.85745239257812
1778337156.6746626,-8.872085571289062,0.0,-15.205056190490723,-9.787089347839355,0.048935629427433014,-133.76956176757812
1778337156.7138252,-8.329161643981934,0.0,-15.205056190490723,-8.471158027648926,0.0,-133.76956176757812
1778337156.7507405,-8.329161643981934,0.0,-15.205056190490723,-8.471158027648926,-0.03974878787994385,-133.85745239257812
1778337156.7819736,-7.337105751037598,0.0,-15.205056190490723,-4.617171764373779,0.04887637868523598,-133.76956176757812
1778337156.8146014,-6.567872047424316,0.0,-15.205056190490723,-1.2566449642181396,0.0,-133.76956176757812
1778337156.8531542,-6.567872047424316,0.0,-15.205056190490723,-1.2566449642181396,0.0,-133.76956176757812
1778337156.8832192,-5.2735915184021,0.0,-15.205056190490723,3.941986560821533,0.0,-133.76956176757812
1778337156.915793,-4.331262111663818,0.0,-15.205056190490723,6.885741710662842,-0.048896633088588715,-133.85745239257812
1778337156.952841,-3.3377137184143066,0.04167255386710167,-15.117192268371582,8.974717140197754,0.0,-133.85745239257812
1778337156.9830003,-2.825256824493408,-0.0489516444504261,-15.205056190490723,9.611954689025879,0.04894812032580376,-133.76956176757812
1778337157.0147228,-1.776330590248108,0.0,-15.205056190490723,9.971718788146973,0.0,-133.76956176757812
1778337157.0522182,-1.776330590248108,0.0,-15.205056190490723,9.971718788146973,0.0,-133.76956176757812
1778337157.0824902,-0.1657632291316986,0.0,-15.205056190490723,8.210221290588379,0.0,-133.76956176757812
1778337157.114929,0.9145451188087463,0.0,-15.205056190490723,5.71299409866333,0.0,-133.76956176757812
1778337157.1517632,1.985397219657898,0.0,-15.205056190490723,2.501354455947876,-0.041675321757793427,-133.85745239257812
1778337157.1822808,2.5133330821990967,0.0,-15.205056190490723,0.750565230846405,0.04892938584089279,-133.76956176757812
1778337157.2146494,3.546421766281128,0.0,-15.205056190490723,-2.7671754360198975,0.0,-133.76956176757812
1778337157.2531748,3.546421766281128,0.0,-15.205056190490723,-2.7671754360198975,0.0,-133.76956176757812
1778337157.2850049,5.016263961791992,0.0,-15.205056190490723,-7.269891262054443,0.0,-133.76956176757812
1778337157.3174417,5.925863265991211,0.0,-15.205056190490723,-9.206816673278809,0.0,-133.76956176757812
1778337157.3527215,6.7663254737854,0.0,-15.205056190490723,-9.989912986755371,0.0,-133.76956176757812
1778337157.382854,7.157403469085693,0.0,-15.205056190490723,-9.91146469116211,0.0,-133.76956176757812
1778337157.4151468,7.875270843505859,0.0,-15.205056190490723,-8.825887680053711,-0.04895749315619469,-133.85745239257812
1778337157.4521568,8.500151634216309,0.0,-15.205056190490723,-6.63055944442749,0.0,-133.85745239257812
1778337157.4839704,8.77524471282959,0.0,-15.205056190490723,-5.197955131530762,0.0,-133.85745239257812
1778337157.516545,9.24640941619873,0.0,-15.205056190490723,-1.8878952264785767,0.0489184632897377,-133.76956176757812
1778337157.551772,9.607336044311523,0.0,-15.205056190490723,1.6613608598709106,-0.04385822266340256,-133.85745239257812
1778337157.582414,9.74493408203125,0.0,-15.205056190490723,3.3856234550476074,0.0,-133.85745239257812
1778337157.615084,9.932084083557129,0.0,-15.205056190490723,6.461000442504883,0.048935629427433014,-133.76956176757812
1778337157.653246,9.932084083557129,0.0,-15.205056190490723,6.461000442504883,0.0,-133.76956176757812
1778337157.684713,9.98837661743164,0.0,-15.205056190490723,9.452535629272461,0.0,-133.76956176757812
1778337157.7153485,9.87502384185791,0.0,-15.205056190490723,9.996864318847656,0.0,-133.76956176757812
1778337157.7524729,9.64187240600586,0.0,-15.205056190490723,9.276719093322754,-0.0416673943400383,-133.85745239257812
1778337157.7827384,9.481072425842285,0.0,-15.205056190490723,8.464366912841797,0.0,-133.85745239257812
1778337157.8150933,9.07321834564209,0.0,-15.205056190490723,6.0629777908325195,0.0,-133.85745239257812
1778337157.8517144,8.5543212890625,0.0,-15.205056190490723,2.8918848037719727,0.0,-133.85745239257812
1778337157.8819258,8.255041122436523,0.0,-15.205056190490723,1.140623688697815,0.04892002046108246,-133.76956176757812
1778337157.9146369,7.581173419952393,0.0,-15.205056190490723,-2.4153013229370117,0.0,-133.76956176757812
1778337157.9554067,7.581173419952393,0.0,-15.205056190490723,-2.4153013229370117,-0.03971071541309357,-133.85745239257812
1778337157.9946976,5.9614973068237305,0.0,-15.205056190490723,-8.197193145751953,0.03761426731944084,-133.76956176757812
1778337158.0307915,5.9614973068237305,0.0,-15.205056190490723,-8.197193145751953,0.0,-133.76956176757812
1778337158.0628304,4.5473408699035645,0.0,-15.205056190490723,-9.974285125732422,-0.04623361676931381,-133.85745239257812
1778337158.0951018,3.5305497646331787,0.0,-15.205056190490723,-9.59031867980957,0.0,-133.85745239257812
1778337158.13205,2.468897819519043,0.0,-15.205056190490723,-7.982880115509033,0.04161539673805237,-133.76956176757812
1778337158.1641064,1.9253000020980835,0.0,-15.205056190490723,-6.7784647941589355,0.0,-133.76956176757812
1778337158.1964903,0.820936918258667,0.0,-15.205056190490723,-3.760003089904785,0.0,-133.76956176757812
1778337158.2316844,-0.29488787055015564,0.0,-15.205056190490723,-0.2596260607242584,0.0,-133.76956176757812
1778337158.2618623,-0.8527613282203674,0.0,-15.205056190490723,1.5324246883392334,0.0,-133.76956176757812
1778337158.294619,-1.959710717201233,0.0,-15.205056190490723,4.91311502456665,0.0,-133.76956176757812
1778337158.332933,-1.959710717201233,0.0,-15.205056190490723,4.91311502456665,0.0,-133.76956176757812
1778337158.3650634,-3.572155237197876,0.0,-15.205056190490723,8.691637992858887,0.0,-133.76956176757812
1778337158.395463,-4.595310211181641,0.0,-15.205056190490723,9.876775741577148,0.0,-133.76956176757812
1778337158.4323864,-5.561739444732666,0.0,-15.205056190490723,9.794363021850586,0.0,-133.76956176757812
1778337158.4623773,-6.019779682159424,0.0,-15.205056190490723,9.274149894714355,0.0,-133.76956176757812
1778337158.4949555,-6.878132343292236,0.0,-15.205056190490723,7.35842227935791,-0.04886703938245773,-133.85745239257812
1778337158.5314429,-7.650340557098389,0.0,-15.205056190490723,4.4951348304748535,0.04165268689393997,-133.76956176757812
1778337158.5615485,-8.000943183898926,0.0,-15.205056190490723,2.81941556930542,0.0,-133.76956176757812
1778337158.5923045,-8.625372886657715,0.05196571722626686,-15.117192268371582,-0.7503694295883179,0.0,-133.76956176757812
1778337158.6293166,-8.625372886657715,-0.04167595133185387,-15.205056190490723,-0.7503694295883179,0.0,-133.76956176757812
1778337158.661596,-9.355152130126953,0.0,-15.205056190490723,-5.784189701080322,0.0,-133.76956176757812
1778337158.6945107,-9.694158554077148,0.0,-15.205056190490723,-8.294412612915039,-0.04890910163521767,-133.85745239257812
1778337158.7334046,-9.694158554077148,0.0,-15.205056190490723,-8.294412612915039,0.0,-133.85745239257812
1778337158.7647486,-9.969569206237793,0.0,-15.205056190490723,-9.987292289733887,0.046193238347768784,-133.76956176757812
1778337158.7971854,-9.993733406066895,0.0,-15.205056190490723,-9.519387245178223,0.0,-133.76956176757812
1778337158.8323543,-9.88924503326416,0.0,-15.205056190490723,-7.818559646606445,-0.04383816942572594,-133.85745239257812
1778337158.862612,-9.788979530334473,0.0,-15.205056190490723,-6.568583011627197,0.0,-133.85745239257812
1778337158.8953004,-9.493760108947754,0.0,-15.205056190490723,-3.47160267829895,0.0,-133.85745239257812
1778337158.931746,-9.075298309326172,0.0,-15.205056190490723,0.07718872278928757,0.041718386113643646,-133.76956176757812
1778337158.9622903,-8.821358680725098,0.0,-15.205056190490723,1.8778645992279053,-0.0489325076341629,-133.85745239257812
1778337158.994748,-8.227943420410156,0.0,-15.205056190490723,5.238836765289307,0.04887793958187103,-133.76956176757812
1778337159.0333717,-8.227943420410156,0.0,-15.205056190490723,5.238836765289307,0.0,-133.76956176757812
1778337159.065157,-7.138448238372803,0.04622899740934372,-15.117192268371582,8.891308784484863,0.0,-133.76956176757812
1778337159.0974097,-6.292527198791504,-0.04892197623848915,-15.205056190490723,9.936824798583984,0.0,-133.76956176757812
1778337159.1326656,-5.363308429718018,0.0,-15.205056190490723,9.687685012817383,-0.04384317621588707,-133.85745239257812
1778337159.1626408,-4.871146202087402,0.0,-15.205056190490723,9.080619812011719,0.04895124211907387,-133.76956176757812
1778337159.195134,-3.839650869369507,0.0,-15.205056190490723,6.999673366546631,0.0,-133.76956176757812
1778337159.232241,-2.75649094581604,0.0,-15.205056190490723,4.0036301612854,0.0,-133.76956176757812
1778337159.2624686,-2.199925661087036,0.0,-15.205056190490723,2.2810864448547363,0.0,-133.76956176757812
1778337159.294622,-1.065935730934143,0.0,-15.205056190490723,-1.3314323425292969,0.0,-133.76956176757812
1778337159.3315892,0.0833951085805893,0.041657838970422745,-15.117192268371582,-4.771170616149902,0.0,-133.76956176757812
1778337159.3622649,0.6590697765350342,-0.04892197623848915,-15.205056190490723,-6.282844066619873,0.0,-133.76956176757812
1778337159.3948288,1.8028818368911743,0.0,-15.205056190490723,-8.641271591186523,-0.04889819025993347,-133.85745239257812
1778337159.4342537,1.8028818368911743,0.0,-15.205056190490723,-8.641271591186523,0.0,-133.85745239257812
1778337159.4705973,2.367203712463379,0.04163973778486252,-15.117192268371582,-9.409771919250488,0.0,-133.85745239257812
1778337159.5022867,4.5301194190979,-0.046208105981349945,-15.205056190490723,-9.273709297180176,0.046255923807621,-133.76956176757812
1778337159.5349364,5.529541492462158,0.0,-15.205056190490723,-7.32989501953125,0.0,-133.76956176757812
1778337159.5739808,5.529541492462158,0.0,-15.205056190490723,-7.32989501953125,0.0,-133.76956176757812
1778337159.6119459,6.002670764923096,0.0,-15.205056190490723,-5.974672317504883,0.0,-133.76956176757812
1778337159.6431842,7.680989742279053,0.0,-15.205056190490723,0.8940456509590149,-0.04626289755105972,-133.85745239257812
1778337159.6756656,8.371607780456543,0.0,-15.205056190490723,4.391849994659424,0.0,-133.85745239257812
1778337159.7127786,8.949869155883789,0.0,-15.205056190490723,7.3115644454956055,0.0,-133.85745239257812
1778337159.7485468,8.949869155883789,0.0,-15.205056190490723,7.3115644454956055,0.041725195944309235,-133.76956176757812
1778337159.781564,9.589094161987305,0.0,-15.205056190490723,9.795669555664062,0.0,-133.76956176757812
1778337159.8122048,9.854118347167969,0.0,-15.205056190490723,9.867095947265625,-0.048941876739263535,-133.85745239257812
1778337159.8513296,9.854118347167969,0.0,-15.205056190490723,9.867095947265625,0.03971482813358307,-133.76956176757812
1778337159.88231,9.99991226196289,0.0,-15.205056190490723,7.569993495941162,-0.04897937923669815,-133.85745239257812
1778337159.9151764,9.926712036132812,0.0,-15.205056190490723,4.729171276092529,0.0,-133.85745239257812
1778337159.9494517,9.926712036132812,0.0,-15.205056190490723,4.729171276092529,0.041759274899959564,-133.76956176757812
1778337159.982285,9.562725067138672,0.0,-15.205056190490723,-0.5683032870292664,-0.04886547848582268,-133.85745239257812
1778337160.0150514,9.154831886291504,0.0,-15.205056190490723,-4.108295440673828,0.0,-133.85745239257812
1778337160.0520942,8.620538711547852,0.0,-15.205056190490723,-7.103699207305908,0.041614267975091934,-133.76956176757812
1778337160.0840201,8.30810260772705,0.0,-15.205056190490723,-8.268099784851074,0.0,-133.76956176757812
1778337160.11654,7.597799301147461,0.0,-15.205056190490723,-9.735549926757812,0.0,-133.76956176757812
1778337160.1515927,6.781641006469727,0.043829549103975296,-15.117192268371582,-9.906895637512207,0.0,-133.76956176757812
1778337160.1824503,6.337240695953369,-0.04896259307861328,-15.205056190490723,-9.491883277893066,-0.04897468909621239,-133.85745239257812
1778337160.2147105,5.3833184242248535,0.0,-15.205056190490723,-7.728741645812988,0.04889975115656853,-133.76956176757812
1778337160.2532592,5.3833184242248535,0.0,-15.205056190490723,-7.728741645812988,0.0,-133.76956176757812
1778337160.2847757,3.8145370483398438,0.0,-15.205056190490723,-3.2605817317962646,0.0,-133.76956176757812
1778337160.3173387,2.6976847648620605,0.0,-15.205056190490723,0.35542887449264526,0.0,-133.76956176757812
1778337160.3524594,1.5419344902038574,0.0,-15.205056190490723,3.9253733158111572,-0.04382564127445221,-133.85745239257812
1778337160.3827426,0.9544767141342163,0.0,-15.205056190490723,5.54171085357666,0.048960618674755096,-133.76956176757812
1778337160.4148269,-0.2293485552072525,0.0,-15.205056190490723,8.16568374633789,0.0,-133.76956176757812
1778337160.4517715,-1.4111998081207275,0.0,-15.205056190490723,9.696198463439941,0.0,-133.76956176757812
1778337160.4819572,-1.99617600440979,0.0,-15.205056190490723,9.980193138122559,0.0,-133.76956176757812
1778337160.5143976,-3.143880605697632,0.04890325665473938,-15.117192268371582,9.536914825439453,0.0,-133.76956176757812
1778337160.5526948,-3.143880605697632,-0.03969939425587654,-15.205056190490723,9.536914825439453,-0.039706602692604065,-133.85745239257812
1778337160.5921085,-3.702529191970825,0.0,-15.205056190490723,8.824224472045898,0.0,-133.85745239257812
1778337160.6307478,-4.779453754425049,0.0,-15.205056190490723,6.535643100738525,0.04163572937250137,-133.76956176757812
1778337160.6623895,-6.718894958496094,0.0,-15.205056190490723,-0.2558954954147339,0.0,-133.76956176757812
1778337160.6947927,-7.553361892700195,0.0,-15.205056190490723,-3.8459248542785645,0.0,-133.76956176757812
1778337160.7320988,-8.280960083007812,0.0,-15.205056190490723,-6.918856143951416,-0.04166852682828903,-133.85745239257812
1778337160.7619402,-8.601264953613281,0.0,-15.205056190490723,-8.127296447753906,0.04894499480724335,-133.76956176757812
1778337160.794902,-9.148926734924316,0.0,-15.205056190490723,-9.68313980102539,-0.04892626404762268,-133.85745239257812
1778337160.8331943,-9.565970420837402,0.0,-15.205056190490723,-9.931262969970703,0.03967271372675896,-133.76956176757812
1778337160.8633876,-9.723435401916504,0.0,-15.205056190490723,-9.546730041503906,0.0,-133.76956176757812
1778337160.8957357,-9.933149337768555,0.04889078438282013,-15.117192268371582,-7.824556350708008,0.0,-133.76956176757812
1778337160.9328265,-9.999899864196777,-0.041662365198135376,-15.205056190490723,-5.042237758636475,0.0,-133.76956176757812
1778337160.9630263,-9.979142189025879,0.0,-15.205056190490723,-3.3665809631347656,-0.04893718659877777,-133.85745239257812
1778337160.995468,-9.829450607299805,0.0,-15.205056190490723,0.26983585953712463,0.0,-133.85745239257812
1778337161.0323977,-9.537175178527832,0.0,-15.205056190490723,3.8711116313934326,0.041639119386672974,-133.76956176757812
1778337161.0622494,-9.338675498962402,0.0,-15.205056190490723,5.50372314453125,-0.04898563772439957,-133.85745239257812
1778337161.0946517,-8.840288162231445,0.0,-15.205056190490723,8.154784202575684,0.0,-133.85745239257812
1778337161.131957,-8.212620735168457,0.0,-15.205056190490723,9.698118209838867,0.041660603135824203,-133.76956176757812
1778337161.1619787,-7.85297155380249,0.0,-15.205056190490723,9.981505393981934,-0.048973120748996735,-133.85745239257812
1778337161.1945517,-7.048379898071289,0.0,-15.205056190490723,9.522390365600586,0.0,-133.85745239257812
1778337161.2265925,-7.048379898071289,0.0,-15.205056190490723,9.522390365600586,0.0,-133.85745239257812
1778337161.2589045,-6.606294631958008,0.0,-15.205056190490723,8.7952299118042,0.0,-133.85745239257812
1778337161.292476,-4.61061954498291,0.0,-15.205056190490723,3.258910655975342,0.04624198004603386,-133.76956176757812
1778337161.3242216,-4.063873291015625,0.0,-15.205056190490723,1.4561020135879517,0.0,-133.76956176757812
1778337161.356568,-2.9266490936279297,0.0,-15.205056190490723,-2.237271308898926,0.0,-133.76956176757812
1778337161.39171,-1.7450478076934814,0.0,-15.205056190490723,-5.626274585723877,-0.04383065178990364,-133.85745239257812
1778337161.422534,-1.1430041790008545,0.0,-15.205056190490723,-7.058209419250488,0.04894031211733818,-133.76956176757812
1778337161.4546556,0.07247499376535416,0.0,-15.205056190490723,-9.150938987731934,-0.048973120748996735,-133.85745239257812
1778337161.4933016,0.07247499376535416,0.0,-15.205056190490723,-9.150938987731934,0.0,-133.85745239257812
1778337161.5250752,1.8903640508651733,0.0,-15.205056190490723,-9.897246360778809,0.0,-133.85745239257812
1778337161.557247,3.072418689727783,0.0,-15.205056190490723,-8.697847366333008,0.04887637868523598,-133.76956176757812
1778337161.592609,4.2098565101623535,0.0,-15.205056190490723,-6.303908348083496,-0.04381938278675079,-133.85745239257812
1778337161.6227908,4.756457328796387,0.0,-15.205056190490723,-4.7559733390808105,0.0,-133.85745239257812
1778337161.6551468,5.795079708099365,0.0,-15.205056190490723,-1.223902702331543,0.0,-133.85745239257812
1778337161.692219,6.747879505157471,0.0,-15.205056190490723,2.477956533432007,0.0,-133.85745239257812
1778337161.7241743,7.187486171722412,0.0,-15.205056190490723,4.232362270355225,0.0,-133.85745239257812
1778337161.756503,7.984653949737549,0.0,-15.205056190490723,7.245299339294434,0.0,-133.85745239257812
1778337161.7915957,8.662308692932129,0.0,-15.205056190490723,9.26064682006836,0.043840669095516205,-133.76956176757812
1778337161.822053,8.952933311462402,0.0,-15.205056190490723,9.800381660461426,-0.04895749315619469,-133.85745239257812
1778337161.8546271,9.432034492492676,0.0,-15.205056190490723,9.849714279174805,0.0,-133.85745239257812
1778337161.8932457,9.432034492492676,0.0,-15.205056190490723,9.849714279174805,0.03972305357456207,-133.76956176757812
1778337161.9248455,9.88191032409668,0.0,-15.205056190490723,7.421802520751953,0.0,-133.76956176757812
1778337161.9555738,9.995360374450684,0.0,-15.205056190490723,4.459131240844727,0.0,-133.76956176757812
1778337161.9922922,9.956756591796875,0.0,-15.205056190490723,0.8780032992362976,0.0,-133.76956176757812
1778337162.022619,9.880382537841797,0.0,-15.205056190490723,-0.9912267923355103,0.0,-133.76956176757812
1778337162.0550807,9.614659309387207,0.0,-15.205056190490723,-4.562727928161621,0.0,-133.76956176757812
1778337162.0920053,9.201549530029297,0.0,-15.205056190490723,-7.502734184265137,-0.04166513308882713,-133.85745239257812
1778337162.1239657,8.941476821899414,0.0,-15.205056190490723,-8.603068351745605,0.046269871294498444,-133.76956176757812
1778337162.1546009,8.31901741027832,0.0,-15.205056190490723,-9.872247695922852,0.0,-133.76956176757812
1778337162.19314,7.567990779876709,0.0,-15.205056190490723,-9.76965618133545,0.0,-133.76956176757812
1778337162.223477,7.147685527801514,0.0,-15.205056190490723,-9.200287818908691,0.0,-133.76956176757812
1778337162.2559757,6.225372791290283,0.0,-15.205056190490723,-7.123577117919922,-0.04886703938245773,-133.85745239257812
1778337162.2929945,5.205906391143799,0.0,-15.205056190490723,-4.0537848472595215,0.04168098047375679,-133.76956176757812
1778337162.3228621,4.6645283699035645,0.0,-15.205056190490723,-2.2759227752685547,0.0,-133.76956176757812
1778337162.355241,3.528822422027588,0.0,-15.205056190490723,1.4557133913040161,0.0,-133.76956176757812
1778337162.392308,2.337156057357788,0.04159343242645264,-15.117192268371582,4.985648155212402,0.0,-133.76956176757812
1778337162.422375,1.72605299949646,-0.04895789921283722,-15.205056190490723,6.517786026000977,0.0,-133.76956176757812
1778337162.4551196,0.485140860080719,0.0,-15.205056190490723,8.84776782989502,0.0,-133.76956176757812
1778337162.4919803,-0.7645878791809082,0.0,-15.205056190490723,9.941156387329102,0.0,-133.76956176757812
1778337162.5239365,-1.3866565227508545,0.0,-15.205056190490723,9.968300819396973,0.0,-133.76956176757812
1778337162.5546303,-2.6130032539367676,0.05198685824871063,-15.117192268371582,8.977660179138184,-0.05201360210776329,-133.85745239257812
1778337162.5930784,-2.6130032539367676,-0.039707623422145844,-15.205056190490723,8.977660179138184,0.039715852588415146,-133.76956176757812
1778337162.6230464,-4.372040748596191,0.0,-15.205056190490723,5.223938941955566,-0.04889975115656853,-133.85745239257812
1778337162.6558397,-5.4639763832092285,0.0,-15.205056190490723,1.7192425727844238,0.0,-133.85745239257812
1778337162.6927385,-6.470829010009766,0.0,-15.205056190490723,-2.028305768966675,0.0,-133.85745239257812
1778337162.722951,-6.9372406005859375,0.0,-15.205056190490723,-3.8279683589935303,0.048941876739263535,-133.76956176757812
1778337162.7545612,-7.786619663238525,0.0,-15.205056190490723,-6.961983680725098,-0.051920294761657715,-133.85745239257812
1778337162.79232,-7.786619663238525,0.0,-15.205056190490723,-6.961983680725098,0.0,-133.85745239257812
1778337162.8222668,-8.827069282531738,0.0,-15.205056190490723,-9.726272583007812,0.0,-133.85745239257812
1778337162.8548224,-9.348334312438965,0.0,-15.205056190490723,-9.897723197937012,0.0489184632897377,-133.76956176757812
1778337162.891952,-9.721210479736328,0.0,-15.205056190490723,-8.673416137695312,0.0,-133.76956176757812
1778337162.922089,-9.849910736083984,0.0,-15.205056190490723,-7.584092617034912,0.0,-133.76956176757812
1778337162.954628,-9.988974571228027,0.0,-15.205056190490723,-4.642762660980225,-0.04889975115656853,-133.85745239257812
1778337162.9913218,-9.988974571228027,0.0,-15.205056190490723,-4.642762660980225,0.0,-133.85745239257812
1778337163.0220144,-9.897869110107422,0.0,-15.205056190490723,0.8445418477058411,0.04894968494772911,-133.76956176757812
1778337163.0546257,-9.638059616088867,0.0,-15.205056190490723,4.46633768081665,-0.04894812032580376,-133.85745239257812
1778337163.0909295,-9.638059616088867,0.0,-15.205056190490723,4.46633768081665,0.04172065854072571,-133.76956176757812
1778337163.1219115,-8.95899772644043,0.0,-15.205056190490723,8.577933311462402,0.0,-133.76956176757812
1778337163.1548517,-8.32337474822998,0.0,-15.205056190490723,9.870677947998047,-0.04619184881448746,-133.85745239257812
1778337163.1922002,-7.552563667297363,0.0,-15.205056190490723,9.763327598571777,0.041626688092947006,-133.76956176757812
1778337163.2241962,-7.120157718658447,0.0,-15.205056190490723,9.180935859680176,0.0,-133.76956176757812
1778337163.2564583,-6.169882297515869,0.0,-15.205056190490723,7.061269760131836,-0.04894343391060829,-133.85745239257812
1778337163.2916584,-5.118433952331543,0.0,-15.205056190490723,3.936751127243042,0.0,-133.85745239257812
1778337163.3221035,-4.559966564178467,0.0,-15.205056190490723,2.1322388648986816,0.0,-133.85745239257812
1778337163.3545635,-3.3887650966644287,0.0,-15.205056190490723,-1.640052080154419,0.04896686598658562,-133.76956176757812
1778337163.3929403,-3.3887650966644287,0.0,-15.205056190490723,-1.640052080154419,0.0,-133.76956176757812
1778337163.4248872,-1.5322694778442383,0.0,-15.205056190490723,-6.702003002166748,-0.04623918980360031,-133.85745239257812
1778337163.4556968,-0.25746625661849976,0.05199214443564415,-15.117192268371582,-8.976881980895996,0.0,-133.85745239257812
1778337163.494581,1.0228054523468018,-0.03963885456323624,-15.205056190490723,-9.971035957336426,0.0,-133.85745239257812
1778337163.5312035,1.0228054523468018,0.0,-15.205056190490723,-9.971035957336426,0.0,-133.85745239257812
1778337163.5629466,2.9074864387512207,0.0,-15.205056190490723,-8.80241584777832,0.04620994254946709,-133.76956176757812
1778337163.5955095,4.109835147857666,0.0,-15.205056190490723,-6.410037517547607,-0.048927824944257736,-133.85745239257812
1778337163.6324654,5.245460033416748,0.04163295403122902,-15.117192268371582,-3.0989482402801514,0.0,-133.85745239257812
1778337163.662749,5.782267093658447,-0.04896102473139763,-15.205056190490723,-1.2433937788009644,0.0,-133.85745239257812
1778337163.694826,6.782593250274658,0.0,-15.205056190490723,2.534998655319214,0.0488935150206089,-133.76956176757812
1778337163.7319863,7.6712965965271,0.0,-15.205056190490723,5.951179027557373,-0.04165494814515114,-133.85745239257812
1778337163.7640011,8.068990707397461,0.0,-15.205056190490723,7.3659987449646,0.04623640328645706,-133.76956176757812
1778337163.79635,8.762556076049805,0.0,-15.205056190490723,9.353971481323242,0.0,-133.76956176757812
1778337163.8333156,9.31062126159668,0.0,-15.205056190490723,9.997981071472168,0.0,-133.76956176757812
1778337163.8635044,9.526997566223145,0.0,-15.205056190490723,9.778416633605957,0.0,-133.76956176757812
1778337163.895892,9.839632034301758,0.0,-15.205056190490723,8.294631958007812,0.0,-133.76956176757812
1778337163.932971,9.987632751464844,0.0,-15.205056190490723,5.615390777587891,-0.04165834188461304,-133.85745239257812
1778337163.9650857,9.998859405517578,0.0,-15.205056190490723,3.942347526550293,0.0,-133.85745239257812
1778337163.99722,9.895225524902344,0.0,-15.205056190490723,0.2309587001800537,0.04893406480550766,-133.76956176757812
1778337164.0324547,9.6248197555542,0.0,-15.205056190490723,-3.515219211578369,-0.043815627694129944,-133.85745239257812
1778337164.0626583,9.428243637084961,0.0,-15.205056190490723,-5.230301856994629,0.04898563772439957,-133.76956176757812
1778337164.0948863,8.916200637817383,0.0,-15.205056190490723,-8.033695220947266,-0.048901308327913284,-133.85745239257812
1778337164.132105,8.25275707244873,0.0,-15.205056190490723,-9.676186561584473,0.0,-133.85745239257812
1778337164.1640475,7.867542266845703,0.0,-15.205056190490723,-9.979670524597168,0.046250343322753906,-133.76956176757812
1778337164.1965415,6.998045921325684,0.04892821982502937,-15.117192268371582,-9.495030403137207,-0.0489465594291687,-133.85745239257812
1778337164.2333174,6.008701324462891,-0.041612621396780014,-15.205056190490723,-7.634049892425537,0.04162894934415817,-133.76956176757812
1778337164.2635384,5.474171161651611,0.0,-15.205056190490723,-6.264337062835693,0.0,-133.76956176757812
1778337164.2959645,4.336607456207275,0.0,-15.205056190490723,-2.894516944885254,-0.04886547848582268,-133.85745239257812
1778337164.3326304,3.1238489151000977,0.041606973856687546,-15.117192268371582,0.8969799280166626,0.0,-133.85745239257812
1778337164.3628197,2.4956488609313965,-0.048923540860414505,-15.205056190490723,2.779064178466797,0.0,-133.85745239257812
1778337164.3946047,1.2089693546295166,0.0,-15.205056190490723,6.1731276512146,0.0,-133.85745239257812
1778337164.4321604,1.2089693546295166,0.0,-15.205056190490723,6.1731276512146,0.03975290805101395,-133.76956176757812
1778337164.4625466,-0.7552657127380371,0.0,-15.205056190490723,9.461664199829102,-0.048960618674755096,-133.85745239257812
1778337164.4951885,-2.054762601852417,0.0,-15.205056190490723,9.985160827636719,0.0,-133.85745239257812
1778337164.5320191,-3.320044755935669,0.0,-15.205056190490723,9.052865028381348,0.0,-133.85745239257812
1778337164.5637083,-3.9329593181610107,0.0,-15.205056190490723,8.074788093566895,0.0,-133.85745239257812
1778337164.5947678,-5.105976104736328,0.0,-15.205056190490723,5.272590160369873,0.052018895745277405,-133.76956176757812
1778337164.633222,-6.191591262817383,0.03964089974761009,-15.117192268371582,1.698922872543335,-0.03964400291442871,-133.85745239257812
1778337164.6635733,-6.695586681365967,0.0,-15.117192268371582,-0.21662430465221405,0.0,-133.85745239257812
1778337164.6959064,-7.614808559417725,-0.048879873007535934,-15.205056190490723,-3.954437732696533,0.0,-133.85745239257812
1778337164.7328744,-8.402264595031738,0.0,-15.205056190490723,-7.114749431610107,0.0,-133.85745239257812
1778337164.7630086,-8.742073059082031,0.0,-15.205056190490723,-8.328161239624023,0.0,-133.85745239257812
1778337164.7952528,-9.306171417236328,0.0,-15.205056190490723,-9.797992706298828,0.0,-133.85745239257812
1778337164.832161,-9.70793342590332,0.0,-15.205056190490723,-9.831021308898926,0.0,-133.85745239257812
1778337164.8627052,-9.845478057861328,0.0,-15.205056190490723,-9.298198699951172,0.04898250848054886,-133.76956176757812
1778337164.8949354,-9.990577697753906,0.0,-15.205056190490723,-7.230798244476318,0.0,-133.76956176757812
1778337164.9317024,-9.960136413574219,0.0,-15.205056190490723,-4.099698066711426,0.0,-133.76956176757812
1778337164.9621408,-9.878978729248047,0.0,-15.205056190490723,-2.27439284324646,0.0,-133.76956176757812
1778337164.9947162,-9.58626937866211,0.0,-15.205056190490723,1.5597856044769287,-0.04892002046108246,-133.85745239257812
1778337165.0332603,-9.58626937866211,0.0,-15.205056190490723,1.5597856044769287,0.039731286466121674,-133.76956176757812
1778337165.0651083,-8.831421852111816,0.0,-15.205056190490723,6.71336555480957,0.0,-133.76956176757812
1778337165.0974104,-8.129973411560059,0.0,-15.205056190490723,9.011733055114746,0.0,-133.76956176757812
1778337165.132622,-7.283552169799805,0.0,-15.205056190490723,9.980963706970215,0.0,-133.76956176757812
1778337165.1627913,-6.810457229614258,0.0,-15.205056190490723,9.913460731506348,0.0,-133.76956176757812
1778337165.1952503,-5.774796962738037,0.0,-15.205056190490723,8.685609817504883,0.0,-133.76956176757812
1778337165.2319546,-4.635176658630371,0.0,-15.205056190490723,6.172818660736084,0.0,-133.76956176757812
1778337165.264254,-4.03258752822876,0.0,-15.205056190490723,4.544191837310791,-0.046264294534921646,-133.85745239257812
1778337165.296793,-2.775177240371704,0.0,-15.205056190490723,0.8437590003013611,0.04892002046108246,-133.76956176757812
1778337165.3314962,-1.466866374015808,0.0,-15.205056190490723,-2.983128786087036,0.0,-133.76956176757812
1778337165.3619688,-0.8008906841278076,0.0,-15.205056190490723,-4.765127658843994,-0.04895124211907387,-133.85745239257812
1778337165.3947802,0.5397889614105225,0.0,-15.205056190490723,-7.734845161437988,0.04894812032580376,-133.76956176757812
1778337165.4331973,0.5397889614105225,0.0,-15.205056190490723,-7.734845161437988,-0.03972819447517395,-133.85745239257812
1778337165.4648643,2.527398109436035,0.0,-15.205056190490723,-9.945212364196777,0.04623500630259514,-133.76956176757812
1778337165.495548,3.8019332885742188,0.0,-15.205056190490723,-9.601373672485352,-0.051999494433403015,-133.85745239257812
1778337165.5324502,5.008887767791748,0.0,-15.205056190490723,-7.828957557678223,0.04167192056775093,-133.76956176757812
1778337165.562536,5.58007287979126,0.0,-15.205056190490723,-6.481514930725098,0.0,-133.76956176757812
1778337165.59437,6.644750118255615,0.0,-15.205056190490723,-3.1146302223205566,0.0,-133.76956176757812
1778337165.6311915,7.589671611785889,0.0,-15.205056190490723,0.7178531885147095,-0.041675321757793427,-133.85745239257812
1778337165.6615164,8.011651992797852,0.0,-15.205056190490723,2.6306304931640625,0.0,-133.85745239257812
1778337165.6922934,8.74479866027832,0.0,-15.205056190490723,6.091677665710449,0.051973070949316025,-133.76956176757812
1778337165.7292213,8.74479866027832,0.0,-15.205056190490723,6.091677665710449,0.0,-133.76956176757812
1778337165.7607899,9.542922019958496,0.0,-15.205056190490723,9.453048706054688,0.0,-133.76956176757812
1778337165.793568,9.85908317565918,0.04620113968849182,-15.117192268371582,9.983794212341309,-0.046208545565605164,-133.85745239257812
1778337165.830216,9.85908317565918,-0.041707687079906464,-15.205056190490723,9.983794212341309,0.0,-133.85745239257812
1778337165.8623936,9.993764877319336,0.0,-15.205056190490723,8.0147066116333,0.0,-133.85745239257812
1778337165.8936448,9.85403823852539,0.0,-15.205056190490723,5.142643451690674,0.0,-133.85745239257812
1778337165.932097,9.85403823852539,0.0397384911775589,-15.117192268371582,5.142643451690674,0.0,-133.85745239257812
1778337165.963976,9.305336952209473,-0.04621228203177452,-15.205056190490723,-0.44531264901161194,0.046230826526880264,-133.76956176757812
1778337165.9967709,8.722586631774902,0.0,-15.205056190490723,-4.209927558898926,0.0,-133.76956176757812
1778337166.0338643,7.977838039398193,0.0,-15.205056190490723,-7.343375205993652,-0.0416572131216526,-133.85745239257812
1778337166.0719247,7.977838039398193,0.0,-15.205056190490723,-7.343375205993652,0.039725109934806824,-133.76956176757812
1778337166.1035933,6.586986541748047,0.0,-15.205056190490723,-9.871337890625,0.0,-133.76956176757812
1778337166.1341865,5.501821041107178,0.0,-15.205056190490723,-9.736760139465332,0.0,-133.76956176757812
1778337166.1737661,4.313160419464111,0.0,-15.205056190490723,-8.134956359863281,0.0,-133.76956176757812
1778337166.2121193,4.313160419464111,0.0,-15.205056190490723,-8.134956359863281,-0.039706602692604065,-133.85745239257812
1778337166.2440004,2.384489059448242,0.0,-15.205056190490723,-3.55820894241333,0.046237796545028687,-133.76956176757812
1778337166.276615,1.036363959312439,0.0,-15.205056190490723,0.2729772627353668,-0.04892626404762268,-133.85745239257812
1778337166.31347,-0.3324231505393982,0.0,-15.205056190490723,4.064375877380371,0.04163798689842224,-133.76956176757812
1778337166.3432097,-1.0165530443191528,0.0,-15.205056190490723,5.763342380523682,0.0,-133.76956176757812
1778337166.3758912,-2.3681960105895996,0.0,-15.205056190490723,8.445488929748535,0.0,-133.76956176757812
1778337166.4122975,-3.6764605045318604,0.0,-15.205056190490723,9.849985122680664,0.0,-133.76956176757812
1778337166.450406,-3.6764605045318604,0.0,-15.205056190490723,9.849985122680664,-0.04167758673429489,-133.85745239257812
1778337166.481176,-5.503559112548828,0.0,-15.205056190490723,9.1538667678833,0.046225253492593765,-133.76956176757812
1778337166.5136065,-6.597531795501709,0.0,-15.205056190490723,6.921266555786133,-0.04889507219195366,-133.85745239257812
1778337166.5528457,-7.5674262046813965,0.0,-15.205056190490723,3.6370105743408203,0.03966963291168213,-133.76956176757812
1778337166.5894103,-7.5674262046813965,0.0,-15.205056190490723,3.6370105743408203,0.0,-133.76956176757812
1778337166.620905,-8.749292373657227,0.0,-15.205056190490723,-2.1466286182403564,-0.04890598729252815,-133.85745239257812
1778337166.654251,-9.332762718200684,0.0,-15.205056190490723,-5.719923973083496,0.046237796545028687,-133.76956176757812
1778337166.6916661,-9.332762718200684,0.0,-15.205056190490723,-5.719923973083496,0.0,-133.76956176757812
1778337166.7227688,-9.872397422790527,0.0,-15.205056190490723,-9.31351375579834,0.0,-133.76956176757812
1778337166.7545874,-9.997695922851562,0.0,-15.205056190490723,-9.997941970825195,0.0,-133.76956176757812
1778337166.7908707,-9.997695922851562,0.04170995578169823,-15.117192268371582,-9.997941970825195,0.0,-133.76956176757812
1778337166.8226595,-9.82668685913086,-0.04621506854891777,-15.205056190490723,-8.19618034362793,0.0,-133.76956176757812
1778337166.8552985,-9.475813865661621,0.0,-15.205056190490723,-5.374178409576416,-0.04892002046108246,-133.85745239257812
1778337166.8918881,-8.942197799682617,0.0,-15.205056190490723,-1.7296899557113647,0.0,-133.85745239257812
1778337166.9220657,-8.60978889465332,0.0,-15.205056190490723,0.22978055477142334,0.04895281046628952,-133.76956176757812
1778337166.9544575,-7.821497917175293,0.0,-15.205056190490723,4.047859191894531,0.0,-133.76956176757812
1778337166.9931915,-6.881239891052246,0.0,-15.205056190490723,7.247465133666992,-0.039652202278375626,-133.85745239257812
1778337167.0233002,-6.359579086303711,0.0,-15.205056190490723,8.455989837646484,0.0,-133.85745239257812
1778337167.0558167,-5.225613594055176,0.0,-15.205056190490723,9.857614517211914,0.0,-133.85745239257812
1778337167.0926092,-3.989118814468384,0.0,-15.205056190490723,9.747133255004883,0.0,-133.85745239257812
1778337167.1227634,-3.339787244796753,0.0,-15.205056190490723,9.120347023010254,0.0,-133.85745239257812
1778337167.1549041,-1.9946362972259521,0.0,-15.205056190490723,6.843179702758789,0.0519748292863369,-133.76956176757812
1778337167.1921453,-1.9946362972259521,0.0,-15.205056190490723,6.843179702758789,0.0,-133.76956176757812
1778337167.2222254,0.08991570770740509,0.0,-15.205056190490723,1.6084622144699097,-0.04891066625714302,-133.85745239257812
1778337167.255404,1.4846606254577637,0.0,-15.205056190490723,-2.312819004058838,0.0,-133.85745239257812
1778337167.291575,2.851548194885254,0.0,-15.205056190490723,-5.879282474517822,0.04165947437286377,-133.76956176757812
1778337167.3220427,3.516101837158203,0.0,-15.205056190490723,-7.352966785430908,0.0,-133.76956176757812
1778337167.354497,4.791008949279785,0.0,-15.205056190490723,-9.395933151245117,-0.04888572543859482,-133.85745239257812
1778337167.3932981,4.791008949279785,0.0,-15.205056190490723,-9.395933151245117,0.0,-133.85745239257812
1778337167.4251,6.521181583404541,0.0,-15.205056190490723,-9.703932762145996,0.04622247442603111,-133.76956176757812
1778337167.4576547,7.519590377807617,0.0,-15.205056190490723,-8.022921562194824,-0.048938751220703125,-133.85745239257812
1778337167.492801,8.370168685913086,0.0,-15.205056190490723,-5.100469589233398,0.0,-133.85745239257812
1778337167.5226672,8.734509468078613,0.0,-15.205056190490723,-3.3088150024414062,0.0,-133.85745239257812
1778337167.5552108,9.331986427307129,0.0,-15.205056190490723,0.5884997248649597,0.04892938584089279,-133.76956176757812
1778337167.5921004,9.744607925415039,0.0,-15.205056190490723,4.396084308624268,-0.04162781685590744,-133.85745239257812
1778337167.624148,9.878728866577148,0.0,-15.205056190490723,6.078585624694824,0.0,-133.85745239257812
1778337167.656682,9.998931884765625,0.0,-15.205056190490723,8.673611640930176,0.0,-133.85745239257812
1778337167.6917195,9.919722557067871,0.0,-15.205056190490723,9.9229097366333,0.0,-133.85745239257812
1778337167.721949,9.805511474609375,0.0,-15.205056190490723,9.972524642944336,0.04895905405282974,-133.76956176757812
1778337167.7548163,9.430401802062988,0.0,-15.205056190490723,8.91091251373291,0.0,-133.76956176757812
1778337167.7939003,9.430401802062988,0.03969631344079971,-15.117192268371582,8.91091251373291,0.0,-133.76956176757812
1778337167.831398,9.171255111694336,-0.039707623422145844,-15.205056190490723,7.840918064117432,-0.03971071541309357,-133.85745239257812
1778337167.8633714,7.688957214355469,0.0,-15.205056190490723,1.0658576488494873,0.0,-133.85745239257812
1778337167.8962917,6.706433296203613,0.0,-15.205056190490723,-2.8659276962280273,0.04887949302792549,-133.76956176757812
1778337167.933241,5.587796211242676,0.0,-15.205056190490723,-6.352118492126465,-0.04165494814515114,-133.85745239257812
1778337167.965135,4.984286308288574,0.0,-15.205056190490723,-7.752740383148193,0.04624755308032036,-133.76956176757812
1778337167.9975464,3.7039523124694824,0.0,-15.205056190490723,-9.59437084197998,0.0,-133.76956176757812
1778337168.0325568,2.3474671840667725,0.0,-15.205056190490723,-9.937110900878906,-0.04381938278675079,-133.85745239257812
1778337168.0626688,1.6491576433181763,0.0,-15.205056190490723,-9.519447326660156,0.0,-133.85745239257812
1778337168.0951207,0.23005545139312744,0.0,-15.205056190490723,-7.586780548095703,0.0488935150206089,-133.76956176757812
1778337168.1323051,-1.1949692964553833,0.0,-15.205056190490723,-4.465283393859863,-0.04163121059536934,-133.85745239257812
1778337168.1641626,-1.9006236791610718,0.0,-15.205056190490723,-2.6057982444763184,0.0,-133.85745239257812
1778337168.196496,-3.280182361602783,0.0,-15.205056190490723,1.346030592918396,0.04894031211733818,-133.76956176757812
1778337168.231777,-4.59391450881958,0.0,-15.205056190490723,5.088131904602051,-0.04379936307668686,-133.85745239257812
1778337168.2619903,-5.217573165893555,0.0,-15.205056190490723,6.692960262298584,0.0,-133.85745239257812
1778337168.2946155,-6.38234806060791,0.0,-15.205056190490723,9.053865432739258,0.0,-133.85745239257812
1778337168.3332865,-6.38234806060791,0.0,-15.205056190490723,9.053865432739258,0.0,-133.85745239257812
1778337168.3651028,-7.87892484664917,0.0,-15.205056190490723,9.871746063232422,0.04621133208274841,-133.76956176757812
1778337168.3975415,-8.679139137268066,0.0,-15.205056190490723,8.473871231079102,-0.048935629427433014,-133.85745239257812
1778337168.4325,-9.301130294799805,0.0,-15.205056190490723,5.740688323974609,0.043836914002895355,-133.76956176757812
1778337168.4625776,-9.540983200073242,0.04897353798151016,-15.117192268371582,4.000930309295654,0.0,-133.76956176757812
1778337168.495168,-9.8718900680542,-0.04888298735022545,-15.205056190490723,0.11804021894931793,-0.048891957849264145,-133.85745239257812
1778337168.532151,-9.998688697814941,0.0,-15.205056190490723,-3.7849233150482178,0.04160523787140846,-133.76956176757812
1778337168.5641198,-9.984392166137695,0.046174708753824234,-15.117192268371582,-5.548739433288574,0.0,-133.76956176757812
1778337168.596606,-9.800436973571777,-0.048940710723400116,-15.205056190490723,-8.351571083068848,0.0,-133.76956176757812
1778337168.6317446,-9.412521362304688,0.0,-15.205056190490723,-9.834811210632324,-0.04381062462925911,-133.85745239257812
1778337168.6622815,-9.14427375793457,0.0,-15.205056190490723,-9.99833869934082,0.0,-133.85745239257812
1778337168.6948142,-8.465872764587402,0.0,-15.205056190490723,-9.13566780090332,0.04897155985236168,-133.76956176757812
1778337168.7332401,-8.465872764587402,0.0,-15.205056190490723,-9.13566780090332,-0.039733339101076126,-133.85745239257812
1778337168.764991,-7.120957851409912,0.0,-15.205056190490723,-5.2334818840026855,0.04622943699359894,-133.76956176757812
1778337168.7974043,-6.032851696014404,0.0,-15.205056190490723,-1.4922353029251099,-0.04891222342848778,-133.85745239257812
1778337168.8325453,-4.817261219024658,0.0,-15.205056190490723,2.4872794151306152,0.043846938759088516,-133.76956176757812
1778337168.8626258,-4.1694440841674805,0.0,-15.205056190490723,4.367659568786621,0.0,-133.76956176757812
1778337168.895048,-2.8106329441070557,0.0,-15.205056190490723,7.535106658935547,0.0,-133.76956176757812
1778337168.9321308,-1.3914414644241333,0.0,-15.205056190490723,9.505270957946777,-0.041675321757793427,-133.85745239257812
1778337168.964062,-0.6684767007827759,0.0,-15.205056190490723,9.933904647827148,0.0,-133.85745239257812
1778337168.9965923,0.7851489782333374,0.0,-15.205056190490723,9.59170913696289,0.04891222342848778,-133.76956176757812
1778337169.034,2.223409414291382,0.0,-15.205056190490723,7.720883846282959,-0.04164929315447807,-133.85745239257812
1778337169.071991,2.223409414291382,0.0,-15.205056190490723,7.720883846282959,0.03972408175468445,-133.76956176757812
1778337169.1037955,4.285425662994385,0.046222031116485596,-15.117192268371582,2.7532057762145996,-0.046225253492593765,-133.85745239257812
1778337169.1343558,5.553738594055176,-0.051981568336486816,-15.205056190490723,-1.2309199571609497,0.0,-133.85745239257812
1778337169.1752152,6.704917907714844,0.0,-15.205056190490723,-5.019831657409668,0.03787243366241455,-133.76956176757812
1778337169.212022,7.714113712310791,0.0,-15.205056190490723,-8.007418632507324,0.0,-133.76956176757812
1778337169.2440422,8.158489227294922,0.0,-15.205056190490723,-9.043749809265137,-0.0462615042924881,-133.85745239257812
1778337169.2763898,8.914652824401855,0.0,-15.205056190490723,-9.992778778076172,0.04893094301223755,-133.76956176757812
1778337169.3131404,9.480560302734375,0.0,-15.205056190490723,-9.341131210327148,0.0,-133.76956176757812
1778337169.3440404,9.688055038452148,0.0,-15.205056190490723,-8.437274932861328,-0.04893718659877777,-133.85745239257812
1778337169.3759186,9.946233749389648,0.0,-15.205056190490723,-5.654008865356445,0.0,-133.85745239257812
1778337169.4129176,9.990726470947266,0.0,-15.205056190490723,-1.9620989561080933,0.041639119386672974,-133.76956176757812
1778337169.4430726,9.932188987731934,0.0,-15.205056190490723,0.04281745105981827,0.0,-133.76956176757812
1778337169.4754932,9.654778480529785,0.0,-15.205056190490723,3.967242479324341,-0.048960618674755096,-133.85745239257812
1778337169.5122712,9.168607711791992,0.0,-15.205056190490723,7.255039215087891,0.0,-133.85745239257812
1778337169.5440674,8.850183486938477,0.0,-15.205056190490723,8.488127708435059,0.0,-133.85745239257812
1778337169.5766797,8.070962905883789,0.0,-15.205056190490723,9.883176803588867,0.0,-133.85745239257812
1778337169.6119018,7.116019248962402,0.0,-15.205056190490723,9.686124801635742,0.0,-133.85745239257812
1778337169.6415021,6.578854560852051,0.0,-15.205056190490723,8.989738464355469,0.04893718659877777,-133.76956176757812
1778337169.672127,5.399496555328369,0.0,-15.205056190490723,6.540844440460205,-0.051994211971759796,-133.85745239257812
1778337169.710882,5.399496555328369,0.0,-15.205056190490723,6.540844440460205,0.0,-133.85745239257812
1778337169.7425613,3.416727304458618,0.0,-15.205056190490723,1.0580456256866455,0.0,-133.85745239257812
1778337169.7737446,1.9940589666366577,0.0,-15.205056190490723,-2.944110631942749,0.0,-133.85745239257812
1778337169.8110158,1.9940589666366577,0.0,-15.205056190490723,-2.944110631942749,0.041679851710796356,-133.76956176757812
1778337169.8423133,-0.21399299800395966,0.0,-15.205056190490723,-7.872873783111572,-0.04897468909621239,-133.85745239257812
1778337169.8751256,-1.6884700059890747,0.0,-15.205056190490723,-9.666045188903809,0.04623918980360031,-133.76956176757812
1778337169.9114542,-3.1270952224731445,0.0,-15.205056190490723,-9.893277168273926,-0.04160410910844803,-133.85745239257812
1778337169.9417565,-3.822996139526367,0.0,-15.205056190490723,-9.397210121154785,0.0,-133.85745239257812
1778337169.9748914,-5.148706436157227,0.04893602803349495,-15.117192268371582,-7.285382270812988,0.04895436763763428,-133.76956176757812
1778337170.0139952,-5.148706436157227,0.0,-15.117192268371582,-7.285382270812988,-0.0397384911775589,-133.85745239257812
1778337170.052253,-5.7711405754089355,-0.03967680037021637,-15.205056190490723,-5.755795955657959,0.03968708589673042,-133.76956176757812
1778337170.0839481,-7.9124321937561035,0.0,-15.205056190490723,1.972690463066101,0.0,-133.76956176757812
1778337170.116338,-8.732595443725586,0.0,-15.205056190490723,5.685557842254639,-0.048938751220703125,-133.85745239257812
1778337170.1534848,-9.359654426574707,0.0,-15.205056190490723,8.474079132080078,0.0,-133.85745239257812
1778337170.1837375,-9.596085548400879,0.04895477369427681,-15.117192268371582,9.37129020690918,0.04896843433380127,-133.76956176757812
1778337170.2160804,-9.90785026550293,-0.04882696270942688,-15.205056190490723,9.987460136413574,-0.04884525388479233,-133.85745239257812
1778337170.253038,-9.999075889587402,0.0,-15.205056190490723,8.974630355834961,0.0,-133.85745239257812
1778337170.2848897,-9.960983276367188,0.0,-15.205056190490723,7.898479461669922,0.0,-133.85745239257812
1778337170.3155212,-9.718098640441895,0.0,-15.205056190490723,4.825796127319336,0.051985397934913635,-133.76956176757812
1778337170.352919,-9.257530212402344,0.0,-15.205056190490723,0.9632744789123535,0.0,-133.76956176757812
1778337170.3827972,-8.948484420776367,0.0,-15.205056190490723,-1.0693728923797607,-0.0489981509745121,-133.85745239257812
1778337170.4144979,-8.181209564208984,0.048893898725509644,-15.117192268371582,-4.920982360839844,0.04889507219195366,-133.76956176757812
1778337170.4516778,-7.2294416427612305,-0.041635215282440186,-15.205056190490723,-7.9681878089904785,0.0,-133.76956176757812
1778337170.4834487,-6.690770626068115,0.0,-15.205056190490723,-9.026240348815918,-0.04623500630259514,-133.85745239257812
1778337170.5139003,-5.502772331237793,0.0,-15.205056190490723,-9.993074417114258,0.0,-133.85745239257812
1778337170.553111,-4.1896071434021,0.0,-15.205056190490723,-9.320789337158203,0.0,-133.85745239257812
1778337170.590691,-4.1896071434021,0.0,-15.205056190490723,-9.320789337158203,0.0,-133.85745239257812
1778337170.6222897,-2.050072193145752,0.0,-15.205056190490723,-5.546615123748779,0.0,-133.85745239257812
1778337170.654729,-0.5573216676712036,0.0,-15.205056190490723,-1.786921739578247,0.0,-133.85745239257812
1778337170.6938653,0.9493150115013123,0.0,-15.205056190490723,2.268080711364746,0.0,-133.85745239257812
1778337170.7319243,0.9493150115013123,0.0,-15.205056190490723,2.268080711364746,0.0,-133.85745239257812
1778337170.7639887,3.1605074405670166,0.0,-15.205056190490723,7.458286285400391,0.04622107744216919,-133.76956176757812
1778337170.7963173,4.553042888641357,0.0,-15.205056190490723,9.4918212890625,0.0,-133.76956176757812
1778337170.8330753,5.842775821685791,0.0,-15.205056190490723,9.960566520690918,0.0,-133.76956176757812
1778337170.8636556,6.439687728881836,0.0,-15.205056190490723,9.572665214538574,-0.048984069377183914,-133.85745239257812
1778337170.8958693,7.520315647125244,0.0,-15.205056190490723,7.631385326385498,0.0,-133.85745239257812
1778337170.9328165,8.429422378540039,0.0,-15.205056190490723,4.42833948135376,0.0,-133.85745239257812
1778337170.9629753,8.812833786010742,0.0,-15.205056190490723,2.5127625465393066,0.0,-133.85745239257812
1778337170.9945962,9.426054954528809,0.0,-15.205056190490723,-1.5500845909118652,0.0,-133.85745239257812
1778337171.032311,9.426054954528809,0.0,-15.205056190490723,-1.5500845909118652,0.039730254560709,-133.76956176757812
1778337171.0621767,9.936737060546875,0.0,-15.205056190490723,-6.9640984535217285,-0.04893406480550766,-133.85745239257812
1778337171.094296,9.992179870605469,0.0,-15.205056190490723,-9.247621536254883,0.0,-133.85745239257812
1778337171.1317728,9.816688537597656,0.0,-15.205056190490723,-9.998040199279785,0.041660603135824203,-133.76956176757812
1778337171.1618798,9.643224716186523,0.0,-15.205056190490723,-9.748053550720215,0.0,-133.76956176757812
1778337171.1917992,9.129538536071777,0.0,-15.205056190490723,-8.048523902893066,-0.05198892205953598,-133.85745239257812
1778337171.2304232,9.129538536071777,0.0,-15.205056190490723,-8.048523902893066,0.0,-133.85745239257812
1778337171.2608464,7.965813636779785,0.0,-15.205056190490723,-3.140934705734253,0.04891222342848778,-133.76956176757812
1778337171.293402,6.953434467315674,0.0,-15.205056190490723,0.9118459820747375,-0.04894343391060829,-133.85745239257812
1778337171.3304572,6.953434467315674,0.0,-15.205056190490723,0.9118459820747375,0.0,-133.85745239257812
1778337171.3626184,5.137757778167725,0.0,-15.205056190490723,6.501832962036133,0.04624477028846741,-133.76956176757812
1778337171.3949723,3.769901752471924,0.0,-15.205056190490723,8.996781349182129,-0.04891534149646759,-133.85745239257812
1778337171.432082,2.31270432472229,0.0,-15.205056190490723,9.991839408874512,0.0,-133.85745239257812
1778337171.4639382,1.5611436367034912,0.0,-15.205056190490723,9.863626480102539,0.04624895006418228,-133.76956176757812
1778337171.4965186,0.03405758738517761,0.0,-15.205056190490723,8.381370544433594,0.0,-133.76956176757812
1778337171.5315948,-1.4950708150863647,0.0,-15.205056190490723,5.497818470001221,-0.04385446012020111,-133.85745239257812
1778337171.5620203,-2.249138355255127,0.0,-15.205056190490723,3.673574209213257,0.0,-133.85745239257812
1778337171.5948093,-3.7140207290649414,0.0,-15.205056190490723,-0.3581768870353699,0.0,-133.85745239257812
1778337171.633177,-3.7140207290649414,0.0,-15.205056190490723,-0.3581768870353699,0.0,-133.85745239257812
1778337171.6648912,-5.738919258117676,0.0,-15.205056190490723,-6.084510326385498,0.0,-133.85745239257812
1778337171.695561,-6.9270195960998535,0.0,-15.205056190490723,-8.755106925964355,0.051978353410959244,-133.76956176757812
1778337171.7324662,-7.951972007751465,0.0,-15.205056190490723,-9.957926750183105,0.0,-133.76956176757812
1778337171.7624016,-8.395378112792969,0.0,-15.205056190490723,-9.934444427490234,0.0,-133.76956176757812
1778337171.7957923,-9.130596160888672,0.0,-15.205056190490723,-8.64146900177002,0.0,-133.76956176757812
1778337171.8319185,-9.649210929870605,0.0,-15.205056190490723,-5.89563512802124,0.0,-133.76956176757812
1778337171.862355,-9.8230562210083,0.0,-15.205056190490723,-4.114024639129639,-0.04897624999284744,-133.85745239257812
1778337171.8949466,-9.994291305541992,0.0,-15.205056190490723,-0.10822030156850815,0.0,-133.85745239257812
1778337171.9315336,-9.994291305541992,0.0,-15.205056190490723,-0.10822030156850815,0.0,-133.85745239257812
1778337171.9619353,-9.803919792175293,0.04891729727387428,-15.117192268371582,5.722340106964111,0.0,-133.85745239257812
1778337171.9947727,-9.382441520690918,-0.048926662653684616,-15.205056190490723,8.535650253295898,0.0,-133.85745239257812
1778337172.0308418,-9.382441520690918,0.0,-15.205056190490723,8.535650253295898,0.0,-133.85745239257812
1778337172.0630379,-8.332181930541992,0.0,-15.205056190490723,9.973633766174316,0.0,-133.85745239257812
1778337172.095453,-7.377067565917969,0.0,-15.205056190490723,8.839332580566406,0.0,-133.85745239257812
1778337172.1323612,-6.243555068969727,0.0,-15.205056190490723,6.210605621337891,0.0,-133.85745239257812
1778337172.162542,-5.618153095245361,0.0,-15.205056190490723,4.466162204742432,0.0,-133.85745239257812
1778337172.1951385,-4.268701553344727,0.0,-15.205056190490723,0.4861217737197876,0.0,-133.85745239257812
1778337172.2317367,-2.8149681091308594,0.0,-15.205056190490723,-3.577658176422119,0.0,-133.85745239257812
1778337172.2622387,-2.0598368644714355,0.0,-15.205056190490723,-5.4231157302856445,0.0,-133.85745239257812
1778337172.294788,-0.5158210396766663,0.0,-15.205056190490723,-8.348869323730469,0.04887637868523598,-133.76956176757812
1778337172.3331747,-0.5158210396766663,0.0,-15.205056190490723,-8.348869323730469,-0.039725109934806824,-133.85745239257812
1778337172.3649604,1.814163088798523,0.0,-15.205056190490723,-9.99218463897705,0.0,-133.85745239257812
1778337172.3977232,3.3217122554779053,0.0,-15.205056190490723,-8.984052658081055,0.0,-133.85745239257812
1778337172.4327059,4.749510288238525,0.0,-15.205056190490723,-6.448549270629883,0.0,-133.85745239257812
1778337172.4628243,5.422455787658691,0.04895789921283722,-15.117192268371582,-4.733842849731445,0.0,-133.85745239257812
1778337172.4953253,6.665713310241699,-0.048926662653684616,-15.205056190490723,-0.7752408981323242,0.0,-133.85745239257812
1778337172.532158,7.746856689453125,0.0,-15.205056190490723,3.316783905029297,0.0,-133.85745239257812
1778337172.5641193,8.218062400817871,0.0,-15.205056190490723,5.192584991455078,0.0,-133.85745239257812
1778337172.5965316,9.007011413574219,0.0,-15.205056190490723,8.202814102172852,0.0,-133.85745239257812
1778337172.6317096,9.575307846069336,0.0,-15.205056190490723,9.81468391418457,0.0,-133.85745239257812
1778337172.6620977,9.771956443786621,0.0,-15.205056190490723,9.998832702636719,0.0,-133.85745239257812
1778337172.6949065,9.983844757080078,0.0,-15.205056190490723,9.083003997802734,0.0,-133.85745239257812
1778337172.731176,9.983844757080078,0.0,-15.205056190490723,9.083003997802734,0.0,-133.85745239257812
1778337172.7631261,9.84010124206543,0.0,-15.205056190490723,4.920469760894775,0.0,-133.85745239257812
1778337172.7953658,9.4391508102417,0.0,-15.205056190490723,0.9757855534553528,0.04890598729252815,-133.76956176757812
1778337172.8323448,8.804130554199219,0.0,-15.205056190490723,-3.1373915672302246,-0.041642509400844574,-133.85745239257812
1778337172.8625576,8.403371810913086,0.048956338316202164,-15.117192268371582,-5.034772872924805,0.0,-133.85745239257812
1778337172.8948684,7.447469234466553,-0.04893134534358978,-15.205056190490723,-8.103310585021973,0.0,-133.85745239257812
1778337172.931472,6.305645942687988,0.0,-15.205056190490723,-9.782753944396973,0.041643641889095306,-133.76956176757812
1778337172.9613218,5.673595428466797,0.0,-15.205056190490723,-10.0,-0.0489465594291687,-133.85745239257812
1778337172.9921167,4.306674003601074,0.0,-15.205056190490723,-9.141648292541504,0.0,-133.85745239257812
1778337173.0291631,4.306674003601074,0.0,-15.205056190490723,-9.141648292541504,0.0,-133.85745239257812
1778337173.0612333,2.0640652179718018,0.0,-15.205056190490723,-5.028662204742432,0.0,-133.85745239257812
1778337173.0941591,0.4950280785560608,0.0,-15.205056190490723,-1.088118314743042,0.0,-133.85745239257812
1778337173.13025,0.4950280785560608,0.0,-15.205056190490723,-1.088118314743042,0.0,-133.85745239257812
1778337173.162147,-1.8716908693313599,0.0,-15.205056190490723,4.952240467071533,0.0,-133.85745239257812
1778337173.193075,-3.400515079498291,0.0,-15.205056190490723,8.054115295410156,0.0,-133.85745239257812
1778337173.2322514,-3.400515079498291,0.0,-15.205056190490723,8.054115295410156,0.0,-133.85745239257812
1778337173.2641745,-5.524041175842285,0.0,-15.205056190490723,9.999773979187012,0.04622107744216919,-133.76956176757812
1778337173.2964919,-6.7742180824279785,0.0,-15.205056190490723,9.163409233093262,-0.04895436763763428,-133.85745239257812
1778337173.3318405,-7.854260444641113,0.0,-15.205056190490723,6.743007659912109,0.0,-133.85745239257812
1778337173.3618731,-8.321632385253906,0.0,-15.205056190490723,5.060036659240723,0.0,-133.85745239257812
1778337173.3948052,-9.095990180969238,0.0,-15.205056190490723,1.1125205755233765,0.0,-133.85745239257812
1778337173.4345183,-9.095990180969238,0.0,-15.205056190490723,1.1125205755233765,0.0,-133.85745239257812
1778337173.4717364,-9.397934913635254,0.0,-15.205056190490723,-0.9794995188713074,0.0,-133.85745239257812
1778337173.503755,-9.995611190795898,0.0,-15.205056190490723,-8.057024955749512,0.0,-133.85745239257812
1778337173.5362725,-9.915445327758789,0.0,-15.205056190490723,-9.771204948425293,0.04887637868523598,-133.76956176757812
1778337173.5731912,-9.582380294799805,0.0,-15.205056190490723,-9.789701461791992,-0.04162556305527687,-133.85745239257812
1778337173.6051586,-9.323234558105469,0.0,-15.205056190490723,-9.149592399597168,0.0,-133.85745239257812
1778337173.637579,-8.62763786315918,0.0,-15.205056190490723,-6.708851337432861,0.0,-133.85745239257812
1778337173.6728096,-7.710638046264648,0.0,-15.205056190490723,-3.1004419326782227,0.0,-133.85745239257812
1778337173.7029753,-7.176087379455566,0.0,-15.205056190490723,-1.0490610599517822,0.04899345710873604,-133.76956176757812
1778337173.7349954,-5.971742153167725,0.0,-15.205056190490723,3.1010022163391113,-0.0489184632897377,-133.85745239257812
1778337173.7723007,-4.612989902496338,0.0,-15.205056190490723,6.71220064163208,0.0,-133.85745239257812
1778337173.804119,-3.8863909244537354,0.0,-15.205056190490723,8.111933708190918,0.0,-133.85745239257812
1778337173.8365822,-2.3619747161865234,0.0,-15.205056190490723,9.793013572692871,0.04893718659877777,-133.76956176757812
1778337173.8716636,-0.7754366993904114,0.0,-15.205056190490723,9.765192985534668,-0.04382313787937164,-133.85745239257812
1778337173.902322,0.028400979936122894,0.0,-15.205056190490723,9.099366188049316,0.0,-133.85745239257812
1778337173.9345915,1.6312551498413086,0.0,-15.205056190490723,6.608476638793945,0.0,-133.85745239257812
1778337173.9730709,1.6312551498413086,0.0,-15.205056190490723,6.608476638793945,0.0,-133.85745239257812
1778337174.0062623,2.419875383377075,0.0,-15.205056190490723,4.893086910247803,0.0,-133.85745239257812
1778337174.0411828,5.370633602142334,0.0,-15.205056190490723,-3.2564966678619385,0.043788112699985504,-133.76956176757812
1778337174.0747538,6.656836032867432,0.0,-15.205056190490723,-6.841461181640625,-0.04621829092502594,-133.85745239257812
1778337174.1133058,6.656836032867432,0.0,-15.205056190490723,-6.841461181640625,0.0,-133.85745239257812
1778337174.1448894,8.253555297851562,0.0,-15.205056190490723,-9.830337524414062,0.0,-133.85745239257812
1778337174.1754012,9.05519962310791,0.0,-15.205056190490723,-9.718921661376953,0.0,-133.85745239257812
1778337174.212454,9.620726585388184,0.0,-15.205056190490723,-7.900285720825195,0.041650425642728806,-133.76956176757812
1778337174.242473,9.809896469116211,0.0,-15.205056190490723,-6.439537525177002,0.0,-133.76956176757812
1778337174.275149,9.994484901428223,0.0,-15.205056190490723,-2.736018657684326,0.0,-133.76956176757812
1778337174.3119483,9.916912078857422,0.0,-15.205056190490723,1.4502723217010498,-0.04169457405805588,-133.85745239257812
1778337174.343888,9.77999210357666,0.0,-15.205056190490723,3.4940645694732666,0.0,-133.85745239257812
1778337174.3781686,9.314013481140137,0.0,-15.205056190490723,7.031724452972412,0.0,-133.85745239257812
1778337174.413354,8.602287292480469,0.0,-15.205056190490723,9.330926895141602,0.0,-133.85745239257812
1778337174.4434006,8.15971565246582,0.0,-15.205056190490723,9.878124237060547,0.0,-133.85745239257812
1778337174.4759061,7.115439414978027,0.0,-15.205056190490723,9.645612716674805,0.0,-133.85745239257812
1778337174.5128822,5.882173538208008,0.0,-15.205056190490723,7.709387302398682,0.0,-133.85745239257812
1778337174.5431163,5.204564571380615,0.0,-15.205056190490723,6.198282718658447,0.0,-133.85745239257812
1778337174.5772293,3.749626874923706,0.04620670899748802,-15.117192268371582,2.423877239227295,0.0,-133.85745239257812
1778337174.6123383,2.194024085998535,-0.043794501572847366,-15.205056190490723,-1.7807374000549316,0.0,-133.85745239257812
1778337174.6426566,1.3912469148635864,0.0,-15.205056190490723,-3.8112688064575195,0.0,-133.85745239257812
1778337174.6748493,-0.2376348376274109,0.0,-15.205056190490723,-7.277978420257568,0.0,-133.85745239257812
1778337174.711919,-1.8614253997802734,0.0,-15.205056190490723,-9.45573616027832,0.0,-133.85745239257812
1778337174.7422931,-2.6578311920166016,0.0,-15.205056190490723,-9.92896842956543,0.0,-133.85745239257812
1778337174.7762384,-4.192995548248291,0.0,-15.205056190490723,-9.537800788879395,0.0,-133.85745239257812
1778337174.8132415,-5.617145538330078,0.0,-15.205056190490723,-7.452657699584961,0.0,-133.85745239257812
1778337174.845238,-6.275445461273193,0.0,-15.205056190490723,-5.879759311676025,0.0,-133.85745239257812
1778337174.877542,-7.462210178375244,0.0,-15.205056190490723,-2.0227277278900146,0.0,-133.85745239257812
1778337174.9128509,-8.449461936950684,0.0,-15.205056190490723,2.195518732070923,0.0,-133.85745239257812
1778337174.9429986,-8.859601974487305,0.0,-15.205056190490723,4.204403877258301,0.0,-133.85745239257812
1778337174.9770632,-9.498783111572266,0.0,-15.205056190490723,7.573200702667236,0.0,-133.85745239257812
1778337175.0122638,-9.88236141204834,0.0,-15.205056190490723,9.593317985534668,0.0,-133.85745239257812
1778337175.049907,-9.88236141204834,0.0,-15.205056190490723,9.593317985534668,0.0,-133.85745239257812
1778337175.0825138,-9.956493377685547,0.0,-15.205056190490723,9.385943412780762,0.0,-133.85745239257812
1778337175.114745,-9.668917655944824,0.0,-15.205056190490723,7.122611999511719,0.0,-133.85745239257812
1778337175.1550632,-9.668917655944824,0.0,-15.205056190490723,7.122611999511719,0.0,-133.85745239257812
1778337175.194867,-8.321240425109863,0.0,-15.205056190490723,-0.5935974717140198,0.0,-133.85745239257812
1778337175.233874,-7.296593189239502,0.0,-15.205056190490723,-4.668141841888428,0.0,-133.85745239257812
1778337175.2708473,-7.296593189239502,0.0,-15.205056190490723,-4.668141841888428,0.0,-133.85745239257812
1778337175.3023438,-5.3957600593566895,0.0,-15.205056190490723,-9.02446460723877,0.046214114874601364,-133.76956176757812
1778337175.3349226,-3.9357399940490723,0.0,-15.205056190490723,-9.998251914978027,-0.048927824944257736,-133.85745239257812
1778337175.373262,-2.367050886154175,0.039642952382564545,-15.117192268371582,-9.17859935760498,0.0,-133.85745239257812
1778337175.4035494,-1.5552068948745728,-0.04895946383476257,-15.205056190490723,-8.129355430603027,0.0,-133.85745239257812
1778337175.4359121,0.095768503844738,0.04884251207113266,-15.117192268371582,-4.987010478973389,0.0,-133.85745239257812
1778337175.4729857,1.7453572750091553,0.0,-15.117192268371582,-0.9472424387931824,0.041679851710796356,-133.76956176757812
1778337175.5030515,2.555436611175537,-0.04894540086388588,-15.205056190490723,1.1852965354919434,-0.04894812032580376,-133.85745239257812
1778337175.5351453,4.11824893951416,0.0,-15.205056190490723,5.195102691650391,0.0,-133.85745239257812
1778337175.5722935,5.568821430206299,0.0,-15.205056190490723,8.27086067199707,0.0416673943400383,-133.76956176757812
1778337175.6027458,6.239288806915283,0.0,-15.205056190490723,9.275399208068848,-0.04896217957139015,-133.85745239257812
1778337175.6351404,7.4472336769104,0.0,-15.205056190490723,9.989948272705078,0.0,-133.85745239257812
1778337175.6719112,8.450218200683594,0.0,-15.205056190490723,8.902697563171387,0.0,-133.85745239257812
1778337175.702151,8.865788459777832,0.0,-15.205056190490723,7.731980800628662,0.0,-133.85745239257812
1778337175.7347858,9.510358810424805,0.0,-15.205056190490723,4.40014123916626,0.0,-133.85745239257812
1778337175.771962,9.510358810424805,0.0,-15.205056190490723,4.40014123916626,0.0,-133.85745239257812
1778337175.8019636,9.979540824890137,0.0,-15.205056190490723,-1.859727144241333,0.0,-133.85745239257812
1778337175.8346887,9.946991920471191,0.0,-15.205056190490723,-5.775374412536621,0.0,-133.85745239257812
1778337175.8708649,9.946991920471191,0.0,-15.205056190490723,-5.775374412536621,0.041699111461639404,-133.76956176757812
1778337175.902974,9.380877494812012,0.0,-15.205056190490723,-9.517762184143066,-0.04622247442603111,-133.85745239257812
1778337175.9351604,8.673064231872559,0.0,-15.205056190490723,-9.931378364562988,0.0,-133.85745239257812
1778337175.9721396,7.722256660461426,0.0,-15.205056190490723,-8.543928146362305,0.0,-133.85745239257812
1778337176.0039907,7.163628101348877,0.04624991491436958,-15.117192268371582,-7.240965843200684,0.0,-133.85745239257812
1778337176.0365818,5.899188041687012,-0.048943836241960526,-15.205056190490723,-3.7119052410125732,0.0,-133.85745239257812
1778337176.0716207,4.468270778656006,0.04384835064411163,-15.117192268371582,0.4927917420864105,0.0,-133.85745239257812
1778337176.1021852,3.7026751041412354,-0.048981357365846634,-15.205056190490723,2.610917806625366,0.0,-133.85745239257812
1778337176.134728,2.0979535579681396,0.0,-15.205056190490723,6.396007061004639,0.0,-133.85745239257812
1778337176.1729808,2.0979535579681396,0.0,-15.205056190490723,6.396007061004639,0.0,-133.85745239257812
1778337176.207439,2.0979535579681396,0.0,-15.205056190490723,6.396007061004639,0.0,-133.85745239257812
1778337176.2410293,-2.074941396713257,0.0,-15.205056190490723,9.803765296936035,0.0,-133.85745239257812
1778337176.2747598,-3.6848976612091064,0.0,-15.205056190490723,8.08728313446045,0.0,-133.85745239257812
1778337176.3138647,-3.6848976612091064,0.0,-15.205056190490723,8.08728313446045,0.0,-133.85745239257812
1778337176.351662,-4.4539618492126465,0.0,-15.205056190490723,6.644368648529053,0.0,-133.85745239257812
1778337176.3838594,-7.165628433227539,0.0,-15.205056190490723,-1.3423326015472412,0.0,-133.85745239257812
1778337176.415952,-8.235682487487793,0.0,-15.205056190490723,-5.358931064605713,0.0,-133.85745239257812
1778337176.453157,-9.072127342224121,0.0,-15.205056190490723,-8.396551132202148,0.0,-133.85745239257812
1778337176.4850206,-9.394857406616211,0.0,-15.205056190490723,-9.364072799682617,0.0,-133.85745239257812
1778337176.5173783,-9.837459564208984,0.0,-15.205056190490723,-9.97353458404541,0.0,-133.85745239257812
1778337176.5514615,-9.999361991882324,0.0,-15.205056190490723,-8.755391120910645,0.0,-133.85745239257812
1778337176.5827389,-9.973089218139648,0.0,-15.205056190490723,-7.517777442932129,0.0,-133.85745239257812
1778337176.6151135,-9.706640243530273,0.0,-15.205056190490723,-4.068861484527588,0.0,-133.85745239257812
1778337176.6521387,-9.161678314208984,0.0,-15.205056190490723,0.1282528191804886,0.0,-133.85745239257812
1778337176.6841662,-8.78914737701416,0.0,-15.205056190490723,2.2682719230651855,0.0,-133.85745239257812
1778337176.7165751,-7.857007026672363,0.0,-15.205056190490723,6.138455390930176,0.0,-133.85745239257812
1778337176.7539947,-6.698066234588623,0.0,-15.205056190490723,8.880949020385742,0.0,-133.85745239257812
1778337176.7922933,-6.698066234588623,0.0,-15.205056190490723,8.880949020385742,0.0,-133.85745239257812
1778337176.8239906,-4.607970237731934,0.0,-15.205056190490723,9.854024887084961,0.0,-133.85745239257812
1778337176.8565173,-3.038194417953491,0.0,-15.205056190490723,8.23224925994873,0.0,-133.85745239257812
1778337176.8916185,-1.3793814182281494,0.0,-15.205056190490723,5.092020034790039,0.0,-133.85745239257812
1778337176.9224007,-0.5314731001853943,0.0,-15.205056190490723,3.124706983566284,0.0,-133.85745239257812
1778337176.953378,1.1706682443618774,0.0,-15.205056190490723,-1.149989366531372,0.04890910163521767,-133.76956176757812
1778337176.984617,2.0125322341918945,0.0,-15.205056190490723,-3.2577965259552,-0.04895281046628952,-133.85745239257812
1778337177.0170383,3.6472175121307373,0.0,-15.205056190490723,-6.926226615905762,0.0,-133.85745239257812
1778337177.0519614,5.176965713500977,0.0,-15.205056190490723,-9.315156936645508,0.0,-133.85745239257812
1778337177.0821779,5.88833475112915,0.0,-15.205056190490723,-9.87940502166748,0.0,-133.85745239257812
1778337177.1147835,7.177920341491699,0.0,-15.205056190490723,-9.615468978881836,0.0,-133.85745239257812
1778337177.152346,8.258809089660645,0.0,-15.205056190490723,-7.570250034332275,0.0,-133.85745239257812
1778337177.183731,8.710707664489746,0.0,-15.205056190490723,-5.98616361618042,0.0,-133.85745239257812
1778337177.216076,9.420546531677246,0.0,-15.205056190490723,-2.062143325805664,0.0,-133.85745239257812
1778337177.2530146,9.85476016998291,0.0,-15.205056190490723,2.245884895324707,0.0,-133.85745239257812
1778337177.2829273,9.964007377624512,0.0,-15.205056190490723,4.292771339416504,0.0,-133.85745239257812
1778337177.3155131,9.96237850189209,0.0,-15.205056190490723,7.695609092712402,0.0,-133.85745239257812
1778337177.354712,9.667654037475586,0.0,-15.205056190490723,9.66895866394043,0.0,-133.85745239257812
1778337177.3932657,9.667654037475586,0.0,-15.205056190490723,9.66895866394043,0.0,-133.85745239257812
1778337177.424952,8.695927619934082,0.0,-15.205056190490723,9.233054161071777,0.0,-133.85745239257812
1778337177.4572623,7.722006797790527,0.0,-15.205056190490723,6.754602909088135,0.048896633088588715,-133.76956176757812
1778337177.49245,6.519037246704102,0.0,-15.205056190490723,3.016479730606079,-0.043828148394823074,-133.85745239257812
1778337177.5227215,5.842393398284912,0.0,-15.205056190490723,0.8866116404533386,0.0,-133.85745239257812
1778337177.5547664,4.363595485687256,0.0,-15.205056190490723,-3.397264003753662,0.0,-133.85745239257812
1778337177.5918453,4.363595485687256,0.0,-15.205056190490723,-3.397264003753662,0.0,-133.85745239257812
1778337177.6239684,1.9153152704238892,0.0,-15.205056190490723,-8.414851188659668,0.04623361676931381,-133.76956176757812
1778337177.6563363,0.20012935996055603,0.0,-15.205056190490723,-9.909049034118652,-0.04891222342848778,-133.85745239257812
1778337177.693311,-1.5222535133361816,0.0,-15.205056190490723,-9.550463676452637,0.0,-133.85745239257812
1778337177.7233088,-2.370065927505493,0.0,-15.205056190490723,-8.683077812194824,0.0,-133.85745239257812
1778337177.7554855,-4.007229804992676,0.0,-15.205056190490723,-5.774412155151367,0.04889507219195366,-133.76956176757812
1778337177.792747,-5.5257768630981445,0.0,-15.205056190490723,-1.7828632593154907,-0.0416673943400383,-133.85745239257812
1778337177.8307526,-5.5257768630981445,0.0,-15.205056190490723,-1.7828632593154907,0.0,-133.85745239257812
1778337177.8624942,-7.4824419021606445,0.0,-15.205056190490723,4.578450679779053,0.0,-133.85745239257812
1778337177.894619,-8.515180587768555,0.0,-15.205056190490723,7.909188270568848,0.0,-133.85745239257812
1778337177.9311588,-8.515180587768555,0.0,-15.205056190490723,7.909188270568848,0.0,-133.85745239257812
1778337177.963009,-9.578157424926758,0.0,-15.205056190490723,9.99995231628418,0.04621829092502594,-133.76956176757812
1778337177.9954112,-9.930793762207031,0.0,-15.205056190490723,9.07270622253418,-0.048927824944257736,-133.85745239257812
1778337178.0324726,-9.984220504760742,0.0,-15.205056190490723,6.438035011291504,0.0,-133.85745239257812
1778337178.062413,-9.897666931152344,0.0,-15.205056190490723,4.624487400054932,0.0,-133.85745239257812
1778337178.0947485,-9.500892639160156,0.0,-15.205056190490723,0.43216580152511597,0.0,-133.85745239257812
1778337178.1320043,-8.816302299499512,0.0,-15.205056190490723,-3.8430237770080566,0.0,-133.85745239257812
1778337178.1637545,-8.372037887573242,0.0,-15.205056190490723,-5.756117343902588,0.0,-133.85745239257812
1778337178.1961055,-7.296056270599365,0.0,-15.205056190490723,-8.680543899536133,0.0,-133.85745239257812
1778337178.233158,-5.997705459594727,0.0,-15.205056190490723,-9.966846466064453,0.0,-133.85745239257812
1778337178.265004,-5.277095317840576,0.0,-15.205056190490723,-9.90541934967041,0.0,-133.85745239257812
1778337178.295824,-3.720183849334717,0.0,-15.205056190490723,-8.386723518371582,0.0,-133.85745239257812
1778337178.332534,-2.048764944076538,0.0,-15.205056190490723,-5.28109884262085,0.0,-133.85745239257812
1778337178.362842,-1.1858816146850586,0.0,-15.205056190490723,-3.3073322772979736,0.0,-133.85745239257812
1778337178.3951168,0.5613614320755005,0.0,-15.205056190490723,1.0144819021224976,0.0,-133.85745239257812
1778337178.4323187,2.2926735877990723,0.0,-15.205056190490723,5.145506858825684,0.041642509400844574,-133.76956176757812
1778337178.4641669,3.1357128620147705,0.0,-15.205056190490723,6.889017105102539,-0.04626289755105972,-133.85745239257812
1778337178.4966247,4.7441511154174805,0.0,-15.205056190490723,9.31701374053955,0.04894968494772911,-133.76956176757812
1778337178.531693,6.208080768585205,0.04383706673979759,-15.117192268371582,9.97721004486084,-0.04385947436094284,-133.85745239257812
1778337178.5622895,6.871485710144043,-0.04896259307861328,-15.205056190490723,9.590374946594238,0.0,-133.85745239257812
1778337178.5947714,8.035402297973633,0.0,-15.205056190490723,7.473705291748047,0.0,-133.85745239257812
1778337178.633314,8.035402297973633,0.0,-15.205056190490723,7.473705291748047,0.03973231464624405,-133.76956176757812
1778337178.6650434,9.309287071228027,0.0,-15.205056190490723,1.8352123498916626,-0.04620994254946709,-133.85745239257812
1778337178.695652,9.80487060546875,0.0,-15.205056190490723,-2.5254976749420166,0.0,-133.85745239257812
1778337178.7323706,9.99763011932373,0.0,-15.205056190490723,-6.406569480895996,0.0,-133.85745239257812
1778337178.762456,9.978011131286621,0.0,-15.205056190490723,-7.928259372711182,0.0,-133.85745239257812
1778337178.7950487,9.707121849060059,0.0,-15.205056190490723,-9.769573211669922,0.0,-133.85745239257812
1778337178.832025,9.134820938110352,0.0,-15.205056190490723,-9.747177124023438,0.0,-133.85745239257812
1778337178.8619196,8.740641593933105,0.0,-15.205056190490723,-9.023448944091797,0.0,-133.85745239257812
1778337178.892793,7.751176834106445,0.0,-15.205056190490723,-6.322947978973389,0.0,-133.85745239257812
1778337178.9227319,7.163463592529297,0.0,-15.205056190490723,-4.476351737976074,0.0,-133.85745239257812
1778337178.954628,5.8246541023254395,0.0,-15.205056190490723,-0.23213684558868408,0.05199597030878067,-133.76956176757812
1778337178.9908104,5.8246541023254395,0.0,-15.205056190490723,-0.23213684558868408,0.0,-133.76956176757812
1778337179.0219917,3.4883956909179688,0.0,-15.205056190490723,5.959383964538574,-0.04895124211907387,-133.85745239257812
1778337179.0550983,1.782670021057129,0.0,-15.205056190490723,8.818304061889648,0.046216901391744614,-133.76956176757812
1778337179.091867,0.019916053861379623,0.0,-15.205056190490723,9.98769474029541,0.0,-133.76956176757812
1778337179.1217666,-0.8656373620033264,0.0,-15.205056190490723,9.85385799407959,-0.04893718659877777,-133.85745239257812
1778337179.1525736,-2.61034893989563,0.0,-15.205056190490723,8.18005657196045,0.0,-133.85745239257812
1778337179.1827018,-3.4557571411132812,0.0,-15.205056190490723,6.720931529998779,0.0,-133.85745239257812
1778337179.2151332,-5.059324741363525,0.04892197623848915,-15.117192268371582,2.90842604637146,0.0,-133.85745239257812
1778337179.2521567,-6.50466775894165,-0.04164765402674675,-15.205056190490723,-1.4644571542739868,0.0,-133.85745239257812
1778337179.2841709,-7.1534247398376465,0.0,-15.205056190490723,-3.598191499710083,0.0,-133.85745239257812
1778337179.3164,-8.277236938476562,0.0,-15.205056190490723,-7.245570182800293,0.0,-133.85745239257812
1778337179.3518782,-9.140214920043945,0.0,-15.205056190490723,-9.498844146728516,0.04380311444401741,-133.76956176757812
1778337179.38234,-9.464838981628418,0.0,-15.205056190490723,-9.95334529876709,-0.04898719862103462,-133.85745239257812
1778337179.4147146,-9.887118339538574,0.0,-15.205056190490723,-9.407110214233398,0.0,-133.85745239257812
1778337179.4540184,-9.887118339538574,0.0,-15.205056190490723,-9.407110214233398,0.0,-133.85745239257812
1778337179.491526,-9.981261253356934,0.0,-15.205056190490723,-8.432527542114258,0.0,-133.85745239257812
1778337179.5235786,-9.56583309173584,0.0,-15.205056190490723,-1.1698880195617676,0.0,-133.85745239257812
1778337179.5558434,-8.895529747009277,0.0,-15.205056190490723,3.202589750289917,0.0,-133.85745239257812
1778337179.5928564,-7.941217422485352,0.0,-15.205056190490723,6.957188129425049,0.0,-133.85745239257812
1778337179.6231377,-7.366556644439697,0.0,-15.205056190490723,8.36677074432373,0.0,-133.85745239257812
1778337179.6553657,-6.044843673706055,0.0,-15.205056190490723,9.907722473144531,0.0,-133.85745239257812
1778337179.692639,-4.528858661651611,0.0,-15.205056190490723,9.529858589172363,0.0,-133.85745239257812
1778337179.7223964,-3.7128536701202393,0.0,-15.205056190490723,8.628988265991211,0.048977818340063095,-133.76956176757812
1778337179.7550063,-1.9973307847976685,0.0,-15.205056190490723,5.621077537536621,0.0,-133.76956176757812
1778337179.7920663,-0.2165064811706543,0.0,-15.205056190490723,1.5213606357574463,-0.04168437793850899,-133.85745239257812
1778337179.8241377,0.6805872917175293,0.04623457416892052,-15.117192268371582,-0.6937549114227295,0.0,-133.85745239257812
1778337179.854715,2.45206880569458,-0.0519762858748436,-15.205056190490723,-4.915510177612305,0.0,-133.85745239257812
1778337179.8938382,4.145793437957764,0.0,-15.205056190490723,-8.183106422424316,0.0,-133.85745239257812
1778337179.9317014,4.145793437957764,0.0,-15.205056190490723,-8.183106422424316,0.0,-133.85745239257812
1778337179.9636695,6.421788692474365,0.0,-15.205056190490723,-9.984956741333008,0.0,-133.85745239257812
1778337179.9947472,7.69079065322876,0.0,-15.205056190490723,-8.776562690734863,0.0,-133.85745239257812
1778337180.0338285,8.711730003356934,0.0,-15.205056190490723,-5.857494831085205,0.0,-133.85745239257812
1778337180.072015,8.711730003356934,0.0,-15.205056190490723,-5.857494831085205,0.0,-133.85745239257812
1778337180.1040158,9.706942558288574,0.0,-15.205056190490723,0.4219617545604706,0.0,-133.85745239257812
1778337180.1365914,9.980667114257812,0.0,-15.205056190490723,4.686369895935059,0.0,-133.85745239257812
1778337180.1731856,9.929946899414062,0.0,-15.205056190490723,8.036734580993652,0.0,-133.85745239257812
1778337180.2036457,9.782811164855957,0.048956338316202164,-15.117192268371582,9.153392791748047,0.0,-133.85745239257812
1778337180.2358153,9.250563621520996,-0.04889858141541481,-15.205056190490723,9.995043754577637,0.0,-133.85745239257812
1778337180.2729447,8.41601848602295,0.0,-15.205056190490723,8.88113021850586,0.0,-133.85745239257812
1778337180.30304,7.893344879150391,0.0,-15.205056190490723,7.6440629959106445,0.0,-133.85745239257812
1778337180.3352401,6.6582136154174805,0.0,-15.205056190490723,4.112234592437744,0.0,-133.85745239257812
1778337180.372242,5.204162120819092,0.0,-15.205056190490723,-0.22683516144752502,0.0,-133.85745239257812
1778337180.4024785,4.409557342529297,0.0,-15.205056190490723,-2.4351181983947754,0.0,-133.85745239257812
1778337180.4347386,2.7175755500793457,0.0,-15.205056190490723,-6.38618803024292,0.0,-133.85745239257812
1778337180.4718509,0.9351190328598022,0.0,-15.205056190490723,-9.084564208984375,0.0,-133.85745239257812
1778337180.5020783,0.028165288269519806,0.0,-15.205056190490723,-9.785027503967285,0.0,-133.85745239257812
1778337180.534821,-1.7798869609832764,0.0,-15.205056190490723,-9.714838027954102,0.0,-133.85745239257812
1778337180.573326,-3.5304763317108154,0.0,-15.205056190490723,-7.733724594116211,0.0,-133.85745239257812
1778337180.6049855,-4.3659987449646,0.0,-15.205056190490723,-6.1347336769104,0.04626568779349327,-133.76956176757812
1778337180.6376019,-5.922824859619141,0.0,-15.205056190490723,-2.113429307937622,-0.04890754446387291,-133.85745239257812
1778337180.6729708,-7.284709453582764,0.0,-15.205056190490723,2.325619697570801,0.04381437599658966,-133.76956176757812
1778337180.7029834,-7.878029823303223,0.0,-15.205056190490723,4.426930904388428,-0.04894812032580376,-133.85745239257812
1778337180.7352242,-8.86451530456543,0.0,-15.205056190490723,7.873478889465332,0.0,-133.85745239257812
1778337180.7723563,-9.5573091506958,0.0,-15.205056190490723,9.76709270477295,0.0,-133.85745239257812
1778337180.804135,-9.785780906677246,0.0,-15.205056190490723,9.999692916870117,0.0,-133.85745239257812
1778337180.836611,-9.996960639953613,0.0,-15.205056190490723,8.977660179138184,0.0,-133.85745239257812
1778337180.8717866,-9.87517261505127,0.0,-15.205056190490723,6.180233001708984,0.0,-133.85745239257812
1778337180.9024503,-9.690037727355957,0.0,-15.205056190490723,4.276977062225342,0.0,-133.85745239257812
1778337180.9343963,-9.078595161437988,0.0,-15.205056190490723,-0.06736843287944794,0.0,-133.85745239257812
1778337180.9701598,-9.078595161437988,0.0,-15.205056190490723,-0.06736843287944794,0.04167305678129196,-133.76956176757812
1778337181.002095,-7.600505828857422,0.0,-15.205056190490723,-6.28834342956543,-0.04891066625714302,-133.85745239257812
1778337181.034676,-6.288404941558838,0.0,-15.205056190490723,-9.040393829345703,0.0,-133.85745239257812
1778337181.070779,-6.288404941558838,0.0,-15.205056190490723,-9.040393829345703,0.0,-133.85745239257812
1778337181.1031,-3.938628673553467,0.0,-15.205056190490723,-9.731541633605957,0.0,-133.85745239257812
1778337181.1349823,-2.193870782852173,0.0,-15.205056190490723,-7.765007495880127,0.0,-133.85745239257812
1778337181.172202,-0.3740755021572113,0.0,-15.205056190490723,-4.254593849182129,0.0,-133.85745239257812
1778337181.2039242,0.5448881387710571,0.04623457416892052,-15.117192268371582,-2.129552125930786,0.0,-133.85745239257812
1778337181.2345157,2.362203598022461,-0.051974523812532425,-15.205056190490723,2.330968141555786,0.0520065501332283,-133.76956176757812
1778337181.271648,4.1009521484375,0.0,-15.205056190490723,6.328880310058594,-0.04166513308882713,-133.85745239257812
1778337181.3023238,4.922281742095947,0.0,-15.205056190490723,7.897154331207275,0.0,-133.85745239257812
1778337181.334486,6.433916091918945,0.0,-15.205056190490723,9.77989387512207,0.0,-133.85745239257812
1778337181.3703847,6.433916091918945,0.0,-15.205056190490723,9.77989387512207,0.0,-133.85745239257812
1778337181.4007142,8.280189514160156,0.0,-15.205056190490723,8.936087608337402,0.0,-133.85745239257812
1778337181.4319725,9.168638229370117,0.0,-15.205056190490723,6.089029788970947,0.0,-133.85745239257812
1778337181.462466,9.497676849365234,0.0,-15.205056190490723,4.162302017211914,0.0,-133.85745239257812
1778337181.494719,9.91098403930664,0.0,-15.205056190490723,-0.21583883464336395,0.0,-133.85745239257812
1778337181.5331542,9.986806869506836,0.0,-15.205056190490723,-4.552238464355469,0.03967989981174469,-133.76956176757812
1778337181.5631673,9.896683692932129,0.0,-15.205056190490723,-6.42841100692749,-0.04893094301223755,-133.85745239257812
1778337181.5959647,9.463786125183105,0.0,-15.205056190490723,-9.125494956970215,0.04890910163521767,-133.76956176757812
1778337181.6327343,8.706981658935547,0.0,-15.205056190490723,-9.995467185974121,-0.04168551415205002,-133.85745239257812
1778337181.6632354,8.214591979980469,0.0,-15.205056190490723,-9.674399375915527,0.0,-133.85745239257812
1778337181.69534,7.022557735443115,0.0,-15.205056190490723,-7.5995612144470215,0.0,-133.85745239257812
1778337181.732447,5.588773250579834,0.0,-15.205056190490723,-3.9991302490234375,0.0,-133.85745239257812
1778337181.7625117,4.796180248260498,0.0,-15.205056190490723,-1.8439000844955444,0.0,-133.85745239257812
1778337181.7947528,3.0934200286865234,0.0,-15.205056190490723,2.6346096992492676,0.0,-133.85745239257812
1778337181.8320103,1.283023715019226,0.0,-15.205056190490723,6.585006237030029,0.08337782323360443,-133.68165588378906
1778337181.8623414,0.35680288076400757,0.0,-15.205056190490723,8.104921340942383,0.636386513710022,-132.53909301757812
1778337181.8945897,-1.4977895021438599,0.0,-15.205056190490723,9.850120544433594,1.5623937845230103,-129.72659301757812
1778337181.9339118,-3.301882266998291,0.0,-15.205056190490723,9.612605094909668,1.5844498872756958,-126.2109603881836
1778337181.9709384,-3.301882266998291,0.0,-15.205056190490723,9.612605094909668,1.9425941705703735,-121.90433502197266
1778337182.0022762,-5.777554512023926,0.0,-15.205056190490723,5.747762203216553,2.1983864307403564,-117.9492416381836
1778337182.034647,-7.190598964691162,0.048833176493644714,-15.117192268371582,1.5865528583526611,2.198437452316284,-113.99418640136719
1778337182.071743,-8.355026245117188,-0.04158102720975876,-15.205056190490723,-2.8962090015411377,2.7442338466644287,-108.1933822631836
1778337182.1023097,-8.830832481384277,0.0,-15.205056190490723,-4.972873687744141,2.934063196182251,-102.91996002197266
1778337182.1348963,-9.548575401306152,0.0,-15.205056190490723,-8.27064037322998,2.88932204246521,-97.7343978881836
1778337182.1719782,-9.548575401306152,0.0,-15.205056190490723,-8.27064037322998,3.1346182823181152,-90.79104614257812
1778337182.2054474,-9.934287071228027,0.051832228899002075,-15.117192268371582,-9.89738655090332,2.747296094894409,-86.13285827636719
1778337182.237766,-9.862700462341309,-0.04372332617640495,-15.205056190490723,-8.591230392456055,2.7558188438415527,-80.59573364257812
1778337182.2729113,-9.38295841217041,-0.13121962547302246,-15.468701362609863,-5.476965427398682,2.8879544734954834,-74.79493713378906
1778337182.3030808,-9.018397331237793,-0.146686390042305,-15.732401847839355,-3.453176498413086,3.0300307273864746,-69.3457260131836
1778337182.3353753,-8.055441856384277,0.0,-15.732401847839355,1.0142865180969238,3.128870725631714,-63.720741271972656
1778337182.372388,-6.809450626373291,0.04161703959107399,-15.64448356628418,5.277429103851318,3.5372142791748047,-56.25001525878906
1778337182.4027271,-6.093453407287598,-0.04887911304831505,-15.732401847839355,7.055286884307861,3.8606035709381104,-49.30665969848633
1778337182.4352794,-4.50660514831543,0.0,-15.732401847839355,9.450483322143555,3.8076107501983643,-42.451202392578125
1778337182.4721248,-2.7601914405822754,0.0,-15.732401847839355,9.926065444946289,3.0353710651397705,-36.0351676940918
1778337182.504191,-1.8461006879806519,0.323182612657547,-15.117192268371582,9.396806716918945,1.6620415449142456,-32.871124267578125
1778337182.536633,0.02368713542819023,0.19566136598587036,-14.765628814697266,6.937834739685059,0.831375241279602,-31.376977920532227
1778337182.5718784,1.893874168395996,0.0,-14.765628814697266,3.0658762454986572,-0.04381687939167023,-31.464868545532227
1778337182.602196,2.808408737182617,0.0,-14.765628814697266,0.838866114616394,-0.4897937774658203,-32.34377670288086
1778337182.635124,4.555840492248535,0.0,-14.765628814697266,-3.6289589405059814,0.0,-32.34377670288086
1778337182.6710763,4.555840492248535,0.0,-14.765628814697266,-3.6289589405059814,0.0,-32.34377670288086
1778337182.70369,6.858717918395996,0.0,-14.765628814697266,-8.697556495666504,0.0,-32.34377670288086
1778337182.7355595,8.101882934570312,0.0,-14.765628814697266,-9.981802940368652,0.0,-32.34377670288086
1778337182.772355,9.05803108215332,0.0,-14.765628814697266,-9.227764129638672,0.0,-32.34377670288086
1778337182.802649,9.417234420776367,0.0,-14.765628814697266,-8.117901802062988,0.0,-32.34377670288086
1778337182.835324,9.881512641906738,0.0,-14.765628814697266,-4.715666770935059,0.04890910163521767,-32.25588607788086
1778337182.872057,9.993868827819824,0.0,-14.765628814697266,-0.347577303647995,0.29158464074134827,-31.640649795532227
1778337182.904041,9.916106224060059,0.0,-14.765628814697266,1.9224088191986084,0.0,-31.640649795532227
1778337182.9364126,9.495733261108398,0.0,-14.765628814697266,6.0517258644104,0.04887014627456665,-31.552759170532227
1778337182.9715838,8.73548412322998,0.0,-14.765628814697266,8.94216251373291,0.9643018245697021,-29.61916160583496
1778337183.0020745,8.235749244689941,0.0,-14.765628814697266,9.723481178283691,2.303060293197632,-25.48828887939453
1778337183.0350046,7.019061088562012,-0.048839397728443146,-14.853492736816406,9.75631046295166,2.8331897258758545,-20.39064598083496
1778337183.074006,7.019061088562012,-0.23790708184242249,-15.380838394165039,9.75631046295166,3.4501752853393555,-12.744166374206543
1778337183.1125734,6.312899589538574,-0.03957849368453026,-15.468701362609863,9.005594253540039,3.1668429374694824,-5.712924480438232
1778337183.143978,2.988452434539795,0.0,-15.468701362609863,2.050994873046875,2.9962449073791504,-1.7302845662925392e-05
1778337183.1763015,1.1318423748016357,-0.09775898605585098,-15.64448356628418,-2.4829037189483643,2.638972759246826,4.746062278747559
1778337183.214025,-0.766781210899353,-0.12489978969097137,-15.908183097839355,-6.507352828979492,2.3725926876068115,9.755843162536621
1778337183.2506714,-0.766781210899353,0.041630592197179794,-15.82026481628418,-6.507352828979492,1.7477043867111206,13.447259902954102
1778337183.2822824,-3.5438873767852783,-0.046143680810928345,-15.908183097839355,-9.846405982971191,1.6151440143585205,16.523412704467773
1778337183.314771,-5.25034236907959,0.0,-15.908183097839355,-9.603511810302734,1.075006365776062,18.457012176513672
1778337183.3517823,-6.7677717208862305,0.0,-15.908183097839355,-7.379798412322998,0.6649444103240967,19.863265991210938
1778337183.3820643,-7.437972068786621,0.04885576665401459,-15.82026481628418,-5.654008865356445,0.048839032649993896,19.951156616210938
1778337183.4147346,-8.570635795593262,0.0,-15.82026481628418,-1.420143723487854,0.0,19.951156616210938
1778337183.4533691,-8.570635795593262,-0.03965325281023979,-15.908183097839355,-1.420143723487854,0.0,19.951156616210938
1778337183.4852135,-9.677127838134766,0.046190906316041946,-15.82026481628418,5.187884330749512,-0.046186286956071854,19.863265991210938
1778337183.5175705,-9.979730606079102,-0.048841770738363266,-15.908183097839355,8.437591552734375,-0.5860123634338379,18.808574676513672
1778337183.553111,-9.918741226196289,0.5686798691749573,-14.765628814697266,9.942194938659668,-1.0934854745864868,16.611303329467773
1778337183.5828664,-9.751851081848145,0.09772472828626633,-14.589847564697266,9.92570686340332,-2.3934783935546875,12.30467700958252
1778337183.6146023,-9.152459144592285,0.0,-14.589847564697266,8.358154296875,-2.440666913986206,8.173807144165039
1778337183.6507242,-9.152459144592285,0.0,-14.589847564697266,8.358154296875,-1.792038917541504,4.394498825073242
1778337183.6823418,-7.635064601898193,0.0,-14.589847564697266,2.960061550140381,-0.8807135820388794,2.812490701675415
1778337183.7150557,-6.264367580413818,0.0,-14.589847564697266,-1.5842257738113403,-0.1386256366968155,2.5488181114196777
1778337183.7519503,-4.662930011749268,0.0,-14.589847564697266,-5.801000595092773,-0.24988897144794464,2.021472692489624
1778337183.781997,-3.7936480045318604,0.0,-14.589847564697266,-7.5048112869262695,0.09795563668012619,2.1972546577453613
1778337183.8148298,-1.9577076435089111,0.0,-14.589847564697266,-9.658707618713379,0.3426368236541748,2.812490701675415
1778337183.853697,-0.04851330816745758,0.0,-14.589847564697266,-9.80434513092041,0.27783113718032837,3.4277267456054688
1778337183.8835905,0.9116504192352295,0.0,-14.589847564697266,-9.09683895111084,0.3916071355342865,4.130825996398926
1778337183.9159486,2.7988312244415283,0.0,-14.589847564697266,-6.304518222808838,0.537143886089325,5.097625732421875
1778337183.9530275,4.583862781524658,0.0,-14.589847564697266,-2.1978180408477783,0.24975337088108063,5.62497091293335
1778337183.9829035,5.417173862457275,0.0,-14.589847564697266,0.08740174770355225,0.3427790403366089,6.240207195281982
1778337184.014794,6.926623344421387,0.0,-14.589847564697266,4.524585723876953,0.10387927293777466,6.415988922119141
1778337184.0509036,6.926623344421387,0.0,-14.589847564697266,4.524585723876953,0.0,6.415988922119141
1778337184.0823262,8.696296691894531,0.0,-14.589847564697266,9.17195987701416,0.0,6.415988922119141
1778337184.114887,9.48180866241455,0.0,-14.589847564697266,9.986812591552734,-0.6930655837059021,5.097625732421875
1778337184.151154,9.915358543395996,0.0,-14.589847564697266,8.714274406433105,-0.16669222712516785,4.746062278747559
1778337184.182224,9.994359970092773,0.0,-14.589847564697266,7.3616132736206055,0.04896843433380127,4.833953380584717
1778337184.214847,9.87269115447998,0.0,-14.589847564697266,3.5771079063415527,-0.04893718659877777,4.746062278747559
1778337184.2532885,9.3827543258667,0.0,-14.589847564697266,-0.9576048851013184,0.0,4.746062278747559
1778337184.2834558,9.004654884338379,0.0,-14.589847564697266,-3.2104034423828125,0.0,4.746062278747559
1778337184.3158839,7.999434471130371,0.0,-14.589847564697266,-7.094984531402588,0.0,4.746062278747559
1778337184.3529415,6.694273471832275,0.0,-14.589847564697266,-9.49268627166748,0.0,4.746062278747559
1778337184.3830101,5.943915843963623,0.0,-14.589847564697266,-9.960618019104004,0.0,4.746062278747559
1778337184.4146605,4.282515525817871,0.0,-14.589847564697266,-9.310291290283203,0.0,4.746062278747559
1778337184.452283,4.282515525817871,0.0,-14.589847564697266,-9.310291290283203,0.0,4.746062278747559
1778337184.482543,1.508158802986145,0.29363250732421875,-14.062501907348633,-4.824075698852539,0.0,4.746062278747559
1778337184.514882,-0.4285944402217865,0.6853611469268799,-12.832030296325684,-0.40645861625671387,-0.04894812032580376,4.6581711769104
1778337184.5518272,-2.35044527053833,0.9151166677474976,-10.898430824279785,4.098085880279541,-0.12481232732534409,4.394498825073242
1778337184.5819967,-3.2830395698547363,1.2220025062561035,-8.701131820678711,6.081704139709473,-0.19546815752983093,4.042935371398926
1778337184.6147103,-5.047461032867432,1.074629545211792,-6.767532825469971,8.987414360046387,-0.24423441290855408,3.603508234024048
1778337184.6547592,-5.047461032867432,1.1888346672058105,-4.130861282348633,8.987414360046387,-0.19816359877586365,3.1640541553497314
1778337184.6920695,-5.862524032592773,0.8708403706550598,-2.1972618103027344,9.75397777557373,-0.11873868852853775,2.900381565093994
1778337184.7242053,-8.500544548034668,0.6456554532051086,-0.9667896032333374,7.6185503005981445,-0.13833394646644592,2.636708974838257
1778337184.756727,-9.360069274902344,0.8793545961380005,0.6152461171150208,3.9170620441436768,-0.19542457163333893,2.2851455211639404
1778337184.7917953,-9.864935874938965,0.6126139163970947,1.8457183837890625,-0.6132027506828308,-0.1312931329011917,2.021472692489624
1778337184.822095,-9.977616310119629,0.09773095697164536,2.0215001106262207,-2.8915088176727295,0.0,2.021472692489624
1778337184.8549397,-9.91766357421875,-0.04884406551718712,1.9336365461349487,-6.870486736297607,0.0,2.021472692489624
1778337184.894588,-9.91766357421875,-0.8719878196716309,3.7338671972975135e-05,-6.870486736297607,-0.039638880640268326,1.9335819482803345
1778337184.9321735,-9.745418548583984,-0.2769763469696045,-0.6152260899543762,-8.35761547088623,0.039567314088344574,2.021472692489624
1778337184.9640553,-8.154443740844727,-0.5997212529182434,-1.7577801942825317,-9.402236938476562,0.0,2.021472692489624
1778337184.996638,-6.872684001922607,-0.6351248025894165,-2.900388717651367,-6.879472255706787,0.0,2.021472692489624
1778337185.0319717,-5.327287197113037,-0.48110640048980713,-3.867161512374878,-2.896584987640381,0.0,2.021472692489624
1778337185.0624876,-4.473717212677002,-0.4885769784450531,-4.746070384979248,-0.6137908697128296,0.0,2.021472692489624
1778337185.0948176,-2.6454837322235107,-0.48766055703163147,-5.624979019165039,3.9273605346679688,0.0,2.021472692489624
1778337185.1339462,-0.7146010994911194,-0.2771661877632141,-6.240187644958496,7.6354451179504395,0.0,2.021472692489624
1778337185.1709385,-0.7146010994911194,0.0,-6.240187644958496,7.6354451179504395,0.0,2.021472692489624
1778337185.2020702,2.2119181156158447,0.0,-6.240187644958496,9.999921798706055,0.0,2.021472692489624
1778337185.2347975,4.073633670806885,0.0,-6.240187644958496,8.953300476074219,0.0,2.021472692489624
1778337185.2719615,5.779542446136475,0.0,-6.240187644958496,5.999528408050537,0.0,2.021472692489624
1778337185.302339,6.553107738494873,0.0,-6.240187644958496,3.990847587585449,0.0,2.021472692489624
1778337185.3348553,7.903848648071289,0.0,-6.240187644958496,-0.5541839599609375,0.0,2.021472692489624
1778337185.3731587,8.949886322021484,0.0,-6.240187644958496,-4.982412815093994,0.0,2.021472692489624
1778337185.4038053,9.345304489135742,0.0,-6.240187644958496,-6.850623607635498,0.0,2.021472692489624
1778337185.4359314,9.861373901367188,0.0,-6.240187644958496,-9.394587516784668,0.0,2.021472692489624
1778337185.4730022,9.99532413482666,0.0,-6.240187644958496,-9.931905746459961,0.0,2.021472692489624
1778337185.5030835,9.916563034057617,0.0,-6.240187644958496,-9.39344310760498,0.0,2.021472692489624
1778337185.5358655,9.470932960510254,0.0,-6.240187644958496,-6.845327854156494,0.0,2.021472692489624
1778337185.5728745,8.6565523147583,0.0,-6.240187644958496,-2.8312854766845703,0.0,2.021472692489624
1778337185.6028924,8.120241165161133,0.0,-6.240187644958496,-0.5351603627204895,0.0,2.021472692489624
1778337185.6346045,6.815115451812744,0.0,-6.240187644958496,4.019103050231934,0.0,2.021472692489624
1778337185.6709063,6.815115451812744,0.0,-6.240187644958496,4.019103050231934,0.0,2.021472692489624
1778337185.7027142,4.375855922698975,0.0,-6.240187644958496,8.977400779724121,0.0,2.021472692489624
1778337185.7351737,2.520632266998291,0.0,-6.240187644958496,9.99935531616211,0.0,2.021472692489624
1778337185.7722352,0.5655579566955566,0.0,-6.240187644958496,8.874349594116211,0.0,2.021472692489624
1778337185.8024468,-0.4256117045879364,0.0,-6.240187644958496,7.564343452453613,0.0,2.021472692489624
1778337185.8350055,-2.386625289916992,0.0,-6.240187644958496,3.8010976314544678,0.0,2.021472692489624
1778337185.8720047,-4.255126953125,0.0,-6.240187644958496,-0.7809195518493652,0.0,2.021472692489624
1778337185.9022865,-5.1314544677734375,0.0,-6.240187644958496,-3.0722317695617676,0.0,2.021472692489624
1778337185.934758,-6.724944591522217,0.0,-6.240187644958496,-7.037029266357422,0.0,2.021472692489624
1778337185.9715648,-8.054464340209961,0.0,-6.240187644958496,-9.486926078796387,0.0,2.021472692489624
1778337186.0023322,-8.603228569030762,0.0,-6.240187644958496,-9.961811065673828,0.0,2.021472692489624
1778337186.0351863,-9.441302299499512,0.0,-6.240187644958496,-9.281844139099121,0.0,2.021472692489624
1778337186.073957,-9.441302299499512,0.0,-6.240187644958496,-9.281844139099121,0.0,2.021472692489624
1778337186.1118858,-9.722149848937988,0.0,-6.240187644958496,-8.163641929626465,0.0,2.021472692489624
1778337186.1423597,-9.868572235107422,0.0,-6.240187644958496,-0.17028003931045532,0.0,2.021472692489624
1778337186.1747317,-9.352651596069336,0.0,-6.240187644958496,4.369779586791992,0.0,2.021472692489624
1778337186.2116039,-8.465120315551758,0.0,-6.240187644958496,7.96605110168457,0.0,2.021472692489624
1778337186.24194,-7.89225959777832,0.0,-6.240187644958496,9.153709411621094,0.0,2.021472692489624
1778337186.2746274,-6.516445159912109,0.0,-6.240187644958496,9.984719276428223,0.0,2.021472692489624
1778337186.3139186,-6.516445159912109,0.0,-6.240187644958496,9.984719276428223,0.0,2.021472692489624
1778337186.3518858,-5.72707462310791,0.0,-6.240187644958496,9.581931114196777,0.0,2.021472692489624
1778337186.385719,-2.081742525100708,0.0,-6.240187644958496,3.341231346130371,0.0,2.021472692489624
1778337186.418175,-0.0947079285979271,0.0,-6.240187644958496,-1.2917107343673706,0.0,2.021472692489624
1778337186.453806,1.8973454236984253,0.0,-6.240187644958496,-5.6455817222595215,0.0,2.021472692489624
1778337186.483326,2.8702552318573,0.0,-6.240187644958496,-7.4138994216918945,0.0,2.021472692489624
1778337186.5159006,4.721000671386719,0.0,-6.240187644958496,-9.650776863098145,0.0,2.021472692489624
1778337186.5535517,6.383466720581055,0.0,-6.240187644958496,-9.789179801940918,0.0,2.021472692489624
1778337186.5850847,7.122750282287598,0.0,-6.240187644958496,-9.042659759521484,0.0,2.021472692489624
1778337186.6175816,8.379956245422363,0.0,-6.240187644958496,-6.120608806610107,0.0,2.021472692489624
1778337186.6528347,9.300654411315918,0.0,-6.240187644958496,-1.8641656637191772,0.0,2.021472692489624
1778337186.682797,9.62244987487793,0.0,-6.240187644958496,0.48102104663848877,0.0,2.021472692489624
1778337186.7146916,9.972273826599121,0.0,-6.240187644958496,4.964521408081055,0.0,2.021472692489624
1778337186.750871,9.972273826599121,0.0,-6.240187644958496,4.964521408081055,0.0,2.021472692489624
1778337186.7827206,9.74228286743164,0.0,-6.240187644958496,9.414416313171387,0.0,2.021472692489624
1778337186.81512,9.09375286102295,0.0,-6.240187644958496,9.918365478515625,0.0,2.021472692489624
1778337186.8521597,8.076525688171387,0.0,-6.240187644958496,8.254487037658691,0.0,2.021472692489624
1778337186.8822925,7.441778182983398,0.0,-6.240187644958496,6.705646514892578,0.0,2.021472692489624
1778337186.9151535,5.951841831207275,0.0,-6.240187644958496,2.5978331565856934,0.0,2.021472692489624
1778337186.9520514,4.219189643859863,0.0,-6.240187644958496,-2.0800135135650635,0.0,2.021472692489624
1778337186.9840674,3.2834105491638184,0.0,-6.240187644958496,-4.3113884925842285,0.0,2.021472692489624
1778337187.0163767,1.3203747272491455,0.0,-6.240187644958496,-7.945822715759277,0.0,2.021472692489624
1778337187.0516987,-0.6976735591888428,0.0,-6.240187644958496,-9.838874816894531,0.0,2.021472692489624
1778337187.082213,-1.7016326189041138,0.0,-6.240187644958496,-9.983949661254883,0.0,2.021472692489624
1778337187.1148965,-3.648131847381592,0.0,-6.240187644958496,-8.62998104095459,0.0,2.021472692489624
1778337187.1532934,-3.648131847381592,0.0,-6.240187644958496,-8.62998104095459,0.0,2.021472692489624
1778337187.1919405,-4.570695877075195,0.0,-6.240187644958496,-7.205787181854248,0.0,2.021472692489624
1778337187.2241168,-7.707860946655273,0.0,-6.240187644958496,1.4143109321594238,0.0,2.021472692489624
1778337187.25653,-8.83344841003418,0.0,-6.240187644958496,5.772968769073486,0.0,2.021472692489624
1778337187.2917275,-9.597058296203613,0.0,-6.240187644958496,8.862005233764648,0.0,2.021472692489624
1778337187.3220916,-9.83248519897461,0.0,-6.240187644958496,9.701794624328613,0.0,2.021472692489624
1778337187.3550327,-9.998021125793457,0.0,-6.240187644958496,9.738770484924316,0.0,2.021472692489624
1778337187.3939655,-9.998021125793457,0.0,-6.240187644958496,9.738770484924316,0.0,2.021472692489624
1778337187.4320135,-9.92623233795166,0.0,-6.240187644958496,8.933353424072266,0.0,2.021472692489624
1778337187.4641345,-8.636027336120605,0.0,-6.240187644958496,1.5564874410629272,0.0,2.021472692489624
1778337187.4962933,-7.438024520874023,0.0,-6.240187644958496,-3.128251791000366,0.0,2.021472692489624
1778337187.5313816,-5.931652069091797,0.0,-6.240187644958496,-7.123025894165039,0.0,2.021472692489624
1778337187.5627904,-5.081705093383789,0.0,-6.240187644958496,-8.573689460754395,0.0,2.021472692489624
1778337187.5946157,-3.2320470809936523,0.0,-6.240187644958496,-9.978347778320312,0.0,2.021472692489624
1778337187.6338968,-3.2320470809936523,0.0,-6.240187644958496,-9.978347778320312,0.0,2.021472692489624
1778337187.6719518,-2.2514731884002686,0.0,-6.240187644958496,-9.853020668029785,0.0,2.021472692489624
1778337187.7043128,1.8030749559402466,0.0,-6.240187644958496,-4.339014530181885,0.0,2.021472692489624
1778337187.7368376,3.761932134628296,0.0,-6.240187644958496,0.265712708234787,0.0,2.021472692489624
1778337187.7716126,5.565231800079346,0.0,-6.240187644958496,4.812889099121094,0.0,2.021472692489624
1778337187.8023582,6.384615898132324,0.0,-6.240187644958496,6.742572784423828,0.0,2.021472692489624
1778337187.8347433,7.8158159255981445,0.0,-6.240187644958496,9.376283645629883,0.0,2.021472692489624
1778337187.873167,7.8158159255981445,0.0,-6.240187644958496,9.376283645629883,0.0,2.021472692489624
1778337187.905189,9.336538314819336,0.0,-6.240187644958496,9.362762451171875,0.0,2.021472692489624
1778337187.9376488,9.870192527770996,0.0,-6.240187644958496,6.71103572845459,0.0,2.021472692489624
1778337187.9728355,9.990392684936523,0.0,-6.240187644958496,2.5646259784698486,0.0,2.021472692489624
1778337188.0030732,9.892945289611816,0.0,-6.240187644958496,0.21132241189479828,0.0,2.021472692489624
1778337188.0346353,9.387596130371094,0.0,-6.240187644958496,-4.398553848266602,0.0,2.021472692489624
1778337188.0639746,8.98482894897461,0.0,-6.240187644958496,-6.394496917724609,0.0,2.021472692489624
1778337188.0946424,7.899852275848389,0.0,-6.240187644958496,-9.20980453491211,0.0,2.021472692489624
1778337188.1314776,6.481424808502197,0.0,-6.240187644958496,-9.970556259155273,0.0,2.021472692489624
1778337188.162375,5.665182113647461,0.0,-6.240187644958496,-9.507039070129395,0.0,2.021472692489624
1778337188.1947684,3.861402750015259,0.0,-6.240187644958496,-7.020683765411377,0.0,2.021472692489624
1778337188.2246552,2.892862558364868,0.0,-6.240187644958496,-5.13826322555542,0.0,2.021472692489624
1778337188.2572815,0.8735031485557556,0.0,-6.240187644958496,-0.6216323375701904,0.0,2.021472692489624
1778337188.2921848,-1.1840482950210571,0.04373455047607422,-6.152324199676514,4.035462856292725,0.0,2.021472692489624
1778337188.3226144,-2.199887275695801,0.04888533800840378,-6.064405918121338,6.085601329803467,0.0,2.021472692489624
1778337188.3549478,-4.15176248550415,0.0,-6.064405918121338,9.052947998046875,0.0,2.021472692489624
1778337188.3947246,-5.928520679473877,0.0,-6.064405918121338,9.992293357849121,0.0,2.021472692489624
1778337188.4309094,-5.928520679473877,0.0,-6.064405918121338,9.992293357849121,0.0,2.021472692489624
1778337188.4627354,-8.10215950012207,0.0,-6.064405918121338,7.272183895111084,0.0,2.021472692489624
1778337188.4950814,-9.132917404174805,0.0,-6.064405918121338,3.29602313041687,0.0,2.021472692489624
1778337188.532455,-9.774849891662598,0.0,-6.064405918121338,-1.4216991662979126,0.0,2.021472692489624
1778337188.5622969,-9.94053840637207,0.0,-6.064405918121338,-3.7275846004486084,0.0,2.021472692489624
1778337188.5950592,-9.95203685760498,0.0,-6.064405918121338,-7.583324909210205,0.0,2.021472692489624
1778337188.6319911,-9.537883758544922,0.0,-6.064405918121338,-9.734111785888672,0.0,2.021472692489624
1778337188.6641104,-9.175789833068848,-0.046177007257938385,-6.152324199676514,-9.99964714050293,0.0,2.021472692489624
1778337188.6965473,-8.160510063171387,0.0,-6.152324199676514,-8.834736824035645,0.0,2.021472692489624
1778337188.7319808,-6.794534683227539,0.043801721185445786,-6.064405918121338,-5.678607940673828,0.0,2.021472692489624
1778337188.7625253,-5.997642517089844,0.0,-6.064405918121338,-3.561879873275757,0.0,2.021472692489624
1778337188.7948356,-4.21854829788208,0.0,-6.064405918121338,1.1511600017547607,0.0,2.021472692489624
1778337188.8333337,-4.21854829788208,0.0,-6.064405918121338,1.1511600017547607,0.0,2.021472692489624
1778337188.863492,-1.2336487770080566,0.0,-6.064405918121338,7.4129767417907715,0.0,2.021472692489624
1778337188.8959527,0.8425064086914062,0.0,-6.064405918121338,9.674498558044434,0.0,2.021472692489624
1778337188.9331174,2.883535623550415,0.0,-6.064405918121338,9.749585151672363,0.0,2.021472692489624
1778337188.9649503,3.8631420135498047,0.0,-6.064405918121338,8.941019058227539,0.0,2.021472692489624
1778337188.9975586,5.687432289123535,0.0,-6.064405918121338,5.859723091125488,0.0,2.021472692489624
1778337189.0329106,7.266599655151367,0.0,-6.064405918121338,1.4506609439849854,0.0,2.021472692489624
1778337189.0630486,7.942243576049805,0.0,-6.064405918121338,-0.9458737373352051,0.0,2.021472692489624
1778337189.095223,9.028656959533691,0.0,-6.064405918121338,-5.442244052886963,0.0,2.021472692489624
1778337189.1326041,9.723691940307617,-0.041575320065021515,-6.152324199676514,-8.705686569213867,0.0,2.021472692489624
1778337189.1625216,9.914078712463379,0.0,-6.152324199676514,-9.627140045166016,0.0,2.021472692489624
1778337189.195101,9.969758033752441,0.0,-6.152324199676514,-9.786120414733887,0.0,2.021472692489624
1778337189.2322845,9.591286659240723,0.0,-6.152324199676514,-7.722131729125977,0.0,2.021472692489624
1778337189.2643313,9.243430137634277,0.046183958649635315,-6.064405918121338,-5.984904766082764,0.0,2.021472692489624
1778337189.2967331,8.248984336853027,-0.048849545419216156,-6.152324199676514,-1.5941153764724731,0.0,2.021472692489624
1778337189.3319898,6.8936285972595215,0.04378172755241394,-6.064405918121338,3.160693645477295,0.0,2.021472692489624
1778337189.3629289,6.0983734130859375,-0.04888845607638359,-6.152324199676514,5.332870960235596,0.0,2.021472692489624
1778337189.3946888,4.315889358520508,0.0,-6.152324199676514,8.646209716796875,0.0,2.021472692489624
1778337189.433326,2.343266487121582,0.0,-6.152324199676514,9.9901762008667,0.0,2.021472692489624
1778337189.463673,1.3123530149459839,0.0,-6.152324199676514,9.807042121887207,0.0,2.021472692489624
1778337189.4960132,-0.7822118997573853,0.0,-6.152324199676514,7.781564712524414,0.0,2.021472692489624
1778337189.5338223,-2.8436403274536133,0.0,-6.152324199676514,3.979318618774414,0.0,2.021472692489624
1778337189.5713174,-2.8436403274536133,0.0,-6.152324199676514,3.979318618774414,0.0,2.021472692489624
1778337189.6148882,-3.83341121673584,0.03464344143867493,-6.064405918121338,1.671818733215332,0.0,2.021472692489624
1778337189.6531281,-7.951304912567139,-0.041513457894325256,-6.152324199676514,-8.619344711303711,0.0,2.021472692489624
1778337189.6852484,-8.544438362121582,0.0,-6.152324199676514,-9.58187484741211,0.0,2.021472692489624
1778337189.7176423,-9.441768646240234,0.0,-6.152324199676514,-9.814382553100586,0.0,2.021472692489624
1778337189.753017,-9.922006607055664,0.0,-6.152324199676514,-7.798928260803223,0.0,2.021472692489624
1778337189.7829208,-9.998086929321289,0.0,-6.152324199676514,-6.073905944824219,0.0,2.021472692489624
1778337189.8154006,-9.817465782165527,0.0,-6.152324199676514,-1.6840171813964844,0.0,2.021472692489624
1778337189.8528793,-9.201210975646973,0.0,-6.152324199676514,3.093532085418701,0.0,2.021472692489624
1778337189.882946,-8.737299919128418,0.0,-6.152324199676514,5.281599521636963,0.0,2.021472692489624
1778337189.9152684,-7.523240566253662,0.0,-6.152324199676514,8.626008987426758,0.0,2.021472692489624
1778337189.9523723,-5.973727226257324,0.0,-6.152324199676514,9.989286422729492,0.0,2.021472692489624
1778337189.9824522,-5.094048500061035,0.0,-6.152324199676514,9.808880805969238,0.0,2.021472692489624
1778337190.0153055,-3.1735856533050537,0.0,-6.152324199676514,7.774651527404785,0.0,2.021472692489624
1778337190.0520937,-1.1103733777999878,0.0,-6.152324199676514,3.9504685401916504,0.0,2.021472692489624
1778337190.0842528,-0.053816333413124084,0.0,-6.152324199676514,1.6307512521743774,0.0,2.021472692489624
1778337190.1165764,2.050187587738037,0.0,-6.152324199676514,-3.154543876647949,0.0,2.021472692489624
1778337190.1519942,4.063657760620117,0.0,-6.152324199676514,-7.214089393615723,0.0,2.021472692489624
1778337190.1820486,5.007935523986816,0.0,-6.152324199676514,-8.665977478027344,-0.048831261694431305,1.9335819482803345
1778337190.214696,6.7184295654296875,0.0,-6.152324199676514,-9.993037223815918,0.04886236414313316,2.021472692489624
1778337190.2542014,6.7184295654296875,0.0,-6.152324199676514,-9.993037223815918,0.0,2.021472692489624
1778337190.2920737,7.465295314788818,0.0,-6.152324199676514,-9.789981842041016,0.0,2.021472692489624
1778337190.3241494,9.54414176940918,0.0,-6.152324199676514,-3.8442931175231934,0.0,2.021472692489624
1778337190.356596,9.959089279174805,0.0,-6.152324199676514,0.9096944332122803,0.0,2.021472692489624
1778337190.3945923,9.925357818603516,0.0,-6.152324199676514,5.454596519470215,0.0,2.021472692489624
1778337190.432462,9.925357818603516,0.0,-6.152324199676514,5.454596519470215,0.0,2.021472692489624
1778337190.4626842,9.040645599365234,0.0,-6.152324199676514,9.651445388793945,0.0,2.021472692489624
1778337190.4950802,7.9324951171875,0.0,-6.152324199676514,9.75583553314209,0.0,2.021472692489624
1778337190.531967,6.464657306671143,0.0,-6.152324199676514,7.597774028778076,0.0,2.021472692489624
1778337190.5633922,5.615878105163574,0.0,-6.152324199676514,5.808037757873535,0.0,2.021472692489624
1778337190.5947096,3.7364039421081543,0.0,-6.152324199676514,1.326954960823059,0.0,2.021472692489624
1778337190.6316261,1.6862242221832275,0.0,-6.152324199676514,-3.463681221008301,0.0,2.021472692489624
1778337190.6623847,0.625944972038269,0.0,-6.152324199676514,-5.622864246368408,0.0,2.021472692489624
1778337190.694772,-1.5047801733016968,0.0,-6.152324199676514,-8.839149475097656,0.0,2.021472692489624
1778337190.731504,-1.5047801733016968,0.0,-6.152324199676514,-8.839149475097656,0.0,2.021472692489624
1778337190.7625842,-4.545066833496094,0.0,-6.152324199676514,-9.703315734863281,0.0,2.021472692489624
1778337190.7946608,-6.333076477050781,0.0,-6.152324199676514,-7.440990924835205,0.0,2.021472692489624
1778337190.834113,-6.333076477050781,0.0,-6.152324199676514,-7.440990924835205,0.0,2.021472692489624
1778337190.8716846,-7.123687267303467,0.0,-6.152324199676514,-5.60856294631958,0.0,2.021472692489624
1778337190.9038198,-9.39570426940918,0.0,-6.152324199676514,3.709534168243408,0.0,2.021472692489624
1778337190.9360433,-9.909038543701172,0.0,-6.152324199676514,7.630369663238525,0.0,2.021472692489624
1778337190.9725165,-9.968347549438477,0.0,-6.152324199676514,9.770452499389648,0.0,2.021472692489624
1778337191.0036013,-9.82581901550293,0.0,-6.152324199676514,9.99566650390625,0.0,2.021472692489624
1778337191.0359643,-9.204085350036621,0.0,-6.152324199676514,8.689111709594727,0.0,2.021472692489624
1778337191.0729282,-8.158761024475098,0.0,-6.152324199676514,5.3498077392578125,0.0,2.021472692489624
1778337191.1032393,-7.491347789764404,0.0,-6.152324199676514,3.1472740173339844,0.0,2.021472692489624
1778337191.135661,-5.905054569244385,0.0,-6.152324199676514,-1.6778215169906616,0.0,2.021472692489624
1778337191.1733544,-4.0455241203308105,0.0,-6.152324199676514,-6.111285209655762,0.0,2.021472692489624
1778337191.204609,-3.039578914642334,0.0,-6.152324199676514,-7.845670223236084,0.0,2.021472692489624
1778337191.2370744,-0.9332417249679565,0.0,-6.152324199676514,-9.83905029296875,0.0,2.021472692489624
1778337191.272165,1.217469573020935,0.0,-6.152324199676514,-9.52442741394043,0.0,2.021472692489624
1778337191.3026493,2.2783327102661133,0.0,-6.152324199676514,-8.502427101135254,0.0,2.021472692489624
1778337191.3351083,4.309545516967773,0.0,-6.152324199676514,-5.028662204742432,0.0,2.021472692489624
1778337191.3747556,6.142021179199219,0.0,-6.152324199676514,-0.3721127510070801,0.0,2.021472692489624
1778337191.4127266,6.142021179199219,0.0,-6.152324199676514,-0.3721127510070801,0.0,2.021472692489624
1778337191.442831,8.334635734558105,0.0,-6.152324199676514,6.423896312713623,0.0,2.021472692489624
1778337191.4747126,9.325760841369629,0.0,-6.152324199676514,9.275105476379395,0.0,2.021472692489624
1778337191.512472,9.325760841369629,0.0,-6.152324199676514,9.275105476379395,0.0,2.021472692489624
1778337191.542462,9.989935874938965,0.0,-6.152324199676514,9.385740280151367,0.0,2.021472692489624
1778337191.575208,9.853154182434082,0.0,-6.152324199676514,6.653757572174072,0.0,2.021472692489624
1778337191.6124933,9.256058692932129,0.0,-6.152324199676514,2.3513998985290527,0.0,2.021472692489624
1778337191.6442637,8.79255485534668,0.0,-6.152324199676514,-0.0801347941160202,0.0,2.021472692489624
1778337191.6767938,7.5622878074646,0.0,-6.152324199676514,-4.784456253051758,0.0,2.021472692489624
1778337191.711684,5.9770660400390625,0.0,-6.152324199676514,-8.359771728515625,0.0,2.021472692489624
1778337191.7421372,5.073820114135742,0.0,-6.152324199676514,-9.443074226379395,0.0,2.021472692489624
1778337191.7748246,3.0987613201141357,0.0,-6.152324199676514,-9.878643989562988,0.0,2.021472692489624
1778337191.8139496,3.0987613201141357,0.0,-6.152324199676514,-9.878643989562988,0.0,2.021472692489624
1778337191.8522992,2.0501105785369873,0.0,-6.152324199676514,-9.204208374023438,0.0,2.021472692489624
1778337191.8840156,-2.2621500492095947,0.0,-6.152324199676514,-1.8493050336837769,0.0,2.021472692489624
1778337191.9167314,-4.310998439788818,0.0,-6.152324199676514,3.010673999786377,0.0,2.021472692489624
1778337191.9518685,-6.157663822174072,0.0,-6.152324199676514,7.158089637756348,0.0,2.021472692489624
1778337191.9824448,-6.9773359298706055,0.0,-6.152324199676514,8.643345832824707,0.0,2.021472692489624
1778337192.0147617,-8.360611915588379,0.0,-6.152324199676514,9.99395751953125,0.0,2.021472692489624
1778337192.0533643,-9.349170684814453,0.0,-6.152324199676514,8.971161842346191,0.0,2.021472692489624
1778337192.0834854,-9.679795265197754,0.0,-6.152324199676514,7.6236371994018555,0.0,2.021472692489624
1778337192.1159484,-9.99366569519043,0.0,-6.152324199676514,3.656761884689331,0.0,2.021472692489624
1778337192.1530204,-9.833600044250488,0.0,-6.152324199676514,-1.1812008619308472,0.0,2.021472692489624
1778337192.1852674,-9.5770845413208,0.0,-6.152324199676514,-3.5679354667663574,0.0,2.021472692489624
1778337192.2179608,-8.725831031799316,0.0,-6.152324199676514,-7.564215183258057,0.0,2.021472692489624
1778337192.2528758,-7.458940505981445,0.0,-6.152324199676514,-9.759360313415527,0.0,2.021472692489624
1778337192.283083,-6.687558650970459,0.0,-6.152324199676514,-9.996406555175781,0.0,2.021472692489624
1778337192.3146715,-4.914517879486084,0.0,-6.152324199676514,-8.677226066589355,0.0,2.021472692489624
1778337192.350647,-4.914517879486084,0.0,-6.152324199676514,-8.677226066589355,0.0,2.021472692489624
1778337192.3828132,-1.8429348468780518,0.0,-6.152324199676514,-3.0527865886688232,0.0,2.021472692489624
1778337192.4150968,0.3373306691646576,0.0,-6.152324199676514,1.8251715898513794,0.0,2.021472692489624
1778337192.45218,2.502685546875,0.0,-6.152324199676514,6.268316745758057,0.0,2.021472692489624
1778337192.4825747,3.5471930503845215,0.0,-6.152324199676514,7.983234882354736,0.0,2.021472692489624
1778337192.5152586,5.497129440307617,0.0,-6.152324199676514,9.884520530700684,0.0,2.021472692489624
1778337192.5519962,7.1843719482421875,0.0,-6.152324199676514,9.420164108276367,0.0,2.021472692489624
1778337192.5840464,7.903415679931641,0.0,-6.152324199676514,8.312581062316895,0.0,2.021472692489624
1778337192.6165252,9.048755645751953,0.0,-6.152324199676514,4.67803955078125,0.0,2.021472692489624
1778337192.6518657,9.75927448272705,0.0,-6.152324199676514,-0.07915277034044266,0.0,2.021472692489624
1778337192.681996,9.939679145812988,0.0,-6.152324199676514,-2.5256879329681396,0.0,2.021472692489624
1778337192.7148542,9.939403533935547,0.0,-6.152324199676514,-6.818507194519043,0.0,2.021472692489624
1778337192.7541516,9.939403533935547,0.0,-6.152324199676514,-6.818507194519043,0.0,2.021472692489624
1778337192.7928843,9.758520126342773,0.0,-6.152324199676514,-8.402945518493652,0.0,2.021472692489624
1778337192.8243003,7.895129680633545,0.0,-6.152324199676514,-9.140772819519043,0.0,2.021472692489624
1778337192.8565023,6.361822128295898,0.0,-6.152324199676514,-6.113150596618652,0.0,2.021472692489624
1778337192.8915558,4.519400119781494,0.0,-6.152324199676514,-1.6135022640228271,0.0,2.021472692489624
1778337192.9219515,3.5095553398132324,0.0,-6.152324199676514,0.8572622537612915,0.0,2.021472692489624
1778337192.954645,1.3736618757247925,0.0,-6.152324199676514,5.494700908660889,0.0,2.021472692489624
1778337192.9950109,-0.8301758766174316,0.0,-6.152324199676514,8.809118270874023,0.0,2.021472692489624
1778337193.0321114,-2.9948620796203613,0.0,-6.152324199676514,9.999948501586914,0.0,2.021472692489624
1778337193.062318,-4.029352188110352,0.0,-6.152324199676514,9.685733795166016,0.0,2.021472692489624
1778337193.0950055,-5.93942928314209,0.0,-6.152324199676514,7.331765651702881,0.0,2.021472692489624
1778337193.1319282,-7.560822486877441,0.0,-6.152324199676514,3.206124782562256,0.0,2.021472692489624
1778337193.1630983,-8.237709999084473,0.0,-6.152324199676514,0.7793530821800232,0.0,2.021472692489624
1778337193.1949058,-9.28210735321045,0.0,-6.152324199676514,-4.066887855529785,0.0,2.021472692489624
1778337193.2307131,-9.28210735321045,0.0,-6.152324199676514,-4.066887855529785,0.0,2.021472692489624
1778337193.2622547,-9.988158226013184,0.0,-6.152324199676514,-9.185445785522461,0.0,2.021472692489624
1778337193.2935958,-9.8504056930542,0.0,-6.152324199676514,-9.958786964416504,0.0,2.021472692489624
1778337193.3303332,-9.8504056930542,0.0,-6.152324199676514,-9.958786964416504,0.0,2.021472692489624
1778337193.362507,-8.745884895324707,0.0,-6.152324199676514,-6.69719123840332,0.0,2.021472692489624
1778337193.3932917,-7.462523937225342,0.0,-6.152324199676514,-2.340135097503662,0.0,2.021472692489624
1778337193.4300725,-7.462523937225342,0.0,-6.152324199676514,-2.340135097503662,0.0,2.021472692489624
1778337193.4620507,-4.872346878051758,0.0,-6.152324199676514,4.886404991149902,0.0,2.021472692489624
1778337193.4945183,-2.8253321647644043,0.0,-6.152324199676514,8.460599899291992,0.0,2.021472692489624
1778337193.531587,-0.637784481048584,0.0,-6.152324199676514,9.979482650756836,0.0,2.021472692489624
1778337193.5671833,-0.637784481048584,0.0,-6.152324199676514,9.979482650756836,0.0,2.021472692489624
1778337193.6000724,0.47513547539711,0.0,-6.152324199676514,9.829218864440918,0.0,2.021472692489624
1778337193.6313314,4.734984874725342,0.0,-6.152324199676514,3.7901947498321533,0.0,2.021472692489624
1778337193.66159,5.6857194900512695,0.0,-6.152324199676514,1.389418601989746,0.0,2.021472692489624
1778337193.6925395,7.365015506744385,0.0,-6.152324199676514,-3.517241954803467,0.0,2.021472692489624
1778337193.7292082,7.365015506744385,0.0,-6.152324199676514,-3.517241954803467,0.0,2.021472692489624
1778337193.762993,9.179144859313965,0.0,-6.152324199676514,-8.947694778442383,0.0,2.021472692489624
1778337193.7944343,9.830142974853516,0.0,-6.152324199676514,-9.993406295776367,0.0,2.021472692489624
1778337193.8337517,9.992403984069824,0.0,-6.152324199676514,-8.599260330200195,0.0,2.021472692489624
1778337193.8721795,9.992403984069824,0.0,-6.152324199676514,-8.599260330200195,0.0,2.021472692489624
1778337193.904285,9.306731224060059,0.0,-6.152324199676514,-2.8192272186279297,0.0,2.021472692489624
1778337193.9367785,8.262284278869629,0.0,-6.152324199676514,2.1232190132141113,0.0,2.021472692489624
1778337193.973997,6.804558277130127,0.0,-6.152324199676514,6.54752779006958,0.0,2.021472692489624
1778337194.0123777,6.804558277130127,0.0,-6.152324199676514,6.54752779006958,0.0,2.021472692489624
1778337194.0426083,4.005861759185791,0.0,-6.152324199676514,9.943035125732422,0.0,2.021472692489624
1778337194.0751758,1.867445945739746,0.0,-6.152324199676514,9.235692024230957,0.0,2.021472692489624
1778337194.112154,-0.3657926321029663,0.0,-6.152324199676514,6.263265609741211,0.0,2.021472692489624
1778337194.1423802,-1.4830290079116821,0.0,-6.152324199676514,4.137283802032471,0.0,2.021472692489624
1778337194.1746423,-3.648534059524536,0.0,-6.152324199676514,-0.7407720685005188,0.0,2.021472692489624
1778337194.2118206,-5.63176155090332,0.0,-6.152324199676514,-5.438288688659668,0.0,2.021472692489624
1778337194.242122,-6.523236274719238,0.0,-6.152324199676514,-7.348705768585205,0.0,2.021472692489624
1778337194.2747884,-8.049455642700195,0.0,-6.152324199676514,-9.703221321105957,0.0,2.021472692489624
1778337194.3132274,-9.170613288879395,0.0,-6.152324199676514,-9.67155933380127,0.0,2.021472692489624
1778337194.3435047,-9.560516357421875,0.0,-6.152324199676514,-8.738733291625977,0.0,2.021472692489624
1778337194.3759882,-9.973861694335938,0.0,-6.152324199676514,-5.3257246017456055,0.0,2.021472692489624
1778337194.4133344,-9.883092880249023,0.0,-6.152324199676514,-0.5996753573417664,0.0,2.021472692489624
1778337194.4455285,-9.648839950561523,0.0,-6.152324199676514,1.8971525430679321,0.0,2.021472692489624
1778337194.4777558,-8.816914558410645,0.0,-6.152324199676514,6.386490345001221,0.0,2.021472692489624
1778337194.512994,-7.537456512451172,0.0,-6.152324199676514,9.30130386352539,0.0,2.021472692489624
1778337194.543044,-6.749155044555664,0.0,-6.152324199676514,9.922030448913574,0.0,2.021472692489624
1778337194.5759284,-4.925085544586182,0.0,-6.152324199676514,9.296607971191406,0.0,2.021472692489624
1778337194.6126847,-2.8495900630950928,0.0,-6.152324199676514,6.373634338378906,0.0,2.021472692489624
