dt,yaw_cmd,yaw_pos,pitch_cmd,pitch_pos
1.08,0.0,-2.285125494003296,0.0,-4.482452392578125
1.1,0.0,-2.285125494003296,0.0,-4.482452392578125
1.1400000000000001,0.0,-2.285125494003296,-11.500518798828125,-4.482452392578125
1.16,0.0,-2.285125494003296,-11.864034652709961,-4.13088846206665
1.2,0.0,-2.285125494003296,-11.864034652709961,-1.757834792137146
1.24,0.0,-2.285125494003296,-12.040800094604492,3.0761632919311523
1.28,0.0,-2.285125494003296,-12.71102523803711,8.173807144165039
1.32,0.0,-2.285125494003296,-13.021869659423828,13.007804870605469
1.34,0.0,-2.285125494003296,-13.021869659423828,17.57810401916504
1.3800000000000001,0.0,-2.285125494003296,-13.45427131652832,20.56639289855957
1.42,0.0,-2.285125494003296,-13.718111991882324,23.906217575073242
1.44,0.0,-2.285125494003296,-13.718111991882324,27.158180236816406
1.48,0.0,-2.285125494003296,-14.074054718017578,29.970687866210938
1.52,0.0,-2.285125494003296,-14.282951354980469,32.69530487060547
1.54,0.0,-2.285125494003296,-14.467658996582031,36.123023986816406
1.58,0.0,-2.285125494003296,-14.467658996582031,39.6386604309082
1.62,0.0,-2.285125494003296,-14.696649551391602,42.18749237060547
1.6600000000000001,0.0,-2.285125494003296,-14.815484046936035,45.351539611816406
1.68,0.0,-2.285125494003296,-14.815484046936035,48.42770004272461
1.72,0.0,-2.285125494003296,-14.94003963470459,51.503875732421875
1.76,0.0,-2.285125494003296,-14.985618591308594,54.316375732421875
1.78,0.0,-2.285125494003296,-14.985618591308594,57.56832504272461
1.84,0.0,-2.285125494003296,-14.996759414672852,61.435516357421875
1.86,0.0,-2.285125494003296,-14.99509048461914,64.51168060302734
1.9000000000000001,0.0,-2.285125494003296,-14.892523765563965,67.06051635742188
1.92,0.0,-2.285125494003296,-14.789814949035645,69.43355560302734
1.96,0.0,-2.285125494003296,-14.725244522094727,71.45504760742188
2.0,0.0,-2.285125494003296,-14.569215774536133,73.74020385742188
2.02,0.0,-2.285125494003296,-14.569215774536133,76.72848510742188
2.06,0.0,-2.285125494003296,-14.266756057739258,78.74996948242188
2.1,0.0,-2.285125494003296,-14.018721580505371,80.77145385742188
2.12,0.0,-2.285125494003296,-13.733080863952637,83.05660247802734
2.16,0.0,-2.285125494003296,-13.576065063476562,84.99020385742188
2.2,0.0,-2.285125494003296,-13.233515739440918,86.7480239868164
2.22,0.0,-2.285125494003296,-13.233515739440918,88.94528198242188
2.2600000000000002,0.0,-2.285125494003296,-12.64828109741211,90.52731323242188
2.3000000000000003,0.0,-2.285125494003296,-12.21061897277832,92.63668823242188
2.32,0.0,-2.285125494003296,-11.735227584838867,94.30661010742188
2.36,0.0,-2.285125494003296,-11.483504295349121,95.09762573242188
2.4,0.0,-2.285125494003296,-10.952326774597168,96.50387573242188
2.42,0.0,-2.285125494003296,-10.384733200073242,98.17378997802734
2.46,0.0,-2.285125494003296,-10.087528228759766,99.31637573242188
2.5,0.0,-2.285125494003296,-9.466891288757324,100.19528198242188
2.52,0.0,-2.285125494003296,-8.812201499938965,101.42575073242188
2.56,0.0,-2.285125494003296,-8.472472190856934,102.12887573242188
2.6,0.0,-2.285125494003296,-7.7691144943237305,103.18355560302734
2.62,0.0,-2.285125494003296,-7.035190582275391,103.71090698242188
2.66,0.0,-2.285125494003296,-6.657296180725098,104.15036010742188
2.7,0.0,-2.285125494003296,-5.880806922912598,104.23825073242188
2.72,0.0,-2.285125494003296,-5.078407287597656,104.32614135742188
2.7600000000000002,0.0,-2.285125494003296,-4.6681694984436035,104.32614135742188
2.8000000000000003,0.0,-2.285125494003296,-3.8310787677764893,104.32614135742188
2.84,0.0,-2.285125494003296,-2.973917245864868,104.41403198242188
2.86,0.0,-2.285125494003296,-2.973917245864868,104.41403198242188
2.9,0.0,-2.285125494003296,-1.6564167737960815,104.41403198242188
2.92,0.0,-2.285125494003296,-0.7611226439476013,104.41403198242188
2.96,0.0,-2.285125494003296,-0.3095361590385437,104.23825073242188
3.0,0.0,-2.285125494003296,0.5994960069656372,104.15036010742188
3.02,0.0,-2.285125494003296,0.5994960069656372,103.71090698242188
3.06,0.0,-2.285125494003296,1.9713343381881714,102.3925552368164
3.1,0.0,-2.285125494003296,2.886256694793701,101.6015396118164
3.12,0.0,-2.285125494003296,2.886256694793701,100.10739135742188
3.16,0.0,-2.285125494003296,4.249905109405518,99.14058685302734
3.2,0.0,-2.285125494003296,5.14754581451416,98.08590698242188
3.22,0.0,-2.285125494003296,6.031374931335449,96.3281021118164
3.2600000000000002,0.0,-2.285125494003296,6.466838836669922,93.69136810302734
3.3000000000000003,0.0,-2.285125494003296,7.32228422164917,92.54878997802734
3.3200000000000003,0.0,-2.285125494003296,8.153605461120605,89.64839935302734
3.36,0.0,-2.285125494003296,8.558907508850098,87.45114135742188
3.4,0.0,-2.285125494003296,9.346153259277344,85.07808685302734
3.42,0.0,-2.285125494003296,10.098743438720703,81.73825073242188
3.46,0.0,-2.285125494003296,10.460729598999023,79.80465698242188
3.5,0.0,-2.285125494003296,11.15347957611084,77.08004760742188
3.52,0.0,-2.285125494003296,11.80117416381836,74.00387573242188
3.56,0.0,-2.285125494003296,11.80117416381836,70.66403198242188
3.6,0.0,-2.285125494003296,12.679448127746582,68.46676635742188
3.62,0.0,-2.285125494003296,13.19711971282959,66.79684448242188
3.66,0.0,-2.285125494003296,13.434200286865234,63.984344482421875
3.68,0.0,-2.285125494003296,13.862627029418945,61.347625732421875
3.72,0.0,-2.285125494003296,13.862627029418945,57.91988754272461
3.7600000000000002,0.0,-2.285125494003296,14.384645462036133,55.10738754272461
3.8000000000000003,0.0,-2.285125494003296,14.647705078125,52.20699691772461
3.8200000000000003,0.0,-2.285125494003296,14.647705078125,48.515594482421875
3.86,0.0,-2.285125494003296,14.907937049865723,45.966773986816406
3.88,0.0,-2.285125494003296,14.988374710083008,43.066375732421875
3.92,0.0,-2.285125494003296,14.999910354614258,40.4296760559082
3.96,0.0,-2.285125494003296,14.964569091796875,37.79294967651367
3.98,0.0,-2.285125494003296,14.964569091796875,34.628875732421875
4.04,0.0,-2.285125494003296,14.917346954345703,30.849597930908203
4.0600000000000005,0.0,-2.285125494003296,14.381175994873047,28.388652801513672
4.1,0.0,-2.285125494003296,14.213576316833496,26.10348892211914
4.14,0.0,-2.285125494003296,13.818135261535645,24.169891357421875
4.16,0.0,-2.285125494003296,13.818135261535645,21.972646713256836
4.2,0.0,-2.285125494003296,13.075882911682129,19.687484741210938
4.24,0.0,-2.285125494003296,12.483582496643066,18.10544776916504
4.26,0.0,-2.285125494003296,11.815546989440918,16.347631454467773
4.3,0.0,-2.285125494003296,11.453896522521973,15.029267311096191
4.34,0.0,-2.285125494003296,10.677167892456055,14.062468528747559
4.36,0.0,-2.285125494003296,9.832049369812012,12.744132041931152
4.4,0.0,-2.285125494003296,9.385040283203125,12.392568588256836
4.44,0.0,-2.285125494003296,8.444814682006836,11.513660430908203
4.48,0.0,-2.285125494003296,7.446960926055908,10.81053352355957
4.5,0.0,-2.285125494003296,7.446960926055908,10.458970069885254
4.54,0.0,-2.285125494003296,5.853733539581299,10.019515037536621
4.58,0.0,-2.285125494003296,4.735857009887695,10.019515037536621
4.62,0.0,-2.285125494003296,3.580895185470581,10.107406616210938
4.64,0.0,-2.285125494003296,3.580895185470581,10.107406616210938
4.68,0.0,-2.285125494003296,1.7942084074020386,10.107406616210938
4.72,0.0,-2.285125494003296,0.5777893662452698,10.546859741210938
4.74,0.0,-2.285125494003296,-0.6496877670288086,12.30467700958252
4.78,0.0,-2.285125494003296,-1.2650138139724731,12.919914245605469
4.82,0.0,-2.285125494003296,-2.493572950363159,14.677703857421875
4.84,0.0,-2.285125494003296,-3.712153673171997,16.611303329467773
4.88,0.0,-2.285125494003296,-4.31496524810791,18.19333839416504
4.9,0.0,-2.285125494003296,-5.5020856857299805,20.039047241210938
4.94,0.0,-2.285125494003296,-6.084162712097168,22.67577362060547
4.98,0.0,-2.285125494003296,-7.219760417938232,24.785127639770508
5.0200000000000005,0.0,-2.285125494003296,-8.309855461120605,27.77341651916504
5.04,0.0,-2.285125494003296,-8.309855461120605,30.410144805908203
5.08,0.0,-2.285125494003296,-9.840420722961426,32.34374237060547
5.12,0.0,-2.285125494003296,-10.778545379638672,35.50778579711914
5.14,0.0,-2.285125494003296,-11.641199111938477,39.19920349121094
5.18,0.0,-2.285125494003296,-12.04174518585205,42.451168060302734
5.22,0.0,-2.285125494003296,-12.776549339294434,45.43942642211914
5.24,0.0,-2.285125494003296,-13.417044639587402,49.13082504272461
5.28,0.0,-2.285125494003296,-13.699835777282715,52.470672607421875
5.32,0.0,-2.285125494003296,-14.186674118041992,55.81051254272461
5.34,0.0,-2.285125494003296,-14.563922882080078,59.589813232421875
5.38,0.0,-2.285125494003296,-14.709905624389648,62.578086853027344
5.42,0.0,-2.285125494003296,-14.913944244384766,65.65426635742188
5.44,0.0,-2.285125494003296,-14.9978666305542,68.81832885742188
5.48,0.0,-2.285125494003296,-14.99392318725586,71.63082885742188
5.5200000000000005,0.0,-2.285125494003296,-14.893036842346191,73.91598510742188
5.54,0.0,-2.285125494003296,-14.667319297790527,76.99215698242188
5.58,0.0,-2.285125494003296,-14.507584571838379,79.01363372802734
5.62,0.0,-2.285125494003296,-14.094839096069336,81.21090698242188
5.64,0.0,-2.285125494003296,-13.55917739868164,83.23239135742188
5.68,0.0,-2.285125494003296,-13.24606704711914,84.90231323242188
5.72,0.0,-2.285125494003296,-12.531547546386719,86.48434448242188
5.74,0.0,-2.285125494003296,-11.703166007995605,87.97847747802734
5.78,0.0,-2.285125494003296,-11.24799919128418,89.20894622802734
5.82,0.0,-2.285125494003296,-10.259790420532227,89.99996185302734
5.86,0.0,-2.285125494003296,-9.174015045166016,90.70309448242188
5.88,0.0,-2.285125494003296,-9.174015045166016,92.19723510742188
5.92,0.0,-2.285125494003296,-7.381259441375732,92.37301635742188
5.96,0.0,-2.285125494003296,-6.090987682342529,92.46090698242188
6.0,0.0,-2.285125494003296,-6.090987682342529,92.46090698242188
6.04,0.0,-2.285125494003296,-5.42136812210083,92.46090698242188
6.08,0.0,-2.285125494003296,-1.8885291814804077,92.63668823242188
6.1000000000000005,0.0,-2.285125494003296,-1.8885291814804077,92.63668823242188
6.140000000000001,0.0,-2.285125494003296,0.32016921043395996,92.63668823242188
6.18,0.0,-2.285125494003296,1.8007234334945679,92.37301635742188
6.22,0.0,-2.285125494003296,3.2707130908966064,91.8456802368164
6.24,0.0,-2.285125494003296,3.2707130908966064,87.80270385742188
6.28,0.0,-2.285125494003296,5.423266887664795,85.25387573242188
6.32,0.0,-2.285125494003296,6.801488876342773,82.44137573242188
6.34,0.0,-2.285125494003296,6.801488876342773,78.83785247802734
6.38,0.0,-2.285125494003296,8.746517181396484,76.90426635742188
6.42,0.0,-2.285125494003296,9.94062328338623,74.26753997802734
6.44,0.0,-2.285125494003296,11.036528587341309,70.04878997802734
6.48,0.0,-2.285125494003296,11.543550491333008,66.97262573242188
6.5200000000000005,0.0,-2.285125494003296,12.46800422668457,64.07223510742188
6.54,0.0,-2.285125494003296,13.263440132141113,60.996063232421875
6.58,0.0,-2.285125494003296,13.609460830688477,57.74410629272461
6.62,0.0,-2.285125494003296,14.192177772521973,54.58004379272461
6.640000000000001,0.0,-2.285125494003296,14.622255325317383,50.624969482421875
6.68,0.0,-2.285125494003296,14.77783489227295,47.63668441772461
6.72,0.0,-2.285125494003296,14.966530799865723,44.64841079711914
6.74,0.0,-2.285125494003296,14.988490104675293,40.9570198059082
6.78,0.0,-2.285125494003296,14.936075210571289,38.05662155151367
6.82,0.0,-2.285125494003296,14.70376205444336,35.50778579711914
6.84,0.0,-2.285125494003296,14.301974296569824,32.60741424560547
6.88,0.0,-2.285125494003296,14.038188934326172,30.32225227355957
6.92,0.0,-2.285125494003296,13.38726806640625,28.476543426513672
6.94,0.0,-2.285125494003296,12.576626777648926,26.894508361816406
6.98,0.0,-2.285125494003296,12.11367130279541,25.312471389770508
7.0200000000000005,0.0,-2.285125494003296,11.078118324279785,24.609344482421875
7.04,0.0,-2.285125494003296,9.905326843261719,23.11522674560547
7.08,0.0,-2.285125494003296,9.27127456665039,22.58788299560547
7.1000000000000005,0.0,-2.285125494003296,7.9164814949035645,22.499990463256836
7.140000000000001,0.0,-2.285125494003296,7.199520111083984,22.499990463256836
7.18,0.0,-2.285125494003296,5.696686267852783,22.499990463256836
7.22,0.0,-2.285125494003296,5.696686267852783,22.499990463256836
7.24,0.0,-2.285125494003296,4.915187835693359,22.412099838256836
7.28,0.0,-2.285125494003296,1.6435967683792114,22.412099838256836
7.32,0.0,-2.285125494003296,-0.04435183107852936,22.499990463256836
7.36,0.0,-2.285125494003296,-1.7389297485351562,22.58788299560547
7.38,0.0,-2.285125494003296,-1.7389297485351562,25.13669204711914
7.42,0.0,-2.285125494003296,-5.060304641723633,27.509742736816406
7.46,0.0,-2.285125494003296,-5.8603997230529785,29.443344116210938
7.48,0.0,-2.285125494003296,-7.405083179473877,32.958980560302734
7.5200000000000005,0.0,-2.285125494003296,-8.144296646118164,36.826148986816406
7.5600000000000005,0.0,-2.285125494003296,-9.543389320373535,40.1660041809082
7.58,0.0,-2.285125494003296,-10.820006370544434,43.857391357421875
7.62,0.0,-2.285125494003296,-11.40641975402832,47.724578857421875
7.66,0.0,-2.285125494003296,-12.464354515075684,51.064422607421875
7.68,0.0,-2.285125494003296,-13.355582237243652,55.371063232421875
7.72,0.0,-2.285125494003296,-13.734082221984863,58.623016357421875
7.76,0.0,-2.285125494003296,-14.348868370056152,62.226531982421875
7.8,0.0,-2.285125494003296,-14.765166282653809,66.18161010742188
7.82,0.0,-2.285125494003296,-14.765166282653809,69.78511810302734
7.86,0.0,-2.285125494003296,-14.999981880187988,72.94918823242188
7.9,0.0,-2.285125494003296,-14.889802932739258,75.76168823242188
7.92,0.0,-2.285125494003296,-14.564626693725586,78.48629760742188
7.96,0.0,-2.285125494003296,-14.321959495544434,80.41989135742188
8.0,0.0,-2.285125494003296,-13.679301261901855,82.2656021118164
8.02,0.0,-2.285125494003296,-12.833003044128418,83.93551635742188
8.06,0.0,-2.285125494003296,-12.336535453796387,85.60543823242188
8.1,0.0,-2.285125494003296,-11.204776763916016,86.7480239868164
8.120000000000001,0.0,-2.285125494003296,-11.204776763916016,87.45114135742188
8.16,0.0,-2.285125494003296,-9.189224243164062,88.50582885742188
8.18,0.0,-2.285125494003296,-7.660440444946289,89.29684448242188
8.22,0.0,-2.285125494003296,-6.848439693450928,89.29684448242188
8.26,0.0,-2.285125494003296,-5.143932342529297,89.29684448242188
8.28,0.0,-2.285125494003296,-5.143932342529297,89.03317260742188
8.32,0.0,-2.285125494003296,-2.4339754581451416,89.03317260742188
8.36,0.0,-2.285125494003296,-0.5651265978813171,88.59371185302734
8.38,0.0,-2.285125494003296,-0.5651265978813171,86.57223510742188
8.44,0.0,-2.285125494003296,3.19094181060791,84.81442260742188
8.46,0.0,-2.285125494003296,3.19094181060791,83.23239135742188
8.5,0.0,-2.285125494003296,5.905777454376221,80.24411010742188
8.540000000000001,0.0,-2.285125494003296,7.61077356338501,76.64059448242188
8.56,0.0,-2.285125494003296,9.197985649108887,72.50972747802734
8.6,0.0,-2.285125494003296,9.938758850097656,69.34566497802734
8.64,0.0,-2.285125494003296,11.298304557800293,66.09371948242188
8.66,0.0,-2.285125494003296,11.298304557800293,62.66598129272461
8.700000000000001,0.0,-2.285125494003296,12.987929344177246,60.20504379272461
8.72,0.0,-2.285125494003296,13.850495338439941,56.425750732421875
8.76,0.0,-2.285125494003296,14.195910453796387,52.910125732421875
8.8,0.0,-2.285125494003296,14.706039428710938,49.218719482421875
8.82,0.0,-2.285125494003296,14.706039428710938,45.43942642211914
8.86,0.0,-2.285125494003296,14.999983787536621,42.36327362060547
8.9,0.0,-2.285125494003296,14.87276554107666,39.19920349121094
8.92,0.0,-2.285125494003296,14.87276554107666,35.859352111816406
8.96,0.0,-2.285125494003296,14.19561767578125,33.310516357421875
9.0,0.0,-2.285125494003296,13.427449226379395,30.849597930908203
9.02,0.0,-2.285125494003296,12.417962074279785,29.355453491210938
9.06,0.0,-2.285125494003296,11.827386856079102,28.124980926513672
9.1,0.0,-2.285125494003296,10.486324310302734,27.33396339416504
9.120000000000001,0.0,-2.285125494003296,8.950789451599121,26.982398986816406
9.16,0.0,-2.285125494003296,8.11805534362793,26.10348892211914
9.200000000000001,0.0,-2.285125494003296,6.3405842781066895,26.01559829711914
9.22,0.0,-2.285125494003296,4.440063953399658,26.01559829711914
9.26,0.0,-2.285125494003296,3.4541897773742676,26.10348892211914
9.3,0.0,-2.285125494003296,1.4335880279541016,27.42185401916504
9.32,0.0,-2.285125494003296,-0.6209753155708313,29.443344116210938
9.36,0.0,-2.285125494003296,-1.64899480342865,31.376941680908203
9.4,0.0,-2.285125494003296,-3.6821091175079346,33.749969482421875
9.42,0.0,-2.285125494003296,-5.652069568634033,37.35349655151367
9.46,0.0,-2.285125494003296,-6.601272106170654,39.9902229309082
9.48,0.0,-2.285125494003296,-8.404561042785645,42.978485107421875
9.52,0.0,-2.285125494003296,-9.249556541442871,46.669898986816406
9.56,0.0,-2.285125494003296,-10.804635047912598,49.833953857421875
9.58,0.0,-2.285125494003296,-10.804635047912598,54.49215316772461
9.64,0.0,-2.285125494003296,-13.266398429870605,58.007781982421875
9.66,0.0,-2.285125494003296,-13.266398429870605,62.84176254272461
9.700000000000001,0.0,-2.285125494003296,-14.442458152770996,66.53317260742188
9.74,0.0,-2.285125494003296,-14.870402336120605,70.13668823242188
9.76,0.0,-2.285125494003296,-14.999110221862793,73.82809448242188
9.8,0.0,-2.285125494003296,-14.949238777160645,77.08004760742188
9.84,0.0,-2.285125494003296,-14.620386123657227,79.01363372802734
9.86,0.0,-2.285125494003296,-14.620386123657227,81.73825073242188
9.9,0.0,-2.285125494003296,-13.564205169677734,83.93551635742188
9.92,0.0,-2.285125494003296,-12.50174331665039,85.34176635742188
9.96,0.0,-2.285125494003296,-11.869709968566895,86.48434448242188
10.0,0.0,-2.285125494003296,-10.418971061706543,87.27536010742188
10.02,0.0,-2.285125494003296,-8.743391036987305,87.45114135742188
10.06,0.0,-2.285125494003296,-7.831544876098633,87.53902435302734
10.1,0.0,-2.285125494003296,-5.882888317108154,87.53902435302734
10.120000000000001,0.0,-2.285125494003296,-5.882888317108154,87.45114135742188
10.16,0.0,-2.285125494003296,-2.7246510982513428,87.45114135742188
10.200000000000001,0.0,-2.285125494003296,-0.5271359086036682,87.18746185302734
10.22,0.0,-2.285125494003296,1.689023494720459,85.60543823242188
10.26,0.0,-2.285125494003296,2.788933515548706,82.1777114868164
10.3,0.0,-2.285125494003296,4.9419026374816895,79.27730560302734
10.32,0.0,-2.285125494003296,6.992185115814209,76.02536010742188
10.36,0.0,-2.285125494003296,7.96409273147583,72.0702896118164
10.4,0.0,-2.285125494003296,9.773301124572754,69.08200073242188
10.42,0.0,-2.285125494003296,11.367976188659668,65.12691497802734
10.46,0.0,-2.285125494003296,12.072705268859863,61.87497329711914
10.5,0.0,-2.285125494003296,13.275362968444824,58.18355941772461
10.52,0.0,-2.285125494003296,14.177757263183594,53.61324691772461
10.56,0.0,-2.285125494003296,14.508676528930664,49.65816879272461
10.6,0.0,-2.285125494003296,14.918457984924316,46.318336486816406
10.620000000000001,0.0,-2.285125494003296,14.98236083984375,42.18749237060547
10.66,0.0,-2.285125494003296,14.882795333862305,39.19920349121094
10.700000000000001,0.0,-2.285125494003296,14.421486854553223,36.386695861816406
10.72,0.0,-2.285125494003296,13.61782169342041,33.749969482421875
10.76,0.0,-2.285125494003296,13.092260360717773,31.640615463256836
10.78,0.0,-2.285125494003296,11.807456970214844,30.14647102355957
10.82,0.0,-2.285125494003296,11.055205345153809,29.619125366210938
10.86,0.0,-2.285125494003296,9.351993560791016,28.476543426513672
10.88,0.0,-2.285125494003296,9.351993560791016,28.300764083862305
10.92,0.0,-2.285125494003296,6.376245498657227,27.77341651916504
10.96,0.0,-2.285125494003296,4.179542541503906,27.77341651916504
10.98,0.0,-2.285125494003296,4.179542541503906,27.77341651916504
11.02,0.0,-2.285125494003296,0.6964815855026245,28.300764083862305
11.06,0.0,-2.285125494003296,-1.6681110858917236,30.937488555908203
11.08,0.0,-2.285125494003296,-1.6681110858917236,34.540985107421875
11.120000000000001,0.0,-2.285125494003296,-5.131814002990723,36.386695861816406
11.16,0.0,-2.285125494003296,-7.299956798553467,39.55076599121094
11.18,0.0,-2.285125494003296,-7.299956798553467,44.20895767211914
11.22,0.0,-2.285125494003296,-10.200545310974121,48.339813232421875
11.26,0.0,-2.285125494003296,-11.825159072875977,52.20699691772461
11.28,0.0,-2.285125494003296,-11.825159072875977,57.831993103027344
11.32,0.0,-2.285125494003296,-13.688199996948242,61.347625732421875
11.36,0.0,-2.285125494003296,-14.496541023254395,65.39059448242188
11.38,0.0,-2.285125494003296,-14.928276062011719,69.78511810302734
11.42,0.0,-2.285125494003296,-14.997920036315918,73.03707885742188
11.46,0.0,-2.285125494003296,-14.840283393859863,76.11325073242188
11.48,0.0,-2.285125494003296,-14.840283393859863,78.83785247802734
11.52,0.0,-2.285125494003296,-13.867720603942871,81.29879760742188
11.56,0.0,-2.285125494003296,-12.748847007751465,82.79293823242188
11.58,0.0,-2.285125494003296,-12.748847007751465,84.19918060302734
11.620000000000001,0.0,-2.285125494003296,-10.43182373046875,86.13278198242188
11.66,0.0,-2.285125494003296,-8.518163681030273,86.57223510742188
11.68,0.0,-2.285125494003296,-6.366207122802734,86.48434448242188
11.72,0.0,-2.285125494003296,-5.218469619750977,86.22067260742188
11.74,0.0,-2.285125494003296,-2.818054437637329,85.34176635742188
11.78,0.0,-2.285125494003296,-1.5817290544509888,83.14450073242188
11.82,0.0,-2.285125494003296,0.920628011226654,81.38668823242188
11.84,0.0,-2.285125494003296,3.4044039249420166,78.48629760742188
11.88,0.0,-2.285125494003296,4.617388725280762,75.67379760742188
11.92,0.0,-2.285125494003296,6.942286968231201,72.42184448242188
11.94,0.0,-2.285125494003296,6.942286968231201,68.37887573242188
11.98,0.0,-2.285125494003296,10.052980422973633,66.00582885742188
12.02,0.0,-2.285125494003296,11.786632537841797,63.193328857421875
12.040000000000001,0.0,-2.285125494003296,13.18602466583252,57.74410629272461
12.08,0.0,-2.285125494003296,13.746427536010742,53.789031982421875
12.120000000000001,0.0,-2.285125494003296,14.566303253173828,49.394500732421875
12.14,0.0,-2.285125494003296,14.963377952575684,45.08786392211914
12.18,0.0,-2.285125494003296,14.9981107711792,41.48436737060547
12.22,0.0,-2.285125494003296,14.736382484436035,38.14451217651367
12.24,0.0,-2.285125494003296,14.037790298461914,34.98044204711914
12.280000000000001,0.0,-2.285125494003296,13.529519081115723,33.04684066772461
12.32,0.0,-2.285125494003296,12.21180248260498,30.761707305908203
12.34,0.0,-2.285125494003296,10.523959159851074,29.882797241210938
12.38,0.0,-2.285125494003296,9.555779457092285,29.531234741210938
12.42,0.0,-2.285125494003296,7.40587043762207,29.531234741210938
12.44,0.0,-2.285125494003296,7.40587043762207,29.531234741210938
12.48,0.0,-2.285125494003296,3.76934814453125,29.531234741210938
12.5,0.0,-2.285125494003296,1.176378846168518,29.531234741210938
12.540000000000001,0.0,-2.285125494003296,-0.14142614603042603,29.794906616210938
12.58,0.0,-2.285125494003296,-2.768920421600342,31.289051055908203
12.6,0.0,-2.285125494003296,-2.768920421600342,35.859352111816406
12.64,0.0,-2.285125494003296,-6.5367841720581055,39.46287536621094
12.68,0.0,-2.285125494003296,-8.817145347595215,42.978485107421875
12.700000000000001,0.0,-2.285125494003296,-8.817145347595215,49.482391357421875
12.74,0.0,-2.285125494003296,-11.706986427307129,53.876922607421875
12.780000000000001,0.0,-2.285125494003296,-13.187103271484375,57.74410629272461
12.8,0.0,-2.285125494003296,-14.249749183654785,63.193328857421875
12.84,0.0,-2.285125494003296,-14.612249374389648,67.3241958618164
12.88,0.0,-2.285125494003296,-14.982710838317871,71.19137573242188
12.9,0.0,-2.285125494003296,-14.868884086608887,74.88278198242188
12.94,0.0,-2.285125494003296,-14.629687309265137,77.69527435302734
12.98,0.0,-2.285125494003296,-13.794072151184082,79.62887573242188
13.0,0.0,-2.285125494003296,-12.503494262695312,81.56246948242188
13.040000000000001,0.0,-2.285125494003296,-11.699201583862305,82.70504760742188
13.08,0.0,-2.285125494003296,-9.803821563720703,82.96871948242188
13.1,0.0,-2.285125494003296,-7.577404022216797,83.75972747802734
13.14,0.0,-2.285125494003296,-6.362109184265137,83.75972747802734
13.16,0.0,-2.285125494003296,-3.7770135402679443,83.4081802368164
13.200000000000001,0.0,-2.285125494003296,-2.428616523742676,82.35348510742188
13.24,0.0,-2.285125494003296,0.32356271147727966,79.98043823242188
13.280000000000001,0.0,-2.285125494003296,3.071882963180542,76.64059448242188
13.3,0.0,-2.285125494003296,3.071882963180542,73.21286010742188
13.34,0.0,-2.285125494003296,6.982173442840576,71.36715698242188
13.36,0.0,-2.285125494003296,9.315502166748047,69.43355560302734
13.4,0.0,-2.285125494003296,10.368392944335938,66.26950073242188
13.44,0.0,-2.285125494003296,12.199438095092773,60.908172607421875
13.46,0.0,-2.285125494003296,13.609936714172363,55.45895004272461
13.5,0.0,-2.285125494003296,14.140409469604492,50.88863754272461
13.540000000000001,0.0,-2.285125494003296,14.82622241973877,46.933570861816406
13.56,0.0,-2.285125494003296,14.990316390991211,42.09960174560547
13.6,0.0,-2.285125494003296,14.872913360595703,38.75975036621094
13.64,0.0,-2.285125494003296,14.2418851852417,35.771461486816406
13.66,0.0,-2.285125494003296,13.099984169006348,33.13473129272461
13.700000000000001,0.0,-2.285125494003296,12.348365783691406,31.025379180908203
13.74,0.0,-2.285125494003296,10.515409469604492,30.23436164855957
13.76,0.0,-2.285125494003296,8.297040939331055,30.05858039855957
13.8,0.0,-2.285125494003296,7.067146301269531,30.05858039855957
13.84,0.0,-2.285125494003296,4.42060661315918,30.05858039855957
13.86,0.0,-2.285125494003296,1.6053545475006104,30.32225227355957
13.9,0.0,-2.285125494003296,0.1663161963224411,32.871089935302734
13.94,0.0,-2.285125494003296,-2.7084054946899414,35.859352111816406
13.96,0.0,-2.285125494003296,-2.7084054946899414,39.72654724121094
14.0,0.0,-2.285125494003296,-6.812377452850342,41.92382049560547
14.040000000000001,0.0,-2.285125494003296,-9.259173393249512,44.91208267211914
14.08,0.0,-2.285125494003296,-11.363842010498047,51.32809066772461
14.1,0.0,-2.285125494003296,-11.363842010498047,57.040985107421875
14.14,0.0,-2.285125494003296,-13.703795433044434,60.908172607421875
14.18,0.0,-2.285125494003296,-14.627785682678223,65.47848510742188
14.200000000000001,0.0,-2.285125494003296,-14.627785682678223,70.83981323242188
14.24,0.0,-2.285125494003296,-14.962231636047363,73.91598510742188
14.26,0.0,-2.285125494003296,-14.465625762939453,77.34371948242188
14.3,0.0,-2.285125494003296,-14.004989624023438,79.18942260742188
14.34,0.0,-2.285125494003296,-12.67884349822998,81.12301635742188
14.36,0.0,-2.285125494003296,-10.854893684387207,82.2656021118164
14.4,0.0,-2.285125494003296,-9.7767333984375,82.70504760742188
14.44,0.0,-2.285125494003296,-7.339065074920654,82.79293823242188
14.46,0.0,-2.285125494003296,-4.6057610511779785,82.70504760742188
14.5,0.0,-2.285125494003296,-3.161085844039917,82.44137573242188
14.540000000000001,0.0,-2.285125494003296,-0.18668045103549957,81.03512573242188
14.56,0.0,-2.285125494003296,-0.18668045103549957,77.34371948242188
14.6,0.0,-2.285125494003296,4.264659881591797,75.67379760742188
14.64,0.0,-2.285125494003296,7.051173686981201,73.30075073242188
14.66,0.0,-2.285125494003296,7.051173686981201,68.99411010742188
14.700000000000001,0.0,-2.285125494003296,10.675579071044922,65.30269622802734
14.74,0.0,-2.285125494003296,12.575023651123047,60.38082504272461
14.76,0.0,-2.285125494003296,13.964235305786133,54.316375732421875
14.8,0.0,-2.285125494003296,14.447641372680664,49.833953857421875
14.84,0.0,-2.285125494003296,14.964600563049316,45.26364517211914
14.86,0.0,-2.285125494003296,14.862967491149902,40.86913299560547
14.9,0.0,-2.285125494003296,14.579119682312012,37.26560592651367
14.94,0.0,-2.285125494003296,13.557435035705566,35.15622329711914
14.96,0.0,-2.285125494003296,11.965210914611816,33.04684066772461
15.0,0.0,-2.285125494003296,10.97394847869873,31.289051055908203
15.02,0.0,-2.285125494003296,8.651209831237793,31.025379180908203
15.06,0.0,-2.285125494003296,7.343603610992432,31.025379180908203
15.1,0.0,-2.285125494003296,4.503782272338867,31.025379180908203
15.120000000000001,0.0,-2.285125494003296,1.46511971950531,31.992177963256836
15.16,0.0,-2.285125494003296,-0.08870327472686768,34.98044204711914
15.200000000000001,0.0,-2.285125494003296,-3.1820969581604004,38.14451217651367
15.22,0.0,-2.285125494003296,-3.1820969581604004,42.275386810302734
15.26,0.0,-2.285125494003296,-7.536942481994629,45.175758361816406
15.3,0.0,-2.285125494003296,-10.0643949508667,48.86715316772461
15.32,0.0,-2.285125494003296,-10.0643949508667,55.63473129272461
15.36,0.0,-2.285125494003296,-13.011299133300781,59.501922607421875
15.4,0.0,-2.285125494003296,-14.282536506652832,63.369110107421875
15.42,0.0,-2.285125494003296,-14.925374031066895,69.69723510742188
15.46,0.0,-2.285125494003296,-14.999751091003418,74.79488372802734
15.5,0.0,-2.285125494003296,-14.6474609375,77.95895385742188
15.52,0.0,-2.285125494003296,-13.639561653137207,80.33200073242188
15.56,0.0,-2.285125494003296,-12.901386260986328,81.9140396118164
15.6,0.0,-2.285125494003296,-10.995521545410156,82.96871948242188
15.620000000000001,0.0,-2.285125494003296,-8.588244438171387,83.32028198242188
15.66,0.0,-2.285125494003296,-7.228882789611816,83.4081802368164
15.700000000000001,0.0,-2.285125494003296,-4.274421215057373,83.23239135742188
15.72,0.0,-2.285125494003296,-4.274421215057373,81.65036010742188
15.76,0.0,-2.285125494003296,0.4914034903049469,81.03512573242188
15.8,0.0,-2.285125494003296,3.679915428161621,79.36520385742188
15.82,0.0,-2.285125494003296,3.679915428161621,75.58590698242188
15.860000000000001,0.0,-2.285125494003296,8.11215591430664,71.45504760742188
15.9,0.0,-2.285125494003296,10.630974769592285,67.58785247802734
15.94,0.0,-2.285125494003296,12.658246040344238,61.171844482421875
15.96,0.0,-2.285125494003296,12.658246040344238,54.58004379272461
16.0,0.0,-2.285125494003296,14.569215774536133,51.064422607421875
16.04,0.0,-2.285125494003296,14.996286392211914,46.230445861816406
16.06,0.0,-2.285125494003296,14.712160110473633,41.04491424560547
16.1,0.0,-2.285125494003296,14.304837226867676,37.70505905151367
16.14,0.0,-2.285125494003296,12.981131553649902,35.59567642211914
16.16,0.0,-2.285125494003296,11.031315803527832,33.837860107421875
16.2,0.0,-2.285125494003296,9.848615646362305,33.04684066772461
16.22,0.0,-2.285125494003296,7.136906623840332,32.78319549560547
16.26,0.0,-2.285125494003296,5.640120029449463,32.78319549560547
16.3,0.0,-2.285125494003296,2.4542922973632812,32.78319549560547
16.32,0.0,-2.285125494003296,2.4542922973632812,34.98044204711914
16.36,0.0,-2.285125494003296,-2.5116453170776367,37.441383361816406
16.4,0.0,-2.285125494003296,-5.7107086181640625,40.3417854309082
16.42,0.0,-2.285125494003296,-5.7107086181640625,46.318336486816406
16.46,0.0,-2.285125494003296,-9.946722984313965,50.97652816772461
16.5,0.0,-2.285125494003296,-12.188236236572266,56.07418441772461
16.52,0.0,-2.285125494003296,-13.82604694366455,62.49020767211914
16.56,0.0,-2.285125494003296,-14.39040470123291,67.06051635742188
16.6,0.0,-2.285125494003296,-14.97180461883545,71.54293823242188
16.62,0.0,-2.285125494003296,-14.798961639404297,75.93746948242188
16.66,0.0,-2.285125494003296,-14.429426193237305,78.74996948242188
16.7,0.0,-2.285125494003296,-13.144599914550781,80.94723510742188
16.72,0.0,-2.285125494003296,-11.186705589294434,82.35348510742188
16.76,0.0,-2.285125494003296,-9.984100341796875,82.70504760742188
16.8,0.0,-2.285125494003296,-7.206467151641846,82.79293823242188
16.82,0.0,-2.285125494003296,-4.05159330368042,82.70504760742188
16.86,0.0,-2.285125494003296,-2.3823816776275635,82.44137573242188
16.88,0.0,-2.285125494003296,1.0321755409240723,81.12301635742188
16.92,0.0,-2.285125494003296,2.7331063747406006,77.69527435302734
16.96,0.0,-2.285125494003296,6.011064052581787,73.47653198242188
16.98,0.0,-2.285125494003296,8.980722427368164,68.20309448242188
17.02,0.0,-2.285125494003296,10.299670219421387,63.896453857421875
17.06,0.0,-2.285125494003296,12.51697826385498,58.974578857421875
17.080000000000002,0.0,-2.285125494003296,12.51697826385498,53.876922607421875
17.12,0.0,-2.285125494003296,14.579704284667969,49.833953857421875
17.16,0.0,-2.285125494003296,14.999749183654785,45.790992736816406
17.18,0.0,-2.285125494003296,14.999749183654785,40.1660041809082
17.22,0.0,-2.285125494003296,14.129351615905762,36.738258361816406
17.26,0.0,-2.285125494003296,12.587099075317383,34.80466079711914
17.28,0.0,-2.285125494003296,10.361031532287598,33.749969482421875
17.32,0.0,-2.285125494003296,9.026693344116211,32.871089935302734
17.36,0.0,-2.285125494003296,6.004014492034912,32.871089935302734
17.38,0.0,-2.285125494003296,2.647176742553711,32.871089935302734
17.42,0.0,-2.285125494003296,0.8998481631278992,33.13473129272461
17.46,0.0,-2.285125494003296,-2.613091468811035,36.03512954711914
17.48,0.0,-2.285125494003296,-5.98887300491333,41.48436737060547
17.52,0.0,-2.285125494003296,-7.566074371337891,46.669898986816406
17.56,0.0,-2.285125494003296,-10.388324737548828,52.11910629272461
17.580000000000002,0.0,-2.285125494003296,-12.636955261230469,57.91988754272461
17.62,0.0,-2.285125494003296,-13.504305839538574,63.017547607421875
17.66,0.0,-2.285125494003296,-14.66156005859375,67.93942260742188
17.68,0.0,-2.285125494003296,-14.995240211486816,72.94918823242188
17.72,0.0,-2.285125494003296,-14.843918800354004,76.46481323242188
17.740000000000002,0.0,-2.285125494003296,-13.912481307983398,78.92574310302734
17.78,0.0,-2.285125494003296,-13.14438247680664,80.85934448242188
17.82,0.0,-2.285125494003296,-11.055205345153809,82.1777114868164
17.84,0.0,-2.285125494003296,-11.055205345153809,82.70504760742188
17.88,0.0,-2.285125494003296,-6.773641586303711,83.49606323242188
17.92,0.0,-2.285125494003296,-3.3883140087127686,83.67183685302734
17.94,0.0,-2.285125494003296,-3.3883140087127686,83.49606323242188
17.98,0.0,-2.285125494003296,2.0049777030944824,82.96871948242188
18.02,0.0,-2.285125494003296,5.50734806060791,80.77145385742188
18.04,0.0,-2.285125494003296,5.50734806060791,75.67379760742188
18.080000000000002,0.0,-2.285125494003296,10.110784530639648,70.66403198242188
18.12,0.0,-2.285125494003296,12.480570793151855,66.26950073242188
18.14,0.0,-2.285125494003296,14.118912696838379,58.35934066772461
18.18,0.0,-2.285125494003296,14.630287170410156,52.82223129272461
18.22,0.0,-2.285125494003296,14.996431350708008,48.164031982421875
18.240000000000002,0.0,-2.285125494003296,14.47010612487793,43.066375732421875
18.28,0.0,-2.285125494003296,13.87839126586914,40.3417854309082
18.32,0.0,-2.285125494003296,12.079014778137207,37.79294967651367
18.34,0.0,-2.285125494003296,9.549673080444336,37.001930236816406
18.38,0.0,-2.285125494003296,8.056117057800293,36.914039611816406
18.42,0.0,-2.285125494003296,4.722113132476807,37.001930236816406
18.46,0.0,-2.285125494003296,1.0949244499206543,37.35349655151367
18.48,0.0,-2.285125494003296,1.0949244499206543,40.2538948059082
18.52,0.0,-2.285125494003296,-4.413254261016846,42.978485107421875
18.56,0.0,-2.285125494003296,-7.802382469177246,46.669898986816406
18.580000000000002,0.0,-2.285125494003296,-7.802382469177246,53.61324691772461
18.62,0.0,-2.285125494003296,-11.938959121704102,58.886688232421875
18.66,0.0,-2.285125494003296,-13.812141418457031,63.017547607421875
18.68,0.0,-2.285125494003296,-14.83031940460205,69.96090698242188
18.72,0.0,-2.285125494003296,-14.99518871307373,76.02536010742188
18.76,0.0,-2.285125494003296,-14.620285034179688,79.62887573242188
18.78,0.0,-2.285125494003296,-13.327138900756836,82.2656021118164
18.82,0.0,-2.285125494003296,-12.357864379882812,83.58395385742188
18.84,0.0,-2.285125494003296,-9.847420692443848,84.02340698242188
18.88,0.0,-2.285125494003296,-8.345050811767578,84.19918060302734
18.92,0.0,-2.285125494003296,-4.963048934936523,84.19918060302734
18.94,0.0,-2.285125494003296,-1.2584748268127441,83.58395385742188
18.98,0.0,-2.285125494003296,0.6417751312255859,81.73825073242188
19.02,0.0,-2.285125494003296,4.3862128257751465,78.39840698242188
19.04,0.0,-2.285125494003296,4.3862128257751465,73.12496948242188
19.080000000000002,0.0,-2.285125494003296,9.415369987487793,69.34566497802734
19.12,0.0,-2.285125494003296,12.057782173156738,66.35739135742188
19.14,0.0,-2.285125494003296,12.057782173156738,59.150360107421875
19.18,0.0,-2.285125494003296,14.520950317382812,54.228485107421875
19.22,0.0,-2.285125494003296,14.999934196472168,49.482391357421875
19.240000000000002,0.0,-2.285125494003296,14.999934196472168,43.066375732421875
19.28,0.0,-2.285125494003296,13.88267993927002,39.6386604309082
19.32,0.0,-2.285125494003296,11.977618217468262,37.441383361816406
19.34,0.0,-2.285125494003296,9.276610374450684,36.914039611816406
19.38,0.0,-2.285125494003296,7.680469989776611,36.826148986816406
19.42,0.0,-2.285125494003296,4.127574920654297,36.914039611816406
19.44,0.0,-2.285125494003296,0.292568176984787,37.52927780151367
19.48,0.0,-2.285125494003296,-1.6512439250946045,39.90232849121094
19.5,0.0,-2.285125494003296,-5.428329944610596,43.593719482421875
19.54,0.0,-2.285125494003296,-7.197535037994385,49.482391357421875
19.580000000000002,0.0,-2.285125494003296,-10.346623420715332,54.49215316772461
19.6,0.0,-2.285125494003296,-10.346623420715332,60.732391357421875
19.64,0.0,-2.285125494003296,-13.710687637329102,64.86324310302734
19.68,0.0,-2.285125494003296,-14.818479537963867,69.87300872802734
19.7,0.0,-2.285125494003296,-14.818479537963867,75.84957885742188
19.740000000000002,0.0,-2.285125494003296,-14.576987266540527,79.01363372802734
19.78,0.0,-2.285125494003296,-13.155269622802734,81.73825073242188
19.8,0.0,-2.285125494003296,-10.822982788085938,83.32028198242188
19.84,0.0,-2.285125494003296,-9.36207389831543,83.58395385742188
19.88,0.0,-2.285125494003296,-5.974969387054443,83.58395385742188
19.900000000000002,0.0,-2.285125494003296,-2.1656477451324463,83.32028198242188
19.94,0.0,-2.285125494003296,-0.18441778421401978,82.1777114868164
19.98,0.0,-2.285125494003296,3.758176803588867,79.36520385742188
20.0,0.0,-2.285125494003296,7.4436211585998535,74.17964935302734
20.04,0.0,-2.285125494003296,9.107091903686523,68.29098510742188
20.080000000000002,0.0,-2.285125494003296,11.926755905151367,63.984344482421875
20.1,0.0,-2.285125494003296,13.905533790588379,57.304656982421875
20.14,0.0,-2.285125494003296,14.531557083129883,52.470672607421875
20.16,0.0,-2.285125494003296,14.997735023498535,47.63668441772461
20.2,0.0,-2.285125494003296,14.828106880187988,42.802703857421875
20.240000000000002,0.0,-2.285125494003296,13.695039749145508,39.90232849121094
20.26,0.0,-2.285125494003296,11.574700355529785,37.26560592651367
20.3,0.0,-2.285125494003296,10.187929153442383,36.738258361816406
20.34,0.0,-2.285125494003296,6.883848190307617,36.650367736816406
20.36,0.0,-2.285125494003296,3.074319362640381,36.738258361816406
20.400000000000002,0.0,-2.285125494003296,3.074319362640381,36.914039611816406
20.44,0.0,-2.285125494003296,-2.9805707931518555,38.75975036621094
20.46,0.0,-2.285125494003296,-6.8147969245910645,42.275386810302734
20.5,0.0,-2.285125494003296,-8.563180923461914,47.548805236816406
20.54,0.0,-2.285125494003296,-11.55986213684082,54.66793441772461
20.56,0.0,-2.285125494003296,-13.707657814025879,61.69919204711914
20.6,0.0,-2.285125494003296,-14.40928840637207,67.23629760742188
20.64,0.0,-2.285125494003296,-14.99951171875,73.21286010742188
20.66,0.0,-2.285125494003296,-14.472785949707031,78.04684448242188
20.7,0.0,-2.285125494003296,-13.797802925109863,80.24411010742188
20.72,0.0,-2.285125494003296,-11.684316635131836,81.8261489868164
20.76,0.0,-2.285125494003296,-10.284360885620117,82.52926635742188
20.8,0.0,-2.285125494003296,-6.927037715911865,82.52926635742188
20.82,0.0,-2.285125494003296,-3.0404245853424072,82.44137573242188
20.86,0.0,-2.285125494003296,-0.9888275265693665,81.73825073242188
20.900000000000002,0.0,-2.285125494003296,3.136749029159546,79.10152435302734
20.92,0.0,-2.285125494003296,7.03019380569458,74.17964935302734
20.96,0.0,-2.285125494003296,8.79516315460205,68.64254760742188
21.0,0.0,-2.285125494003296,11.790690422058105,64.42378997802734
21.02,0.0,-2.285125494003296,11.790690422058105,56.33785629272461
21.06,0.0,-2.285125494003296,14.53837776184082,52.294891357421875
21.1,0.0,-2.285125494003296,14.993104934692383,48.25191879272461
21.12,0.0,-2.285125494003296,14.28564453125,41.8359260559082
21.16,0.0,-2.285125494003296,13.50794792175293,38.05662155151367
21.2,0.0,-2.285125494003296,11.176901817321777,36.474586486816406
21.22,0.0,-2.285125494003296,7.967544078826904,35.771461486816406
21.26,0.0,-2.285125494003296,6.108559608459473,35.33200454711914
21.3,0.0,-2.285125494003296,2.0628199577331543,35.33200454711914
21.32,0.0,-2.285125494003296,-2.1524360179901123,35.41989517211914
21.36,0.0,-2.285125494003296,-4.219513893127441,38.40818405151367
21.38,0.0,-2.285125494003296,-8.066993713378906,42.275386810302734
21.42,0.0,-2.285125494003296,-9.770038604736328,47.900360107421875
21.46,0.0,-2.285125494003296,-12.562920570373535,55.10738754272461
21.48,0.0,-2.285125494003296,-12.562920570373535,62.40231704711914
21.52,0.0,-2.285125494003296,-14.826943397521973,67.14840698242188
21.56,0.0,-2.285125494003296,-14.868406295776367,72.50972747802734
21.580000000000002,0.0,-2.285125494003296,-14.868406295776367,77.16793823242188
21.62,0.0,-2.285125494003296,-12.705856323242188,79.98043823242188
21.66,0.0,-2.285125494003296,-9.942656517028809,81.12301635742188
21.68,0.0,-2.285125494003296,-6.366207122802734,81.21090698242188
21.72,0.0,-2.285125494003296,-4.36088752746582,80.94723510742188
21.76,0.0,-2.285125494003296,-0.11947731673717499,79.01363372802734
21.78,0.0,-2.285125494003296,4.138669013977051,75.32223510742188
21.82,0.0,-2.285125494003296,6.163897514343262,70.22457885742188
21.86,0.0,-2.285125494003296,9.796797752380371,65.83004760742188
21.88,0.0,-2.285125494003296,12.625360488891602,59.326141357421875
21.92,0.0,-2.285125494003296,13.660296440124512,53.789031982421875
21.96,0.0,-2.285125494003296,14.860638618469238,48.25191879272461
21.98,0.0,-2.285125494003296,14.823637008666992,41.8359260559082
22.02,0.0,-2.285125494003296,14.336079597473145,37.79294967651367
22.04,0.0,-2.285125494003296,12.470142364501953,35.771461486816406
22.080000000000002,0.0,-2.285125494003296,11.129692077636719,34.189422607421875
22.12,0.0,-2.285125494003296,7.771824359893799,34.013641357421875
22.14,0.0,-2.285125494003296,7.771824359893799,34.013641357421875
22.18,0.0,-2.285125494003296,1.5974798202514648,34.101531982421875
22.22,0.0,-2.285125494003296,-2.772033929824829,34.101531982421875
22.240000000000002,0.0,-2.285125494003296,-2.772033929824829,36.298805236816406
22.28,0.0,-2.285125494003296,-8.784160614013672,40.5175666809082
22.32,0.0,-2.285125494003296,-11.92867660522461,46.054664611816406
22.34,0.0,-2.285125494003296,-14.053595542907715,55.019500732421875
22.38,0.0,-2.285125494003296,-14.671052932739258,61.962860107421875
22.42,0.0,-2.285125494003296,-14.945623397827148,67.58785247802734
22.44,0.0,-2.285125494003296,-13.926395416259766,74.35543060302734
22.48,0.0,-2.285125494003296,-12.953035354614258,77.95895385742188
22.52,0.0,-2.285125494003296,-10.18111801147461,78.92574310302734
22.54,0.0,-2.285125494003296,-6.516002178192139,78.92574310302734
22.580000000000002,0.0,-2.285125494003296,-4.445034980773926,78.66207122802734
22.62,0.0,-2.285125494003296,-0.05181920528411865,76.99215698242188
22.64,0.0,-2.285125494003296,4.35287618637085,73.03707885742188
22.68,0.0,-2.285125494003296,6.437217712402344,68.64254760742188
22.7,0.0,-2.285125494003296,10.138166427612305,64.33590698242188
22.740000000000002,0.0,-2.285125494003296,11.67153549194336,57.56832504272461
22.78,0.0,-2.285125494003296,13.930930137634277,52.55855941772461
22.8,0.0,-2.285125494003296,13.930930137634277,45.70309829711914
22.84,0.0,-2.285125494003296,14.963188171386719,39.9902229309082
22.88,0.0,-2.285125494003296,13.981599807739258,35.771461486816406
22.900000000000002,0.0,-2.285125494003296,13.981599807739258,33.13473129272461
22.94,0.0,-2.285125494003296,10.207842826843262,30.32225227355957
22.98,0.0,-2.285125494003296,6.480311393737793,28.828107833862305
23.0,0.0,-2.285125494003296,6.480311393737793,28.740217208862305
23.04,0.0,-2.285125494003296,-0.10182755440473557,28.828107833862305
23.080000000000002,0.0,-2.285125494003296,-4.572153091430664,29.355453491210938
23.1,0.0,-2.285125494003296,-8.631973266601562,32.60741424560547
23.14,0.0,-2.285125494003296,-10.388814926147461,37.35349655151367
23.18,0.0,-2.285125494003296,-13.152441024780273,43.417938232421875
23.2,0.0,-2.285125494003296,-14.7100830078125,52.82223129272461
23.240000000000002,0.0,-2.285125494003296,-14.985198974609375,60.46871566772461
23.28,0.0,-2.285125494003296,-14.492230415344238,65.83004760742188
23.3,0.0,-2.285125494003296,-12.654480934143066,71.45504760742188
23.34,0.0,-2.285125494003296,-11.27818775177002,74.79488372802734
23.38,0.0,-2.285125494003296,-7.767759799957275,75.58590698242188
23.400000000000002,0.0,-2.285125494003296,-3.5259342193603516,75.23433685302734
23.44,0.0,-2.285125494003296,-1.2521610260009766,74.44332885742188
23.48,0.0,-2.285125494003296,3.3349459171295166,71.54293823242188
23.5,0.0,-2.285125494003296,7.6148681640625,67.23629760742188
23.54,0.0,-2.285125494003296,9.51070499420166,62.49020767211914
23.56,0.0,-2.285125494003296,12.587591171264648,55.63473129272461
23.6,0.0,-2.285125494003296,13.694116592407227,49.74605941772461
23.64,0.0,-2.285125494003296,14.908262252807617,42.978485107421875
23.66,0.0,-2.285125494003296,14.908262252807617,35.59567642211914
23.7,0.0,-2.285125494003296,14.06566047668457,31.90428924560547
23.740000000000002,0.0,-2.285125494003296,11.796982765197754,29.267560958862305
23.76,0.0,-2.285125494003296,11.796982765197754,28.564434051513672
23.8,0.0,-2.285125494003296,6.359035015106201,27.24607276916504
23.84,0.0,-2.285125494003296,1.8799984455108643,27.070289611816406
23.86,0.0,-2.285125494003296,1.8799984455108643,27.070289611816406
23.900000000000002,0.0,-2.285125494003296,-5.050717830657959,27.158180236816406
23.94,0.0,-2.285125494003296,-9.158251762390137,28.300764083862305
23.96,0.0,-2.285125494003296,-12.378094673156738,32.51952362060547
24.0,0.0,-2.285125494003296,-13.551135063171387,38.32029342651367
24.04,0.0,-2.285125494003296,-14.87612533569336,45.08786392211914
24.060000000000002,0.0,-2.285125494003296,-14.740128517150879,55.28316879272461
24.1,0.0,-2.285125494003296,-14.1206693649292,62.226531982421875
24.14,0.0,-2.285125494003296,-11.851284980773926,67.41207885742188
24.16,0.0,-2.285125494003296,-8.404186248779297,72.94918823242188
24.2,0.0,-2.285125494003296,-6.3405842781066895,75.67379760742188
24.240000000000002,0.0,-2.285125494003296,-1.7879177331924438,75.76168823242188
24.26,0.0,-2.285125494003296,2.9499595165252686,75.05856323242188
24.3,0.0,-2.285125494003296,5.2398905754089355,73.56442260742188
24.32,0.0,-2.285125494003296,9.37356185913086,70.66403198242188
24.36,0.0,-2.285125494003296,11.112077713012695,66.97262573242188
24.400000000000002,0.0,-2.285125494003296,13.710687637329102,62.31442642211914
24.42,0.0,-2.285125494003296,13.710687637329102,53.61324691772461
24.46,0.0,-2.285125494003296,14.97156810760498,46.318336486816406
24.5,0.0,-2.285125494003296,13.920671463012695,38.58396911621094
24.52,0.0,-2.285125494003296,11.450974464416504,31.728506088256836
24.560000000000002,0.0,-2.285125494003296,9.755780220031738,27.59763526916504
24.6,0.0,-2.285125494003296,5.6583571434021,24.960908889770508
24.62,0.0,-2.285125494003296,0.9746021032333374,24.433565139770508
24.66,0.0,-2.285125494003296,-1.438543438911438,24.433565139770508
24.7,0.0,-2.285125494003296,-6.0965704917907715,24.521455764770508
24.72,0.0,-2.285125494003296,-10.131327629089355,25.66403579711914
24.76,0.0,-2.285125494003296,-11.77977180480957,28.564434051513672
24.8,0.0,-2.285125494003296,-14.121814727783203,33.310516357421875
24.82,0.0,-2.285125494003296,-14.997093200683594,41.3964729309082
24.86,0.0,-2.285125494003296,-14.847768783569336,49.30660629272461
24.900000000000002,0.0,-2.285125494003296,-13.390430450439453,58.007781982421875
24.92,0.0,-2.285125494003296,-10.526700019836426,65.03903198242188
24.96,0.0,-2.285125494003296,-8.654536247253418,69.87300872802734
25.0,0.0,-2.285125494003296,-4.273336887359619,73.82809448242188
25.02,0.0,-2.285125494003296,0.5655788779258728,75.49801635742188
25.060000000000002,0.0,-2.285125494003296,2.997645139694214,75.32223510742188
25.080000000000002,0.0,-2.285125494003296,7.563925266265869,74.88278198242188
25.12,0.0,-2.285125494003296,9.575475692749023,72.68551635742188
25.16,0.0,-2.285125494003296,12.78495979309082,69.52145385742188
25.18,0.0,-2.285125494003296,12.78495979309082,64.95114135742188
25.22,0.0,-2.285125494003296,14.975308418273926,58.007781982421875
25.26,0.0,-2.285125494003296,14.449039459228516,51.32809066772461
25.28,0.0,-2.285125494003296,14.449039459228516,41.66014862060547
25.32,0.0,-2.285125494003296,10.803380012512207,34.98044204711914
25.36,0.0,-2.285125494003296,6.842197895050049,30.14647102355957
25.38,0.0,-2.285125494003296,2.13339900970459,25.927709579467773
25.42,0.0,-2.285125494003296,-0.34414955973625183,24.521455764770508
25.46,0.0,-2.285125494003296,-5.208497047424316,24.521455764770508
25.48,0.0,-2.285125494003296,-9.51070499420166,24.609344482421875
25.52,0.0,-2.285125494003296,-11.299198150634766,24.873018264770508
25.560000000000002,0.0,-2.285125494003296,-13.902647018432617,26.718727111816406
25.580000000000002,0.0,-2.285125494003296,-14.980098724365234,31.025379180908203
25.62,0.0,-2.285125494003296,-14.9003267288208,37.17771530151367
25.66,0.0,-2.285125494003296,-13.510406494140625,44.38473892211914
25.68,0.0,-2.285125494003296,-10.621392250061035,54.49215316772461
25.72,0.0,-2.285125494003296,-10.621392250061035,62.40231704711914
25.76,0.0,-2.285125494003296,-4.203442096710205,67.3241958618164
25.8,0.0,-2.285125494003296,0.7758118510246277,71.36715698242188
25.82,0.0,-2.285125494003296,0.7758118510246277,73.56442260742188
25.86,0.0,-2.285125494003296,7.920901775360107,73.38864135742188
25.900000000000002,0.0,-2.285125494003296,11.687154769897461,72.77340698242188
25.92,0.0,-2.285125494003296,11.687154769897461,70.40036010742188
25.96,0.0,-2.285125494003296,14.780927658081055,67.06051635742188
26.0,0.0,-2.285125494003296,14.791133880615234,62.578086853027344
26.02,0.0,-2.285125494003296,13.12218952178955,54.316375732421875
26.060000000000002,0.0,-2.285125494003296,11.708118438720703,47.812469482421875
26.1,0.0,-2.285125494003296,7.918595790863037,40.2538948059082
26.12,0.0,-2.285125494003296,3.218574285507202,34.101531982421875
26.16,0.0,-2.285125494003296,0.6917346715927124,30.58592414855957
26.2,0.0,-2.285125494003296,-4.353525638580322,28.564434051513672
26.22,0.0,-2.285125494003296,-8.904419898986816,28.21286964416504
26.26,0.0,-2.285125494003296,-10.82580280303955,28.124980926513672
26.3,0.0,-2.285125494003296,-13.679765701293945,28.21286964416504
26.32,0.0,-2.285125494003296,-14.951537132263184,30.849597930908203
26.36,0.0,-2.285125494003296,-14.938042640686035,35.15622329711914
26.38,0.0,-2.285125494003296,-13.609745979309082,40.7812385559082
26.42,0.0,-2.285125494003296,-12.332157135009766,47.46091842651367
26.46,0.0,-2.285125494003296,-8.73290729522705,55.019500732421875
26.48,0.0,-2.285125494003296,-8.73290729522705,61.787078857421875
26.52,0.0,-2.285125494003296,-1.5707024335861206,65.65426635742188
26.560000000000002,0.0,-2.285125494003296,3.5661706924438477,67.85153198242188
26.580000000000002,0.0,-2.285125494003296,8.288932800292969,68.37887573242188
26.62,0.0,-2.285125494003296,10.316109657287598,68.20309448242188
26.66,0.0,-2.285125494003296,13.398782730102539,66.97262573242188
26.68,0.0,-2.285125494003296,13.398782730102539,63.193328857421875
26.72,0.0,-2.285125494003296,14.978240013122559,58.53512191772461
26.76,0.0,-2.285125494003296,13.808697700500488,52.38277816772461
26.78,0.0,-2.285125494003296,10.9847412109375,45.175758361816406
26.82,0.0,-2.285125494003296,9.049267768859863,38.23240280151367
26.86,0.0,-2.285125494003296,4.419093132019043,33.574188232421875
26.88,0.0,-2.285125494003296,-0.749822735786438,30.23436164855957
26.92,0.0,-2.285125494003296,-3.342446804046631,29.091779708862305
26.96,0.0,-2.285125494003296,-8.15113639831543,29.091779708862305
26.98,0.0,-2.285125494003296,-11.977073669433594,29.179670333862305
27.02,0.0,-2.285125494003296,-13.368537902832031,30.67381477355957
27.060000000000002,0.0,-2.285125494003296,-14.892578125,34.013641357421875
27.080000000000002,0.0,-2.285125494003296,-14.599105834960938,40.2538948059082
27.12,0.0,-2.285125494003296,-13.770943641662598,47.109352111816406
27.16,0.0,-2.285125494003296,-10.874396324157715,55.45895004272461
27.18,0.0,-2.285125494003296,-6.636402130126953,62.578086853027344
27.22,0.0,-2.285125494003296,-4.1710662841796875,67.06051635742188
27.26,0.0,-2.285125494003296,1.0732579231262207,70.92770385742188
27.28,0.0,-2.285125494003296,6.191528797149658,72.86129760742188
27.32,0.0,-2.285125494003296,8.501951217651367,72.86129760742188
27.34,0.0,-2.285125494003296,12.263879776000977,72.33394622802734
27.38,0.0,-2.285125494003296,13.596109390258789,70.31246948242188
27.42,0.0,-2.285125494003296,14.951099395751953,67.3241958618164
27.44,0.0,-2.285125494003296,14.951099395751953,62.226531982421875
27.48,0.0,-2.285125494003296,13.486227989196777,54.84371566772461
27.52,0.0,-2.285125494003296,10.346132278442383,49.042938232421875
27.54,0.0,-2.285125494003296,10.346132278442383,40.6054573059082
27.580000000000002,0.0,-2.285125494003296,3.352813959121704,35.771461486816406
27.62,0.0,-2.285125494003296,-1.9789609909057617,33.22262191772461
27.64,0.0,-2.285125494003296,-7.066547870635986,31.992177963256836
27.68,0.0,-2.285125494003296,-9.312841415405273,31.992177963256836
27.72,0.0,-2.285125494003296,-12.850076675415039,32.08007049560547
27.740000000000002,0.0,-2.285125494003296,-14.750672340393066,33.837860107421875
27.78,0.0,-2.285125494003296,-14.999945640563965,37.61716842651367
27.82,0.0,-2.285125494003296,-14.051774978637695,42.802703857421875
27.84,0.0,-2.285125494003296,-11.295774459838867,51.064422607421875
27.88,0.0,-2.285125494003296,-11.295774459838867,59.76559066772461
27.92,0.0,-2.285125494003296,-4.587667942047119,64.86324310302734
27.94,0.0,-2.285125494003296,0.7649645209312439,68.46676635742188
27.98,0.0,-2.285125494003296,3.4506664276123047,71.01559448242188
28.02,0.0,-2.285125494003296,8.40381145477295,71.45504760742188
28.04,0.0,-2.285125494003296,12.268438339233398,71.27926635742188
28.080000000000002,0.0,-2.285125494003296,13.62606430053711,69.52145385742188
28.1,0.0,-2.285125494003296,14.965771675109863,66.79684448242188
28.14,0.0,-2.285125494003296,14.965771675109863,62.050750732421875
28.18,0.0,-2.285125494003296,13.311841011047363,55.019500732421875
28.22,0.0,-2.285125494003296,9.96737003326416,49.30660629272461
28.240000000000002,0.0,-2.285125494003296,9.96737003326416,41.04491424560547
28.28,0.0,-2.285125494003296,2.662321090698242,36.298805236816406
28.32,0.0,-2.285125494003296,-2.7998273372650146,33.925750732421875
28.36,0.0,-2.285125494003296,-7.896867275238037,33.22262191772461
28.38,0.0,-2.285125494003296,-7.896867275238037,33.22262191772461
28.42,0.0,-2.285125494003296,-13.404271125793457,33.22262191772461
28.46,0.0,-2.285125494003296,-14.928650856018066,35.68356704711914
28.48,0.0,-2.285125494003296,-14.45340633392334,40.7812385559082
28.52,0.0,-2.285125494003296,-13.472926139831543,46.669898986816406
28.54,0.0,-2.285125494003296,-10.186766624450684,53.789031982421875
28.580000000000002,0.0,-2.285125494003296,-7.991112232208252,60.55660629272461
28.62,0.0,-2.285125494003296,-2.862715005874634,64.51168060302734
28.64,0.0,-2.285125494003296,-2.862715005874634,68.20309448242188
28.68,0.0,-2.285125494003296,5.334547996520996,69.52145385742188
28.72,0.0,-2.285125494003296,10.054491996765137,69.43355560302734
28.740000000000002,0.0,-2.285125494003296,10.054491996765137,68.99411010742188
28.78,0.0,-2.285125494003296,14.420989036560059,66.88473510742188
28.8,0.0,-2.285125494003296,14.934521675109863,63.369110107421875
28.84,0.0,-2.285125494003296,14.416810035705566,58.271453857421875
28.88,0.0,-2.285125494003296,11.916593551635742,52.20699691772461
28.900000000000002,0.0,-2.285125494003296,7.771824359893799,44.56052017211914
28.94,0.0,-2.285125494003296,5.252610206604004,38.14451217651367
28.96,0.0,-2.285125494003296,-0.24596096575260162,34.101531982421875
29.0,0.0,-2.285125494003296,-3.0337765216827393,31.552724838256836
29.04,0.0,-2.285125494003296,-8.20197868347168,30.937488555908203
29.060000000000002,0.0,-2.285125494003296,-12.235147476196289,30.937488555908203
29.1,0.0,-2.285125494003296,-13.640503883361816,30.937488555908203
29.14,0.0,-2.285125494003296,-14.978976249694824,32.69530487060547
29.16,0.0,-2.285125494003296,-14.978976249694824,37.001930236816406
29.2,0.0,-2.285125494003296,-13.075882911682129,42.451168060302734
29.240000000000002,0.0,-2.285125494003296,-9.44844913482666,49.13082504272461
29.26,0.0,-2.285125494003296,-9.44844913482666,58.09566879272461
29.3,0.0,-2.285125494003296,-1.7148782014846802,62.578086853027344
29.34,0.0,-2.285125494003296,3.9130594730377197,65.56637573242188
29.36,0.0,-2.285125494003296,8.9928617477417,66.88473510742188
29.400000000000002,0.0,-2.285125494003296,11.095037460327148,66.70895385742188
29.44,0.0,-2.285125494003296,14.046303749084473,66.00582885742188
29.46,0.0,-2.285125494003296,14.996475219726562,62.84176254272461
29.5,0.0,-2.285125494003296,14.664326667785645,59.062469482421875
29.54,0.0,-2.285125494003296,12.440131187438965,53.43746566772461
29.560000000000002,0.0,-2.285125494003296,8.426664352416992,46.75779342651367
29.6,0.0,-2.285125494003296,5.919295310974121,40.5175666809082
29.64,0.0,-2.285125494003296,0.3529722988605499,35.859352111816406
29.66,0.0,-2.285125494003296,-5.271046161651611,34.101531982421875
29.7,0.0,-2.285125494003296,-7.84736442565918,34.101531982421875
29.740000000000002,0.0,-2.285125494003296,-12.058993339538574,34.101531982421875
29.76,0.0,-2.285125494003296,-14.52208423614502,34.540985107421875
29.8,0.0,-2.285125494003296,-14.972081184387207,37.61716842651367
29.84,0.0,-2.285125494003296,-14.221870422363281,41.92382049560547
29.86,0.0,-2.285125494003296,-11.389798164367676,49.13082504272461
29.900000000000002,0.0,-2.285125494003296,-9.309825897216797,56.601531982421875
29.92,0.0,-2.285125494003296,-4.200618267059326,61.435516357421875
29.96,0.0,-2.285125494003296,-1.3599144220352173,64.59957122802734
30.0,0.0,-2.285125494003296,4.370846271514893,66.35739135742188
30.04,0.0,-2.285125494003296,9.462502479553223,66.53317260742188
30.080000000000002,0.0,-2.285125494003296,13.15842056274414,65.56637573242188
30.1,0.0,-2.285125494003296,13.15842056274414,62.13864517211914
30.14,0.0,-2.285125494003296,14.950440406799316,58.447235107421875
30.18,0.0,-2.285125494003296,13.373869895935059,52.734344482421875
30.22,0.0,-2.285125494003296,9.797140121459961,45.878883361816406
30.240000000000002,0.0,-2.285125494003296,9.797140121459961,38.14451217651367
30.28,0.0,-2.285125494003296,1.9019975662231445,33.749969482421875
30.32,0.0,-2.285125494003296,-3.9023544788360596,31.992177963256836
30.34,0.0,-2.285125494003296,-3.9023544788360596,31.640615463256836
30.38,0.0,-2.285125494003296,-11.26504898071289,31.640615463256836
30.42,0.0,-2.285125494003296,-14.192177772521973,32.08007049560547
30.44,0.0,-2.285125494003296,-14.192177772521973,34.89255142211914
30.48,0.0,-2.285125494003296,-14.5015287399292,39.46287536621094
30.52,0.0,-2.285125494003296,-11.929774284362793,45.175758361816406
30.54,0.0,-2.285125494003296,-7.535181522369385,53.964813232421875
30.580000000000002,0.0,-2.285125494003296,-4.85378360748291,60.292938232421875
30.62,0.0,-2.285125494003296,0.9657954573631287,64.16012573242188
30.64,0.0,-2.285125494003296,6.643909454345703,67.14840698242188
30.68,0.0,-2.285125494003296,6.643909454345703,67.93942260742188
30.72,0.0,-2.285125494003296,13.021869659423828,67.85153198242188
30.740000000000002,0.0,-2.285125494003296,14.885294914245605,67.06051635742188
30.78,0.0,-2.285125494003296,14.95866870880127,64.51168060302734
30.82,0.0,-2.285125494003296,13.369359016418457,59.501922607421875
30.84,0.0,-2.285125494003296,9.701525688171387,53.43746566772461
30.88,0.0,-2.285125494003296,7.2536540031433105,47.724578857421875
30.92,0.0,-2.285125494003296,1.6044546365737915,42.01171112060547
30.94,0.0,-2.285125494003296,-4.301959991455078,37.26560592651367
30.98,0.0,-2.285125494003296,-7.060558795928955,35.68356704711914
31.02,0.0,-2.285125494003296,-11.645337104797363,35.771461486816406
31.04,0.0,-2.285125494003296,-11.645337104797363,35.771461486816406
31.080000000000002,0.0,-2.285125494003296,-14.948529243469238,37.26560592651367
31.12,0.0,-2.285125494003296,-14.252079963684082,40.4296760559082
31.16,0.0,-2.285125494003296,-11.300983428955078,46.406227111816406
31.18,0.0,-2.285125494003296,-11.300983428955078,54.40426254272461
31.220000000000002,0.0,-2.285125494003296,-3.7345125675201416,60.732391357421875
31.240000000000002,0.0,-2.285125494003296,2.2424211502075195,64.33590698242188
31.28,0.0,-2.285125494003296,5.158596515655518,66.79684448242188
31.32,0.0,-2.285125494003296,10.26259708404541,67.76363372802734
31.34,0.0,-2.285125494003296,13.73007583618164,67.67575073242188
31.38,0.0,-2.285125494003296,14.66156005859375,66.70895385742188
31.42,0.0,-2.285125494003296,14.72786808013916,63.984344482421875
31.44,0.0,-2.285125494003296,12.423417091369629,58.271453857421875
31.48,0.0,-2.285125494003296,10.481954574584961,52.998016357421875
31.52,0.0,-2.285125494003296,5.408917427062988,47.46091842651367
31.54,0.0,-2.285125494003296,5.408917427062988,40.5175666809082
31.580000000000002,0.0,-2.285125494003296,-3.5540804862976074,36.03512954711914
31.62,0.0,-2.285125494003296,-9.02072811126709,34.71677017211914
31.64,0.0,-2.285125494003296,-13.0242280960083,34.71677017211914
31.68,0.0,-2.285125494003296,-14.258979797363281,34.71677017211914
31.720000000000002,0.0,-2.285125494003296,-14.937134742736816,35.59567642211914
31.740000000000002,0.0,-2.285125494003296,-13.168835639953613,39.28709411621094
31.78,0.0,-2.285125494003296,-11.440443992614746,43.593719482421875
31.82,0.0,-2.285125494003296,-6.646344184875488,49.74605941772461
31.84,0.0,-2.285125494003296,-0.7516307830810547,56.865203857421875
31.88,0.0,-2.285125494003296,2.3084025382995605,60.292938232421875
31.92,0.0,-2.285125494003296,8.020390510559082,61.69919204711914
31.94,0.0,-2.285125494003296,12.409323692321777,61.87497329711914
31.98,0.0,-2.285125494003296,13.866253852844238,61.523406982421875
32.0,0.0,-2.285125494003296,14.997133255004883,60.20504379272461
32.04,0.0,-2.285125494003296,14.997133255004883,55.371063232421875
32.08,0.0,-2.285125494003296,12.060742378234863,50.36129379272461
32.1,0.0,-2.285125494003296,7.479544639587402,45.08786392211914
32.14,0.0,-2.285125494003296,7.479544639587402,38.75975036621094
32.18,0.0,-2.285125494003296,-1.4520573616027832,34.80466079711914
32.22,0.0,-2.285125494003296,-7.325443744659424,34.36520767211914
32.26,0.0,-2.285125494003296,-11.969849586486816,34.36520767211914
32.28,0.0,-2.285125494003296,-11.969849586486816,34.36520767211914
32.32,0.0,-2.285125494003296,-14.99518871307373,36.562477111816406
32.34,0.0,-2.285125494003296,-13.875814437866211,40.6054573059082
32.38,0.0,-2.285125494003296,-12.403091430664062,45.966773986816406
32.42,0.0,-2.285125494003296,-7.940493106842041,52.734344482421875
32.44,0.0,-2.285125494003296,-2.1183910369873047,59.326141357421875
32.480000000000004,0.0,-2.285125494003296,0.9976332783699036,62.226531982421875
32.52,0.0,-2.285125494003296,6.972357749938965,63.369110107421875
32.54,0.0,-2.285125494003296,11.757322311401367,63.28121566772461
32.58,0.0,-2.285125494003296,13.43319320678711,62.49020767211914
32.62,0.0,-2.285125494003296,14.986099243164062,61.25973129272461
32.64,0.0,-2.285125494003296,13.954795837402344,56.33785629272461
32.68,0.0,-2.285125494003296,12.505868911743164,51.415985107421875
32.72,0.0,-2.285125494003296,8.050580978393555,46.054664611816406
32.74,0.0,-2.285125494003296,8.050580978393555,39.28709411621094
32.78,0.0,-2.285125494003296,-0.9490845203399658,35.15622329711914
32.82,0.0,-2.285125494003296,-6.9773664474487305,33.925750732421875
32.84,0.0,-2.285125494003296,-6.9773664474487305,33.925750732421875
32.88,0.0,-2.285125494003296,-13.471732139587402,33.925750732421875
32.92,0.0,-2.285125494003296,-14.991520881652832,34.628875732421875
32.94,0.0,-2.285125494003296,-13.881823539733887,38.58396911621094
32.980000000000004,0.0,-2.285125494003296,-12.381416320800781,43.417938232421875
33.02,0.0,-2.285125494003296,-7.815326690673828,49.74605941772461
33.04,0.0,-2.285125494003296,-1.864956021308899,56.95309066772461
33.08,0.0,-2.285125494003296,1.3067225217819214,61.08395004272461
33.12,0.0,-2.285125494003296,7.340249061584473,62.66598129272461
33.14,0.0,-2.285125494003296,12.077404022216797,62.84176254272461
33.18,0.0,-2.285125494003296,13.681806564331055,62.66598129272461
33.22,0.0,-2.285125494003296,14.999934196472168,61.787078857421875
33.24,0.0,-2.285125494003296,13.642197608947754,57.831993103027344
33.28,0.0,-2.285125494003296,12.014840126037598,53.261688232421875
33.3,0.0,-2.285125494003296,7.223132133483887,48.25191879272461
33.34,0.0,-2.285125494003296,4.274421215057373,42.09960174560547
33.38,0.0,-2.285125494003296,-2.067750930786133,37.61716842651367
33.42,0.0,-2.285125494003296,-8.044279098510742,34.628875732421875
33.44,0.0,-2.285125494003296,-8.044279098510742,34.628875732421875
33.480000000000004,0.0,-2.285125494003296,-14.026515007019043,34.71677017211914
33.52,0.0,-2.285125494003296,-14.966651916503906,35.33200454711914
33.56,0.0,-2.285125494003296,-13.191522598266602,39.02342224121094
33.58,0.0,-2.285125494003296,-13.191522598266602,44.20895767211914
33.62,0.0,-2.285125494003296,-6.247949600219727,51.415985107421875
33.660000000000004,0.0,-2.285125494003296,0.015161104500293732,57.39255142211914
33.68,0.0,-2.285125494003296,0.015161104500293732,61.962860107421875
33.72,0.0,-2.285125494003296,9.052335739135742,63.720672607421875
33.76,0.0,-2.285125494003296,13.22733211517334,63.720672607421875
33.78,0.0,-2.285125494003296,13.22733211517334,63.10543441772461
33.82,0.0,-2.285125494003296,14.81413745880127,61.787078857421875
33.86,0.0,-2.285125494003296,12.458812713623047,58.886688232421875
33.9,0.0,-2.285125494003296,7.797163486480713,53.61324691772461
33.92,0.0,-2.285125494003296,7.797163486480713,47.19724655151367
33.96,0.0,-2.285125494003296,-1.5657514333724976,42.62694549560547
34.0,0.0,-2.285125494003296,-7.703199863433838,40.2538948059082
34.04,0.0,-2.285125494003296,-12.411611557006836,39.37498474121094
34.06,0.0,-2.285125494003296,-12.411611557006836,39.37498474121094
34.1,0.0,-2.285125494003296,-14.97523021697998,40.5175666809082
34.14,0.0,-2.285125494003296,-13.207324028015137,43.593719482421875
34.160000000000004,0.0,-2.285125494003296,-8.957688331604004,49.218719482421875
34.2,0.0,-2.285125494003296,-6.134795665740967,55.28316879272461
34.24,0.0,-2.285125494003296,0.24437718093395233,59.326141357421875
34.26,0.0,-2.285125494003296,6.5839948654174805,61.171844482421875
34.300000000000004,0.0,-2.285125494003296,9.357653617858887,60.996063232421875
34.34,0.0,-2.285125494003296,13.452069282531738,60.64449691772461
34.36,0.0,-2.285125494003296,14.997299194335938,59.589813232421875
34.4,0.0,-2.285125494003296,14.698412895202637,55.195281982421875
34.44,0.0,-2.285125494003296,12.023234367370605,50.71285629272461
34.46,0.0,-2.285125494003296,7.050774097442627,43.857391357421875
34.5,0.0,-2.285125494003296,3.9850990772247314,38.32029342651367
34.54,0.0,-2.285125494003296,-2.5725274085998535,34.98044204711914
34.56,0.0,-2.285125494003296,-8.643259048461914,34.101531982421875
34.6,0.0,-2.285125494003296,-11.120888710021973,34.101531982421875
34.64,0.0,-2.285125494003296,-14.359901428222656,34.101531982421875
34.660000000000004,0.0,-2.285125494003296,-14.832113265991211,35.50778579711914
34.7,0.0,-2.285125494003296,-13.977251052856445,39.46287536621094
34.74,0.0,-2.285125494003296,-10.287160873413086,43.94528579711914
34.76,0.0,-2.285125494003296,-4.5982232093811035,51.767547607421875
34.800000000000004,0.0,-2.285125494003296,-1.337828278541565,57.480438232421875
34.84,0.0,-2.285125494003296,5.221863746643066,61.171844482421875
34.86,0.0,-2.285125494003296,10.770044326782227,62.49020767211914
34.9,0.0,-2.285125494003296,12.811278343200684,62.66598129272461
34.92,0.0,-2.285125494003296,14.923673629760742,62.49020767211914
34.96,0.0,-2.285125494003296,14.887960433959961,61.25973129272461
35.0,0.0,-2.285125494003296,12.635736465454102,57.56832504272461
35.04,0.0,-2.285125494003296,7.896482467651367,51.943328857421875
35.08,0.0,-2.285125494003296,1.5963548421859741,45.52731704711914
35.1,0.0,-2.285125494003296,1.5963548421859741,39.9902229309082
35.14,0.0,-2.285125494003296,-8.043132781982422,37.70505905151367
35.18,0.0,-2.285125494003296,-12.741568565368652,37.441383361816406
35.22,0.0,-2.285125494003296,-14.915149688720703,37.441383361816406
35.24,0.0,-2.285125494003296,-14.915149688720703,39.28709411621094
35.28,0.0,-2.285125494003296,-12.63914966583252,42.802703857421875
35.32,0.0,-2.285125494003296,-7.858739376068115,47.812469482421875
35.34,0.0,-2.285125494003296,-7.858739376068115,55.28316879272461
35.38,0.0,-2.285125494003296,1.877079963684082,58.623016357421875
35.42,0.0,-2.285125494003296,8.187005996704102,59.94137191772461
35.44,0.0,-2.285125494003296,12.857192039489746,59.853477478027344
35.480000000000004,0.0,-2.285125494003296,14.263188362121582,59.326141357421875
35.52,0.0,-2.285125494003296,14.856672286987305,57.74410629272461
35.54,0.0,-2.285125494003296,12.448090553283691,52.82223129272461
35.58,0.0,-2.285125494003296,10.245585441589355,47.988250732421875
35.62,0.0,-2.285125494003296,4.398761749267578,41.66014862060547
35.64,0.0,-2.285125494003296,-2.347522735595703,36.210914611816406
35.68,0.0,-2.285125494003296,-5.629424571990967,34.013641357421875
35.72,0.0,-2.285125494003296,-11.171769142150879,33.925750732421875
35.74,0.0,-2.285125494003296,-14.437987327575684,33.925750732421875
35.78,0.0,-2.285125494003296,-14.983832359313965,33.925750732421875
35.82,0.0,-2.285125494003296,-13.755196571350098,35.94723892211914
35.84,0.0,-2.285125494003296,-9.701525688171387,40.6933479309082
35.88,0.0,-2.285125494003296,-6.85427713394165,45.790992736816406
35.9,0.0,-2.285125494003296,-0.24980729818344116,50.449188232421875
35.94,0.0,-2.285125494003296,3.1632978916168213,53.789031982421875
35.980000000000004,0.0,-2.285125494003296,9.327912330627441,54.49215316772461
36.02,0.0,-2.285125494003296,13.567681312561035,54.40426254272461
36.04,0.0,-2.285125494003296,13.567681312561035,53.61324691772461
36.08,0.0,-2.285125494003296,14.53731918334961,50.273406982421875
36.12,0.0,-2.285125494003296,11.381842613220215,46.054664611816406
36.160000000000004,0.0,-2.285125494003296,5.850191593170166,38.67185974121094
36.18,0.0,-2.285125494003296,5.850191593170166,33.837860107421875
36.22,0.0,-2.285125494003296,-4.310413837432861,31.90428924560547
36.26,0.0,-2.285125494003296,-10.262762069702148,31.81639862060547
36.28,0.0,-2.285125494003296,-14.06566047668457,31.81639862060547
36.32,0.0,-2.285125494003296,-14.885964393615723,32.43163299560547
36.36,0.0,-2.285125494003296,-14.142145156860352,34.71677017211914
36.38,0.0,-2.285125494003296,-10.412457466125488,39.81443786621094
36.42,0.0,-2.285125494003296,-7.650516510009766,45.175758361816406
36.44,0.0,-2.285125494003296,-1.0610694885253906,50.09762191772461
36.480000000000004,0.0,-2.285125494003296,2.41343092918396,53.876922607421875
36.52,0.0,-2.285125494003296,8.797728538513184,54.931610107421875
36.54,0.0,-2.285125494003296,13.315905570983887,54.755828857421875
36.58,0.0,-2.285125494003296,14.550553321838379,54.140594482421875
36.62,0.0,-2.285125494003296,14.63536262512207,52.294891357421875
36.64,0.0,-2.285125494003296,11.589798927307129,47.63668441772461
36.68,0.0,-2.285125494003296,9.07072925567627,41.92382049560547
36.72,0.0,-2.285125494003296,2.7126340866088867,37.17771530151367
36.74,0.0,-2.285125494003296,2.7126340866088867,33.837860107421875
36.78,0.0,-2.285125494003296,-7.458547115325928,33.837860107421875
36.82,0.0,-2.285125494003296,-12.533661842346191,33.837860107421875
36.84,0.0,-2.285125494003296,-14.905416488647461,34.013641357421875
36.88,0.0,-2.285125494003296,-14.88768482208252,36.298805236816406
36.92,0.0,-2.285125494003296,-12.443796157836914,40.4296760559082
36.94,0.0,-2.285125494003296,-7.2952117919921875,46.669898986816406
36.980000000000004,0.0,-2.285125494003296,-4.036993980407715,53.43746566772461
37.02,0.0,-2.285125494003296,2.9608302116394043,57.74410629272461
37.04,0.0,-2.285125494003296,9.319048881530762,60.11715316772461
37.08,0.0,-2.285125494003296,11.809131622314453,60.38082504272461
37.12,0.0,-2.285125494003296,14.724294662475586,60.20504379272461
37.14,0.0,-2.285125494003296,14.412302017211914,59.238250732421875
37.18,0.0,-2.285125494003296,13.036109924316406,55.72262191772461
37.22,0.0,-2.285125494003296,8.216940879821777,51.679656982421875
37.24,0.0,-2.285125494003296,1.5817290544509888,45.70309829711914
37.28,0.0,-2.285125494003296,-1.9679694175720215,40.6054573059082
37.32,0.0,-2.285125494003296,-8.548497200012207,37.26560592651367
37.34,0.0,-2.285125494003296,-13.241179466247559,36.562477111816406
37.38,0.0,-2.285125494003296,-14.528860092163086,36.562477111816406
37.42,0.0,-2.285125494003296,-14.6228609085083,37.089820861816406
37.46,0.0,-2.285125494003296,-11.460906982421875,40.0781135559082
37.480000000000004,0.0,-2.285125494003296,-11.460906982421875,45.351539611816406
37.52,0.0,-2.285125494003296,-2.299905776977539,51.943328857421875
37.56,0.0,-2.285125494003296,4.772127628326416,56.865203857421875
37.58,0.0,-2.285125494003296,10.78074836730957,60.20504379272461
37.62,0.0,-2.285125494003296,12.945383071899414,60.82027816772461
37.660000000000004,0.0,-2.285125494003296,14.980757713317871,60.732391357421875
37.68,0.0,-2.285125494003296,14.980757713317871,60.292938232421875
37.72,0.0,-2.285125494003296,11.770238876342773,57.480438232421875
37.74,0.0,-2.285125494003296,6.144705772399902,53.61324691772461
37.78,0.0,-2.285125494003296,2.712411403656006,49.30660629272461
37.82,0.0,-2.285125494003296,-4.418660640716553,45.52731704711914
37.84,0.0,-2.285125494003296,-10.552783012390137,42.53905487060547
37.88,0.0,-2.285125494003296,-12.790873527526855,42.53905487060547
37.92,0.0,-2.285125494003296,-14.965771675109863,42.53905487060547
37.94,0.0,-2.285125494003296,-14.965771675109863,44.20895767211914
37.980000000000004,0.0,-2.285125494003296,-11.882841110229492,47.988250732421875
38.02,0.0,-2.285125494003296,-6.268514156341553,53.34957504272461
38.04,0.0,-2.285125494003296,0.7886925935745239,59.41403579711914
38.08,0.0,-2.285125494003296,4.356124401092529,61.787078857421875
38.12,0.0,-2.285125494003296,10.539749145507812,62.578086853027344
38.14,0.0,-2.285125494003296,14.299858093261719,62.578086853027344
38.18,0.0,-2.285125494003296,14.969209671020508,62.050750732421875
38.22,0.0,-2.285125494003296,13.686626434326172,59.677696228027344
38.24,0.0,-2.285125494003296,9.232980728149414,54.49215316772461
38.28,0.0,-2.285125494003296,6.1137261390686035,49.74605941772461
38.32,0.0,-2.285125494003296,-1.005309820175171,45.26364517211914
38.34,0.0,-2.285125494003296,-7.896867275238037,41.30858612060547
38.38,0.0,-2.285125494003296,-10.742443084716797,40.4296760559082
38.42,0.0,-2.285125494003296,-14.397345542907715,40.5175666809082
38.44,0.0,-2.285125494003296,-14.68853759765625,40.6054573059082
38.480000000000004,0.0,-2.285125494003296,-13.515809059143066,43.33004379272461
38.5,0.0,-2.285125494003296,-8.87233829498291,47.548805236816406
38.54,0.0,-2.285125494003296,-5.676165580749512,53.43746566772461
38.58,0.0,-2.285125494003296,1.5263625383377075,58.271453857421875
38.62,0.0,-2.285125494003296,8.375675201416016,61.25973129272461
38.64,0.0,-2.285125494003296,8.375675201416016,61.435516357421875
38.68,0.0,-2.285125494003296,14.563922882080078,61.25973129272461
38.7,0.0,-2.285125494003296,14.533742904663086,60.20504379272461
38.74,0.0,-2.285125494003296,13.192276000976562,57.040985107421875
38.78,0.0,-2.285125494003296,8.249852180480957,52.82223129272461
38.800000000000004,0.0,-2.285125494003296,8.249852180480957,47.548805236816406
38.86,0.0,-2.285125494003296,-5.895791530609131,41.2206916809082
38.88,0.0,-2.285125494003296,-5.895791530609131,38.84763717651367
38.92,0.0,-2.285125494003296,-13.660296440124512,38.32029342651367
38.96,0.0,-2.285125494003296,-14.964569091796875,38.32029342651367
38.980000000000004,0.0,-2.285125494003296,-12.678238868713379,39.55076599121094
39.02,0.0,-2.285125494003296,-10.32563304901123,42.53905487060547
39.04,0.0,-2.285125494003296,-3.9060685634613037,46.494117736816406
39.08,0.0,-2.285125494003296,-0.23034925758838654,51.679656982421875
39.12,0.0,-2.285125494003296,6.942286968231201,54.84371566772461
39.14,0.0,-2.285125494003296,12.442279815673828,55.546844482421875
39.18,0.0,-2.285125494003296,14.121585845947266,55.371063232421875
39.22,0.0,-2.285125494003296,14.82291030883789,54.66793441772461
39.24,0.0,-2.285125494003296,14.82291030883789,51.59176254272461
39.28,0.0,-2.285125494003296,9.30858325958252,47.109352111816406
39.32,0.0,-2.285125494003296,2.545548439025879,41.2206916809082
39.34,0.0,-2.285125494003296,-4.845004081726074,36.123023986816406
39.38,0.0,-2.285125494003296,-8.205199241638184,34.98044204711914
39.42,0.0,-2.285125494003296,-13.221885681152344,34.98044204711914
39.44,0.0,-2.285125494003296,-14.999422073364258,34.98044204711914
39.480000000000004,0.0,-2.285125494003296,-14.498631477355957,35.771461486816406
39.52,0.0,-2.285125494003296,-10.865975379943848,38.75975036621094
39.54,0.0,-2.285125494003296,-4.551889896392822,43.681610107421875
39.58,0.0,-2.285125494003296,-0.8578314185142517,49.218719482421875
39.62,0.0,-2.285125494003296,6.461529731750488,53.17379379272461
39.64,0.0,-2.285125494003296,12.18718147277832,54.66793441772461
39.68,0.0,-2.285125494003296,13.981107711791992,54.58004379272461
39.7,0.0,-2.285125494003296,14.867386817932129,54.140594482421875
39.74,0.0,-2.285125494003296,13.901202201843262,52.646453857421875
39.78,0.0,-2.285125494003296,9.44546127319336,48.955047607421875
39.800000000000004,0.0,-2.285125494003296,2.6291332244873047,43.417938232421875
39.84,0.0,-2.285125494003296,-1.146147608757019,39.6386604309082
39.88,0.0,-2.285125494003296,-8.247773170471191,37.70505905151367
39.9,0.0,-2.285125494003296,-8.247773170471191,37.52927780151367
39.94,0.0,-2.285125494003296,-14.607892036437988,37.52927780151367
39.980000000000004,0.0,-2.285125494003296,-14.425090789794922,39.28709411621094
40.0,0.0,-2.285125494003296,-10.609241485595703,43.15426254272461
40.04,0.0,-2.285125494003296,-7.605898380279541,47.900360107421875
40.08,0.0,-2.285125494003296,-0.3547820746898651,52.998016357421875
40.1,0.0,-2.285125494003296,-0.3547820746898651,55.89840316772461
40.14,0.0,-2.285125494003296,10.107942581176758,55.89840316772461
40.18,0.0,-2.285125494003296,14.228833198547363,55.63473129272461
40.2,0.0,-2.285125494003296,14.736382484436035,54.228485107421875
40.24,0.0,-2.285125494003296,13.553074836730957,50.88863754272461
40.26,0.0,-2.285125494003296,8.684082984924316,47.02146530151367
40.300000000000004,0.0,-2.285125494003296,5.311911582946777,41.1328010559082
40.34,0.0,-2.285125494003296,-2.230785846710205,36.914039611816406
40.36,0.0,-2.285125494003296,-9.208706855773926,35.15622329711914
40.4,0.0,-2.285125494003296,-11.907241821289062,35.15622329711914
40.44,0.0,-2.285125494003296,-14.850554466247559,35.15622329711914
40.46,0.0,-2.285125494003296,-13.975854873657227,36.210914611816406
40.5,0.0,-2.285125494003296,-12.135254859924316,39.46287536621094
40.54,0.0,-2.285125494003296,-6.236838340759277,43.593719482421875
40.56,0.0,-2.285125494003296,1.2785420417785645,49.394500732421875
40.6,0.0,-2.285125494003296,5.038997173309326,52.470672607421875
40.64,0.0,-2.285125494003296,11.342842102050781,53.17379379272461
40.660000000000004,0.0,-2.285125494003296,14.707019805908203,52.998016357421875
40.7,0.0,-2.285125494003296,14.973106384277344,52.734344482421875
40.74,0.0,-2.285125494003296,12.5799560546875,49.482391357421875
40.76,0.0,-2.285125494003296,6.903543472290039,44.56052017211914
40.800000000000004,0.0,-2.285125494003296,6.903543472290039,39.11131286621094
40.84,0.0,-2.285125494003296,-4.396814823150635,35.859352111816406
40.88,0.0,-2.285125494003296,-10.918560981750488,35.859352111816406
40.9,0.0,-2.285125494003296,-10.918560981750488,35.859352111816406
40.94,0.0,-2.285125494003296,-14.99636173248291,37.089820861816406
40.980000000000004,0.0,-2.285125494003296,-12.857891082763672,39.55076599121094
41.0,0.0,-2.285125494003296,-12.857891082763672,44.20895767211914
41.04,0.0,-2.285125494003296,-3.717196226119995,50.36129379272461
41.08,0.0,-2.285125494003296,3.997532367706299,56.162078857421875
41.1,0.0,-2.285125494003296,10.659830093383789,59.853477478027344
41.14,0.0,-2.285125494003296,13.018386840820312,60.908172607421875
41.18,0.0,-2.285125494003296,14.999981880187988,60.82027816772461
41.2,0.0,-2.285125494003296,12.991776466369629,60.292938232421875
41.24,0.0,-2.285125494003296,10.615797996520996,58.974578857421875
41.28,0.0,-2.285125494003296,3.9093456268310547,55.019500732421875
41.300000000000004,0.0,-2.285125494003296,-3.847703456878662,50.449188232421875
41.34,0.0,-2.285125494003296,-7.467968940734863,47.724578857421875
41.36,0.0,-2.285125494003296,-12.973414421081543,47.19724655151367
41.4,0.0,-2.285125494003296,-14.481196403503418,47.19724655151367
41.44,0.0,-2.285125494003296,-14.49293041229248,47.724578857421875
41.46,0.0,-2.285125494003296,-10.602681159973145,50.88863754272461
41.5,0.0,-2.285125494003296,-7.483663558959961,54.931610107421875
41.54,0.0,-2.285125494003296,0.05091406777501106,58.53512191772461
41.56,0.0,-2.285125494003296,0.05091406777501106,60.55660629272461
41.6,0.0,-2.285125494003296,10.685906410217285,60.64449691772461
41.64,0.0,-2.285125494003296,14.530153274536133,60.46871566772461
41.660000000000004,0.0,-2.285125494003296,14.530153274536133,59.41403579711914
41.7,0.0,-2.285125494003296,12.862783432006836,55.195281982421875
41.74,0.0,-2.285125494003296,7.221347332000732,50.88863754272461
41.76,0.0,-2.285125494003296,7.221347332000732,45.26364517211914
41.800000000000004,0.0,-2.285125494003296,-4.3015265464782715,41.8359260559082
41.84,0.0,-2.285125494003296,-10.969319343566895,40.7812385559082
41.86,0.0,-2.285125494003296,-14.636006355285645,40.6933479309082
41.9,0.0,-2.285125494003296,-14.985249519348145,40.7812385559082
41.94,0.0,-2.285125494003296,-12.588576316833496,43.066375732421875
41.96,0.0,-2.285125494003296,-6.724130153656006,47.724578857421875
42.0,0.0,-2.285125494003296,-2.9672632217407227,52.910125732421875
42.02,0.0,-2.285125494003296,4.898080825805664,56.07418441772461
42.06,0.0,-2.285125494003296,4.898080825805664,56.95309066772461
42.1,0.0,-2.285125494003296,13.573850631713867,56.777313232421875
42.14,0.0,-2.285125494003296,14.934648513793945,56.601531982421875
42.160000000000004,0.0,-2.285125494003296,12.148276329040527,52.998016357421875
42.2,0.0,-2.285125494003296,9.397391319274902,49.394500732421875
42.24,0.0,-2.285125494003296,2.135638952255249,44.736297607421875
42.28,0.0,-2.285125494003296,-5.727862358093262,40.1660041809082
42.300000000000004,0.0,-2.285125494003296,-5.727862358093262,38.23240280151367
42.34,0.0,-2.285125494003296,-13.951639175415039,38.14451217651367
42.38,0.0,-2.285125494003296,-14.808917045593262,38.14451217651367
42.4,0.0,-2.285125494003296,-11.509811401367188,40.6054573059082
42.44,0.0,-2.285125494003296,-8.547381401062012,43.94528579711914
42.480000000000004,0.0,-2.285125494003296,-1.0373677015304565,49.042938232421875
42.5,0.0,-2.285125494003296,6.771218776702881,53.701141357421875
42.54,0.0,-2.285125494003296,10.084513664245605,54.931610107421875
42.56,0.0,-2.285125494003296,14.351174354553223,54.755828857421875
42.6,0.0,-2.285125494003296,14.994979858398438,54.40426254272461
42.64,0.0,-2.285125494003296,13.068114280700684,52.998016357421875
42.660000000000004,0.0,-2.285125494003296,7.4292755126953125,48.60348129272461
42.7,0.0,-2.285125494003296,3.6853995323181152,43.94528579711914
42.74,0.0,-2.285125494003296,-4.317782402038574,39.72654724121094
42.76,0.0,-2.285125494003296,-11.09610366821289,37.52927780151367
42.800000000000004,0.0,-2.285125494003296,-13.389921188354492,37.441383361816406
42.84,0.0,-2.285125494003296,-14.959120750427246,37.52927780151367
42.86,0.0,-2.285125494003296,-12.245088577270508,39.19920349121094
42.9,0.0,-2.285125494003296,-9.477418899536133,42.18749237060547
42.94,0.0,-2.285125494003296,-2.1121182441711426,46.669898986816406
42.96,0.0,-2.285125494003296,5.866648197174072,51.679656982421875
43.0,0.0,-2.285125494003296,9.356769561767578,53.525360107421875
43.04,0.0,-2.285125494003296,14.073114395141602,53.43746566772461
43.06,0.0,-2.285125494003296,14.727396011352539,53.085906982421875
43.1,0.0,-2.285125494003296,13.418865203857422,51.15230941772461
43.14,0.0,-2.285125494003296,7.9991536140441895,47.812469482421875
43.160000000000004,0.0,-2.285125494003296,0.2541061043739319,41.92382049560547
43.2,0.0,-2.285125494003296,-3.7982518672943115,38.23240280151367
43.24,0.0,-2.285125494003296,-10.783894538879395,36.386695861816406
43.28,0.0,-2.285125494003296,-14.632530212402344,36.386695861816406
43.300000000000004,0.0,-2.285125494003296,-14.632530212402344,36.914039611816406
43.34,0.0,-2.285125494003296,-12.386778831481934,39.11131286621094
43.38,0.0,-2.285125494003296,-6.166372776031494,42.53905487060547
43.4,0.0,-2.285125494003296,1.86675226688385,47.724578857421875
43.44,0.0,-2.285125494003296,5.829765319824219,51.59176254272461
43.480000000000004,0.0,-2.285125494003296,12.186521530151367,52.998016357421875
43.5,0.0,-2.285125494003296,14.96021556854248,52.910125732421875
43.54,0.0,-2.285125494003296,14.694562911987305,52.82223129272461
43.56,0.0,-2.285125494003296,10.949697494506836,50.88863754272461
43.6,0.0,-2.285125494003296,7.749749183654785,47.28513717651367
43.64,0.0,-2.285125494003296,-0.12219265103340149,42.18749237060547
43.660000000000004,0.0,-2.285125494003296,-7.96409273147583,38.32029342651367
43.7,0.0,-2.285125494003296,-11.126202583312988,36.914039611816406
43.74,0.0,-2.285125494003296,-14.74997329711914,36.914039611816406
43.76,0.0,-2.285125494003296,-14.74997329711914,37.35349655151367
43.800000000000004,0.0,-2.285125494003296,-11.97298526763916,39.37498474121094
43.84,0.0,-2.285125494003296,-5.435501575469971,42.802703857421875
43.86,0.0,-2.285125494003296,2.7322163581848145,47.988250732421875
43.9,0.0,-2.285125494003296,6.663784503936768,50.800750732421875
43.94,0.0,-2.285125494003296,12.742524147033691,51.15230941772461
43.96,0.0,-2.285125494003296,14.99999713897705,50.88863754272461
44.0,0.0,-2.285125494003296,14.427384376525879,49.74605941772461
44.04,0.0,-2.285125494003296,10.088700294494629,46.933570861816406
44.06,0.0,-2.285125494003296,2.7046217918395996,41.57225799560547
44.1,0.0,-2.285125494003296,-1.4538592100143433,38.23240280151367
44.14,0.0,-2.285125494003296,-9.127756118774414,37.17771530151367
44.160000000000004,0.0,-2.285125494003296,-14.043682098388672,37.17771530151367
44.2,0.0,-2.285125494003296,-14.951990127563477,37.441383361816406
44.22,0.0,-2.285125494003296,-13.316739082336426,39.46287536621094
44.26,0.0,-2.285125494003296,-10.89696979522705,42.89059066772461
44.300000000000004,0.0,-2.285125494003296,-3.770881175994873,47.46091842651367
44.32,0.0,-2.285125494003296,-3.770881175994873,52.998016357421875
44.36,0.0,-2.285125494003296,8.287424087524414,55.10738754272461
44.4,0.0,-2.285125494003296,13.664406776428223,55.195281982421875
44.42,0.0,-2.285125494003296,13.664406776428223,54.755828857421875
44.46,0.0,-2.285125494003296,13.720125198364258,53.964813232421875
44.5,0.0,-2.285125494003296,8.385808944702148,50.71285629272461
44.52,0.0,-2.285125494003296,8.385808944702148,45.615211486816406
44.56,0.0,-2.285125494003296,-3.70886492729187,39.9902229309082
44.6,0.0,-2.285125494003296,-10.890280723571777,36.123023986816406
44.62,0.0,-2.285125494003296,-14.715327262878418,35.15622329711914
44.660000000000004,0.0,-2.285125494003296,-14.94375991821289,35.15622329711914
44.7,0.0,-2.285125494003296,-11.936766624450684,35.15622329711914
44.72,0.0,-2.285125494003296,-5.227166652679443,36.298805236816406
44.76,0.0,-2.285125494003296,-1.1028231382369995,39.19920349121094
44.800000000000004,0.0,-2.285125494003296,7.0791192054748535,41.2206916809082
44.82,0.0,-2.285125494003296,13.063669204711914,41.66014862060547
44.86,0.0,-2.285125494003296,14.60232162475586,41.48436737060547
44.9,0.0,-2.285125494003296,14.163660049438477,40.4296760559082
44.94,0.0,-2.285125494003296,9.29740047454834,36.386695861816406
44.96,0.0,-2.285125494003296,9.29740047454834,32.51952362060547
45.0,0.0,-2.285125494003296,-2.7228708267211914,28.388652801513672
45.04,0.0,-2.285125494003296,-10.230205535888672,25.66403579711914
45.06,0.0,-2.285125494003296,-14.526888847351074,24.873018264770508
45.1,0.0,-2.285125494003296,-14.992037773132324,24.873018264770508
45.14,0.0,-2.285125494003296,-12.365042686462402,24.960908889770508
45.160000000000004,0.0,-2.285125494003296,-5.832475662231445,25.048799514770508
45.2,0.0,-2.285125494003296,-1.7115061283111572,26.982398986816406
45.22,0.0,-2.285125494003296,6.605945110321045,29.619125366210938
45.26,0.0,-2.285125494003296,10.129992485046387,31.640615463256836
45.300000000000004,0.0,-2.285125494003296,14.502511024475098,32.08007049560547
45.32,0.0,-2.285125494003296,14.269688606262207,32.08007049560547
45.36,0.0,-2.285125494003296,14.269688606262207,31.81639862060547
45.4,0.0,-2.285125494003296,5.829765319824219,29.619125366210938
45.44,0.0,-2.285125494003296,-2.5914745330810547,26.894508361816406
45.480000000000004,0.0,-2.285125494003296,-10.190752029418945,25.927709579467773
45.5,0.0,-2.285125494003296,-10.190752029418945,25.927709579467773
45.54,0.0,-2.285125494003296,-14.989755630493164,26.01559829711914
45.58,0.0,-2.285125494003296,-12.28222370147705,27.59763526916504
45.6,0.0,-2.285125494003296,-5.624599933624268,30.937488555908203
45.64,0.0,-2.285125494003296,-1.4482285976409912,34.98044204711914
45.68,0.0,-2.285125494003296,6.91338586807251,37.79294967651367
45.7,0.0,-2.285125494003296,13.049856185913086,38.67185974121094
45.74,0.0,-2.285125494003296,14.614036560058594,38.58396911621094
45.76,0.0,-2.285125494003296,14.092824935913086,38.40818405151367
45.800000000000004,0.0,-2.285125494003296,12.047544479370117,35.771461486816406
45.84,0.0,-2.285125494003296,5.213377475738525,33.22262191772461
45.86,0.0,-2.285125494003296,-3.319500684738159,29.355453491210938
45.9,0.0,-2.285125494003296,-7.353861331939697,27.24607276916504
45.94,0.0,-2.285125494003296,-13.307875633239746,26.982398986816406
45.96,0.0,-2.285125494003296,-13.307875633239746,27.070289611816406
46.0,0.0,-2.285125494003296,-13.875986099243164,27.24607276916504
46.04,0.0,-2.285125494003296,-8.48404598236084,28.476543426513672
46.06,0.0,-2.285125494003296,-0.3095361590385437,32.34374237060547
46.1,0.0,-2.285125494003296,-0.3095361590385437,35.859352111816406
46.14,0.0,-2.285125494003296,11.279679298400879,37.089820861816406
46.18,0.0,-2.285125494003296,14.857388496398926,37.001930236816406
46.2,0.0,-2.285125494003296,14.857388496398926,36.826148986816406
46.24,0.0,-2.285125494003296,14.824673652648926,34.71677017211914
46.28,0.0,-2.285125494003296,3.7452502250671387,31.552724838256836
46.300000000000004,0.0,-2.285125494003296,-4.875831127166748,28.300764083862305
46.34,0.0,-2.285125494003296,-4.875831127166748,27.070289611816406
46.38,0.0,-2.285125494003296,-14.018881797790527,27.070289611816406
46.42,0.0,-2.285125494003296,-14.63536262512207,27.158180236816406
46.46,0.0,-2.285125494003296,-10.385223388671875,28.124980926513672
46.480000000000004,0.0,-2.285125494003296,-10.385223388671875,31.640615463256836
46.52,0.0,-2.285125494003296,1.7038624286651611,36.826148986816406
46.54,0.0,-2.285125494003296,9.665060997009277,40.6933479309082
46.58,0.0,-2.285125494003296,9.665060997009277,42.802703857421875
46.62,0.0,-2.285125494003296,14.999287605285645,42.714839935302734
46.64,0.0,-2.285125494003296,12.403091430664062,42.62694549560547
46.68,0.0,-2.285125494003296,9.426992416381836,42.62694549560547
46.72,0.0,-2.285125494003296,1.368026852607727,41.04491424560547
46.74,0.0,-2.285125494003296,-7.157198905944824,37.88084030151367
46.78,0.0,-2.285125494003296,-10.675896644592285,37.52927780151367
46.82,0.0,-2.285125494003296,-14.73180103302002,37.52927780151367
46.84,0.0,-2.285125494003296,-13.812670707702637,39.02342224121094
46.88,0.0,-2.285125494003296,-11.514018058776855,42.09960174560547
46.92,0.0,-2.285125494003296,-4.209089756011963,46.318336486816406
46.94,0.0,-2.285125494003296,4.529029369354248,50.624969482421875
46.980000000000004,0.0,-2.285125494003296,8.500273704528809,51.943328857421875
47.0,0.0,-2.285125494003296,13.949644088745117,51.767547607421875
47.04,0.0,-2.285125494003296,13.949644088745117,51.59176254272461
47.08,0.0,-2.285125494003296,13.074552536010742,49.482391357421875
47.1,0.0,-2.285125494003296,6.732421875,46.406227111816406
47.14,0.0,-2.285125494003296,2.5190069675445557,41.30858612060547
47.18,0.0,-2.285125494003296,-6.185757160186768,37.441383361816406
47.2,0.0,-2.285125494003296,-6.185757160186768,35.859352111816406
47.24,0.0,-2.285125494003296,-14.518280029296875,35.859352111816406
47.28,0.0,-2.285125494003296,-14.136857032775879,35.859352111816406
47.300000000000004,0.0,-2.285125494003296,-8.89057445526123,37.35349655151367
47.34,0.0,-2.285125494003296,-4.9525837898254395,40.1660041809082
47.38,0.0,-2.285125494003296,3.8522961139678955,43.76950454711914
47.4,0.0,-2.285125494003296,11.332618713378906,47.28513717651367
47.44,0.0,-2.285125494003296,13.7216796875,47.900360107421875
47.480000000000004,0.0,-2.285125494003296,14.753376960754395,47.724578857421875
47.5,0.0,-2.285125494003296,10.669059753417969,47.548805236816406
47.54,0.0,-2.285125494003296,7.088095188140869,44.56052017211914
47.58,0.0,-2.285125494003296,-1.5938798189163208,40.6933479309082
47.6,0.0,-2.285125494003296,-9.727044105529785,37.61716842651367
47.64,0.0,-2.285125494003296,-12.664918899536133,37.26560592651367
47.660000000000004,0.0,-2.285125494003296,-14.991151809692383,37.26560592651367
47.7,0.0,-2.285125494003296,-14.168867111206055,37.96873092651367
47.74,0.0,-2.285125494003296,-8.907151222229004,40.2538948059082
47.76,0.0,-2.285125494003296,-8.907151222229004,44.64841079711914
47.800000000000004,0.0,-2.285125494003296,3.94254207611084,50.624969482421875
47.84,0.0,-2.285125494003296,11.442931175231934,55.195281982421875
47.86,0.0,-2.285125494003296,14.923832893371582,57.304656982421875
47.9,0.0,-2.285125494003296,14.699541091918945,57.65621566772461
47.94,0.0,-2.285125494003296,10.4132719039917,57.56832504272461
47.96,0.0,-2.285125494003296,2.447148323059082,57.12887191772461
48.0,0.0,-2.285125494003296,-2.0639407634735107,54.40426254272461
48.04,0.0,-2.285125494003296,-10.138833999633789,51.767547607421875
48.06,0.0,-2.285125494003296,-14.625528335571289,51.59176254272461
48.1,0.0,-2.285125494003296,-14.953693389892578,51.767547607421875
48.14,0.0,-2.285125494003296,-11.62591552734375,53.261688232421875
48.160000000000004,0.0,-2.285125494003296,-4.158892631530762,56.95309066772461
48.2,0.0,-2.285125494003296,0.33261194825172424,60.38082504272461
48.24,0.0,-2.285125494003296,8.822270393371582,61.787078857421875
48.26,0.0,-2.285125494003296,14.166414260864258,61.962860107421875
48.300000000000004,0.0,-2.285125494003296,14.992687225341797,61.69919204711914
48.34,0.0,-2.285125494003296,12.575023651123047,60.732391357421875
48.36,0.0,-2.285125494003296,5.646409511566162,56.689422607421875
48.4,0.0,-2.285125494003296,1.2228442430496216,52.734344482421875
48.44,0.0,-2.285125494003296,-7.549264430999756,49.13082504272461
48.46,0.0,-2.285125494003296,-13.609936714172363,47.548805236816406
48.5,0.0,-2.285125494003296,-13.609936714172363,47.548805236816406
48.54,0.0,-2.285125494003296,-13.296372413635254,47.724578857421875
48.58,0.0,-2.285125494003296,-6.911578178405762,50.009735107421875
48.6,0.0,-2.285125494003296,-6.911578178405762,54.58004379272461
48.64,0.0,-2.285125494003296,-2.5870168209075928,59.238250732421875
48.68,0.0,-2.285125494003296,13.011299133300781,61.171844482421875
48.7,0.0,-2.285125494003296,14.937134742736816,61.171844482421875
48.74,0.0,-2.285125494003296,13.827800750732422,60.82027816772461
48.78,0.0,-2.285125494003296,7.964284420013428,60.46871566772461
48.800000000000004,0.0,-2.285125494003296,7.964284420013428,58.35934066772461
48.84,0.0,-2.285125494003296,3.7544524669647217,53.43746566772461
48.88,0.0,-2.285125494003296,-12.416946411132812,50.36129379272461
48.9,0.0,-2.285125494003296,-14.99724292755127,49.394500732421875
48.94,0.0,-2.285125494003296,-14.206329345703125,49.394500732421875
48.980000000000004,0.0,-2.285125494003296,-8.819158554077148,49.482391357421875
49.0,0.0,-2.285125494003296,-8.819158554077148,52.031219482421875
49.04,0.0,-2.285125494003296,-4.726623058319092,56.162078857421875
49.08,0.0,-2.285125494003296,11.864727020263672,58.623016357421875
49.1,0.0,-2.285125494003296,14.987290382385254,59.062469482421875
49.14,0.0,-2.285125494003296,14.987290382385254,58.886688232421875
49.18,0.0,-2.285125494003296,9.49284553527832,58.271453857421875
49.2,0.0,-2.285125494003296,1.0014715194702148,55.019500732421875
49.24,0.0,-2.285125494003296,-3.6030850410461426,51.855438232421875
49.28,0.0,-2.285125494003296,-11.38449478149414,50.53708267211914
49.300000000000004,0.0,-2.285125494003296,-14.94003963470459,50.53708267211914
49.34,0.0,-2.285125494003296,-14.636650085449219,50.88863754272461
49.38,0.0,-2.285125494003296,-10.001819610595703,53.34957504272461
49.4,0.0,-2.285125494003296,-1.6325751543045044,57.56832504272461
49.44,0.0,-2.285125494003296,3.002744674682617,61.08395004272461
49.480000000000004,0.0,-2.285125494003296,10.998907089233398,62.13864517211914
49.5,0.0,-2.285125494003296,14.881749153137207,62.050750732421875
49.54,0.0,-2.285125494003296,14.742513656616211,61.69919204711914
49.58,0.0,-2.285125494003296,10.36070442199707,60.20504379272461
49.6,0.0,-2.285125494003296,2.0816457271575928,56.07418441772461
49.64,0.0,-2.285125494003296,-2.575871467590332,51.943328857421875
49.68,0.0,-2.285125494003296,-10.724265098571777,50.009735107421875
49.7,0.0,-2.285125494003296,-14.832046508789062,49.65816879272461
49.74,0.0,-2.285125494003296,-14.802088737487793,49.570281982421875
49.76,0.0,-2.285125494003296,-10.581049919128418,50.88863754272461
49.800000000000004,0.0,-2.285125494003296,-6.7962446212768555,54.140594482421875
49.84,0.0,-2.285125494003296,2.325840950012207,57.74410629272461
49.86,0.0,-2.285125494003296,10.571261405944824,60.82027816772461
49.9,0.0,-2.285125494003296,13.336990356445312,61.08395004272461
49.94,0.0,-2.285125494003296,14.827593803405762,60.908172607421875
49.96,0.0,-2.285125494003296,10.670491218566895,60.46871566772461
