dt,yaw_cmd,yaw_pos,pitch_cmd,pitch_pos
0.3,0.0,-2.1093435287475586,-0.5734931230545044,-0.08790817856788635
0.3,0.0,-2.1093435287475586,-0.9644405841827393,0.17576444149017334
0.3,0.0,-2.1093435287475586,-0.9644405841827393,0.5273279547691345
0.3,0.0,-2.1093435287475586,-1.5630508661270142,0.8788914680480957
0.3,0.0,-2.1093435287475586,-1.9697641134262085,1.7578002214431763
0.3,0.0,-2.1093435287475586,-2.3821582794189453,2.636708974838257
0.3,0.0,-2.1093435287475586,-2.590360164642334,3.2519450187683105
0.34,0.0,-2.1093435287475586,-3.0105037689208984,4.306607723236084
0.36,0.0,-2.1093435287475586,-3.4352495670318604,5.185516834259033
0.4,0.0,-2.1093435287475586,-3.649195432662964,5.976534366607666
0.44,0.0,-2.1093435287475586,-4.079909324645996,6.767552375793457
0.46,0.0,-2.1093435287475586,-4.513926029205322,7.6464619636535645
0.5,0.0,-2.1093435287475586,-4.731991767883301,8.876934051513672
0.54,0.0,-2.1093435287475586,-5.169856071472168,10.283187866210938
0.56,0.0,-2.1093435287475586,-5.169856071472168,11.24998664855957
0.6,0.0,-2.1093435287475586,-5.829765319824219,12.216787338256836
0.64,0.0,-2.1093435287475586,-6.27077579498291,13.183586120605469
0.66,0.0,-2.1093435287475586,-6.711788654327393,15.117158889770508
0.7000000000000001,0.0,-2.1093435287475586,-6.711788654327393,16.962865829467773
0.74,0.0,-2.1093435287475586,-7.371604919433594,18.01755714416504
0.76,0.0,-2.1093435287475586,-7.809145450592041,19.863265991210938
0.8,0.0,-2.1093435287475586,-8.026890754699707,21.708972930908203
0.84,0.0,-2.1093435287475586,-8.459769248962402,23.378873825073242
0.86,0.0,-2.1093435287475586,-8.888386726379395,25.48825454711914
0.9,0.0,-2.1093435287475586,-9.100797653198242,27.59763526916504
0.9400000000000001,0.0,-2.1093435287475586,-9.521200180053711,29.882797241210938
0.96,0.0,-2.1093435287475586,-9.934860229492188,32.16796112060547
1.0,0.0,-2.1093435287475586,-10.138833999633789,34.189422607421875
1.04,0.0,-2.1093435287475586,-10.540393829345703,36.474586486816406
1.06,0.0,-2.1093435287475586,-10.932515144348145,39.37498474121094
1.1,0.0,-2.1093435287475586,-11.12468433380127,41.57225799560547
1.1400000000000001,0.0,-2.1093435287475586,-11.500518798828125,44.033172607421875
1.16,0.0,-2.1093435287475586,-11.864034652709961,46.933570861816406
1.2,0.0,-2.1093435287475586,-12.040800094604492,49.30660629272461
1.24,0.0,-2.1093435287475586,-12.383587837219238,51.855438232421875
1.26,0.0,-2.1093435287475586,-12.71102523803711,54.84371566772461
1.3,0.0,-2.1093435287475586,-12.868600845336914,57.65621566772461
1.34,0.0,-2.1093435287475586,-13.170677185058594,60.20504379272461
1.36,0.0,-2.1093435287475586,-13.170677185058594,63.017547607421875
1.4000000000000001,0.0,-2.1093435287475586,-13.588740348815918,65.74214935302734
1.44,0.0,-2.1093435287475586,-13.842227935791016,68.37887573242188
1.46,0.0,-2.1093435287475586,-13.842227935791016,71.19137573242188
1.5,0.0,-2.1093435287475586,-14.181447982788086,73.82809448242188
1.54,0.0,-2.1093435287475586,-14.37840747833252,76.55270385742188
1.56,0.0,-2.1093435287475586,-14.550553321838379,79.36520385742188
1.6,0.0,-2.1093435287475586,-14.626934051513672,81.8261489868164
1.6400000000000001,0.0,-2.1093435287475586,-14.759549140930176,84.02340698242188
1.6600000000000001,0.0,-2.1093435287475586,-14.864307403564453,87.18746185302734
1.7,0.0,-2.1093435287475586,-14.90587329864502,89.56050872802734
1.74,0.0,-2.1093435287475586,-14.966667175292969,92.02145385742188
1.76,0.0,-2.1093435287475586,-14.996759414672852,95.00972747802734
1.8,0.0,-2.1093435287475586,-14.999958992004395,97.20700073242188
1.84,0.0,-2.1093435287475586,-14.982030868530273,99.58004760742188
1.86,0.0,-2.1093435287475586,-14.93086051940918,102.56832885742188
1.9000000000000001,0.0,-2.1093435287475586,-14.892523765563965,104.67770385742188
1.94,0.0,-2.1093435287475586,-14.789814949035645,107.1386489868164
1.96,0.0,-2.1093435287475586,-14.651740074157715,109.77536010742188
2.0,0.0,-2.1093435287475586,-14.569215774536133,111.5331802368164
2.04,0.0,-2.1093435287475586,-14.376794815063477,114.60934448242188
2.06,0.0,-2.1093435287475586,-14.147417068481445,117.24605560302734
2.1,0.0,-2.1093435287475586,-14.018721580505371,118.74020385742188
2.14,0.0,-2.1093435287475586,-13.733080863952637,121.5527114868164
2.16,0.0,-2.1093435287475586,-13.733080863952637,124.18942260742188
2.2,0.0,-2.1093435287475586,-13.233515739440918,126.82614135742188
2.22,0.0,-2.1093435287475586,-12.852877616882324,128.75973510742188
2.2600000000000002,0.0,-2.1093435287475586,-12.64828109741211,130.42965698242188
2.3000000000000003,0.0,-2.1093435287475586,-12.21061897277832,132.27536010742188
2.32,0.0,-2.1093435287475586,-11.735227584838867,134.12106323242188
2.36,0.0,-2.1093435287475586,-11.483504295349121,135.61520385742188
2.4,0.0,-2.1093435287475586,-10.952326774597168,136.93356323242188
2.44,0.0,-2.1093435287475586,-10.384733200073242,138.69137573242188
2.46,0.0,-2.1093435287475586,-10.384733200073242,140.27340698242188
2.5,0.0,-2.1093435287475586,-9.466891288757324,141.50387573242188
2.54,0.0,-2.1093435287475586,-8.812201499938965,142.20700073242188
2.56,0.0,-2.1093435287475586,-8.812201499938965,142.82223510742188
2.6,0.0,-2.1093435287475586,-7.7691144943237305,144.31637573242188
2.64,0.0,-2.1093435287475586,-7.035190582275391,145.28317260742188
2.66,0.0,-2.1093435287475586,-6.2724199295043945,145.37106323242188
2.7,0.0,-2.1093435287475586,-5.880806922912598,145.54684448242188
2.74,0.0,-2.1093435287475586,-5.078407287597656,145.81051635742188
2.7600000000000002,0.0,-2.1093435287475586,-5.078407287597656,145.89842224121094
2.8000000000000003,0.0,-2.1093435287475586,-3.8310787677764893,146.16207885742188
2.82,0.0,-2.1093435287475586,-2.973917245864868,146.16207885742188
2.86,0.0,-2.1093435287475586,-2.538635015487671,146.07418823242188
2.9,0.0,-2.1093435287475586,-1.6564167737960815,145.89842224121094
2.92,0.0,-2.1093435287475586,-0.7611226439476013,145.19528198242188
2.96,0.0,-2.1093435287475586,-0.3095361590385437,145.10739135742188
3.0,0.0,-2.1093435287475586,0.5994960069656372,143.96481323242188
3.02,0.0,-2.1093435287475586,1.5135306119918823,142.82223510742188
3.06,0.0,-2.1093435287475586,1.9713343381881714,141.76754760742188
3.1,0.0,-2.1093435287475586,2.886256694793701,140.80075073242188
3.12,0.0,-2.1093435287475586,3.7971572875976562,139.30661010742188
3.16,0.0,-2.1093435287475586,4.249905109405518,138.33981323242188
3.2,0.0,-2.1093435287475586,5.14754581451416,136.66989135742188
3.22,0.0,-2.1093435287475586,5.14754581451416,134.82418823242188
3.2600000000000002,0.0,-2.1093435287475586,6.89731502532959,132.80270385742188
3.3000000000000003,0.0,-2.1093435287475586,7.32228422164917,131.74801635742188
3.34,0.0,-2.1093435287475586,8.153605461120605,128.93551635742188
3.36,0.0,-2.1093435287475586,8.956599235534668,126.4745864868164
3.4,0.0,-2.1093435287475586,9.346153259277344,124.10153198242188
3.44,0.0,-2.1093435287475586,10.098743438720703,121.3769302368164
3.46,0.0,-2.1093435287475586,10.812480926513672,118.56442260742188
3.5,0.0,-2.1093435287475586,11.15347957611084,115.75192260742188
3.54,0.0,-2.1093435287475586,11.80117416381836,113.64254760742188
3.56,0.0,-2.1093435287475586,12.399782180786133,110.03903198242188
3.6,0.0,-2.1093435287475586,12.679448127746582,107.31441497802734
3.64,0.0,-2.1972618103027344,13.19711971282959,105.11715698242188
3.66,0.0,-2.1972618103027344,13.656180381774902,101.77731323242188
3.7,0.0,-2.1972618103027344,13.862627029418945,99.14058685302734
3.74,0.0,-2.1972618103027344,14.227256774902344,96.6796646118164
3.7600000000000002,0.0,-2.1972618103027344,14.227256774902344,93.42770385742188
3.8000000000000003,0.0,-2.1972618103027344,14.647705078125,90.61520385742188
3.84,0.0,-2.1972618103027344,14.83952522277832,87.62692260742188
3.86,0.0,-2.1972618103027344,14.95763874053955,84.46286010742188
3.9,0.0,-2.1972618103027344,14.988374710083008,81.38668823242188
3.94,0.0,-2.1972618103027344,14.992037773132324,79.27730560302734
3.96,0.0,-2.1972618103027344,14.992037773132324,76.8163833618164
4.0,0.0,-2.1972618103027344,14.850234985351562,73.82809448242188
4.04,0.0,-2.1972618103027344,14.65594482421875,71.36715698242188
4.0600000000000005,0.0,-2.1972618103027344,14.381175994873047,68.81832885742188
4.1,0.0,-2.1972618103027344,14.213576316833496,66.44528198242188
4.14,0.0,-2.1972618103027344,13.818135261535645,65.30269622802734
4.16,0.0,-2.1972618103027344,13.342991828918457,62.578086853027344
4.2,0.0,-2.1972618103027344,13.075882911682129,60.82027816772461
4.24,0.0,-2.1972618103027344,12.483582496643066,59.150360107421875
4.26,0.0,-2.1093435287475586,11.815546989440918,57.480438232421875
4.3,0.0,-2.1093435287475586,11.453896522521973,55.72262191772461
4.34,0.0,-2.1972618103027344,10.677167892456055,54.66793441772461
4.36,0.0,-2.1972618103027344,9.832049369812012,53.34957504272461
4.4,0.0,-2.1093435287475586,9.385040283203125,52.38277816772461
4.44,0.0,-2.1972618103027344,8.444814682006836,51.240203857421875
4.46,0.0,-2.1093435287475586,7.446960926055908,50.88863754272461
4.5,0.0,-2.1972618103027344,6.928040981292725,50.624969482421875
4.54,0.0,-2.1093435287475586,5.853733539581299,50.53708267211914
4.5600000000000005,0.0,-2.1972618103027344,4.735857009887695,50.53708267211914
4.6000000000000005,0.0,-2.1972618103027344,4.162588119506836,50.53708267211914
4.64,0.0,-2.1972618103027344,2.9916584491729736,50.624969482421875
4.66,0.0,-2.1972618103027344,1.7942084074020386,50.800750732421875
4.7,0.0,-2.1972618103027344,1.1878834962844849,51.32809066772461
4.74,0.0,-2.1972618103027344,-0.03507417067885399,52.82223129272461
4.76,0.0,-2.1972618103027344,-1.2650138139724731,54.05270004272461
4.8,0.0,-2.1972618103027344,-1.8799984455108643,55.89840316772461
4.84,0.0,-2.1972618103027344,-3.1046557426452637,57.480438232421875
4.88,0.0,-2.1972618103027344,-4.31496524810791,59.589813232421875
4.9,0.0,-2.1093435287475586,-4.31496524810791,61.69919204711914
4.94,0.0,-2.1093435287475586,-6.084162712097168,63.193328857421875
4.98,0.0,-2.1972618103027344,-7.219760417938232,65.39059448242188
5.0,0.0,-2.1972618103027344,-7.219760417938232,68.46676635742188
5.04,0.0,-2.1972618103027344,-8.835075378417969,70.13668823242188
5.08,0.0,-2.1972618103027344,-9.840420722961426,72.77340698242188
5.1000000000000005,0.0,-2.1972618103027344,-9.840420722961426,76.28903198242188
5.14,0.0,-2.1972618103027344,-11.219808578491211,78.57418823242188
5.18,0.0,-2.1093435287475586,-12.04174518585205,81.47457885742188
5.2,0.0,-2.1093435287475586,-12.776549339294434,84.46286010742188
5.24,0.0,-2.1972618103027344,-13.109012603759766,87.62692260742188
5.28,0.0,-2.1972618103027344,-13.699835777282715,90.17575073242188
5.3,0.0,-2.1972618103027344,-14.186674118041992,93.69136810302734
5.34,0.0,-2.1093435287475586,-14.38931941986084,96.15231323242188
5.38,0.0,-2.1093435287475586,-14.709905624389648,99.05269622802734
5.4,0.0,-2.1972618103027344,-14.913944244384766,103.09566497802734
5.44,0.0,-2.1972618103027344,-14.971107482910156,105.46871948242188
5.48,0.0,-2.1972618103027344,-14.99392318725586,108.36911010742188
5.5,0.0,-2.1972618103027344,-14.893036842346191,110.7421646118164
5.54,0.0,-2.1093435287475586,-14.795811653137207,113.46675872802734
5.58,0.0,-2.1972618103027344,-14.507584571838379,116.27926635742188
5.6000000000000005,0.0,-2.1972618103027344,-14.094839096069336,118.38863372802734
5.64,0.0,-2.1972618103027344,-13.842227935791016,120.9374771118164
5.68,0.0,-2.1972618103027344,-13.24606704711914,122.95894622802734
5.7,0.0,-2.1972618103027344,-13.24606704711914,125.24411010742188
5.74,0.0,-2.1972618103027344,-12.131263732910156,127.79293823242188
5.78,0.0,-2.1972618103027344,-11.24799919128418,129.19918823242188
5.8,0.0,-2.1972618103027344,-10.259790420532227,130.16600036621094
5.84,0.0,-2.1093435287475586,-9.728593826293945,130.69332885742188
5.88,0.0,-2.1972618103027344,-8.597146987915039,131.83590698242188
5.9,0.0,-2.1972618103027344,-7.381259441375732,132.27536010742188
5.94,0.0,-2.1972618103027344,-6.744754314422607,132.27536010742188
5.98,0.0,-2.1972618103027344,-5.42136812210083,132.27536010742188
6.0,0.0,-2.1972618103027344,-4.040480613708496,132.27536010742188
6.04,0.0,-2.1972618103027344,-3.332298517227173,132.27536010742188
6.08,0.0,-2.1972618103027344,-1.8885291814804077,131.48435974121094
6.1000000000000005,0.0,-2.1972618103027344,-0.41947802901268005,130.86911010742188
6.140000000000001,0.0,-2.1972618103027344,0.32016921043395996,129.11129760742188
6.18,0.0,-2.1972618103027344,1.8007234334945679,128.32028198242188
6.2,0.0,-2.1972618103027344,3.2707130908966064,126.65036010742188
6.24,0.0,-2.1972618103027344,3.997096300125122,124.2773208618164
6.28,0.0,-2.1972618103027344,5.423266887664795,122.16793060302734
6.3,0.0,-2.1972618103027344,6.801488876342773,119.2675552368164
6.34,0.0,-2.1972618103027344,7.467968940734863,116.4550552368164
6.38,0.0,-2.1972618103027344,8.746517181396484,114.3456802368164
6.4,0.0,-2.1972618103027344,9.94062328338623,111.0937271118164
6.44,0.0,-2.1972618103027344,10.501684188842773,107.22654724121094
6.48,0.0,-2.1972618103027344,11.543550491333008,105.02926635742188
6.5,0.0,-2.1972618103027344,12.46800422668457,101.42575073242188
6.54,0.0,-2.1972618103027344,12.88253116607666,98.52535247802734
6.58,0.0,-2.1972618103027344,13.609460830688477,95.71286010742188
6.6000000000000005,0.0,-2.1972618103027344,14.192177772521973,91.93356323242188
6.640000000000001,0.0,-2.1972618103027344,14.426765441894531,88.68160247802734
6.68,0.0,-2.1972618103027344,14.77783489227295,85.69332885742188
6.7,0.0,-2.1972618103027344,14.966530799865723,81.8261489868164
6.74,0.0,-2.1972618103027344,14.998555183410645,79.01363372802734
6.78,0.0,-2.1972618103027344,14.936075210571289,77.34371948242188
6.8,0.0,-2.1972618103027344,14.936075210571289,73.91598510742188
6.84,0.0,-2.1972618103027344,14.52395248413086,71.54293823242188
6.88,0.0,-2.1972618103027344,14.038188934326172,69.25778198242188
6.9,0.0,-2.1972618103027344,13.38726806640625,66.70895385742188
6.94,0.0,-2.1972618103027344,13.001492500305176,65.65426635742188
6.98,0.0,-2.1972618103027344,12.11367130279541,63.632781982421875
7.0,0.0,-2.1972618103027344,11.078118324279785,62.49020767211914
7.04,0.0,-2.1972618103027344,10.508145332336426,61.171844482421875
7.08,0.0,-2.1972618103027344,9.27127456665039,60.82027816772461
7.1000000000000005,0.0,-2.1972618103027344,7.9164814949035645,60.38082504272461
7.140000000000001,0.0,-2.1972618103027344,7.199520111083984,60.38082504272461
7.18,0.0,-2.1972618103027344,5.696686267852783,60.38082504272461
7.2,0.0,-2.1972618103027344,4.116696357727051,60.46871566772461
7.24,0.0,-2.1972618103027344,3.30361008644104,60.46871566772461
7.28,0.0,-2.1972618103027344,1.6435967683792114,60.82027816772461
7.3,0.0,-2.1972618103027344,-0.04435183107852936,61.787078857421875
7.34,0.0,-2.1972618103027344,-0.8921681642532349,63.984344482421875
7.38,0.0,-2.1972618103027344,-2.581890106201172,66.09371948242188
7.4,0.0,-2.1972618103027344,-4.245347499847412,68.46676635742188
7.44,0.0,-2.1972618103027344,-5.060304641723633,70.92770385742188
7.48,0.0,-2.1972618103027344,-6.642895221710205,73.38864135742188
7.5,0.0,-2.1972618103027344,-8.144296646118164,76.46481323242188
7.54,0.0,-2.1972618103027344,-8.857918739318848,79.10152435302734
7.5600000000000005,0.0,-2.1972618103027344,-10.198222160339355,81.65036010742188
7.6000000000000005,0.0,-2.1972618103027344,-10.198222160339355,85.07808685302734
7.640000000000001,0.0,-2.1972618103027344,-11.955241203308105,87.45114135742188
7.68,0.0,-2.1972618103027344,-12.93175983428955,90.26364135742188
7.7,0.0,-2.1972618103027344,-12.93175983428955,94.39450073242188
7.74,0.0,-2.1972618103027344,-14.06566047668457,96.6796646118164
7.78,0.0,-2.1972618103027344,-14.582412719726562,99.84371948242188
7.8,0.0,-2.1972618103027344,-14.896169662475586,104.58981323242188
7.84,0.0,-2.1972618103027344,-14.974641799926758,107.66597747802734
7.88,0.0,-2.1972618103027344,-14.971776962280273,110.2148208618164
7.9,0.0,-2.1972618103027344,-14.754030227661133,113.37887573242188
7.94,0.0,-2.1972618103027344,-14.564626693725586,116.1034927368164
7.98,0.0,-2.1972618103027344,-14.026595115661621,118.03707122802734
8.0,0.0,-2.1972618103027344,-13.281047821044922,120.6738052368164
8.040000000000001,0.0,-2.1972618103027344,-12.833003044128418,122.78317260742188
8.08,0.0,-2.1972618103027344,-11.793208122253418,124.10153198242188
8.1,0.0,-2.1972618103027344,-10.573187828063965,125.0683364868164
8.14,0.0,-2.1972618103027344,-9.900568008422852,126.3866958618164
8.18,0.0,-2.1972618103027344,-8.441635131835938,126.91402435302734
8.2,0.0,-2.1972618103027344,-6.848439693450928,127.00191497802734
8.24,0.0,-2.1972618103027344,-6.008575916290283,127.00191497802734
8.28,0.0,-2.1972618103027344,-4.257717132568359,127.00191497802734
8.3,0.0,-2.1972618103027344,-2.4339754581451416,126.5624771118164
8.34,0.0,-2.1972618103027344,-1.50339937210083,125.85934448242188
8.38,0.0,-2.1972618103027344,0.3771776556968689,124.54098510742188
8.4,0.0,-2.1972618103027344,2.258976697921753,121.99214935302734
8.44,0.0,-2.1972618103027344,3.19094181060791,120.1464614868164
8.48,0.0,-2.1972618103027344,5.018104553222656,117.15816497802734
8.5,0.0,-2.1972618103027344,6.771218776702881,114.52145385742188
8.540000000000001,0.0,-2.285125494003296,7.61077356338501,111.5331802368164
8.58,0.0,-2.285125494003296,9.197985649108887,108.19332122802734
8.6,0.0,-2.285125494003296,9.197985649108887,105.46871948242188
8.64,0.0,-2.285125494003296,11.298304557800293,102.30465698242188
8.68,0.0,-2.285125494003296,12.475045204162598,98.96481323242188
8.700000000000001,0.0,-2.285125494003296,13.447159767150879,95.18551635742188
8.74,0.0,-2.285125494003296,13.850495338439941,91.58200073242188
8.78,0.0,-2.285125494003296,14.481609344482422,87.80270385742188
8.82,0.0,-2.285125494003296,14.867897033691406,83.84761810302734
8.84,0.0,-2.285125494003296,14.867897033691406,79.62887573242188
8.88,0.0,-2.285125494003296,14.968934059143066,77.69527435302734
8.9,0.0,-2.285125494003296,14.711542129516602,74.61911010742188
8.94,0.0,-2.285125494003296,14.485611915588379,72.33394622802734
8.98,0.0,-2.285125494003296,13.842489242553711,70.13668823242188
9.02,0.0,-2.285125494003296,12.952008247375488,68.11520385742188
9.040000000000001,0.0,-2.285125494003296,12.952008247375488,66.18161010742188
9.08,0.0,-2.285125494003296,11.182634353637695,65.83004760742188
9.1,0.0,-2.285125494003296,9.741333961486816,63.808563232421875
9.14,0.0,-2.285125494003296,8.950789451599121,63.54488754272461
9.18,0.0,-2.285125494003296,7.246720790863037,63.54488754272461
9.200000000000001,0.0,-2.285125494003296,5.4036407470703125,63.54488754272461
9.24,0.0,-2.285125494003296,4.440063953399658,63.54488754272461
9.28,0.0,-2.285125494003296,2.4504971504211426,63.984344482421875
9.3,0.0,-2.285125494003296,2.4504971504211426,66.35739135742188
9.34,0.0,-2.285125494003296,-0.6209753155708313,66.62106323242188
9.38,0.0,-2.285125494003296,-2.6710057258605957,67.76363372802734
9.4,0.0,-2.285125494003296,-4.67741584777832,71.45504760742188
9.44,0.0,-2.285125494003296,-5.652069568634033,74.44332885742188
9.48,0.0,-2.285125494003296,-7.52030611038208,77.51950073242188
9.5,0.0,-2.285125494003296,-9.249556541442871,81.21090698242188
9.540000000000001,0.0,-2.285125494003296,-10.05096435546875,84.28707122802734
9.58,0.0,-2.285125494003296,-11.50661849975586,87.53902435302734
9.6,0.0,-2.285125494003296,-12.740852355957031,91.2304458618164
9.64,0.0,-2.285125494003296,-13.266398429870605,94.83395385742188
9.68,0.0,-2.285125494003296,-14.119677543640137,97.91011810302734
9.700000000000001,0.0,-2.285125494003296,-14.693243980407715,102.04098510742188
9.74,0.0,-2.285125494003296,-14.870402336120605,105.64450073242188
9.78,0.0,-2.285125494003296,-14.999110221862793,108.89645385742188
9.8,0.0,-2.285125494003296,-14.82291030883789,111.6210708618164
9.84,0.0,-2.285125494003296,-14.620386123657227,114.87301635742188
9.86,0.0,-2.285125494003296,-13.989779472351074,116.8066177368164
9.9,0.0,-2.285125494003296,-13.564205169677734,118.47652435302734
9.94,0.0,-2.285125494003296,-12.50174331665039,120.5859146118164
9.96,0.0,-2.285125494003296,-12.50174331665039,122.34371948242188
10.0,0.0,-2.285125494003296,-10.418971061706543,123.83785247802734
10.040000000000001,0.0,-2.285125494003296,-8.743391036987305,124.36520385742188
10.06,0.0,-2.285125494003296,-8.743391036987305,124.36520385742188
10.1,0.0,-2.285125494003296,-5.882888317108154,124.7167739868164
10.14,0.0,-2.285125494003296,-3.8015353679656982,124.7167739868164
10.16,0.0,-2.285125494003296,-3.8015353679656982,124.7167739868164
10.200000000000001,0.0,-2.285125494003296,-2.7246510982513428,124.45309448242188
10.22,0.0,-2.285125494003296,1.689023494720459,124.01364135742188
10.26,0.0,-2.285125494003296,2.788933515548706,121.6406021118164
10.3,0.0,-2.285125494003296,4.9419026374816895,118.30075073242188
10.32,0.0,-2.285125494003296,4.9419026374816895,114.08200073242188
10.36,0.0,-2.285125494003296,7.96409273147583,112.32418060302734
10.4,0.0,-2.285125494003296,9.773301124572754,109.07223510742188
10.42,0.0,-2.285125494003296,11.367976188659668,104.15036010742188
10.46,0.0,-2.285125494003296,12.072705268859863,100.01950073242188
10.5,0.0,-2.285125494003296,13.275362968444824,96.6796646118164
10.52,0.0,-2.285125494003296,14.177757263183594,92.28512573242188
10.56,0.0,-2.285125494003296,14.508676528930664,88.15426635742188
10.6,0.0,-2.285125494003296,14.918457984924316,84.72653198242188
10.620000000000001,0.0,-2.285125494003296,14.98236083984375,80.33200073242188
10.66,0.0,-2.285125494003296,14.882795333862305,78.13473510742188
10.700000000000001,0.0,-2.285125494003296,14.421486854553223,75.14645385742188
10.72,0.0,-2.285125494003296,13.61782169342041,72.86129760742188
10.76,0.0,-2.285125494003296,13.092260360717773,71.10348510742188
10.8,0.0,-2.285125494003296,11.807456970214844,69.69723510742188
10.82,0.0,-2.285125494003296,10.235169410705566,68.73043823242188
10.86,0.0,-2.285125494003296,9.351993560791016,68.37887573242188
10.9,0.0,-2.285125494003296,7.4168877601623535,67.76363372802734
10.92,0.0,-2.285125494003296,7.4168877601623535,67.76363372802734
10.96,0.0,-2.285125494003296,4.179542541503906,67.76363372802734
11.0,0.0,-2.285125494003296,1.8732632398605347,67.85153198242188
11.02,0.0,-2.285125494003296,1.8732632398605347,69.25778198242188
11.06,0.0,-2.285125494003296,-1.6681110858917236,70.13668823242188
11.1,0.0,-2.285125494003296,-3.9981865882873535,72.24606323242188
11.120000000000001,0.0,-2.285125494003296,-6.234780311584473,76.46481323242188
11.16,0.0,-2.285125494003296,-7.299956798553467,80.15621948242188
11.200000000000001,0.0,-2.285125494003296,-9.289407730102539,83.49606323242188
11.22,0.0,-2.285125494003296,-11.047708511352539,87.97847747802734
11.26,0.0,-2.285125494003296,-11.825159072875977,91.05465698242188
11.3,0.0,-2.285125494003296,-13.150047302246094,94.48239135742188
11.32,0.0,-2.285125494003296,-14.138142585754395,98.43746948242188
11.36,0.0,-2.285125494003296,-14.496541023254395,103.27144622802734
11.4,0.0,-2.285125494003296,-14.928276062011719,107.40231323242188
11.42,0.0,-2.285125494003296,-14.968671798706055,110.7421646118164
11.46,0.0,-2.285125494003296,-14.840283393859863,113.73043823242188
11.5,0.0,-2.285125494003296,-14.288402557373047,116.36715698242188
11.52,0.0,-2.285125494003296,-13.353521347045898,118.47652435302734
11.56,0.0,-2.285125494003296,-12.748847007751465,120.49801635742188
11.6,0.0,-2.285125494003296,-11.283408164978027,121.99214935302734
11.620000000000001,0.0,-2.285125494003296,-9.50808048248291,122.25582885742188
11.66,0.0,-2.285125494003296,-8.518163681030273,123.22262573242188
11.700000000000001,0.0,-2.285125494003296,-6.366207122802734,123.31051635742188
11.72,0.0,-2.285125494003296,-6.366207122802734,123.31051635742188
11.76,0.0,-2.285125494003296,-2.818054437637329,123.31051635742188
11.8,0.0,-2.285125494003296,-0.33261194825172424,123.13473510742188
11.84,0.0,-2.285125494003296,2.1692304611206055,120.84957885742188
11.86,0.0,-2.285125494003296,2.1692304611206055,116.4550552368164
11.9,0.0,-2.285125494003296,5.7995195388793945,114.52145385742188
11.94,0.0,-2.285125494003296,8.037402153015137,112.0605239868164
11.96,0.0,-2.3730435371398926,8.037402153015137,107.0507583618164
12.0,0.0,-2.3730435371398926,10.95850944519043,104.06246185302734
12.040000000000001,0.0,-2.3730435371398926,12.531050682067871,100.01950073242188
12.06,0.0,-2.285125494003296,13.746427536010742,94.74606323242188
12.1,0.0,-2.285125494003296,14.207780838012695,90.4394302368164
12.14,0.0,-2.285125494003296,14.81893539428711,86.8359146118164
12.16,0.0,-2.285125494003296,14.81893539428711,82.35348510742188
12.200000000000001,0.0,-2.285125494003296,14.922414779663086,79.27730560302734
12.22,0.0,-2.285125494003296,14.44092845916748,77.2558364868164
12.26,0.0,-2.285125494003296,14.037790298461914,74.44332885742188
12.3,0.0,-2.285125494003296,12.919473648071289,72.77340698242188
12.32,0.0,-2.285125494003296,12.919473648071289,71.10348510742188
12.36,0.0,-2.285125494003296,10.523959159851074,69.34566497802734
12.4,0.0,-2.285125494003296,8.51387882232666,68.64254760742188
12.42,0.0,-2.285125494003296,6.239925384521484,68.64254760742188
12.46,0.0,-2.285125494003296,5.024714469909668,68.81832885742188
12.5,0.0,-2.285125494003296,2.4833080768585205,70.13668823242188
12.52,0.0,-2.285125494003296,-0.14142614603042603,72.59762573242188
12.56,0.0,-2.285125494003296,-1.459939956665039,75.32223510742188
12.6,0.0,-2.285125494003296,-4.05812931060791,77.78317260742188
12.620000000000001,0.0,-2.285125494003296,-6.5367841720581055,81.29879760742188
12.66,0.0,-2.285125494003296,-7.706500053405762,84.55075073242188
12.700000000000001,0.0,-2.285125494003296,-9.859704971313477,88.06637573242188
12.72,0.0,-2.285125494003296,-11.706986427307129,91.93356323242188
12.76,0.0,-2.285125494003296,-12.49636459350586,95.53707885742188
12.8,0.0,-2.285125494003296,-13.773274421691895,99.22848510742188
12.82,0.0,-2.285125494003296,-14.612249374389648,104.94137573242188
12.86,0.0,-2.285125494003296,-14.857388496398926,109.51168823242188
12.9,0.0,-2.285125494003296,-14.986716270446777,112.32418060302734
12.92,0.0,-2.285125494003296,-14.986716270446777,116.1034927368164
12.96,0.0,-2.285125494003296,-14.27059555053711,118.21286010742188
13.0,0.0,-2.285125494003296,-13.203567504882812,120.41012573242188
13.02,0.0,-2.285125494003296,-11.699201583862305,122.95894622802734
13.06,0.0,-2.285125494003296,-10.796940803527832,123.48629760742188
13.1,0.0,-2.285125494003296,-8.727755546569824,123.92575073242188
13.14,0.0,-2.285125494003296,-6.362109184265137,123.92575073242188
13.16,0.0,-2.285125494003296,-6.362109184265137,123.83785247802734
13.200000000000001,0.0,-2.285125494003296,-5.0918192863464355,123.74996948242188
13.24,0.0,-2.285125494003296,0.32356271147727966,123.66207885742188
13.26,0.0,-2.285125494003296,3.071882963180542,123.22262573242188
13.3,0.0,-2.285125494003296,4.415200710296631,120.41012573242188
13.34,0.0,-2.285125494003296,6.982173442840576,115.83981323242188
13.36,0.0,-2.285125494003296,6.982173442840576,110.47848510742188
13.4,0.0,-2.285125494003296,10.368392944335938,107.1386489868164
13.44,0.0,-2.3730435371398926,12.199438095092773,103.79879760742188
13.48,0.0,-2.285125494003296,13.609936714172363,97.91011810302734
13.5,0.0,-2.285125494003296,13.609936714172363,92.81246948242188
13.540000000000001,0.0,-2.285125494003296,14.82622241973877,89.29684448242188
13.58,0.0,-2.285125494003296,14.990316390991211,84.81442260742188
13.6,0.0,-2.285125494003296,14.990316390991211,79.98043823242188
13.64,0.0,-2.285125494003296,14.2418851852417,78.04684448242188
13.68,0.0,-2.285125494003296,13.099984169006348,76.20114135742188
13.700000000000001,0.0,-2.285125494003296,13.099984169006348,74.26753997802734
13.74,0.0,-2.285125494003296,10.515409469604492,72.33394622802734
13.780000000000001,0.0,-2.285125494003296,8.297040939331055,72.15817260742188
13.8,0.0,-2.285125494003296,5.771125793457031,72.15817260742188
13.84,0.0,-2.285125494003296,4.42060661315918,72.50972747802734
13.88,0.0,-2.285125494003296,1.6053545475006104,74.00387573242188
13.9,0.0,-2.285125494003296,-1.27606201171875,77.2558364868164
13.94,0.0,-2.285125494003296,-2.7084054946899414,79.98043823242188
13.98,0.0,-2.285125494003296,-5.489663124084473,82.96871948242188
14.02,0.0,-2.285125494003296,-8.072907447814941,87.01168823242188
14.040000000000001,0.0,-2.285125494003296,-8.072907447814941,90.8788833618164
14.08,0.0,-2.285125494003296,-11.363842010498047,93.86715698242188
14.120000000000001,0.0,-2.285125494003296,-13.04427433013916,97.20700073242188
14.14,0.0,-2.285125494003296,-13.04427433013916,102.48043823242188
14.18,0.0,-2.285125494003296,-14.627785682678223,107.75386810302734
14.22,0.0,-2.285125494003296,-14.99444580078125,112.0605239868164
14.24,0.0,-2.285125494003296,-14.785565376281738,116.1034927368164
14.280000000000001,0.0,-2.285125494003296,-14.465625762939453,118.56442260742188
14.32,0.0,-2.285125494003296,-13.407621383666992,121.3769302368164
14.34,0.0,-2.285125494003296,-11.825298309326172,123.66207885742188
14.38,0.0,-2.285125494003296,-10.854893684387207,124.18942260742188
14.42,0.0,-2.285125494003296,-8.601040840148926,124.6288833618164
14.44,0.0,-2.285125494003296,-6.00297737121582,124.6288833618164
14.48,0.0,-2.285125494003296,-4.6057610511779785,124.54098510742188
14.52,0.0,-2.285125494003296,-1.6831773519515991,124.2773208618164
14.540000000000001,0.0,-2.285125494003296,1.3134851455688477,121.6406021118164
14.58,0.0,-2.285125494003296,2.8022727966308594,118.56442260742188
14.620000000000001,0.0,-2.285125494003296,5.685799598693848,114.60934448242188
14.64,0.0,-2.3730435371398926,8.346742630004883,110.39059448242188
14.68,0.0,-2.3730435371398926,9.559093475341797,106.2597427368164
14.72,0.0,-2.3730435371398926,11.68445873260498,101.95308685302734
14.74,0.0,-2.3730435371398926,11.68445873260498,97.55856323242188
14.780000000000001,0.0,-2.285125494003296,13.964235305786133,94.04293060302734
14.82,0.0,-2.285125494003296,14.782427787780762,90.17575073242188
14.86,0.0,-2.285125494003296,14.782427787780762,84.46286010742188
14.88,0.0,-2.285125494003296,14.964600563049316,79.71675872802734
14.92,0.0,-2.285125494003296,14.142597198486328,77.87106323242188
14.96,0.0,-2.285125494003296,12.829252243041992,75.32223510742188
14.98,0.0,-2.285125494003296,10.97394847869873,73.74020385742188
15.02,0.0,-2.285125494003296,9.865501403808594,73.30075073242188
15.06,0.0,-2.285125494003296,7.343603610992432,73.21286010742188
15.08,0.0,-2.3730435371398926,4.503782272338867,73.21286010742188
15.120000000000001,0.0,-2.285125494003296,3.0014142990112305,73.56442260742188
15.16,0.0,-2.285125494003296,-0.08870327472686768,76.02536010742188
15.18,0.0,-2.3730435371398926,-0.08870327472686768,78.92574310302734
15.22,0.0,-2.285125494003296,-4.688164710998535,80.77145385742188
15.26,0.0,-2.285125494003296,-7.536942481994629,82.88082885742188
15.280000000000001,0.0,-2.285125494003296,-7.536942481994629,86.66012573242188
15.32,0.0,-2.285125494003296,-11.171769142150879,90.17575073242188
15.34,0.0,-2.285125494003296,-13.011299133300781,93.42770385742188
15.38,0.0,-2.285125494003296,-13.722319602966309,96.85543823242188
15.42,0.0,-2.285125494003296,-14.685225486755371,101.42575073242188
15.44,0.0,-2.285125494003296,-14.999751091003418,108.54488372802734
15.48,0.0,-2.285125494003296,-14.90695858001709,113.11519622802734
15.52,0.0,-2.285125494003296,-14.22359561920166,117.15816497802734
15.540000000000001,0.0,-2.285125494003296,-12.901386260986328,120.05856323242188
15.58,0.0,-2.285125494003296,-12.01687240600586,121.28903198242188
15.620000000000001,0.0,-2.285125494003296,-9.848444938659668,121.99214935302734
15.64,0.0,-2.285125494003296,-7.228882789611816,122.08003997802734
15.68,0.0,-2.285125494003296,-5.785534381866455,122.08003997802734
15.72,0.0,-2.3730435371398926,-2.7126340866088867,121.99214935302734
15.74,0.0,-2.3730435371398926,0.4914034903049469,120.9374771118164
15.780000000000001,0.0,-2.285125494003296,2.0968830585479736,117.33395385742188
15.82,0.0,-2.285125494003296,5.222075939178467,113.55464935302734
15.84,0.0,-2.3730435371398926,8.11215591430664,108.28121948242188
15.88,0.0,-2.3730435371398926,9.425935745239258,104.15036010742188
15.92,0.0,-2.3730435371398926,11.712784767150879,99.75582885742188
15.94,0.0,-2.3730435371398926,13.455771446228027,94.92184448242188
15.98,0.0,-2.3730435371398926,14.095458030700684,89.73629760742188
16.02,0.0,-2.3730435371398926,14.87087631225586,85.60543823242188
16.04,0.0,-2.285125494003296,14.943367958068848,80.68356323242188
16.080000000000002,0.0,-2.3730435371398926,14.712160110473633,78.39840698242188
16.12,0.0,-2.3730435371398926,13.725698471069336,75.67379760742188
16.14,0.0,-2.3730435371398926,12.079550743103027,73.30075073242188
16.18,0.0,-2.3730435371398926,11.031315803527832,72.42184448242188
16.22,0.0,-2.3730435371398926,8.545336723327637,71.71871948242188
16.240000000000002,0.0,-2.3730435371398926,5.640120029449463,71.54293823242188
16.28,0.0,-2.3730435371398926,4.072940826416016,71.54293823242188
16.32,0.0,-2.3730435371398926,0.8038322925567627,73.03707885742188
16.36,0.0,-2.3730435371398926,-2.5116453170776367,76.99215698242188
16.38,0.0,-2.3730435371398926,-2.5116453170776367,80.94723510742188
16.42,0.0,-2.3730435371398926,-7.216586589813232,83.14450073242188
16.46,0.0,-2.3730435371398926,-9.946722984313965,86.04489135742188
16.48,0.0,-2.3730435371398926,-12.188236236572266,90.61520385742188
16.52,0.0,-2.285125494003296,-13.088725090026855,94.57027435302734
16.56,0.0,-2.3730435371398926,-14.39040470123291,98.43746948242188
16.580000000000002,0.0,-2.3730435371398926,-14.97180461883545,105.2929458618164
16.62,0.0,-2.3730435371398926,-14.98031997680664,111.35739135742188
16.66,0.0,-2.3730435371398926,-14.429426193237305,116.0156021118164
16.68,0.0,-2.3730435371398926,-13.144599914550781,120.41012573242188
16.72,0.0,-2.3730435371398926,-12.244565963745117,122.60738372802734
16.76,0.0,-2.285125494003296,-9.984100341796875,123.13473510742188
16.78,0.0,-2.3730435371398926,-7.206467151641846,123.13473510742188
16.82,0.0,-2.3730435371398926,-7.206467151641846,122.95894622802734
16.86,0.0,-2.285125494003296,-2.3823816776275635,122.87105560302734
16.9,0.0,-2.3730435371398926,1.0321755409240723,122.51949310302734
16.92,0.0,-2.3730435371398926,1.0321755409240723,119.2675552368164
16.96,0.0,-2.3730435371398926,6.011064052581787,115.40036010742188
17.0,0.0,-2.3730435371398926,8.980722427368164,110.83004760742188
17.02,0.0,-2.3730435371398926,11.483795166015625,104.41403198242188
17.06,0.0,-2.3730435371398926,11.483795166015625,98.17378997802734
17.1,0.0,-2.3730435371398926,14.07585334777832,93.16403198242188
17.14,0.0,-2.3730435371398926,14.889254570007324,88.33004760742188
17.16,0.0,-2.3730435371398926,14.889254570007324,82.70504760742188
17.2,0.0,-2.3730435371398926,14.617852210998535,78.66207122802734
17.240000000000002,0.0,-2.3730435371398926,13.449565887451172,76.99215698242188
17.26,0.0,-2.3730435371398926,13.449565887451172,74.88278198242188
17.3,0.0,-2.285125494003296,10.361031532287598,72.77340698242188
17.34,0.0,-2.3730435371398926,7.567832946777344,72.42184448242188
17.36,0.0,-2.3730435371398926,4.3563408851623535,72.50972747802734
17.400000000000002,0.0,-2.285125494003296,2.647176742553711,73.91598510742188
17.44,0.0,-2.3730435371398926,-0.8616719245910645,76.90426635742188
17.46,0.0,-2.3730435371398926,-4.330132961273193,80.68356323242188
17.5,0.0,-2.3730435371398926,-5.98887300491333,84.28707122802734
17.54,0.0,-2.3730435371398926,-9.039519309997559,88.15426635742188
17.56,0.0,-2.3730435371398926,-9.039519309997559,92.72457885742188
17.6,0.0,-2.3730435371398926,-12.636955261230469,95.88864135742188
17.64,0.0,-2.3730435371398926,-14.1825532913208,99.22848510742188
17.66,0.0,-2.3730435371398926,-14.1825532913208,105.99606323242188
17.7,0.0,-2.3730435371398926,-14.995240211486816,111.5331802368164
17.740000000000002,0.0,-2.3730435371398926,-14.481492042541504,115.83981323242188
17.78,0.0,-2.285125494003296,-13.14438247680664,119.88278198242188
17.8,0.0,-2.3730435371398926,-13.14438247680664,121.3769302368164
17.84,0.0,-2.285125494003296,-9.7629976272583,123.13473510742188
17.88,0.0,-2.3730435371398926,-6.773641586303711,123.66207885742188
17.900000000000002,0.0,-2.285125494003296,-3.3883140087127686,123.66207885742188
17.94,0.0,-2.3730435371398926,-1.6069294214248657,123.57418823242188
17.98,0.0,-2.3730435371398926,2.0049777030944824,122.78317260742188
18.0,0.0,-2.3730435371398926,5.50734806060791,119.17965698242188
18.04,0.0,-2.3730435371398926,7.1528239250183105,114.16989135742188
18.080000000000002,0.0,-2.3730435371398926,10.110784530639648,108.28121948242188
18.1,0.0,-2.3730435371398926,12.480570793151855,101.95308685302734
18.14,0.0,-2.3730435371398926,13.398578643798828,96.94332885742188
18.18,0.0,-2.3730435371398926,14.630287170410156,92.10933685302734
18.2,0.0,-2.3730435371398926,14.924469947814941,87.45114135742188
18.240000000000002,0.0,-2.3730435371398926,14.844439506530762,83.4081802368164
18.26,0.0,-2.3730435371398926,14.844439506530762,78.92574310302734
18.3,0.0,-2.3730435371398926,13.077546119689941,77.2558364868164
18.34,0.0,-2.3730435371398926,10.8972806930542,75.41012573242188
18.36,0.0,-2.3730435371398926,10.8972806930542,75.23433685302734
18.400000000000002,0.0,-2.3730435371398926,6.438852787017822,74.35543060302734
18.44,0.0,-2.3730435371398926,2.9317643642425537,73.74020385742188
18.46,0.0,-2.3730435371398926,-0.760444700717926,73.74020385742188
18.5,0.0,-2.3730435371398926,-2.6059606075286865,74.70700073242188
18.54,0.0,-2.3730435371398926,-6.154406547546387,77.51950073242188
18.56,0.0,-2.3730435371398926,-9.331456184387207,81.9140396118164
18.6,0.0,-2.3730435371398926,-10.717617988586426,86.92379760742188
18.64,0.0,-2.3730435371398926,-12.976025581359863,92.02145385742188
18.66,0.0,-2.3730435371398926,-12.976025581359863,97.38278198242188
18.7,0.0,-2.3730435371398926,-14.83031940460205,103.09566497802734
18.72,0.0,-2.3730435371398926,-14.92503547668457,108.89645385742188
18.76,0.0,-2.3730435371398926,-14.620285034179688,113.55464935302734
18.8,0.0,-2.3730435371398926,-13.327138900756836,117.68550872802734
18.82,0.0,-2.285125494003296,-13.327138900756836,121.1132583618164
18.86,0.0,-2.3730435371398926,-8.345050811767578,122.34371948242188
18.900000000000002,0.0,-2.3730435371398926,-6.708347797393799,122.34371948242188
18.94,0.0,-2.3730435371398926,-3.136749029159546,122.25582885742188
18.96,0.0,-2.3730435371398926,0.6417751312255859,121.8163833618164
19.0,0.0,-2.3730435371398926,2.533505439758301,118.91597747802734
19.04,0.0,-2.3730435371398926,6.16987943649292,114.25778198242188
19.06,0.0,-2.3730435371398926,9.415369987487793,107.40231323242188
19.1,0.0,-2.3730435371398926,10.823923110961914,102.74411010742188
19.14,0.0,-2.3730435371398926,13.096344947814941,97.47066497802734
19.16,0.0,-2.3730435371398926,13.096344947814941,91.3183364868164
19.2,0.0,-2.3730435371398926,14.882428169250488,87.01168823242188
19.240000000000002,0.0,-2.3730435371398926,14.87084674835205,82.08981323242188
19.26,0.0,-2.3730435371398926,13.88267993927002,78.04684448242188
19.3,0.0,-2.3730435371398926,13.038572311401367,76.20114135742188
19.34,0.0,-2.3730435371398926,10.716826438903809,74.70700073242188
19.36,0.0,-2.3730435371398926,10.716826438903809,74.26753997802734
19.400000000000002,0.0,-2.3730435371398926,5.954622268676758,73.12496948242188
19.44,0.0,-2.3730435371398926,2.2296669483184814,72.68551635742188
19.46,0.0,-2.3730435371398926,2.2296669483184814,72.68551635742188
19.5,0.0,-2.3730435371398926,-3.569027900695801,74.09175872802734
19.54,0.0,-2.3730435371398926,-7.197535037994385,77.2558364868164
19.56,0.0,-2.3730435371398926,-10.346623420715332,81.47457885742188
19.6,0.0,-2.3730435371398926,-11.672245979309082,86.57223510742188
19.64,0.0,-2.3730435371398926,-13.710687637329102,92.10933685302734
19.66,0.0,-2.3730435371398926,-14.818479537963867,97.55856323242188
19.7,0.0,-2.3730435371398926,-14.995465278625488,103.35934448242188
19.740000000000002,0.0,-2.3730435371398926,-14.576987266540527,109.86324310302734
19.78,0.0,-2.3730435371398926,-13.155269622802734,116.5429458618164
19.8,0.0,-2.3730435371398926,-13.155269622802734,122.34371948242188
19.84,0.0,-2.3730435371398926,-9.36207389831543,125.5077896118164
19.88,0.0,-2.3730435371398926,-5.974969387054443,126.82614135742188
19.900000000000002,0.0,-2.3730435371398926,-2.1656477451324463,127.00191497802734
19.94,0.0,-2.3730435371398926,-0.18441778421401978,127.00191497802734
19.98,0.0,-2.3730435371398926,3.758176803588867,126.65036010742188
20.0,0.0,-2.3730435371398926,7.4436211585998535,124.10153198242188
20.04,0.0,-2.3730435371398926,9.107091903686523,119.88278198242188
20.080000000000002,0.0,-2.3730435371398926,11.926755905151367,113.99410247802734
20.1,0.0,-2.3730435371398926,13.905533790588379,105.55661010742188
20.14,0.0,-2.3730435371398926,14.531557083129883,98.17378997802734
20.18,0.0,-2.3730435371398926,14.997735023498535,91.05465698242188
20.2,0.0,-2.3730435371398926,14.39148998260498,84.37496948242188
20.240000000000002,0.0,-2.3730435371398926,14.39148998260498,78.22262573242188
20.28,0.0,-2.3730435371398926,10.187929153442383,73.74020385742188
20.32,0.0,-2.3730435371398926,8.61493968963623,72.68551635742188
20.36,0.0,-2.3730435371398926,5.02578067779541,72.68551635742188
20.38,0.0,-2.3730435371398926,1.0649065971374512,73.30075073242188
20.42,0.0,-2.3730435371398926,-0.9657954573631287,75.93746948242188
20.46,0.0,-2.3730435371398926,-4.942330360412598,79.27730560302734
20.48,0.0,-2.3730435371398926,-4.942330360412598,84.46286010742188
20.52,0.0,-2.3730435371398926,-10.15483283996582,89.20894622802734
20.56,0.0,-2.3730435371398926,-12.751708030700684,92.81246948242188
20.580000000000002,0.0,-2.3730435371398926,-12.751708030700684,97.55856323242188
20.62,0.0,-2.3730435371398926,-14.842842102050781,102.65621948242188
20.66,0.0,-2.3730435371398926,-14.875632286071777,109.07223510742188
20.68,0.0,-2.3730435371398926,-13.797802925109863,115.31246948242188
20.72,0.0,-2.3730435371398926,-12.862667083740234,119.53121948242188
20.76,0.0,-2.3730435371398926,-10.284360885620117,122.95894622802734
20.78,0.0,-2.3730435371398926,-6.927037715911865,124.6288833618164
20.82,0.0,-2.3730435371398926,-5.032389163970947,124.6288833618164
20.86,0.0,-2.3730435371398926,-0.9888275265693665,124.6288833618164
20.88,0.0,-2.3730435371398926,3.136749029159546,124.2773208618164
20.92,0.0,-2.3730435371398926,5.131814002990723,121.8163833618164
20.96,0.0,-2.3730435371398926,8.79516315460205,117.77340698242188
20.98,0.0,-2.3730435371398926,11.790690422058105,110.6542739868164
21.02,0.0,-2.3730435371398926,12.962496757507324,103.62300872802734
21.06,0.0,-2.3730435371398926,14.53837776184082,97.29489135742188
21.080000000000002,0.0,-2.3730435371398926,14.993104934692383,89.47262573242188
21.12,0.0,-2.3730435371398926,14.783693313598633,84.46286010742188
21.16,0.0,-2.3730435371398926,13.50794792175293,79.62887573242188
21.18,0.0,-2.3730435371398926,11.176901817321777,77.16793823242188
21.22,0.0,-2.3730435371398926,9.668002128601074,76.11325073242188
21.26,0.0,-2.3730435371398926,6.108559608459473,76.11325073242188
21.28,0.0,-2.3730435371398926,6.108559608459473,76.46481323242188
21.32,0.0,-2.3730435371398926,-0.04435183107852936,77.87106323242188
21.36,0.0,-2.3730435371398926,-4.219513893127441,79.36520385742188
21.400000000000002,0.0,-2.3730435371398926,-8.066993713378906,83.32028198242188
21.42,0.0,-2.3730435371398926,-8.066993713378906,88.85739135742188
21.46,0.0,-2.3730435371398926,-12.562920570373535,93.60347747802734
21.5,0.0,-2.3730435371398926,-14.355643272399902,97.91011810302734
21.52,0.0,-2.3730435371398926,-14.999279022216797,104.94137573242188
21.56,0.0,-2.3730435371398926,-14.868406295776367,111.26950073242188
21.6,0.0,-2.3730435371398926,-13.710687637329102,116.5429458618164
21.62,0.0,-2.3730435371398926,-13.710687637329102,122.43160247802734
21.66,0.0,-2.3730435371398926,-9.942656517028809,126.4745864868164
21.68,0.0,-2.3730435371398926,-6.366207122802734,128.14450073242188
21.72,0.0,-2.3730435371398926,-4.36088752746582,128.67184448242188
21.76,0.0,-2.3730435371398926,-0.11947731673717499,128.67184448242188
21.78,0.0,-2.3730435371398926,-0.11947731673717499,128.32028198242188
21.82,0.0,-2.3730435371398926,6.163897514343262,127.08980560302734
21.86,0.0,-2.3730435371398926,9.796797752380371,123.74996948242188
21.88,0.0,-2.3730435371398926,12.625360488891602,118.12496948242188
21.92,0.0,-2.3730435371398926,13.660296440124512,111.6210708618164
21.96,0.0,-2.3730435371398926,14.860638618469238,104.15036010742188
21.98,0.0,-2.3730435371398926,14.823637008666992,95.8007583618164
22.02,0.0,-2.3730435371398926,14.336079597473145,87.97847747802734
22.06,0.0,-2.3730435371398926,12.470142364501953,82.35348510742188
22.080000000000002,0.0,-2.3730435371398926,9.55263900756836,76.72848510742188
22.12,0.0,-2.3730435371398926,7.771824359893799,72.59762573242188
22.16,0.0,-2.3730435371398926,3.7518234252929688,71.36715698242188
22.18,0.0,-2.3730435371398926,-0.5927128195762634,71.45504760742188
22.22,0.0,-2.3730435371398926,-0.5927128195762634,71.54293823242188
22.26,0.0,-2.3730435371398926,-6.912381649017334,74.61911010742188
22.3,0.0,-2.3730435371398926,-10.468511581420898,78.13473510742188
22.32,0.0,-2.3730435371398926,-10.468511581420898,83.4081802368164
22.36,0.0,-2.3730435371398926,-14.053595542907715,89.20894622802734
22.400000000000002,0.0,-2.3730435371398926,-14.9708251953125,94.30661010742188
22.42,0.0,-2.3730435371398926,-14.595199584960938,99.93160247802734
22.46,0.0,-2.3730435371398926,-13.926395416259766,106.9628677368164
22.5,0.0,-2.3730435371398926,-11.695660591125488,113.20309448242188
22.52,0.0,-2.3730435371398926,-8.442008972167969,119.79489135742188
22.56,0.0,-2.3730435371398926,-8.442008972167969,125.5077896118164
22.6,0.0,-2.3730435371398926,-2.2744109630584717,128.58395385742188
22.62,0.0,-2.3730435371398926,2.173708438873291,129.55075073242188
22.66,0.0,-2.3730435371398926,2.173708438873291,129.63864135742188
22.7,0.0,-2.3730435371398926,8.380179405212402,129.46286010742188
22.740000000000002,0.0,-2.3730435371398926,11.67153549194336,128.75973510742188
22.76,0.0,-2.3730435371398926,11.67153549194336,126.2988052368164
22.8,0.0,-2.3730435371398926,14.605060577392578,121.8163833618164
22.84,0.0,-2.3730435371398926,14.963188171386719,116.27926635742188
22.86,0.0,-2.3730435371398926,14.963188171386719,107.40231323242188
22.900000000000002,0.0,-2.3730435371398926,13.009385108947754,100.3710708618164
22.94,0.0,-2.3730435371398926,10.207842826843262,93.07614135742188
22.96,0.0,-2.3730435371398926,6.480311393737793,85.95700073242188
23.0,0.0,-2.3730435371398926,4.370846271514893,80.68356323242188
23.04,0.0,-2.3730435371398926,-0.10182755440473557,77.34371948242188
23.080000000000002,0.0,-2.3730435371398926,-4.572153091430664,74.61911010742188
23.1,0.0,-2.3730435371398926,-8.631973266601562,74.44332885742188
23.14,0.0,-2.3730435371398926,-10.388814926147461,74.44332885742188
23.18,0.0,-2.3730435371398926,-13.152441024780273,76.28903198242188
23.2,0.0,-2.3730435371398926,-14.7100830078125,79.98043823242188
23.240000000000002,0.0,-2.3730435371398926,-14.985198974609375,84.46286010742188
23.28,0.0,-2.3730435371398926,-14.492230415344238,89.99996185302734
23.3,0.0,-2.3730435371398926,-12.654480934143066,95.53707885742188
23.34,0.0,-2.3730435371398926,-11.27818775177002,99.84371948242188
23.38,0.0,-2.3730435371398926,-7.767759799957275,106.0839614868164
23.400000000000002,0.0,-2.3730435371398926,-3.5259342193603516,112.49996185302734
23.44,0.0,-2.3730435371398926,-3.5259342193603516,117.42184448242188
23.48,0.0,-2.3730435371398926,-1.2521610260009766,120.32223510742188
23.52,0.0,-2.3730435371398926,7.6148681640625,121.99214935302734
23.54,0.0,-2.3730435371398926,11.181729316711426,122.16793060302734
23.580000000000002,0.0,-2.3730435371398926,12.587591171264648,122.08003997802734
23.62,0.0,-2.3730435371398926,14.474152565002441,121.90426635742188
23.66,0.0,-2.3730435371398926,14.474152565002441,119.7070083618164
23.7,0.0,-2.3730435371398926,14.06566047668457,113.29098510742188
23.72,0.0,-2.3730435371398926,14.06566047668457,106.1718521118164
23.76,0.0,-2.3730435371398926,10.218283653259277,99.58004760742188
23.8,0.0,-2.3730435371398926,6.359035015106201,93.42770385742188
23.82,0.0,-2.3730435371398926,6.359035015106201,87.53902435302734
23.86,0.0,-2.3730435371398926,-0.45860859751701355,83.75972747802734
23.88,0.0,-2.3730435371398926,-5.050717830657959,81.12301635742188
23.92,0.0,-2.3730435371398926,-5.050717830657959,80.68356323242188
23.96,0.0,-2.3730435371398926,-10.90147876739502,80.77145385742188
24.0,0.0,-2.3730435371398926,-13.551135063171387,81.38668823242188
24.02,0.0,-2.3730435371398926,-13.551135063171387,84.19918060302734
24.060000000000002,0.0,-2.3730435371398926,-14.99376106262207,87.97847747802734
24.1,0.0,-2.3730435371398926,-14.1206693649292,92.37301635742188
24.14,0.0,-2.3730435371398926,-11.851284980773926,96.7675552368164
24.16,0.0,-2.3730435371398926,-11.851284980773926,102.8320083618164
24.2,0.0,-2.3730435371398926,-6.3405842781066895,109.16012573242188
24.240000000000002,0.0,-2.3730435371398926,-1.7879177331924438,113.46675872802734
24.28,0.0,-2.3730435371398926,2.9499595165252686,117.86129760742188
24.3,0.0,-2.3730435371398926,2.9499595165252686,120.2343521118164
24.34,0.0,-2.3730435371398926,9.37356185913086,120.76168823242188
24.38,0.0,-2.3730435371398926,12.570333480834961,120.76168823242188
24.400000000000002,0.0,-2.3730435371398926,12.570333480834961,120.49801635742188
24.44,0.0,-2.3730435371398926,14.927611351013184,119.53121948242188
24.48,0.0,-2.3730435371398926,14.633326530456543,116.1034927368164
24.5,0.0,-2.3730435371398926,14.633326530456543,109.77536010742188
24.54,0.0,-2.3730435371398926,11.450974464416504,103.97457122802734
24.580000000000002,0.0,-2.3730435371398926,7.808372497558594,97.99801635742188
24.6,0.0,-2.3730435371398926,3.3607535362243652,91.3183364868164
24.64,0.0,-2.3730435371398926,0.9746021032333374,87.36325073242188
24.68,0.0,-2.3730435371398926,-3.816199541091919,84.72653198242188
24.7,0.0,-2.3730435371398926,-8.220158576965332,83.32028198242188
24.740000000000002,0.0,-2.3730435371398926,-10.131327629089355,83.4081802368164
24.78,0.0,-2.3730435371398926,-13.12186050415039,83.49606323242188
24.8,0.0,-2.3730435371398926,-14.752681732177734,85.95700073242188
24.84,0.0,-2.3730435371398926,-14.997093200683594,89.12105560302734
24.88,0.0,-2.3730435371398926,-14.307762145996094,92.63668823242188
24.900000000000002,0.0,-2.3730435371398926,-12.119140625,96.6796646118164
24.94,0.0,-2.3730435371398926,-10.526700019836426,101.1620864868164
24.98,0.0,-2.3730435371398926,-6.551648139953613,106.9628677368164
25.0,0.0,-2.3730435371398926,-1.8797739744186401,111.8847427368164
25.04,0.0,-2.3730435371398926,0.5655788779258728,115.2245864868164
25.080000000000002,0.0,-2.3730435371398926,5.351463317871094,117.15816497802734
25.1,0.0,-2.3730435371398926,9.575475692749023,117.24605560302734
25.14,0.0,-2.3730435371398926,11.331729888916016,117.24605560302734
25.18,0.0,-2.3730435371398926,13.895414352416992,117.07027435302734
25.2,0.0,-2.3730435371398926,13.895414352416992,115.5761489868164
25.240000000000002,0.0,-2.3730435371398926,14.913919448852539,112.14839935302734
25.28,0.0,-2.3730435371398926,13.592379570007324,106.6991958618164
25.3,0.0,-2.3730435371398926,10.803380012512207,100.7226333618164
25.34,0.0,-2.3730435371398926,8.945341110229492,94.65817260742188
25.38,0.0,-2.3730435371398926,4.550812244415283,89.64839935302734
25.42,0.0,-2.3730435371398926,-0.34414955973625183,85.60543823242188
25.46,0.0,-2.3730435371398926,-0.34414955973625183,83.58395385742188
25.5,0.0,-2.3730435371398926,-2.814053773880005,83.49606323242188
25.54,0.0,-2.3730435371398926,-12.777023315429688,83.75972747802734
25.560000000000002,0.0,-2.3730435371398926,-12.777023315429688,86.48434448242188
25.6,0.0,-2.3730435371398926,-14.980098724365234,89.73629760742188
25.64,0.0,-2.3730435371398926,-14.406140327453613,93.25191497802734
25.68,0.0,-2.3730435371398926,-12.237241744995117,97.73434448242188
25.7,0.0,-2.3730435371398926,-8.707315444946289,103.62300872802734
25.740000000000002,0.0,-2.3730435371398926,-6.547983646392822,109.07223510742188
25.78,0.0,-2.3730435371398926,-1.7391544580459595,112.93941497802734
25.8,0.0,-2.3730435371398926,-1.7391544580459595,116.71871948242188
25.84,0.0,-2.3730435371398926,5.675118446350098,118.03707122802734
25.88,0.0,-2.3730435371398926,9.944181442260742,118.03707122802734
25.900000000000002,0.0,-2.3730435371398926,13.099763870239258,118.03707122802734
25.94,0.0,-2.3730435371398926,14.14116382598877,117.86129760742188
25.98,0.0,-2.3730435371398926,14.999967575073242,116.0156021118164
26.0,0.0,-2.3730435371398926,14.159482955932617,111.7089614868164
26.04,0.0,-2.3730435371398926,13.12218952178955,106.43551635742188
26.080000000000002,0.0,-2.3730435371398926,9.957050323486328,100.89840698242188
26.1,0.0,-2.3730435371398926,5.650811672210693,94.21871948242188
26.14,0.0,-2.3730435371398926,3.218574285507202,89.73629760742188
26.18,0.0,-2.3730435371398926,-1.8568726778030396,87.01168823242188
26.2,0.0,-2.3730435371398926,-6.725748062133789,85.69332885742188
26.240000000000002,0.0,-2.3730435371398926,-8.904419898986816,85.69332885742188
26.28,0.0,-2.3730435371398926,-12.433425903320312,85.69332885742188
26.3,0.0,-2.3730435371398926,-14.527677536010742,87.27536010742188
26.34,0.0,-2.3730435371398926,-14.951537132263184,89.73629760742188
26.38,0.0,-2.3730435371398926,-14.486669540405273,92.81246948242188
26.400000000000002,0.0,-2.3730435371398926,-12.332157135009766,96.50387573242188
26.44,0.0,-2.3730435371398926,-10.690669059753418,100.7226333618164
26.48,0.0,-2.3730435371398926,-6.516002178192139,106.34762573242188
26.5,0.0,-2.3730435371398926,-1.5707024335861206,111.4452896118164
26.54,0.0,-2.3730435371398926,1.011857271194458,114.87301635742188
26.580000000000002,0.0,-2.3730435371398926,6.016246795654297,116.8945083618164
26.6,0.0,-2.3730435371398926,10.316109657287598,117.15816497802734
26.64,0.0,-2.3730435371398926,12.036750793457031,117.15816497802734
26.68,0.0,-2.3730435371398926,14.360686302185059,116.8945083618164
26.7,0.0,-2.3730435371398926,14.978240013122559,115.48825073242188
26.740000000000002,0.0,-2.3730435371398926,14.613526344299316,112.32418060302734
26.76,0.0,-2.3730435371398926,12.587099075317383,107.57808685302734
26.8,0.0,-2.3730435371398926,12.587099075317383,101.07418823242188
26.84,0.0,-2.3730435371398926,6.838572978973389,94.57027435302734
26.88,0.0,-2.3730435371398926,1.8638333082199097,88.33004760742188
26.900000000000002,0.0,-2.3730435371398926,-3.342446804046631,83.4081802368164
26.94,0.0,-2.3730435371398926,-5.834977149963379,80.06832885742188
26.98,0.0,-2.3730435371398926,-10.21977424621582,78.74996948242188
27.0,0.0,-2.3730435371398926,-13.368537902832031,78.74996948242188
27.04,0.0,-2.3730435371398926,-14.350713729858398,78.74996948242188
27.080000000000002,0.0,-2.3730435371398926,-14.976551055908203,80.24411010742188
27.12,0.0,-2.3730435371398926,-13.770943641662598,84.11128997802734
27.14,0.0,-2.3730435371398926,-13.770943641662598,89.38473510742188
27.18,0.0,-2.3730435371398926,-8.894036293029785,93.60347747802734
27.22,0.0,-2.3730435371398926,-4.1710662841796875,97.55856323242188
27.240000000000002,0.0,-2.3730435371398926,-4.1710662841796875,101.77731323242188
27.28,0.0,-2.3730435371398926,3.6891281604766846,105.20504760742188
27.32,0.0,-2.3730435371398926,8.501951217651367,107.49020385742188
27.34,0.0,-2.3730435371398926,8.501951217651367,108.63277435302734
27.38,0.0,-2.3730435371398926,13.596109390258789,108.63277435302734
27.42,0.0,-2.3730435371398926,14.951099395751953,108.54488372802734
27.46,0.0,-2.3730435371398926,14.436206817626953,107.84176635742188
27.48,0.0,-2.3730435371398926,14.436206817626953,105.11715698242188
27.52,0.0,-2.3730435371398926,10.346132278442383,101.2499771118164
27.54,0.0,-2.3730435371398926,5.898080348968506,96.85543823242188
27.580000000000002,0.0,-2.3730435371398926,3.352813959121704,92.02145385742188
27.62,0.0,-2.3730435371398926,-1.9789609909057617,89.12105560302734
27.66,0.0,-2.3730435371398926,-7.066547870635986,87.62692260742188
27.68,0.0,-2.3730435371398926,-7.066547870635986,87.53902435302734
27.72,0.0,-2.3730435371398926,-12.850076675415039,87.53902435302734
27.76,0.0,-2.3730435371398926,-14.750672340393066,88.24215698242188
27.78,0.0,-2.3730435371398926,-14.76476764678955,90.79098510742188
27.82,0.0,-2.3730435371398926,-14.051774978637695,93.69136810302734
27.84,0.0,-2.3730435371398926,-11.295774459838867,96.7675552368164
27.88,0.0,-2.3730435371398926,-11.295774459838867,101.2499771118164
27.92,0.0,-2.3730435371398926,-4.587667942047119,107.0507583618164
27.94,0.0,-2.3730435371398926,0.7649645209312439,111.35739135742188
27.98,0.0,-2.3730435371398926,0.7649645209312439,115.2245864868164
28.02,0.0,-2.3730435371398926,8.40381145477295,117.07027435302734
28.060000000000002,0.0,-2.3730435371398926,12.268438339233398,117.15816497802734
28.080000000000002,0.0,-2.3730435371398926,12.268438339233398,117.15816497802734
28.12,0.0,-2.3730435371398926,14.965771675109863,116.98238372802734
28.16,0.0,-2.3730435371398926,14.344640731811523,115.48825073242188
28.18,0.0,-2.3730435371398926,11.836705207824707,111.79684448242188
28.22,0.0,-2.3730435371398926,9.96737003326416,107.1386489868164
28.26,0.0,-2.3730435371398926,5.303022384643555,102.56832885742188
28.28,0.0,-2.3730435371398926,5.303022384643555,98.08590698242188
28.32,0.0,-2.3730435371398926,-2.7998273372650146,95.71286010742188
28.36,0.0,-2.3730435371398926,-7.896867275238037,95.53707885742188
28.38,0.0,-2.3730435371398926,-7.896867275238037,95.53707885742188
28.42,0.0,-2.3730435371398926,-10.091547012329102,95.53707885742188
28.46,0.0,-2.3730435371398926,-14.928650856018066,95.53707885742188
28.5,0.0,-2.3730435371398926,-14.45340633392334,96.5917739868164
28.52,0.0,-2.3730435371398926,-12.034725189208984,99.49214935302734
28.560000000000002,0.0,-2.3730435371398926,-10.186766624450684,103.88668823242188
28.6,0.0,-2.3730435371398926,-5.5218682289123535,109.07223510742188
28.64,0.0,-2.3730435371398926,-0.10409034788608551,113.64254760742188
28.66,0.0,-2.3730435371398926,-0.10409034788608551,116.8945083618164
28.7,0.0,-2.3730435371398926,7.828070640563965,117.42184448242188
28.740000000000002,0.0,-2.3730435371398926,11.936766624450684,117.42184448242188
28.76,0.0,-2.3730435371398926,11.936766624450684,117.24605560302734
28.8,0.0,-2.3730435371398926,14.93559455871582,116.98238372802734
28.84,0.0,-2.3730435371398926,14.416810035705566,114.43356323242188
28.88,0.0,-2.3730435371398926,11.916593551635742,109.51168823242188
28.900000000000002,0.0,-2.3730435371398926,11.916593551635742,103.79879760742188
28.94,0.0,-2.3730435371398926,5.252610206604004,97.82223510742188
28.98,0.0,-2.3730435371398926,-0.24596096575260162,92.54878997802734
29.0,0.0,-2.3730435371398926,-5.717194557189941,88.24215698242188
29.04,0.0,-2.3730435371398926,-8.20197868347168,86.3085708618164
29.080000000000002,0.0,-2.3730435371398926,-12.235147476196289,85.8691177368164
29.1,0.0,-2.3730435371398926,-14.566303253173828,85.95700073242188
29.14,0.0,-2.3730435371398926,-14.978976249694824,86.22067260742188
29.18,0.0,-2.3730435371398926,-14.221366882324219,88.24215698242188
29.2,0.0,-2.3730435371398926,-11.466160774230957,91.05465698242188
29.240000000000002,0.0,-2.3730435371398926,-9.44844913482666,93.95504760742188
29.28,0.0,-2.3730435371398926,-4.485000133514404,97.03121185302734
29.3,0.0,-2.3730435371398926,1.1181683540344238,100.89840698242188
29.34,0.0,-2.3730435371398926,3.9130594730377197,103.97457122802734
29.38,0.0,-2.3730435371398926,8.9928617477417,105.02926635742188
29.400000000000002,0.0,-2.3730435371398926,8.9928617477417,105.11715698242188
29.44,0.0,-2.3730435371398926,14.046303749084473,105.11715698242188
29.48,0.0,-2.3730435371398926,14.996475219726562,105.11715698242188
29.52,0.0,-2.3730435371398926,13.802148818969727,103.97457122802734
29.54,0.0,-2.3730435371398926,13.802148818969727,100.98629760742188
29.580000000000002,0.0,-2.3730435371398926,8.426664352416992,97.03121185302734
29.62,0.0,-2.3730435371398926,3.1951425075531006,92.72457885742188
29.64,0.0,-2.3730435371398926,3.1951425075531006,89.82418823242188
29.68,0.0,-2.3730435371398926,-5.271046161651611,89.38473510742188
29.72,0.0,-2.3730435371398926,-10.138166427612305,89.47262573242188
29.740000000000002,0.0,-2.3730435371398926,-10.138166427612305,89.38473510742188
29.78,0.0,-2.3730435371398926,-14.52208423614502,90.26364135742188
29.8,0.0,-2.3730435371398926,-14.871113777160645,91.40621948242188
29.84,0.0,-2.3730435371398926,-14.221870422363281,94.13082122802734
29.88,0.0,-2.3730435371398926,-11.389798164367676,96.85543823242188
29.900000000000002,0.0,-2.3730435371398926,-6.883647441864014,101.42575073242188
29.94,0.0,-2.3730435371398926,-4.200618267059326,106.34762573242188
29.98,0.0,-2.3730435371398926,1.5331156253814697,110.03903198242188
30.0,0.0,-2.3730435371398926,1.5331156253814697,111.9726333618164
30.04,0.0,-2.3730435371398926,9.462502479553223,112.0605239868164
30.080000000000002,0.0,-2.3730435371398926,13.15842056274414,112.0605239868164
30.1,0.0,-2.3730435371398926,14.90462875366211,112.0605239868164
30.14,0.0,-2.3730435371398926,14.950440406799316,111.9726333618164
30.18,0.0,-2.3730435371398926,13.373869895935059,109.07223510742188
30.2,0.0,-2.3730435371398926,9.797140121459961,104.67770385742188
30.240000000000002,0.0,-2.3730435371398926,7.413937091827393,100.54684448242188
30.28,0.0,-2.3730435371398926,1.9019975662231445,96.15231323242188
30.3,0.0,-2.3730435371398926,-3.9023544788360596,93.33980560302734
30.34,0.0,-2.3730435371398926,-6.639445781707764,93.07614135742188
30.38,0.0,-2.3730435371398926,-11.26504898071289,93.07614135742188
30.400000000000002,0.0,-2.3730435371398926,-11.26504898071289,93.07614135742188
30.44,0.0,-2.3730435371398926,-14.866063117980957,93.07614135742188
30.48,0.0,-2.3730435371398926,-14.5015287399292,94.83395385742188
30.5,0.0,-2.3730435371398926,-11.929774284362793,96.94332885742188
30.54,0.0,-2.3730435371398926,-9.924345016479492,99.58004760742188
30.580000000000002,0.0,-2.3730435371398926,-4.85378360748291,104.32614135742188
30.6,0.0,-2.3730435371398926,0.9657954573631287,109.16012573242188
30.64,0.0,-2.3730435371398926,3.8791890144348145,111.00582885742188
30.68,0.0,-2.3730435371398926,9.152337074279785,111.6210708618164
30.72,0.0,-2.3730435371398926,13.021869659423828,111.6210708618164
30.740000000000002,0.0,-2.3730435371398926,13.021869659423828,111.6210708618164
30.78,0.0,-2.3730435371398926,14.95866870880127,111.6210708618164
30.8,0.0,-2.3730435371398926,13.369359016418457,108.89645385742188
30.84,0.0,-2.3730435371398926,11.766871452331543,105.64450073242188
30.88,0.0,-2.3730435371398926,7.2536540031433105,101.77731323242188
30.900000000000002,0.0,-2.3730435371398926,7.2536540031433105,96.85543823242188
30.94,0.0,-2.3730435371398926,-1.3750123977661133,93.77925872802734
30.98,0.0,-2.3730435371398926,-7.060558795928955,93.07614135742188
31.0,0.0,-2.3730435371398926,-11.645337104797363,93.07614135742188
31.04,0.0,-2.3730435371398926,-13.288507461547852,93.07614135742188
31.080000000000002,0.0,-2.3730435371398926,-14.948529243469238,93.07614135742188
31.1,0.0,-2.3730435371398926,-14.252079963684082,94.48239135742188
31.14,0.0,-2.3730435371398926,-14.252079963684082,96.7675552368164
31.18,0.0,-2.3730435371398926,-9.111227035522461,99.75582885742188
31.220000000000002,0.0,-2.3730435371398926,-3.7345125675201416,104.8534927368164
31.26,0.0,-2.3730435371398926,2.2424211502075195,110.03903198242188
31.28,0.0,-2.3730435371398926,2.2424211502075195,112.32418060302734
31.32,0.0,-2.3730435371398926,10.26259708404541,112.85153198242188
31.36,0.0,-2.3730435371398926,13.73007583618164,112.85153198242188
31.400000000000002,0.0,-2.3730435371398926,14.999077796936035,112.85153198242188
31.42,0.0,-2.3730435371398926,14.999077796936035,112.41207885742188
31.46,0.0,-2.3730435371398926,12.423417091369629,109.33590698242188
31.5,0.0,-2.3730435371398926,8.111775398254395,105.90817260742188
31.52,0.0,-2.3730435371398926,8.111775398254395,100.63473510742188
31.560000000000002,0.0,-2.3730435371398926,-0.5456794500350952,95.88864135742188
31.580000000000002,0.0,-2.3730435371398926,-6.418407917022705,93.33980560302734
31.62,0.0,-2.3730435371398926,-9.02072811126709,92.63668823242188
31.66,0.0,-2.3730435371398926,-13.0242280960083,92.63668823242188
31.68,0.0,-2.3730435371398926,-14.90587329864502,92.63668823242188
31.720000000000002,0.0,-2.3730435371398926,-14.937134742736816,92.72457885742188
31.76,0.0,-2.3730435371398926,-13.168835639953613,93.60347747802734
31.78,0.0,-2.3730435371398926,-13.168835639953613,95.71286010742188
31.82,0.0,-2.3730435371398926,-6.646344184875488,98.52535247802734
31.86,0.0,-2.3730435371398926,-0.7516307830810547,102.30465698242188
31.88,0.0,-2.3730435371398926,5.273799896240234,106.6991958618164
31.92,0.0,-2.3730435371398926,8.020390510559082,108.89645385742188
31.96,0.0,-2.3730435371398926,12.409323692321777,109.24801635742188
31.98,0.0,-2.3730435371398926,14.74146842956543,109.24801635742188
32.02,0.0,-2.3730435371398926,14.997133255004883,109.16012573242188
32.06,0.0,-2.3730435371398926,13.628995895385742,108.54488372802734
32.08,0.0,-2.3730435371398926,9.981904029846191,106.34762573242188
32.12,0.0,-2.3730435371398926,7.479544639587402,103.44723510742188
32.160000000000004,0.0,-2.3730435371398926,1.6390982866287231,99.14058685302734
32.18,0.0,-2.3730435371398926,-4.483272552490234,95.88864135742188
32.22,0.0,-2.3730435371398926,-7.325443744659424,95.18551635742188
32.26,0.0,-2.3730435371398926,-11.969849586486816,95.18551635742188
32.28,0.0,-2.3730435371398926,-11.969849586486816,95.18551635742188
32.32,0.0,-2.3730435371398926,-14.99518871307373,95.18551635742188
32.36,0.0,-2.3730435371398926,-13.875814437866211,95.27340698242188
32.38,0.0,-2.3730435371398926,-13.875814437866211,96.85543823242188
32.42,0.0,-2.3730435371398926,-7.940493106842041,99.75582885742188
32.46,0.0,-2.3730435371398926,-2.1183910369873047,104.23825073242188
32.5,0.0,-2.3730435371398926,4.072287559509277,108.89645385742188
32.52,0.0,-2.3730435371398926,4.072287559509277,110.39059448242188
32.56,0.0,-2.3730435371398926,11.757322311401367,110.39059448242188
32.6,0.0,-2.3730435371398926,14.525647163391113,110.39059448242188
32.64,0.0,-2.3730435371398926,14.79338550567627,110.2148208618164
32.660000000000004,0.0,-2.3730435371398926,14.79338550567627,108.01753997802734
32.7,0.0,-2.3730435371398926,10.508953094482422,105.46871948242188
32.74,0.0,-2.3730435371398926,5.237770080566406,101.6894302368164
32.76,0.0,-2.3730435371398926,5.237770080566406,97.20700073242188
32.8,0.0,-2.3730435371398926,-4.05159330368042,94.74606323242188
32.84,0.0,-2.3730435371398926,-9.597057342529297,94.48239135742188
32.88,0.0,-2.3730435371398926,-13.471732139587402,94.57027435302734
32.9,0.0,-2.3730435371398926,-13.471732139587402,94.48239135742188
32.94,0.0,-2.3730435371398926,-14.764567375183105,95.09762573242188
32.980000000000004,0.0,-2.3730435371398926,-12.381416320800781,95.62496948242188
33.0,0.0,-2.3730435371398926,-12.381416320800781,98.26168060302734
33.04,0.0,-2.3730435371398926,-4.951516151428223,101.95308685302734
33.08,0.0,-2.3730435371398926,1.3067225217819214,106.34762573242188
33.1,0.0,-2.3730435371398926,7.340249061584473,109.51168823242188
33.14,0.0,-2.3730435371398926,7.340249061584473,109.86324310302734
33.18,0.0,-2.3730435371398926,13.681806564331055,109.86324310302734
33.2,0.0,-2.3730435371398926,14.999934196472168,109.77536010742188
33.24,0.0,-2.3730435371398926,14.999934196472168,108.89645385742188
33.28,0.0,-2.3730435371398926,9.84264087677002,106.0839614868164
33.32,0.0,-2.3730435371398926,7.223132133483887,102.65621948242188
33.34,0.0,-2.3730435371398926,1.1299021244049072,98.52535247802734
33.38,0.0,-2.3730435371398926,1.1299021244049072,95.18551635742188
33.42,0.0,-2.3730435371398926,-8.044279098510742,94.57027435302734
33.44,0.0,-2.3730435371398926,-12.575270652770996,94.57027435302734
33.480000000000004,0.0,-2.3730435371398926,-12.575270652770996,94.57027435302734
33.52,0.0,-2.3730435371398926,-14.966651916503906,94.83395385742188
33.54,0.0,-2.3730435371398926,-13.191522598266602,95.18551635742188
33.58,0.0,-2.3730435371398926,-13.191522598266602,96.7675552368164
33.62,0.0,-2.3730435371398926,-6.247949600219727,99.66793823242188
33.660000000000004,0.0,-2.3730435371398926,0.015161104500293732,103.79879760742188
33.68,0.0,-2.3730435371398926,6.282079219818115,106.9628677368164
33.72,0.0,-2.3730435371398926,9.052335739135742,108.19332122802734
33.76,0.0,-2.3730435371398926,13.22733211517334,108.36911010742188
33.78,0.0,-2.3730435371398926,13.22733211517334,108.28121948242188
33.82,0.0,-2.3730435371398926,14.43645191192627,108.28121948242188
33.86,0.0,-2.3730435371398926,12.458812713623047,106.6113052368164
33.88,0.0,-2.3730435371398926,7.797163486480713,103.88668823242188
33.92,0.0,-2.3730435371398926,4.856138706207275,99.58004760742188
33.96,0.0,-2.3730435371398926,-1.5657514333724976,96.2402114868164
33.980000000000004,0.0,-2.3730435371398926,-7.703199863433838,94.83395385742188
34.02,0.0,-2.3730435371398926,-7.703199863433838,94.83395385742188
34.06,0.0,-2.3730435371398926,-13.938468933105469,94.74606323242188
34.1,0.0,-2.3730435371398926,-14.97523021697998,94.83395385742188
34.12,0.0,-2.3730435371398926,-14.97523021697998,95.18551635742188
34.160000000000004,0.0,-2.3730435371398926,-11.3529052734375,96.7675552368164
34.2,0.0,-2.3730435371398926,-6.134795665740967,99.14058685302734
34.22,0.0,-2.3730435371398926,-6.134795665740967,103.79879760742188
34.26,0.0,-2.3730435371398926,3.496894598007202,106.43551635742188
34.300000000000004,0.0,-2.3730435371398926,9.357653617858887,108.01753997802734
34.32,0.0,-2.3730435371398926,9.357653617858887,108.19332122802734
34.36,0.0,-2.3730435371398926,14.574689865112305,108.19332122802734
34.4,0.0,-2.3730435371398926,14.698412895202637,108.10543060302734
34.42,0.0,-2.3730435371398926,12.023234367370605,106.78707885742188
34.46,0.0,-2.3730435371398926,9.773816108703613,104.41403198242188
34.5,0.0,-2.3730435371398926,3.9850990772247314,101.2499771118164
34.52,0.0,-2.3730435371398926,3.9850990772247314,96.7675552368164
34.56,0.0,-2.3730435371398926,-5.746679306030273,94.65817260742188
34.58,0.0,-2.3730435371398926,-11.120888710021973,94.48239135742188
34.62,0.0,-2.3730435371398926,-13.058216094970703,94.48239135742188
34.660000000000004,0.0,-2.3730435371398926,-14.961376190185547,94.48239135742188
34.7,0.0,-2.3730435371398926,-13.977251052856445,95.00972747802734
34.72,0.0,-2.3730435371398926,-13.977251052856445,95.44918823242188
34.76,0.0,-2.3730435371398926,-7.6308488845825195,97.82223510742188
34.800000000000004,0.0,-2.3730435371398926,-1.337828278541565,100.8105239868164
34.82,0.0,-2.3730435371398926,5.221863746643066,104.50191497802734
34.86,0.0,-2.3730435371398926,8.197620391845703,105.46871948242188
34.9,0.0,-2.3730435371398926,12.811278343200684,105.55661010742188
34.94,0.0,-2.3730435371398926,14.923673629760742,105.55661010742188
34.96,0.0,-2.3730435371398926,14.923673629760742,105.55661010742188
35.0,0.0,-2.3730435371398926,12.635736465454102,104.15036010742188
35.02,0.0,-2.3730435371398926,7.896482467651367,101.6015396118164
35.06,0.0,-2.3730435371398926,7.896482467651367,97.29489135742188
35.1,0.0,-2.3730435371398926,-1.7575833797454834,93.33980560302734
35.12,0.0,-2.3730435371398926,-8.043132781982422,91.93356323242188
35.160000000000004,0.0,-2.3730435371398926,-10.65919303894043,91.8456802368164
35.2,0.0,-2.3730435371398926,-14.184762954711914,91.8456802368164
35.22,0.0,-2.3730435371398926,-14.184762954711914,91.8456802368164
35.26,0.0,-2.3730435371398926,-14.123568534851074,92.63668823242188
35.300000000000004,0.0,-2.3730435371398926,-10.515409469604492,94.13082122802734
35.32,0.0,-2.3730435371398926,-4.802793979644775,96.5917739868164
35.36,0.0,-2.3730435371398926,-1.5018234252929688,99.14058685302734
35.4,0.0,-2.3730435371398926,5.162420749664307,101.42575073242188
35.42,0.0,-2.3730435371398926,10.796469688415527,102.56832885742188
35.46,0.0,-2.3730435371398926,12.857192039489746,102.56832885742188
35.5,0.0,-2.3730435371398926,14.941625595092773,102.56832885742188
35.52,0.0,-2.3730435371398926,14.011463165283203,102.3925552368164
35.56,0.0,-2.3730435371398926,12.448090553283691,101.33786010742188
35.6,0.0,-2.3730435371398926,7.515998363494873,98.96481323242188
35.62,0.0,-2.3730435371398926,1.0536205768585205,94.65817260742188
35.660000000000004,0.0,-2.3730435371398926,-2.347522735595703,91.7577896118164
35.7,0.0,-2.3730435371398926,-8.622532844543457,90.52731323242188
35.72,0.0,-2.3730435371398926,-13.144599914550781,90.4394302368164
35.76,0.0,-2.3730435371398926,-14.437987327575684,90.4394302368164
35.800000000000004,0.0,-2.3730435371398926,-14.752640724182129,90.4394302368164
35.82,0.0,-2.3730435371398926,-14.752640724182129,92.10933685302734
35.86,0.0,-2.3730435371398926,-13.755196571350098,95.18551635742188
35.9,0.0,-2.3730435371398926,-3.6480979919433594,97.91011810302734
35.92,0.0,-2.3730435371398926,3.1632978916168213,101.2499771118164
35.96,0.0,-2.3730435371398926,6.412680625915527,104.23825073242188
36.0,0.0,-2.3730435371398926,11.755636215209961,105.11715698242188
36.02,0.0,-2.3730435371398926,14.667887687683105,105.20504760742188
36.06,0.0,-2.3730435371398926,14.667887687683105,105.20504760742188
36.1,0.0,-2.3730435371398926,13.311006546020508,105.02926635742188
36.12,0.0,-2.3730435371398926,8.850611686706543,103.88668823242188
36.160000000000004,0.0,-2.3730435371398926,5.850191593170166,101.77731323242188
36.18,0.0,-2.3730435371398926,-0.9091089367866516,98.70113372802734
36.22,0.0,-2.3730435371398926,-0.9091089367866516,96.41598510742188
36.26,0.0,-2.3730435371398926,-10.262762069702148,95.8007583618164
36.28,0.0,-2.3730435371398926,-14.06566047668457,95.8007583618164
36.32,0.0,-2.3730435371398926,-14.06566047668457,95.8007583618164
36.36,0.0,-2.3730435371398926,-14.142145156860352,95.8007583618164
36.38,0.0,-2.3730435371398926,-10.412457466125488,96.3281021118164
36.42,0.0,-2.3730435371398926,-10.412457466125488,98.87692260742188
36.46,0.0,-2.3730435371398926,-1.0610694885253906,102.56832885742188
36.480000000000004,0.0,-2.3730435371398926,5.75984525680542,106.43551635742188
36.52,0.0,-2.3730435371398926,8.797728538513184,108.89645385742188
36.56,0.0,-2.3730435371398926,13.315905570983887,109.33590698242188
36.58,0.0,-2.3730435371398926,14.998866081237793,109.33590698242188
36.62,0.0,-2.3730435371398926,14.998866081237793,109.24801635742188
36.660000000000004,0.0,-2.3730435371398926,11.589798927307129,108.63277435302734
36.7,0.0,-2.3730435371398926,6.057262420654297,106.6991958618164
36.72,0.0,-2.3730435371398926,6.057262420654297,102.8320083618164
36.76,0.0,-2.3730435371398926,-4.234711647033691,98.70113372802734
36.800000000000004,0.0,-2.3730435371398926,-10.276451110839844,96.50387573242188
36.82,0.0,-2.3730435371398926,-14.105722427368164,95.71286010742188
36.86,0.0,-2.3730435371398926,-14.105722427368164,95.71286010742188
36.9,0.0,-2.3730435371398926,-14.052249908447266,95.71286010742188
36.92,0.0,-2.3730435371398926,-10.14966869354248,95.71286010742188
36.96,0.0,-2.3730435371398926,-7.2952117919921875,95.8007583618164
37.0,0.0,-2.3730435371398926,-0.554272472858429,97.64645385742188
37.02,0.0,-2.3730435371398926,6.313912391662598,99.75582885742188
37.06,0.0,-2.3730435371398926,9.319048881530762,100.54684448242188
37.1,0.0,-2.3730435371398926,13.645206451416016,100.54684448242188
37.12,0.0,-2.3730435371398926,14.985249519348145,100.54684448242188
37.160000000000004,0.0,-2.3730435371398926,14.412302017211914,100.54684448242188
37.2,0.0,-2.3730435371398926,10.932205200195312,99.75582885742188
37.22,0.0,-2.3730435371398926,5.041128635406494,96.7675552368164
37.26,0.0,-2.3730435371398926,1.5817290544509888,93.69136810302734
37.300000000000004,0.0,-2.3730435371398926,-5.409128665924072,92.9003677368164
37.32,0.0,-2.3730435371398926,-11.20928955078125,92.9003677368164
37.36,0.0,-2.3730435371398926,-13.241179466247559,92.9003677368164
37.4,0.0,-2.3730435371398926,-14.998662948608398,92.9003677368164
37.42,0.0,-2.3730435371398926,-13.421392440795898,94.04293060302734
37.46,0.0,-2.3730435371398926,-11.460906982421875,95.88864135742188
37.5,0.0,-2.3730435371398926,-5.738945007324219,98.26168060302734
37.52,0.0,-2.3730435371398926,1.2713271379470825,101.77731323242188
37.56,0.0,-2.3730435371398926,4.772127628326416,104.15036010742188
37.58,0.0,-2.3730435371398926,10.78074836730957,104.50191497802734
37.62,0.0,-2.3730435371398926,10.78074836730957,104.50191497802734
37.660000000000004,0.0,-2.3730435371398926,14.980757713317871,104.50191497802734
37.68,0.0,-2.3730435371398926,13.642385482788086,104.41403198242188
37.72,0.0,-2.3730435371398926,11.770238876342773,102.8320083618164
37.76,0.0,-2.3730435371398926,6.144705772399902,100.45895385742188
37.78,0.0,-2.3730435371398926,6.144705772399902,96.15231323242188
37.82,0.0,-2.3730435371398926,-4.418660640716553,93.95504760742188
37.84,0.0,-2.3730435371398926,-10.552783012390137,93.25191497802734
37.88,0.0,-2.3730435371398926,-12.790873527526855,93.16403198242188
37.92,0.0,-2.3730435371398926,-14.965771675109863,93.16403198242188
37.94,0.0,-2.3730435371398926,-13.72697639465332,93.16403198242188
37.980000000000004,0.0,-2.3730435371398926,-11.882841110229492,94.30661010742188
38.02,0.0,-2.3730435371398926,-6.268514156341553,95.8007583618164
38.04,0.0,-2.3730435371398926,0.7886925935745239,98.52535247802734
38.08,0.0,-2.3730435371398926,4.356124401092529,100.45895385742188
38.12,0.0,-2.3730435371398926,10.539749145507812,101.33786010742188
38.14,0.0,-2.3730435371398926,10.539749145507812,101.42575073242188
38.18,0.0,-2.3730435371398926,14.969209671020508,101.51364135742188
38.2,0.0,-2.3730435371398926,13.686626434326172,101.42575073242188
38.24,0.0,-2.3730435371398926,11.807456970214844,101.07418823242188
38.28,0.0,-2.3730435371398926,6.1137261390686035,98.96481323242188
38.300000000000004,0.0,-2.3730435371398926,-1.005309820175171,95.44918823242188
38.34,0.0,-2.3730435371398926,-4.585728645324707,92.98825073242188
38.38,0.0,-2.3730435371398926,-10.742443084716797,92.9003677368164
38.4,0.0,-2.3730435371398926,-10.742443084716797,92.9003677368164
38.44,0.0,-2.3730435371398926,-14.987879753112793,92.9003677368164
38.480000000000004,0.0,-2.3730435371398926,-13.515809059143066,92.9003677368164
38.5,0.0,-2.3730435371398926,-8.87233829498291,94.48239135742188
38.54,0.0,-2.3730435371398926,-5.676165580749512,96.2402114868164
38.58,0.0,-2.3730435371398926,1.5263625383377075,98.70113372802734
38.6,0.0,-2.3730435371398926,8.375675201416016,101.07418823242188
38.64,0.0,-2.3730435371398926,11.148181915283203,101.86520385742188
38.68,0.0,-2.3730435371398926,14.563922882080078,101.86520385742188
38.7,0.0,-2.3730435371398926,14.533742904663086,101.86520385742188
38.74,0.0,-2.3730435371398926,13.192276000976562,101.77731323242188
38.78,0.0,-2.3730435371398926,8.249852180480957,101.07418823242188
38.800000000000004,0.0,-2.3730435371398926,1.339856743812561,98.17378997802734
38.84,0.0,-2.3730435371398926,-2.3481931686401367,95.62496948242188
38.88,0.0,-2.3730435371398926,-9.087660789489746,95.00972747802734
38.9,0.0,-2.3730435371398926,-13.660296440124512,95.00972747802734
38.94,0.0,-2.3730435371398926,-14.761362075805664,95.00972747802734
38.980000000000004,0.0,-2.3730435371398926,-14.256237030029297,95.09762573242188
39.0,0.0,-2.3730435371398926,-10.32563304901123,95.3613052368164
39.04,0.0,-2.3730435371398926,-7.341038227081299,97.38278198242188
39.08,0.0,-2.3730435371398926,-0.23034925758838654,99.84371948242188
39.1,0.0,-2.3730435371398926,6.942286968231201,102.8320083618164
39.14,0.0,-2.3730435371398926,9.998784065246582,104.15036010742188
39.18,0.0,-2.3730435371398926,14.121585845947266,104.15036010742188
39.2,0.0,-2.3730435371398926,14.82291030883789,104.23825073242188
39.24,0.0,-2.3730435371398926,13.799134254455566,104.15036010742188
39.28,0.0,-2.3730435371398926,9.30858325958252,103.35934448242188
39.300000000000004,0.0,-2.3730435371398926,2.545548439025879,100.7226333618164
39.34,0.0,-2.3730435371398926,-1.1856276988983154,97.91011810302734
39.38,0.0,-2.3730435371398926,-8.205199241638184,96.85543823242188
39.4,0.0,-2.3730435371398926,-8.205199241638184,96.7675552368164
39.44,0.0,-2.3730435371398926,-14.564356803894043,96.7675552368164
39.46,0.0,-2.3730435371398926,-14.498631477355957,96.7675552368164
39.5,0.0,-2.3730435371398926,-13.09192943572998,96.7675552368164
39.54,0.0,-2.3730435371398926,-7.958914756774902,98.08590698242188
39.56,0.0,-2.3730435371398926,-7.958914756774902,100.89840698242188
39.6,0.0,-2.3730435371398926,2.891807794570923,105.11715698242188
39.64,0.0,-2.3730435371398926,9.62658977508545,108.72067260742188
39.660000000000004,0.0,-2.3730435371398926,13.981107711791992,110.03903198242188
39.7,0.0,-2.3730435371398926,14.894140243530273,110.12692260742188
39.74,0.0,-2.3730435371398926,13.901202201843262,110.03903198242188
39.76,0.0,-2.3730435371398926,9.44546127319336,109.86324310302734
39.800000000000004,0.0,-2.3730435371398926,6.235809326171875,108.89645385742188
39.84,0.0,-2.3730435371398926,-1.146147608757019,106.9628677368164
39.86,0.0,-2.3730435371398926,-8.247773170471191,105.02926635742188
39.9,0.0,-2.3730435371398926,-11.121648788452148,104.8534927368164
39.94,0.0,-2.3730435371398926,-14.607892036437988,104.8534927368164
39.980000000000004,0.0,-2.3730435371398926,-14.425090789794922,104.8534927368164
40.0,0.0,-2.3730435371398926,-14.425090789794922,105.55661010742188
40.04,0.0,-2.3730435371398926,-7.605898380279541,108.54488372802734
40.08,0.0,-2.3730435371398926,-0.3547820746898651,111.35739135742188
40.1,0.0,-2.3730435371398926,6.992385387420654,113.20309448242188
40.14,0.0,-2.3730435371398926,10.107942581176758,113.73043823242188
40.18,0.0,-2.3730435371398926,14.228833198547363,113.81832885742188
40.2,0.0,-2.3730435371398926,14.736382484436035,113.73043823242188
40.24,0.0,-2.3730435371398926,13.553074836730957,113.02730560302734
40.26,0.0,-2.3730435371398926,8.684082984924316,111.00582885742188
40.300000000000004,0.0,-2.3730435371398926,5.311911582946777,107.22654724121094
40.34,0.0,-2.3730435371398926,-2.230785846710205,104.41403198242188
40.36,0.0,-2.3730435371398926,-2.230785846710205,102.74411010742188
40.4,0.0,-2.3730435371398926,-11.907241821289062,102.65621948242188
40.44,0.0,-2.3730435371398926,-14.850554466247559,102.65621948242188
40.480000000000004,0.0,-2.3730435371398926,-14.850554466247559,102.65621948242188
40.5,0.0,-2.3730435371398926,-9.498275756835938,104.41403198242188
40.54,0.0,-2.3730435371398926,-6.236838340759277,106.6113052368164
40.58,0.0,-2.3730435371398926,1.2785420417785645,109.95114135742188
40.62,0.0,-2.3730435371398926,8.469297409057617,111.9726333618164
40.64,0.0,-2.3730435371398926,8.469297409057617,112.0605239868164
40.68,0.0,-2.3730435371398926,11.342842102050781,112.0605239868164
40.72,0.0,-2.3730435371398926,14.707019805908203,112.0605239868164
40.76,0.0,-2.3730435371398926,10.076637268066406,111.79684448242188
40.78,0.0,-2.3730435371398926,10.076637268066406,107.75386810302734
40.82,0.0,-2.3730435371398926,-0.5816333889961243,103.79879760742188
40.84,0.0,-2.3730435371398926,-7.920901775360107,100.8105239868164
40.88,0.0,-2.3730435371398926,-10.918560981750488,99.22848510742188
40.92,0.0,-2.3730435371398926,-14.579704284667969,99.14058685302734
40.94,0.0,-2.3730435371398926,-14.409790992736816,99.14058685302734
40.980000000000004,0.0,-2.3730435371398926,-12.857891082763672,99.14058685302734
41.02,0.0,-2.3730435371398926,-7.327023506164551,99.22848510742188
41.04,0.0,-2.3730435371398926,-7.327023506164551,101.2499771118164
41.08,0.0,-2.3730435371398926,-3.717196226119995,104.94137573242188
41.12,0.0,-2.3730435371398926,10.659830093383789,107.49020385742188
41.14,0.0,-2.3730435371398926,14.49886417388916,108.63277435302734
41.18,0.0,-2.3730435371398926,14.999981880187988,108.72067260742188
41.22,0.0,-2.3730435371398926,12.991776466369629,108.63277435302734
41.24,0.0,-2.3730435371398926,7.5185441970825195,108.54488372802734
41.28,0.0,-2.3730435371398926,3.9093456268310547,106.9628677368164
41.32,0.0,-2.3730435371398926,-3.847703456878662,104.67770385742188
41.34,0.0,-2.3730435371398926,-10.580889701843262,103.53511810302734
41.38,0.0,-2.3730435371398926,-12.973414421081543,103.44723510742188
41.42,0.0,-2.3730435371398926,-14.999981880187988,103.44723510742188
41.44,0.0,-2.3730435371398926,-12.993359565734863,103.71090698242188
41.480000000000004,0.0,-2.3730435371398926,-12.993359565734863,104.8534927368164
41.52,0.0,-2.3730435371398926,-3.8494532108306885,107.66597747802734
41.56,0.0,-2.3730435371398926,3.949528217315674,109.95114135742188
41.58,0.0,-2.3730435371398926,3.949528217315674,110.2148208618164
41.62,0.0,-2.3730435371398926,13.058216094970703,110.2148208618164
41.660000000000004,0.0,-2.3730435371398926,14.99878978729248,110.12692260742188
41.68,0.0,-2.3730435371398926,12.862783432006836,108.98433685302734
41.72,0.0,-2.3730435371398926,10.403332710266113,107.0507583618164
41.76,0.0,-2.3730435371398926,3.536710500717163,104.58981323242188
41.800000000000004,0.0,-2.3730435371398926,-4.3015265464782715,101.2499771118164
41.82,0.0,-2.3730435371398926,-4.3015265464782715,100.8105239868164
41.86,0.0,-2.3730435371398926,-13.26502513885498,100.8105239868164
41.9,0.0,-2.3730435371398926,-14.985249519348145,100.8105239868164
41.92,0.0,-2.3730435371398926,-12.588576316833496,101.1620864868164
41.96,0.0,-2.3730435371398926,-10.007719993591309,102.8320083618164
42.0,0.0,-2.3730435371398926,-2.9672632217407227,105.38082885742188
42.02,0.0,-2.3730435371398926,4.898080825805664,108.98433685302734
42.06,0.0,-2.3730435371398926,8.453601837158203,109.77536010742188
42.08,0.0,-2.3730435371398926,13.573850631713867,109.77536010742188
42.12,0.0,-2.3730435371398926,14.775656700134277,109.77536010742188
42.160000000000004,0.0,-2.3730435371398926,14.038188934326172,109.59957885742188
42.18,0.0,-2.3730435371398926,14.038188934326172,107.84176635742188
42.22,0.0,-2.3730435371398926,5.979328155517578,105.2929458618164
42.26,0.0,-2.3730435371398926,-1.861363410949707,101.77731323242188
42.28,0.0,-2.3730435371398926,-9.188688278198242,99.31637573242188
42.32,0.0,-2.3730435371398926,-11.996933937072754,99.05269622802734
42.36,0.0,-2.3730435371398926,-14.91226577758789,99.14058685302734
42.38,0.0,-2.3730435371398926,-13.647554397583008,99.05269622802734
42.42,0.0,-2.3730435371398926,-11.509811401367188,99.14058685302734
42.46,0.0,-2.3730435371398926,-4.971375942230225,100.63473510742188
42.480000000000004,0.0,-2.3730435371398926,2.972808361053467,103.88668823242188
42.52,0.0,-2.3730435371398926,6.771218776702881,105.11715698242188
42.56,0.0,-2.3730435371398926,12.673641204833984,105.20504760742188
42.58,0.0,-2.3730435371398926,14.994979858398438,105.20504760742188
42.62,0.0,-2.3730435371398926,14.557235717773438,105.20504760742188
42.660000000000004,0.0,-2.3730435371398926,10.633848190307617,104.23825073242188
42.68,0.0,-2.3730435371398926,3.6853995323181152,101.95308685302734
42.72,0.0,-2.3730435371398926,-0.32718244194984436,99.49214935302734
42.76,0.0,-2.3730435371398926,-7.996665000915527,98.52535247802734
42.78,0.0,-2.3730435371398926,-13.389921188354492,98.52535247802734
42.82,0.0,-2.3730435371398926,-14.7100830078125,98.52535247802734
42.84,0.0,-2.3730435371398926,-14.117461204528809,98.52535247802734
42.88,0.0,-2.3730435371398926,-12.245088577270508,98.87692260742188
42.92,0.0,-2.3730435371398926,-6.015625,100.98629760742188
42.94,0.0,-2.3730435371398926,1.9477779865264893,105.02926635742188
42.980000000000004,0.0,-2.3730435371398926,5.866648197174072,107.57808685302734
43.02,0.0,-2.3730435371398926,12.161271095275879,108.63277435302734
43.04,0.0,-2.3730435371398926,12.161271095275879,108.80856323242188
43.08,0.0,-2.3730435371398926,14.727396011352539,108.72067260742188
43.12,0.0,-2.3730435371398926,11.119977951049805,108.63277435302734
43.14,0.0,-2.3730435371398926,4.285915851593018,106.78707885742188
43.18,0.0,-2.3730435371398926,0.2541061043739319,104.15036010742188
43.22,0.0,-2.3730435371398926,-7.570958614349365,101.95308685302734
43.24,0.0,-2.3730435371398926,-13.197872161865234,101.51364135742188
43.28,0.0,-2.3730435371398926,-14.632530212402344,101.51364135742188
43.32,0.0,-2.3730435371398926,-14.212780952453613,101.51364135742188
43.34,0.0,-2.3730435371398926,-9.636651039123535,101.95308685302734
43.38,0.0,-2.3730435371398926,-6.166372776031494,103.53511810302734
43.42,0.0,-2.3730435371398926,1.86675226688385,105.7323989868164
43.44,0.0,-2.3730435371398926,9.358007431030273,107.22654724121094
43.480000000000004,0.0,-2.3730435371398926,12.186521530151367,107.22654724121094
43.5,0.0,-2.3730435371398926,14.96021556854248,107.22654724121094
43.54,0.0,-2.3730435371398926,14.694562911987305,107.22654724121094
43.58,0.0,-2.3730435371398926,10.949697494506836,106.78707885742188
43.6,0.0,-2.3730435371398926,10.949697494506836,104.23825073242188
43.64,0.0,-2.3730435371398926,-0.12219265103340149,100.63473510742188
43.68,0.0,-2.3730435371398926,-7.96409273147583,97.64645385742188
43.7,0.0,-2.3730435371398926,-7.96409273147583,96.15231323242188
43.74,0.0,-2.3730435371398926,-14.74997329711914,95.97653198242188
43.78,0.0,-2.3730435371398926,-13.985283851623535,96.06442260742188
43.800000000000004,0.0,-2.3730435371398926,-9.049267768859863,95.97653198242188
43.84,0.0,-2.3730435371398926,-9.049267768859863,96.06442260742188
43.88,0.0,-2.3730435371398926,2.7322163581848145,97.73434448242188
43.92,0.0,-2.3730435371398926,10.088030815124512,98.70113372802734
43.94,0.0,-2.3730435371398926,14.423166275024414,98.78903198242188
43.980000000000004,0.0,-2.3730435371398926,14.99999713897705,98.78903198242188
44.0,0.0,-2.3730435371398926,12.747774124145508,98.78903198242188
44.04,0.0,-2.3730435371398926,12.747774124145508,98.61324310302734
44.08,0.0,-2.3730435371398926,2.7046217918395996,97.29489135742188
44.12,0.0,-2.3730435371398926,-5.5020856857299805,96.15231323242188
44.14,0.0,-2.3730435371398926,-12.050509452819824,95.97653198242188
44.18,0.0,-2.3730435371398926,-14.043682098388672,95.97653198242188
44.22,0.0,-2.3730435371398926,-14.70376205444336,95.97653198242188
44.24,0.0,-2.3730435371398926,-14.70376205444336,96.15231323242188
44.28,0.0,-2.3730435371398926,-13.316739082336426,98.43746948242188
44.32,0.0,-2.3730435371398926,0.38373780250549316,101.77731323242188
44.34,0.0,-2.3730435371398926,8.287424087524414,105.99606323242188
44.38,0.0,-2.3730435371398926,11.420516014099121,108.28121948242188
44.42,0.0,-2.3730435371398926,14.842842102050781,108.98433685302734
44.44,0.0,-2.3730435371398926,13.720125198364258,108.98433685302734
44.480000000000004,0.0,-2.3730435371398926,11.503859519958496,108.98433685302734
44.52,0.0,-2.3730435371398926,4.609206676483154,108.89645385742188
44.54,0.0,-2.3730435371398926,-3.70886492729187,107.0507583618164
44.58,0.0,-2.3730435371398926,-7.597509860992432,106.6991958618164
44.6,0.0,-2.3730435371398926,-13.327242851257324,106.6991958618164
44.64,0.0,-2.3730435371398926,-14.715327262878418,106.6991958618164
44.68,0.0,-2.3730435371398926,-13.9930419921875,106.78707885742188
44.7,0.0,-2.3730435371398926,-13.9930419921875,108.36911010742188
44.74,0.0,-2.3730435371398926,-5.227166652679443,110.47848510742188
44.78,0.0,-2.3730435371398926,3.11063289642334,112.14839935302734
44.800000000000004,0.0,-2.3730435371398926,3.11063289642334,112.49996185302734
44.84,0.0,-2.3730435371398926,13.063669204711914,112.49996185302734
44.88,0.0,-2.3730435371398926,14.979488372802734,112.41207885742188
44.9,0.0,-2.3730435371398926,12.218368530273438,112.32418060302734
44.94,0.0,-2.3730435371398926,9.29740047454834,109.24801635742188
44.980000000000004,0.0,-2.3730435371398926,1.5164573192596436,105.82028198242188
45.0,0.0,-2.3730435371398926,-6.745966911315918,102.65621948242188
45.04,0.0,-2.3730435371398926,-10.230205535888672,101.86520385742188
45.08,0.0,-2.3730435371398926,-14.526888847351074,101.86520385742188
45.1,0.0,-2.3730435371398926,-14.252079963684082,101.86520385742188
45.14,0.0,-2.3730435371398926,-12.365042686462402,102.21676635742188
45.160000000000004,0.0,-2.3730435371398926,-5.832475662231445,103.35934448242188
45.2,0.0,-2.3730435371398926,-1.7115061283111572,105.46871948242188
45.24,0.0,-2.3730435371398926,6.605945110321045,107.40231323242188
45.26,0.0,-2.3730435371398926,6.605945110321045,107.92965698242188
45.300000000000004,0.0,-2.3730435371398926,14.502511024475098,107.92965698242188
45.34,0.0,-2.3730435371398926,14.269688606262207,107.84176635742188
45.36,0.0,-2.3730435371398926,14.269688606262207,107.1386489868164
45.4,0.0,-2.3730435371398926,5.829765319824219,105.55661010742188
45.44,0.0,-2.3730435371398926,-2.5914745330810547,102.3925552368164
45.46,0.0,-2.3730435371398926,-10.190752029418945,100.63473510742188
45.5,0.0,-2.3730435371398926,-12.888323783874512,100.63473510742188
45.54,0.0,-2.3730435371398926,-14.989755630493164,100.63473510742188
45.56,0.0,-2.3730435371398926,-12.28222370147705,100.63473510742188
45.6,0.0,-2.3730435371398926,-9.337301254272461,101.2499771118164
45.64,0.0,-2.3730435371398926,-1.4482285976409912,103.18355560302734
45.660000000000004,0.0,-2.3730435371398926,6.91338586807251,104.8534927368164
45.7,0.0,-2.3730435371398926,10.410014152526855,104.8534927368164
45.74,0.0,-2.3730435371398926,14.614036560058594,104.8534927368164
45.76,0.0,-2.3730435371398926,14.092824935913086,104.76559448242188
45.800000000000004,0.0,-2.3730435371398926,12.047544479370117,104.15036010742188
45.82,0.0,-2.3730435371398926,5.213377475738525,102.30465698242188
45.86,0.0,-2.3730435371398926,0.9888275265693665,99.75582885742188
45.9,0.0,-2.3730435371398926,-7.353861331939697,98.78903198242188
45.92,0.0,-2.3730435371398926,-13.307875633239746,98.70113372802734
45.96,0.0,-2.3730435371398926,-14.73013687133789,98.70113372802734
46.0,0.0,-2.3730435371398926,-13.875986099243164,98.70113372802734
46.02,0.0,-2.3730435371398926,-13.875986099243164,99.05269622802734
46.06,0.0,-2.3730435371398926,-11.667839050292969,101.1620864868164
46.08,0.0,-2.3730435371398926,3.9981865882873535,105.11715698242188
46.12,0.0,-2.3730435371398926,7.972527980804443,107.92965698242188
46.14,0.0,-2.3730435371398926,13.641161918640137,109.16012573242188
46.18,0.0,-2.3730435371398926,14.857388496398926,109.16012573242188
46.22,0.0,-2.3730435371398926,13.544238090515137,109.16012573242188
46.24,0.0,-2.3730435371398926,7.761951446533203,109.07223510742188
46.28,0.0,-2.3730435371398926,3.7452502250671387,108.10543060302734
46.32,0.0,-2.3730435371398926,-4.875831127166748,106.43551635742188
46.34,0.0,-2.3730435371398926,-11.888224601745605,105.46871948242188
46.38,0.0,-2.3730435371398926,-14.018881797790527,105.38082885742188
46.42,0.0,-2.3730435371398926,-14.63536262512207,105.38082885742188
46.44,0.0,-2.3730435371398926,-10.385223388671875,105.38082885742188
46.480000000000004,0.0,-2.3730435371398926,-10.385223388671875,107.75386810302734
46.52,0.0,-2.3730435371398926,1.7038624286651611,110.6542739868164
46.56,0.0,-2.3730435371398926,9.665060997009277,112.76364135742188
46.58,0.0,-2.3730435371398926,9.665060997009277,113.20309448242188
46.62,0.0,-2.3730435371398926,14.999287605285645,113.20309448242188
46.660000000000004,0.0,-2.3730435371398926,12.403091430664062,113.20309448242188
46.68,0.0,-2.3730435371398926,5.640539169311523,113.11519622802734
46.72,0.0,-2.3730435371398926,1.368026852607727,111.7089614868164
46.76,0.0,-2.3730435371398926,-7.157198905944824,109.16012573242188
46.78,0.0,-2.3730435371398926,-13.275890350341797,108.63277435302734
46.82,0.0,-2.3730435371398926,-14.73180103302002,108.63277435302734
46.86,0.0,-2.3730435371398926,-13.812670707702637,108.80856323242188
46.9,0.0,-2.3730435371398926,-8.218076705932617,109.77536010742188
46.92,0.0,-2.3730435371398926,-8.218076705932617,112.0605239868164
46.96,0.0,-2.3730435371398926,-4.209089756011963,116.27926635742188
47.0,0.0,-2.3730435371398926,11.734522819519043,119.7070083618164
47.02,0.0,-2.3730435371398926,14.951627731323242,121.90426635742188
47.06,0.0,-2.3730435371398926,14.651740074157715,122.43160247802734
47.1,0.0,-2.3730435371398926,10.356122016906738,122.43160247802734
47.12,0.0,-2.3730435371398926,2.5190069675445557,122.25582885742188
47.160000000000004,0.0,-2.3730435371398926,-1.9163620471954346,122.25582885742188
47.2,0.0,-2.3730435371398926,-9.915009498596191,121.4648208618164
47.22,0.0,-2.3730435371398926,-14.518280029296875,121.4648208618164
47.26,0.0,-2.3730435371398926,-14.985923767089844,121.4648208618164
47.300000000000004,0.0,-2.3730435371398926,-12.044173240661621,122.87105560302734
47.32,0.0,-2.3730435371398926,-4.9525837898254395,125.68356323242188
47.36,0.0,-2.3730435371398926,-0.5764327049255371,128.75973510742188
47.4,0.0,-2.3730435371398926,7.9426045417785645,130.34176635742188
47.42,0.0,-2.3730435371398926,13.7216796875,130.42965698242188
47.46,0.0,-2.3730435371398926,14.897124290466309,130.34176635742188
47.5,0.0,-2.3730435371398926,13.301605224609375,129.63864135742188
47.52,0.0,-2.3730435371398926,7.088095188140869,127.88082122802734
47.56,0.0,-2.3730435371398926,2.875819206237793,124.6288833618164
47.6,0.0,-2.3730435371398926,-5.923453330993652,122.08003997802734
47.62,0.0,-2.3730435371398926,-12.664918899536133,121.4648208618164
47.660000000000004,0.0,-2.3730435371398926,-14.473915100097656,121.4648208618164
47.68,0.0,-2.3730435371398926,-14.168867111206055,121.5527114868164
47.72,0.0,-2.3730435371398926,-12.079014778137207,123.13473510742188
47.76,0.0,-2.3730435371398926,-4.936133861541748,125.5956802368164
47.78,0.0,-2.3730435371398926,-4.936133861541748,128.49606323242188
47.82,0.0,-2.3730435371398926,8.053826332092285,129.37496948242188
47.86,0.0,-2.3730435371398926,13.80418586730957,129.37496948242188
47.88,0.0,-2.3730435371398926,13.80418586730957,129.11129760742188
47.92,0.0,-2.3730435371398926,13.149938583374023,128.49606323242188
47.96,0.0,-2.3730435371398926,6.735252857208252,126.65036010742188
47.980000000000004,0.0,-2.3730435371398926,-2.0639407634735107,122.43160247802734
48.02,0.0,-2.3730435371398926,-6.389965057373047,120.32223510742188
48.06,0.0,-2.3730435371398926,-12.97000503540039,119.88278198242188
48.08,0.0,-2.3730435371398926,-14.953693389892578,119.79489135742188
48.120000000000005,0.0,-2.3730435371398926,-14.953693389892578,120.05856323242188
48.160000000000004,0.0,-2.3730435371398926,-8.269685745239258,122.16793060302734
48.18,0.0,-2.3730435371398926,0.33261194825172424,125.24411010742188
48.22,0.0,-2.3730435371398926,0.33261194825172424,127.35348510742188
48.26,0.0,-2.3730435371398926,12.044443130493164,127.44136810302734
48.300000000000004,0.0,-2.3730435371398926,14.992687225341797,127.44136810302734
48.32,0.0,-2.3730435371398926,12.575023651123047,127.08980560302734
48.36,0.0,-2.3730435371398926,9.549673080444336,125.5077896118164
48.4,0.0,-2.3730435371398926,1.2228442430496216,122.16793060302734
48.42,0.0,-2.3730435371398926,-7.549264430999756,118.65231323242188
48.46,0.0,-2.3730435371398926,-11.090010643005371,117.33395385742188
48.5,0.0,-2.3730435371398926,-14.875399589538574,117.24605560302734
48.52,0.0,-2.3730435371398926,-14.875399589538574,117.24605560302734
48.56,0.0,-2.3730435371398926,-10.594674110412598,118.21286010742188
48.6,0.0,-2.3730435371398926,-2.5870168209075928,120.2343521118164
48.620000000000005,0.0,-2.3730435371398926,-2.5870168209075928,123.31051635742188
48.660000000000004,0.0,-2.3730435371398926,10.158329963684082,124.10153198242188
48.7,0.0,-2.3730435371398926,14.6557035446167,124.10153198242188
48.72,0.0,-2.3730435371398926,14.6557035446167,124.01364135742188
48.76,0.0,-2.3730435371398926,11.429459571838379,122.87105560302734
48.800000000000004,0.0,-2.3730435371398926,3.7544524669647217,119.79489135742188
48.82,0.0,-2.3730435371398926,-5.296036243438721,115.92770385742188
48.86,0.0,-2.3730435371398926,-9.290651321411133,115.2245864868164
48.9,0.0,-2.3730435371398926,-14.380983352661133,115.2245864868164
48.92,0.0,-2.3730435371398926,-14.206329345703125,115.31246948242188
48.96,0.0,-2.3730435371398926,-12.080892562866211,116.4550552368164
49.0,0.0,-2.3730435371398926,-4.726623058319092,118.56442260742188
49.02,0.0,-2.3730435371398926,4.370846271514893,122.25582885742188
49.06,0.0,-2.3730435371398926,8.518908500671387,124.2773208618164
49.1,0.0,-2.3730435371398926,14.091429710388184,124.45309448242188
49.120000000000005,0.0,-2.3730435371398926,14.466045379638672,124.45309448242188
49.160000000000004,0.0,-2.3730435371398926,12.575393676757812,124.2773208618164
49.2,0.0,-2.3730435371398926,5.509242534637451,122.78317260742188
49.22,0.0,-2.3730435371398926,-3.6030850410461426,119.44332885742188
49.26,0.0,-2.3730435371398926,-7.867025375366211,117.50972747802734
49.300000000000004,0.0,-2.3730435371398926,-13.81989574432373,117.15816497802734
49.32,0.0,-2.3730435371398926,-14.636650085449219,117.15816497802734
49.36,0.0,-2.3730435371398926,-12.937030792236328,117.68550872802734
49.4,0.0,-2.3730435371398926,-6.110006332397461,119.17965698242188
49.42,0.0,-2.3730435371398926,3.002744674682617,122.87105560302734
49.46,0.0,-2.3730435371398926,7.352283477783203,124.98043823242188
49.5,0.0,-2.3730435371398926,13.592092514038086,125.1562271118164
49.52,0.0,-2.3730435371398926,14.742513656616211,125.0683364868164
49.56,0.0,-2.3730435371398926,13.186132431030273,124.89254760742188
49.6,0.0,-2.3730435371398926,6.5367841720581055,123.39839935302734
49.620000000000005,0.0,-2.3730435371398926,-2.575871467590332,119.88278198242188
49.660000000000004,0.0,-2.3730435371398926,-6.986578941345215,117.77340698242188
49.7,0.0,-2.3730435371398926,-13.426944732666016,117.42184448242188
49.72,0.0,-2.3730435371398926,-14.802088737487793,117.42184448242188
49.76,0.0,-2.3730435371398926,-13.338336944580078,117.86129760742188
49.800000000000004,0.0,-2.3730435371398926,-6.7962446212768555,119.2675552368164
49.82,0.0,-2.3730435371398926,2.325840950012207,122.51949310302734
49.86,0.0,-2.3730435371398926,6.777477264404297,124.7167739868164
49.9,0.0,-2.3730435371398926,13.336990356445312,124.98043823242188
49.92,0.0,-2.3730435371398926,14.827593803405762,124.98043823242188
49.96,0.0,-2.3730435371398926,13.403966903686523,124.7167739868164
