dt,yaw_cmd,yaw_pos,pitch_cmd,pitch_pos
0.28,0.0,-2.1093435287475586,-5.612281799316406,-4.746124744415283
0.28,0.0,-2.1093435287475586,-7.435642242431641,-4.658234119415283
0.28,0.0,-2.021480083465576,-10.9482421875,-3.9551069736480713
0.28,0.0,-2.1093435287475586,-10.9482421875,-1.1425986289978027
0.28,0.0,-2.1093435287475586,-15.73188591003418,3.603508234024048
0.28,0.0,-2.1093435287475586,-18.489107131958008,8.789043426513672
0.28,0.0,-2.1093435287475586,-20.82386589050293,16.523412704467773
0.32,0.0,-2.1093435287475586,-21.815032958984375,24.257781982421875
0.34,0.0,-2.1093435287475586,-23.415090560913086,31.025379180908203
0.38,0.0,-2.1093435287475586,-23.415090560913086,41.66014862060547
0.42,0.0,-2.1093435287475586,-24.79178237915039,49.218719482421875
0.44,0.0,-2.1093435287475586,-24.993005752563477,57.12887191772461
0.48,0.0,-2.1093435287475586,-24.874771118164062,62.66598129272461
0.52,0.0,-2.1093435287475586,-24.20262336730957,66.26950073242188
0.54,0.0,-2.1093435287475586,-24.20262336730957,70.13668823242188
0.58,0.0,-2.1093435287475586,-22.136831283569336,73.82809448242188
0.6,0.0,-2.1093435287475586,-20.098621368408203,76.28903198242188
0.64,0.0,-2.1093435287475586,-20.098621368408203,78.31051635742188
0.68,0.0,-2.1093435287475586,-16.164701461791992,80.24411010742188
0.72,0.0,-2.1093435287475586,-13.045604705810547,81.12301635742188
0.74,0.0,-2.1093435287475586,-9.612625122070312,81.12301635742188
0.78,0.0,-2.1093435287475586,-7.803337097167969,80.33200073242188
0.8200000000000001,0.0,-2.1093435287475586,-4.052532196044922,78.31051635742188
0.84,0.0,-2.1093435287475586,-0.200008824467659,74.00387573242188
0.88,0.0,-2.1972618103027344,1.7357184886932373,70.13668823242188
0.92,0.0,-2.1093435287475586,5.568048477172852,66.70895385742188
0.9400000000000001,0.0,-2.1093435287475586,9.27133560180664,61.523406982421875
0.98,0.0,-2.1093435287475586,11.04634952545166,56.33785629272461
1.02,0.0,-2.1093435287475586,14.38898754119873,51.15230941772461
1.04,0.0,-2.1972618103027344,17.3874568939209,43.33004379272461
1.08,0.0,-2.1972618103027344,18.734100341796875,36.298805236816406
1.12,0.0,-2.1972618103027344,21.080265045166016,30.32225227355957
1.1400000000000001,0.0,-2.1972618103027344,21.080265045166016,22.412099838256836
1.18,0.0,-2.1972618103027344,23.626638412475586,16.962865829467773
1.22,0.0,-2.1972618103027344,24.61216926574707,11.425768852233887
1.26,0.0,-2.1972618103027344,24.995227813720703,3.0761632919311523
1.3,0.0,-2.1972618103027344,24.764074325561523,-3.3398704528808594
1.32,0.0,-2.1972618103027344,24.764074325561523,-7.734386444091797
1.36,0.0,-2.1972618103027344,23.27716827392578,-12.216821670532227
1.4000000000000001,0.0,-2.1972618103027344,21.55815315246582,-14.941438674926758
1.42,0.0,-2.1972618103027344,21.55815315246582,-17.75391960144043
1.46,0.0,-2.1972618103027344,17.98896598815918,-20.65431785583496
1.5,0.0,-2.1093435287475586,15.032538414001465,-22.67580795288086
1.54,0.0,-2.1972618103027344,11.696995735168457,-23.554718017578125
1.56,0.0,-2.1972618103027344,11.696995735168457,-23.466825485229492
1.6,0.0,-2.1972618103027344,6.16463041305542,-23.11526107788086
1.6400000000000001,0.0,-2.1972618103027344,2.2572593688964844,-21.533227920532227
1.6600000000000001,0.0,-2.1972618103027344,-1.711889624595642,-16.611337661743164
1.7,0.0,-2.1972618103027344,-3.6883864402770996,-11.425804138183594
1.74,0.0,-2.1093435287475586,-7.562642574310303,-6.3281331062316895
1.78,0.0,-2.1972618103027344,-11.250014305114746,-1.7302845662925392e-05
1.8,0.0,-2.1093435287475586,-12.993876457214355,5.449189186096191
1.84,0.0,-2.1972618103027344,-16.22580337524414,10.634751319885254
1.86,0.0,-2.1093435287475586,-16.22580337524414,17.57810401916504
1.9000000000000001,0.0,-2.1972618103027344,-21.386125564575195,23.906217575073242
1.94,0.0,-2.1972618103027344,-22.354089736938477,28.828107833862305
1.98,0.0,-2.1093435287475586,-23.855274200439453,36.298805236816406
2.0,0.0,-2.1093435287475586,-24.744348526000977,44.56052017211914
2.04,0.0,-2.1972618103027344,-24.95082664489746,51.767547607421875
2.08,0.0,-2.1972618103027344,-24.879499435424805,57.91988754272461
2.12,0.0,-2.1972618103027344,-24.163742065429688,63.984344482421875
2.16,0.0,-2.1972618103027344,-22.81972885131836,68.90621948242188
2.18,0.0,-2.1972618103027344,-22.81972885131836,72.33394622802734
2.22,0.0,-2.1972618103027344,-19.701480865478516,76.20114135742188
2.2600000000000002,0.0,-2.1972618103027344,-16.963821411132812,78.13473510742188
2.2800000000000002,0.0,-2.1972618103027344,-13.778509140014648,78.13473510742188
2.32,0.0,-2.1972618103027344,-13.778509140014648,78.04684448242188
2.36,0.0,-2.1972618103027344,-8.343364715576172,78.04684448242188
2.4,0.0,-2.1972618103027344,-4.419137954711914,78.04684448242188
2.42,0.0,-2.1972618103027344,-4.419137954711914,77.34371948242188
2.46,0.0,-2.1972618103027344,1.66184401512146,75.14645385742188
2.5,0.0,-2.1972618103027344,5.689432144165039,71.19137573242188
2.52,0.0,-2.1972618103027344,9.570714950561523,66.09371948242188
2.56,0.0,-2.1972618103027344,11.423795700073242,59.238250732421875
2.6,0.0,-2.1972618103027344,14.892447471618652,52.734344482421875
2.62,0.0,-2.1972618103027344,16.484508514404297,46.230445861816406
2.66,0.0,-2.1972618103027344,19.329891204833984,37.88084030151367
2.68,0.0,-2.1972618103027344,21.659868240356445,30.67381477355957
2.72,0.0,-2.1972618103027344,22.610816955566406,23.466764450073242
2.7600000000000002,0.0,-2.1972618103027344,24.0512752532959,16.874977111816406
2.8000000000000003,0.0,-2.1972618103027344,24.843921661376953,9.843733787536621
2.84,0.0,-2.1972618103027344,24.964927673339844,1.6699093580245972
2.86,0.0,-2.1972618103027344,24.964927673339844,-3.867216110229492
2.9,0.0,-2.1972618103027344,23.87959098815918,-7.822277545928955
2.94,0.0,-2.1972618103027344,22.33661460876465,-10.810566902160645
2.98,0.0,-2.1972618103027344,20.181886672973633,-13.974638938903809
3.0,0.0,-2.1972618103027344,20.181886672973633,-16.17188262939453
3.04,0.0,-2.1972618103027344,15.93124008178711,-18.720718383789062
3.08,0.0,-2.1972618103027344,12.529057502746582,-20.56642723083496
3.1,0.0,-2.1972618103027344,10.690869331359863,-21.00588035583496
3.14,0.0,-2.1972618103027344,6.802873134613037,-21.00588035583496
3.16,0.0,-2.1972618103027344,2.722208261489868,-20.742210388183594
3.2,0.0,-2.1972618103027344,0.644589900970459,-18.632827758789062
3.24,0.0,-2.1972618103027344,-3.5133516788482666,-14.326202392578125
3.2600000000000002,0.0,-2.1972618103027344,-7.578577041625977,-7.646495819091797
3.3000000000000003,0.0,-2.1972618103027344,-9.540743827819824,-1.4062713384628296
3.34,0.0,-2.1972618103027344,-13.255266189575195,5.009735107421875
3.38,0.0,-2.1972618103027344,-16.603450775146484,11.513660430908203
3.4,0.0,-2.1972618103027344,-16.603450775146484,19.687484741210938
3.44,0.0,-2.1972618103027344,-18.109960556030273,25.400362014770508
3.48,0.0,-2.1972618103027344,-22.777536392211914,30.937488555908203
3.52,0.0,-2.1972618103027344,-24.181127548217773,38.93553161621094
3.54,0.0,-2.1972618103027344,-24.181127548217773,47.37302780151367
3.58,0.0,-2.1972618103027344,-24.999801635742188,54.316375732421875
3.62,0.0,-2.1972618103027344,-24.6616268157959,59.76559066772461
3.64,0.0,-2.1972618103027344,-24.6616268157959,65.39059448242188
3.68,0.0,-2.1972618103027344,-22.846147537231445,69.69723510742188
3.72,0.0,-2.1972618103027344,-20.8104305267334,73.47653198242188
3.7600000000000002,0.0,-2.1972618103027344,-20.8104305267334,75.49801635742188
3.7800000000000002,0.0,-2.1972618103027344,-19.564193725585938,78.57418823242188
3.8200000000000003,0.0,-2.1972618103027344,-13.270610809326172,80.68356323242188
3.86,0.0,-2.1972618103027344,-9.49703598022461,80.77145385742188
3.88,0.0,-2.1972618103027344,-5.445054054260254,80.24411010742188
3.92,0.0,-2.1972618103027344,-3.3507239818573,79.10152435302734
3.96,0.0,-2.1972618103027344,0.8991639018058777,76.55270385742188
3.98,0.0,-2.1972618103027344,0.8991639018058777,70.75192260742188
4.0200000000000005,0.0,-2.1972618103027344,7.195822715759277,66.97262573242188
4.0600000000000005,0.0,-2.1972618103027344,11.16303539276123,62.40231704711914
4.1,0.0,-2.1972618103027344,14.809016227722168,53.525360107421875
4.12,0.0,-2.1972618103027344,14.809016227722168,45.966773986816406
4.16,0.0,-2.1972618103027344,19.44300079345703,38.40818405151367
4.2,0.0,-2.1972618103027344,21.841140747070312,31.201162338256836
4.24,0.0,-2.1972618103027344,23.599262237548828,22.32421112060547
4.26,0.0,-2.1972618103027344,23.599262237548828,14.765595436096191
4.3,0.0,-2.1972618103027344,24.92353057861328,8.701151847839355
4.34,0.0,-2.1972618103027344,24.889432907104492,2.812490701675415
4.38,0.0,-2.1972618103027344,24.116777420043945,-2.988306999206543
4.4,0.0,-2.1972618103027344,24.116777420043945,-7.734386444091797
4.44,0.0,-2.1972618103027344,21.62355613708496,-11.337912559509277
4.48,0.0,-2.1972618103027344,19.140628814697266,-13.535184860229492
4.5200000000000005,0.0,-2.1972618103027344,16.0822696685791,-14.677765846252441
4.54,0.0,-2.1972618103027344,16.0822696685791,-14.941438674926758
4.58,0.0,-2.1972618103027344,10.616264343261719,-16.347665786743164
4.62,0.0,-2.1972618103027344,6.544093608856201,-17.050792694091797
4.66,0.0,-2.1972618103027344,2.269904136657715,-17.050792694091797
4.68,0.0,-2.1972618103027344,2.269904136657715,-16.787120819091797
4.72,0.0,-2.1972618103027344,-4.2381205558776855,-15.029329299926758
4.74,0.0,-2.1972618103027344,-8.449697494506836,-11.074240684509277
4.78,0.0,-2.1972618103027344,-10.468762397766113,-6.2402424812316895
4.82,0.0,-2.1972618103027344,-14.256068229675293,0.17576444149017334
4.86,0.0,-2.1972618103027344,-17.61279296875,9.316388130187988
4.9,0.0,-2.1972618103027344,-20.434804916381836,18.808574676513672
4.92,0.0,-2.1972618103027344,-22.633773803710938,28.300764083862305
4.96,0.0,-2.1972618103027344,-22.633773803710938,38.32029342651367
5.0,0.0,-2.1972618103027344,-23.47704315185547,46.494117736816406
5.0200000000000005,0.0,-2.1972618103027344,-24.9999942779541,54.316375732421875
5.0600000000000005,0.0,-2.1972618103027344,-24.901887893676758,60.732391357421875
5.1000000000000005,0.0,-2.1972618103027344,-24.12885856628418,64.95114135742188
5.12,0.0,-2.1972618103027344,-22.60700798034668,68.64254760742188
5.16,0.0,-2.1972618103027344,-21.578369140625,71.36715698242188
5.2,0.0,-2.1972618103027344,-19.0241641998291,73.74020385742188
5.22,0.0,-2.1972618103027344,-15.87401008605957,75.14645385742188
5.26,0.0,-2.1972618103027344,-14.104909896850586,75.23433685302734
5.3,0.0,-2.1972618103027344,-10.246795654296875,75.23433685302734
5.32,0.0,-2.1972618103027344,-10.246795654296875,74.97067260742188
5.36,0.0,-2.1972618103027344,-3.8895657062530518,73.74020385742188
5.4,0.0,-2.1972618103027344,0.53575199842453,71.80661010742188
5.44,0.0,-2.1972618103027344,4.9491353034973145,67.93942260742188
5.46,0.0,-2.1972618103027344,4.9491353034973145,63.017547607421875
5.5,0.0,-2.1972618103027344,11.24260425567627,56.865203857421875
5.5200000000000005,0.0,-2.1972618103027344,15.02570629119873,52.910125732421875
5.5600000000000005,0.0,-2.1972618103027344,16.74684715270996,47.37302780151367
5.6000000000000005,0.0,-2.1972618103027344,19.778852462768555,40.5175666809082
5.62,0.0,-2.1972618103027344,19.778852462768555,31.728506088256836
5.66,0.0,-2.1972618103027344,23.125164031982422,23.906217575073242
5.7,0.0,-2.1972618103027344,24.44771385192871,16.699193954467773
5.72,0.0,-2.1972618103027344,24.44771385192871,8.525370597839355
5.76,0.0,-2.1972618103027344,24.81741714477539,-0.08790817856788635
5.8,0.0,-2.1972618103027344,24.294178009033203,-5.625033378601074
5.84,0.0,-2.1972618103027344,22.847064971923828,-10.722677230834961
5.86,0.0,-2.1972618103027344,20.660005569458008,-14.238311767578125
5.9,0.0,-2.1972618103027344,19.309465408325195,-15.029329299926758
5.92,0.0,-2.1972618103027344,16.147722244262695,-16.17188262939453
5.96,0.0,-2.1972618103027344,16.147722244262695,-16.787120819091797
6.0,0.0,-2.1972618103027344,10.451064109802246,-16.962902069091797
6.04,0.0,-2.1972618103027344,6.195326805114746,-16.962902069091797
6.0600000000000005,0.0,-2.1972618103027344,6.195326805114746,-16.875009536743164
6.1000000000000005,0.0,-2.1972618103027344,-0.5313530564308167,-15.644537925720215
6.140000000000001,0.0,-2.1972618103027344,-5.031053066253662,-11.689476013183594
6.18,0.0,-2.1972618103027344,-9.370370864868164,-6.2402424812316895
6.2,0.0,-2.1972618103027344,-11.434752464294434,-1.7302845662925392e-05
6.24,0.0,-2.1972618103027344,-15.267237663269043,7.031225204467773
6.26,0.0,-2.1972618103027344,-18.599468231201172,15.468722343444824
6.3,0.0,-2.1972618103027344,-20.042255401611328,23.0273380279541
6.34,0.0,-2.1972618103027344,-22.420114517211914,29.443344116210938
6.36,0.0,-2.1972618103027344,-24.055694580078125,39.72654724121094
6.4,0.0,-2.1972618103027344,-24.57633399963379,47.37302780151367
6.44,0.0,-2.1972618103027344,-24.99997329711914,55.28316879272461
6.46,0.0,-2.1972618103027344,-24.588916778564453,62.13864517211914
6.5,0.0,-2.1972618103027344,-24.072731018066406,66.26950073242188
6.54,0.0,-2.1972618103027344,-22.438993453979492,69.87300872802734
6.5600000000000005,0.0,-2.1972618103027344,-20.049768447875977,72.59762573242188
6.6000000000000005,0.0,-2.1972618103027344,-18.595266342163086,74.17964935302734
6.640000000000001,0.0,-2.1972618103027344,-15.22638988494873,75.41012573242188
6.68,0.0,-2.1972618103027344,-11.339624404907227,75.49801635742188
6.7,0.0,-2.1972618103027344,-9.242023468017578,75.14645385742188
6.74,0.0,-2.1972618103027344,-4.8264641761779785,73.91598510742188
6.78,0.0,-2.1972618103027344,-0.242247074842453,70.40036010742188
6.8,0.0,-2.1972618103027344,-0.242247074842453,66.18161010742188
6.84,0.0,-2.1972618103027344,6.609708786010742,61.69919204711914
6.88,0.0,-2.1972618103027344,10.933999061584473,57.74410629272461
6.92,0.0,-2.1972618103027344,14.888813018798828,51.32809066772461
6.96,0.0,-2.1972618103027344,18.337324142456055,43.242156982421875
6.98,0.0,-2.1972618103027344,18.337324142456055,34.101531982421875
7.0200000000000005,0.0,-2.1972618103027344,22.303543090820312,26.982398986816406
7.0600000000000005,0.0,-2.1972618103027344,24.007394790649414,18.984357833862305
7.1000000000000005,0.0,-2.1972618103027344,24.883594512939453,11.24998664855957
7.12,0.0,-2.1972618103027344,24.999858856201172,3.603508234024048
7.16,0.0,-2.1972618103027344,24.581939697265625,-2.6367435455322266
7.2,0.0,-2.1972618103027344,23.30967140197754,-9.580095291137695
7.22,0.0,-2.1972618103027344,23.30967140197754,-14.589875221252441
7.26,0.0,-2.1972618103027344,19.898113250732422,-16.699228286743164
7.3,0.0,-2.1972618103027344,16.73368263244629,-17.66602897644043
7.32,0.0,-2.1972618103027344,12.980234146118164,-17.75391960144043
7.36,0.0,-2.1972618103027344,10.922466278076172,-17.75391960144043
7.4,0.0,-2.1972618103027344,6.534265041351318,-17.138683319091797
7.42,0.0,-2.1972618103027344,1.9114995002746582,-13.447293281555176
7.46,0.0,-2.1972618103027344,-0.43733668327331543,-9.052749633789062
7.5,0.0,-2.1972618103027344,-5.106391906738281,-4.482452392578125
7.5200000000000005,0.0,-2.1972618103027344,-7.3852152824401855,0.7031096816062927
7.5600000000000005,0.0,-2.1972618103027344,-11.730202674865723,6.064425468444824
7.58,0.0,-2.1972618103027344,-15.663495063781738,12.216787338256836
7.62,0.0,-2.1972618103027344,-17.430944442749023,19.160139083862305
7.66,0.0,-2.1972618103027344,-20.48767852783203,26.191381454467773
7.7,0.0,-2.1972618103027344,-22.81669807434082,34.71677017211914
7.74,0.0,-2.1972618103027344,-24.332420349121094,45.615211486816406
7.76,0.0,-2.1972618103027344,-24.332420349121094,55.195281982421875
7.8,0.0,-2.1972618103027344,-24.96504783630371,61.435516357421875
7.84,0.0,-2.1972618103027344,-24.266691207885742,66.35739135742188
7.88,0.0,-2.1972618103027344,-22.693574905395508,70.75192260742188
7.9,0.0,-2.1972618103027344,-21.59466552734375,73.47653198242188
7.94,0.0,-2.1972618103027344,-18.820167541503906,75.76168823242188
7.96,0.0,-2.1972618103027344,-15.361337661743164,76.90426635742188
8.0,0.0,-2.1972618103027344,-13.41296672821045,76.99215698242188
8.040000000000001,0.0,-2.1972618103027344,-9.165698051452637,76.90426635742188
8.08,0.0,-2.1972618103027344,-4.5803914070129395,75.49801635742188
8.120000000000001,0.0,-2.1972618103027344,0.17675240337848663,71.45504760742188
8.16,0.0,-2.1972618103027344,4.932375431060791,66.79684448242188
8.18,0.0,-2.1972618103027344,4.932375431060791,60.02926254272461
8.22,0.0,-2.1972618103027344,11.683216094970703,54.140594482421875
8.26,0.0,-2.1972618103027344,15.686705589294434,50.36129379272461
8.28,0.0,-2.1972618103027344,17.481969833374023,44.38473892211914
8.32,0.0,-2.1972618103027344,20.57568359375,36.123023986816406
8.34,0.0,-2.285125494003296,22.91262435913086,28.915996551513672
8.38,0.0,-2.285125494003296,23.76835823059082,20.47850227355957
8.42,0.0,-2.1972618103027344,24.813068389892578,13.798794746398926
8.44,0.0,-2.1972618103027344,24.93759536743164,5.361298561096191
8.48,0.0,-2.1972618103027344,24.651094436645508,-0.8789260387420654
8.52,0.0,-2.1972618103027344,23.392105102539062,-6.3281331062316895
8.56,0.0,-2.1972618103027344,23.392105102539062,-11.425804138183594
8.58,0.0,-2.1972618103027344,19.887147903442383,-13.798856735229492
8.620000000000001,0.0,-2.1972618103027344,16.596494674682617,-14.589875221252441
8.64,0.0,-2.1972618103027344,12.679855346679688,-14.589875221252441
8.68,0.0,-2.1972618103027344,10.531396865844727,-14.589875221252441
8.72,0.0,-2.1972618103027344,5.954362869262695,-14.150420188903809
8.76,0.0,-2.1972618103027344,1.1481190919876099,-10.722677230834961
8.78,0.0,-2.1972618103027344,1.1481190919876099,-5.625033378601074
8.82,0.0,-2.1972618103027344,-6.0943074226379395,-1.4062713384628296
8.86,0.0,-2.1972618103027344,-10.677912712097168,2.636708974838257
8.9,0.0,-2.1972618103027344,-14.86062240600586,8.964824676513672
8.92,0.0,-2.1972618103027344,-14.86062240600586,17.314430236816406
8.96,0.0,-2.1972618103027344,-20.037521362304688,23.642545700073242
9.0,0.0,-2.1972618103027344,-22.56264305114746,30.05858039855957
9.040000000000001,0.0,-2.1972618103027344,-24.227190017700195,40.7812385559082
9.06,0.0,-2.1972618103027344,-24.227190017700195,50.009735107421875
9.1,0.0,-2.1972618103027344,-24.974674224853516,58.53512191772461
9.14,0.0,-2.1972618103027344,-24.27467918395996,63.896453857421875
9.16,0.0,-2.1972618103027344,-22.638681411743164,68.99411010742188
9.200000000000001,0.0,-2.1972618103027344,-21.487159729003906,71.89450073242188
9.22,0.0,-2.1972618103027344,-18.571048736572266,73.74020385742188
9.26,0.0,-2.1972618103027344,-18.571048736572266,75.14645385742188
9.3,0.0,-2.1972618103027344,-12.885343551635742,76.90426635742188
9.34,0.0,-2.1972618103027344,-8.432065963745117,78.83785247802734
9.36,0.0,-2.1972618103027344,-3.646106004714966,79.10152435302734
9.4,0.0,-2.1972618103027344,-1.1860432624816895,78.83785247802734
9.44,0.0,-2.1972618103027344,3.7484309673309326,77.60739135742188
9.48,0.0,-2.1972618103027344,8.541210174560547,73.56442260742188
9.52,0.0,-2.1972618103027344,8.541210174560547,67.93942260742188
9.540000000000001,0.0,-2.1972618103027344,15.055831909179688,62.49020767211914
9.58,0.0,-2.1972618103027344,18.698678970336914,55.195281982421875
9.6,0.0,-2.1972618103027344,21.608461380004883,46.845680236816406
9.64,0.0,-2.285125494003296,22.75061798095703,37.88084030151367
9.68,0.0,-2.285125494003296,24.351417541503906,29.003890991210938
9.72,0.0,-2.1972618103027344,24.989553451538086,17.402320861816406
9.74,0.0,-2.1972618103027344,24.636804580688477,9.404278755187988
9.78,0.0,-2.1972618103027344,24.09075927734375,1.4062366485595703
9.82,0.0,-2.1972618103027344,22.284658432006836,-4.921906471252441
9.84,0.0,-2.1972618103027344,19.588119506835938,-12.04103946685791
9.88,0.0,-2.1972618103027344,19.588119506835938,-16.699228286743164
9.92,0.0,-2.1972618103027344,14.112485885620117,-18.369155883789062
9.96,0.0,-2.1972618103027344,9.71812915802002,-18.457046508789062
9.98,0.0,-2.1972618103027344,7.361310958862305,-18.369155883789062
10.02,0.0,-2.1972618103027344,2.446120023727417,-17.84181022644043
10.06,0.0,-2.1972618103027344,-2.5724499225616455,-15.46878433227539
10.08,0.0,-2.1972618103027344,-5.057279109954834,-11.250021934509277
10.120000000000001,0.0,-2.285125494003296,-9.852322578430176,-5.976569652557373
10.14,0.0,-2.1972618103027344,-14.253280639648438,1.5820183753967285
10.18,0.0,-2.1972618103027344,-14.253280639648438,10.195296287536621
10.22,0.0,-2.1972618103027344,-16.24903106689453,17.57810401916504
10.24,0.0,-2.1972618103027344,-22.409202575683594,25.400362014770508
10.28,0.0,-2.1972618103027344,-23.41350555419922,32.08007049560547
10.32,0.0,-2.1972618103027344,-24.6972713470459,41.66014862060547
10.34,0.0,-2.1972618103027344,-24.962867736816406,50.624969482421875
10.92,0.0,-2.1972618103027344,24.298856735229492,50.624969482421875
10.96,0.0,-2.1972618103027344,24.98737144470215,50.624969482421875
10.98,0.0,-2.1972618103027344,24.98737144470215,50.624969482421875
11.02,0.0,-2.1972618103027344,24.936847686767578,50.624969482421875
11.040000000000001,0.0,-2.1972618103027344,22.138818740844727,50.624969482421875
11.08,0.0,-2.1972618103027344,22.138818740844727,50.624969482421875
11.120000000000001,0.0,-2.1972618103027344,15.619658470153809,50.624969482421875
11.16,0.0,-2.1972618103027344,15.619658470153809,50.624969482421875
11.200000000000001,0.0,-2.285125494003296,8.9169921875,50.624969482421875
11.22,0.0,-2.285125494003296,3.9260711669921875,50.624969482421875
11.26,0.0,-2.285125494003296,3.9260711669921875,50.624969482421875
11.3,0.0,-2.285125494003296,-3.815162420272827,50.624969482421875
11.34,0.0,-2.285125494003296,-8.823786735534668,50.624969482421875
11.36,0.0,-2.285125494003296,-8.823786735534668,50.624969482421875
11.4,0.0,-2.285125494003296,-11.200702667236328,50.624969482421875
11.44,0.0,-2.285125494003296,-19.274845123291016,50.624969482421875
11.48,0.0,-2.285125494003296,-22.149728775024414,50.624969482421875
11.5,0.0,-2.285125494003296,-22.149728775024414,50.624969482421875
11.540000000000001,0.0,-2.285125494003296,-24.641889572143555,50.624969482421875
11.58,0.0,-2.285125494003296,-24.980731964111328,50.624969482421875
11.6,0.0,-2.285125494003296,-24.980731964111328,50.624969482421875
11.64,0.0,-2.285125494003296,-23.46084213256836,50.624969482421875
11.68,0.0,-2.285125494003296,-21.155353546142578,50.624969482421875
11.72,0.0,-2.285125494003296,-21.155353546142578,50.624969482421875
11.74,0.0,-2.285125494003296,-19.647497177124023,50.624969482421875
11.78,0.0,-2.285125494003296,-16.00234031677246,50.624969482421875
11.82,0.0,-2.285125494003296,-6.7876296043396,50.624969482421875
11.86,0.0,-2.285125494003296,-1.6194443702697754,50.624969482421875
11.88,0.0,-2.285125494003296,-1.6194443702697754,50.624969482421875
11.92,0.0,-2.285125494003296,6.203364849090576,50.624969482421875
11.96,0.0,-2.285125494003296,11.129839897155762,50.624969482421875
11.98,0.0,-2.285125494003296,13.423043251037598,50.624969482421875
12.02,0.0,-2.285125494003296,17.541454315185547,50.624969482421875
12.040000000000001,0.0,-2.285125494003296,20.8850154876709,50.624969482421875
12.08,0.0,-2.285125494003296,22.21755027770996,50.624969482421875
12.120000000000001,0.0,-2.285125494003296,24.128299713134766,50.624969482421875
12.14,0.0,-2.285125494003296,24.128299713134766,50.624969482421875
12.18,0.0,-2.285125494003296,24.96530532836914,50.624969482421875
12.22,0.0,-2.285125494003296,24.129714965820312,50.624969482421875
12.24,0.0,-2.285125494003296,24.129714965820312,50.624969482421875
12.280000000000001,0.0,-2.285125494003296,23.30202865600586,50.624969482421875
12.32,0.0,-2.285125494003296,20.87139320373535,50.624969482421875
12.34,0.0,-2.285125494003296,13.338409423828125,78.22262573242188
12.38,0.0,-2.285125494003296,11.01746940612793,72.0702896118164
12.42,0.0,-2.285125494003296,6.025763034820557,67.49996948242188
12.44,0.0,-2.285125494003296,0.7568082809448242,63.017547607421875
12.48,0.0,-2.285125494003296,-1.907488465309143,60.996063232421875
12.52,0.0,-2.285125494003296,-7.144638538360596,60.82027816772461
12.540000000000001,0.0,-2.285125494003296,-7.144638538360596,60.82027816772461
12.58,0.0,-2.285125494003296,-14.329505920410156,62.578086853027344
12.620000000000001,0.0,-2.285125494003296,-18.352439880371094,66.09371948242188
12.66,0.0,-2.285125494003296,-21.5410099029541,72.33394622802734
12.68,0.0,-2.285125494003296,-23.746990203857422,80.85934448242188
12.72,0.0,-2.285125494003296,-23.746990203857422,89.73629760742188
12.76,0.0,-2.285125494003296,-24.99980354309082,96.94332885742188
12.780000000000001,0.0,-2.285125494003296,-24.4038143157959,104.15036010742188
12.82,0.0,-2.285125494003296,-23.68060302734375,113.64254760742188
12.86,0.0,-2.285125494003296,-21.423471450805664,122.78317260742188
12.88,0.0,-2.285125494003296,-21.423471450805664,132.80270385742188
12.92,0.0,-2.285125494003296,-16.223316192626953,140.44918823242188
12.96,0.0,-2.285125494003296,-11.77702522277832,147.39254760742188
13.0,0.0,-2.285125494003296,-6.780248641967773,152.57809448242188
13.02,0.0,-2.285125494003296,-1.4637304544448853,155.12692260742188
13.06,0.0,-2.285125494003296,1.237650990486145,155.21481323242188
13.1,0.0,-2.285125494003296,6.569326400756836,155.21481323242188
13.120000000000001,0.0,-2.285125494003296,6.569326400756836,154.95115661621094
13.16,0.0,-2.285125494003296,13.92617130279541,153.63278198242188
13.200000000000001,0.0,-2.285125494003296,18.06743812561035,150.99606323242188
13.22,0.0,-2.285125494003296,21.364871978759766,145.54684448242188
13.26,0.0,-2.285125494003296,22.646249771118164,139.92184448242188
13.3,0.0,-2.285125494003296,24.397218704223633,133.50582885742188
13.32,0.0,-2.285125494003296,24.397218704223633,123.74996948242188
13.36,0.0,-2.285125494003296,24.858623504638672,116.1913833618164
13.4,0.0,-2.285125494003296,23.69703483581543,107.31441497802734
13.44,0.0,-2.285125494003296,23.69703483581543,97.82223510742188
13.46,0.0,-2.285125494003296,22.68972396850586,87.09957885742188
13.5,0.0,-2.285125494003296,16.123523712158203,79.54097747802734
13.540000000000001,0.0,-2.285125494003296,11.596881866455078,71.89450073242188
13.58,0.0,-2.285125494003296,6.513513088226318,63.984344482421875
13.6,0.0,-2.285125494003296,6.513513088226318,55.546844482421875
13.64,0.0,-2.285125494003296,-1.6230823993682861,51.240203857421875
13.68,0.0,-2.285125494003296,-7.011046886444092,48.164031982421875
13.72,0.0,-2.285125494003296,-12.06762981414795,47.19724655151367
13.74,0.0,-2.285125494003296,-16.54896354675293,47.19724655151367
13.780000000000001,0.0,-2.285125494003296,-18.504667282104492,47.46091842651367
13.82,0.0,-2.285125494003296,-21.726974487304688,50.53708267211914
13.84,0.0,-2.285125494003296,-23.903505325317383,56.162078857421875
13.88,0.0,-2.285125494003296,-24.563705444335938,62.13864517211914
13.92,0.0,-2.285125494003296,-24.986061096191406,68.73043823242188
13.96,0.0,-2.285125494003296,-24.197322845458984,78.39840698242188
13.98,0.0,-2.285125494003296,-23.35746192932129,86.3964614868164
14.02,0.0,-2.285125494003296,-20.83582305908203,94.65817260742188
14.06,0.0,-2.285125494003296,-17.297090530395508,103.88668823242188
14.1,0.0,-2.285125494003296,-17.297090530395508,114.96090698242188
14.120000000000001,0.0,-2.285125494003296,-10.46545124053955,122.87105560302734
14.16,0.0,-2.285125494003296,-5.216973304748535,130.60545349121094
14.18,0.0,-2.285125494003296,0.29190126061439514,135.70309448242188
14.22,0.0,-2.285125494003296,3.0598554611206055,139.57028198242188
14.26,0.0,-2.285125494003296,8.452655792236328,141.32809448242188
14.280000000000001,0.0,-2.285125494003296,8.452655792236328,141.67965698242188
14.32,0.0,-2.285125494003296,15.692283630371094,141.50387573242188
14.36,0.0,-2.285125494003296,19.603185653686523,140.44918823242188
14.38,0.0,-2.285125494003296,19.603185653686523,138.33981323242188
14.42,0.0,-2.285125494003296,23.609657287597656,134.47262573242188
14.46,0.0,-2.285125494003296,24.843740463256836,128.32028198242188
14.5,0.0,-2.285125494003296,24.844636917114258,120.84957885742188
14.540000000000001,0.0,-2.285125494003296,23.60899543762207,112.0605239868164
14.56,0.0,-2.285125494003296,23.60899543762207,103.35934448242188
14.6,0.0,-2.285125494003296,22.543331146240234,95.88864135742188
14.64,0.0,-2.285125494003296,15.636829376220703,86.66012573242188
14.66,0.0,-2.285125494003296,15.636829376220703,77.4316177368164
14.700000000000001,0.0,-2.285125494003296,8.31811809539795,69.69723510742188
14.74,0.0,-2.285125494003296,2.8581302165985107,63.193328857421875
14.780000000000001,0.0,-2.285125494003296,-2.7504489421844482,54.931610107421875
14.8,0.0,-2.285125494003296,-5.522202491760254,50.36129379272461
14.84,0.0,-2.285125494003296,-10.825568199157715,47.46091842651367
14.86,0.0,-2.285125494003296,-13.289783477783203,45.878883361816406
14.9,0.0,-2.285125494003296,-17.686511993408203,45.878883361816406
14.94,0.0,-2.285125494003296,-21.190980911254883,45.966773986816406
14.96,0.0,-2.285125494003296,-23.62293815612793,48.339813232421875
15.0,0.0,-2.285125494003296,-24.39488410949707,52.82223129272461
15.040000000000001,0.0,-2.285125494003296,-24.99959945678711,58.53512191772461
15.06,0.0,-2.285125494003296,-24.330312728881836,65.47848510742188
15.1,0.0,-2.285125494003296,-23.525020599365234,73.38864135742188
15.14,0.0,-2.285125494003296,-21.022560119628906,81.29879760742188
15.16,0.0,-2.285125494003296,-21.022560119628906,91.6698989868164
15.200000000000001,0.0,-2.285125494003296,-15.300863265991211,99.22848510742188
15.24,0.0,-2.285125494003296,-10.455860137939453,107.22654724121094
15.26,0.0,-2.285125494003296,-5.068851470947266,116.98238372802734
15.3,0.0,-2.285125494003296,-2.2576348781585693,124.80465698242188
15.34,0.0,-2.285125494003296,3.4193544387817383,131.39646911621094
15.36,0.0,-2.285125494003296,8.924625396728516,135.52732849121094
15.4,0.0,-2.285125494003296,11.522978782653809,138.07614135742188
15.44,0.0,-2.285125494003296,16.242055892944336,138.77926635742188
15.48,0.0,-2.285125494003296,20.12244415283203,138.77926635742188
15.52,0.0,-2.285125494003296,20.12244415283203,137.90036010742188
15.540000000000001,0.0,-2.285125494003296,24.604923248291016,135.43942260742188
15.58,0.0,-2.285125494003296,24.949501037597656,131.04490661621094
15.620000000000001,0.0,-2.285125494003296,24.658527374267578,124.98043823242188
15.64,0.0,-2.285125494003296,23.077686309814453,119.09176635742188
15.68,0.0,-2.285125494003296,21.82583236694336,112.0605239868164
15.700000000000001,0.0,-2.285125494003296,18.479372024536133,105.02926635742188
15.74,0.0,-2.285125494003296,16.428104400634766,98.43746948242188
15.780000000000001,0.0,-2.285125494003296,11.70277214050293,91.14254760742188
15.8,0.0,-2.285125494003296,11.70277214050293,83.93551635742188
15.84,0.0,-2.285125494003296,3.538243055343628,77.69527435302734
15.88,0.0,-2.285125494003296,-2.205671787261963,71.71871948242188
15.9,0.0,-2.285125494003296,-7.8378448486328125,67.3241958618164
15.94,0.0,-2.285125494003296,-10.518054962158203,64.77536010742188
15.98,0.0,-2.285125494003296,-15.428296089172363,63.632781982421875
16.0,0.0,-2.285125494003296,-19.523115158081055,63.632781982421875
16.04,0.0,-2.285125494003296,-19.523115158081055,64.42378997802734
16.080000000000002,0.0,-2.285125494003296,-23.669658660888672,68.20309448242188
16.12,0.0,-2.285125494003296,-24.884550094604492,73.47653198242188
16.14,0.0,-2.285125494003296,-24.770458221435547,80.59567260742188
16.18,0.0,-2.285125494003296,-24.213077545166016,87.71481323242188
16.22,0.0,-2.285125494003296,-22.132858276367188,94.48239135742188
16.240000000000002,0.0,-2.285125494003296,-22.132858276367188,102.21676635742188
16.28,0.0,-2.285125494003296,-20.637184143066406,111.00582885742188
16.32,0.0,-2.285125494003296,-12.120222091674805,119.88278198242188
16.34,0.0,-2.285125494003296,-12.120222091674805,129.99020385742188
16.38,0.0,-2.285125494003296,-3.907074451446533,135.79098510742188
16.42,0.0,-2.285125494003296,1.901597023010254,141.32809448242188
16.44,0.0,-2.285125494003296,1.901597023010254,145.98631286621094
16.48,0.0,-2.285125494003296,4.78883695602417,147.30465698242188
16.52,0.0,-2.285125494003296,15.321534156799316,147.39254760742188
16.56,0.0,-2.285125494003296,19.48087501525879,147.21676635742188
16.580000000000002,0.0,-2.285125494003296,22.5826358795166,145.54684448242188
16.62,0.0,-2.285125494003296,23.680683135986328,143.26168823242188
16.66,0.0,-2.285125494003296,24.894153594970703,139.21871948242188
16.68,0.0,-2.285125494003296,24.746889114379883,132.89059448242188
16.72,0.0,-2.285125494003296,24.161483764648438,125.41989135742188
16.76,0.0,-2.285125494003296,22.005111694335938,119.09176635742188
16.8,0.0,-2.285125494003296,18.638059616088867,109.07223510742188
16.82,0.0,-2.285125494003296,14.242537498474121,100.89840698242188
16.86,0.0,-2.285125494003296,11.73208999633789,93.33980560302734
16.9,0.0,-2.285125494003296,6.257785797119141,86.92379760742188
16.92,0.0,-2.285125494003296,3.3694100379943848,80.06832885742188
16.96,0.0,-2.285125494003296,-2.5105438232421875,74.79488372802734
17.0,0.0,-2.285125494003296,-8.25632381439209,70.66403198242188
17.02,0.0,-2.285125494003296,-8.25632381439209,67.67575073242188
17.06,0.0,-2.285125494003296,-15.931143760681152,66.62106323242188
17.1,0.0,-2.285125494003296,-20.001604080200195,66.62106323242188
17.12,0.0,-2.285125494003296,-20.001604080200195,66.79684448242188
17.16,0.0,-2.285125494003296,-21.632131576538086,70.92770385742188
17.2,0.0,-2.285125494003296,-24.96710205078125,76.37692260742188
17.240000000000002,0.0,-2.285125494003296,-24.569347381591797,81.73825073242188
17.28,0.0,-2.285125494003296,-22.793777465820312,90.17575073242188
17.3,0.0,-2.285125494003296,-22.793777465820312,97.73434448242188
17.34,0.0,-2.285125494003296,-17.777612686157227,105.20504760742188
17.38,0.0,-2.285125494003296,-13.134820938110352,113.55464935302734
17.400000000000002,0.0,-2.285125494003296,-13.134820938110352,122.60738372802734
17.44,0.0,-2.285125494003296,-4.86777925491333,129.99020385742188
17.48,0.0,-2.285125494003296,1.060456395149231,134.29684448242188
17.5,0.0,-2.285125494003296,6.9335408210754395,138.42770385742188
17.54,0.0,-2.285125494003296,9.744647026062012,139.92184448242188
17.580000000000002,0.0,-2.285125494003296,14.915762901306152,140.00973510742188
17.6,0.0,-2.285125494003296,19.242862701416016,139.92184448242188
17.64,0.0,-2.285125494003296,21.009963989257812,139.04293823242188
17.68,0.0,-2.285125494003296,23.623554229736328,137.02145385742188
17.72,0.0,-2.285125494003296,23.623554229736328,131.57223510742188
17.740000000000002,0.0,-2.285125494003296,24.43183708190918,124.7167739868164
17.78,0.0,-2.285125494003296,24.12074851989746,118.38863372802734
17.82,0.0,-2.285125494003296,21.865989685058594,111.00582885742188
17.84,0.0,-2.285125494003296,21.865989685058594,102.8320083618164
17.88,0.0,-2.285125494003296,20.256046295166016,95.00972747802734
17.900000000000002,0.0,-2.285125494003296,11.178218841552734,86.92379760742188
17.94,0.0,-2.285125494003296,8.411944389343262,79.71675872802734
17.98,0.0,-2.285125494003296,2.5521914958953857,72.86129760742188
18.0,0.0,-2.285125494003296,2.5521914958953857,65.74214935302734
18.04,0.0,-2.285125494003296,-6.414297103881836,59.326141357421875
18.080000000000002,0.0,-2.285125494003296,-12.005044937133789,54.84371566772461
18.1,0.0,-2.285125494003296,-12.005044937133789,52.11910629272461
18.14,0.0,-2.285125494003296,-19.001062393188477,51.503875732421875
18.18,0.0,-2.285125494003296,-22.339887619018555,51.503875732421875
18.2,0.0,-2.285125494003296,-22.339887619018555,52.11910629272461
18.240000000000002,0.0,-2.285125494003296,-24.86941146850586,55.195281982421875
18.28,0.0,-2.285125494003296,-24.754837036132812,59.853477478027344
18.3,0.0,-2.285125494003296,-24.15043830871582,65.03903198242188
18.34,0.0,-2.285125494003296,-21.88947296142578,71.63082885742188
18.36,0.0,-2.285125494003296,-18.34185218811035,80.50778198242188
18.400000000000002,0.0,-2.285125494003296,-16.147048950195312,88.59371185302734
18.44,0.0,-2.285125494003296,-11.075324058532715,95.27340698242188
18.46,0.0,-2.285125494003296,-5.346730709075928,100.98629760742188
18.5,0.0,-2.285125494003296,-2.340254545211792,105.55661010742188
18.52,0.0,-2.285125494003296,3.735379695892334,108.89645385742188
18.56,0.0,-2.285125494003296,3.735379695892334,110.3027114868164
18.6,0.0,-2.285125494003296,12.333824157714844,110.3027114868164
18.64,0.0,-2.285125494003296,17.2260684967041,110.3027114868164
18.66,0.0,-2.285125494003296,21.0986270904541,109.51168823242188
18.7,0.0,-2.285125494003296,22.57697105407715,107.84176635742188
18.740000000000002,0.0,-2.3730435371398926,24.505722045898438,105.46871948242188
18.76,0.0,-2.285125494003296,24.926422119140625,101.95308685302734
18.8,0.0,-2.285125494003296,24.646812438964844,97.64645385742188
18.82,0.0,-2.285125494003296,22.892765045166016,89.29684448242188
18.86,0.0,-2.285125494003296,21.491207122802734,82.79293823242188
18.900000000000002,0.0,-2.285125494003296,17.74204444885254,74.61911010742188
18.92,0.0,-2.285125494003296,12.924320220947266,66.53317260742188
18.96,0.0,-2.285125494003296,10.202399253845215,58.974578857421875
19.0,0.0,-2.285125494003296,4.33621072769165,52.55855941772461
19.02,0.0,-2.285125494003296,-1.79616117477417,47.63668441772461
19.06,0.0,-2.285125494003296,-4.846691608428955,44.56052017211914
19.080000000000002,0.0,-2.285125494003296,-10.68564224243164,43.066375732421875
19.12,0.0,-2.285125494003296,-13.385160446166992,43.15426254272461
19.16,0.0,-2.285125494003296,-18.13870620727539,43.33004379272461
19.18,0.0,-2.285125494003296,-18.13870620727539,44.99997329711914
19.22,0.0,-2.285125494003296,-23.138608932495117,49.218719482421875
19.26,0.0,-2.285125494003296,-24.75196647644043,55.28316879272461
19.28,0.0,-2.285125494003296,-24.858182907104492,62.92965316772461
19.32,0.0,-2.285125494003296,-24.33930015563965,70.22457885742188
19.36,0.0,-2.285125494003296,-22.19491195678711,78.92574310302734
19.38,0.0,-2.285125494003296,-18.690750122070312,88.85739135742188
19.42,0.0,-2.285125494003296,-16.491878509521484,95.8007583618164
19.46,0.0,-2.285125494003296,-11.367512702941895,101.1620864868164
19.48,0.0,-2.285125494003296,-5.540714740753174,107.66597747802734
19.52,0.0,-2.285125494003296,-2.4742684364318848,111.8847427368164
19.56,0.0,-2.285125494003296,3.7290401458740234,114.3456802368164
19.580000000000002,0.0,-2.285125494003296,9.707240104675293,115.04879760742188
19.62,0.0,-2.285125494003296,12.495209693908691,115.04879760742188
19.66,0.0,-2.285125494003296,17.452381134033203,115.04879760742188
19.68,0.0,-2.285125494003296,17.452381134033203,113.90621185302734
19.72,0.0,-2.3730435371398926,19.5440616607666,109.59957885742188
19.76,0.0,-2.3730435371398926,22.789852142333984,104.76559448242188
19.8,0.0,-2.285125494003296,24.623403549194336,100.54684448242188
19.82,0.0,-2.285125494003296,23.679031372070312,93.42770385742188
19.86,0.0,-2.285125494003296,22.49226951599121,86.22067260742188
19.900000000000002,0.0,-2.285125494003296,19.083982467651367,78.48629760742188
19.92,0.0,-2.285125494003296,14.479723930358887,69.08200073242188
19.96,0.0,-2.285125494003296,14.479723930358887,60.292938232421875
20.0,0.0,-2.285125494003296,5.971942901611328,52.82223129272461
20.04,0.0,-2.285125494003296,-0.25142374634742737,47.19724655151367
20.06,0.0,-2.285125494003296,-0.25142374634742737,41.30858612060547
20.1,0.0,-2.285125494003296,-9.4430513381958,38.40818405151367
20.14,0.0,-2.285125494003296,-14.9119291305542,37.35349655151367
20.16,0.0,-2.285125494003296,-19.44371223449707,37.35349655151367
20.2,0.0,-2.285125494003296,-21.265151977539062,37.61716842651367
20.240000000000002,0.0,-2.285125494003296,-23.873144149780273,40.0781135559082
20.28,0.0,-2.285125494003296,-24.97010040283203,44.736297607421875
20.3,0.0,-2.285125494003296,-24.482805252075195,53.085906982421875
20.34,0.0,-2.285125494003296,-23.649639129638672,61.347625732421875
20.38,0.0,-2.285125494003296,-20.86827850341797,67.93942260742188
20.400000000000002,0.0,-2.285125494003296,-20.86827850341797,77.2558364868164
20.44,0.0,-2.285125494003296,-14.276612281799316,84.90231323242188
20.46,0.0,-2.285125494003296,-8.673872947692871,94.48239135742188
20.5,0.0,-2.285125494003296,-5.638739585876465,99.93160247802734
20.54,0.0,-2.285125494003296,0.6567800641059875,106.0839614868164
20.580000000000002,0.0,-2.285125494003296,6.9150590896606445,112.58785247802734
20.6,0.0,-2.285125494003296,6.9150590896606445,116.4550552368164
20.64,0.0,-2.285125494003296,15.359651565551758,117.42184448242188
20.68,0.0,-2.285125494003296,19.83071517944336,117.42184448242188
20.7,0.0,-2.285125494003296,23.02635955810547,117.42184448242188
20.740000000000002,0.0,-2.285125494003296,24.076866149902344,116.8066177368164
20.78,0.0,-2.285125494003296,24.996124267578125,114.25778198242188
20.8,0.0,-2.3730435371398926,24.849014282226562,110.12692260742188
20.84,0.0,-2.3730435371398926,23.350868225097656,105.55661010742188
20.86,0.0,-2.285125494003296,20.336198806762695,100.28317260742188
20.900000000000002,0.0,-2.285125494003296,18.31671714782715,93.60347747802734
20.94,0.0,-2.285125494003296,13.415830612182617,85.95700073242188
20.98,0.0,-2.285125494003296,7.637135982513428,78.48629760742188
21.0,0.0,-2.285125494003296,4.5341620445251465,71.45504760742188
21.04,0.0,-2.285125494003296,-1.846313238143921,66.35739135742188
21.06,0.0,-2.285125494003296,-1.846313238143921,59.677696228027344
21.1,0.0,-2.285125494003296,-11.070477485656738,56.07418441772461
21.14,0.0,-2.285125494003296,-16.400606155395508,54.58004379272461
21.18,0.0,-2.285125494003296,-20.65795135498047,54.40426254272461
21.2,0.0,-2.285125494003296,-20.65795135498047,54.49215316772461
21.240000000000002,0.0,-2.285125494003296,-24.43829345703125,56.865203857421875
21.28,0.0,-2.285125494003296,-24.97455596923828,60.908172607421875
21.32,0.0,-2.285125494003296,-24.97455596923828,66.79684448242188
21.36,0.0,-2.285125494003296,-24.62272834777832,77.4316177368164
21.38,0.0,-2.285125494003296,-17.07680320739746,86.13278198242188
21.42,0.0,-2.285125494003296,-14.583451271057129,93.60347747802734
21.46,0.0,-2.285125494003296,-8.910297393798828,98.61324310302734
21.48,0.0,-2.285125494003296,-2.640465497970581,104.41403198242188
21.52,0.0,-2.285125494003296,0.5890412330627441,108.28121948242188
21.56,0.0,-2.285125494003296,6.968318939208984,110.12692260742188
21.580000000000002,0.0,-2.285125494003296,6.968318939208984,110.3027114868164
21.62,0.0,-2.285125494003296,15.548489570617676,110.3027114868164
21.66,0.0,-2.285125494003296,20.049917221069336,110.2148208618164
21.7,0.0,-2.285125494003296,23.21150016784668,108.28121948242188
21.72,0.0,-2.3730435371398926,23.21150016784668,105.11715698242188
21.76,0.0,-2.3730435371398926,24.998931884765625,101.42575073242188
21.8,0.0,-2.285125494003296,24.09850311279297,96.50387573242188
21.84,0.0,-2.285125494003296,21.57417869567871,87.62692260742188
21.86,0.0,-2.285125494003296,17.592527389526367,79.27730560302734
21.900000000000002,0.0,-2.285125494003296,15.134797096252441,71.19137573242188
21.94,0.0,-2.285125494003296,9.49168586730957,64.68746185302734
21.98,0.0,-2.285125494003296,3.2015421390533447,55.371063232421875
22.0,0.0,-2.285125494003296,3.2015421390533447,49.570281982421875
22.04,0.0,-2.285125494003296,-6.511449337005615,45.615211486816406
22.06,0.0,-2.285125494003296,-12.530797958374023,43.066375732421875
22.1,0.0,-2.285125494003296,-15.246025085449219,42.714839935302734
22.14,0.0,-2.285125494003296,-19.854955673217773,42.802703857421875
22.18,0.0,-2.285125494003296,-19.854955673217773,43.417938232421875
22.2,0.0,-2.285125494003296,-21.669092178344727,47.37302780151367
22.240000000000002,0.0,-2.285125494003296,-24.99993133544922,52.998016357421875
22.28,0.0,-2.285125494003296,-24.1281681060791,59.589813232421875
22.3,0.0,-2.285125494003296,-21.600427627563477,67.06051635742188
22.34,0.0,-2.285125494003296,-19.76446533203125,75.32223510742188
22.38,0.0,-2.285125494003296,-15.104161262512207,83.05660247802734
22.400000000000002,0.0,-2.285125494003296,-9.400199890136719,92.02145385742188
22.44,0.0,-2.285125494003296,-6.27689266204834,96.6796646118164
22.48,0.0,-2.285125494003296,0.24362985789775848,100.01950073242188
22.5,0.0,-2.285125494003296,0.24362985789775848,103.53511810302734
22.56,0.0,-2.285125494003296,12.798084259033203,104.32614135742188
22.580000000000002,0.0,-2.285125494003296,12.798084259033203,104.32614135742188
22.62,0.0,-2.285125494003296,20.095779418945312,104.32614135742188
22.64,0.0,-2.285125494003296,23.284177780151367,104.15036010742188
22.68,0.0,-2.285125494003296,24.281368255615234,102.30465698242188
22.72,0.0,-2.285125494003296,24.992563247680664,99.05269622802734
22.740000000000002,0.0,-2.285125494003296,23.9608211517334,93.25191497802734
22.78,0.0,-2.285125494003296,22.80795669555664,87.45114135742188
22.82,0.0,-2.285125494003296,19.326702117919922,80.50778198242188
22.84,0.0,-2.285125494003296,14.4895601272583,71.54293823242188
22.88,0.0,-2.285125494003296,11.6644287109375,65.03903198242188
22.92,0.0,-2.285125494003296,5.447630405426025,56.51364517211914
22.96,0.0,-2.285125494003296,-1.1566585302352905,50.185516357421875
23.0,0.0,-2.285125494003296,-7.684403896331787,45.26364517211914
23.02,0.0,-2.285125494003296,-7.684403896331787,42.802703857421875
23.06,0.0,-2.285125494003296,-16.334468841552734,42.802703857421875
23.1,0.0,-2.285125494003296,-20.74422264099121,42.89059066772461
23.14,0.0,-2.285125494003296,-23.689292907714844,44.56052017211914
23.16,0.0,-2.285125494003296,-24.541833877563477,48.515594482421875
23.2,0.0,-2.285125494003296,-24.928943634033203,55.195281982421875
23.240000000000002,0.0,-2.285125494003296,-23.54566764831543,62.92965316772461
23.26,0.0,-2.285125494003296,-20.486454010009766,71.10348510742188
23.3,0.0,-2.285125494003296,-18.39097785949707,79.45309448242188
23.34,0.0,-2.285125494003296,-13.253133773803711,88.33004760742188
23.36,0.0,-2.285125494003296,-7.165236473083496,95.62496948242188
23.400000000000002,0.0,-2.285125494003296,-7.165236473083496,101.33786010742188
23.44,0.0,-2.285125494003296,2.7888054847717285,105.90817260742188
23.48,0.0,-2.285125494003296,9.28114128112793,108.98433685302734
23.5,0.0,-2.285125494003296,15.11207389831543,109.86324310302734
23.54,0.0,-2.285125494003296,17.645416259765625,109.86324310302734
23.580000000000002,0.0,-2.285125494003296,21.718387603759766,109.86324310302734
23.6,0.0,-2.285125494003296,21.718387603759766,108.98433685302734
23.64,0.0,-2.3730435371398926,24.83723258972168,107.0507583618164
23.68,0.0,-2.3730435371398926,24.69875144958496,104.32614135742188
23.72,0.0,-2.3730435371398926,22.77421760559082,99.66793823242188
23.76,0.0,-2.285125494003296,19.199052810668945,92.10933685302734
23.78,0.0,-2.285125494003296,19.199052810668945,84.63863372802734
23.82,0.0,-2.285125494003296,11.329203605651855,76.72848510742188
23.86,0.0,-2.285125494003296,4.962812900543213,69.16989135742188
23.88,0.0,-2.285125494003296,1.612042784690857,62.31442642211914
23.92,0.0,-2.285125494003296,-5.119804859161377,55.63473129272461
23.96,0.0,-2.285125494003296,-11.483019828796387,50.185516357421875
24.0,0.0,-2.285125494003296,-17.011873245239258,46.845680236816406
24.02,0.0,-2.285125494003296,-17.011873245239258,45.966773986816406
24.060000000000002,0.0,-2.285125494003296,-22.875505447387695,46.054664611816406
24.1,0.0,-2.285125494003296,-24.742839813232422,46.669898986816406
24.14,0.0,-2.285125494003296,-24.7944278717041,50.800750732421875
24.16,0.0,-2.285125494003296,-24.7944278717041,57.12887191772461
24.2,0.0,-2.285125494003296,-21.487159729003906,63.369110107421875
24.240000000000002,0.0,-2.285125494003296,-17.257020950317383,70.22457885742188
24.26,0.0,-2.285125494003296,-11.749958992004395,79.27730560302734
24.3,0.0,-2.285125494003296,-8.640968322753906,86.57223510742188
24.34,0.0,-2.285125494003296,-1.9986032247543335,92.10933685302734
24.38,0.0,-2.285125494003296,4.796609878540039,95.18551635742188
24.42,0.0,-2.285125494003296,11.24080753326416,95.71286010742188
24.44,0.0,-2.285125494003296,11.24080753326416,95.71286010742188
24.48,0.0,-2.285125494003296,19.215307235717773,95.71286010742188
24.52,0.0,-2.285125494003296,22.823835372924805,95.71286010742188
24.560000000000002,0.0,-2.285125494003296,24.732799530029297,93.95504760742188
24.580000000000002,0.0,-2.285125494003296,24.732799530029297,89.64839935302734
24.62,0.0,-2.285125494003296,24.1270809173584,84.99020385742188
24.66,0.0,-2.285125494003296,21.448699951171875,78.83785247802734
24.68,0.0,-2.285125494003296,17.160633087158203,70.22457885742188
24.72,0.0,-2.285125494003296,14.508301734924316,63.28121566772461
24.76,0.0,-2.285125494003296,8.434551239013672,54.58004379272461
24.78,0.0,-2.285125494003296,1.7219229936599731,48.42770004272461
24.82,0.0,-2.285125494003296,-1.7172826528549194,43.505828857421875
24.86,0.0,-2.285125494003296,-8.437273025512695,40.4296760559082
24.88,0.0,-2.285125494003296,-14.524984359741211,39.19920349121094
24.92,0.0,-2.285125494003296,-14.524984359741211,39.37498474121094
24.96,0.0,-2.285125494003296,-21.482404708862305,39.72654724121094
24.98,0.0,-2.285125494003296,-24.1552734375,41.74803924560547
25.02,0.0,-2.285125494003296,-24.81260871887207,46.054664611816406
25.04,0.0,-2.285125494003296,-24.70415687561035,51.855438232421875
25.080000000000002,0.0,-2.285125494003296,-24.70415687561035,60.64449691772461
25.12,0.0,-2.285125494003296,-21.059152603149414,67.93942260742188
25.16,0.0,-2.285125494003296,-16.571754455566406,77.16793823242188
25.18,0.0,-2.285125494003296,-10.816275596618652,86.04489135742188
25.22,0.0,-2.285125494003296,-7.5966644287109375,92.81246948242188
25.240000000000002,0.0,-2.285125494003296,-0.7806826829910278,96.41598510742188
25.28,0.0,-2.285125494003296,-0.7806826829910278,99.58004760742188
25.32,0.0,-2.285125494003296,9.398685455322266,101.07418823242188
25.36,0.0,-2.285125494003296,15.395730018615723,101.33786010742188
25.400000000000002,0.0,-2.285125494003296,20.2133731842041,101.33786010742188
25.44,0.0,-2.285125494003296,20.2133731842041,101.33786010742188
25.48,0.0,-2.285125494003296,22.05887794494629,100.10739135742188
25.5,0.0,-2.285125494003296,24.93505859375,96.15231323242188
25.54,0.0,-2.285125494003296,22.108081817626953,89.38473510742188
25.580000000000002,0.0,-2.285125494003296,20.269079208374023,84.28707122802734
25.62,0.0,-2.285125494003296,15.448664665222168,77.60739135742188
25.64,0.0,-2.285125494003296,15.448664665222168,68.20309448242188
25.68,0.0,-2.285125494003296,6.106620788574219,60.996063232421875
25.72,0.0,-2.285125494003296,-0.8265445828437805,54.755828857421875
25.76,0.0,-2.285125494003296,-7.700192928314209,50.449188232421875
25.78,0.0,-2.285125494003296,-13.978119850158691,47.900360107421875
25.82,0.0,-2.285125494003296,-16.737232208251953,47.63668441772461
25.86,0.0,-2.285125494003296,-21.224531173706055,47.724578857421875
25.900000000000002,0.0,-2.285125494003296,-21.224531173706055,49.218719482421875
25.92,0.0,-2.285125494003296,-22.8637752532959,54.40426254272461
25.96,0.0,-2.285125494003296,-24.735942840576172,59.501922607421875
26.0,0.0,-2.285125494003296,-22.758323669433594,65.21481323242188
26.04,0.0,-2.285125494003296,-18.989212036132812,75.49801635742188
26.060000000000002,0.0,-2.285125494003296,-13.721709251403809,83.75972747802734
26.1,0.0,-2.285125494003296,-10.651079177856445,91.05465698242188
26.14,0.0,-2.285125494003296,-3.9378654956817627,95.62496948242188
26.16,0.0,-2.285125494003296,-0.4281609356403351,98.70113372802734
26.2,0.0,-2.285125494003296,6.55052375793457,100.54684448242188
26.240000000000002,0.0,-2.285125494003296,13.015134811401367,100.98629760742188
26.28,0.0,-2.285125494003296,13.015134811401367,100.98629760742188
26.32,0.0,-2.285125494003296,22.426284790039062,100.89840698242188
26.34,0.0,-2.285125494003296,22.426284790039062,100.7226333618164
26.38,0.0,-2.285125494003296,23.760238647460938,97.55856323242188
26.42,0.0,-2.285125494003296,24.221256256103516,92.54878997802734
26.44,0.0,-2.285125494003296,21.52197265625,87.53902435302734
26.48,0.0,-2.285125494003296,21.52197265625,80.33200073242188
26.52,0.0,-2.285125494003296,14.348145484924316,72.59762573242188
26.54,0.0,-2.285125494003296,8.035733222961426,65.74214935302734
26.580000000000002,0.0,-2.285125494003296,4.602016925811768,57.831993103027344
26.62,0.0,-2.285125494003296,-2.4763951301574707,52.031219482421875
26.64,0.0,-2.285125494003296,-5.978290557861328,47.46091842651367
26.68,0.0,-2.285125494003296,-12.554722785949707,44.20895767211914
26.72,0.0,-2.285125494003296,-18.12416648864746,42.802703857421875
26.740000000000002,0.0,-2.285125494003296,-22.23516082763672,42.89059066772461
26.78,0.0,-2.285125494003296,-23.633615493774414,42.978485107421875
26.82,0.0,-2.285125494003296,-24.97264289855957,45.70309829711914
26.86,0.0,-2.285125494003296,-24.29070472717285,51.679656982421875
26.88,0.0,-2.285125494003296,-24.29070472717285,59.326141357421875
26.92,0.0,-2.285125494003296,-19.634353637695312,66.26950073242188
26.96,0.0,-2.285125494003296,-14.469575881958008,74.35543060302734
26.98,0.0,-2.285125494003296,-8.124007225036621,82.88082885742188
27.02,0.0,-2.285125494003296,-4.666502475738525,89.03317260742188
27.060000000000002,0.0,-2.285125494003296,2.466136932373047,92.63668823242188
27.080000000000002,0.0,-2.285125494003296,2.466136932373047,94.65817260742188
27.12,0.0,-2.285125494003296,12.617505073547363,94.83395385742188
27.16,0.0,-2.285125494003296,18.21207618713379,94.83395385742188
27.18,0.0,-2.285125494003296,22.318347930908203,94.83395385742188
27.22,0.0,-2.285125494003296,23.701557159423828,94.83395385742188
27.26,0.0,-2.285125494003296,24.983680725097656,93.16403198242188
27.28,0.0,-2.285125494003296,24.983680725097656,88.50582885742188
27.32,0.0,-2.285125494003296,24.855077743530273,82.35348510742188
27.36,0.0,-2.285125494003296,19.381370544433594,75.84957885742188
27.400000000000002,0.0,-2.285125494003296,14.092140197753906,68.20309448242188
27.44,0.0,-2.285125494003296,7.635100841522217,58.623016357421875
27.46,0.0,-2.285125494003296,0.542036235332489,50.71285629272461
27.5,0.0,-2.285125494003296,-3.0606040954589844,45.70309829711914
27.54,0.0,-2.285125494003296,-10.004501342773438,41.74803924560547
27.580000000000002,0.0,-2.285125494003296,-16.122562408447266,39.6386604309082
27.6,0.0,-2.285125494003296,-20.90447998046875,39.6386604309082
27.64,0.0,-2.285125494003296,-20.90447998046875,39.72654724121094
27.68,0.0,-2.285125494003296,-22.66384506225586,41.74803924560547
27.72,0.0,-2.285125494003296,-24.741886138916016,46.14255142211914
27.740000000000002,0.0,-2.285125494003296,-22.6832275390625,54.228485107421875
27.78,0.0,-2.285125494003296,-20.92486572265625,61.25973129272461
27.82,0.0,-2.285125494003296,-16.131784439086914,68.37887573242188
27.86,0.0,-2.285125494003296,-9.983299255371094,78.83785247802734
27.900000000000002,0.0,-2.285125494003296,-2.9927186965942383,86.66012573242188
27.92,0.0,-2.285125494003296,-2.9927186965942383,92.46090698242188
27.96,0.0,-2.285125494003296,7.782671928405762,94.48239135742188
28.0,0.0,-2.285125494003296,14.277851104736328,94.92184448242188
28.02,0.0,-2.285125494003296,14.277851104736328,94.92184448242188
28.060000000000002,0.0,-2.285125494003296,21.625385284423828,94.92184448242188
28.1,0.0,-2.285125494003296,24.31972312927246,94.92184448242188
28.14,0.0,-2.285125494003296,24.957700729370117,93.69136810302734
28.16,0.0,-2.285125494003296,23.48105812072754,89.64839935302734
28.2,0.0,-2.285125494003296,21.980722427368164,85.07808685302734
28.240000000000002,0.0,-2.285125494003296,17.61288070678711,79.01363372802734
28.26,0.0,-2.285125494003296,17.61288070678711,70.22457885742188
28.3,0.0,-2.285125494003296,8.398683547973633,63.017547607421875
28.34,0.0,-2.285125494003296,1.2396599054336548,54.316375732421875
28.38,0.0,-2.285125494003296,-6.029911518096924,47.28513717651367
28.400000000000002,0.0,-2.285125494003296,-12.789119720458984,40.4296760559082
28.44,0.0,-2.285125494003296,-12.789119720458984,36.298805236816406
28.48,0.0,-2.285125494003296,-20.72743797302246,35.41989517211914
28.52,0.0,-2.285125494003296,-23.887874603271484,35.33200454711914
28.54,0.0,-2.285125494003296,-24.999650955200195,35.50778579711914
28.580000000000002,0.0,-2.285125494003296,-24.999650955200195,37.52927780151367
28.62,0.0,-2.285125494003296,-24.748918533325195,41.48436737060547
28.64,0.0,-2.285125494003296,-18.614831924438477,47.02146530151367
28.68,0.0,-2.285125494003296,-15.96241569519043,54.316375732421875
28.72,0.0,-2.285125494003296,-9.680819511413574,61.523406982421875
28.740000000000002,0.0,-2.285125494003296,-6.187410354614258,68.02731323242188
28.78,0.0,-2.285125494003296,1.127648949623108,75.14645385742188
28.82,0.0,-2.285125494003296,8.349882125854492,80.24411010742188
28.84,0.0,-2.285125494003296,11.72864818572998,82.96871948242188
28.88,0.0,-2.285125494003296,17.653696060180664,83.4081802368164
28.92,0.0,-2.285125494003296,17.653696060180664,83.4081802368164
28.96,0.0,-2.285125494003296,20.070024490356445,82.79293823242188
28.98,0.0,-2.285125494003296,23.545455932617188,79.80465698242188
29.02,0.0,-2.285125494003296,24.223743438720703,75.58590698242188
29.060000000000002,0.0,-2.285125494003296,21.359058380126953,69.96090698242188
29.080000000000002,0.0,-2.285125494003296,16.62505531311035,63.10543441772461
29.12,0.0,-2.285125494003296,13.67985725402832,55.019500732421875
29.16,0.0,-2.285125494003296,6.954071044921875,49.394500732421875
29.18,0.0,-2.285125494003296,6.954071044921875,43.417938232421875
29.22,0.0,-2.285125494003296,3.3211960792541504,40.1660041809082
29.26,0.0,-2.285125494003296,-11.13940715789795,38.40818405151367
29.28,0.0,-2.285125494003296,-11.13940715789795,38.23240280151367
29.32,0.0,-2.285125494003296,-19.716716766357422,38.32029342651367
29.36,0.0,-2.285125494003296,-23.361806869506836,39.6386604309082
29.38,0.0,-2.285125494003296,-24.946083068847656,43.94528579711914
29.42,0.0,-2.285125494003296,-24.912784576416016,49.92184066772461
29.46,0.0,-2.285125494003296,-23.196247100830078,57.56832504272461
29.48,0.0,-2.285125494003296,-19.42314910888672,65.91793823242188
29.52,0.0,-2.285125494003296,-16.862262725830078,74.35543060302734
29.560000000000002,0.0,-2.285125494003296,-10.674161911010742,81.56246948242188
29.580000000000002,0.0,-2.285125494003296,-3.5330162048339844,88.68160247802734
29.62,0.0,-2.285125494003296,0.19875173270702362,92.46090698242188
29.66,0.0,-2.285125494003296,7.569112777709961,93.86715698242188
29.68,0.0,-2.285125494003296,14.269078254699707,94.21871948242188
29.72,0.0,-2.285125494003296,17.176441192626953,94.21871948242188
29.76,0.0,-2.285125494003296,21.779203414916992,94.21871948242188
29.78,0.0,-2.285125494003296,24.435693740844727,93.77925872802734
29.82,0.0,-2.285125494003296,24.950990676879883,91.3183364868164
29.84,0.0,-2.285125494003296,24.295156478881836,87.62692260742188
29.88,0.0,-2.285125494003296,23.137704849243164,82.2656021118164
29.92,0.0,-2.285125494003296,19.291168212890625,76.46481323242188
29.94,0.0,-2.285125494003296,13.7063627243042,68.37887573242188
29.98,0.0,-2.285125494003296,10.413249015808105,60.20504379272461
30.02,0.0,-2.285125494003296,3.1955575942993164,52.910125732421875
30.04,0.0,-2.285125494003296,3.1955575942993164,46.494117736816406
30.080000000000002,0.0,-2.285125494003296,-7.968084812164307,41.66014862060547
30.12,0.0,-2.285125494003296,-14.65453052520752,38.58396911621094
30.14,0.0,-2.285125494003296,-14.65453052520752,37.61716842651367
30.18,0.0,-2.285125494003296,-22.044782638549805,37.61716842651367
30.22,0.0,-2.285125494003296,-24.556262969970703,37.79294967651367
30.240000000000002,0.0,-2.285125494003296,-24.837818145751953,40.7812385559082
30.28,0.0,-2.285125494003296,-24.124874114990234,45.43942642211914
30.32,0.0,-2.285125494003296,-21.06998634338379,51.943328857421875
30.34,0.0,-2.285125494003296,-16.092084884643555,60.82027816772461
30.38,0.0,-2.285125494003296,-13.016959190368652,67.58785247802734
30.42,0.0,-2.285125494003296,-6.044062614440918,75.84957885742188
30.44,0.0,-2.285125494003296,1.4861940145492554,82.52926635742188
30.48,0.0,-2.285125494003296,5.245493412017822,86.8359146118164
30.52,0.0,-2.285125494003296,12.321137428283691,88.85739135742188
30.54,0.0,-2.285125494003296,12.321137428283691,89.03317260742188
30.580000000000002,0.0,-2.285125494003296,20.64590835571289,89.03317260742188
30.62,0.0,-2.285125494003296,23.922643661499023,88.94528198242188
30.64,0.0,-2.285125494003296,24.998743057250977,87.62692260742188
30.68,0.0,-2.285125494003296,24.670900344848633,84.63863372802734
30.7,0.0,-2.285125494003296,22.31846046447754,80.06832885742188
30.740000000000002,0.0,-2.285125494003296,22.31846046447754,73.21286010742188
30.78,0.0,-2.285125494003296,15.040974617004395,67.23629760742188
30.82,0.0,-2.285125494003296,8.338979721069336,58.79879379272461
30.84,0.0,-2.285125494003296,4.654274940490723,52.55855941772461
30.88,0.0,-2.285125494003296,-2.9558966159820557,47.812469482421875
30.92,0.0,-2.285125494003296,-10.296422958374023,43.417938232421875
30.96,0.0,-2.285125494003296,-16.684215545654297,42.09960174560547
30.98,0.0,-2.285125494003296,-16.684215545654297,42.18749237060547
31.02,0.0,-2.285125494003296,-23.212154388427734,42.802703857421875
31.04,0.0,-2.285125494003296,-24.93195152282715,45.08786392211914
31.080000000000002,0.0,-2.285125494003296,-24.93195152282715,50.449188232421875
31.12,0.0,-2.285125494003296,-23.1549015045166,57.216766357421875
31.16,0.0,-2.285125494003296,-19.220773696899414,63.896453857421875
31.2,0.0,-2.285125494003296,-13.482911109924316,73.03707885742188
31.220000000000002,0.0,-2.285125494003296,-13.482911109924316,81.73825073242188
31.26,0.0,-2.285125494003296,-2.698963165283203,87.71481323242188
31.3,0.0,-2.285125494003296,4.959855556488037,91.49411010742188
31.32,0.0,-2.285125494003296,4.959855556488037,93.16403198242188
31.36,0.0,-2.285125494003296,15.365998268127441,93.25191497802734
31.400000000000002,0.0,-2.285125494003296,20.626676559448242,93.33980560302734
31.42,0.0,-2.285125494003296,23.942594528198242,93.33980560302734
31.46,0.0,-2.285125494003296,24.764005661010742,92.63668823242188
31.5,0.0,-2.285125494003296,24.633745193481445,90.26364135742188
31.54,0.0,-2.285125494003296,24.633745193481445,85.42965698242188
31.560000000000002,0.0,-2.285125494003296,23.68402671813965,78.13473510742188
31.6,0.0,-2.285125494003296,14.653716087341309,71.10348510742188
31.64,0.0,-2.285125494003296,7.785778045654297,64.77536010742188
31.68,0.0,-2.285125494003296,0.17247822880744934,55.195281982421875
31.7,0.0,-2.285125494003296,-7.462042808532715,49.482391357421875
31.740000000000002,0.0,-2.285125494003296,-7.462042808532715,45.175758361816406
31.78,0.0,-2.285125494003296,-17.37607192993164,43.242156982421875
31.82,0.0,-2.285125494003296,-22.036951065063477,43.15426254272461
31.86,0.0,-2.285125494003296,-24.591115951538086,43.15426254272461
31.88,0.0,-2.285125494003296,-24.789703369140625,45.790992736816406
31.92,0.0,-2.285125494003296,-24.789703369140625,51.59176254272461
31.96,0.0,-2.285125494003296,-20.682207107543945,57.91988754272461
32.0,0.0,-2.285125494003296,-15.384238243103027,64.16012573242188
32.02,0.0,-2.285125494003296,-15.384238243103027,73.65231323242188
32.06,0.0,-2.285125494003296,-4.853104591369629,80.94723510742188
32.1,0.0,-2.285125494003296,2.9070816040039062,87.62692260742188
32.14,0.0,-2.285125494003296,10.391300201416016,91.58200073242188
32.160000000000004,0.0,-2.285125494003296,10.391300201416016,92.72457885742188
32.2,0.0,-2.285125494003296,19.539670944213867,92.72457885742188
32.24,0.0,-2.285125494003296,23.38882064819336,92.72457885742188
32.28,0.0,-2.285125494003296,24.97101593017578,92.72457885742188
32.3,0.0,-2.285125494003296,24.97101593017578,91.49411010742188
32.34,0.0,-2.285125494003296,20.937856674194336,86.8359146118164
32.38,0.0,-2.285125494003296,18.549739837646484,81.9140396118164
32.42,0.0,-2.285125494003296,12.476476669311523,76.20114135742188
32.44,0.0,-2.285125494003296,5.181928634643555,67.76363372802734
32.480000000000004,0.0,-2.285125494003296,1.2957818508148193,62.84176254272461
32.52,0.0,-2.285125494003296,-6.479400634765625,57.74410629272461
32.56,0.0,-2.285125494003296,-13.625094413757324,54.49215316772461
32.58,0.0,-2.285125494003296,-13.625094413757324,53.964813232421875
32.62,0.0,-2.285125494003296,-21.662002563476562,53.964813232421875
32.660000000000004,0.0,-2.285125494003296,-24.461347579956055,54.755828857421875
32.68,0.0,-2.285125494003296,-24.85711097717285,59.238250732421875
32.72,0.0,-2.285125494003296,-24.130535125732422,63.720672607421875
32.76,0.0,-2.285125494003296,-20.9151611328125,69.34566497802734
32.78,0.0,-2.285125494003296,-20.9151611328125,78.13473510742188
32.82,0.0,-2.285125494003296,-12.37502670288086,85.78121948242188
32.86,0.0,-2.285125494003296,-5.018245220184326,92.37301635742188
32.88,0.0,-2.285125494003296,-5.018245220184326,97.20700073242188
32.92,0.0,-2.285125494003296,6.7134294509887695,99.93160247802734
32.96,0.0,-2.285125494003296,13.869742393493652,101.6894302368164
32.980000000000004,0.0,-2.285125494003296,19.653636932373047,101.86520385742188
33.02,0.0,-2.285125494003296,21.84352684020996,101.86520385742188
33.06,0.0,-2.285125494003296,24.54434585571289,101.77731323242188
33.08,0.0,-2.285125494003296,24.80267906188965,101.33786010742188
33.12,0.0,-2.285125494003296,23.99666976928711,99.22848510742188
33.160000000000004,0.0,-2.285125494003296,20.61203384399414,95.44918823242188
33.18,0.0,-2.285125494003296,15.16629695892334,89.20894622802734
33.22,0.0,-2.285125494003296,11.832765579223633,83.93551635742188
33.26,0.0,-2.285125494003296,4.360104084014893,77.34371948242188
33.28,0.0,-2.285125494003296,-3.5540473461151123,69.96090698242188
33.32,0.0,-2.285125494003296,-7.428440093994141,65.30269622802734
33.36,0.0,-2.285125494003296,-14.524677276611328,61.523406982421875
33.4,0.0,-2.285125494003296,-20.165180206298828,59.589813232421875
33.42,0.0,-2.285125494003296,-20.165180206298828,59.501922607421875
33.46,0.0,-2.285125494003296,-24.70276641845703,59.589813232421875
33.5,0.0,-2.285125494003296,-24.662120819091797,61.87497329711914
33.52,0.0,-2.285125494003296,-23.698076248168945,65.56637573242188
33.56,0.0,-2.285125494003296,-20.001529693603516,70.22457885742188
33.58,0.0,-2.285125494003296,-14.279501914978027,77.87106323242188
33.62,0.0,-2.285125494003296,-10.832253456115723,84.02340698242188
33.660000000000004,0.0,-2.285125494003296,-3.200794219970703,89.91207885742188
33.68,0.0,-2.285125494003296,4.760084629058838,93.69136810302734
33.72,0.0,-2.285125494003296,8.610644340515137,94.92184448242188
33.76,0.0,-2.285125494003296,15.561578750610352,94.92184448242188
33.78,0.0,-2.285125494003296,20.93277359008789,94.92184448242188
33.82,0.0,-2.285125494003296,22.84609603881836,94.92184448242188
33.84,0.0,-2.285125494003296,24.881549835205078,94.92184448242188
33.88,0.0,-2.285125494003296,24.881549835205078,92.10933685302734
33.92,0.0,-2.285125494003296,24.950288772583008,87.89059448242188
33.94,0.0,-2.285125494003296,19.033784866333008,83.05660247802734
33.980000000000004,0.0,-2.285125494003296,16.19489097595215,76.90426635742188
34.02,0.0,-2.285125494003296,9.345423698425293,69.87300872802734
34.04,0.0,-2.285125494003296,9.345423698425293,62.13864517211914
34.08,0.0,-2.285125494003296,-2.486027240753174,55.546844482421875
34.12,0.0,-2.285125494003296,-10.232230186462402,51.32809066772461
34.14,0.0,-2.285125494003296,-16.929903030395508,48.25191879272461
34.18,0.0,-2.285125494003296,-16.929903030395508,47.812469482421875
34.22,0.0,-2.285125494003296,-23.54317283630371,47.900360107421875
34.26,0.0,-2.285125494003296,-24.99485206604004,48.86715316772461
34.28,0.0,-2.285125494003296,-24.99485206604004,53.261688232421875
34.32,0.0,-2.285125494003296,-22.354034423828125,58.79879379272461
34.36,0.0,-2.285125494003296,-17.640161514282227,64.77536010742188
34.38,0.0,-2.285125494003296,-11.094254493713379,72.33394622802734
34.42,0.0,-2.285125494003296,-7.339922904968262,79.98043823242188
34.46,0.0,-2.285125494003296,0.6447156071662903,85.78121948242188
34.5,0.0,-2.285125494003296,0.6447156071662903,90.4394302368164
34.54,0.0,-2.285125494003296,15.601984024047852,92.19723510742188
34.56,0.0,-2.285125494003296,15.601984024047852,92.19723510742188
34.6,0.0,-2.285125494003296,22.92608070373535,92.19723510742188
34.64,0.0,-2.285125494003296,24.908655166625977,92.19723510742188
34.660000000000004,0.0,-2.285125494003296,24.287160873413086,91.2304458618164
34.7,0.0,-2.285125494003296,23.008058547973633,87.71481323242188
34.74,0.0,-2.285125494003296,18.67797088623047,83.14450073242188
34.76,0.0,-2.285125494003296,12.385729789733887,76.72848510742188
34.800000000000004,0.0,-2.285125494003296,8.70287036895752,69.60933685302734
34.84,0.0,-2.285125494003296,0.746630072593689,64.24801635742188
34.86,0.0,-2.285125494003296,-7.29292106628418,57.65621566772461
34.9,0.0,-2.285125494003296,-11.077239990234375,54.40426254272461
34.94,0.0,-2.285125494003296,-17.674779891967773,53.34957504272461
34.980000000000004,0.0,-2.285125494003296,-22.410539627075195,53.17379379272461
35.0,0.0,-2.285125494003296,-22.410539627075195,53.43746566772461
35.04,0.0,-2.285125494003296,-23.91353416442871,57.12887191772461
35.08,0.0,-2.285125494003296,-24.988143920898438,61.611297607421875
35.12,0.0,-2.285125494003296,-19.36372947692871,67.49996948242188
35.160000000000004,0.0,-2.285125494003296,-13.252174377441406,76.90426635742188
35.18,0.0,-2.285125494003296,-13.252174377441406,84.37496948242188
35.22,0.0,-2.285125494003296,-9.61970329284668,89.99996185302734
35.24,0.0,-2.285125494003296,6.437258720397949,92.9003677368164
35.28,0.0,-2.285125494003296,10.294361114501953,94.04293060302734
35.32,0.0,-2.285125494003296,17.086715698242188,94.21871948242188
35.34,0.0,-2.285125494003296,22.05846405029297,94.30661010742188
35.38,0.0,-2.285125494003296,23.68519401550293,94.30661010742188
35.42,0.0,-2.285125494003296,24.99989891052246,93.60347747802734
35.44,0.0,-2.285125494003296,23.637630462646484,90.17575073242188
35.480000000000004,0.0,-2.285125494003296,21.985750198364258,86.22067260742188
35.5,0.0,-2.285125494003296,16.95948028564453,81.03512573242188
35.54,0.0,-2.285125494003296,13.719922065734863,74.97067260742188
35.58,0.0,-2.285125494003296,6.221752166748047,67.85153198242188
35.6,0.0,-2.285125494003296,-1.9504798650741577,62.49020767211914
35.64,0.0,-2.285125494003296,-6.014904022216797,58.18355941772461
35.660000000000004,0.0,-2.285125494003296,-13.551651000976562,55.72262191772461
35.7,0.0,-2.285125494003296,-13.551651000976562,55.28316879272461
35.74,0.0,-2.285125494003296,-21.90766716003418,55.28316879272461
35.76,0.0,-2.285125494003296,-24.630090713500977,56.51364517211914
35.800000000000004,0.0,-2.285125494003296,-24.630090713500977,60.55660629272461
35.84,0.0,-2.285125494003296,-23.70111846923828,65.47848510742188
35.88,0.0,-2.285125494003296,-19.83102035522461,71.19137573242188
35.9,0.0,-2.285125494003296,-17.051536560058594,78.74996948242188
35.94,0.0,-2.285125494003296,-10.179325103759766,86.8359146118164
35.980000000000004,0.0,-2.285125494003296,-2.195528507232666,93.42770385742188
36.02,0.0,-2.285125494003296,6.032107353210449,97.29489135742188
36.04,0.0,-2.285125494003296,13.606643676757812,98.78903198242188
36.08,0.0,-2.285125494003296,16.884897232055664,99.05269622802734
36.12,0.0,-2.285125494003296,21.973411560058594,99.14058685302734
36.14,0.0,-2.285125494003296,24.661109924316406,99.05269622802734
36.18,0.0,-2.285125494003296,24.999975204467773,98.70113372802734
36.22,0.0,-2.285125494003296,23.618242263793945,96.7675552368164
36.24,0.0,-2.285125494003296,23.618242263793945,92.63668823242188
36.28,0.0,-2.285125494003296,16.810035705566406,87.45114135742188
36.32,0.0,-2.285125494003296,9.834756851196289,82.35348510742188
36.34,0.0,-2.285125494003296,9.834756851196289,74.88278198242188
36.38,0.0,-2.285125494003296,-2.3903145790100098,69.34566497802734
36.42,0.0,-2.285125494003296,-10.407991409301758,65.03903198242188
36.46,0.0,-2.285125494003296,-17.28147315979004,61.347625732421875
36.480000000000004,0.0,-2.285125494003296,-22.249107360839844,60.732391357421875
36.52,0.0,-2.285125494003296,-23.835372924804688,60.732391357421875
36.56,0.0,-2.285125494003296,-24.99026870727539,61.787078857421875
36.6,0.0,-2.285125494003296,-23.375831604003906,66.18161010742188
36.62,0.0,-2.285125494003296,-19.16632080078125,72.33394622802734
36.660000000000004,0.0,-2.285125494003296,-16.22303009033203,78.57418823242188
36.7,0.0,-2.285125494003296,-9.066550254821777,84.99020385742188
36.74,0.0,-2.285125494003296,-0.8967769145965576,91.7577896118164
36.76,0.0,-2.285125494003296,3.28593111038208,95.00972747802734
36.800000000000004,0.0,-2.285125494003296,11.263372421264648,95.97653198242188
36.84,0.0,-2.285125494003296,17.988006591796875,96.06442260742188
36.86,0.0,-2.285125494003296,17.988006591796875,95.97653198242188
36.9,0.0,-2.285125494003296,24.13588523864746,95.97653198242188
36.94,0.0,-2.285125494003296,24.934213638305664,95.09762573242188
36.980000000000004,0.0,-2.285125494003296,22.93784523010254,92.02145385742188
37.0,0.0,-2.285125494003296,22.93784523010254,87.09957885742188
37.04,0.0,-2.285125494003296,20.948291778564453,81.47457885742188
37.08,0.0,-2.285125494003296,7.858851909637451,74.97067260742188
37.1,0.0,-2.285125494003296,7.858851909637451,67.23629760742188
37.14,0.0,-2.285125494003296,-4.62401008605957,61.347625732421875
37.18,0.0,-2.285125494003296,-12.497604370117188,57.304656982421875
37.2,0.0,-2.285125494003296,-18.96474266052246,55.546844482421875
37.24,0.0,-2.285125494003296,-21.433120727539062,55.45895004272461
37.26,0.0,-2.285125494003296,-24.487728118896484,55.45895004272461
37.300000000000004,0.0,-2.285125494003296,-24.98577880859375,56.865203857421875
37.34,0.0,-2.285125494003296,-23.849702835083008,60.46871566772461
37.36,0.0,-2.285125494003296,-20.00763511657715,65.83004760742188
37.4,0.0,-2.285125494003296,-20.00763511657715,73.30075073242188
37.44,0.0,-2.285125494003296,-10.187935829162598,80.06832885742188
37.480000000000004,0.0,-2.285125494003296,-2.0170233249664307,86.3964614868164
37.52,0.0,-2.285125494003296,6.388291358947754,91.3183364868164
37.54,0.0,-2.285125494003296,6.388291358947754,92.98825073242188
37.58,0.0,-2.285125494003296,17.3588924407959,92.98825073242188
37.62,0.0,-2.285125494003296,22.361177444458008,93.07614135742188
37.64,0.0,-2.285125494003296,24.80887222290039,92.98825073242188
37.68,0.0,-2.285125494003296,24.973234176635742,92.28512573242188
37.72,0.0,-2.285125494003296,23.15632438659668,89.38473510742188
37.74,0.0,-2.285125494003296,18.682231903076172,84.81442260742188
37.78,0.0,-2.285125494003296,15.597268104553223,79.18942260742188
37.82,0.0,-2.285125494003296,8.17285442352295,72.15817260742188
37.86,0.0,-2.285125494003296,8.17285442352295,65.74214935302734
37.88,0.0,-2.285125494003296,4.047694206237793,59.853477478027344
37.92,0.0,-2.285125494003296,-12.411819458007812,56.601531982421875
37.96,0.0,-2.285125494003296,-18.960891723632812,55.63473129272461
37.980000000000004,0.0,-2.285125494003296,-23.323457717895508,55.63473129272461
38.02,0.0,-2.285125494003296,-24.514291763305664,56.249969482421875
38.06,0.0,-2.285125494003296,-24.739665985107422,59.062469482421875
38.1,0.0,-2.285125494003296,-24.739665985107422,64.42378997802734
38.14,0.0,-2.285125494003296,-16.89388656616211,72.0702896118164
38.18,0.0,-2.285125494003296,-9.72403621673584,80.68356323242188
38.2,0.0,-2.285125494003296,-9.72403621673584,88.85739135742188
38.24,0.0,-2.285125494003296,2.858754873275757,93.16403198242188
38.28,0.0,-2.285125494003296,11.044657707214355,95.09762573242188
38.32,0.0,-2.285125494003296,17.94744873046875,95.18551635742188
38.34,0.0,-2.285125494003296,17.94744873046875,95.27340698242188
38.38,0.0,-2.285125494003296,24.192480087280273,95.18551635742188
38.42,0.0,-2.285125494003296,24.90142059326172,95.18551635742188
38.44,0.0,-2.285125494003296,24.90142059326172,93.25191497802734
38.480000000000004,0.0,-2.285125494003296,20.566110610961914,89.73629760742188
38.52,0.0,-2.285125494003296,14.563532829284668,85.07808685302734
38.54,0.0,-2.285125494003296,6.84774112701416,78.04684448242188
38.58,0.0,-2.285125494003296,2.624713659286499,72.0702896118164
38.62,0.0,-2.285125494003296,-5.930795192718506,67.67575073242188
38.64,0.0,-2.285125494003296,-13.79277229309082,63.457000732421875
38.68,0.0,-2.285125494003296,-17.16748809814453,61.87497329711914
38.72,0.0,-2.285125494003296,-22.30439567565918,61.611297607421875
38.74,0.0,-2.285125494003296,-24.81034278869629,61.611297607421875
38.78,0.0,-2.285125494003296,-24.96935272216797,63.457000732421875
38.82,0.0,-2.285125494003296,-23.072751998901367,67.41207885742188
38.84,0.0,-2.285125494003296,-23.072751998901367,74.17964935302734
38.88,0.0,-2.285125494003296,-15.261463165283203,80.85934448242188
38.92,0.0,-2.285125494003296,-7.636776447296143,87.45114135742188
38.94,0.0,-2.285125494003296,0.8991639018058777,93.60347747802734
38.980000000000004,0.0,-2.285125494003296,5.19324254989624,96.41598510742188
39.02,0.0,-2.285125494003296,13.194028854370117,97.55856323242188
39.06,0.0,-2.285125494003296,19.627737045288086,97.64645385742188
39.08,0.0,-2.285125494003296,19.627737045288086,97.64645385742188
39.12,0.0,-2.285125494003296,24.729711532592773,97.64645385742188
39.160000000000004,0.0,-2.285125494003296,24.500511169433594,97.55856323242188
39.2,0.0,-2.285125494003296,24.500511169433594,94.48239135742188
39.22,0.0,-2.285125494003296,23.271705627441406,89.12105560302734
39.26,0.0,-2.285125494003296,12.010889053344727,84.02340698242188
39.300000000000004,0.0,-2.285125494003296,3.8109381198883057,77.69527435302734
39.32,0.0,-2.285125494003296,-4.851131439208984,70.13668823242188
39.36,0.0,-2.285125494003296,-9.029166221618652,65.74214935302734
39.4,0.0,-2.285125494003296,-16.449604034423828,61.347625732421875
39.44,0.0,-2.285125494003296,-21.89341926574707,58.974578857421875
39.46,0.0,-2.285125494003296,-24.701004028320312,58.79879379272461
39.5,0.0,-2.285125494003296,-24.995113372802734,58.79879379272461
39.54,0.0,-2.285125494003296,-23.316343307495117,60.732391357421875
39.58,0.0,-2.285125494003296,-18.81785011291504,65.39059448242188
39.6,0.0,-2.285125494003296,-18.81785011291504,72.0702896118164
39.64,0.0,-2.285125494003296,-8.04216194152832,79.01363372802734
39.68,0.0,-2.285125494003296,0.5628997087478638,84.37496948242188
39.7,0.0,-2.285125494003296,9.104379653930664,88.41793060302734
39.74,0.0,-2.285125494003296,13.023183822631836,89.47262573242188
39.78,0.0,-2.285125494003296,19.55933952331543,89.47262573242188
39.800000000000004,0.0,-2.285125494003296,23.718299865722656,89.47262573242188
39.84,0.0,-2.285125494003296,24.73345947265625,89.38473510742188
39.88,0.0,-2.285125494003296,24.477142333984375,87.45114135742188
39.9,0.0,-2.285125494003296,21.232830047607422,83.32028198242188
39.94,0.0,-2.285125494003296,18.59921646118164,78.31051635742188
39.96,0.0,-2.285125494003296,11.709437370300293,72.42184448242188
40.0,0.0,-2.285125494003296,7.664782524108887,66.88473510742188
40.04,0.0,-2.285125494003296,-1.0054407119750977,61.08395004272461
40.08,0.0,-2.285125494003296,-9.557125091552734,56.07418441772461
40.1,0.0,-2.285125494003296,-9.557125091552734,54.316375732421875
40.14,0.0,-2.285125494003296,-19.900699615478516,54.228485107421875
40.18,0.0,-2.285125494003296,-23.90144157409668,54.228485107421875
40.2,0.0,-2.285125494003296,-24.81659698486328,55.72262191772461
40.24,0.0,-2.285125494003296,-24.332277297973633,59.41403579711914
40.28,0.0,-2.285125494003296,-20.847139358520508,64.51168060302734
40.300000000000004,0.0,-2.285125494003296,-18.09877586364746,70.48824310302734
40.34,0.0,-2.285125494003296,-11.01272964477539,77.95895385742188
40.36,0.0,-2.285125494003296,-2.5609452724456787,85.42965698242188
40.4,0.0,-2.285125494003296,1.8540860414505005,90.35153198242188
40.44,0.0,-2.285125494003296,10.37814998626709,92.9003677368164
40.46,0.0,-2.285125494003296,17.61983871459961,93.51559448242188
40.5,0.0,-2.285125494003296,20.468786239624023,93.51559448242188
40.54,0.0,-2.285125494003296,24.177581787109375,93.51559448242188
40.58,0.0,-2.285125494003296,24.881649017333984,93.42770385742188
40.6,0.0,-2.285125494003296,22.488317489624023,91.14254760742188
40.64,0.0,-2.285125494003296,20.207305908203125,87.62692260742188
40.68,0.0,-2.285125494003296,13.82976245880127,83.4081802368164
40.7,0.0,-2.285125494003296,5.722111701965332,76.28903198242188
40.74,0.0,-2.285125494003296,5.722111701965332,68.46676635742188
40.78,0.0,-2.285125494003296,1.3300544023513794,65.03903198242188
40.82,0.0,-2.285125494003296,-15.290223121643066,61.962860107421875
40.86,0.0,-2.285125494003296,-21.224531173706055,61.347625732421875
40.88,0.0,-2.285125494003296,-21.224531173706055,61.347625732421875
40.92,0.0,-2.285125494003296,-24.993715286254883,61.87497329711914
40.94,0.0,-2.285125494003296,-23.618120193481445,65.47848510742188
40.980000000000004,0.0,-2.285125494003296,-21.789873123168945,70.13668823242188
41.02,0.0,-2.285125494003296,-16.13754653930664,76.46481323242188
41.06,0.0,-2.285125494003296,-8.448159217834473,83.58395385742188
41.1,0.0,-2.285125494003296,-8.448159217834473,90.4394302368164
41.12,0.0,-2.285125494003296,-4.134755611419678,94.30661010742188
41.18,0.0,-2.285125494003296,4.74885368347168,94.92184448242188
41.2,0.0,-2.285125494003296,13.03702449798584,94.92184448242188
41.24,0.0,-2.285125494003296,19.680025100708008,94.92184448242188
41.28,0.0,-2.285125494003296,24.96697425842285,94.92184448242188
41.32,0.0,-2.285125494003296,22.931190490722656,93.51559448242188
41.34,0.0,-2.285125494003296,17.97979736328125,89.56050872802734
41.38,0.0,-2.285125494003296,14.59345531463623,85.25387573242188
41.42,0.0,-2.285125494003296,6.536813259124756,79.01363372802734
41.46,0.0,-2.285125494003296,-2.35727596282959,72.33394622802734
41.480000000000004,0.0,-2.285125494003296,-2.35727596282959,67.23629760742188
41.52,0.0,-2.285125494003296,-14.794731140136719,64.68746185302734
41.56,0.0,-2.285125494003296,-20.93840789794922,63.28121566772461
41.58,0.0,-2.285125494003296,-24.4063777923584,63.28121566772461
41.62,0.0,-2.285125494003296,-24.4063777923584,64.33590698242188
41.660000000000004,0.0,-2.285125494003296,-23.71869659423828,67.85153198242188
41.7,0.0,-2.285125494003296,-19.412063598632812,72.68551635742188
41.72,0.0,-2.285125494003296,-12.609798431396484,79.27730560302734
41.76,0.0,-2.285125494003296,-8.535065650939941,85.42965698242188
41.800000000000004,0.0,-2.285125494003296,0.30698585510253906,90.8788833618164
41.82,0.0,-2.285125494003296,0.30698585510253906,94.30661010742188
41.86,0.0,-2.285125494003296,13.145730018615723,94.92184448242188
41.9,0.0,-2.285125494003296,19.812252044677734,94.92184448242188
41.92,0.0,-2.285125494003296,22.22952651977539,95.00972747802734
41.96,0.0,-2.285125494003296,24.83843231201172,94.92184448242188
42.0,0.0,-2.285125494003296,24.23548126220703,94.57027435302734
42.02,0.0,-2.285125494003296,22.735950469970703,91.93356323242188
42.06,0.0,-2.285125494003296,17.58082389831543,87.97847747802734
42.08,0.0,-2.285125494003296,17.58082389831543,81.8261489868164
42.12,0.0,-2.285125494003296,5.859082221984863,75.41012573242188
42.160000000000004,0.0,-2.285125494003296,-3.1400656700134277,68.46676635742188
42.2,0.0,-2.285125494003296,-11.735530853271484,62.92965316772461
42.22,0.0,-2.285125494003296,-15.525836944580078,58.974578857421875
42.26,0.0,-2.285125494003296,-21.471786499023438,56.777313232421875
42.300000000000004,0.0,-2.285125494003296,-24.620201110839844,56.51364517211914
42.32,0.0,-2.285125494003296,-24.620201110839844,56.51364517211914
42.38,0.0,-2.285125494003296,-24.999361038208008,59.94137191772461
42.4,0.0,-2.285125494003296,-23.30230140686035,65.03903198242188
42.44,0.0,-2.285125494003296,-11.378596305847168,71.10348510742188
42.480000000000004,0.0,-2.285125494003296,-2.7053370475769043,78.13473510742188
42.5,0.0,-2.285125494003296,6.327500820159912,83.67183685302734
42.54,0.0,-2.285125494003296,10.605792045593262,87.09957885742188
42.58,0.0,-2.285125494003296,17.98128318786621,87.80270385742188
42.6,0.0,-2.285125494003296,22.994661331176758,87.80270385742188
42.64,0.0,-2.285125494003296,24.393178939819336,87.71481323242188
42.68,0.0,-2.285125494003296,24.74004554748535,87.01168823242188
42.72,0.0,-2.285125494003296,24.74004554748535,83.84761810302734
42.76,0.0,-2.285125494003296,16.021745681762695,78.22262573242188
42.78,0.0,-2.285125494003296,8.099035263061523,70.66403198242188
42.82,0.0,-2.285125494003296,3.661278486251831,65.65426635742188
42.86,0.0,-2.285125494003296,-5.432292938232422,60.46871566772461
42.9,0.0,-2.285125494003296,-13.810381889343262,56.865203857421875
42.94,0.0,-2.285125494003296,-13.810381889343262,56.07418441772461
42.980000000000004,0.0,-2.285125494003296,-17.37544059753418,56.07418441772461
43.02,0.0,-2.285125494003296,-24.836788177490234,58.447235107421875
43.04,0.0,-2.285125494003296,-23.899486541748047,62.13864517211914
43.08,0.0,-2.285125494003296,-19.6738224029541,66.62106323242188
43.1,0.0,-2.285125494003296,-12.821834564208984,73.91598510742188
43.14,0.0,-2.285125494003296,-8.684837341308594,80.50778198242188
43.18,0.0,-2.285125494003296,0.32093900442123413,86.7480239868164
43.22,0.0,-2.285125494003296,9.288495063781738,91.2304458618164
43.24,0.0,-2.285125494003296,9.288495063781738,92.81246948242188
43.28,0.0,-2.285125494003296,20.08208656311035,92.9003677368164
43.300000000000004,0.0,-2.285125494003296,24.09642791748047,92.9003677368164
43.34,0.0,-2.285125494003296,24.908815383911133,92.9003677368164
43.38,0.0,-2.285125494003296,24.004165649414062,92.63668823242188
43.4,0.0,-2.285125494003296,22.316421508789062,90.8788833618164
43.44,0.0,-2.285125494003296,16.751140594482422,87.80270385742188
43.480000000000004,0.0,-2.285125494003296,8.92685604095459,81.9140396118164
43.52,0.0,-2.285125494003296,-0.10509658604860306,75.49801635742188
43.56,0.0,-2.285125494003296,-0.10509658604860306,69.60933685302734
43.58,0.0,-2.285125494003296,-4.695646286010742,67.93942260742188
43.62,0.0,-2.285125494003296,-20.016979217529297,67.3241958618164
43.660000000000004,0.0,-2.285125494003296,-24.078691482543945,67.3241958618164
43.68,0.0,-2.285125494003296,-24.880250930786133,68.81832885742188
43.72,0.0,-2.285125494003296,-24.004762649536133,72.24606323242188
43.76,0.0,-2.285125494003296,-19.84662628173828,77.34371948242188
43.800000000000004,0.0,-2.285125494003296,-12.990224838256836,83.14450073242188
43.82,0.0,-2.285125494003296,-8.828962326049805,89.82418823242188
43.86,0.0,-2.285125494003296,0.25255510210990906,94.48239135742188
43.9,0.0,-2.285125494003296,9.304366111755371,97.29489135742188
43.94,0.0,-2.285125494003296,17.092130661010742,97.91011810302734
43.96,0.0,-2.285125494003296,17.092130661010742,97.91011810302734
44.0,0.0,-2.285125494003296,24.156892776489258,97.91011810302734
44.04,0.0,-2.285125494003296,24.84473419189453,97.91011810302734
44.06,0.0,-2.285125494003296,24.84473419189453,97.11911010742188
44.1,0.0,-2.285125494003296,19.598424911499023,93.69136810302734
44.14,0.0,-2.285125494003296,12.606541633605957,89.64839935302734
44.160000000000004,0.0,-2.285125494003296,12.606541633605957,84.02340698242188
44.2,0.0,-2.285125494003296,-0.7632167339324951,77.34371948242188
44.24,0.0,-2.285125494003296,-9.81579875946045,70.66403198242188
44.26,0.0,-2.285125494003296,-17.52236557006836,65.30269622802734
44.300000000000004,0.0,-2.285125494003296,-17.52236557006836,60.292938232421875
44.34,0.0,-2.285125494003296,-24.318498611450195,58.35934066772461
44.38,0.0,-2.285125494003296,-24.756677627563477,58.271453857421875
44.4,0.0,-2.285125494003296,-21.775808334350586,58.271453857421875
44.44,0.0,-2.285125494003296,-19.112943649291992,60.20504379272461
44.480000000000004,0.0,-2.285125494003296,-11.900593757629395,63.28121566772461
44.5,0.0,-2.285125494003296,-3.036522388458252,68.73043823242188
44.54,0.0,-2.285125494003296,1.6362543106079102,74.44332885742188
44.58,0.0,-2.285125494003296,10.652216911315918,77.95895385742188
44.6,0.0,-2.285125494003296,18.193721771240234,79.27730560302734
44.64,0.0,-2.285125494003296,21.071069717407227,79.18942260742188
44.68,0.0,-2.285125494003296,24.53544044494629,79.10152435302734
44.7,0.0,-2.285125494003296,24.53544044494629,76.72848510742188
44.74,0.0,-2.285125494003296,23.307716369628906,72.50972747802734
44.78,0.0,-2.285125494003296,18.364898681640625,68.20309448242188
44.82,0.0,-2.285125494003296,10.856040954589844,59.76559066772461
44.84,0.0,-2.285125494003296,1.8263787031173706,53.525360107421875
44.88,0.0,-2.285125494003296,-2.8684959411621094,50.36129379272461
44.92,0.0,-2.285125494003296,-11.795872688293457,48.60348129272461
44.96,0.0,-2.285125494003296,-19.07512855529785,48.69137191772461
45.0,0.0,-2.285125494003296,-23.682737350463867,48.69137191772461
45.02,0.0,-2.285125494003296,-23.682737350463867,52.11910629272461
45.06,0.0,-2.285125494003296,-24.286535263061523,56.865203857421875
45.1,0.0,-2.285125494003296,-20.393877029418945,62.49020767211914
45.14,0.0,-2.285125494003296,-20.393877029418945,70.40036010742188
45.18,0.0,-2.285125494003296,-17.319133758544922,81.03512573242188
45.2,0.0,-2.285125494003296,4.451676368713379,89.73629760742188
45.24,0.0,-2.285125494003296,8.994690895080566,94.92184448242188
45.28,0.0,-2.285125494003296,16.971853256225586,97.99801635742188
45.300000000000004,0.0,-2.285125494003296,22.552562713623047,100.10739135742188
45.34,0.0,-2.285125494003296,24.17949867248535,100.63473510742188
45.38,0.0,-2.285125494003296,24.814844131469727,100.63473510742188
45.42,0.0,-2.285125494003296,21.931486129760742,100.63473510742188
45.44,0.0,-2.285125494003296,21.931486129760742,100.54684448242188
45.480000000000004,0.0,-2.285125494003296,19.278047561645508,98.43746948242188
45.52,0.0,-2.285125494003296,3.0427615642547607,94.83395385742188
45.56,0.0,-2.285125494003296,-6.3685994148254395,89.91207885742188
45.58,0.0,-2.285125494003296,-14.877297401428223,86.92379760742188
45.62,0.0,-2.285125494003296,-18.403575897216797,85.78121948242188
45.660000000000004,0.0,-2.285125494003296,-23.367843627929688,85.69332885742188
45.68,0.0,-2.285125494003296,-24.99640655517578,85.69332885742188
45.72,0.0,-2.285125494003296,-24.465362548828125,86.48434448242188
45.76,0.0,-2.285125494003296,-20.804298400878906,88.76949310302734
45.78,0.0,-2.285125494003296,-14.161632537841797,92.46090698242188
45.82,0.0,-2.285125494003296,-10.004962921142578,95.97653198242188
45.86,0.0,-2.285125494003296,-0.7656041979789734,100.10739135742188
45.9,0.0,-2.285125494003296,-0.7656041979789734,105.02926635742188
45.92,0.0,-2.285125494003296,3.9829232692718506,107.84176635742188
45.96,0.0,-2.285125494003296,12.883512496948242,108.80856323242188
46.0,0.0,-2.285125494003296,24.120912551879883,108.80856323242188
46.04,0.0,-2.285125494003296,24.831890106201172,108.80856323242188
46.06,0.0,-2.285125494003296,21.960567474365234,108.10543060302734
46.1,0.0,-2.285125494003296,19.2902889251709,106.43551635742188
46.14,0.0,-2.285125494003296,11.96058177947998,103.88668823242188
46.18,0.0,-2.285125494003296,2.897092342376709,99.14058685302734
46.22,0.0,-2.285125494003296,-6.590429782867432,93.60347747802734
46.24,0.0,-2.285125494003296,-6.590429782867432,90.35153198242188
46.28,0.0,-2.285125494003296,-11.060669898986816,89.64839935302734
46.32,0.0,-2.285125494003296,-23.519611358642578,89.64839935302734
46.36,0.0,-2.285125494003296,-24.982179641723633,89.64839935302734
46.38,0.0,-2.285125494003296,-24.343685150146484,89.99996185302734
46.42,0.0,-2.285125494003296,-20.440017700195312,90.70309448242188
46.44,0.0,-2.285125494003296,-13.556193351745605,94.13082122802734
46.480000000000004,0.0,-2.285125494003296,-13.556193351745605,98.17378997802734
46.52,0.0,-2.285125494003296,0.08623962849378586,103.35934448242188
46.54,0.0,-2.285125494003296,9.460160255432129,108.36911010742188
46.58,0.0,-2.285125494003296,9.460160255432129,112.58785247802734
46.62,0.0,-2.285125494003296,20.556743621826172,114.69723510742188
46.660000000000004,0.0,-2.285125494003296,24.395902633666992,114.87301635742188
46.7,0.0,-2.285125494003296,24.66026496887207,114.7851333618164
46.72,0.0,-2.285125494003296,21.305570602416992,114.60934448242188
46.76,0.0,-2.285125494003296,18.404001235961914,112.58785247802734
46.800000000000004,0.0,-2.3730435371398926,10.68348217010498,109.33590698242188
46.82,0.0,-2.3730435371398926,10.68348217010498,104.67770385742188
46.86,0.0,-2.285125494003296,-3.4285695552825928,100.63473510742188
46.9,0.0,-2.285125494003296,-12.506749153137207,96.50387573242188
46.94,0.0,-2.285125494003296,-19.74443244934082,92.98825073242188
46.96,0.0,-2.285125494003296,-24.070016860961914,92.54878997802734
47.0,0.0,-2.285125494003296,-24.919702529907227,92.54878997802734
47.04,0.0,-2.285125494003296,-23.832109451293945,92.54878997802734
47.08,0.0,-2.285125494003296,-19.21562957763672,92.81246948242188
47.1,0.0,-2.285125494003296,-15.777957916259766,94.30661010742188
47.14,0.0,-2.285125494003296,-7.279331684112549,96.5917739868164
47.18,0.0,-2.285125494003296,2.303955078125,100.28317260742188
47.2,0.0,-2.285125494003296,11.549633979797363,104.23825073242188
47.24,0.0,-2.285125494003296,15.608367919921875,105.02926635742188
47.28,0.0,-2.285125494003296,21.839672088623047,105.02926635742188
47.32,0.0,-2.285125494003296,24.820737838745117,105.02926635742188
47.34,0.0,-2.285125494003296,24.10211181640625,104.67770385742188
47.38,0.0,-2.285125494003296,24.10211181640625,102.8320083618164
47.42,0.0,-2.285125494003296,16.458784103393555,99.66793823242188
47.46,0.0,-2.285125494003296,8.088687896728516,95.18551635742188
47.480000000000004,0.0,-2.285125494003296,8.088687896728516,89.73629760742188
47.52,0.0,-2.285125494003296,-6.297090530395508,87.09957885742188
47.56,0.0,-2.285125494003296,-15.015557289123535,85.42965698242188
47.58,0.0,-2.285125494003296,-15.015557289123535,84.99020385742188
47.62,0.0,-2.285125494003296,-23.554990768432617,84.99020385742188
47.660000000000004,0.0,-2.285125494003296,-24.97060775756836,85.16598510742188
47.68,0.0,-2.285125494003296,-24.97060775756836,87.71481323242188
47.72,0.0,-2.285125494003296,-24.26160430908203,91.49411010742188
47.76,0.0,-2.285125494003296,-12.982490539550781,95.88864135742188
47.800000000000004,0.0,-2.285125494003296,-3.8637335300445557,100.28317260742188
47.82,0.0,-2.285125494003296,5.8427042961120605,105.38082885742188
47.86,0.0,-2.285125494003296,5.8427042961120605,109.24801635742188
47.9,0.0,-2.285125494003296,18.327322006225586,109.86324310302734
47.92,0.0,-2.285125494003296,23.42919921875,109.95114135742188
47.96,0.0,-2.285125494003296,23.42919921875,109.86324310302734
48.0,0.0,-2.285125494003296,24.33395004272461,109.16012573242188
48.04,0.0,-2.285125494003296,20.29722785949707,107.22654724121094
48.06,0.0,-2.285125494003296,20.29722785949707,104.41403198242188
48.1,0.0,-2.3730435371398926,17.064220428466797,101.07418823242188
48.120000000000005,0.0,-2.285125494003296,-0.8414961695671082,96.06442260742188
48.160000000000004,0.0,-2.285125494003296,-0.8414961695671082,90.26364135742188
48.2,0.0,-2.285125494003296,-14.58477783203125,87.80270385742188
48.22,0.0,-2.285125494003296,-21.249801635742188,86.66012573242188
48.26,0.0,-2.285125494003296,-21.249801635742188,86.48434448242188
48.300000000000004,0.0,-2.285125494003296,-23.413108825683594,86.48434448242188
48.32,0.0,-2.285125494003296,-22.737308502197266,86.8359146118164
48.36,0.0,-2.285125494003296,-22.737308502197266,88.94528198242188
48.4,0.0,-2.285125494003296,-13.095328330993652,92.02145385742188
48.42,0.0,-2.285125494003296,-3.9148969650268555,95.44918823242188
48.46,0.0,-2.285125494003296,0.9965221285820007,98.78903198242188
48.5,0.0,-2.285125494003296,10.518282890319824,101.2499771118164
48.52,0.0,-2.285125494003296,10.518282890319824,102.56832885742188
48.56,0.0,-2.285125494003296,14.75924015045166,102.56832885742188
48.6,0.0,-2.285125494003296,21.383390426635742,102.56832885742188
48.620000000000005,0.0,-2.285125494003296,24.251195907592773,102.48043823242188
48.660000000000004,0.0,-2.285125494003296,22.586894989013672,101.2499771118164
48.7,0.0,-2.285125494003296,16.71686363220215,98.78903198242188
48.74,0.0,-2.285125494003296,8.262612342834473,94.30661010742188
48.76,0.0,-2.285125494003296,8.262612342834473,89.03317260742188
48.800000000000004,0.0,-2.285125494003296,-6.352551460266113,86.57223510742188
48.84,0.0,-2.285125494003296,-15.189472198486328,85.42965698242188
48.86,0.0,-2.285125494003296,-21.676860809326172,85.42965698242188
48.9,0.0,-2.285125494003296,-23.704994201660156,85.42965698242188
48.94,0.0,-2.285125494003296,-24.932838439941406,86.13278198242188
48.96,0.0,-2.285125494003296,-22.287961959838867,88.76949310302734
49.0,0.0,-2.285125494003296,-19.61753273010254,92.10933685302734
49.04,0.0,-2.285125494003296,-12.097785949707031,95.8007583618164
49.08,0.0,-2.285125494003296,-2.6903395652770996,101.42575073242188
49.120000000000005,0.0,-2.285125494003296,7.141024589538574,107.22654724121094
49.14,0.0,-2.285125494003296,15.862741470336914,110.47848510742188
49.18,0.0,-2.285125494003296,19.368419647216797,111.35739135742188
49.22,0.0,-2.285125494003296,23.98099136352539,111.4452896118164
49.24,0.0,-2.285125494003296,24.844188690185547,111.35739135742188
49.28,0.0,-2.285125494003296,23.80161476135254,111.35739135742188
49.32,0.0,-2.285125494003296,18.96908187866211,108.63277435302734
49.36,0.0,-2.3730435371398926,11.159323692321777,105.11715698242188
49.38,0.0,-2.3730435371398926,11.159323692321777,100.8105239868164
49.42,0.0,-2.285125494003296,-3.3827381134033203,95.53707885742188
49.46,0.0,-2.285125494003296,-12.744587898254395,90.52731323242188
49.480000000000004,0.0,-2.285125494003296,-12.744587898254395,87.27536010742188
49.52,0.0,-2.285125494003296,-22.654071807861328,85.60543823242188
49.56,0.0,-2.285125494003296,-24.982921600341797,85.51753997802734
49.6,0.0,-2.285125494003296,-23.371370315551758,85.51753997802734
49.620000000000005,0.0,-2.285125494003296,-23.371370315551758,86.04489135742188
49.660000000000004,0.0,-2.285125494003296,-14.272587776184082,88.24215698242188
49.7,0.0,-2.285125494003296,-5.142813205718994,90.96676635742188
49.74,0.0,-2.285125494003296,4.805492877960205,95.18551635742188
49.78,0.0,-2.285125494003296,13.996979713439941,97.91011810302734
49.800000000000004,0.0,-2.285125494003296,13.996979713439941,98.17378997802734
49.84,0.0,-2.285125494003296,23.263107299804688,98.17378997802734
49.88,0.0,-2.285125494003296,24.99131202697754,98.17378997802734
49.9,0.0,-2.285125494003296,24.99131202697754,97.99801635742188
49.94,0.0,-2.285125494003296,20.219511032104492,96.50387573242188
49.980000000000004,0.0,-2.285125494003296,12.858832359313965,93.07614135742188
