dt,yaw_cmd,yaw_pos,pitch_cmd,pitch_pos
1778673481.338398,0.0,-2.1972618103027344,0.0,-0.26368993520736694
1778673481.3392935,2.218789577484131,-2.1972618103027344,0.050895825028419495,-0.26368993520736694
1778673481.3401008,0.6066747903823853,-2.1972618103027344,0.8265333771705627,-0.26368993520736694
1778673481.3408527,-2.2962920665740967,-2.1972618103027344,2.5603151321411133,-0.35158079862594604
1778673481.341606,0.2234226018190384,-2.1972618103027344,3.5101428031921387,-1.5820530652999878
1778673481.3423386,-5.099158763885498,-2.1972618103027344,5.988389015197754,-3.5156521797180176
1778673481.343108,-0.6766749620437622,-2.1972618103027344,5.445652961730957,-6.2402424812316895
1778673481.3438287,-2.5718486309051514,-2.1972618103027344,6.634716510772705,-7.207041263580322
1778673481.3732655,-1.5042283535003662,-2.460907220840454,5.81907320022583,-9.228531837463379
1778673481.408274,-1.992356777191162,-2.548825263977051,5.998287200927734,-11.074240684509277
1778673481.441704,2.0882718563079834,-2.724606990814209,5.819544315338135,-11.601585388183594
1778673481.4768393,-3.422208070755005,-3.0761706829071045,6.21078634262085,-12.91994857788086
1778673481.5121138,-3.8084285259246826,-4.042943000793457,5.73968505859375,-13.974638938903809
1778673481.5470753,-4.255323886871338,-5.449197292327881,6.952991962432861,-14.765657424926758
1778673481.5823364,-1.161670446395874,-6.767532825469971,3.7257001399993896,-16.699228286743164
1778673481.617262,-3.7080955505371094,-7.6464409828186035,4.8382792472839355,-17.226573944091797
1778673481.651946,-3.7358336448669434,-7.9101409912109375,5.395956516265869,-17.402355194091797
1778673481.6867988,-5.074088096618652,-8.173786163330078,5.892210483551025,-18.01759147644043
1778673481.722089,-5.074088096618652,-9.316394805908203,5.892210483551025,-18.984390258789062
1778673481.7554655,-4.594459056854248,-10.898430824279785,7.009195804595947,-19.599628448486328
1778673481.790614,-4.912248134613037,-11.777339935302734,5.80393123626709,-21.796899795532227
1778673481.8263478,-1.9627727270126343,-11.777339935302734,6.511959552764893,-22.939481735229492
1778673481.8633676,0.6685258150100708,-11.777339935302734,5.466704845428467,-24.433626174926758
1778673481.8978524,1.9444547891616821,-11.777339935302734,5.222689151763916,-24.609407424926758
1778673481.9336615,3.8814070224761963,-11.777339935302734,5.328803062438965,-25.224641799926758
1778673481.9666157,1.927525281906128,-11.777339935302734,3.152622699737549,-25.839853286743164
1778673482.0017605,1.4328635931015015,-11.777339935302734,-0.6705625057220459,-25.839853286743164
1778673482.0371487,-1.2061387300491333,-11.777339935302734,-0.2977379858493805,-25.751962661743164
1778673482.0718923,-1.7636531591415405,-11.777339935302734,-0.001363801653496921,-24.873079299926758
1778673482.10695,-0.14951926469802856,-11.777339935302734,-1.5387349128723145,-23.554718017578125
1778673482.1419795,-1.944603681564331,-11.777339935302734,-3.4996089935302734,-21.796899795532227
1778673482.1767018,-2.7161495685577393,-11.777339935302734,-3.1561777591705322,-18.896501541137695
1778673482.2118979,-3.980642795562744,-11.777339935302734,-3.494598388671875,-17.226573944091797
1778673482.247102,-5.183248996734619,-11.777339935302734,-3.2807250022888184,-15.908210754394531
1778673482.2806754,-5.786194801330566,-11.777339935302734,1.5185599327087402,-15.205110549926758
1778673482.3174021,-5.3967976570129395,-12.216766357421875,2.6029703617095947,-15.205110549926758
1778673482.3526075,-6.423945903778076,-13.359375,4.839278697967529,-15.556674003601074
1778673482.3881164,-5.75747537612915,-15.117192268371582,3.027217149734497,-18.544937133789062
1778673482.4230485,-1.9241384267807007,-17.226518630981445,5.471164703369141,-20.39064598083496
1778673482.45792,0.29507842659950256,-18.808555603027344,4.852946758270264,-22.851591110229492
1778673482.493108,-0.21001911163330078,-18.808555603027344,4.500990867614746,-24.082061767578125
1778673482.5281463,-2.4626574516296387,-19.072254180908203,4.0394182205200195,-25.13675308227539
1778673482.5626445,-3.894444465637207,-18.984336853027344,4.191962718963623,-25.839853286743164
1778673482.5960107,0.8146688342094421,-18.984336853027344,0.011214794591069221,-26.191415786743164
1778673482.6310124,0.9133103489875793,-18.984336853027344,-0.10942992568016052,-26.191415786743164
1778673482.6665118,-0.8516630530357361,-18.984336853027344,1.4796879291534424,-26.191415786743164
1778673482.7052722,-0.20119982957839966,-18.984336853027344,4.273303508758545,-26.191415786743164
1778673482.738551,4.803534507751465,-18.984336853027344,4.5321245193481445,-26.191415786743164
1778673482.7718349,4.667219161987305,-18.984336853027344,2.551461696624756,-26.191415786743164
1778673482.8067548,5.36509370803833,-18.984336853027344,-1.3011544942855835,-26.718759536743164
1778673482.841876,5.458705902099609,-18.01756477355957,-0.43171897530555725,-26.806652069091797
1778673482.8765848,4.473819732666016,-16.611310958862305,-4.474233150482178,-26.806652069091797
1778673482.911924,1.4510494470596313,-14.765628814697266,-4.329038143157959,-26.806652069091797
1778673482.9467773,0.40086522698402405,-13.007811546325684,-2.843581438064575,-24.697298049926758
1778673482.9817688,-0.17360885441303253,-11.074212074279785,-2.3604965209960938,-23.906280517578125
1778673483.017009,1.4481425285339355,-9.93160343170166,-2.764158010482788,-23.378934860229492
1778673483.0523427,3.386003017425537,-9.75582218170166,-5.819025993347168,-22.67580795288086
1778673483.0874894,4.950695514678955,-9.75582218170166,-5.434858322143555,-20.214862823486328
1778673483.1223645,5.06934928894043,-9.75582218170166,-3.0208897590637207,-17.75391960144043
1778673483.1576562,5.995936870574951,-8.261704444885254,-3.2735040187835693,-17.66602897644043
1778673483.1926765,4.3955864906311035,-6.8554511070251465,-3.8207719326019287,-17.66602897644043
1778673483.22775,6.021151065826416,-5.009769916534424,-2.588430166244507,-17.578136444091797
1778673483.262895,6.260432243347168,-4.042943000793457,-0.6530188322067261,-17.578136444091797
1778673483.2979808,5.496470928192139,-2.900388717651367,1.5503672361373901,-18.01759147644043
1778673483.3332686,5.808468341827393,-2.285125494003296,-0.9299787282943726,-20.39064598083496
1778673483.3685682,5.307426929473877,-1.581998348236084,-2.0833444595336914,-21.357444763183594
1778673483.401617,6.3985114097595215,-0.439444363117218,-1.1748456954956055,-21.357444763183594
1778673483.4366806,7.236495018005371,0.5273826122283936,1.3788858652114868,-21.357444763183594
1778673483.471768,7.75324821472168,2.1094183921813965,4.186288833618164,-21.357444763183594
1778673483.5088983,7.058764457702637,4.130880832672119,2.3280413150787354,-22.851591110229492
1778673483.5421677,5.080341815948486,5.361352920532227,3.8690695762634277,-24.345735549926758
1778673483.5772657,3.680185317993164,5.712916374206543,5.5738725662231445,-26.279306411743164
1778673483.612358,3.6701784133911133,5.712916374206543,5.407112121582031,-29.443378448486328
1778673483.647338,5.015287399291992,5.712916374206543,4.454552173614502,-31.113306045532227
1778673483.682606,5.136927127838135,5.712916374206543,1.753229022026062,-31.552759170532227
1778673483.7175174,-0.05252022668719292,5.712916374206543,3.8065695762634277,-31.552759170532227
1778673483.7528737,-0.9095430374145508,5.712916374206543,3.245739698410034,-31.640649795532227
1778673483.7880185,1.3712717294692993,5.712916374206543,5.382109642028809,-32.43166732788086
1778673483.823047,1.7936967611312866,5.712916374206543,6.792793273925781,-34.89261245727539
1778673483.8579595,3.421818256378174,5.712916374206543,4.564458847045898,-37.96876525878906
1778673483.893309,2.541220188140869,5.712916374206543,3.0165717601776123,-38.93556594848633
1778673483.9283888,1.743362545967102,5.712916374206543,2.2813563346862793,-38.93556594848633
1778673483.9634657,2.0047414302825928,5.712916374206543,-0.7432783246040344,-38.93556594848633
1778673483.9983218,2.7791059017181396,5.712916374206543,-2.7293148040771484,-36.9140739440918
1778673484.0315847,2.9430506229400635,5.800780296325684,1.2097982168197632,-34.101593017578125
1778673484.0668309,2.9016785621643066,6.328125476837158,-0.6394912600517273,-33.134796142578125
1778673484.1056929,0.8556877374649048,6.679688930511475,-0.033914633095264435,-33.134796142578125
1778673484.1370754,1.714803695678711,6.76760721206665,-4.404546737670898,-33.134796142578125
1778673484.172112,1.8077658414840698,6.855470657348633,-5.141568660736084,-33.04690170288086
1778673484.206964,4.190563201904297,6.855470657348633,-5.832439422607422,-31.289085388183594
1778673484.241904,5.805999755859375,7.031252384185791,-6.32446813583374,-28.12501335144043
1778673484.2774122,5.647755146026611,7.734379768371582,-6.039712905883789,-24.345735549926758
1778673484.31223,4.58817720413208,8.876988410949707,-5.767216205596924,-22.76369857788086
1778673484.3473485,2.7661397457122803,10.019542694091797,-6.823376178741455,-22.14846420288086
1778673484.3826349,3.4284913539886475,10.986369132995605,-6.819518566131592,-19.863300323486328
1778673484.4177575,3.230104684829712,11.250015258789062,-5.559585094451904,-18.193374633789062
1778673484.452862,2.023865222930908,11.337933540344238,-6.397857666015625,-17.578136444091797
1778673484.4881139,1.8665469884872437,11.337933540344238,-2.3680646419525146,-16.435556411743164
1778673484.5234008,-0.044751618057489395,11.337933540344238,1.1054023504257202,-15.732429504394531
1778673484.5582278,1.7500653266906738,11.337933540344238,-0.29992008209228516,-15.820320129394531
1778673484.5933955,0.3120700716972351,11.337933540344238,-4.915644645690918,-15.908210754394531
1778673484.6266234,3.310842514038086,11.337933540344238,-6.911163806915283,-16.347665786743164
1778673484.661948,3.8316762447357178,11.337933540344238,-7.045087814331055,-16.347665786743164
1778673484.6969323,4.619136333465576,11.337933540344238,-7.135538101196289,-14.853547096252441
1778673484.732132,1.6534509658813477,11.337933540344238,-7.304431915283203,-11.425804138183594
1778673484.7671745,1.848366618156433,11.425796508789062,-5.281320571899414,-8.964859008789062
1778673484.8023205,3.383648633956909,11.601578712463379,-2.944486141204834,-8.34962272644043
1778673484.837392,0.5703920125961304,11.777359962463379,-0.42351773381233215,-8.43751335144043
1778673484.8727834,-0.2898995578289032,11.865278244018555,-2.140702247619629,-9.228531837463379
1778673484.9097037,-0.25255680084228516,11.865278244018555,0.18060612678527832,-9.580095291137695
1778673484.9429953,-3.7148540019989014,11.865278244018555,0.10471641272306442,-9.931658744812012
1778673484.9782367,-2.716402292251587,11.865278244018555,0.32751238346099854,-11.95314884185791
1778673485.0133271,-0.32089608907699585,11.865278244018555,1.3990464210510254,-12.304712295532227
1778673485.0485482,-2.5936713218688965,11.865278244018555,6.231934070587158,-13.710967063903809
1778673485.0816405,-1.5184941291809082,11.865278244018555,3.327268362045288,-17.49024772644043
1778673485.1168296,-4.4387125968933105,11.865278244018555,2.495738983154297,-19.775409698486328
1778673485.1519299,-4.19404935836792,11.865278244018555,-2.3009839057922363,-20.12697410583496
1778673485.1872168,-6.3357253074646,11.865278244018555,-0.5753647685050964,-20.12697410583496
1778673485.2222826,-4.257197856903076,10.107460975646973,-0.006428929511457682,-18.984390258789062
1778673485.2573018,-3.0452733039855957,7.734379768371582,4.714867115020752,-17.92970085144043
1778673485.292349,-2.8672025203704834,5.273434638977051,5.127657413482666,-17.92970085144043
1778673485.32759,-4.328392028808594,4.218744277954102,1.4725147485733032,-18.369155883789062
1778673485.362846,-0.9459906220436096,4.218744277954102,-1.8782293796539307,-18.544937133789062
1778673485.3979301,4.014523029327393,4.218744277954102,2.6687066555023193,-18.544937133789062
1778673485.4329133,-1.1274205446243286,4.218744277954102,-3.267112970352173,-18.544937133789062
1778673485.468138,2.2101433277130127,4.218744277954102,-0.5685603022575378,-18.544937133789062
1778673485.5052967,5.298644065856934,4.218744277954102,-2.7447779178619385,-17.75391960144043
1778673485.538519,5.400672435760498,5.097652912139893,-2.998068332672119,-15.732429504394531
1778673485.5717328,2.4783005714416504,6.240261554718018,-2.6017115116119385,-14.853547096252441
1778673485.6070204,4.124691009521484,7.91016149520874,-4.7268195152282715,-13.886748313903809
1778673485.6419506,3.3137145042419434,8.52542495727539,-5.489103317260742,-11.865257263183594
1778673485.6769235,1.4348417520523071,9.140633583068848,-5.127912521362305,-9.755876541137695
1778673485.711583,-2.0554862022399902,9.228551864624023,-0.9503755569458008,-8.613295555114746
1778673485.7469046,-0.46472877264022827,9.228551864624023,0.782837986946106,-8.701186180114746
1778673485.7824013,1.6334943771362305,9.228551864624023,-1.3489021062850952,-8.789076805114746
1778673485.817605,-0.2761310040950775,9.228551864624023,-1.2571922540664673,-8.876968383789062
1778673485.8526475,1.0820492506027222,9.228551864624023,-3.002028703689575,-8.964859008789062
1778673485.8881443,-2.141165256500244,9.228551864624023,-2.301665782928467,-8.964859008789062
1778673485.923034,0.13249291479587555,9.228551864624023,-4.223475456237793,-8.876968383789062
1778673485.9583867,0.1725894957780838,9.228551864624023,-4.4097442626953125,-7.558604717254639
1778673485.9932852,-0.4220050275325775,9.228551864624023,0.1407468020915985,-6.152351379394531
1778673486.0283656,-0.7235126495361328,9.228551864624023,-2.927553415298462,-5.888679027557373
1778673486.0618243,1.6076985597610474,9.228551864624023,-0.7086105346679688,-5.712924480438232
1778673486.0969832,3.2239341735839844,9.228551864624023,-1.3358728885650635,-5.800815105438232
1778673486.1321833,4.018512725830078,9.228551864624023,0.546623706817627,-5.888679027557373
1778673486.1674178,3.8934967517852783,9.228551864624023,0.11076827347278595,-6.767587661743164
1778673486.2023447,3.650636672973633,9.228551864624023,-0.036594294011592865,-7.031260013580322
1778673486.2374668,4.520791530609131,9.228551864624023,0.02203577570617199,-7.207041263580322
1778673486.2726634,4.52818489074707,9.58011531829834,3.316737413406372,-7.3828229904174805
1778673486.3098478,5.288839817047119,10.72266960144043,4.88414192199707,-9.755876541137695
1778673486.3431,4.272087574005127,12.568405151367188,4.712228775024414,-13.09572982788086
1778673486.3780656,-2.341151714324951,15.556640625,6.208332061767578,-15.732429504394531
1778673486.4133618,0.5605378746986389,18.01758575439453,6.820871353149414,-19.072282791137695
1778673486.4476638,5.273151874542236,19.951183319091797,7.151626110076904,-21.884790420532227
1778673486.4833214,5.512753486633301,20.65431022644043,7.40561580657959,-24.169952392578125
1778673486.5183415,4.894600868225098,20.65431022644043,6.038190841674805,-26.455089569091797
1778673486.55341,4.174642086029053,20.65431022644043,7.051563739776611,-26.542980194091797
1778673486.5883548,3.475536584854126,20.65431022644043,5.388212203979492,-28.12501335144043
1778673486.6215806,3.1054129600524902,20.65431022644043,4.632412433624268,-29.61916160583496
1778673486.656726,-0.20665699243545532,20.65431022644043,5.234658718109131,-29.61916160583496
1778673486.6918395,-1.6648964881896973,20.65431022644043,0.07569415867328644,-30.05861473083496
1778673486.7269268,-3.940342903137207,20.65431022644043,0.16582155227661133,-30.14650535583496
1778673486.762193,-3.1191396713256836,20.65431022644043,2.627105474472046,-30.14650535583496
1778673486.796929,-3.5799739360809326,20.65431022644043,2.732677459716797,-30.14650535583496
1778673486.8320644,-2.154179334640503,20.65431022644043,3.9921715259552,-30.14650535583496
1778673486.8671942,-2.465333938598633,20.65431022644043,2.3228414058685303,-30.14650535583496
1778673486.9022727,0.29062220454216003,20.03910255432129,-1.881616473197937,-30.14650535583496
1778673486.9373717,0.7395934462547302,18.720712661743164,-1.466241717338562,-30.14650535583496
1778673486.972741,5.365095615386963,18.19336700439453,-3.9971365928649902,-28.828140258789062
1778673487.0076296,0.5839617252349854,18.19336700439453,-4.1697797775268555,-25.48828887939453
1778673487.0426075,-1.3149561882019043,18.19336700439453,-5.239719390869141,-22.412134170532227
1778673487.0779064,1.1434261798858643,18.19336700439453,-4.399364948272705,-20.039081573486328
1778673487.1130326,5.9949564933776855,18.19336700439453,-5.335165500640869,-18.369155883789062
1778673487.148286,5.188778400421143,18.19336700439453,-5.497225761413574,-16.611337661743164
1778673487.1831934,4.801660537719727,18.19336700439453,-0.16914565861225128,-15.644537925720215
1778673487.2181995,3.8873379230499268,18.19336700439453,-0.24372170865535736,-15.732429504394531
1778673487.2534795,5.775092601776123,19.335975646972656,-0.7669077515602112,-15.996101379394531
1778673487.2886279,4.8585405349731445,21.357437133789062,2.3586652278900146,-17.75391960144043
1778673487.321639,5.512722015380859,23.29103660583496,3.1097748279571533,-21.00588035583496
1778673487.356896,4.488440036773682,24.960935592651367,5.261970520019531,-24.082061767578125
1778673487.3919423,0.9718489646911621,26.455108642578125,5.325843811035156,-27.24610710144043
1778673487.427332,1.5770896673202515,26.806673049926758,5.345518112182617,-29.882831573486328
1778673487.4621801,2.572183847427368,26.806673049926758,4.394972801208496,-30.49806785583496
1778673487.497267,4.935438632965088,26.806673049926758,6.004400253295898,-31.72854232788086
1778673487.5323558,4.245931625366211,26.806673049926758,5.867320537567139,-33.398468017578125
1778673487.5674083,2.3599884510040283,26.806673049926758,5.325896263122559,-34.98050308227539
1778673487.6027117,3.3482189178466797,26.806673049926758,6.978014945983887,-36.5625114440918
1778673487.6375494,3.4654664993286133,26.806673049926758,3.6635489463806152,-38.84767532348633
1778673487.6728435,3.6534786224365234,27.2460994720459,1.7035348415374756,-39.72658157348633
1778673487.7098155,3.0358264446258545,28.564489364624023,3.3171334266662598,-39.72658157348633
1778673487.743055,4.997100830078125,29.882823944091797,0.8796029686927795,-39.72658157348633
1778673487.7780156,5.142847537994385,30.761734008789062,-1.0957006216049194,-39.63869094848633
1778673487.8130543,6.9125142097473145,32.69533157348633,0.47135061025619507,-38.67189407348633
1778673487.847788,7.2822370529174805,35.15627670288086,0.4609904885292053,-38.49611282348633
1778673487.8830814,7.339382171630859,37.70508575439453,2.0289113521575928,-38.49611282348633
1778673487.9180293,5.474398612976074,38.9355583190918,0.10796293616294861,-38.49611282348633
1778673487.9529731,5.853778839111328,39.726600646972656,-0.014252745546400547,-38.49611282348633
1778673487.9883687,5.938819885253906,39.726600646972656,-1.3827382326126099,-38.40821838378906
1778673488.0233006,6.427412033081055,39.90238571166992,-3.563103675842285,-36.5625114440918
1778673488.0581138,6.940605163574219,41.22072219848633,-5.034109115600586,-35.06836700439453
1778673488.0933027,6.179008960723877,43.593746185302734,-3.152294397354126,-32.60744857788086
1778673488.12676,6.604440689086914,45.3515625,-6.4114227294921875,-30.322288513183594
1778673488.162044,5.473316192626953,46.84573745727539,-6.315070152282715,-28.916034698486328
1778673488.196945,7.058311462402344,47.19729995727539,-6.845283508300781,-26.455089569091797
1778673488.232003,5.153522968292236,47.19729995727539,-6.158925533294678,-24.082061767578125
1778673488.2671442,0.5118414759635925,47.19729995727539,-6.0660552978515625,-23.027372360229492
1778673488.3022435,-3.8629965782165527,47.19729995727539,-4.677562236785889,-21.972681045532227
1778673488.3372998,-5.305138111114502,47.19729995727539,-3.411466598510742,-21.884790420532227
1778673488.3726666,-6.456638813018799,47.19729995727539,-6.006518840789795,-21.972681045532227
1778673488.407666,-2.794229507446289,47.19729995727539,-4.781705379486084,-21.884790420532227
1778673488.4428318,-3.449218988418579,47.19729995727539,-4.980149745941162,-21.00588035583496
1778673488.478161,-5.696579456329346,47.19729995727539,-4.4962639808654785,-19.248064041137695
1778673488.5133028,-3.3421201705932617,47.19729995727539,-4.565761089324951,-18.984390258789062
1778673488.548187,-4.410831451416016,47.19729995727539,-3.1429905891418457,-18.28126335144043
1778673488.5833297,-6.0826520919799805,45.878910064697266,2.684951066970825,-17.314464569091797
1778673488.6182687,-4.404688835144043,43.769527435302734,2.0328760147094727,-17.314464569091797
1778673488.6518068,-2.8039681911468506,41.66020202636719,5.831629276275635,-17.314464569091797
1778673488.6867611,-3.678274631500244,39.90238571166992,4.302342414855957,-19.951190948486328
1778673488.7222457,0.0726156011223793,38.32034683227539,3.0896594524383545,-23.730499267578125
1778673488.7569413,0.2389850616455078,38.40821075439453,5.005434513092041,-24.96097183227539
1778673488.7922592,4.014613151550293,38.40821075439453,4.716919898986816,-26.894542694091797
1778673488.8273408,4.52969217300415,38.40821075439453,5.3108367919921875,-28.916034698486328
1778673488.8625548,6.3443145751953125,38.40821075439453,5.299688339233398,-31.025415420532227
1778673488.8976562,6.0269269943237305,38.671913146972656,6.6776275634765625,-32.43166732788086
1778673488.9327636,3.3230109214782715,39.2871208190918,4.302190780639648,-34.18948745727539
1778673488.9680512,6.670665740966797,40.42972946166992,1.5716968774795532,-34.71683120727539
1778673489.0031693,5.595285892486572,42.36332702636719,2.246245861053467,-34.71683120727539
1778673489.0375352,4.750679016113281,44.91213607788086,6.435269832611084,-34.71683120727539
1778673489.0730035,2.6915934085845947,47.6367301940918,5.105484962463379,-34.71683120727539
1778673489.1084816,1.7273918390274048,49.13090133666992,5.375364780426025,-35.50782012939453
1778673489.1417212,1.9826096296310425,49.3945426940918,6.848939418792725,-37.88087463378906
1778673489.1766276,2.104163408279419,49.3945426940918,7.088508605957031,-41.044944763183594
1778673489.2117832,3.303105115890503,49.3945426940918,7.665241241455078,-43.417999267578125
1778673489.2468235,6.001773834228516,49.306678771972656,6.531494140625,-46.0546989440918
1778673489.281967,5.332740783691406,49.306678771972656,4.44225549697876,-47.72462463378906
1778673489.3172874,2.158129930496216,49.306678771972656,-0.8317110538482666,-47.81251525878906
1778673489.3521695,-1.4180140495300293,49.3945426940918,-2.1270384788513184,-47.81251525878906
1778673489.3872597,-3.124488353729248,49.306678771972656,-1.3331748247146606,-47.63673400878906
1778673489.422339,-5.962355613708496,49.3945426940918,-3.2320191860198975,-44.91211700439453
1778673489.457452,-4.346466541290283,49.3945426940918,-2.2868120670318604,-41.13283920288086
1778673489.4926398,-5.031189441680908,49.3945426940918,-1.416568398475647,-39.11134719848633
1778673489.527545,-5.2807745933532715,49.306678771972656,-3.005115509033203,-38.75978088378906
1778673489.5627396,-5.0130743980407715,49.3945426940918,-1.5913622379302979,-37.61720275878906
1778673489.5977986,-6.558059215545654,48.95512008666992,-2.9688327312469482,-37.52931213378906
1778673489.6331055,-6.993838310241699,47.37308120727539,-4.366431713104248,-35.59571075439453
1778673489.6674466,-6.109013557434082,44.38479232788086,-1.5970293283462524,-33.486358642578125
1778673489.701034,-4.903482913970947,41.923851013183594,3.105242967605591,-32.51955795288086
1778673489.7384634,-5.363561630249023,40.07816696166992,4.472690105438232,-32.51955795288086
1778673489.773393,-1.0857632160186768,38.847694396972656,2.778956651687622,-33.04690170288086
1778673489.808613,-4.216569900512695,38.05664825439453,3.512104034423828,-36.2109489440918
1778673489.8418245,-4.644828796386719,38.05664825439453,4.815577983856201,-39.02345657348633
1778673489.8765745,-4.802556991577148,38.05664825439453,5.08931303024292,-41.48440170288086
1778673489.9157915,-7.357577800750732,37.17774200439453,4.128249168395996,-42.978546142578125
1778673489.9470868,-5.250202178955078,36.123050689697266,-2.745242118835449,-42.978546142578125
1778673489.9822195,-4.297290325164795,34.189449310302734,-0.8169152140617371,-42.978546142578125
1778673490.0172026,-5.770764350891113,31.816425323486328,-0.7967135310173035,-42.978546142578125
1778673490.0521886,-1.1185988187789917,32.25590515136719,-0.5922644734382629,-42.539093017578125
1778673490.087114,0.42277273535728455,31.289077758789062,-2.150791883468628,-40.341819763183594
1778673490.1223197,1.3739701509475708,31.201215744018555,-5.857992172241211,-37.96876525878906
1778673490.157497,-0.5530627965927124,31.289077758789062,-5.6115851402282715,-35.06836700439453
1778673490.1926157,-0.36227861046791077,31.289077758789062,-3.1276333332061768,-31.992212295532227
1778673490.2276576,-4.157069683074951,31.289077758789062,-1.1822715997695923,-30.23439598083496
1778673490.2628438,-2.076812505722046,32.34376907348633,-2.521808624267578,-30.23439598083496
1778673490.2974503,-2.9249775409698486,32.43168640136719,-2.2068562507629395,-30.23439598083496
1778673490.3331258,-2.4511518478393555,32.43168640136719,-2.8946332931518555,-30.23439598083496
1778673490.3680341,0.8342110514640808,32.43168640136719,-6.016880989074707,-30.23439598083496
1778673490.4034011,1.3589916229248047,32.43168640136719,-5.3519768714904785,-28.916034698486328
1778673490.4386823,1.761141300201416,32.43168640136719,-1.9473719596862793,-26.279306411743164
1778673490.4718251,2.1480050086975098,32.51955032348633,2.8315553665161133,-25.48828887939453
1778673490.5088828,-0.16291926801204681,32.871116638183594,1.860300064086914,-25.48828887939453
1778673490.5419734,1.9270412921905518,33.04689407348633,2.8582983016967773,-25.48828887939453
1778673490.5774896,4.950659275054932,33.310543060302734,-2.1094884872436523,-27.949234008789062
1778673490.6122568,5.670913219451904,34.27737045288086,-4.44238805770874,-29.707050323486328
1778673490.647512,6.321670055389404,36.474613189697266,-3.24267315864563,-29.707050323486328
1778673490.6825926,4.535242080688477,38.7597770690918,-1.8419462442398071,-29.707050323486328
1778673490.7177231,2.0466175079345703,41.04493713378906,-4.834473609924316,-29.707050323486328
1778673490.752785,-2.1372451782226562,42.27540969848633,-5.710155487060547,-28.740251541137695
1778673490.787919,1.1989736557006836,42.45119094848633,-6.218307018280029,-24.785188674926758
1778673490.8232093,0.2285824567079544,42.36332702636719,-4.720711708068848,-22.76369857788086
1778673490.858143,3.559596538543701,42.36332702636719,-4.734524250030518,-22.23635482788086
1778673490.8934555,1.136214017868042,42.36332702636719,-4.225682735443115,-21.00588035583496
1778673490.9261165,-0.32726824283599854,42.36332702636719,-1.3799991607666016,-20.91798973083496
1778673490.9617517,-0.20281241834163666,42.36332702636719,0.048799604177474976,-20.91798973083496
1778673490.9968438,2.0940706729888916,42.36332702636719,-2.5035383701324463,-20.91798973083496
1778673491.0322342,1.8797149658203125,42.36332702636719,-2.1106185913085938,-21.00588035583496
1778673491.0673075,2.068791389465332,42.36332702636719,-4.201089382171631,-21.00588035583496
1778673491.1024604,1.7412352561950684,42.36332702636719,-3.54349684715271,-20.830101013183594
1778673491.1375322,1.8578474521636963,42.36332702636719,-0.4189406931400299,-19.335954666137695
1778673491.1726134,-1.48179292678833,42.36332702636719,1.7121635675430298,-18.10548210144043
1778673491.2077215,-1.2841594219207764,42.36332702636719,3.0245816707611084,-18.10548210144043
1778673491.2427368,-1.8045421838760376,42.36332702636719,3.589698076248169,-18.193374633789062
1778673491.278209,-1.9295614957809448,42.36332702636719,4.880661487579346,-21.269554138183594
1778673491.3149126,-0.5986659526824951,42.36332702636719,4.790250301361084,-26.01563262939453
1778673491.3483155,-2.4652113914489746,42.36332702636719,5.424676895141602,-27.68556022644043
1778673491.3834608,-2.5824339389801025,42.36332702636719,5.085937976837158,-30.49806785583496
1778673491.416878,-3.1833558082580566,42.09962844848633,5.333186626434326,-31.72854232788086
1778673491.451962,-2.008967161178589,41.13285827636719,5.144858360290527,-32.871124267578125
1778673491.4872828,0.12143100798130035,38.9355583190918,5.9520087242126465,-33.04690170288086
1778673491.522163,-2.548462152481079,37.70508575439453,6.5490522384643555,-34.89261245727539
1778673491.5570588,-0.9371442794799805,37.79300308227539,5.3805832862854,-37.17774963378906
1778673491.592222,4.141007900238037,37.88086700439453,2.7970340251922607,-37.70509338378906
1778673491.6272666,-0.039474643766880035,37.79300308227539,1.8925451040267944,-37.70509338378906
1778673491.6624448,-2.3725147247314453,37.79300308227539,5.26340389251709,-37.70509338378906
1778673491.697554,-4.250795841217041,37.79300308227539,5.654033660888672,-37.70509338378906
1778673491.7325637,-4.544424533843994,37.79300308227539,0.13218989968299866,-37.88087463378906
1778673491.767901,-0.38475656509399414,37.79300308227539,1.7923390865325928,-37.88087463378906
1778673491.8028808,-0.4660651981830597,37.79300308227539,-0.9382253289222717,-37.88087463378906
1778673491.837782,-2.3809916973114014,37.79300308227539,-0.7054201364517212,-37.08985900878906
1778673491.8729272,-0.6710343956947327,37.79300308227539,-4.144021987915039,-35.59571075439453
1778673491.909833,-2.3135156631469727,37.79300308227539,-6.7891035079956055,-34.62894058227539
1778673491.9431245,0.7501246333122253,37.79300308227539,-4.088537693023682,-30.761741638183594
1778673491.9781504,1.3319264650344849,37.79300308227539,-1.4872711896896362,-27.50977897644043
1778673492.0132658,4.300580978393555,37.79300308227539,2.4338881969451904,-26.542980194091797
1778673492.0483305,2.2899515628814697,37.79300308227539,3.3737633228302,-26.542980194091797
1778673492.0815887,6.828006267547607,37.96878433227539,-0.6983032822608948,-26.542980194091797
1778673492.1168551,7.073487758636475,38.9355583190918,4.084266185760498,-27.33399772644043
1778673492.1510837,7.163994312286377,40.34181213378906,-3.108340263366699,-29.882831573486328
1778673492.186676,6.804725170135498,42.27540969848633,-3.118577480316162,-31.640649795532227
1778673492.2224116,5.564865589141846,44.736358642578125,-4.168825149536133,-31.72854232788086
1778673492.2573075,3.3911631107330322,47.90042495727539,-5.00404167175293,-31.72854232788086
1778673492.2924058,2.590315580368042,50.27345275878906,-7.029645919799805,-29.443378448486328
1778673492.3276954,0.061246514320373535,51.06449890136719,-7.443470478057861,-24.96097183227539
1778673492.362657,0.6307763457298279,51.41606140136719,-7.346189022064209,-22.324243545532227
1778673492.3978062,-1.8246105909347534,51.32814407348633,-5.85021448135376,-20.12697410583496
1778673492.4328902,-0.1696130633354187,51.32814407348633,-6.447940826416016,-19.160173416137695
1778673492.4680173,2.190927743911743,51.32814407348633,-5.407958507537842,-17.49024772644043
1778673492.5033274,-0.08465352654457092,51.32814407348633,-4.019409656524658,-17.138683319091797
1778673492.5383823,2.834949016571045,51.32814407348633,-1.5242903232574463,-17.138683319091797
1778673492.5717087,1.7896186113357544,51.32814407348633,-2.758284568786621,-17.226573944091797
1778673492.6069453,4.127161026000977,51.32814407348633,0.4443162977695465,-17.314464569091797
1778673492.641893,4.493002414703369,51.32814407348633,-2.4600436687469482,-18.10548210144043
1778673492.6772063,5.822397708892822,51.32814407348633,-0.6348321437835693,-18.544937133789062
1778673492.713939,3.4756247997283936,51.32814407348633,-2.34480881690979,-18.896501541137695
1778673492.7475657,2.7300829887390137,51.32814407348633,-3.7779901027679443,-18.896501541137695
1778673492.7823975,5.240047454833984,51.76762771606445,-4.525914669036865,-18.896501541137695
1778673492.817825,3.4885876178741455,52.29496765136719,-6.24794864654541,-17.84181022644043
1778673492.853079,-2.304353713989258,53.349609375,-6.697701454162598,-14.941438674926758
1778673492.8878229,-5.911987781524658,54.14065170288086,-5.911060333251953,-12.656275749206543
1778673492.92308,-7.505049228668213,54.228515625,-4.36653995513916,-12.128931045532227
1778673492.957978,-7.834919452667236,54.228515625,-4.15342378616333,-11.95314884185791
1778673492.9930859,-7.808170318603516,54.228515625,-1.4535999298095703,-11.77736759185791
1778673493.0280223,-7.329888820648193,54.228515625,-4.547011852264404,-11.77736759185791
1778673493.0635262,-7.339358806610107,54.228515625,-4.205077648162842,-11.689476013183594
1778673493.0984857,-6.932953834533691,54.228515625,-2.182617425918579,-10.810566902160645
1778673493.1317196,-6.760491371154785,53.085960388183594,0.1479325294494629,-10.283222198486328
1778673493.1668143,-6.4761247634887695,50.09767150878906,0.0957101359963417,-10.283222198486328
1778673493.2011926,-6.35639762878418,47.19729995727539,4.894074440002441,-10.546895027160645
1778673493.2366388,-6.246817588806152,43.769527435302734,4.732975959777832,-11.865257263183594
1778673493.2722907,-5.311397075653076,41.13285827636719,1.7638301849365234,-15.029329299926758
1778673493.307197,-6.491665840148926,41.57228469848633,2.200706720352173,-15.996101379394531
1778673493.3422356,-4.774271011352539,41.39650344848633,-1.8337923288345337,-15.996101379394531
1778673493.3775969,-2.4864187240600586,40.51759338378906,0.9155697226524353,-15.908210754394531
1778673493.412502,-2.8322856426239014,40.34181213378906,-0.058199651539325714,-15.908210754394531
1778673493.4477851,-0.5989670157432556,40.34181213378906,-1.1365187168121338,-15.556674003601074
1778673493.4830146,-2.478965997695923,40.34181213378906,-0.3202351927757263,-14.677765846252441
1778673493.5179093,-3.598581075668335,40.34181213378906,-0.6131725311279297,-14.501983642578125
1778673493.5530689,-3.01629900932312,40.34181213378906,-4.872439384460449,-14.150420188903809
1778673493.5883703,-3.275294542312622,40.34181213378906,-6.9388346672058105,-12.568385124206543
1778673493.6233149,-4.042575359344482,39.90238571166992,-6.790829658508301,-8.789076805114746
1778673493.6567159,-5.0362548828125,39.55082321166992,-6.1550397872924805,-5.888679027557373
1778673493.6918395,-5.596123695373535,38.23242950439453,-4.894852638244629,-3.9551069736480713
1778673493.7267716,-3.520209550857544,35.771488189697266,-4.850029468536377,-3.076197862625122
1778673493.7620456,-6.386929035186768,32.25590515136719,-5.627559661865234,-1.1425986289978027
1778673493.7967727,-5.62662410736084,31.376996994018555,-4.956025123596191,0.26365530490875244
1778673493.8317802,-5.632853031158447,29.882823944091797,-5.7113261222839355,1.142564058303833
1778673493.8668225,-4.005336284637451,30.410171508789062,-5.167165279388428,1.5820183753967285
1778673493.901927,-2.55289888381958,30.05860710144043,-6.535462379455566,2.900381565093994
1778673493.9374201,-6.784639835357666,29.882823944091797,-6.393084526062012,4.306607723236084
1778673493.9722888,-5.853541851043701,29.882823944091797,-7.303464412689209,5.976534366607666
1778673494.0073373,-5.014589309692383,29.003917694091797,-5.0774760246276855,7.7343525886535645
1778673494.04251,-4.63963508605957,28.03714370727539,-5.276977062225342,9.580060958862305
1778673494.077639,-5.137639045715332,27.50979995727539,-2.8876888751983643,9.755843162536621
1778673494.1146364,-3.0636813640594482,26.982452392578125,-3.510277509689331,9.492170333862305
1778673494.1482446,-3.763895034790039,25.751981735229492,-3.1312153339385986,9.492170333862305
1778673494.1831012,1.2212697267532349,24.785154342651367,-2.473572015762329,9.492170333862305
1778673494.2182317,2.470409393310547,24.521509170532227,-3.8498294353485107,9.404278755187988
1778673494.2533128,6.090526103973389,24.521509170532227,-4.280953884124756,9.580060958862305
1778673494.288412,4.403957366943359,24.521509170532227,-4.483285903930664,10.546859741210938
1778673494.3216743,-0.3992922306060791,24.521509170532227,-2.6646251678466797,11.513660430908203
1778673494.3567796,1.475968360900879,24.521509170532227,-3.925781011581421,11.513660430908203
1778673494.3920429,3.342578172683716,24.521509170532227,-2.6454665660858154,11.513660430908203
1778673494.4272313,3.0381155014038086,25.48828125,-0.6802307963371277,11.337878227233887
1778673494.4617686,-1.373386263847351,27.50979995727539,-2.3033947944641113,11.07420539855957
1778673494.4972584,-2.4586682319641113,29.091833114624023,-1.725520372390747,10.98631477355957
1778673494.5326884,-0.6867538094520569,30.58595085144043,0.037827592343091965,10.81053352355957
1778673494.567924,-1.1909923553466797,31.025434494018555,1.4541493654251099,10.546859741210938
1778673494.6028433,-1.4563885927200317,31.025434494018555,2.075354814529419,8.876934051513672
1778673494.6379416,-1.8436567783355713,31.025434494018555,5.017180442810059,7.6464619636535645
1778673494.6732223,-3.9219439029693604,30.937515258789062,2.631216287612915,5.712862014770508
1778673494.708251,-4.683488368988037,30.05860710144043,5.848797798156738,4.833953380584717
1778673494.7433205,-6.383368492126465,28.38870620727539,3.6810293197631836,3.3398358821868896
1778673494.778348,-2.9699437618255615,25.400419235229492,1.8041847944259644,2.900381565093994
1778673494.8117228,-3.8148865699768066,22.236347198486328,3.0682425498962402,2.9882724285125732
1778673494.8484874,-2.4171879291534424,19.951183319091797,6.302001476287842,2.9882724285125732
1778673494.8833253,-4.483752250671387,18.808629989624023,4.533628463745117,1.9335819482803345
1778673494.9184856,-2.380500316619873,18.896493911743164,0.6655857563018799,0.6152188181877136
1778673494.9533396,-5.793776988983154,18.896493911743164,0.6607269644737244,0.7910005450248718
1778673494.988311,-3.802845001220703,18.896493911743164,-0.6602779030799866,1.6699093580245972
1778673495.0233612,-3.584702491760254,18.896493911743164,4.040597915649414,3.603508234024048
1778673495.0583043,2.1448731422424316,18.720712661743164,4.346827507019043,3.2519450187683105
1778673495.091245,-1.6028852462768555,18.720712661743164,2.407524347305298,3.1640541553497314
1778673495.1268606,-1.2944575548171997,18.720712661743164,3.9073712825775146,2.1093637943267822
1778673495.1616735,-0.23259836435317993,18.720712661743164,4.777168273925781,0.08787357062101364
1778673495.1967485,2.9285266399383545,18.720712661743164,0.9628658294677734,-2.28518009185791
1778673495.231662,1.5285217761993408,18.720712661743164,6.071485996246338,-2.4609618186950684
1778673495.266553,1.5411977767944336,18.720712661743164,6.216087818145752,-2.7246344089508057
1778673495.3017552,-4.048641681671143,19.335975646972656,5.704013824462891,-5.537142753601074
1778673495.336664,-5.2545247077941895,20.39066505432129,4.9999613761901855,-7.207041263580322
1778673495.3717868,-4.057809829711914,20.56644630432129,6.758555889129639,-7.822277545928955
1778673495.4069197,-1.0627334117889404,20.56644630432129,6.612290382385254,-9.843767166137695
1778673495.4418395,-1.743011236190796,20.56644630432129,6.375418663024902,-11.250021934509277
1778673495.4769135,3.6394259929656982,20.56644630432129,2.8564937114715576,-12.304712295532227
1778673495.5139391,6.186069965362549,20.56644630432129,0.9560468792915344,-13.09572982788086
1778673495.5471225,5.704111099243164,20.56644630432129,-3.2110273838043213,-13.09572982788086
1778673495.5820312,-0.19164034724235535,20.56644630432129,-2.3678271770477295,-12.83205795288086
1778673495.6173627,-4.465765953063965,20.56644630432129,-0.7877793908119202,-10.019549369812012
1778673495.652029,-5.46401309967041,20.56644630432129,-6.436526775360107,-7.558604717254639
1778673495.687023,-2.8800041675567627,20.56644630432129,-6.109285831451416,-4.834015846252441
1778673495.7224643,-1.877793550491333,19.511756896972656,-7.1247711181640625,-0.7910351753234863
1778673495.7571435,-5.841208457946777,18.36914825439453,-6.336269378662109,2.021472692489624
1778673495.792294,-5.789656639099121,18.10550308227539,-5.3232526779174805,3.779289960861206
1778673495.827299,-2.1803746223449707,17.402376174926758,-6.246578693389893,4.5702805519104
1778673495.862725,-2.9197919368743896,16.259767532348633,-5.737361431121826,6.415988922119141
1778673495.8975842,-4.305224418640137,15.46877670288086,-4.749602794647217,6.767552375793457
1778673495.9328911,1.2013152837753296,15.380858421325684,-3.790513515472412,7.20700740814209
1778673495.9678695,1.1795998811721802,15.380858421325684,1.602046251296997,7.20700740814209
1778673496.0028818,-0.27318716049194336,15.380858421325684,2.2505898475646973,6.943334102630615
1778673496.0380955,0.6605854034423828,15.380858421325684,-1.327900767326355,4.482389450073242
1778673496.0732257,0.5972143411636353,15.380858421325684,-0.9723200798034668,2.724599838256836
1778673496.1082273,-0.6651984453201294,15.380858421325684,-0.4417511820793152,2.636708974838257
1778673496.143329,2.5408995151519775,15.380858421325684,-0.5343265533447266,2.636708974838257
1778673496.1784577,4.662412166595459,15.380858421325684,-1.0431820154190063,2.724599838256836
1778673496.211542,5.634532928466797,15.380858421325684,1.5725075006484985,2.812490701675415
1778673496.2467017,5.049717426300049,15.380858421325684,5.2818684577941895,2.724599838256836
1778673496.2818575,6.245842933654785,16.523468017578125,6.570879936218262,0.6152188181877136
1778673496.3202229,5.784510135650635,19.248056411743164,5.259782791137695,-4.306670665740967
1778673496.3517032,5.98591947555542,21.884782791137695,3.563197135925293,-7.1191511154174805
1778673496.3871698,6.692056655883789,23.9062442779541,4.405732154846191,-7.822277545928955
1778673496.4220617,6.9888739585876465,25.751981735229492,4.470922470092773,-8.701186180114746
1778673496.4572065,7.577281475067139,27.7734432220459,6.678100109100342,-10.107439994812012
1778673496.4922857,7.537818908691406,29.794960021972656,6.713813304901123,-11.865257263183594
1778673496.5275064,6.070148468017578,31.464860916137695,5.278159141540527,-14.062530517578125
1778673496.5626364,3.605992317199707,32.69533157348633,1.7505040168762207,-14.414093971252441
1778673496.5977578,5.650766372680664,33.13481521606445,2.0041799545288086,-14.414093971252441
1778673496.632771,4.646676063537598,33.13481521606445,5.17664098739624,-14.326202392578125
1778673496.668065,4.898626327514648,33.13481521606445,3.137005567550659,-14.150420188903809
1778673496.7033603,2.60087251663208,33.310543060302734,2.7691352367401123,-14.150420188903809
1778673496.738195,4.451406002044678,33.574241638183594,2.7933380603790283,-14.150420188903809
1778673496.7732959,3.165882110595703,34.013668060302734,0.9265087246894836,-14.589875221252441
1778673496.8066316,5.547359466552734,34.45315170288086,3.2870960235595703,-14.589875221252441
1778673496.8417103,4.130229949951172,34.892578125,5.1838860511779785,-14.941438674926758
1778673496.876974,5.633360862731934,35.33205795288086,4.719168663024902,-16.699228286743164
1778673496.913789,6.084247589111328,35.683624267578125,-0.033760953694581985,-18.28126335144043
1778673496.947403,4.484936714172363,36.474613189697266,-1.2658647298812866,-18.720718383789062
1778673496.9822838,5.821329116821289,37.26565933227539,-1.281073808670044,-18.632827758789062
1778673497.0174696,3.7365036010742188,38.05664825439453,-0.9304742217063904,-17.75391960144043
1778673497.052791,1.2614840269088745,38.7597770690918,-0.9027428030967712,-17.138683319091797
1778673497.087852,2.8335444927215576,38.847694396972656,-0.5143068432807922,-15.820320129394531
1778673497.122871,0.8255782127380371,38.847694396972656,-2.2237651348114014,-14.853547096252441
1778673497.1578894,-0.9919055104255676,38.847694396972656,-2.0574557781219482,-13.710967063903809
1778673497.1931353,-1.9169994592666626,38.847694396972656,0.11088399589061737,-13.00783920288086
1778673497.228371,-4.143178939819336,38.847694396972656,-1.5683616399765015,-13.00783920288086
1778673497.261589,-1.3945679664611816,38.847694396972656,0.12133219093084335,-13.00783920288086
1778673497.2967396,0.25714775919914246,38.5839958190918,1.4599215984344482,-13.00783920288086
1778673497.3318796,-0.0849924311041832,36.826175689697266,3.5030739307403564,-13.623075485229492
1778673497.36719,-0.49648475646972656,36.123050689697266,2.3953263759613037,-15.556674003601074
1778673497.402347,0.644044041633606,36.123050689697266,-2.5383524894714355,-15.996101379394531
1778673497.4373112,4.591524600982666,36.123050689697266,-1.1330630779266357,-15.996101379394531
1778673497.4723852,5.584028244018555,36.123050689697266,3.077251672744751,-15.996101379394531
1778673497.5074718,4.207198619842529,36.123050689697266,5.496456623077393,-15.996101379394531
1778673497.5426116,5.172239780426025,36.562530517578125,6.1748528480529785,-16.347665786743164
1778673497.5776334,4.4717864990234375,37.96878433227539,7.127504825592041,-18.457046508789062
1778673497.612909,3.572068214416504,39.8144645690918,6.47734260559082,-23.11526107788086
1778673497.648459,6.2340803146362305,41.04493713378906,6.820886135101318,-26.01563262939453
1778673497.6831357,5.195164680480957,41.83598709106445,5.720563888549805,-28.388687133789062
1778673497.7202399,3.7744524478912354,43.154319763183594,4.398463249206543,-29.707050323486328
1778673497.7516658,-1.7364065647125244,44.12109375,4.685875415802002,-29.882831573486328
1778673497.7867157,-4.78822660446167,44.648433685302734,3.5154776573181152,-30.23439598083496
1778673497.8218663,-3.6002767086029053,44.648433685302734,0.9116248488426208,-30.23439598083496
1778673497.8569353,-4.77133846282959,44.648433685302734,2.6571173667907715,-30.23439598083496
1778673497.891984,-3.437230348587036,44.648433685302734,2.7362146377563477,-30.14650535583496
1778673497.9274812,-5.340826511383057,44.56057357788086,5.072007656097412,-30.23439598083496
1778673497.9623818,-6.089812755584717,44.56057357788086,1.7336305379867554,-31.025415420532227
1778673497.997373,-4.75035285949707,44.56057357788086,0.3770257234573364,-31.201194763183594
1778673498.032781,-1.0700581073760986,43.945308685302734,-1.057968020439148,-31.113306045532227
1778673498.0678952,0.506116509437561,41.83598709106445,-1.5742512941360474,-29.531269073486328
1778673498.1029556,3.3442471027374268,41.04493713378906,0.3475421071052551,-28.037124633789062
1778673498.1379762,5.948955535888672,41.13285827636719,-2.6057379245758057,-27.949234008789062
1778673498.1733239,6.651759147644043,41.13285827636719,0.26870405673980713,-27.33399772644043
1778673498.2083936,5.031693935394287,41.13285827636719,-1.1019797325134277,-26.982433319091797
1778673498.2416058,4.344679355621338,41.04493713378906,1.8369331359863281,-26.894542694091797
1778673498.276778,5.030919551849365,41.13285827636719,4.647459506988525,-26.894542694091797
1778673498.3137429,3.715898036956787,41.66020202636719,6.524216175079346,-26.982433319091797
1778673498.3471248,4.205381393432617,43.154319763183594,4.621308326721191,-28.212907791137695
1778673498.3822398,-0.2438531517982483,44.736358642578125,3.3064792156219482,-31.81643295288086
1778673498.417326,-2.5267717838287354,45.878910064697266,4.313946723937988,-33.04690170288086
1778673498.4524028,-1.0597329139709473,45.966827392578125,5.338551998138428,-34.54104995727539
1778673498.4876144,-5.711664199829102,45.966827392578125,4.004993915557861,-36.6504020690918
1778673498.52266,-6.657237529754639,45.966827392578125,4.914425373077393,-36.7382926940918
1778673498.557879,-6.387770652770996,45.966827392578125,4.42632532119751,-37.96876525878906
1778673498.5928364,-7.347825050354004,45.966827392578125,2.6988465785980225,-38.58400344848633
1778673498.6277206,-7.102830410003662,45.791046142578125,0.7877896428108215,-38.49611282348633
1778673498.6628397,-7.311262607574463,45.615264892578125,3.43395733833313,-38.49611282348633
1778673498.6969059,-7.245040416717529,44.38479232788086,2.6871626377105713,-38.49611282348633
1778673498.7351172,-7.1621270179748535,41.74806213378906,1.35343337059021,-38.49611282348633
1778673498.768288,-6.778164863586426,38.23242950439453,4.972688674926758,-38.40821838378906
1778673498.802958,-6.934472560882568,34.189449310302734,4.693299770355225,-38.40821838378906
1778673498.8380454,-6.579779148101807,29.882823944091797,1.4028089046478271,-38.40821838378906
1778673498.873194,-6.804268836975098,27.86136245727539,1.3446027040481567,-38.49611282348633
1778673498.9063716,-5.9179368019104,26.191408157348633,0.48109567165374756,-38.49611282348633
1778673498.9415274,-2.2470862865448,25.48828125,-0.5729325413703918,-38.05665588378906
1778673498.9766738,-1.5994216203689575,25.57619857788086,0.14760448038578033,-35.94727325439453
1778673499.0115533,-1.0710341930389404,25.57619857788086,-4.903672218322754,-35.85938262939453
1778673499.0468853,-3.851919174194336,25.6640625,-4.065386772155762,-35.06836700439453
1778673499.0816321,-1.9283318519592285,26.542972564697266,-5.377849578857422,-32.25588607788086
1778673499.118808,-3.613410234451294,27.158235549926758,-4.027901649475098,-28.564470291137695
1778673499.15214,-4.9327192306518555,27.158235549926758,-2.4416086673736572,-26.894542694091797
1778673499.187126,-3.4755399227142334,27.158235549926758,-6.4954657554626465,-26.894542694091797
1778673499.2221563,-2.7959816455841064,27.158235549926758,-5.489444255828857,-26.542980194091797
1778673499.257658,0.3082710802555084,26.455108642578125,-3.9407846927642822,-24.169952392578125
1778673499.2925904,3.780393123626709,26.279325485229492,-3.0874764919281006,-22.939481735229492
1778673499.3278828,2.091808557510376,26.279325485229492,-4.323167324066162,-22.939481735229492
1778673499.3630357,2.135303258895874,26.279325485229492,-1.150784969329834,-22.939481735229492
1778673499.3980424,5.446606159210205,26.542972564697266,1.0306512117385864,-22.939481735229492
1778673499.4329026,6.287188529968262,28.38870620727539,-1.5845063924789429,-23.11526107788086
1778673499.4682114,6.620304107666016,30.673870086669922,-1.146748423576355,-23.730499267578125
1778673499.5015044,7.222862720489502,33.837886810302734,2.3437349796295166,-24.697298049926758
1778673499.536569,6.448007106781006,36.914093017578125,4.353490829467773,-26.01563262939453
1778673499.5717058,6.673323631286621,38.7597770690918,5.56143045425415,-29.443378448486328
1778673499.6068017,7.296407222747803,39.2871208190918,4.75702428817749,-33.486358642578125
1778673499.6418664,7.658697605133057,40.51759338378906,5.922811031341553,-36.0351676940918
1778673499.6770172,7.125942707061768,42.45119094848633,6.889901161193848,-38.67189407348633
1778673499.712107,6.608984470367432,43.769527435302734,7.533630847930908,-42.01174545288086
1778673499.7471898,6.584333896636963,44.736358642578125,7.499591827392578,-44.033233642578125
1778673499.7825227,5.843894958496094,45.439483642578125,7.381552219390869,-46.3183708190918
1778673499.817398,4.746844291687012,45.791046142578125,7.3031415939331055,-48.16408157348633
1778673499.8525295,5.423269748687744,45.791046142578125,6.873977184295654,-49.21876907348633
1778673499.8876424,4.30466365814209,45.878910064697266,6.422133922576904,-50.80080795288086
1778673499.9229655,-0.6739717125892639,45.878910064697266,5.890322208404541,-51.328147888183594
1778673499.9580035,0.22796164453029633,45.878910064697266,4.500382423400879,-51.59182357788086
1778673499.9928784,-1.08397376537323,45.878910064697266,3.8628311157226562,-51.59182357788086
1778673500.028211,-2.955223798751831,45.878910064697266,2.922379732131958,-51.59182357788086
1778673500.0612473,-5.710144996643066,45.878910064697266,3.3769257068634033,-51.59182357788086
1778673500.096696,-3.5440940856933594,45.878910064697266,2.5380330085754395,-51.59182357788086
1778673500.131803,-6.661553382873535,45.791046142578125,2.9174492359161377,-51.59182357788086
1778673500.1669097,-7.445283889770508,45.527347564697266,3.379711389541626,-51.59182357788086
1778673500.2022781,-7.371769428253174,43.417964935302734,3.4105312824249268,-51.85549545288086
1778673500.2370744,-6.194634914398193,40.95707321166992,6.444271087646484,-51.943389892578125
1778673500.2721763,-3.664780378341675,37.88086700439453,6.783185005187988,-53.085968017578125
1778673500.3076677,-5.520952224731445,34.365234375,4.047070503234863,-56.51368713378906
1778673500.3425815,-5.45900297164917,31.728561401367188,0.45528313517570496,-57.832054138183594
1778673500.3776588,-6.832187175750732,30.23438835144043,2.4747889041900635,-57.832054138183594
1778673500.4128027,-5.351715564727783,29.70704460144043,4.2692036628723145,-57.74415969848633
1778673500.4480498,-6.7550129890441895,29.794960021972656,3.0065231323242188,-57.74415969848633
1778673500.4830472,-6.587285041809082,29.179697036743164,2.949014663696289,-57.74415969848633
1778673500.5203314,-4.871328353881836,27.5976619720459,2.2812576293945312,-57.65626907348633
1778673500.551485,-4.932437419891357,26.718753814697266,1.3692673444747925,-57.392601013183594
1778673500.5865924,-1.249898910522461,26.542972564697266,2.7905685901641846,-57.0410270690918
1778673500.6217062,-3.3475329875946045,26.630889892578125,-0.18980169296264648,-57.0410270690918
1778673500.6569653,-2.217134952545166,26.630889892578125,-2.1361348628997803,-56.77735900878906
1778673500.691984,0.18930625915527344,26.630889892578125,-0.3837771713733673,-55.01953887939453
1778673500.7272651,-0.2892623841762543,26.630889892578125,-2.3063831329345703,-54.8437614440918
1778673500.762603,3.2185792922973633,26.630889892578125,-2.1400675773620605,-53.525421142578125
1778673500.7977123,4.045671463012695,26.630889892578125,-1.2599151134490967,-52.382843017578125
1778673500.8326015,-0.5247440934181213,27.86136245727539,-5.298281192779541,-52.382843017578125
1778673500.86767,6.829457759857178,29.443397521972656,-3.647226572036743,-52.11916732788086
1778673500.9027097,6.983157157897949,31.376996994018555,-3.395291328430176,-50.712913513183594
1778673500.938295,6.738300800323486,34.101585388183594,1.408326506614685,-50.449241638183594
1778673500.973156,4.380865573883057,37.08987808227539,5.7845892906188965,-50.449241638183594
1778673501.0063422,4.0967888832092285,38.847694396972656,2.2022926807403564,-50.449241638183594
1778673501.0415008,2.6043310165405273,39.2871208190918,1.7843056917190552,-51.328147888183594
1778673501.0767748,3.742338180541992,39.2871208190918,0.2363666594028473,-52.910186767578125
1778673501.1116035,4.102033615112305,39.2871208190918,-0.32027336955070496,-53.085968017578125
1778673501.1469007,6.461252212524414,39.2871208190918,-3.0803146362304688,-53.085968017578125
1778673501.182271,6.213508129119873,39.2871208190918,-4.989686965942383,-52.822296142578125
1778673501.2171118,6.367546558380127,40.34181213378906,-6.841289520263672,-50.888694763183594
1778673501.2521996,6.358577251434326,42.27540969848633,-6.979153156280518,-47.63673400878906
1778673501.287521,5.749452590942383,44.56057357788086,-6.213412284851074,-45.08789825439453
1778673501.322638,4.993951320648193,45.703128814697266,-5.293053150177002,-44.033233642578125
1778673501.3574724,6.129695415496826,45.878910064697266,1.1339035034179688,-43.505889892578125
1778673501.392592,6.547338962554932,45.878910064697266,4.038378715515137,-43.505889892578125
1778673501.42753,5.316247463226318,46.0546875,1.0322574377059937,-43.505889892578125
1778673501.4626675,2.4930408000946045,46.84573745727539,0.30912280082702637,-45.4394645690918
1778673501.4977126,1.9402869939804077,47.548866271972656,3.4534575939178467,-46.9336051940918
1778673501.5329711,4.273171424865723,47.724647521972656,4.329935550689697,-48.955101013183594
1778673501.5680625,3.7316055297851562,47.90042495727539,4.128095626831055,-52.910186767578125
1778673501.6032043,6.173015594482422,47.98828887939453,0.9739267230033875,-54.40433120727539
1778673501.6366072,4.494904518127441,48.07620620727539,0.3186846971511841,-54.40433120727539
1778673501.6715107,4.280109882354736,48.5156364440918,-4.884776592254639,-54.40433120727539
1778673501.7066588,-2.595278739929199,49.2187614440918,-1.539673924446106,-53.78909683227539
1778673501.7419248,-3.8395156860351562,49.482460021972656,0.21230724453926086,-51.85549545288086
1778673501.777034,-4.254039287567139,49.482460021972656,1.5522713661193848,-51.59182357788086
1778673501.8123665,-2.8830113410949707,49.482460021972656,0.5676933526992798,-51.59182357788086
1778673501.8473942,1.7430992126464844,49.482460021972656,-2.7338640689849854,-51.59182357788086
1778673501.8825045,1.507528305053711,49.482460021972656,-2.8017494678497314,-51.59182357788086
1778673501.9194546,4.535884857177734,49.482460021972656,-0.9707695841789246,-51.59182357788086
1778673501.9529667,5.221016883850098,49.482460021972656,2.8042588233947754,-51.59182357788086
1778673501.988023,6.131994247436523,49.482460021972656,1.2190977334976196,-51.59182357788086
1778673502.0230904,4.973119735717773,49.65824508666992,-2.7989015579223633,-51.59182357788086
1778673502.0581849,6.401162147521973,50.00980758666992,-1.2058396339416504,-51.59182357788086
1778673502.0913737,4.294286727905273,51.15236282348633,1.244752287864685,-51.59182357788086
1778673502.1267412,4.7452826499938965,52.558616638183594,0.7810832858085632,-51.59182357788086
1778673502.161641,2.0860302448272705,53.789085388183594,2.052501678466797,-52.207061767578125
1778673502.196733,0.33078011870384216,54.404296875,5.238633632659912,-53.78909683227539
1778673502.2318413,-3.567845344543457,54.404296875,3.923192262649536,-56.51368713378906
1778673502.2669203,-4.44439172744751,54.31643295288086,4.495249271392822,-57.74415969848633
1778673502.3020506,-3.4668338298797607,54.31643295288086,4.730373859405518,-59.150413513183594
1778673502.3369637,-3.443425178527832,54.31643295288086,5.220700740814209,-61.084014892578125
1778673502.3720546,-5.689471244812012,54.31643295288086,4.961444854736328,-62.75394058227539
1778673502.4075294,-2.476862907409668,54.31643295288086,5.848636627197266,-63.457069396972656
1778673502.4426093,-1.5281641483306885,54.31643295288086,5.069410800933838,-65.03907775878906
1778673502.47747,1.1682242155075073,53.085960388183594,0.9785089492797852,-66.09376525878906
1778673502.5127206,2.8775172233581543,51.15236282348633,1.4165852069854736,-66.18165588378906
1778673502.5477061,0.7286649346351624,51.15236282348633,1.9536726474761963,-66.09376525878906
1778673502.5829332,-4.2798919677734375,51.15236282348633,1.2687783241271973,-65.91798400878906
1778673502.6182687,-5.590796947479248,51.15236282348633,-0.0705980584025383,-65.83009338378906
1778673502.653323,-2.9053642749786377,51.15236282348633,0.4010058641433716,-64.24808502197266
1778673502.686365,-4.921392917633057,51.15236282348633,-3.3614017963409424,-63.98440933227539
1778673502.7238932,-2.943023204803467,50.00980758666992,0.00938060600310564,-62.66604995727539
1778673502.756692,-4.136415004730225,48.6914176940918,-0.944523274898529,-62.22659683227539
1778673502.7921174,-3.0312752723693848,47.98828887939453,-1.7524839639663696,-61.347686767578125
1778673502.8272345,-6.069384574890137,46.757816314697266,-2.5343143939971924,-59.67776107788086
1778673502.8620975,-3.7789041996002197,45.439483642578125,-5.096978187561035,-58.710960388183594
1778673502.8975537,-3.641357660293579,44.296875,-4.164242267608643,-56.68946838378906
1778673502.9323907,-1.2559409141540527,43.593746185302734,-3.4589946269989014,-54.40433120727539
1778673502.967504,-0.7617840766906738,43.33010482788086,-0.9335434436798096,-53.96487808227539
1778673503.0026922,1.319674015045166,43.24217987060547,-0.625804603099823,-53.96487808227539
1778673503.0379815,0.7703962326049805,42.978538513183594,-0.13466346263885498,-54.05276870727539
1778673503.0730565,2.4751906394958496,42.978538513183594,4.097480297088623,-55.4589958190918
1778673503.1085343,-1.9017688035964966,42.978538513183594,2.925412178039551,-58.623069763183594
1778673503.1415129,-4.300167083740234,42.978538513183594,2.739259719848633,-60.73244857788086
1778673503.1765738,-2.405710458755493,42.978538513183594,0.8416479825973511,-61.347686767578125
1778673503.2117505,-2.394524335861206,43.066402435302734,-0.3966987729072571,-61.347686767578125
1778673503.2468538,-2.8414387702941895,42.978538513183594,-0.6551495790481567,-61.259796142578125
1778673503.2819526,-3.1118714809417725,43.066402435302734,-4.09649658203125,-60.644561767578125
1778673503.319127,-1.6946284770965576,42.978538513183594,-4.2459821701049805,-58.886741638183594
1778673503.3521736,-3.109722852706909,42.978538513183594,-2.840832233428955,-55.5468864440918
1778673503.3873978,-1.6678730249404907,42.978538513183594,0.04050853103399277,-54.140655517578125
1778673503.4225676,-3.796271324157715,42.89067459106445,1.2981706857681274,-54.140655517578125
1778673503.4575994,-4.387582302093506,42.626976013183594,5.008200168609619,-54.316444396972656
1778673503.4927852,-1.8440996408462524,42.01176452636719,5.481752395629883,-56.6015739440918
1778673503.5279968,1.0824860334396362,40.69337463378906,3.800210952758789,-60.99612045288086
1778673503.5629196,-2.07352352142334,39.199256896972656,2.8143935203552246,-63.10550308227539
1778673503.5981433,0.2415958046913147,38.5839958190918,4.336907386779785,-63.457069396972656
1778673503.6316981,-2.6225409507751465,38.671913146972656,6.290823459625244,-63.896522521972656
1778673503.6665783,-0.5801531076431274,38.671913146972656,6.856334209442139,-66.53321838378906
1778673503.7017562,-4.950315952301025,38.671913146972656,6.844655513763428,-68.7304916381836
1778673503.7369952,-6.225335597991943,38.671913146972656,7.332912921905518,-70.4004135131836
1778673503.771964,-6.457655429840088,38.671913146972656,7.210275173187256,-72.77346801757812
1778673503.807041,-6.323614597320557,38.671913146972656,7.070999622344971,-74.17970275878906
1778673503.8421881,-3.6513705253601074,37.70508575439453,7.222062110900879,-74.88282775878906
1778673503.8772633,-1.1834932565689087,36.123050689697266,6.891061782836914,-76.9043197631836
1778673503.912147,2.943183660507202,34.365234375,5.977758884429932,-77.1679916381836
1778673503.9472494,5.03386116027832,33.222679138183594,2.913118839263916,-77.5195541381836
1778673503.9824438,4.022866725921631,33.04689407348633,0.32683253288269043,-77.6074447631836
1778673504.0174768,2.977532386779785,33.04689407348633,0.6498956084251404,-77.6074447631836
1778673504.0525093,4.820719242095947,33.04689407348633,-0.1529201865196228,-76.81642150878906
1778673504.087609,4.426709175109863,33.04689407348633,3.790949821472168,-74.79493713378906
1778673504.1246052,3.6326191425323486,34.013668060302734,1.1040359735488892,-74.44337463378906
1778673504.158031,-0.22678202390670776,36.123050689697266,-4.268397331237793,-74.44337463378906
1778673504.192918,-0.6129083037376404,37.96878433227539,-5.965203762054443,-74.44337463378906
1778673504.2279885,-6.185122966766357,38.5839958190918,-6.342299461364746,-72.42191314697266
1778673504.2630925,-6.374264717102051,38.5839958190918,-6.846892356872559,-68.4668197631836
1778673504.2982883,-6.9373779296875,38.5839958190918,-6.884123802185059,-64.77539825439453
1778673504.333497,-5.964221000671387,38.5839958190918,-6.362485408782959,-63.017616271972656
1778673504.366607,-6.214318752288818,38.5839958190918,-6.294565677642822,-61.699249267578125
1778673504.4017932,-6.262947082519531,38.5839958190918,-6.384020805358887,-60.55666732788086
1778673504.4370208,-3.6916658878326416,37.44144058227539,-5.773373603820801,-58.886741638183594
1778673504.4721854,-5.372849941253662,35.419921875,-5.899583339691162,-57.392601013183594
1778673504.507212,-4.480649948120117,32.25590515136719,-4.4433274269104,-55.8984489440918
1778673504.5422504,-6.714789390563965,30.673870086669922,-4.013494968414307,-55.5468864440918
1778673504.5773582,-6.320895671844482,28.12500762939453,-4.1738200187683105,-55.01953887939453
1778673504.6125968,-5.447785377502441,26.542972564697266,-2.8769173622131348,-54.22854995727539
1778673504.6476536,-3.458897113800049,25.48828125,-4.452941417694092,-54.05276870727539
1778673504.6828866,-4.973338603973389,25.57619857788086,-4.928202152252197,-53.437530517578125
1778673504.7178478,-4.019137382507324,25.400419235229492,-5.996838569641113,-51.943389892578125
1778673504.7533193,-3.0109739303588867,24.785154342651367,-6.043481349945068,-49.30665969848633
1778673504.7882323,-2.8280298709869385,24.345727920532227,-6.365444660186768,-48.07618713378906
1778673504.8215592,-2.245180368423462,24.345727920532227,-6.094391822814941,-46.4941520690918
1778673504.8565774,-0.8733855485916138,24.345727920532227,-6.743226051330566,-45.8789176940918
1778673504.8916264,0.22658678889274597,24.345727920532227,-7.172624111175537,-43.68167495727539
1778673504.92699,-2.473336935043335,24.345727920532227,-5.1634840965271,-42.18752670288086
1778673504.9620757,-4.828108787536621,24.345727920532227,0.13353194296360016,-41.57229232788086
1778673504.9969902,1.6892062425613403,24.345727920532227,3.590052604675293,-41.57229232788086
1778673505.0321012,5.459304332733154,24.345727920532227,3.301514148712158,-41.57229232788086
1778673505.0689495,2.0915613174438477,24.345727920532227,-2.1748175621032715,-42.451202392578125
1778673505.102684,2.9274349212646484,24.345727920532227,0.1917858123779297,-43.066436767578125
1778673505.1375434,3.988513708114624,24.345727920532227,-0.13545478880405426,-44.033233642578125
1778673505.1728048,5.011844158172607,25.751981735229492,-1.34388267993927,-45.00000762939453
1778673505.2079492,4.820347309112549,28.38870620727539,-0.04971012845635414,-45.1757926940918
1778673505.2432222,2.34031343460083,31.025434494018555,1.1719653606414795,-45.7910270690918
1778673505.278135,1.567944884300232,32.95903396606445,4.270986080169678,-47.98830032348633
1778673505.3132446,0.016071012243628502,34.013668060302734,6.538270473480225,-51.67971420288086
1778673505.3465104,0.3003527522087097,34.101585388183594,6.325653076171875,-55.2832145690918
1778673505.381501,-0.533948540687561,34.101585388183594,4.861173152923584,-57.48048782348633
1778673505.4166913,-0.9086084961891174,34.013668060302734,4.549013137817383,-58.447288513183594
1778673505.451986,1.8290860652923584,33.486324310302734,0.9220302700996399,-58.623069763183594
1778673505.487205,4.380631446838379,32.25590515136719,-0.33204832673072815,-58.623069763183594
1778673505.5238857,1.121559977531433,31.992204666137695,-3.014544725418091,-58.447288513183594
1778673505.5574822,-0.3142298460006714,32.08012390136719,-0.5905748009681702,-56.4257926940918
1778673505.592375,-2.4235763549804688,32.08012390136719,2.4092795848846436,-55.5468864440918
1778673505.6267383,0.9861412644386292,32.08012390136719,1.2951534986495972,-55.4589958190918
1778673505.6619637,0.6455851793289185,32.08012390136719,2.098834276199341,-55.5468864440918
1778673505.6974134,4.019071102142334,32.08012390136719,2.53914213180542,-56.1621208190918
1778673505.7329164,2.497056484222412,32.08012390136719,3.7428669929504395,-57.56837844848633
1778673505.7681787,2.2385270595550537,32.34376907348633,3.037205696105957,-59.326194763183594
1778673505.8034184,-1.6508148908615112,32.69533157348633,4.627355575561523,-60.02932357788086
1778673505.836414,1.903403878211975,32.69533157348633,2.888770341873169,-62.05081558227539
1778673505.8715866,0.6699578166007996,32.69533157348633,4.463031768798828,-63.193397521972656
1778673505.9065268,-3.29484224319458,32.60746765136719,5.735101222991943,-64.07230377197266
1778673505.941644,-4.3131022453308105,32.60746765136719,5.035339832305908,-66.09376525878906
1778673505.9769127,-6.953399658203125,32.60746765136719,5.099477767944336,-66.70899963378906
1778673506.012029,-6.695822715759277,32.60746765136719,4.581979751586914,-67.8515853881836
1778673506.0473232,-6.270819187164307,32.60746765136719,4.943792343139648,-68.1152572631836
1778673506.0821662,-5.55322265625,31.728561401367188,5.34134578704834,-68.6426010131836
1778673506.1172948,-2.0918283462524414,29.267616271972656,5.07426118850708,-69.5215072631836
1778673506.152641,-2.6861681938171387,26.455108642578125,3.9767661094665527,-69.7851791381836
1778673506.1875105,-0.37830907106399536,23.994163513183594,4.831493377685547,-69.7851791381836
1778673506.2224813,0.44461774826049805,22.85161018371582,4.925147533416748,-70.48831176757812
1778673506.2576635,-0.18551646173000336,23.29103660583496,6.9692559242248535,-71.54299926757812
1778673506.2926111,-4.988620281219482,23.29103660583496,5.244790554046631,-73.38871002197266
1778673506.3275874,-2.6286203861236572,23.29103660583496,6.802435398101807,-74.61915588378906
1778673506.3627574,-3.5898802280426025,23.29103660583496,6.631397724151611,-76.46485900878906
1778673506.3978224,-3.2652230262756348,23.203174591064453,6.769556999206543,-77.7832260131836
1778673506.4330654,-5.419839859008789,22.93947410583496,5.507914066314697,-79.71682739257812
1778673506.4681895,-4.566757678985596,21.972700119018555,4.108044147491455,-80.50784301757812
1778673506.5030959,-4.006086349487305,20.56644630432129,4.107934474945068,-80.41995239257812
1778673506.5363436,-3.6240127086639404,19.86332130432129,3.457793951034546,-80.41995239257812
1778673506.5714836,-3.623445510864258,19.423839569091797,-0.5771955847740173,-80.50784301757812
1778673506.6063638,-0.6988496780395508,18.984411239624023,-0.6058558821678162,-79.98049926757812
1778673506.6415498,1.9089539051055908,18.896493911743164,-0.609957218170166,-77.6074447631836
1778673506.676603,3.429051399230957,18.896493911743164,-1.9493283033370972,-76.5527572631836
1778673506.71141,7.280961036682129,18.896493911743164,0.5652465224266052,-74.61915588378906
1778673506.7465537,6.566531181335449,18.896493911743164,3.0916213989257812,-73.65238189697266
1778673506.7816617,5.742154598236084,18.896493911743164,0.46337562799453735,-73.65238189697266
1778673506.8165302,3.4288949966430664,18.896493911743164,-0.6655731201171875,-73.82816314697266
1778673506.851455,4.006138324737549,19.511756896972656,-2.2259695529937744,-73.82816314697266
1778673506.8863785,1.978586196899414,21.884782791137695,-1.8028531074523926,-73.82816314697266
1778673506.9250185,-4.806276798248291,23.642601013183594,0.6968834400177002,-73.74027252197266
1778673506.9565609,-6.222201824188232,24.609371185302734,1.3996015787124634,-73.74027252197266
1778673506.9915857,-5.782887935638428,25.04885482788086,0.5000540614128113,-73.91605377197266
1778673507.026688,-3.5899033546447754,25.04885482788086,-1.1431699991226196,-74.17970275878906
1778673507.0617864,-5.973891735076904,25.04885482788086,2.4526827335357666,-74.17970275878906
1778673507.0967627,-6.338440895080566,25.04885482788086,4.554515838623047,-74.17970275878906
1778673507.1336665,-6.150393486022949,23.9062442779541,4.711282730102539,-75.23439025878906
1778673507.167104,-6.574158668518066,22.148483276367188,1.308483362197876,-78.1347885131836
1778673507.2020113,-5.591847896575928,20.39066505432129,3.1313893795013428,-79.98049926757812
1778673507.237165,-5.209098815917969,17.6660213470459,2.791994094848633,-80.06838989257812
1778673507.2722552,-4.243397235870361,15.380858421325684,-0.2501428425312042,-80.06838989257812
1778673507.3075862,-5.209502220153809,14.589868545532227,2.8855409622192383,-80.06838989257812
1778673507.342403,-1.4175152778625488,14.765649795532227,3.421485424041748,-79.98049926757812
1778673507.3779008,-1.29314386844635,14.67773151397705,-0.5368710160255432,-80.06838989257812
1778673507.412932,2.2496867179870605,14.67773151397705,-1.4087562561035156,-80.06838989257812
1778673507.448082,0.8580215573310852,14.67773151397705,-1.8851498365402222,-79.6289291381836
1778673507.4831607,2.281294822692871,14.67773151397705,-3.1429636478424072,-77.4316635131836
1778673507.518023,0.2399696260690689,14.67773151397705,-1.590216040611267,-75.67384338378906
1778673507.5530732,-2.3130886554718018,14.67773151397705,0.9273331761360168,-75.49806213378906
1778673507.5863252,-3.743773937225342,14.67773151397705,-0.4333207607269287,-75.49806213378906
1778673507.6213748,-3.5211563110351562,14.67773151397705,4.019695281982422,-75.49806213378906
1778673507.6565554,-3.692202091217041,14.67773151397705,3.8352324962615967,-76.5527572631836
1778673507.691567,0.5715951323509216,14.67773151397705,6.036144733428955,-79.36526489257812
1778673507.7267106,-2.5226187705993652,14.67773151397705,5.957827091217041,-82.61721801757812
1778673507.761961,-4.642710208892822,14.67773151397705,6.452012062072754,-84.11136627197266
1778673507.7970831,-0.16106729209423065,14.67773151397705,7.052774906158447,-87.0117416381836
1778673507.8321536,1.4740121364593506,14.67773151397705,5.997520446777344,-89.03323364257812
1778673507.8673868,-3.512420415878296,14.67773151397705,6.539343357086182,-90.08792114257812
1778673507.9027297,-1.9968678951263428,14.67773151397705,4.790196895599365,-91.66995239257812
1778673507.9375963,-1.1856451034545898,14.67773151397705,3.955207586288452,-91.93363189697266
1778673507.9726248,-5.57085657119751,14.67773151397705,3.455618143081665,-91.93363189697266
1778673508.0078652,-5.714874744415283,14.41408634185791,4.431662082672119,-91.93363189697266
1778673508.042964,-5.350440979003906,13.183613777160645,-0.40638479590415955,-92.02151489257812
1778673508.07821,-3.547929525375366,11.513714790344238,-0.25633904337882996,-92.02151489257812
1778673508.1114159,-0.8255065679550171,10.283242225646973,-0.64151930809021,-91.49417877197266
1778673508.1459944,-0.47890594601631165,9.40433406829834,-4.442859649658203,-88.8574447631836
1778673508.1814485,2.3035731315612793,9.316415786743164,-6.49359655380249,-86.39649963378906
1778673508.2171264,1.7030044794082642,9.316415786743164,-6.437053203582764,-82.79300689697266
1778673508.2522182,-0.7677003741264343,9.316415786743164,-7.210327625274658,-79.36526489257812
1778673508.2871323,-3.052852153778076,9.316415786743164,-6.736962795257568,-76.5527572631836
1778673508.3241048,-1.39328932762146,9.316415786743164,-7.1581807136535645,-74.88282775878906
1778673508.3572705,-5.397810459136963,9.316415786743164,-7.135015487670898,-73.30081939697266
1778673508.392293,-3.7192296981811523,9.316415786743164,-7.197979927062988,-71.71878051757812
1778673508.4276245,-5.418041229248047,9.316415786743164,-6.7592597007751465,-70.22463989257812
1778673508.4625046,-5.561058521270752,9.140633583068848,-6.025600910186768,-69.6972885131836
1778673508.4974465,-4.269054889678955,7.558598041534424,-7.305554389953613,-68.6426010131836
1778673508.5325224,-0.9454023838043213,5.712916374206543,-7.7332539558410645,-66.09376525878906
1778673508.5675864,-5.130263328552246,3.1641087532043457,-7.3141398429870605,-63.98440933227539
1778673508.6026485,-5.921188831329346,1.9336365461349487,-7.48709774017334,-62.84183120727539
1778673508.6379945,-5.450729846954346,1.5820730924606323,-7.029471397399902,-60.46877670288086
1778673508.673083,-5.891580104827881,0.43946439027786255,-6.429195404052734,-59.50197982788086
1778673508.7081966,-3.9957683086395264,-0.9667896032333374,-5.860151767730713,-58.79885482788086
1778673508.7413712,-6.6509857177734375,-2.1093435287475586,-5.41909646987915,-58.271507263183594
1778673508.7764676,-5.883872032165527,-2.8124706745147705,-4.356393814086914,-57.65626907348633
1778673508.8116548,-4.797961235046387,-4.306643009185791,-5.823194980621338,-57.21681213378906
1778673508.846773,-4.284660816192627,-5.449197292327881,-5.26438570022583,-55.5468864440918
1778673508.88186,-1.242059350013733,-5.712897300720215,-4.17575216293335,-55.1074333190918
1778673508.916917,-4.003340244293213,-5.624979019165039,-2.1875295639038086,-55.1074333190918
1778673508.9523902,-0.8840429186820984,-5.624979019165039,-0.4640287160873413,-55.1074333190918
1778673508.9872277,-2.5524420738220215,-5.624979019165039,-1.0864189863204956,-55.2832145690918
1778673509.0223267,-0.35138002038002014,-5.624979019165039,-0.6762993931770325,-56.25001525878906
1778673509.0574632,-1.1308249235153198,-5.624979019165039,-0.293298602104187,-56.51368713378906
1778673509.092567,1.2285091876983643,-5.624979019165039,-2.2212042808532715,-57.12892150878906
1778673509.129539,3.103034257888794,-5.624979019165039,-1.8216464519500732,-57.21681213378906
1778673509.162923,-0.9725272059440613,-5.624979019165039,-1.2451629638671875,-57.12892150878906
1778673509.1979327,-1.2309281826019287,-5.624979019165039,-2.21840763092041,-57.0410270690918
1778673509.2330256,-1.2965954542160034,-5.624979019165039,-1.8265173435211182,-56.3379020690918
1778673509.266507,-1.7334234714508057,-5.624979019165039,1.1038684844970703,-56.25001525878906
1778673509.3015783,-3.3483450412750244,-5.624979019165039,-0.6973967552185059,-56.25001525878906
1778673509.336745,1.8382172584533691,-5.624979019165039,4.5127458572387695,-56.25001525878906
1778673509.3717933,2.2361955642700195,-5.624979019165039,4.156917095184326,-57.0410270690918
1778673509.4070444,5.266887187957764,-5.624979019165039,4.669407844543457,-60.205108642578125
1778673509.4422817,3.829364776611328,-5.624979019165039,5.589380741119385,-62.75394058227539
1778673509.4771392,0.906358003616333,-5.624979019165039,5.420964241027832,-65.12696838378906
1778673509.5123255,1.2122224569320679,-5.624979019165039,3.6231770515441895,-66.44532775878906
1778673509.547257,-0.38177815079689026,-5.624979019165039,2.6186282634735107,-66.44532775878906
1778673509.5822031,5.183324813842773,-5.624979019165039,3.563626527786255,-66.44532775878906
1778673509.6173503,5.22031307220459,-5.624979019165039,3.9068973064422607,-66.88478088378906
1778673509.6526449,6.384731292724609,-5.624979019165039,-3.211527109146118,-68.1152572631836
1778673509.687482,5.761134147644043,-5.624979019165039,1.077020525932312,-68.3789291381836
1778673509.7242813,4.870459079742432,-5.0976338386535645,-0.05553511530160904,-68.2910385131836
1778673509.75775,4.445553779602051,-3.2519524097442627,-1.8586130142211914,-67.2363510131836
1778673509.7925987,4.758110523223877,-1.1425713300704956,-0.4031609892845154,-65.74220275878906
1778673509.8275793,5.7460222244262695,0.5273826122283936,-2.402392864227295,-65.30274963378906
1778673509.8628814,5.180214881896973,1.494154930114746,-1.1673134565353394,-65.30274963378906
1778673509.8979056,3.4574103355407715,2.373063564300537,-3.3007540702819824,-64.77539825439453
1778673509.9330459,0.44121071696281433,2.9883270263671875,-3.2706785202026367,-63.017616271972656
1778673509.9663491,0.20513436198234558,2.9883270263671875,-3.1025147438049316,-62.138702392578125
1778673510.0014675,1.723734974861145,2.9883270263671875,-0.6604378819465637,-61.435577392578125
1778673510.036623,2.7118465900421143,2.9883270263671875,0.8498498201370239,-61.259796142578125
1778673510.0719748,2.4171574115753174,2.9883270263671875,-0.2440831959247589,-61.259796142578125
1778673510.10705,0.6226377487182617,2.9883270263671875,-4.916612148284912,-61.61136245727539
1778673510.142064,0.9643344879150391,2.9883270263671875,-5.719545841217041,-61.61136245727539
1778673510.177189,2.355876922607422,2.9883270263671875,-4.682865619659424,-60.73244857788086
1778673510.2124,2.039923667907715,2.9883270263671875,-2.8579046726226807,-58.710960388183594
1778673510.247224,2.1299121379852295,2.9883270263671875,-4.720701217651367,-58.007835388183594
1778673510.2826288,1.537200927734375,2.9883270263671875,-4.124844551086426,-56.51368713378906
1778673510.317575,3.6017086505889893,2.9883270263671875,-4.3256731033325195,-55.4589958190918
1778673510.3528085,2.2342734336853027,2.9883270263671875,-0.6985664963722229,-54.40433120727539
1778673510.3878984,2.4787187576293945,2.9883270263671875,2.2243294715881348,-54.316444396972656
1778673510.422972,3.181030750274658,2.9883270263671875,2.7099897861480713,-54.40433120727539
1778673510.4581003,4.4233222007751465,3.4277541637420654,-2.6180055141448975,-55.8105583190918
1778673510.4915948,6.295950412750244,4.746089458465576,-2.9633498191833496,-55.9863395690918
1778673510.5285509,6.620344161987305,6.76760721206665,-3.6686573028564453,-55.9863395690918
1778673510.561778,6.8052263259887695,8.613288879394531,-3.299288272857666,-55.1074333190918
1778673510.5971773,4.453185081481934,9.84376049041748,-5.568000316619873,-54.8437614440918
1778673510.6320148,5.153936386108398,10.986369132995605,-3.0230419635772705,-53.17386245727539
1778673510.667099,7.17933988571167,11.777359962463379,0.9765390157699585,-52.207061767578125
1778673510.7022557,6.166854381561279,12.656269073486328,0.09158222377300262,-52.207061767578125
1778673510.7377346,4.1056318283081055,14.150386810302734,-0.7566535472869873,-52.646514892578125
1778673510.7726154,3.2508702278137207,14.765649795532227,-1.8476297855377197,-53.261749267578125
1778673510.8076239,4.971884727478027,14.765649795532227,-1.8080693483352661,-53.437530517578125
1778673510.842812,5.419456958770752,14.941431999206543,-0.2847442030906677,-53.437530517578125
1778673510.8772938,4.133851528167725,15.46877670288086,3.219270944595337,-53.525421142578125
1778673510.912896,3.6634745597839355,16.259767532348633,2.75699520111084,-54.93164825439453
1778673510.9484572,5.2594475746154785,16.699249267578125,2.2309646606445312,-57.30470657348633
1778673510.98148,5.835494041442871,16.962894439697266,4.6491007804870605,-58.35939407348633
1778673511.0166457,7.426218509674072,17.4902400970459,1.4279332160949707,-60.29299545288086
1778673511.0516322,7.58004093170166,18.720712661743164,3.3345396518707275,-61.699249267578125
1778673511.0866668,7.511974811553955,21.181655883789062,4.69974422454834,-63.36917495727539
1778673511.1217318,7.528954029083252,23.730464935302734,5.140247344970703,-65.30274963378906
1778673511.1569843,7.145159721374512,26.015625,3.29431414604187,-67.2363510131836
1778673511.1922584,5.903063774108887,26.894535064697266,3.9788544178009033,-67.5000228881836
1778673511.227102,5.707447528839111,26.982452392578125,4.461352825164795,-68.2031478881836
1778673511.2622533,5.9369354248046875,27.4218807220459,6.2957987785339355,-69.2578353881836
1778673511.297275,2.842374086380005,28.300790786743164,5.476126670837402,-71.54299926757812
1778673511.332454,1.1431365013122559,29.179697036743164,5.750033855438232,-73.21292877197266
1778673511.367575,-0.06592684239149094,29.355480194091797,3.066277265548706,-74.09181213378906
1778673511.4027593,0.5613833665847778,29.355480194091797,3.0311827659606934,-74.09181213378906
1778673511.4378192,-0.29884862899780273,29.355480194091797,2.364607810974121,-74.09181213378906
1778673511.4726357,0.835994303226471,29.355480194091797,0.36439746618270874,-74.09181213378906
1778673511.5078351,0.9148311614990234,29.355480194091797,-0.7497762441635132,-73.38871002197266
1778673511.542921,3.369854211807251,29.355480194091797,3.640183210372925,-71.54299926757812
1778673511.5780303,-1.4947654008865356,29.355480194091797,4.001487731933594,-71.19143676757812
1778673511.613119,2.893005847930908,29.355480194091797,3.5754075050354004,-71.19143676757812
1778673511.648156,5.339282035827637,29.355480194091797,0.2911301553249359,-71.54299926757812
1778673511.683232,4.963980197906494,29.355480194091797,-1.248806118965149,-71.54299926757812
1778673511.7175717,5.555750846862793,29.355480194091797,-0.5606958866119385,-71.54299926757812
1778673511.753346,5.948370456695557,29.531261444091797,-0.175864577293396,-71.54299926757812
1778673511.788205,4.265191555023193,30.410171508789062,3.1006147861480713,-71.54299926757812
1778673511.8216803,4.143418312072754,31.816425323486328,2.5433223247528076,-71.54299926757812
1778673511.85653,5.137533664703369,33.222679138183594,1.6448026895523071,-73.21292877197266
1778673511.8916507,5.183810710906982,34.101585388183594,1.130213737487793,-73.91605377197266
1778673511.9283295,6.194773197174072,35.50783920288086,0.9600237607955933,-73.91605377197266
1778673511.9620192,5.8792338371276855,36.123050689697266,0.41386500000953674,-74.00391387939453
1778673511.9969218,5.5361785888671875,37.08987808227539,0.514422595500946,-74.00391387939453
1778673512.031846,3.6085846424102783,38.144569396972656,1.794994831085205,-74.09181213378906
1778673512.0671778,2.2912566661834717,38.40821075439453,4.146351337432861,-74.97071838378906
1778673512.1020386,0.7252797484397888,38.40821075439453,2.5775392055511475,-76.81642150878906
1778673512.1369624,4.523388862609863,38.40821075439453,-1.2968864440917969,-77.9590072631836
1778673512.1721122,4.50467586517334,38.40821075439453,0.15040156245231628,-77.9590072631836
1778673512.2069464,1.6905721426010132,38.40821075439453,3.545069694519043,-77.8711166381836
1778673512.2422047,2.3940982818603516,38.40821075439453,2.7062697410583496,-77.7832260131836
1778673512.2771711,1.5259305238723755,38.40821075439453,3.6017637252807617,-77.8711166381836
1778673512.3123071,-5.645211696624756,38.40821075439453,1.2438243627548218,-79.80471801757812
1778673512.34726,-4.532369136810303,38.40821075439453,1.3095383644104004,-80.50784301757812
1778673512.3823857,-6.455552577972412,38.40821075439453,-0.25103017687797546,-80.50784301757812
1778673512.4178255,-5.413038730621338,38.40821075439453,-1.2811139822006226,-80.33206176757812
1778673512.452974,-6.341978549957275,38.40821075439453,-2.8108294010162354,-78.7500228881836
1778673512.4878466,-7.205027103424072,38.40821075439453,-3.5717790126800537,-76.37696838378906
1778673512.5227947,-6.5932183265686035,36.123050689697266,-4.100255489349365,-73.91605377197266
1778673512.5572577,-7.333269119262695,31.464860916137695,-3.4870824813842773,-71.27932739257812
1778673512.593078,-7.335037708282471,29.091833114624023,-3.008479118347168,-70.83987426757812
1778673512.6281772,-6.9911417961120605,25.48828125,-0.5662437081336975,-69.5215072631836
1778673512.6634197,-6.138949394226074,23.115253448486328,-0.9895246624946594,-69.0820541381836
1778673512.6963274,-4.6700873374938965,22.675827026367188,-3.30234956741333,-69.0820541381836
1778673512.7314885,-4.422476291656494,23.115253448486328,-3.612274169921875,-68.9941635131836
1778673512.7665439,-5.53035831451416,23.115253448486328,-5.2998738288879395,-68.0273666381836
1778673512.801745,-0.9706857800483704,23.02739143371582,-3.0972909927368164,-65.65431213378906
1778673512.8367932,-2.513479232788086,23.02739143371582,-0.3482045829296112,-64.86329650878906
1778673512.8718946,2.3888072967529297,23.02739143371582,-3.5583996772766113,-64.86329650878906
1778673512.907345,0.8900933265686035,23.02739143371582,-5.552648067474365,-64.86329650878906
1778673512.942184,3.581286668777466,23.02739143371582,-3.03727650642395,-63.896522521972656
1778673512.9775484,5.230912685394287,23.02739143371582,-3.77055287361145,-63.54495620727539
1778673513.012386,2.5837464332580566,24.257808685302734,-3.358091115951538,-63.10550308227539
1778673513.0476224,3.0959322452545166,25.48828125,-6.376435279846191,-63.10550308227539
1778673513.0827165,4.347516059875488,27.158235549926758,-4.187130928039551,-61.962921142578125
1778673513.117942,5.175912380218506,29.091833114624023,0.28880587220191956,-61.347686767578125
1778673513.152713,4.350630760192871,31.376996994018555,0.8131356239318848,-61.347686767578125
1778673513.1859934,4.491572380065918,33.13481521606445,-1.9324733018875122,-61.699249267578125
1778673513.2217836,3.1869468688964844,34.365234375,2.1530237197875977,-61.875030517578125
1778673513.2564943,-0.258371502161026,34.45315170288086,2.003337860107422,-63.017616271972656
1778673513.2917798,2.259432792663574,34.45315170288086,0.9237478971481323,-65.30274963378906
1778673513.328777,0.4551200568675995,34.45315170288086,4.87494421005249,-66.00587463378906
1778673513.3619246,3.7216439247131348,34.45315170288086,2.293503999710083,-66.70899963378906
1778673513.397106,4.524858474731445,34.45315170288086,3.2343990802764893,-68.3789291381836
1778673513.432253,2.017886161804199,34.365234375,-0.2925739586353302,-69.3457260131836
1778673513.4676623,1.283856749534607,34.365234375,1.4612482786178589,-69.3457260131836
1778673513.502594,0.26840725541114807,34.45315170288086,-0.3170830011367798,-69.3457260131836
1778673513.5376685,-2.176302194595337,34.45315170288086,-3.359116315841675,-69.3457260131836
1778673513.5727127,-0.7554288506507874,34.45315170288086,1.700617790222168,-68.2910385131836
1778673513.6080155,-2.042323589324951,34.27737045288086,1.4843664169311523,-67.8515853881836
1778673513.6431496,2.358896255493164,32.43168640136719,-1.3029481172561646,-67.8515853881836
1778673513.6766777,3.997724771499634,31.552778244018555,-4.585829257965088,-67.8515853881836
1778673513.7116256,1.4183701276779175,31.464860916137695,-5.447075843811035,-66.35743713378906
1778673513.7467358,1.1071480512619019,31.464860916137695,-2.939983606338501,-63.457069396972656
1778673513.7810955,0.26560458540916443,31.464860916137695,-2.9838600158691406,-61.523468017578125
1778673513.8166325,-3.7861289978027344,31.552778244018555,-4.923617362976074,-61.523468017578125
1778673513.852464,-1.2701467275619507,31.464860916137695,-1.2748749256134033,-60.29299545288086
1778673513.8873198,1.2954704761505127,31.464860916137695,-3.637296438217163,-59.85354232788086
1778673513.9225903,3.3406455516815186,31.464860916137695,-3.5379865169525146,-59.41408920288086
1778673513.957419,1.7999248504638672,31.464860916137695,-2.31968355178833,-58.974632263183594
1778673513.9925518,4.013984680175781,31.816425323486328,-2.505378007888794,-58.974632263183594
1778673514.0278542,3.0931856632232666,33.04689407348633,-1.9410319328308105,-58.974632263183594
1778673514.0629334,4.659465789794922,34.101585388183594,-5.9403486251831055,-58.974632263183594
1778673514.098325,6.65418004989624,35.595703125,-7.5497236251831055,-58.974632263183594
1778673514.1313946,6.4044671058654785,37.35352325439453,-7.141812324523926,-56.51368713378906
1778673514.166523,3.622992515563965,39.55082321166992,-7.412330150604248,-53.525421142578125
1778673514.201556,2.4251039028167725,40.86915588378906,-6.623801231384277,-51.59182357788086
1778673514.2369967,3.56862473487854,41.13285827636719,-6.989102840423584,-49.74611282348633
1778673514.2718704,5.421151638031006,41.13285827636719,-7.464915752410889,-47.81251525878906
1778673514.3072152,2.5993473529815674,41.13285827636719,-7.275434494018555,-46.14259338378906
1778673514.342108,1.7272299528121948,41.13285827636719,-7.204081058502197,-45.08789825439453
1778673514.3773699,2.0130088329315186,41.13285827636719,-6.907065391540527,-43.24222183227539
1778673514.4118378,2.7551674842834473,41.22072219848633,-4.6935319900512695,-42.80276107788086
1778673514.447169,4.358484268188477,41.22072219848633,-5.501614093780518,-42.80276107788086
1778673514.48233,1.636608362197876,41.22072219848633,-5.45407772064209,-42.451202392578125
1778673514.5176098,0.18921954929828644,41.22072219848633,-3.147434949874878,-41.92385482788086
1778673514.5527616,2.6425015926361084,41.22072219848633,-3.7766928672790527,-41.92385482788086
1778673514.58783,3.181572914123535,41.22072219848633,-5.216385364532471,-41.92385482788086
1778673514.6225429,3.754971981048584,41.22072219848633,-4.468337059020996,-41.13283920288086
1778673514.6573155,5.387899398803711,41.57228469848633,-2.9250504970550537,-39.72658157348633
1778673514.6924825,5.066476821899414,42.01176452636719,-6.424785614013672,-39.72658157348633
1778673514.7295089,5.431341171264648,43.417964935302734,-6.663515567779541,-39.63869094848633
1778673514.7628303,4.372707366943359,45.527347564697266,-5.6055474281311035,-38.14454650878906
1778673514.797893,0.5859994888305664,47.6367301940918,-4.369719505310059,-36.7382926940918
1778673514.8331673,-2.995033025741577,49.13090133666992,-3.216047525405884,-36.6504020690918
1778673514.8684578,-2.6779706478118896,49.3945426940918,-3.252624750137329,-36.6504020690918
1778673514.901364,-3.0397489070892334,49.3945426940918,-5.288294315338135,-36.6504020690918
1778673514.936718,-4.297394275665283,49.3945426940918,-5.12452507019043,-35.41992950439453
1778673514.9717786,-3.376082181930542,49.3945426940918,-1.1513636112213135,-33.837921142578125
1778673515.0067236,-4.956219673156738,49.3945426940918,1.0943700075149536,-32.34377670288086
1778673515.0415134,-4.467458724975586,49.3945426940918,-3.85341739654541,-32.16799545288086
1778673515.0770729,-4.2426347732543945,49.3945426940918,-5.213482856750488,-31.81643295288086
1778673515.1121788,-5.452587127685547,48.6914176940918,-6.121211528778076,-29.794940948486328
1778673515.1473994,-7.298396587371826,46.84573745727539,-4.325355052947998,-27.33399772644043
1778673515.182598,-5.750685691833496,43.681663513183594,-2.3891634941101074,-25.92774200439453
1778673515.2174606,-4.939940452575684,40.69337463378906,2.2034733295440674,-25.839853286743164
1778673515.2524605,-7.328217506408691,38.671913146972656,4.45577335357666,-25.839853286743164
1778673515.2876601,-7.324455738067627,37.17774200439453,1.3400264978408813,-27.24610710144043
1778673515.3229887,-6.851931571960449,34.189449310302734,1.244596004486084,-28.564470291137695
1778673515.3583364,-6.7596940994262695,30.761734008789062,-0.4363795518875122,-29.179704666137695
1778673515.391327,-5.832810401916504,30.58595085144043,-4.048497200012207,-29.179704666137695
1778673515.4264822,-6.601626396179199,29.794960021972656,-2.078920364379883,-29.003923416137695
1778673515.4615784,-6.107047080993652,29.97074317932129,0.4181787371635437,-27.24610710144043
1778673515.4966934,-5.845066070556641,29.179697036743164,-0.6257503032684326,-26.718759536743164
1778673515.5338216,-5.7575764656066895,27.7734432220459,3.0565779209136963,-26.718759536743164
1778673515.5670443,-5.725497245788574,27.334016799926758,5.0721435546875,-26.718759536743164
1778673515.60213,-5.074339866638184,26.630889892578125,4.0559163093566895,-28.12501335144043
1778673515.637409,-2.8024203777313232,25.400419235229492,2.7175686359405518,-31.025415420532227
1778673515.6725652,-3.8068718910217285,24.873071670532227,4.311298847198486,-31.72854232788086
1778673515.7073922,-4.362910747528076,24.873071670532227,5.520492076873779,-33.04690170288086
1778673515.742579,-3.7201945781707764,24.609371185302734,4.016999244689941,-35.50782012939453
1778673515.7774584,-3.7072205543518066,24.521509170532227,3.3558225631713867,-36.2109489440918
1778673515.812795,-2.5371553897857666,24.345727920532227,4.6101975440979,-36.2988395690918
1778673515.8474994,-0.4850529730319977,24.345727920532227,6.502067565917969,-36.6504020690918
1778673515.8820648,2.8520796298980713,24.345727920532227,6.552712917327881,-39.46290969848633
1778673515.9177542,2.219165563583374,24.345727920532227,7.2274370193481445,-41.74807357788086
1778673515.9529138,-3.8523497581481934,24.345727920532227,7.172398567199707,-43.94534683227539
1778673515.9879448,-3.717237949371338,24.345727920532227,6.091506481170654,-46.0546989440918
1778673516.021296,-2.621612548828125,24.345727920532227,6.646707534790039,-46.4941520690918
1778673516.0564065,-2.881211280822754,24.345727920532227,7.502559185028076,-48.33985900878906
1778673516.0915666,-3.0288286209106445,24.345727920532227,6.619436740875244,-48.955101013183594
1778673516.1287894,-6.640411376953125,24.257808685302734,7.0076141357421875,-50.712913513183594
1778673516.1620092,-5.732144355773926,23.818382263183594,5.317282676696777,-52.910186767578125
1778673516.1970847,-5.820966720581055,22.50004768371582,3.3460025787353516,-53.085968017578125
1778673516.2320592,-6.983839511871338,19.687538146972656,4.074017524719238,-53.085968017578125
1778673516.26701,-7.250070095062256,16.962894439697266,5.80010461807251,-52.73440170288086
1778673516.3023815,-7.427682399749756,14.765649795532227,5.569613933563232,-52.646514892578125
1778673516.3372762,-6.839182376861572,13.447314262390137,4.087164402008057,-53.525421142578125
1778673516.3727264,-5.937437057495117,12.041060447692871,5.375636577606201,-54.05276870727539
1778673516.4076893,-2.669766426086426,11.689496994018555,5.73206901550293,-55.2832145690918
1778673516.4429924,-0.7600394487380981,11.777359962463379,5.6185526847839355,-56.77735900878906
1778673516.477929,-3.9811179637908936,11.777359962463379,1.9308366775512695,-57.392601013183594
1778673516.512502,-5.986523151397705,11.777359962463379,1.7795785665512085,-57.48048782348633
1778673516.5464888,-3.6228113174438477,11.777359962463379,-0.6525135636329651,-57.0410270690918
1778673516.5813897,0.7181271314620972,11.777359962463379,-4.23059606552124,-55.1074333190918
1778673516.6165013,-0.02005482092499733,11.777359962463379,-4.450018405914307,-51.59182357788086
1778673516.6515832,1.4561599493026733,11.777359962463379,0.3178252577781677,-48.33985900878906
1778673516.6867046,-2.669416904449463,11.777359962463379,2.09765887260437,-46.6699333190918
1778673516.7237082,-5.992523670196533,11.777359962463379,1.745378851890564,-46.58204650878906
1778673516.7571552,-6.827334880828857,11.777359962463379,1.4784036874771118,-46.58204650878906
1778673516.7924144,-6.80483341217041,11.777359962463379,0.9797526597976685,-46.6699333190918
1778673516.827505,-6.902096271514893,11.601578712463379,1.641880750656128,-48.77931594848633
1778673516.8625805,-6.776858329772949,10.72266960144043,0.5779005289077759,-49.21876907348633
1778673516.8974662,-6.854644298553467,8.964852333068848,-2.3017539978027344,-49.21876907348633
1778673516.934392,-5.794219017028809,5.185571193695068,-3.5435657501220703,-48.955101013183594
1778673516.9681091,-2.594352960586548,2.460981845855713,-1.8635188341140747,-47.63673400878906
1778673517.0030801,-2.237605571746826,-0.439444363117218,-0.6137477159500122,-46.58204650878906
1778673517.0362465,3.2500391006469727,-1.845698356628418,-3.224907636642456,-46.4062614440918
1778673517.0715327,1.3710864782333374,-1.845698356628418,-3.2480838298797607,-46.3183708190918
1778673517.1058052,-0.16863670945167542,-1.845698356628418,-1.6465041637420654,-45.4394645690918
1778673517.141408,0.9064834117889404,-1.845698356628418,-3.400824785232544,-44.38479995727539
1778673517.1768441,-0.13298103213310242,-1.845698356628418,0.7865635752677917,-43.154327392578125
1778673517.212123,2.934399127960205,-1.845698356628418,-1.7115107774734497,-43.154327392578125
1778673517.247143,1.026008129119873,-1.845698356628418,-2.5121402740478516,-43.154327392578125
1778673517.2842855,4.0880866050720215,-1.581998348236084,1.777000904083252,-43.154327392578125
1778673517.317273,4.133268356323242,3.7338671972975135e-05,0.35995087027549744,-43.154327392578125
1778673517.352689,7.0483503341674805,2.373063564300537,-3.3637664318084717,-43.154327392578125
1778673517.387578,6.343061447143555,5.449216365814209,-4.653025150299072,-43.154327392578125
1778673517.4228551,5.719635963439941,8.261725425720215,-5.396358013153076,-42.09963607788086
1778673517.458084,5.535775661468506,10.283242225646973,-3.342251777648926,-39.63869094848633
1778673517.4934542,0.18853697180747986,11.162151336669922,-2.4395039081573486,-38.75978088378906
1778673517.527987,1.7577451467514038,11.250015258789062,-2.611269950866699,-38.75978088378906
1778673517.5612676,2.7693920135498047,11.250015258789062,-2.596635103225708,-38.75978088378906
1778673517.5963678,2.751718044281006,11.250015258789062,-2.009166955947876,-38.75978088378906
1778673517.631388,-1.6035268306732178,11.250015258789062,1.4045906066894531,-38.75978088378906
1778673517.6664722,-4.869790554046631,11.250015258789062,0.09820447117090225,-38.84767532348633
1778673517.7015774,-3.2831082344055176,11.250015258789062,-1.999450445175171,-39.63869094848633
1778673517.735959,0.04580964893102646,11.250015258789062,-2.550529956817627,-39.550804138183594
1778673517.771627,3.963118076324463,11.250015258789062,-3.2389655113220215,-39.63869094848633
1778673517.8070605,1.4402357339859009,11.250015258789062,-2.288660764694214,-38.32032775878906
1778673517.8420527,-1.4809939861297607,11.250015258789062,-2.9955039024353027,-38.14454650878906
1778673517.877079,-2.0434913635253906,11.250015258789062,-3.439828872680664,-36.5625114440918
1778673517.9121926,-5.744318962097168,11.250015258789062,-4.51524019241333,-35.85938262939453
1778673517.9489167,-6.1237993240356445,11.162151336669922,-5.337584972381592,-33.662139892578125
1778673517.9824712,-4.3876261711120605,9.492197036743164,-5.593067646026611,-31.376977920532227
1778673518.017344,0.007802172563970089,6.679688930511475,-4.742851734161377,-29.794940948486328
1778673518.0524712,0.759001612663269,5.624998569488525,-3.0829381942749023,-29.531269073486328
1778673518.0876188,4.518838405609131,4.042962551116943,-2.2268664836883545,-29.531269073486328
1778673518.1225288,4.893100738525391,3.955099105834961,-4.953655242919922,-29.531269073486328
1778673518.1569357,4.840263366699219,4.042962551116943,-2.1492362022399902,-29.531269073486328
1778673518.192277,4.114609241485596,4.042962551116943,4.542150020599365,-29.531269073486328
1778673518.2278156,4.128243446350098,4.042962551116943,3.3703112602233887,-29.531269073486328
1778673518.2627375,3.197495222091675,4.042962551116943,0.3566398024559021,-30.322288513183594
1778673518.2977138,2.543811559677124,4.921871185302734,0.7537204027175903,-30.761741638183594
1778673518.3348706,0.5506694912910461,6.064479827880859,3.257972002029419,-32.25588607788086
1778673518.3678794,1.1688960790634155,6.328125476837158,1.6426101922988892,-34.36526870727539
1778673518.402945,1.0688716173171997,6.328125476837158,2.959502935409546,-36.0351676940918
1778673518.4380517,-2.9184024333953857,6.328125476837158,2.5429556369781494,-36.9140739440918
1778673518.473067,-3.2157905101776123,6.328125476837158,4.732062816619873,-37.3535270690918
1778673518.5062766,-4.694698810577393,6.328125476837158,5.042011260986328,-39.19923782348633
1778673518.5415733,-6.887352466583252,6.328125476837158,5.038401126861572,-41.044944763183594
1778673518.5764453,-6.088150501251221,6.328125476837158,1.002628207206726,-42.80276107788086
1778673518.6116486,-2.8144702911376953,6.328125476837158,-0.2728896141052246,-42.80276107788086
1778673518.6467533,3.519639492034912,5.537134647369385,0.5055360198020935,-42.80276107788086
1778673518.681984,5.921197414398193,4.218744277954102,5.07130241394043,-42.01174545288086
1778673518.7191825,4.039700508117676,3.7793173789978027,5.6811418533325195,-41.74807357788086
1778673518.7521794,5.7073655128479,3.7793173789978027,5.746711730957031,-41.74807357788086
1778673518.786852,6.614004135131836,3.7793173789978027,3.084336996078491,-42.275421142578125
1778673518.822719,2.9020872116088867,3.8672354221343994,2.0932109355926514,-42.714874267578125
1778673518.8579526,4.459977149963379,3.7793173789978027,-3.2470667362213135,-42.890655517578125
1778673518.8927474,5.1884026527404785,4.4824442863464355,-5.646809101104736,-42.890655517578125
1778673518.927889,5.0521159172058105,5.976562023162842,-6.435262203216553,-42.539093017578125
1778673518.963081,5.1298747062683105,7.822298049926758,-6.781877040863037,-40.341819763183594
1778673518.996398,4.817726135253906,9.58011531829834,-6.796036720275879,-35.94727325439453
1778673519.0312657,6.5980963706970215,10.54688835144043,-7.178267002105713,-32.871124267578125
1778673519.0664072,5.76270055770874,12.041060447692871,-6.786407470703125,-30.49806785583496
1778673519.1035106,5.035501003265381,14.062522888183594,-7.215068340301514,-29.443378448486328
1778673519.1366625,4.626480579376221,16.083986282348633,-6.352450370788574,-28.300796508789062
1778673519.1718302,4.722707271575928,16.259767532348633,-6.69411039352417,-26.982433319091797
1778673519.2068903,0.03651660680770874,16.523468017578125,-6.468660831451416,-26.103525161743164
1778673519.2419589,3.4874660968780518,16.699249267578125,-6.333993434906006,-24.082061767578125
1778673519.2770796,3.6229162216186523,16.787113189697266,-6.723302841186523,-23.554718017578125
1778673519.312353,4.4253644943237305,16.962894439697266,-5.755800247192383,-22.14846420288086
1778673519.3474936,4.394731044769287,17.402376174926758,-6.236208438873291,-21.357444763183594
1778673519.3823643,3.5853183269500732,18.28128433227539,-5.298311233520508,-20.214862823486328
1778673519.416813,2.360779285430908,18.808629989624023,-5.659927845001221,-19.335954666137695
1778673519.45268,2.3086795806884766,18.896493911743164,-5.198239803314209,-18.720718383789062
1778673519.4875762,2.3992674350738525,18.896493911743164,-5.573369979858398,-18.369155883789062
1778673519.5226216,4.625253677368164,18.984411239624023,-1.8722881078720093,-16.347665786743164
1778673519.5574636,4.831503868103027,19.248056411743164,0.5410526394844055,-16.259775161743164
1778673519.592461,4.13616418838501,20.21488380432129,5.770133018493652,-16.523447036743164
1778673519.6276917,6.607661247253418,21.181655883789062,2.6720125675201416,-18.01759147644043
1778673519.6626945,4.353078842163086,22.675827026367188,5.522328853607178,-22.14846420288086
1778673519.697969,0.6620661616325378,24.433591842651367,5.547976970672607,-27.15821647644043
1778673519.7351122,1.4569348096847534,25.312498092651367,5.831082344055176,-30.761741638183594
1778673519.766266,0.662098228931427,25.927762985229492,5.2911248207092285,-32.25588607788086
1778673519.8031747,-3.9204511642456055,26.015625,4.837176322937012,-33.222686767578125
1778673519.8365695,-4.2714643478393555,26.015625,3.697563648223877,-34.013702392578125
1778673519.8714685,-5.237112998962402,26.015625,4.927027225494385,-35.41992950439453
1778673519.9064949,-2.5348265171051025,26.015625,4.327266693115234,-36.1230583190918
1778673519.9414504,-3.7785184383392334,25.48828125,5.149835109710693,-36.3867301940918
1778673519.9766145,-0.8992114663124084,22.85161018371582,5.090330123901367,-37.52931213378906
1778673520.0115275,0.36523038148880005,20.742229461669922,6.761157035827637,-38.32032775878906
1778673520.0459814,-0.3010410666465759,19.160194396972656,6.602592945098877,-40.429710388183594
1778673520.0815675,-0.28231561183929443,19.248056411743164,7.0496826171875,-42.451202392578125
1778673520.1166449,0.8340780735015869,19.248056411743164,6.340266704559326,-43.769561767578125
1778673520.1515503,-4.81329345703125,19.248056411743164,4.844557285308838,-45.00000762939453
1778673520.1866708,-3.826866626739502,19.248056411743164,4.795380115509033,-45.08789825439453
1778673520.2218404,-4.312509059906006,19.248056411743164,3.980344295501709,-45.26367950439453
1778673520.2566693,0.4826917350292206,19.248056411743164,3.1565887928009033,-45.26367950439453
1778673520.2917762,-1.4836170673370361,19.248056411743164,1.927900791168213,-45.26367950439453
1778673520.3270524,1.6605496406555176,19.248056411743164,0.4609000086784363,-45.1757926940918
1778673520.363912,-4.679539203643799,19.248056411743164,4.3013691902160645,-45.1757926940918
1778673520.3971143,-2.562390089035034,19.248056411743164,1.9309625625610352,-45.1757926940918
1778673520.4320822,-1.6658124923706055,19.248056411743164,2.139460563659668,-45.1757926940918
1778673520.4668956,-2.183952569961548,19.248056411743164,-3.3100669384002686,-45.1757926940918
1778673520.5024152,-2.322349786758423,19.248056411743164,-1.0719099044799805,-45.1757926940918
1778673520.5391653,-2.7814722061157227,19.248056411743164,0.21356113255023956,-45.08789825439453
1778673520.5722692,-1.4916129112243652,18.808629989624023,2.487388849258423,-44.82422637939453
1778673520.6076846,-1.7405143976211548,18.457067489624023,0.41107177734375,-44.82422637939453
1778673520.6425767,-5.353675842285156,18.457067489624023,-3.466648817062378,-44.82422637939453
1778673520.6776333,-5.284525394439697,18.457067489624023,-3.8369362354278564,-43.769561767578125
1778673520.713091,0.31320837140083313,17.578157424926758,2.224599838256836,-40.781272888183594
1778673520.7480807,0.3603084683418274,16.699249267578125,1.5052573680877686,-39.02345657348633
1778673520.7831736,1.0565012693405151,16.259767532348633,2.0406494140625,-38.93556594848633
1778673520.8180814,-0.28110477328300476,16.259767532348633,0.9421219825744629,-38.93556594848633
1778673520.85323,0.1717139035463333,16.083986282348633,2.735956907272339,-39.63869094848633
1778673520.886616,0.5867542028427124,15.556640625,-0.17535300552845,-42.36330795288086
1778673520.921532,-0.22812332212924957,15.29299545288086,-0.04054245725274086,-43.769561767578125
1778673520.9568672,2.038012981414795,15.380858421325684,0.47665491700172424,-43.85745620727539
1778673520.9919922,-0.6787010431289673,15.380858421325684,3.2704355716705322,-43.85745620727539
1778673521.0272567,-1.0045753717422485,15.380858421325684,5.708006858825684,-43.85745620727539
1778673521.0622835,0.41402220726013184,15.380858421325684,0.3924996256828308,-44.209014892578125
1778673521.0972705,-0.39913901686668396,15.380858421325684,-0.41949620842933655,-44.209014892578125
1778673521.1343348,-3.471012592315674,15.380858421325684,-3.9685325622558594,-44.209014892578125
1778673521.1677642,-1.8312169313430786,15.380858421325684,-4.940907955169678,-43.68167495727539
1778673521.2031221,-3.9832491874694824,15.380858421325684,-3.2648415565490723,-40.957054138183594
1778673521.2380226,-4.552123069763184,15.380858421325684,-0.24281471967697144,-39.19923782348633
1778673521.2728648,-5.5852789878845215,15.29299545288086,2.6508843898773193,-39.19923782348633
1778673521.3079965,-5.380924224853516,14.41408634185791,-2.4222264289855957,-39.19923782348633
1778673521.342989,-5.650224208831787,12.480486869812012,-4.89604377746582,-39.02345657348633
1778673521.3781698,-5.925754070281982,10.898451805114746,-6.221769332885742,-37.96876525878906
1778673521.4135933,-4.439732551574707,9.316415786743164,-6.57818603515625,-34.89261245727539
1778673521.4484882,0.26429441571235657,7.207034587860107,-6.202018737792969,-30.849632263183594
1778673521.481443,-0.7523046731948853,5.624998569488525,-5.139858722686768,-29.355487823486328
1778673521.5166214,0.7131525278091431,5.537134647369385,-4.797995567321777,-29.179704666137695
1778673521.551596,-0.34504973888397217,5.537134647369385,-5.041642665863037,-27.33399772644043
1778673521.5866683,-0.06515824794769287,5.537134647369385,-2.071368932723999,-26.806652069091797
1778673521.622047,2.840297222137451,5.537134647369385,-4.011317253112793,-26.806652069091797
1778673521.6570454,2.6645240783691406,5.537134647369385,-4.176319122314453,-26.806652069091797
1778673521.692096,0.24728116393089294,5.888698101043701,-5.691871643066406,-26.103525161743164
1778673521.727127,-1.7514499425888062,6.15234375,-5.937980651855469,-23.466825485229492
1778673521.762453,-3.1153013706207275,6.240261554718018,-4.537135601043701,-22.412134170532227
1778673521.797702,-2.8714816570281982,6.240261554718018,-6.53833532333374,-22.14846420288086
1778673521.832605,-0.3918672800064087,6.240261554718018,-6.705443859100342,-19.951190948486328
1778673521.8677454,-3.736462354660034,6.240261554718018,-6.799193859100342,-17.66602897644043
1778673521.9027123,-5.342541694641113,6.240261554718018,-6.743317127227783,-16.17188262939453
1778673521.9397717,-6.214703559875488,6.240261554718018,-6.338382720947266,-14.677765846252441
1778673521.9712873,-7.272764205932617,6.240261554718018,-6.387421131134033,-13.886748313903809
1778673522.0063758,-5.790469646453857,6.240261554718018,-6.56733512878418,-12.568385124206543
1778673522.0414908,-5.455099105834961,4.921871185302734,-6.227793216705322,-10.634785652160645
1778673522.0766199,-0.8187280893325806,2.9883270263671875,-5.956064701080322,-10.283222198486328
1778673522.111985,-4.144421577453613,0.7031643390655518,-6.976786136627197,-8.26173210144043
1778673522.1470377,-0.6039604544639587,-0.52730792760849,-7.508609294891357,-6.152351379394531
1778673522.1822875,-2.3646907806396484,-0.9667896032333374,-7.460555076599121,-4.13088846206665
1778673522.2171657,-3.108398675918579,-0.9667896032333374,-6.751192092895508,-2.6367435455322266
1778673522.2523396,-4.84002685546875,-0.9667896032333374,-6.494261741638184,-2.021507501602173
1778673522.287389,-5.910781383514404,-0.9667896032333374,-6.707479953765869,-1.2304894924163818
1778673522.32241,-6.883556365966797,-1.1425713300704956,-5.117285251617432,-0.08790817856788635
1778673522.3574917,-6.358415603637695,-2.460907220840454,-7.2139434814453125,0.17576444149017334
1778673522.3925693,-7.104668617248535,-4.130861282348633,-6.242998123168945,1.8456910848617554
1778673522.4277883,-6.980031490325928,-6.5917510986328125,-4.792269229888916,3.1640541553497314
1778673522.4630764,-6.674255847930908,-8.701131820678711,-2.161961078643799,3.515617609024048
1778673522.4978907,-5.512794494628906,-9.843740463256836,-2.05411696434021,3.3398358821868896
1778673522.5349152,-4.928797721862793,-10.107385635375977,-2.288498878479004,3.0761632919311523
1778673522.568186,-3.8793184757232666,-10.019521713256836,-3.40858793258667,3.0761632919311523
1778673522.6030478,-2.2886645793914795,-10.019521713256836,0.33331045508384705,3.1640541553497314
1778673522.6362832,-2.060145378112793,-10.019521713256836,-1.9432611465454102,3.0761632919311523
1778673522.6732624,-0.8524377942085266,-10.019521713256836,-0.4809267222881317,3.0761632919311523
1778673522.7062721,-3.1825125217437744,-10.019521713256836,1.4629534482955933,2.900381565093994
1778673522.7415888,-4.4810261726379395,-10.019521713256836,1.8560885190963745,0.6152188181877136
1778673522.7766912,0.6512020230293274,-10.019521713256836,-0.6194483041763306,-0.5273625254631042
1778673522.81168,0.6043312549591064,-10.019521713256836,4.920329570770264,-0.5273625254631042
1778673522.8469245,-1.315785527229309,-10.019521713256836,4.808221817016602,-0.6152534484863281
1778673522.8820727,2.510265350341797,-10.019521713256836,4.065963268280029,-2.6367435455322266
1778673522.9173126,1.9159194231033325,-10.019521713256836,2.4519009590148926,-4.570343017578125
1778673522.9523675,0.05121803656220436,-10.019521713256836,0.18189607560634613,-4.658234119415283
1778673522.9874187,-3.557215929031372,-10.019521713256836,2.4343442916870117,-4.570343017578125
1778673523.0225055,-1.252123475074768,-10.019521713256836,5.124234199523926,-4.658234119415283
1778673523.0577261,-3.7099809646606445,-10.019521713256836,6.383469104766846,-6.3281331062316895
1778673523.0930147,-4.436821460723877,-10.019521713256836,5.706813335418701,-9.843767166137695
1778673523.1280253,-2.5811431407928467,-10.019521713256836,1.972841739654541,-11.513693809509277
1778673523.1630294,-1.8090779781341553,-10.019521713256836,0.3450115919113159,-11.425804138183594
1778673523.196219,-1.7913507223129272,-10.019521713256836,1.5509001016616821,-10.722677230834961
1778673523.2314558,-2.099466323852539,-10.019521713256836,1.7122160196304321,-10.546895027160645
1778673523.2664127,1.2280248403549194,-10.019521713256836,0.5616695880889893,-10.546895027160645
1778673523.3015623,5.732766151428223,-10.019521713256836,-2.266801118850708,-9.580095291137695
1778673523.33868,4.454089641571045,-10.019521713256836,-2.9524965286254883,-6.943369388580322
1778673523.3718808,5.137274265289307,-10.019521713256836,-0.3206450641155243,-4.746124744415283
1778673523.406978,6.9756178855896,-10.019521713256836,-2.509795904159546,-4.394561290740967
1778673523.4422982,7.3385796546936035,-10.019521713256836,-3.1780123710632324,-3.5156521797180176
1778673523.4772243,6.620583534240723,-10.019521713256836,-1.1874663829803467,-2.28518009185791
1778673523.5125124,5.791468620300293,-10.019521713256836,-3.4089934825897217,-2.28518009185791
1778673523.5475073,4.419814109802246,-8.701131820678711,-5.8977203369140625,-2.109398365020752
1778673523.582541,1.972244143486023,-6.767532825469971,-4.563669204711914,-0.5273625254631042
1778673523.6178606,0.1438809484243393,-4.57028865814209,-2.6147398948669434,0.26365530490875244
1778673523.653019,0.8628628849983215,-3.7792978286743164,-1.7693371772766113,0.17576444149017334
1778673523.6862495,-0.7818993926048279,-3.7792978286743164,-4.555628299713135,0.08787357062101364
1778673523.7233982,1.6721899509429932,-3.7792978286743164,-4.278885364532471,0.26365530490875244
1778673523.7564807,1.847309947013855,-3.7792978286743164,-0.1435699313879013,0.5273279547691345
1778673523.7915854,0.6356524229049683,-3.7792978286743164,-3.471189260482788,0.5273279547691345
1778673523.826589,2.8622548580169678,-3.7792978286743164,-2.417140007019043,0.8788914680480957
1778673523.8614187,3.3504889011383057,-3.7792978286743164,-3.3375446796417236,1.230454921722412
1778673523.8983114,3.647186756134033,-3.7792978286743164,-2.4386277198791504,2.1093637943267822
1778673523.9316063,5.290513038635254,-3.6913797855377197,-4.5749735832214355,2.1093637943267822
1778673523.9667454,5.762237548828125,-2.3730435371398926,-6.370430946350098,3.515617609024048
1778673524.0014706,5.213845729827881,-0.52730792760849,-5.149906158447266,5.888643741607666
1778673524.0369225,6.144268989562988,2.0215001106262207,-4.378248691558838,6.415988922119141
1778673524.072103,6.14237642288208,3.4277541637420654,-3.3926658630371094,6.415988922119141
1778673524.107247,7.647175312042236,4.4824442863464355,-5.539985656738281,6.240207195281982
1778673524.1421015,7.7487263679504395,5.624998569488525,-4.271241664886475,7.382789134979248
1778673524.1771846,7.8211469650268555,7.470734596252441,-0.8731740713119507,8.085916519165039
1778673524.2127817,7.879611015319824,9.052770614624023,-2.017335891723633,7.822243690490723
1778673524.2475388,7.809380054473877,10.107460975646973,-0.8757187128067017,7.29489803314209
1778673524.282696,7.873793125152588,11.513714790344238,-1.92327880859375,6.240207195281982
1778673524.317803,7.792601108551025,13.007832527160645,0.6028216481208801,5.800752639770508
1778673524.3530886,7.432511329650879,14.853513717651367,-1.4802066087722778,4.130825996398926
1778673524.3879037,6.851943492889404,15.996122360229492,-1.5312867164611816,3.603508234024048
1778673524.4229183,6.926423072814941,17.050811767578125,0.873327374458313,3.603508234024048
1778673524.458209,4.525074481964111,17.92972183227539,1.9432933330535889,3.515617609024048
1778673524.493173,4.490842819213867,18.457067489624023,-0.6116541028022766,1.8456910848617554
1778673524.5280712,2.4184014797210693,18.457067489624023,-0.5667619705200195,0.8788914680480957
1778673524.5629013,3.7729175090789795,18.36914825439453,4.797276496887207,0.9667823314666748
1778673524.5971978,1.5463916063308716,18.36914825439453,4.155689239501953,0.9667823314666748
1778673524.6327653,5.303390026092529,18.36914825439453,6.713925838470459,0.08787357062101364
1778673524.667891,5.966134071350098,18.36914825439453,5.858842372894287,-3.779325246810913
1778673524.703068,3.189209461212158,18.457067489624023,4.447498798370361,-6.3281331062316895
1778673524.740073,5.958318710327148,18.720712661743164,4.575913429260254,-6.679696559906006
1778673524.773372,5.183314800262451,19.248056411743164,5.877903938293457,-8.085949897766113
1778673524.8065443,3.2589869499206543,20.65431022644043,3.8523237705230713,-9.667985916137695
1778673524.8414125,0.22575172781944275,21.621137619018555,2.8477673530578613,-9.843767166137695
1778673524.876545,1.6139581203460693,22.060564041137695,5.739199638366699,-9.843767166137695
1778673524.9117074,4.727959632873535,22.148483276367188,4.865563869476318,-10.019549369812012
1778673524.9468148,3.0352389812469482,22.324264526367188,6.073564529418945,-11.074240684509277
1778673524.984183,0.0543191134929657,22.93947410583496,7.26096773147583,-13.623075485229492
1778673525.0188313,-2.990312099456787,23.203174591064453,4.759423732757568,-16.17188262939453
1778673525.0525067,1.1218104362487793,23.203174591064453,4.421493053436279,-16.787120819091797
1778673525.087381,4.72291374206543,23.203174591064453,-1.6495981216430664,-16.787120819091797
1778673525.1224446,3.5433766841888428,23.203174591064453,-5.096334457397461,-16.787120819091797
1778673525.1576293,4.262951374053955,23.203174591064453,-4.957618713378906,-16.17188262939453
1778673525.1927018,3.8025147914886475,23.203174591064453,-1.8143738508224487,-13.447293281555176
1778673525.2273483,3.228994846343994,23.5546817779541,-3.0019187927246094,-11.250021934509277
1778673525.263042,4.807870864868164,24.433591842651367,1.0232120752334595,-8.964859008789062
1778673525.2963006,5.110952377319336,26.191408157348633,0.7091089487075806,-8.43751335144043
1778673525.3314133,5.190848350524902,28.38870620727539,1.335707187652588,-8.701186180114746
1778673525.3665006,4.168537139892578,30.05860710144043,1.142396330833435,-10.459003448486328
1778673525.4034197,5.209038734436035,30.849651336669922,3.6201508045196533,-11.513693809509277
1778673525.4366682,4.20585298538208,30.849651336669922,3.023890495300293,-13.710967063903809
1778673525.4740653,3.84224271774292,31.376996994018555,5.050294876098633,-15.029329299926758
1778673525.5091708,3.858045816421509,31.816425323486328,2.8393619060516357,-17.050792694091797
1778673525.5422416,0.3792865574359894,32.25590515136719,0.40147900581359863,-18.10548210144043
1778673525.577309,-0.6063441634178162,32.25590515136719,-0.09237583726644516,-18.10548210144043
1778673525.6126316,-1.5093847513198853,32.25590515136719,-2.8267412185668945,-17.84181022644043
1778673525.647626,-1.2215936183929443,32.25590515136719,-4.702786445617676,-14.941438674926758
1778673525.6830046,-3.8887362480163574,32.25590515136719,-3.036696672439575,-11.250021934509277
1778673525.718036,-5.70522403717041,32.25590515136719,-2.173752784729004,-9.052749633789062
1778673525.7532206,-2.089742660522461,32.16798782348633,-4.09107780456543,-8.34962272644043
1778673525.788232,1.0772408246994019,30.410171508789062,-0.912086546421051,-7.2949323654174805
1778673525.8236144,3.0788955688476562,29.091833114624023,-2.1530377864837646,-7.031260013580322
1778673525.858057,5.9688029289245605,28.828134536743164,-1.2617443799972534,-7.1191511154174805
1778673525.8914056,6.0531511306762695,28.828134536743164,-3.7410686016082764,-7.470714092254639
1778673525.926826,5.47279691696167,28.828134536743164,-4.2163496017456055,-7.2949323654174805
1778673525.9621112,5.709094047546387,28.828134536743164,-1.3486214876174927,-5.712924480438232
1778673525.9969666,1.1684688329696655,30.410171508789062,1.9879186153411865,-5.361361026763916
1778673526.033867,-2.0198943614959717,31.376996994018555,-0.9347829222679138,-5.888679027557373
1778673526.0691092,0.05790756642818451,31.728561401367188,-2.0001060962677,-5.976569652557373
1778673526.1023197,-0.0060153682716190815,31.728561401367188,-2.7927892208099365,-5.888679027557373
1778673526.1393042,-3.3823180198669434,31.728561401367188,-3.7160072326660156,-5.0097975730896
1778673526.1725576,-1.5731855630874634,31.728561401367188,-1.3801004886627197,-4.04299783706665
1778673526.207679,1.124534010887146,31.728561401367188,-2.0910580158233643,-4.04299783706665
1778673526.2429528,2.581239938735962,31.464860916137695,1.4690144062042236,-3.9551069736480713
1778673526.2777767,2.1180431842803955,31.201215744018555,-2.6922481060028076,-4.13088846206665
1778673526.3125036,-0.46526944637298584,31.201215744018555,-1.186851143836975,-4.13088846206665
1778673526.3476272,-0.27215176820755005,31.201215744018555,1.442063570022583,-4.218779563903809
1778673526.3830018,0.7629420161247253,31.201215744018555,-0.7574184536933899,-4.570343017578125
1778673526.418018,-0.43111729621887207,31.201215744018555,-1.4045298099517822,-4.570343017578125
1778673526.4529412,1.0921462774276733,31.201215744018555,-3.7548446655273438,-4.482452392578125
1778673526.4874074,1.6635076999664307,31.201215744018555,-4.748482704162598,-3.2519795894622803
1778673526.5230484,2.2067184448242188,31.201215744018555,-5.755223751068115,-0.7031443119049072
1778673526.5561092,-3.39164662361145,31.816425323486328,-3.3263180255889893,1.054673194885254
1778673526.593277,-0.4629184901714325,33.222679138183594,-4.551584243774414,1.142564058303833
1778673526.628309,3.7784199714660645,33.398460388183594,-0.07768329232931137,2.2851455211639404
1778673526.6610618,2.3647351264953613,33.310543060302734,2.8019790649414062,2.900381565093994
1778673526.6965146,-1.9251585006713867,33.310543060302734,1.0222647190093994,2.724599838256836
1778673526.732049,-0.17863599956035614,33.398460388183594,0.4703693389892578,2.4609272480010986
1778673526.7687402,-1.5492067337036133,33.310543060302734,-2.7887415885925293,0.7031096816062927
1778673526.8038871,-3.829244375228882,33.398460388183594,-5.566741943359375,0.7910005450248718
1778673526.8388577,-0.5842129588127136,33.398460388183594,-3.576072931289673,1.054673194885254
1778673526.8741198,-4.01406192779541,33.398460388183594,-2.0354368686676025,2.9882724285125732
1778673526.906942,-2.103759527206421,33.310543060302734,-1.1495978832244873,2.9882724285125732
1778673526.944562,-4.737376689910889,33.13481521606445,2.5544357299804688,2.812490701675415
1778673526.9778256,-1.0555918216705322,32.25590515136719,2.377899169921875,2.724599838256836
1778673527.01296,0.3074706196784973,30.849651336669922,1.8203234672546387,0.5273279547691345
1778673527.0476987,-0.5595425367355347,29.531261444091797,1.7124863862991333,0.08787357062101364
1778673527.0828295,-0.2368064522743225,29.091833114624023,4.10468864440918,-0.5273625254631042
1778673527.1178653,1.2144426107406616,29.091833114624023,0.6726309061050415,-2.021507501602173
1778673527.153081,3.0412683486938477,29.091833114624023,0.15738168358802795,-2.988306999206543
1778673527.18808,4.413212776184082,29.97074317932129,4.5307440757751465,-2.988306999206543
1778673527.2231796,4.949326515197754,30.761734008789062,4.342486381530762,-3.4277613162994385
1778673527.2580895,3.4894542694091797,32.51955032348633,2.805384635925293,-5.537142753601074
1778673527.293118,4.435164451599121,34.189449310302734,5.663155555725098,-6.767587661743164
1778673527.3266218,0.7736392021179199,35.595703125,5.2134785652160645,-8.26173210144043
1778673527.36381,3.091254234313965,36.650394439697266,6.190654277801514,-10.546895027160645
1778673527.3968656,4.5253705978393555,36.650394439697266,5.217349529266357,-12.392602920532227
1778673527.4337962,6.179098606109619,36.650394439697266,5.814486026763916,-12.656275749206543
1778673527.4689214,4.834279537200928,37.26565933227539,4.67885684967041,-14.765657424926758
1778673527.5015647,4.67671012878418,38.671913146972656,5.056963920593262,-15.380892753601074
1778673527.538761,5.607379913330078,39.55082321166992,5.890066623687744,-16.523447036743164
1778673527.5723832,5.58945369720459,40.42972946166992,3.257577896118164,-18.369155883789062
1778673527.6076558,4.344725608825684,42.09962844848633,1.3029899597167969,-18.544937133789062
1778673527.6426208,4.448258399963379,43.681663513183594,2.261157751083374,-18.457046508789062
1778673527.677915,4.078181266784668,45.08791732788086,3.434457540512085,-18.457046508789062
1778673527.712921,5.391936302185059,45.615264892578125,2.2027673721313477,-18.457046508789062
1778673527.7462385,3.678969621658325,45.615264892578125,3.8186452388763428,-18.457046508789062
1778673527.7831235,3.9254302978515625,45.615264892578125,6.029268741607666,-18.896501541137695
1778673527.8184586,4.043511867523193,45.527347564697266,4.980205059051514,-21.709007263183594
1778673527.8536031,4.989229679107666,45.791046142578125,2.614422082901001,-23.554718017578125
1778673527.8865588,4.330102443695068,46.494171142578125,3.147935390472412,-23.554718017578125
1778673527.923576,4.072105407714844,47.724647521972656,2.579918384552002,-23.642608642578125
1778673527.9570248,3.4025492668151855,48.16407012939453,2.697525978088379,-23.642608642578125
1778673527.9942393,2.994553565979004,48.16407012939453,4.608525276184082,-23.906280517578125
1778673528.027213,2.5493204593658447,48.16407012939453,3.506263256072998,-25.48828887939453
1778673528.0625217,1.2690856456756592,48.16407012939453,4.83702278137207,-26.630870819091797
1778673528.0973547,6.328708648681641,48.16407012939453,5.755444526672363,-27.421886444091797
1778673528.132689,4.577944278717041,48.16407012939453,4.283373832702637,-30.761741638183594
1778673528.1678023,1.2680081129074097,48.16407012939453,-0.01517002284526825,-32.08010482788086
1778673528.2028975,-1.2078442573547363,48.16407012939453,-4.037830352783203,-31.992212295532227
1778673528.2380936,-3.0567729473114014,48.16407012939453,-0.34532371163368225,-31.992212295532227
1778673528.2731938,-2.9188826084136963,48.16407012939453,5.892289638519287,-30.23439598083496
1778673528.308454,0.9220888614654541,48.16407012939453,5.941092014312744,-29.794940948486328
1778673528.3435004,4.567898273468018,48.16407012939453,6.078933238983154,-29.794940948486328
1778673528.3768418,4.493793964385986,48.16407012939453,6.422574043273926,-30.673851013183594
1778673528.414008,-2.348383665084839,48.16407012939453,5.612117767333984,-33.398468017578125
1778673528.4491432,-1.3244266510009766,48.16407012939453,5.187521457672119,-35.59571075439453
1778673528.4822662,-4.404104232788086,48.16407012939453,3.388352632522583,-36.2109489440918
1778673528.517367,-5.079472541809082,48.16407012939453,4.034358978271484,-36.2109489440918
1778673528.5517137,-6.362343788146973,48.16407012939453,4.904694557189941,-36.6504020690918
1778673528.5871885,-5.541916370391846,48.16407012939453,5.425205707550049,-38.84767532348633
1778673528.6226737,-6.094454288482666,48.16407012939453,2.72648286819458,-39.990257263183594
1778673528.6576242,-4.6205830574035645,48.16407012939453,4.913841724395752,-40.429710388183594
1778673528.6929326,-3.3897464275360107,46.669952392578125,5.367589473724365,-41.30862045288086
1778673528.7278137,-3.7572150230407715,44.20901107788086,4.791030406951904,-42.62697982788086
1778673528.7626026,-3.3904902935028076,42.36332702636719,4.447085857391357,-42.714874267578125
1778673528.7978406,-0.9375689029693604,42.18754577636719,1.2642991542816162,-42.890655517578125
1778673528.8329468,-1.991104245185852,42.18754577636719,0.8128747344017029,-42.890655517578125
1778673528.868239,0.4733639359474182,42.18754577636719,0.4869874119758606,-42.80276107788086
1778673528.9012814,0.18947622179985046,42.18754577636719,3.2788193225860596,-42.539093017578125
1778673528.9402666,0.714057207107544,42.18754577636719,2.9120755195617676,-42.451202392578125
1778673528.9713037,2.530853509902954,42.27540969848633,2.1637156009674072,-42.451202392578125
1778673529.006411,4.938681125640869,42.89067459106445,1.9000928401947021,-42.451202392578125
1778673529.041382,5.303906440734863,43.945308685302734,1.6696906089782715,-42.62697982788086
1778673529.076492,4.8887224197387695,45.703128814697266,-0.16012711822986603,-42.890655517578125
1778673529.1132634,5.553516864776611,47.81250762939453,0.8411901593208313,-42.890655517578125
1778673529.1465278,1.7262446880340576,49.92189025878906,-1.2609776258468628,-42.890655517578125
1778673529.1813576,4.964783191680908,51.50392532348633,-2.102842330932617,-42.890655517578125
1778673529.2183676,1.3992105722427368,52.64653396606445,-5.0439534187316895,-42.890655517578125
1778673529.251478,3.300990104675293,53.173824310302734,-4.062441825866699,-40.86916732788086
1778673529.2865775,1.3992700576782227,53.173824310302734,-3.5243418216705322,-38.23243713378906
1778673529.3217053,2.362462282180786,53.173824310302734,-5.025059700012207,-36.8261833190918
1778673529.3568592,1.6367789506912231,53.173824310302734,-5.270848274230957,-35.24414825439453
1778673529.3914583,2.0553805828094482,53.173824310302734,-2.552788496017456,-33.222686767578125
1778673529.4271715,-0.49023035168647766,53.173824310302734,-2.916217565536499,-32.51955795288086
1778673529.4620726,-5.363626003265381,53.173824310302734,-5.590483665466309,-32.51955795288086
1778673529.4973657,-4.378970623016357,53.173824310302734,-1.9170900583267212,-32.51955795288086
1778673529.5324564,-5.215257167816162,53.173824310302734,1.529219388961792,-32.51955795288086
1778673529.5675926,-5.886734485626221,53.173824310302734,1.0274978876113892,-32.51955795288086
1778673529.6028917,-6.439703941345215,52.031272888183594,-0.4484543204307556,-33.662139892578125
1778673529.6381533,-2.682299852371216,49.2187614440918,-2.7148725986480713,-33.662139892578125
1778673529.6712046,-3.8998918533325195,47.19729995727539,-2.716998815536499,-33.574249267578125
1778673529.7063522,-2.969428777694702,46.23047637939453,-2.6464743614196777,-32.51955795288086
1778673529.7432585,-5.150287628173828,45.966827392578125,-5.1862077713012695,-31.72854232788086
1778673529.7765262,-1.5190142393112183,46.0546875,-4.510387420654297,-29.97072410583496
1778673529.8116915,-2.921414375305176,46.0546875,-3.695793628692627,-29.003923416137695
1778673529.8486123,-6.774677753448486,46.0546875,-1.286015272140503,-27.421886444091797
1778673529.8838837,-1.7263587713241577,45.703128814697266,-1.1470576524734497,-27.15821647644043
1778673529.9171267,-4.2357964515686035,45.3515625,-5.277350425720215,-27.24610710144043
1778673529.9521644,-0.8483486771583557,44.824222564697266,-5.3781208992004395,-27.15821647644043
1778673529.9875603,1.0446583032608032,44.20901107788086,-6.557698726654053,-26.455089569091797
1778673530.022109,2.4531302452087402,44.12109375,-6.035183429718018,-23.994171142578125
1778673530.0577989,1.4548609256744385,44.12109375,-6.047432899475098,-21.533227920532227
1778673530.0928311,1.6332290172576904,44.12109375,-4.872381687164307,-19.599628448486328
1778673530.1279118,4.167856216430664,44.12109375,-3.0912489891052246,-18.457046508789062
1778673530.162973,2.9951493740081787,44.12109375,-2.50707745552063,-18.544937133789062
1778673530.1984096,3.1430115699768066,44.12109375,-5.207533836364746,-18.632827758789062
1778673530.2335134,4.644860744476318,45.878910064697266,-2.864816427230835,-18.632827758789062
1778673530.2687998,4.293641090393066,48.16407012939453,-5.370143413543701,-18.544937133789062
1778673530.3038661,2.8324685096740723,50.09767150878906,-5.342902183532715,-18.632827758789062
1778673530.3387592,5.308655261993408,51.15236282348633,-6.5383076667785645,-16.875009536743164
1778673530.3742368,5.34617805480957,52.47075271606445,-6.252448081970215,-14.765657424926758
1778673530.407266,4.610093593597412,53.96487045288086,-3.3723530769348145,-13.798856735229492
1778673530.4426212,2.3408069610595703,55.01955795288086,-1.222022533416748,-13.710967063903809
1778673530.4775705,-0.7556003332138062,55.107421875,-0.22004809975624084,-13.886748313903809
1778673530.512392,1.5252190828323364,55.107421875,-0.983938992023468,-15.380892753601074
1778673530.5475452,3.501465082168579,55.107421875,0.32589495182037354,-15.820320129394531
1778673530.5826604,-2.6105315685272217,55.01955795288086,-3.7870583534240723,-17.050792694091797
1778673530.6176841,-3.920335054397583,55.01955795288086,-5.519124507904053,-17.050792694091797
1778673530.6519861,-3.920335054397583,55.01955795288086,-5.519124507904053,-16.962902069091797
1778673530.6874845,4.498701095581055,55.01955795288086,-4.0840630531311035,-14.414093971252441
1778673530.7227232,6.835793495178223,55.01955795288086,-0.6650128960609436,-13.09572982788086
1778673530.7581854,7.138036251068115,55.01955795288086,-3.6267871856689453,-13.09572982788086
1778673530.7931018,7.504552364349365,55.01955795288086,0.11128024011850357,-12.91994857788086
1778673530.8279626,6.966825008392334,55.01955795288086,0.8474464416503906,-13.09572982788086
1778673530.8631694,7.135678291320801,55.01955795288086,2.4044816493988037,-13.535184860229492
1778673530.896619,5.46609354019165,55.01955795288086,2.857222080230713,-15.820320129394531
1778673530.9332201,3.87862229347229,55.01955795288086,6.8350653648376465,-17.84181022644043
1778673530.9684758,4.0260910987854,55.898468017578125,5.107882022857666,-21.00588035583496
1778673531.0035949,6.669092178344727,58.00784683227539,3.11232852935791,-23.466825485229492
1778673531.036612,6.889229774475098,60.11722946166992,1.035585880279541,-23.730499267578125
1778673531.0719986,6.727574825286865,63.017601013183594,4.579860687255859,-23.730499267578125
1778673531.108986,6.119184970855713,65.65432739257812,4.910445690155029,-24.433626174926758
1778673531.1440465,3.200864791870117,66.88479614257812,4.464715003967285,-26.367197036743164
1778673531.1766024,4.014243125915527,67.06058502197266,0.12697356939315796,-27.421886444091797
1778673531.2118266,2.6480510234832764,66.97266387939453,2.2652361392974854,-27.421886444091797
1778673531.2471416,2.7384274005889893,67.06058502197266,4.0072221755981445,-27.421886444091797
1778673531.2825496,-0.10982348024845123,66.97266387939453,6.271050930023193,-27.421886444091797
1778673531.3177552,-0.028973374515771866,66.97266387939453,5.404192924499512,-29.531269073486328
1778673531.352962,-4.036831378936768,66.97266387939453,3.4192116260528564,-31.992212295532227
1778673531.3882473,-2.7549350261688232,66.97266387939453,3.2169079780578613,-32.34377670288086
1778673531.4234142,0.7417120933532715,66.97266387939453,2.1452722549438477,-32.34377670288086
1778673531.458367,2.7650198936462402,66.97266387939453,-1.073864459991455,-32.25588607788086
1778673531.4917607,6.1117143630981445,66.97266387939453,1.8254432678222656,-31.904321670532227
1778673531.5289485,6.016690254211426,66.97266387939453,5.389090061187744,-31.81643295288086
1778673531.5618877,6.137317657470703,66.97266387939453,5.914092540740967,-31.81643295288086
1778673531.5971181,6.248345851898193,66.97266387939453,5.028181076049805,-32.95901107788086
1778673531.632201,4.335140705108643,66.97266387939453,3.0687596797943115,-35.50782012939453
1778673531.666834,6.757444381713867,66.97266387939453,3.3627967834472656,-37.08985900878906
1778673531.701837,7.09537935256958,67.06058502197266,0.2574467360973358,-37.08985900878906
1778673531.7379186,6.521658420562744,67.76371002197266,1.813338279724121,-37.08985900878906
1778673531.7728357,4.738827228546143,69.60939025878906,0.9440650939941406,-37.08985900878906
1778673531.8081002,5.175947666168213,72.0703353881836,-0.9816715717315674,-37.08985900878906
1778673531.8432722,5.891446590423584,74.53128051757812,-0.05041314661502838,-36.5625114440918
1778673531.8781648,5.542081356048584,76.55274200439453,-0.18371164798736572,-36.4746208190918
1778673531.9115083,5.263035774230957,77.34378814697266,-1.2127799987792969,-36.2109489440918
1778673531.948406,4.3227128982543945,77.25586700439453,0.5999094247817993,-35.59571075439453
1778673531.983503,3.708709716796875,77.25586700439453,-1.0838247537612915,-35.50782012939453
1778673532.0185654,5.578802108764648,77.25586700439453,-3.2666280269622803,-35.50782012939453
1778673532.0539052,6.684876918792725,77.25586700439453,-5.760678291320801,-34.18948745727539
1778673532.0888464,3.901492118835449,77.69535064697266,0.7650357484817505,-30.322288513183594
1778673532.122252,3.5961315631866455,80.5957260131836,-2.0527281761169434,-28.916034698486328
1778673532.1574874,-0.11366057395935059,82.7051010131836,-0.804133415222168,-28.740251541137695
1778673532.192862,-3.7279562950134277,83.84765625,2.2221505641937256,-28.740251541137695
1778673532.2275407,-2.2877166271209717,83.9355697631836,-2.5899524688720703,-29.531269073486328
1778673532.2627933,-4.228288173675537,83.9355697631836,-3.377411127090454,-29.61916160583496
1778673532.2972932,-7.411879062652588,83.9355697631836,-0.2563382387161255,-29.531269073486328
1778673532.3327763,-6.858349800109863,83.9355697631836,-0.9786293506622314,-29.531269073486328
1778673532.3662682,-5.098236560821533,83.9355697631836,1.9891560077667236,-29.531269073486328
1778673532.4034605,-0.18512390553951263,83.9355697631836,1.360285997390747,-30.322288513183594
1778673532.4384983,-1.522506594657898,83.9355697631836,1.8487457036972046,-31.992212295532227
1778673532.4733522,2.172701835632324,82.61717987060547,4.587545871734619,-33.04690170288086
1778673532.5066397,-4.7060627937316895,81.73833465576172,1.326812744140625,-36.2109489440918
1778673532.5436585,-6.075816631317139,81.12306213378906,-3.2554447650909424,-38.84767532348633
1778673532.5789242,-5.093440055847168,79.62894439697266,-0.4294372498989105,-38.93556594848633
1778673532.6139762,-4.011127948760986,78.48634338378906,4.335189342498779,-38.84767532348633
1778673532.647471,-0.6656672358512878,76.201171875,3.4135186672210693,-38.84767532348633
1778673532.6823297,1.6748183965682983,74.53128051757812,3.257483720779419,-38.84767532348633
1778673532.7174022,1.004138469696045,74.091796875,1.4394948482513428,-38.93556594848633
1778673532.752775,4.260228633880615,74.091796875,3.026768922805786,-38.93556594848633
1778673532.787862,4.969561576843262,74.091796875,3.9756178855895996,-39.28712844848633
1778673532.8231244,6.655825138092041,74.091796875,4.576956748962402,-40.429710388183594
1778673532.8580704,5.12780237197876,74.091796875,1.3999511003494263,-42.890655517578125
1778673532.893352,5.051323890686035,74.443359375,0.0022157803177833557,-42.978546142578125
1778673532.9278052,3.583707809448242,75.67383575439453,0.5937936902046204,-42.978546142578125
1778673532.9616997,4.65623664855957,77.69535064697266,3.656736135482788,-42.890655517578125
1778673532.9964812,3.5863091945648193,79.71681213378906,0.9576440453529358,-42.978546142578125
1778673533.0334113,2.385582208633423,82.3535385131836,-3.77467942237854,-42.978546142578125
1778673533.0666573,-1.6773415803909302,83.671875,-1.7833473682403564,-42.890655517578125
1778673533.10367,-1.0010268688201904,84.11135864257812,0.13585102558135986,-42.451202392578125
1778673533.1388185,1.7722874879837036,84.11135864257812,-0.6222794055938721,-42.275421142578125
1778673533.1740212,3.7172915935516357,84.11135864257812,-3.120666980743408,-42.01174545288086
1778673533.2072654,-4.348719120025635,84.11135864257812,-6.807747840881348,-40.166038513183594
1778673533.2422988,-6.495925426483154,84.11135864257812,-6.4492316246032715,-35.41992950439453
1778673533.2774208,-2.867753744125366,84.11135864257812,-5.622651100158691,-31.81643295288086
1778673533.3125558,-3.2964327335357666,84.11135864257812,-6.0127177238464355,-30.41017723083496
1778673533.3495862,-3.5773441791534424,84.11135864257812,-5.797691822052002,-29.443378448486328
1778673533.38318,-0.598454475402832,83.9355697631836,-6.584948539733887,-28.652360916137695
1778673533.4182756,-0.3102279603481293,82.61717987060547,-6.5197577476501465,-25.40039825439453
1778673533.4512773,-2.234131336212158,82.08983612060547,-6.393789768218994,-23.906280517578125
1778673533.4875748,-2.8033289909362793,82.08983612060547,-6.773254871368408,-22.939481735229492
1778673533.5210845,2.1547954082489014,81.6504135131836,-6.743907928466797,-21.269554138183594
1778673533.556655,-2.0188231468200684,80.33207702636719,-6.9687042236328125,-20.039081573486328
1778673533.592185,1.357100248336792,79.54103088378906,-5.649714469909668,-18.01759147644043
1778673533.6289468,0.07828054577112198,79.54103088378906,-4.331927299499512,-16.435556411743164
1778673533.664006,-0.9627273082733154,79.54103088378906,-5.503641128540039,-16.435556411743164
1778673533.697478,3.5950756072998047,79.54103088378906,-6.5542073249816895,-16.259775161743164
1778673533.7318559,1.4074623584747314,79.54103088378906,-4.940016269683838,-14.589875221252441
1778673533.7671258,3.063056707382202,79.54103088378906,-2.9847633838653564,-13.623075485229492
1778673533.8025975,1.5794124603271484,79.89259338378906,-3.3823490142822266,-13.710967063903809
1778673533.8376515,-2.646596670150757,80.85942077636719,-5.149627208709717,-13.710967063903809
1778673533.872599,-3.055567502975464,81.4746322631836,-6.458693504333496,-13.623075485229492
1778673533.907942,-0.02452293038368225,81.56254577636719,-6.623178482055664,-11.513693809509277
1778673533.944685,-0.8271793723106384,81.56254577636719,-6.248340129852295,-9.404313087463379
1778673533.9779503,0.438084214925766,81.56254577636719,-6.235698223114014,-7.910168170928955
1778673534.0131326,0.5968101620674133,81.56254577636719,-4.805726051330566,-7.734386444091797
1778673534.0479941,0.35664042830467224,81.56254577636719,-5.102671146392822,-7.470714092254639
1778673534.0813851,-1.1084115505218506,81.56254577636719,-5.1195969581604,-6.416024208068848
1778673534.116542,-0.9429177641868591,81.56254577636719,0.334561288356781,-5.712924480438232
1778673534.1515172,-5.45108699798584,81.56254577636719,-1.0610547065734863,-5.800815105438232
1778673534.188815,-5.859854698181152,81.4746322631836,-0.1174955889582634,-6.064460754394531
1778673534.221661,-7.217398166656494,81.21098327636719,-2.018932342529297,-7.646495819091797
1778673534.2587798,-6.8388872146606445,79.62894439697266,0.8637181520462036,-7.734386444091797
1778673534.2939143,-6.275002479553223,77.95899200439453,-1.4659523963928223,-7.822277545928955
1778673534.3289945,-6.787941932678223,74.7070541381836,-1.1916550397872925,-7.646495819091797
1778673534.363965,-5.665940284729004,72.2461166381836,-0.854142963886261,-7.3828229904174805
1778673534.3972788,-4.792168140411377,70.83985900878906,2.6460580825805664,-7.207041263580322
1778673534.4339654,-4.0274882316589355,70.31251525878906,-0.28498661518096924,-7.3828229904174805
1778673534.4690726,-4.583204746246338,70.40042877197266,-0.6128677129745483,-7.3828229904174805
1778673534.5021758,-3.4213812351226807,70.40042877197266,-3.7145395278930664,-7.2949323654174805
1778673534.5376472,-0.68416428565979,70.40042877197266,-0.16259348392486572,-6.416024208068848
1778673534.572278,-2.57067608833313,70.40042877197266,2.594228506088257,-5.976569652557373
1778673534.6074445,-4.338465690612793,70.40042877197266,3.9445881843566895,-6.2402424812316895
1778673534.6424482,-1.3803067207336426,70.31251525878906,0.8957436680793762,-8.26173210144043
1778673534.677668,-5.998998641967773,70.31251525878906,3.6957128047943115,-9.843767166137695
1778673534.7127705,-7.5645833015441895,70.31251525878906,4.031802177429199,-11.689476013183594
1778673534.749594,-7.8228840827941895,70.22464752197266,6.054622650146484,-13.183621406555176
1778673534.7829711,-7.700648307800293,69.87309265136719,5.848092555999756,-15.556674003601074
1778673534.818046,-7.5313720703125,69.08203887939453,6.563540458679199,-16.962902069091797
1778673534.853261,-7.129390239715576,66.09375,5.832666873931885,-18.193374633789062
1778673534.8864443,-6.851994514465332,63.193382263183594,5.819066047668457,-18.457046508789062
1778673534.9215298,-4.589405536651611,59.23832321166992,5.068604946136475,-18.720718383789062
1778673534.958311,-0.6237516403198242,56.07425308227539,3.1980772018432617,-18.720718383789062
1778673534.9915562,2.299182653427124,55.19533920288086,4.272497653961182,-18.720718383789062
1778673535.0267236,-1.2113364934921265,55.19533920288086,5.212873458862305,-18.720718383789062
1778673535.0636206,-0.32039859890937805,55.107421875,-2.056757926940918,-19.863300323486328
1778673535.0989256,-2.7281787395477295,55.107421875,-6.024837493896484,-20.56642723083496
1778673535.132055,-3.7825191020965576,55.107421875,-2.179206371307373,-20.47853660583496
1778673535.1691227,-5.452803134918213,55.19533920288086,1.856838583946228,-20.47853660583496
1778673535.2037895,-5.1616926193237305,55.107421875,2.0874226093292236,-20.47853660583496
1778673535.237129,-3.870802164077759,55.107421875,1.850663185119629,-20.47853660583496
1778673535.2722425,-3.512643814086914,55.107421875,4.2947516441345215,-20.47853660583496
1778673535.3073518,-5.529197692871094,55.107421875,3.698467254638672,-20.47853660583496
1778673535.3443015,-6.897280216217041,54.404296875,5.928525924682617,-21.269554138183594
1778673535.3777466,-7.160801887512207,52.38283157348633,6.549620628356934,-23.994171142578125
1778673535.4128015,-7.3509039878845215,49.3945426940918,6.767524242401123,-25.92774200439453
1778673535.4478762,-6.602303981781006,47.10938262939453,5.76206111907959,-27.33399772644043
1778673535.4832368,-6.619726181030273,45.703128814697266,6.194538116455078,-27.77345085144043
1778673535.518377,-6.519150257110596,45.527347564697266,3.8826146125793457,-30.49806785583496
1778673535.5532732,-6.391129493713379,45.3515625,4.743196964263916,-31.113306045532227
1778673535.5867152,-4.463445663452148,44.296875,4.1490278244018555,-31.025415420532227
1778673535.6238759,-0.2404000610113144,43.681663513183594,0.9558550119400024,-31.025415420532227
1778673535.6591496,0.7822611331939697,43.769527435302734,-2.0804190635681152,-31.025415420532227
1778673535.6920524,-0.12498174607753754,43.769527435302734,-1.4823756217956543,-29.267597198486328
1778673535.7273226,3.3152103424072266,43.769527435302734,-2.179553270339966,-26.455089569091797
1778673535.7626483,3.8423912525177,43.769527435302734,-0.6845776438713074,-24.521514892578125
1778673535.7977657,2.376483201980591,43.769527435302734,0.08597461879253387,-23.906280517578125
1778673535.832672,4.2735161781311035,43.769527435302734,-2.2812654972076416,-23.906280517578125
1778673535.8678052,4.201020240783691,43.769527435302734,-2.3589932918548584,-23.906280517578125
1778673535.9028835,0.13347044587135315,45.439483642578125,-0.46331682801246643,-23.027372360229492
1778673535.9381986,1.6272040605545044,47.37308120727539,0.1928887963294983,-22.851591110229492
1778673535.9730966,2.0741360187530518,48.95512008666992,-0.0478336401283741,-22.851591110229492
1778673536.0083427,-3.1168415546417236,48.95512008666992,2.471153497695923,-22.939481735229492
1778673536.043705,-6.451212406158447,48.95512008666992,4.551804065704346,-25.13675308227539
1778673536.0786264,-6.003795623779297,48.95512008666992,5.379615306854248,-28.388687133789062
1778673536.1137204,-4.631211757659912,48.95512008666992,2.644355535507202,-31.640649795532227
1778673536.1510653,-3.075605630874634,48.95512008666992,1.6840009689331055,-32.16799545288086
1778673536.182215,-5.496692657470703,48.95512008666992,2.378356456756592,-32.08010482788086
1778673536.21728,-5.693101406097412,48.3398551940918,-2.2721543312072754,-32.08010482788086
1778673536.2523735,-4.240687370300293,46.582035064697266,-0.8359269499778748,-31.640649795532227
1778673536.2877166,-6.30368709564209,44.47265625,-1.4839786291122437,-29.355487823486328
1778673536.322568,-5.893692493438721,43.505882263183594,2.6945276260375977,-27.68556022644043
1778673536.3580782,-5.265083312988281,42.18754577636719,3.639383554458618,-26.982433319091797
1778673536.3932273,-3.115670919418335,40.78129196166992,3.44004225730896,-26.982433319091797
1778673536.42828,-6.704404830932617,40.07816696166992,3.8936028480529785,-26.982433319091797
1778673536.4634657,-6.268118858337402,40.07816696166992,2.014542579650879,-29.97072410583496
1778673536.4985983,-2.160097360610962,39.4629020690918,3.4522643089294434,-31.464868545532227
1778673536.533638,-3.526118278503418,38.496131896972656,6.023183345794678,-32.08010482788086
1778673536.5680072,-3.97760272026062,37.61722183227539,7.201075077056885,-34.89261245727539
1778673536.6010537,-1.4285311698913574,37.17774200439453,6.918646335601807,-38.75978088378906
1778673536.6361773,-3.2711598873138428,37.26565933227539,6.054490089416504,-40.166038513183594
1778673536.6712747,-0.09502194076776505,37.26565933227539,6.87690544128418,-41.220726013183594
1778673536.7067616,1.2527610063552856,37.26565933227539,6.4329304695129395,-42.714874267578125
1778673536.7417703,-3.076436758041382,37.26565933227539,6.0450286865234375,-43.24222183227539
1778673536.7773228,-2.642503261566162,37.26565933227539,4.3615570068359375,-44.73636245727539
1778673536.8124492,-5.377849102020264,37.26565933227539,5.757567405700684,-46.14259338378906
1778673536.8477561,-3.182602643966675,37.17774200439453,0.7227171659469604,-46.2304801940918
1778673536.8826132,-5.950336933135986,36.826175689697266,-4.11205530166626,-46.2304801940918
1778673536.9178393,-7.218337535858154,35.771488189697266,-4.87056303024292,-46.14259338378906
1778673536.9528925,-7.508782386779785,32.78325271606445,-4.659794330596924,-45.08789825439453
1778673536.9881048,-7.597578525543213,29.61918067932129,-5.6504597663879395,-41.660179138183594
1778673537.0232255,-6.677048683166504,25.13671875,-6.189337253570557,-35.7714958190918
1778673537.058324,-6.38502311706543,22.236347198486328,-5.1496100425720215,-31.113306045532227
1778673537.0931966,-5.691061973571777,21.884782791137695,-1.0463310480117798,-28.476577758789062
1778673537.1267514,-3.323697566986084,21.00587272644043,-4.358130931854248,-27.50977897644043
1778673537.1636977,-4.522367477416992,21.269573211669922,-2.690955638885498,-27.33399772644043
1778673537.1986384,-5.2101731300354,21.269573211669922,-1.5507110357284546,-27.33399772644043
1778673537.2318316,-6.0614800453186035,21.269573211669922,1.939040184020996,-27.33399772644043
1778673537.2686129,-4.459484100341797,21.269573211669922,-0.8002538681030273,-28.037124633789062
1778673537.301968,-0.14381615817546844,21.269573211669922,-3.2458605766296387,-28.916034698486328
1778673537.3390303,0.5142782330513,21.269573211669922,-4.291367530822754,-28.916034698486328
1778673537.3741899,-1.2711031436920166,21.269573211669922,-5.2598490715026855,-28.916034698486328
1778673537.4092689,-2.522984504699707,21.269573211669922,-5.235809326171875,-26.103525161743164
1778673537.442226,-4.708376407623291,21.269573211669922,-3.495649814605713,-23.906280517578125
1778673537.4772596,-2.7902069091796875,21.269573211669922,-4.107285499572754,-23.378934860229492
1778673537.5125866,-4.793308258056641,21.269573211669922,-4.522739410400391,-22.67580795288086
1778673537.5491817,-4.89361572265625,21.269573211669922,-1.416601538658142,-21.093772888183594
1778673537.5824797,-6.217625141143799,20.742229461669922,-4.07945442199707,-21.093772888183594
1778673537.6175287,-7.3454718589782715,18.36914825439453,-4.1749444007873535,-20.039081573486328
1778673537.6526718,-7.83299446105957,15.205077171325684,-5.088748455047607,-17.578136444091797
1778673537.687776,-7.853558540344238,12.656269073486328,-6.671998023986816,-15.117220878601074
1778673537.7230778,-7.726406574249268,11.250015258789062,-6.412753105163574,-12.304712295532227
1778673537.75809,-7.664992809295654,10.72266960144043,-6.46046781539917,-10.283222198486328
1778673537.7934775,-7.572166919708252,9.140633583068848,-6.233224868774414,-8.613295555114746
1778673537.828317,-7.695328712463379,7.822298049926758,-5.744490623474121,-7.1191511154174805
1778673537.8633652,-7.753265380859375,6.240261554718018,-6.758961200714111,-5.976569652557373
1778673537.8984156,-7.813207626342773,4.658226013183594,-6.595806121826172,-4.306670665740967
1778673537.9336908,-7.657973289489746,2.9883270263671875,-6.734491348266602,-2.7246344089508057
1778673537.9689357,-6.14114236831665,1.9336365461349487,-6.907231330871582,-0.7910351753234863
1778673538.0022218,-5.915331840515137,0.7910279035568237,-6.249061107635498,0.35154619812965393
1778673538.0371017,-6.908504486083984,0.3516008257865906,-6.870964050292969,1.230454921722412
1778673538.0722742,-5.001787185668945,0.3516008257865906,-6.850078105926514,2.5488181114196777
1778673538.1067998,-6.050909519195557,0.3516008257865906,-6.959594249725342,4.130825996398926
1778673538.1418962,-4.775660991668701,0.3516008257865906,-6.501424312591553,4.921844005584717
1778673538.1774175,-5.120980739593506,0.26368263363838196,-2.5704171657562256,5.800752639770508
1778673538.212703,-4.538310527801514,-0.6152260899543762,-2.907269239425659,6.064425468444824
1778673538.247775,4.25811767578125,-1.2304348945617676,-1.367751121520996,5.712862014770508
1778673538.2825243,2.232553482055664,-1.2304348945617676,-1.0877169370651245,4.833953380584717
1778673538.3175263,0.5300090312957764,-1.2304348945617676,-3.7009615898132324,4.218717098236084
1778673538.3546913,1.5356814861297607,-1.2304348945617676,-5.149048805236816,4.218717098236084
1778673538.3877103,1.3825987577438354,-1.2304348945617676,-2.7644712924957275,4.5702805519104
1778673538.4230356,0.21465492248535156,-1.2304348945617676,-2.8297479152679443,4.6581711769104
1778673538.45795,-1.5864752531051636,-1.2304348945617676,-4.067689418792725,5.62497091293335
1778673538.4932265,0.22152158617973328,-1.2304348945617676,-3.2229743003845215,6.943334102630615
1778673538.5273716,3.0199878215789795,-1.2304348945617676,-4.76138973236084,7.031225204467773
1778673538.5610797,0.3304910361766815,-1.2304348945617676,-3.5690419673919678,7.998025417327881
1778673538.5965302,-2.6174073219299316,-1.2304348945617676,-3.7527031898498535,9.140606880187988
1778673538.6335485,2.4952335357666016,-1.2304348945617676,-3.0785083770751953,9.316388130187988
1778673538.6685767,-1.4663609266281128,-1.2304348945617676,-5.627745151519775,9.667951583862305
1778673538.7038128,0.6683940291404724,-1.2304348945617676,-4.736838340759277,11.601550102233887
1778673538.738936,1.8180116415023804,-1.2304348945617676,-0.8701387047767639,12.568350791931152
1778673538.7720902,-1.2558941841125488,-1.2304348945617676,2.211775779724121,12.480459213256836
1778673538.8091767,0.9780100584030151,-1.2304348945617676,2.242990493774414,12.392568588256836
1778673538.8426385,-2.0003151893615723,-1.2304348945617676,0.7678924798965454,11.425768852233887
1778673538.8775265,-4.236236572265625,-1.2304348945617676,-0.1393212080001831,10.458970069885254
1778673538.91267,-6.058206081390381,-1.2304348945617676,-2.5734829902648926,10.195296287536621
1778673538.9497626,-4.271237850189209,-1.2304348945617676,-1.750609278678894,10.195296287536621
1778673538.983128,-4.713673114776611,-1.2304348945617676,-4.086436748504639,10.98631477355957
1778673539.0182047,-1.8041954040527344,-1.2304348945617676,-5.5224480628967285,12.568350791931152
1778673539.0532658,-3.5067124366760254,-1.3183530569076538,-5.157379150390625,15.029267311096191
1778673539.0881553,-1.6063979864120483,-1.7577801942825317,-3.604466199874878,16.435522079467773
1778673539.1233563,2.3555166721343994,-1.845698356628418,-1.567388892173767,16.611303329467773
1778673539.1561518,1.9754472970962524,-1.845698356628418,-1.358472466468811,16.523412704467773
1778673539.1917543,-1.1557154655456543,-1.845698356628418,0.20832142233848572,16.347631454467773
1778673539.228843,-1.8588690757751465,-1.845698356628418,2.635629415512085,15.292940139770508
1778673539.2638037,1.7528364658355713,-1.845698356628418,0.8874111175537109,12.392568588256836
1778673539.2973983,3.433542490005493,-1.845698356628418,-0.1250196397304535,11.162096977233887
1778673539.3325217,2.25443696975708,-1.845698356628418,-2.3113064765930176,11.162096977233887
1778673539.367682,-2.4871764183044434,-1.845698356628418,-2.9596447944641113,12.12889575958252
1778673539.4026036,-0.29309719800949097,-1.845698356628418,0.1582770198583603,14.414031982421875
1778673539.4376802,3.871368408203125,-1.845698356628418,-2.8180418014526367,14.765595436096191
1778673539.472986,6.221650123596191,-1.845698356628418,2.5753848552703857,15.90817642211914
1778673539.508124,6.362692832946777,-1.845698356628418,-1.1018067598342896,15.99606704711914
1778673539.543344,5.790724754333496,-1.845698356628418,-0.132343128323555,15.82028579711914
1778673539.578257,4.073180675506592,-1.845698356628418,2.6956427097320557,15.556612968444824
1778673539.61336,2.4502227306365967,-1.845698356628418,4.913722515106201,14.150358200073242
1778673539.6486835,-2.091017723083496,-0.7030896544456482,4.465881824493408,10.371078491210938
1778673539.6836414,3.630898952484131,0.43946439027786255,6.411906719207764,8.437479972839355
1778673539.718658,3.284057378768921,0.7031643390655518,5.939734935760498,6.328097820281982
1778673539.75567,6.678626537322998,1.5820730924606323,6.916491985321045,4.306607723236084
1778673539.7887113,6.282200336456299,2.460981845855713,6.984190464019775,1.6699093580245972
1778673539.8222055,3.0842504501342773,3.4277541637420654,7.100984573364258,-0.08790817856788635
1778673539.8572338,6.08973503112793,4.218744277954102,6.5684428215026855,-1.757834792137146
1778673539.8923917,4.346047878265381,4.921871185302734,6.50372314453125,-2.7246344089508057
1778673539.9275374,3.0506701469421387,5.449216365814209,6.70327091217041,-4.218779563903809
1778673539.9624686,5.81338357925415,5.712916374206543,6.288605690002441,-5.0097975730896
1778673539.9978414,6.939570903778076,5.976562023162842,2.932986259460449,-5.888679027557373
1778673540.0331032,3.7118749618530273,6.416043758392334,2.019571542739868,-5.712924480438232
1778673540.068184,3.396536111831665,6.679688930511475,1.3625175952911377,-5.185579299926758
1778673540.1031563,0.3210405707359314,6.855470657348633,-0.47886180877685547,-3.779325246810913
1778673540.1382754,1.7403861284255981,6.855470657348633,5.2080607414245605,-1.757834792137146
1778673540.1732295,5.37249755859375,6.855470657348633,4.139808654785156,-1.2304894924163818
1778673540.2083025,4.038716793060303,6.855470657348633,0.006607370916754007,-1.4062713384628296
1778673540.243405,6.108617305755615,6.943388938903809,0.23024506866931915,-1.3183804750442505
1778673540.2785928,4.2225189208984375,7.470734596252441,-2.5186667442321777,-1.3183804750442505
1778673540.3135126,6.812212944030762,8.437506675720215,-2.228630304336548,-0.35158079862594604
1778673540.3486383,5.533204078674316,9.492197036743164,-0.9756070971488953,0.6152188181877136
1778673540.3831334,4.328031539916992,10.986369132995605,-4.423943042755127,0.5273279547691345
1778673540.4182878,4.53307580947876,12.568405151367188,-6.243585109710693,1.7578002214431763
1778673540.4519413,0.8065882325172424,14.589868545532227,-5.3194708824157715,4.6581711769104
1778673540.4889905,4.376492023468018,15.644558906555176,-2.3302338123321533,6.503879547119141
1778673540.5222888,1.4804636240005493,15.820340156555176,-2.3166608810424805,6.591770648956299
1778673540.5574093,2.8623831272125244,15.820340156555176,-4.116648197174072,6.328097820281982
1778673540.5924199,-0.812682569026947,15.820340156555176,-2.699434757232666,6.503879547119141
1778673540.627573,-0.4414917826652527,15.820340156555176,-4.171454429626465,6.503879547119141
1778673540.662956,-0.43232500553131104,15.820340156555176,-4.927510738372803,7.822243690490723
1778673540.6981673,-1.4308013916015625,15.820340156555176,-0.7383897304534912,9.316388130187988
1778673540.7330883,0.021001679822802544,15.820340156555176,-0.5382965803146362,9.228497505187988
1778673540.768292,-2.8762776851654053,15.820340156555176,-0.018821945413947105,8.701151847839355
1778673540.8032713,1.4011735916137695,15.380858421325684,1.1755332946777344,7.6464619636535645
1778673540.836491,1.7786394357681274,15.380858421325684,1.913690447807312,6.152316093444824
1778673540.8738608,-5.045974254608154,15.29299545288086,0.24717210233211517,4.921844005584717
1778673540.9086485,0.10175707191228867,15.380858421325684,1.8400216102600098,4.6581711769104
1778673540.943589,1.299743890762329,15.380858421325684,0.14328910410404205,4.5702805519104
1778673540.97876,4.68818998336792,15.29299545288086,1.7823593616485596,4.6581711769104
1778673541.0130608,3.9472179412841797,15.380858421325684,-1.263785481452942,4.482389450073242
1778673541.0467348,-2.201930522918701,15.380858421325684,-0.29921215772628784,4.5702805519104
1778673541.0822275,-3.0129170417785645,15.380858421325684,-1.8684192895889282,4.6581711769104
1778673541.1173007,-5.177124977111816,15.380858421325684,2.5650033950805664,5.185516834259033
1778673541.1559505,-4.852351188659668,15.29299545288086,-2.3343088626861572,6.152316093444824
1778673541.1876106,-5.282693386077881,15.380858421325684,-2.709730863571167,6.943334102630615
1778673541.2224777,-4.517091751098633,15.380858421325684,-2.5064685344696045,7.7343525886535645
1778673541.2579784,-6.591751575469971,14.941431999206543,0.5791026949882507,8.789043426513672
1778673541.2930856,-6.183563709259033,13.27153205871582,1.8900914192199707,8.876934051513672
1778673541.328292,-6.32788610458374,10.898451805114746,2.9431676864624023,8.613261222839355
1778673541.3632033,-5.059168338775635,8.261725425720215,-2.4369728565216064,6.855443477630615
1778673541.3961694,-6.757673740386963,4.658226013183594,0.5323793292045593,6.328097820281982
1778673541.4307973,-6.783396244049072,2.5488452911376953,3.1795785427093506,6.328097820281982
1778673541.46593,-4.0253214836120605,1.494154930114746,5.027335166931152,6.328097820281982
1778673541.5010233,-5.6956281661987305,1.5820730924606323,5.415718078613281,5.273407459259033
1778673541.5366004,-3.967416286468506,1.4062913656234741,3.7591443061828613,1.8456910848617554
1778673541.5715387,-0.25808000564575195,1.2305095195770264,2.2909529209136963,0.9667823314666748
1778673541.6082392,-0.22027118504047394,1.2305095195770264,-0.25343966484069824,1.142564058303833
1778673541.6412525,2.436011552810669,1.2305095195770264,0.34956488013267517,2.021472692489624
1778673541.6763527,4.510980606079102,1.2305095195770264,2.8571090698242188,2.1972546577453613
1778673541.7111797,6.424078941345215,1.2305095195770264,3.126711368560791,1.9335819482803345
1778673541.7461967,5.61377477645874,1.2305095195770264,2.4567177295684814,1.8456910848617554
1778673541.7813582,5.057413101196289,2.5488452911376953,3.6458959579467773,1.230454921722412
1778673541.8167074,5.8895182609558105,4.658226013183594,6.260677814483643,-0.9668169021606445
1778673541.8524764,4.261724472045898,7.207034587860107,5.018974304199219,-4.746124744415283
1778673541.8873775,4.0059285163879395,9.052770614624023,4.9326982498168945,-6.591805934906006
1778673541.922549,2.022455930709839,9.84376049041748,4.515111923217773,-6.855478286743164
1778673541.957596,-4.031623363494873,9.84376049041748,-1.2761874198913574,-7.470714092254639
1778673541.9927545,-2.910710573196411,9.84376049041748,2.679805278778076,-7.558604717254639
1778673542.027753,1.8583431243896484,9.84376049041748,4.897143363952637,-7.470714092254639
1778673542.0628889,0.7034848928451538,9.84376049041748,5.140717029571533,-7.734386444091797
1778673542.0982466,0.8728530406951904,9.84376049041748,5.040309429168701,-9.755876541137695
1778673542.1333187,-0.4246947467327118,9.84376049041748,5.096369743347168,-10.371113777160645
1778673542.1684093,-2.3023154735565186,9.84376049041748,4.679149150848389,-11.77736759185791
1778673542.2034955,-1.7090320587158203,9.84376049041748,4.027748107910156,-12.568385124206543
1778673542.2387056,1.354175329208374,9.66797924041748,1.3163849115371704,-12.656275749206543
1778673542.2718155,5.748867511749268,9.228551864624023,1.821282148361206,-12.480494499206543
1778673542.312749,6.37948751449585,9.228551864624023,0.47972607612609863,-12.480494499206543
1778673542.343582,4.592278957366943,9.228551864624023,0.689028799533844,-11.513693809509277
1778673542.3766208,0.8246917724609375,9.228551864624023,3.7798912525177,-11.337912559509277
1778673542.4118495,3.9166476726531982,9.228551864624023,1.728432059288025,-11.513693809509277
1778673542.4474835,4.223329544067383,9.228551864624023,1.2354978322982788,-11.601585388183594
1778673542.4826474,2.4737894535064697,9.228551864624023,-2.803342819213867,-11.513693809509277
1778673542.517779,-0.5657202005386353,9.228551864624023,-1.4527814388275146,-11.425804138183594
1778673542.5547547,-2.594602584838867,9.316415786743164,-0.7467324137687683,-10.195331573486328
1778673542.5883102,0.92550128698349,9.316415786743164,-1.5382484197616577,-9.052749633789062
1778673542.6231813,0.7717673182487488,9.316415786743164,-3.002795457839966,-8.34962272644043
1778673542.6586087,-2.948862314224243,9.316415786743164,0.7123603224754333,-6.416024208068848
1778673542.69342,-0.40632501244544983,9.316415786743164,0.767083466053009,-6.3281331062316895
1778673542.7285984,0.4778880178928375,9.316415786743164,-2.6307716369628906,-6.591805934906006
1778673542.761843,-0.35579442977905273,9.316415786743164,-1.9672291278839111,-6.503914833068848
1778673542.7989533,1.316967248916626,9.316415786743164,-2.170173406600952,-6.064460754394531
1778673542.8320796,-1.040727138519287,9.316415786743164,-0.48902401328086853,-5.625033378601074
1778673542.8675187,1.650252342224121,9.316415786743164,-0.4811997413635254,-5.800815105438232
1778673542.902367,-2.2880923748016357,9.316415786743164,0.4247629642486572,-5.800815105438232
1778673542.937489,-4.114596366882324,9.316415786743164,-1.2364987134933472,-6.416024208068848
1778673542.9725838,-6.004165172576904,9.316415786743164,0.5238040685653687,-6.2402424812316895
1778673543.0078778,-6.132751941680908,9.316415786743164,2.5063908100128174,-6.3281331062316895
1778673543.0430195,-6.570201396942139,8.964852333068848,6.0426177978515625,-7.998059272766113
1778673543.078333,-6.567724227905273,6.679688930511475,2.0842273235321045,-11.601585388183594
1778673543.1131546,-6.204276084899902,3.955099105834961,0.37139517068862915,-13.623075485229492
1778673543.1482508,-5.009527683258057,1.5820730924606323,0.7157090306282043,-13.535184860229492
1778673543.1833646,-4.32456636428833,-0.08788085728883743,-1.568601131439209,-13.183621406555176
1778673543.2187178,-3.391430616378784,-0.7910078763961792,-0.514573872089386,-11.513693809509277
1778673543.2537847,1.1265738010406494,-0.7910078763961792,-0.5222902297973633,-9.316422462463379
1778673543.28884,0.3282184302806854,-0.7910078763961792,-3.424659490585327,-9.316422462463379
1778673543.3220167,-3.390214443206787,-0.7030896544456482,-2.92171311378479,-7.3828229904174805
1778673543.3571424,-0.6289821863174438,-0.7030896544456482,-5.78135347366333,-5.800815105438232
1778673543.3922172,4.033420562744141,-0.7030896544456482,-5.508888244628906,-3.164088726043701
1778673543.427349,4.090229511260986,-0.439444363117218,-6.127490520477295,-1.2304894924163818
1778673543.4625275,5.282463073730469,0.17581908404827118,-4.804563522338867,0.5273279547691345
1778673543.4975588,3.647847890853882,1.8457183837890625,-6.395804405212402,0.8788914680480957
1778673543.5326552,3.7400295734405518,3.7793173789978027,-2.81353759765625,1.6699093580245972
1778673543.5678198,4.692432403564453,5.185571193695068,-1.4757994413375854,1.4941275119781494
1778673543.6028304,4.9985480308532715,6.416043758392334,-1.7192951440811157,1.3183457851409912
1778673543.6380684,3.544686794281006,7.6465163230896,-0.08705795556306839,0.8788914680480957
1778673543.673252,6.024329662322998,8.437506675720215,3.4660279750823975,-0.6152534484863281
1778673543.7081444,5.872898578643799,9.052770614624023,3.256932497024536,-4.13088846206665
1778673543.743489,6.5561933517456055,9.84376049041748,2.9606385231018066,-6.591805934906006
1778673543.7785702,6.600399017333984,11.425796508789062,2.5051915645599365,-7.031260013580322
1778673543.8136241,6.983677864074707,13.886740684509277,1.58754301071167,-8.34962272644043
1778673543.8467352,7.269227027893066,16.259767532348633,-0.8776077032089233,-8.525404930114746
1778673543.8820395,6.865344524383545,18.10550308227539,-1.583514928817749,-8.34962272644043
1778673543.918822,7.136275768280029,19.511756896972656,-0.959059476852417,-7.3828229904174805
1778673543.9537199,7.71787166595459,21.181655883789062,-0.7384381890296936,-7.1191511154174805
1778673543.987155,7.886867523193359,22.236347198486328,-0.5843358635902405,-7.1191511154174805
1778673544.0221958,7.885738372802734,24.609371185302734,-2.4896676540374756,-7.207041263580322
1778673544.0568037,7.937905311584473,26.367189407348633,-3.989626884460449,-6.767587661743164
1778673544.092284,7.730782985687256,28.300790786743164,-1.4424920082092285,-4.482452392578125
1778673544.1273637,7.844108581542969,29.61918067932129,-2.4233736991882324,-3.867216110229492
1778673544.1627464,7.756379127502441,30.410171508789062,-6.17105770111084,-3.9551069736480713
1778673544.1978652,6.789694786071777,31.552778244018555,-5.302727222442627,-2.988306999206543
1778673544.2328274,6.581546306610107,33.13481521606445,-5.885136604309082,-0.7910351753234863
1778673544.267902,7.013832092285156,33.837886810302734,-3.172684907913208,0.9667823314666748
1778673544.3029861,5.993015289306641,33.837886810302734,-2.383857488632202,1.230454921722412
1778673544.3379164,7.257539749145508,34.541011810302734,-0.16788960993289948,0.9667823314666748
1778673544.3711083,7.5709638595581055,35.595703125,-0.42607709765434265,0.26365530490875244
1778673544.4081466,6.573328018188477,36.73831558227539,-4.19767951965332,-0.6152534484863281
1778673544.4429772,7.022774696350098,37.79300308227539,-6.271784782409668,-0.5273625254631042
1778673544.476301,6.775459289550781,38.847694396972656,-6.377448081970215,-0.08790817856788635
1778673544.5133975,5.775420665740967,39.90238571166992,-4.178523063659668,2.2851455211639404
1778673544.5482981,4.794219017028809,40.60551071166992,-2.3395326137542725,3.779289960861206
1778673544.5836835,3.3854939937591553,40.69337463378906,-3.779141426086426,3.9550445079803467
1778673544.618775,-0.19881604611873627,40.69337463378906,-6.26547908782959,4.394498825073242
1778673544.6539276,-1.515346884727478,40.69337463378906,-4.675075054168701,6.240207195281982
1778673544.6873317,0.3586210310459137,40.69337463378906,-3.195347785949707,7.6464619636535645
1778673544.7222521,3.726550579071045,40.69337463378906,-4.3757710456848145,7.470679759979248
1778673544.7594032,5.834385395050049,40.69337463378906,-2.3155019283294678,7.6464619636535645
1778673544.7925658,4.397436618804932,40.69337463378906,2.95919132232666,7.470679759979248
1778673544.827537,3.664811134338379,40.69337463378906,-0.23114390671253204,7.382789134979248
1778673544.8628244,1.0615644454956055,40.69337463378906,1.289718508720398,6.240207195281982
1778673544.8979714,3.3674275875091553,40.69337463378906,1.4889507293701172,4.6581711769104
1778673544.9326406,-1.3849060535430908,40.69337463378906,2.535024642944336,4.130825996398926
1778673544.96575,-4.502548694610596,40.69337463378906,-2.951369285583496,2.1972546577453613
1778673545.000592,-5.331799507141113,40.69337463378906,1.4937012195587158,2.1093637943267822
1778673545.0361154,-4.593647480010986,40.69337463378906,-2.1714534759521484,2.021472692489624
1778673545.0711107,-4.896784782409668,40.69337463378906,-0.32441607117652893,2.1093637943267822
1778673545.1061502,-4.543577194213867,40.69337463378906,-0.3016022741794586,2.1972546577453613
1778673545.141556,-4.173010349273682,40.69337463378906,-0.19135046005249023,2.1972546577453613
1778673545.1771703,-3.4173500537872314,39.99024963378906,4.180154800415039,2.3730363845825195
1778673545.2123826,-5.201483726501465,38.32034683227539,-0.06196264177560806,2.1972546577453613
1778673545.2473545,-5.426396369934082,36.123050689697266,-0.0782473236322403,2.636708974838257
1778673545.282486,-4.066593647003174,33.222679138183594,-1.2899205684661865,3.4277267456054688
1778673545.317638,-3.19581937789917,31.816425323486328,-3.9161829948425293,5.009735107421875
1778673545.3547833,-0.19774934649467468,31.640642166137695,-5.039862632751465,7.119115829467773
1778673545.3880296,-2.2587733268737793,31.552778244018555,-5.956793785095215,9.843733787536621
1778673545.4232762,0.24861951172351837,31.552778244018555,-5.833566665649414,11.86522388458252
1778673545.4583356,3.7492568492889404,31.552778244018555,-6.752680778503418,13.710905075073242
1778673545.4935455,2.979037046432495,32.16798782348633,-6.626379013061523,16.08395767211914
1778673545.5285873,3.2039928436279297,34.365234375,-7.215235233306885,17.226539611816406
1778673545.5637455,3.308203935623169,36.298831939697266,-7.26194429397583,18.896465301513672
1778673545.59896,4.055710315704346,37.44144058227539,-6.413223743438721,19.775375366210938
1778673545.6324759,4.3796796798706055,38.40821075439453,-5.542020797729492,20.65428352355957
1778673545.667242,6.19291877746582,39.63868713378906,-5.847382068634033,21.09373664855957
1778673545.7016263,6.342394828796387,40.95707321166992,-5.413329601287842,21.533193588256836
1778673545.736799,6.764786243438721,42.89067459106445,-6.169423580169678,21.972646713256836
1778673545.7721572,6.679693698883057,45.0,-4.282835006713867,22.76366424560547
1778673545.8077912,4.869230270385742,46.582035064697266,-3.4464657306671143,22.76366424560547
1778673545.8430438,5.127873420715332,47.02151870727539,-3.0713226795196533,22.58788299560547
1778673545.8780823,4.196543216705322,47.02151870727539,0.46781402826309204,22.58788299560547
1778673545.9135413,2.2319982051849365,47.02151870727539,0.9483697414398193,22.499990463256836
1778673545.9483757,-0.5299041271209717,47.02151870727539,1.4365445375442505,19.687484741210938
1778673545.9835055,-0.8262714147567749,47.02151870727539,2.7795956134796143,17.84177589416504
1778673546.0186112,-2.4664804935455322,47.02151870727539,0.06700263172388077,16.523412704467773
1778673546.0539734,2.9314279556274414,47.02151870727539,2.423447608947754,16.523412704467773
1778673546.086686,5.585689544677734,47.02151870727539,4.836785793304443,16.347631454467773
1778673546.12192,4.639646053314209,47.02151870727539,3.460466146469116,13.710905075073242
1778673546.1595666,5.364902973175049,47.02151870727539,2.9498207569122314,11.86522388458252
1778673546.192642,6.394647121429443,47.02151870727539,1.8753725290298462,11.86522388458252
1778673546.2277715,5.736401081085205,47.02151870727539,1.5502686500549316,11.86522388458252
1778673546.2623467,7.099765300750732,47.37308120727539,2.960989236831665,11.953113555908203
1778673546.2961998,7.311807155609131,48.779335021972656,1.6308716535568237,11.601550102233887
1778673546.3312688,6.955144882202148,51.41606140136719,-1.9005005359649658,11.162096977233887
1778673546.3681815,4.053220748901367,54.931644439697266,-1.785935878753662,11.07420539855957
1778673546.4028018,1.1765735149383545,56.513675689697266,-3.6482701301574707,11.513660430908203
1778673546.4364378,1.6968144178390503,58.35940933227539,-1.1078959703445435,13.535149574279785
1778673546.4716978,0.15543638169765472,59.5019645690918,-1.3185185194015503,15.029267311096191
1778673546.508681,-0.11857699602842331,60.02931213378906,-3.336172580718994,15.117158889770508
1778673546.5437772,-2.365382671356201,60.11722946166992,-1.5516881942749023,15.468722343444824
1778673546.578879,-1.6897691488265991,60.11722946166992,-4.966649532318115,15.468722343444824
1778673546.612071,-2.8458659648895264,60.11722946166992,-5.8916473388671875,16.962865829467773
1778673546.6473217,-5.663573741912842,60.11722946166992,-6.081287860870361,19.775375366210938
1778673546.6823895,-5.847149848937988,60.11722946166992,-6.3221964836120605,21.972646713256836
1778673546.7175937,-6.256680488586426,60.11722946166992,-4.783788204193115,23.994108200073242
1778673546.754358,-7.225223064422607,58.18362808227539,-5.091413974761963,24.433565139770508
1778673546.7873445,-5.629879951477051,55.458988189697266,-4.739341735839844,25.839818954467773
1778673546.8225741,-5.448619842529297,51.76762771606445,-3.2977607250213623,26.718727111816406
1778673546.857711,-5.637493133544922,48.427772521972656,-1.9479001760482788,27.070289611816406
1778673546.892623,-4.018708229064941,48.07620620727539,-5.244866847991943,27.158180236816406
1778673546.9279046,-3.9659366607666016,48.07620620727539,-4.795595645904541,27.33396339416504
1778673546.9628098,-1.944619059562683,47.90042495727539,-1.8094218969345093,28.21286964416504
1778673546.997904,-5.050270080566406,47.6367301940918,0.9826619625091553,28.740217208862305
1778673547.0328486,-6.2127275466918945,47.46094512939453,0.2931196093559265,28.740217208862305
1778673547.0681837,-5.145967960357666,46.84573745727539,1.4035571813583374,28.476543426513672
1778673547.1031616,-1.5683048963546753,45.703128814697266,4.268021106719971,27.24607276916504
1778673547.1381888,-1.478370189666748,44.91213607788086,3.001661777496338,23.466764450073242
1778673547.173335,-0.9029310941696167,44.20901107788086,2.58601450920105,21.09373664855957
1778673547.2083552,-3.033531904220581,44.12109375,-1.3201972246170044,20.65428352355957
1778673547.243521,-2.9461865425109863,44.12109375,0.3000698685646057,20.65428352355957
1778673547.2788005,-4.3221211433410645,44.12109375,3.5620782375335693,21.533193588256836
1778673547.3137925,-4.375217437744141,43.769527435302734,3.2246780395507812,21.708972930908203
1778673547.347175,-2.5019147396087646,42.978538513183594,-0.432632178068161,21.621084213256836
1778673547.382216,-6.037476539611816,42.53911209106445,-1.3985800743103027,21.708972930908203
1778673547.4174173,-5.428001403808594,41.83598709106445,-4.278463363647461,22.9394474029541
1778673547.4522917,-6.188461780548096,40.42972946166992,-2.7744081020355225,26.455053329467773
1778673547.4875646,-6.559924125671387,38.40821075439453,-1.436935544013977,28.476543426513672
1778673547.5227094,-4.663282871246338,36.035186767578125,-2.07114315032959,28.564434051513672
1778673547.5596616,-3.777235269546509,33.222679138183594,2.009253978729248,29.179670333862305
1778673547.5928829,-1.2598072290420532,31.816425323486328,3.258963108062744,29.179670333862305
1778673547.6280715,-5.10041618347168,31.992204666137695,-0.6712279319763184,28.828107833862305
1778673547.6631923,-5.438971042633057,31.992204666137695,-4.545514106750488,28.828107833862305
1778673547.696271,-5.7697224617004395,31.113298416137695,-2.642681360244751,29.091779708862305
1778673547.7330842,-6.1862568855285645,30.23438835144043,-0.4746336042881012,30.410144805908203
1778673547.7681856,-5.247106075286865,29.091833114624023,-3.346560001373291,30.761707305908203
1778673547.8032737,-3.1318154335021973,27.5976619720459,-4.3508806228637695,31.552724838256836
1778673547.8381317,-5.117203235626221,26.894535064697266,-6.53820276260376,34.45309829711914
1778673547.8733406,-6.147641658782959,26.894535064697266,-2.876203775405884,37.79294967651367
1778673547.9084768,-6.984442234039307,26.279325485229492,-4.976827621459961,40.1660041809082
1778673547.9437137,-5.436614990234375,24.169944763183594,-4.421310901641846,40.86913299560547
1778673547.9787853,-5.832769870758057,21.972700119018555,-5.0624470710754395,41.92382049560547
1778673548.0140905,-5.630024433135986,21.445356369018555,-4.745334625244141,42.714839935302734
1778673548.0470142,-5.75242805480957,21.445356369018555,-3.5673913955688477,43.681610107421875
1778673548.0819786,-6.532878398895264,20.918010711669922,-5.7846479415893555,43.76950454711914
1778673548.1170523,-5.767090320587158,19.687538146972656,-7.54481315612793,45.966773986816406
1778673548.1521218,-4.801475524902344,18.19336700439453,-6.962716102600098,49.74605941772461
1778673548.1872725,-2.4091434478759766,17.4902400970459,-7.336912155151367,51.503875732421875
1778673548.2225702,-2.77992582321167,17.578157424926758,-7.214411735534668,54.05270004272461
1778673548.2575912,-3.262890577316284,17.4902400970459,-6.241481781005859,55.371063232421875
1778673548.2924504,-4.259147644042969,17.578157424926758,-7.647701740264893,55.986297607421875
1778673548.3257484,-0.2835731506347656,17.4902400970459,-7.117551803588867,57.65621566772461
1778673548.3612149,2.3430330753326416,17.578157424926758,-6.703208923339844,59.326141357421875
1778673548.3963492,1.9521574974060059,17.4902400970459,-4.134978294372559,59.501922607421875
1778673548.4333165,3.2754111289978027,17.578157424926758,-3.594393253326416,59.41403579711914
1778673548.4682941,1.4517104625701904,17.578157424926758,-3.3092052936553955,59.326141357421875
1778673548.5016265,5.534019470214844,17.578157424926758,-1.8910658359527588,59.326141357421875
1778673548.5385196,4.027602672576904,17.6660213470459,2.9184162616729736,58.974578857421875
1778673548.573698,2.75460147857666,18.896493911743164,4.053737640380859,57.304656982421875
1778673548.6070232,1.4802231788635254,20.56644630432129,4.432955741882324,52.55855941772461
1778673548.643789,5.004811763763428,21.884782791137695,4.580040454864502,49.30660629272461
1778673548.6772108,4.8253092765808105,22.148483276367188,1.2201707363128662,47.548805236816406
1778673548.7122884,6.032614231109619,23.46681785583496,-1.3629990816116333,47.19724655151367
1778673548.7473955,5.453883171081543,25.57619857788086,2.2932937145233154,47.19724655151367
1778673548.7825246,2.5091488361358643,28.47657012939453,2.5940980911254883,46.845680236816406
1778673548.8178146,3.9577221870422363,30.410171508789062,-0.8189389705657959,45.878883361816406
1778673548.8529258,2.05513596534729,31.289077758789062,-0.8095363974571228,45.878883361816406
1778673548.887886,-1.7453657388687134,32.16798782348633,-2.3350653648376465,46.75779342651367
1778673548.9230747,-2.69286847114563,32.25590515136719,-2.466560125350952,48.779266357421875
1778673548.9602911,-0.8828023076057434,32.16798782348633,0.7581258416175842,50.36129379272461
1778673548.9914505,3.6133158206939697,32.16798782348633,-1.0153334140777588,50.97652816772461
1778673549.0284593,-0.35462915897369385,31.728561401367188,-1.7225631475448608,50.97652816772461
1778673549.0634804,-5.287538528442383,31.201215744018555,-1.1926376819610596,51.240203857421875
1778673549.09885,-3.090150833129883,29.882823944091797,-1.118003249168396,51.415985107421875
1778673549.1340325,-2.136521100997925,27.685579299926758,-3.0350534915924072,51.943328857421875
1778673549.1671982,-3.348228931427002,25.927762985229492,-2.0805554389953613,53.701141357421875
1778673549.2022533,-2.0926153659820557,24.433591842651367,-0.579030454158783,54.931610107421875
1778673549.2373488,-0.02362155169248581,24.082027435302734,-0.9874221682548523,54.931610107421875
1778673549.272635,4.487658500671387,24.169944763183594,4.983936786651611,54.84371566772461
1778673549.307711,3.782503128051758,24.169944763183594,1.4721221923828125,54.316375732421875
1778673549.3429787,5.6611504554748535,24.169944763183594,0.32512643933296204,53.43746566772461
1778673549.3781178,4.445403575897217,24.169944763183594,-0.5078959465026855,53.34957504272461
1778673549.413257,2.884280204772949,25.48828125,4.568231105804443,53.34957504272461
1778673549.4485366,3.5056567192077637,27.4218807220459,2.6763856410980225,52.82223129272461
1778673549.4832802,0.25715547800064087,28.652353286743164,1.8274309635162354,51.767547607421875
1778673549.5185335,-3.1970267295837402,29.70704460144043,5.228576183319092,49.74605941772461
1778673549.5535169,-0.5161696076393127,29.882823944091797,3.832101345062256,47.63668441772461
1778673549.5890324,-5.000307559967041,29.882823944091797,3.2660534381866455,46.75779342651367
1778673549.6221201,-4.460501670837402,29.882823944091797,-2.363083839416504,45.43942642211914
1778673549.6572037,-4.753289222717285,29.882823944091797,2.5648677349090576,45.43942642211914
1778673549.6923177,-5.076988697052002,27.94922637939453,0.7859071493148804,45.43942642211914
1778673549.7267916,-6.492149829864502,25.312498092651367,0.5538889765739441,45.878883361816406
1778673549.7622375,-7.494421005249023,21.621137619018555,1.8344898223876953,46.933570861816406
1778673549.7976975,-7.544071197509766,18.54492950439453,-1.207937240600586,47.19724655151367
1778673549.8329575,-7.701844692230225,16.787113189697266,-0.20486858487129211,48.07613754272461
1778673549.8680444,-7.666899681091309,15.46877670288086,1.856274962425232,49.042938232421875
1778673549.9030912,-7.4834489822387695,14.23830509185791,-2.6007630825042725,48.955047607421875
1778673549.9381843,-7.556078910827637,12.919968605041504,0.22340631484985352,49.30660629272461
1778673549.972923,-7.688236236572266,12.216841697692871,0.5415286421775818,49.482391357421875
1778673550.006562,-7.441070556640625,11.689496994018555,-2.029642105102539,49.570281982421875
1778673550.04346,-7.5272016525268555,10.283242225646973,-0.8207981586456299,50.53708267211914
1778673550.0785644,-7.642467021942139,9.052770614624023,-0.21246984601020813,51.240203857421875
1778673550.1137068,-7.568929672241211,7.294952869415283,-1.592531442642212,51.679656982421875
1778673550.1471233,-7.253915309906006,5.888698101043701,0.3068954050540924,52.910125732421875
1778673550.182451,-4.500930309295654,4.834007740020752,-1.2472862005233765,53.17379379272461
1778673550.2175348,-0.18196716904640198,4.130880832672119,0.7171286344528198,53.701141357421875
1778673550.2526095,-3.349369525909424,3.955099105834961,2.916510820388794,53.701141357421875
1778673550.287704,-5.509843826293945,3.955099105834961,3.876863479614258,53.34957504272461
1778673550.322764,-4.99930477142334,3.955099105834961,3.232104778289795,51.767547607421875
1778673550.3598504,-3.4757871627807617,3.955099105834961,3.021995782852173,50.09762191772461
1778673550.3931978,-3.4305624961853027,3.955099105834961,1.6850348711013794,49.570281982421875
1778673550.4280999,2.528841972351074,4.042962551116943,2.2136340141296387,49.482391357421875
1778673550.4632304,4.805216312408447,4.042962551116943,1.3924713134765625,49.30660629272461
1778673550.498503,6.616926193237305,4.042962551116943,0.9437249302864075,49.394500732421875
1778673550.5336375,5.7934722900390625,4.042962551116943,1.2474921941757202,49.394500732421875
1778673550.567048,3.8141772747039795,3.955099105834961,1.5239323377609253,49.394500732421875
1778673550.6019769,0.8277829885482788,4.042962551116943,3.3295416831970215,49.30660629272461
1778673550.637229,0.4453659951686859,4.042962551116943,1.3089700937271118,48.07613754272461
1778673550.6723123,-2.8635406494140625,4.042962551116943,-4.693841934204102,47.109352111816406
1778673550.7075279,-3.9944331645965576,4.042962551116943,-3.4289748668670654,47.19724655151367
1778673550.7424638,-4.492549419403076,4.042962551116943,-4.160373210906982,47.724578857421875
1778673550.7777576,-1.9396809339523315,3.955099105834961,-4.735299587249756,50.800750732421875
1778673550.8129613,-2.897373676300049,3.955099105834961,-4.410761833190918,53.789031982421875
1778673550.8482099,-5.371582984924316,3.955099105834961,-4.34967565536499,55.45895004272461
1778673550.8831623,-5.639457702636719,3.955099105834961,-1.504499912261963,56.865203857421875
1778673550.9182348,-4.927689552307129,3.6035356521606445,-0.46381253004074097,56.777313232421875
1778673550.953257,-3.3763554096221924,1.8457183837890625,-1.3025572299957275,56.689422607421875
1778673550.988378,-4.891223430633545,-0.7030896544456482,-2.5013017654418945,56.689422607421875
1778673551.0218542,-3.1335911750793457,-2.724606990814209,-3.645076274871826,57.040985107421875
1778673551.0588734,0.8194521069526672,-2.900388717651367,-2.3734257221221924,58.623016357421875
1778673551.0920725,2.048196315765381,-2.900388717651367,-6.474106311798096,58.974578857421875
1778673551.127215,2.471360445022583,-2.900388717651367,-4.717198848724365,60.292938232421875
1778673551.1622014,1.0997589826583862,-2.900388717651367,-4.489181041717529,62.050750732421875
1778673551.1974738,-0.6294106245040894,-2.900388717651367,-4.971055030822754,63.28121566772461
1778673551.2325947,-5.096907138824463,-2.900388717651367,-1.8700354099273682,64.68746185302734
1778673551.2679482,-3.471041679382324,-2.900388717651367,-0.6999019980430603,65.47848510742188
1778673551.3028607,-3.891407012939453,-2.8124706745147705,1.651530146598816,65.47848510742188
1778673551.3381598,-3.1717398166656494,-2.8124706745147705,0.2448648065328598,65.03903198242188
1778673551.3731937,-1.5872868299484253,-2.8124706745147705,3.430450916290283,63.808563232421875
1778673551.4082193,-3.3155581951141357,-2.8124706745147705,2.7590596675872803,61.523406982421875
1778673551.4415934,-0.3644455671310425,-2.8124706745147705,2.427584171295166,59.94137191772461
1778673551.4785287,0.02215009741485119,-2.8124706745147705,4.054998397827148,58.623016357421875
1778673551.513607,3.785395860671997,-2.8124706745147705,3.2788166999816895,56.33785629272461
1778673551.5488844,3.8378818035125732,-2.8124706745147705,-0.9238033294677734,55.72262191772461
1778673551.5821013,4.184865951538086,-2.8124706745147705,0.18286791443824768,55.81051254272461
1778673551.6171157,3.2558841705322266,-2.8124706745147705,-1.2754077911376953,56.162078857421875
1778673551.6522758,5.693270683288574,-2.8124706745147705,-0.9468371868133545,57.56832504272461
1778673551.6875374,0.7169266939163208,-1.93356192111969,4.627665042877197,57.74410629272461
1778673551.7228823,-0.7651709914207458,-0.1757444143295288,2.1007940769195557,57.39255142211914
1778673551.7596104,-1.4651166200637817,0.9668096303939819,1.9047061204910278,57.39255142211914
1778673551.7930028,-4.729872703552246,1.1425913572311401,-1.0885146856307983,56.865203857421875
1778673551.827847,-5.623354911804199,1.1425913572311401,-2.735238790512085,56.425750732421875
1778673551.8634026,-7.25802755355835,1.1425913572311401,-6.187063217163086,56.51364517211914
1778673551.8984783,-6.860180377960205,0.7031643390655518,-3.7843730449676514,57.831993103027344
1778673551.9336145,-7.395725727081299,-0.7910078763961792,-1.9347487688064575,60.82027816772461
1778673551.968684,-6.929666042327881,-2.1972618103027344,0.732517659664154,62.31442642211914
1778673552.0037723,-6.810574054718018,-3.867161512374878,5.794460296630859,62.49020767211914
1778673552.0387347,-7.087285041809082,-6.50388765335083,5.3057756423950195,62.226531982421875
1778673552.0721986,-7.551181793212891,-9.316394805908203,2.384875535964966,61.523406982421875
1778673552.1074483,-7.58146858215332,-12.12890338897705,1.1863443851470947,60.64449691772461
1778673552.1422384,-7.246606826782227,-13.44723892211914,1.9939507246017456,60.732391357421875
1778673552.177368,-7.043257713317871,-14.062501907348633,2.3881783485412598,59.94137191772461
1778673552.212582,-6.07963228225708,-14.50192928314209,3.9478042125701904,58.623016357421875
1778673552.2473853,-6.531383037567139,-14.50192928314209,0.6082629561424255,56.865203857421875
1778673552.2826707,-3.5042724609375,-14.765628814697266,3.1835978031158447,56.51364517211914
1778673552.3175602,-3.6192219257354736,-15.117192268371582,4.745763778686523,55.89840316772461
1778673552.352614,-4.8799662590026855,-15.117192268371582,3.4910640716552734,53.525360107421875
1778673552.387677,-1.4061983823776245,-15.117192268371582,2.680342674255371,53.34957504272461
1778673552.4230127,2.434600353240967,-15.117192268371582,1.5457557439804077,53.43746566772461
1778673552.4579124,2.0712661743164062,-15.117192268371582,5.068650722503662,53.34957504272461
1778673552.4931953,0.6967068314552307,-15.117192268371582,4.050676345825195,53.085906982421875
1778673552.5278292,3.0384349822998047,-15.117192268371582,4.112199306488037,51.240203857421875
1778673552.5648901,0.5530444979667664,-15.117192268371582,0.929678201675415,50.800750732421875
1778673552.5981865,2.9840564727783203,-15.117192268371582,3.2617290019989014,50.449188232421875
1778673552.6334825,-0.8357200026512146,-15.117192268371582,4.048155307769775,50.09762191772461
1778673552.6683867,-0.8658145666122437,-15.117192268371582,3.6858301162719727,48.60348129272461
1778673552.7032807,-0.6372260451316833,-15.117192268371582,3.0738306045532227,48.42770004272461
1778673552.7386286,2.6958556175231934,-15.117192268371582,1.0941851139068604,48.42770004272461
1778673552.773446,-2.26672101020813,-15.117192268371582,0.08410482853651047,48.60348129272461
1778673552.806897,-1.331985354423523,-15.117192268371582,-0.24803023040294647,48.86715316772461
1778673552.8418,-1.4070959091186523,-15.117192268371582,1.3371413946151733,49.394500732421875
1778673552.878722,-1.1479843854904175,-15.117192268371582,4.967498779296875,49.218719482421875
1778673552.9136882,-3.1395046710968018,-15.117192268371582,4.506855487823486,48.779266357421875
1778673552.9487534,-5.3021392822265625,-15.117192268371582,2.1925642490386963,46.318336486816406
1778673552.984013,-5.556258678436279,-15.117192268371582,0.023380782455205917,45.43942642211914
1778673553.0189729,-5.461321830749512,-15.205056190490723,1.8836768865585327,45.52731704711914
1778673553.0536983,-1.829138159751892,-15.556619644165039,4.662487983703613,45.52731704711914
1778673553.088827,-1.2335758209228516,-15.996047019958496,6.587869167327881,45.351539611816406
1778673553.1239088,-0.9967089295387268,-16.083965301513672,7.392299652099609,41.92382049560547
1778673553.1590047,1.1089646816253662,-16.083965301513672,6.927224636077881,37.96873092651367
1778673553.1939719,-3.0727832317352295,-16.083965301513672,6.721762180328369,36.562477111816406
1778673553.2269943,-0.8175737261772156,-16.083965301513672,5.8808369636535645,34.98044204711914
1778673553.262048,1.834203839302063,-16.083965301513672,5.054379940032959,34.36520767211914
1778673553.2971642,3.8915610313415527,-16.083965301513672,4.233556270599365,34.36520767211914
1778673553.3321822,2.891204833984375,-16.083965301513672,4.489704608917236,34.36520767211914
1778673553.3673813,-0.5096274614334106,-16.083965301513672,5.230650901794434,33.662078857421875
1778673553.4022565,-2.867950916290283,-16.083965301513672,3.8415088653564453,31.640615463256836
1778673553.4373913,-1.8609728813171387,-16.083965301513672,3.897312879562378,31.552724838256836
1778673553.4726627,-0.12182356417179108,-16.083965301513672,3.228788375854492,31.552724838256836
1778673553.5074136,3.266345739364624,-16.083965301513672,0.9250532388687134,31.640615463256836
1778673553.542703,5.799847602844238,-16.083965301513672,-2.473891258239746,31.728506088256836
1778673553.5777502,6.49242639541626,-16.083965301513672,-2.3672659397125244,32.958980560302734
1778673553.6127372,6.219847202301025,-16.083965301513672,-1.3485888242721558,35.68356704711914
1778673553.6480923,6.202988147735596,-16.083965301513672,1.238531470298767,36.826148986816406
1778673553.683024,5.566751480102539,-16.083965301513672,3.4852659702301025,36.562477111816406
1778673553.7180848,6.5124053955078125,-15.468701362609863,4.384213924407959,36.386695861816406
1778673553.7531621,6.7477030754089355,-13.710938453674316,5.762725353240967,32.60741424560547
1778673553.7880871,6.641499996185303,-10.458949089050293,5.723507881164551,28.124980926513672
1778673553.823177,4.577437877655029,-8.349568367004395,2.9805116653442383,26.01559829711914
1778673553.8582845,5.908764839172363,-6.415969371795654,2.503328800201416,25.312471389770508
1778673553.8933303,2.634549140930176,-5.449197292327881,2.6814920902252197,25.312471389770508
1778673553.9286532,4.99877405166626,-5.361333847045898,2.60006046295166,25.312471389770508
1778673553.963825,6.089267253875732,-5.361333847045898,4.661828517913818,25.312471389770508
1778673553.997033,2.8099491596221924,-5.361333847045898,3.1967992782592773,24.960908889770508
1778673554.0322812,2.4836196899414062,-5.361333847045898,3.4421215057373047,24.433565139770508
1778673554.0673873,-0.9840848445892334,-5.361333847045898,6.264541149139404,23.378873825073242
1778673554.1024966,-1.1974730491638184,-5.361333847045898,6.056865215301514,20.390609741210938
1778673554.1376865,0.4922837018966675,-5.361333847045898,5.377198219299316,18.808574676513672
1778673554.1727717,0.14253109693527222,-5.361333847045898,6.59326696395874,17.314430236816406
1778673554.2080104,-3.2859461307525635,-5.361333847045898,5.783944606781006,15.029267311096191
1778673554.2432132,-2.2835545539855957,-5.800760746002197,2.6102705001831055,14.589813232421875
1778673554.2783206,-1.3154189586639404,-6.767532825469971,3.5864222049713135,14.765595436096191
1778673554.3132386,-1.1793955564498901,-7.99800443649292,4.327754497528076,14.765595436096191
1778673554.3487809,-3.5514755249023438,-8.525349617004395,2.371777296066284,14.677703857421875
1778673554.3838193,-3.919384479522705,-8.43748664855957,1.6201345920562744,14.765595436096191
1778673554.4170222,-2.8964169025421143,-8.789050102233887,0.7203615307807922,15.117158889770508
1778673554.4521985,-2.9154675006866455,-9.93160343170166,-1.0980135202407837,16.523412704467773
1778673554.4871125,2.9208054542541504,-10.546867370605469,-1.7779576778411865,18.281230926513672
1778673554.5222378,3.305474281311035,-10.81051254272461,-1.3816641569137573,19.423810958862305
1778673554.557732,2.572849750518799,-10.81051254272461,-4.6766037940979,20.302719116210938
1778673554.5930123,3.51534104347229,-10.81051254272461,-3.3882343769073486,22.148427963256836
1778673554.6281419,0.4617546498775482,-10.81051254272461,-2.7630558013916016,23.642545700073242
1778673554.6631706,1.6057274341583252,-10.722648620605469,2.1635921001434326,23.642545700073242
1778673554.698523,5.025383472442627,-10.722648620605469,0.258944571018219,23.642545700073242
1778673554.7333019,2.8406918048858643,-10.019521713256836,-0.33281081914901733,23.20311737060547
1778673554.7687736,3.32435941696167,-8.789050102233887,-1.5204102993011475,22.9394474029541
1778673554.8034933,4.648589134216309,-8.085923194885254,-4.054958820343018,22.9394474029541
1778673554.838913,0.24103552103042603,-6.679669380187988,-5.3353166580200195,23.20311737060547
1778673554.8720806,4.23638391494751,-5.273415565490723,-4.247951984405518,24.345672607421875
1778673554.9073606,1.4428608417510986,-4.658206462860107,-3.564121961593628,25.22458267211914
1778673554.9422557,0.46169039607048035,-4.394506454467773,-1.053680181503296,25.75192642211914
1778673554.9774764,1.488643765449524,-4.306643009185791,-1.9523227214813232,26.455053329467773
1778673555.012735,0.7783953547477722,-4.306643009185791,-4.185650825500488,26.455053329467773
1778673555.0478919,2.8083040714263916,-4.306643009185791,-2.9231371879577637,27.070289611816406
1778673555.083114,2.9488916397094727,-4.306643009185791,-2.2690792083740234,27.158180236816406
1778673555.1182458,3.982316255569458,-4.306643009185791,-3.280135154724121,27.158180236816406
1778673555.1530936,3.8315482139587402,-4.306643009185791,-1.7764290571212769,27.86130714416504
1778673555.1866052,5.995657444000244,-4.218724727630615,-2.655099868774414,28.124980926513672
1778673555.2234082,1.5381479263305664,-2.8124706745147705,-5.023952484130859,28.300764083862305
1778673555.258654,2.3571085929870605,-1.4941349029541016,-3.201864719390869,29.443344116210938
1778673555.293856,1.3953315019607544,3.7338671972975135e-05,-4.9836106300354,29.794906616210938
1778673555.3271937,-1.2744646072387695,0.7031643390655518,-3.490867853164673,31.289051055908203
1778673555.3639524,-3.124215602874756,0.7031643390655518,-4.309933185577393,31.640615463256836
1778673555.3973923,-4.043609619140625,0.7031643390655518,-2.1197257041931152,32.43163299560547
1778673555.4322805,-2.303600311279297,0.7031643390655518,0.6330074667930603,33.04684066772461
1778673555.4676058,-4.074814796447754,0.7031643390655518,-2.0686089992523193,33.04684066772461
1778673555.5027397,-4.012789249420166,-0.7030896544456482,-1.8014378547668457,33.04684066772461
1778673555.538049,-2.9952900409698486,-2.724606990814209,-0.7529736757278442,33.310516357421875
1778673555.57243,-5.013698101043701,-4.042943000793457,4.715238094329834,33.310516357421875
1778673555.606005,-2.1469016075134277,-5.449197292327881,1.9524965286254883,32.60741424560547
1778673555.6413875,4.184789657592773,-6.679669380187988,5.719655513763428,30.849597930908203
1778673555.678418,2.3270504474639893,-6.943314552307129,6.277152061462402,28.124980926513672
1778673555.7136993,4.219875335693359,-6.943314552307129,4.729063987731934,24.609344482421875
1778673555.7488499,3.2274649143218994,-6.943314552307129,6.275437355041504,23.11522674560547
1778673555.7837796,4.1250762939453125,-7.031232833862305,3.5681333541870117,21.445301055908203
1778673555.8172367,3.414233922958374,-6.943314552307129,5.261107921600342,19.951156616210938
1778673555.8522582,6.572930812835693,-6.943314552307129,1.4699504375457764,19.248029708862305
1778673555.8873355,5.868869304656982,-6.943314552307129,2.0111567974090576,19.160139083862305
1778673555.9224646,6.4396514892578125,-4.746070384979248,4.147964000701904,19.248029708862305
1778673555.9576094,6.685051918029785,-2.285125494003296,1.2331255674362183,18.896465301513672
1778673555.9925947,4.92536735534668,-0.2636626362800598,0.8482524156570435,18.808574676513672
1778673556.026151,-0.6693775653839111,3.1641087532043457,-3.7207131385803223,18.984357833862305
1778673556.0630157,0.9920871257781982,5.00978946685791,-2.6958186626434326,19.775375366210938
1778673556.0983226,3.0471150875091553,6.76760721206665,-1.9653202295303345,21.796863555908203
1778673556.1332421,1.4345194101333618,7.382816314697266,-1.2450284957885742,22.58788299560547
1778673556.168292,-0.38662806153297424,7.294952869415283,-3.9797420501708984,22.58788299560547
1778673556.203418,2.2617757320404053,7.294952869415283,-2.887648820877075,23.11522674560547
1778673556.2386296,4.016977310180664,7.294952869415283,1.7315013408660889,25.048799514770508
1778673556.2738905,5.404438495635986,7.294952869415283,3.233492612838745,25.312471389770508
1778673556.3071036,5.4276604652404785,7.294952869415283,4.545416831970215,25.312471389770508
1778673556.3422275,3.5416717529296875,7.294952869415283,5.352697372436523,24.873018264770508
1778673556.377281,0.12803363800048828,7.294952869415283,5.9119110107421875,22.9394474029541
1778673556.4123533,-4.6149373054504395,7.294952869415283,5.3160929679870605,18.10544776916504
1778673556.4475005,-4.3311967849731445,7.294952869415283,6.181172847747803,15.292940139770508
1778673556.4826825,0.8688997030258179,7.294952869415283,3.945200204849243,12.919914245605469
1778673556.5178251,2.0488312244415283,7.294952869415283,3.3229384422302246,12.30467700958252
1778673556.5529015,1.656532883644104,7.294952869415283,1.2083431482315063,12.392568588256836
1778673556.5880387,-2.503634214401245,7.294952869415283,-1.075273871421814,12.832022666931152
1778673556.6230671,-3.7802681922912598,7.294952869415283,-2.486741065979004,15.205048561096191
1778673556.6584198,-3.409226417541504,7.294952869415283,-0.8754068613052368,17.92966651916504
1778673556.693296,-3.5682077407836914,7.294952869415283,1.0508677959442139,18.01755714416504
1778673556.7286675,-0.9480600953102112,7.294952869415283,4.41752290725708,17.75388526916504
1778673556.7655988,-1.2451351881027222,6.416043758392334,4.315136432647705,17.226539611816406
1778673556.7971985,0.7822296619415283,6.328125476837158,4.477468967437744,14.589813232421875
1778673556.8322237,0.42034876346588135,6.328125476837158,3.1518189907073975,12.392568588256836
1778673556.867206,-0.1098579689860344,6.328125476837158,3.3312947750091553,12.216787338256836
1778673556.9024763,3.1548831462860107,6.328125476837158,5.738656997680664,11.601550102233887
1778673556.9375985,0.9726808071136475,6.328125476837158,5.343545436859131,9.228497505187988
1778673556.9726658,0.13419567048549652,6.328125476837158,4.873611927032471,7.998025417327881
1778673557.0077887,-3.1696722507476807,6.328125476837158,0.2896067500114441,7.119115829467773
1778673557.04308,-2.6150100231170654,6.328125476837158,-0.8057700991630554,7.031225204467773
1778673557.0779698,0.4901387393474579,6.328125476837158,-4.584367752075195,7.20700740814209
1778673557.1134565,2.2485673427581787,6.328125476837158,-3.2201597690582275,9.140606880187988
1778673557.148292,3.7609405517578125,6.328125476837158,-5.496361255645752,12.568350791931152
1778673557.183389,5.383608341217041,6.328125476837158,-1.9007903337478638,16.347631454467773
1778673557.2187216,5.899843215942383,6.328125476837158,-2.358144521713257,17.75388526916504
1778673557.2539592,6.4177727699279785,6.328125476837158,-5.118685722351074,17.665992736816406
1778673557.2872903,6.481345176696777,7.119170665740967,-5.9172139167785645,17.84177589416504
1778673557.3221893,4.7364044189453125,8.701207160949707,-6.870331764221191,19.511701583862305
1778673557.3572347,5.259629249572754,9.931678771972656,-5.92755651473999,22.23632049560547
1778673557.3922193,6.178958415985107,11.162151336669922,-5.098299026489258,23.11522674560547
1778673557.427499,4.392581462860107,13.09575080871582,-4.244332790374756,23.554655075073242
1778673557.4625819,4.474729537963867,15.732421875,-4.500924110412598,23.466764450073242
1778673557.497769,5.8494391441345215,17.138675689697266,-1.6700842380523682,23.466764450073242
1778673557.532939,4.866903781890869,17.6660213470459,-0.533118486404419,23.2910099029541
1778673557.569923,1.4556643962860107,17.753938674926758,-2.8446595668792725,23.0273380279541
1778673557.6031332,1.4544262886047363,17.753938674926758,-3.7916259765625,23.0273380279541
1778673557.6381235,4.84429407119751,17.753938674926758,0.1951400488615036,23.11522674560547
1778673557.6733687,2.45810866355896,17.753938674926758,-3.50791335105896,23.11522674560547
1778673557.7080722,1.9318534135818481,17.753938674926758,-4.415572643280029,23.11522674560547
1778673557.7432277,-0.2870192527770996,17.753938674926758,-1.6001890897750854,24.257781982421875
1778673557.778236,-1.2380496263504028,17.753938674926758,-4.119795322418213,24.697235107421875
1778673557.8134723,-0.5007157325744629,17.753938674926758,-3.2973153591156006,25.66403579711914
1778673557.8485317,3.3161182403564453,17.753938674926758,-3.796579599380493,26.191381454467773
1778673557.8834543,1.1910951137542725,17.753938674926758,-6.454655170440674,27.158180236816406
1778673557.9185755,-0.8606950044631958,17.753938674926758,-6.7046799659729,29.355453491210938
1778673557.9536588,-3.001283645629883,17.753938674926758,-6.615408897399902,31.992177963256836
1778673557.9888277,-4.962666988372803,17.753938674926758,-5.794018745422363,33.925750732421875
1778673558.0238895,-6.596342086791992,17.6660213470459,-6.017282485961914,35.59567642211914
1778673558.0570297,-6.9692559242248535,16.523468017578125,-6.011478900909424,36.474586486816406
1778673558.092263,-6.7512946128845215,14.50195026397705,-6.540261268615723,38.05662155151367
1778673558.127169,-6.380635738372803,11.865278244018555,-5.228055000305176,39.9902229309082
1778673558.163903,-4.186305522918701,9.66797924041748,-3.397534132003784,40.86913299560547
1778673558.1975944,-5.300509452819824,7.822298049926758,-2.883061170578003,40.9570198059082
1778673558.2322674,-6.01330041885376,5.712916374206543,-0.8070530295372009,40.5175666809082
1778673558.2672145,-6.485725402832031,5.449216365814209,2.2061519622802734,40.5175666809082
1778673558.3024044,-5.891961574554443,3.691453695297241,1.0547363758087158,38.05662155151367
1778673558.3375494,-5.711817264556885,2.2852001190185547,2.8740246295928955,36.474586486816406
1778673558.3726301,-3.9181711673736572,1.4062913656234741,1.8709794282913208,34.71677017211914
1778673558.4078178,-5.04940128326416,1.2305095195770264,3.0411815643310547,33.749969482421875
1778673558.4429226,-2.7129154205322266,1.1425913572311401,4.62518835067749,32.60741424560547
1778673558.4779942,0.0517728216946125,0.9668096303939819,4.631160259246826,29.970687866210938
1778673558.5133886,-0.6315876841545105,0.9668096303939819,4.21286153793335,29.179670333862305
1778673558.548245,-2.164747476577759,0.9668096303939819,1.9410277605056763,28.388652801513672
1778673558.5833364,-1.4492676258087158,0.9668096303939819,-2.5227253437042236,27.949199676513672
1778673558.6185625,-3.2266883850097656,0.9668096303939819,1.2769737243652344,28.037090301513672
1778673558.653638,2.295689105987549,0.9668096303939819,2.220977544784546,28.124980926513672
1778673558.6869328,2.448936700820923,0.9668096303939819,0.8153460025787354,28.21286964416504
1778673558.7221136,4.035774230957031,0.9668096303939819,2.5956051349639893,28.564434051513672
1778673558.7572289,0.5785353183746338,0.9668096303939819,-0.01688157580792904,28.476543426513672
1778673558.7921946,-3.8435909748077393,2.373063564300537,-1.341036319732666,28.564434051513672
1778673558.827659,-1.8264459371566772,3.1641087532043457,1.0976506471633911,28.915996551513672
1778673558.8627284,-0.23603291809558868,3.7793173789978027,-4.878207683563232,29.091779708862305
1778673558.897705,-2.1800506114959717,3.7793173789978027,-3.669607639312744,29.970687866210938
1778673558.9331207,-3.294517993927002,3.7793173789978027,-2.6988983154296875,32.69530487060547
1778673558.970021,-4.395328044891357,3.076190710067749,1.2016042470932007,33.574188232421875
1778673559.0031033,-3.5130817890167236,1.5820730924606323,1.8943250179290771,33.574188232421875
1778673559.0383377,-0.8322807550430298,-0.439444363117218,-1.3527144193649292,33.22262191772461
1778673559.0732841,-4.3583760261535645,-1.7577801942825317,2.1900947093963623,33.22262191772461
1778673559.1085835,-2.9002158641815186,-2.021480083465576,3.318783760070801,33.13473129272461
1778673559.143775,-4.465548038482666,-2.1093435287475586,5.279094696044922,30.849597930908203
1778673559.1772664,-5.023674011230469,-2.548825263977051,7.011369705200195,27.949199676513672
1778673559.2121518,-4.879993438720703,-2.8124706745147705,5.6493706703186035,24.873018264770508
1778673559.2472627,-6.37128210067749,-4.130861282348633,5.942866325378418,23.20311737060547
1778673559.282372,-0.04689105600118637,-6.415969371795654,4.915500640869141,22.76366424560547
1778673559.3174438,5.409830093383789,-8.61326789855957,3.468083381652832,22.67577362060547
1778673559.352836,6.084054470062256,-9.75582218170166,3.7718167304992676,22.76366424560547
1778673559.3878632,6.464240074157715,-9.93160343170166,5.010623455047607,22.76366424560547
1778673559.423127,4.610109329223633,-9.843740463256836,1.9544094800949097,21.708972930908203
1778673559.4583843,7.078796863555908,-9.843740463256836,4.10372257232666,20.830066680908203
1778673559.493286,6.813979148864746,-9.843740463256836,4.838161945343018,19.951156616210938
1778673559.5283058,6.383326530456543,-9.843740463256836,1.2183116674423218,19.072246551513672
1778673559.563515,7.064256191253662,-9.843740463256836,1.0795499086380005,19.160139083862305
1778673559.598585,6.964085102081299,-8.349568367004395,-2.149925470352173,19.599592208862305
1778673559.6320364,5.863718032836914,-6.064405918121338,-3.760725498199463,21.269519805908203
1778673559.6671352,5.152074813842773,-2.8124706745147705,-5.0425262451171875,23.730438232421875
1778673559.702255,4.058591365814209,-0.2636626362800598,-4.5970258712768555,26.01559829711914
1778673559.7372773,3.8435113430023193,2.197281837463379,-3.387335777282715,26.982398986816406
1778673559.7724872,4.611518383026123,4.042962551116943,-3.7922956943511963,27.158180236816406
1778673559.8076377,5.171009063720703,5.273434638977051,-0.889693021774292,27.949199676513672
1778673559.8426423,6.484916687011719,5.449216365814209,-2.603886842727661,28.037090301513672
1778673559.877928,6.122533798217773,5.976562023162842,-0.6954373717308044,28.037090301513672
1778673559.9131825,6.73248291015625,6.855470657348633,1.3414267301559448,27.68552589416504
1778673559.9480157,7.45654821395874,8.085943222045898,4.9695916175842285,26.982398986816406
1778673559.983226,6.350958347320557,9.492197036743164,3.727449417114258,23.378873825073242
1778673560.018311,6.685590744018555,10.634805679321289,6.032797813415527,21.357410430908203
1778673560.0536945,4.9068684577941895,11.513714790344238,6.891176223754883,18.281230926513672
1778673560.088888,1.0018575191497803,12.304705619812012,5.880868434906006,14.326140403747559
1778673560.1222212,4.544546604156494,12.919968605041504,5.236555099487305,12.392568588256836
1778673560.1570945,5.943399906158447,13.09575080871582,5.488693714141846,12.216787338256836
1778673560.1922426,6.188478946685791,13.535177230834961,4.992694854736328,11.162096977233887
1778673560.2272656,5.104464530944824,14.67773151397705,5.404571056365967,10.195296287536621
1778673560.2623737,6.616608142852783,15.732421875,5.487148284912109,8.876934051513672
1778673560.297807,4.221009254455566,16.962894439697266,3.6295950412750244,7.6464619636535645
1778673560.3328526,3.9540627002716064,18.10550308227539,5.3575520515441895,7.470679759979248
1778673560.3697147,4.53153657913208,18.28128433227539,5.09725284576416,6.328097820281982
1778673560.4031136,6.103728771209717,18.28128433227539,4.278802871704102,6.152316093444824
1778673560.4381175,2.862697124481201,19.072275161743164,3.600402355194092,5.62497091293335
1778673560.473207,-4.880655765533447,20.03910255432129,4.97905969619751,5.097625732421875
1778673560.5079815,-4.316280364990234,20.39066505432129,5.422826766967773,3.4277267456054688
1778673560.5430806,-3.3113579750061035,20.39066505432129,6.483770847320557,2.4609272480010986
1778673560.5781775,-2.6384894847869873,20.39066505432129,6.62559700012207,-0.5273625254631042
1778673560.6131108,-4.355292320251465,20.39066505432129,6.888002395629883,-1.757834792137146
1778673560.648088,-4.1118268966674805,20.39066505432129,6.720633506774902,-3.867216110229492
1778673560.6831553,-6.210269451141357,20.39066505432129,5.058017253875732,-4.834015846252441
1778673560.7182193,-5.272697448730469,20.39066505432129,4.814968585968018,-4.746124744415283
1778673560.7531776,-3.1212241649627686,18.28128433227539,2.8841748237609863,-4.746124744415283
1778673560.7883885,-4.418449401855469,16.611330032348633,4.093447685241699,-4.658234119415283
1778673560.823281,-6.762250900268555,15.029294967651367,5.698398590087891,-4.658234119415283
1778673560.8585627,-6.563106060028076,13.183613777160645,4.919460773468018,-4.921906471252441
1778673560.893719,-6.4262309074401855,10.898451805114746,4.781288146972656,-5.800815105438232
1778673560.927146,-6.166700839996338,9.58011531829834,3.213409185409546,-6.2402424812316895
1778673560.962226,-3.552112340927124,8.613288879394531,-0.560563862323761,-6.152351379394531
1778673560.9972713,-2.9212498664855957,6.943388938903809,0.21194392442703247,-5.537142753601074
1778673561.03232,2.761378765106201,6.15234375,-2.050926685333252,-3.603543519973755
1778673561.0674791,3.36716628074646,6.15234375,-6.161253929138184,-1.3183804750442505
1778673561.102696,0.2525162398815155,6.15234375,-5.604506492614746,2.2851455211639404
1778673561.1377015,3.1018502712249756,6.240261554718018,-5.445396423339844,4.833953380584717
1778673561.1727674,2.5699350833892822,6.15234375,-1.2205127477645874,6.152316093444824
1778673561.2078762,1.033849835395813,6.15234375,-2.2540295124053955,6.503879547119141
1778673561.2431877,1.639383316040039,6.240261554718018,-0.02251310832798481,6.240207195281982
1778673561.2780976,1.74623441696167,7.734379768371582,0.5540671348571777,5.009735107421875
1778673561.3129368,-2.5606741905212402,8.52542495727539,-2.019747018814087,3.515617609024048
1778673561.348313,-4.224636554718018,8.876988410949707,-0.12885983288288116,3.3398358821868896
1778673561.383062,-1.1065032482147217,8.789070129394531,-0.4460376799106598,3.3398358821868896
1778673561.4182014,-0.5420003533363342,8.789070129394531,-2.2564032077789307,3.3398358821868896
1778673561.4534817,1.2121834754943848,8.789070129394531,-1.2052408456802368,3.603508234024048
1778673561.488606,3.563876152038574,8.789070129394531,0.08925461769104004,3.515617609024048
1778673561.5235276,6.198755741119385,8.789070129394531,1.1245397329330444,3.4277267456054688
1778673561.5585654,4.8592095375061035,8.789070129394531,5.1385087966918945,2.9882724285125732
1778673561.5934942,2.966571807861328,8.789070129394531,5.728649616241455,1.3183457851409912
1778673561.6286128,0.2553904056549072,9.052770614624023,4.825143337249756,-2.3730709552764893
1778673561.663714,-1.4134910106658936,9.140633583068848,1.345869541168213,-4.482452392578125
1778673561.697042,-3.522029399871826,9.140633583068848,-0.09805821627378464,-4.306670665740967
1778673561.7321756,-3.255765199661255,9.140633583068848,2.290200710296631,-4.218779563903809
1778673561.7691853,-3.2222416400909424,9.140633583068848,4.37320613861084,-4.306670665740967
1778673561.8022773,-1.4946821928024292,9.140633583068848,6.516931533813477,-4.482452392578125
1778673561.8376079,-4.153554439544678,9.140633583068848,7.480987071990967,-7.470714092254639
1778673561.8726964,-5.029280662536621,9.140633583068848,7.423447608947754,-10.195331573486328
1778673561.907817,-3.961583137512207,9.052770614624023,7.3743062019348145,-12.304712295532227
1778673561.9431195,-1.9756066799163818,6.679688930511475,6.8452067375183105,-13.623075485229492
1778673561.9783604,-6.131180286407471,5.00978946685791,6.746864318847656,-14.326202392578125
1778673562.013252,-6.4356865882873535,4.4824442863464355,6.812961578369141,-15.908210754394531
1778673562.048172,-6.35120964050293,2.636763572692871,5.653670310974121,-16.523447036743164
1778673562.0837004,-7.441511154174805,0.43946439027786255,1.9119155406951904,-16.699228286743164
1778673562.1187563,-6.962371349334717,-1.7577801942825317,2.7445263862609863,-16.699228286743164
1778673562.152074,-5.2520246505737305,-3.603516101837158,5.909812927246094,-15.820320129394531
1778673562.1871731,-7.011765003204346,-3.5155975818634033,5.050580978393555,-15.732429504394531
1778673562.222019,-7.526874542236328,-4.130861282348633,5.88526725769043,-15.644537925720215
1778673562.2575336,-6.759368419647217,-5.449197292327881,6.036876201629639,-17.578136444091797
1778673562.2924597,-4.941329002380371,-6.5917510986328125,6.8896002769470215,-18.632827758789062
1778673562.3276002,-6.323177337646484,-7.558577537536621,5.164336681365967,-20.830101013183594
1778673562.3627803,-6.873141288757324,-8.085923194885254,-0.14606669545173645,-22.060571670532227
1778673562.398167,-5.834140777587891,-8.876913070678711,2.7945356369018555,-22.14846420288086
1778673562.4329987,-5.7573628425598145,-9.75582218170166,5.401767253875732,-22.060571670532227
1778673562.4681976,-6.033330917358398,-9.843740463256836,1.9197959899902344,-21.972681045532227
1778673562.5032606,-2.578432559967041,-10.283166885375977,0.09225252270698547,-21.445337295532227
1778673562.5383534,-1.5169353485107422,-10.898430824279785,-1.1974455118179321,-19.511735916137695
1778673562.5736654,-5.224266052246094,-10.898430824279785,-3.4237587451934814,-17.050792694091797
1778673562.6070657,-4.331625461578369,-10.898430824279785,-6.622085094451904,-13.974638938903809
1778673562.6419659,-6.128605842590332,-10.898430824279785,-6.936055660247803,-9.843767166137695
1778673562.677515,-4.552980899810791,-11.513639450073242,-7.236143589019775,-6.503914833068848
1778673562.7122295,-1.8711485862731934,-12.568329811096191,-6.681087017059326,-4.04299783706665
1778673562.7472627,-0.45313388109207153,-13.007811546325684,-2.8526182174682617,-2.900416135787964
1778673562.782236,2.119685411453247,-13.007811546325684,1.8920719623565674,-2.6367435455322266
1778673562.8173418,5.790925979614258,-13.007811546325684,1.212477207183838,-2.988306999206543
1778673562.852372,6.326547145843506,-13.007811546325684,-0.018361788243055344,-5.537142753601074
1778673562.8874984,5.498600482940674,-13.007811546325684,0.432292640209198,-7.558604717254639
1778673562.9225502,2.98348331451416,-13.007811546325684,0.4260178208351135,-7.910168170928955
1778673562.957731,3.265547752380371,-12.919893264770508,-0.8090068697929382,-8.173840522766113
1778673562.9928498,0.3556239902973175,-12.568329811096191,-0.6094802021980286,-8.26173210144043
1778673563.0282528,-3.311821222305298,-10.63473129272461,3.5656330585479736,-8.26173210144043
1778673563.0632286,-3.9679126739501953,-9.843740463256836,1.0493252277374268,-9.140640258789062
1778673563.0984547,-6.350710868835449,-9.843740463256836,-0.5793896317481995,-10.019549369812012
1778673563.1334176,-7.084750175476074,-9.843740463256836,0.6341798305511475,-10.019549369812012
1778673563.1703637,-6.336843967437744,-9.843740463256836,0.9550259113311768,-10.107439994812012
1778673563.2035646,-6.4510087966918945,-9.843740463256836,-0.4285571873188019,-10.195331573486328
1778673563.236875,-6.38776969909668,-10.81051254272461,-2.220916748046875,-10.107439994812012
1778673563.2720737,-6.021071910858154,-12.12890338897705,-1.9779506921768188,-9.843767166137695
1778673563.3070848,-7.279842376708984,-13.44723892211914,-2.816833734512329,-7.734386444091797
1778673563.3421974,-6.880894184112549,-15.117192268371582,-5.83551549911499,-6.679696559906006
1778673563.3772862,-6.537228584289551,-17.402299880981445,-2.1143887042999268,-5.185579299926758
1778673563.412391,-6.195242881774902,-19.423818588256836,-3.3638761043548584,-3.5156521797180176
1778673563.4476404,-5.288696765899658,-20.74215316772461,-0.9048882722854614,-2.28518009185791
1778673563.4826365,-7.134619235992432,-22.236328125,-2.337695598602295,-1.757834792137146
1778673563.5178878,-4.413099765777588,-23.115234375,-5.080153465270996,-1.4062713384628296
1778673563.5529585,-4.5424394607543945,-23.730445861816406,-1.4738365411758423,-0.17579905688762665
1778673563.5880673,-6.246788024902344,-23.730445861816406,-2.7219719886779785,-0.08790817856788635
1778673563.623169,-5.672557353973389,-23.730445861816406,-1.3703705072402954,0.08787357062101364
1778673563.6584852,-6.686872482299805,-23.730445861816406,0.9717653393745422,-1.7302845662925392e-05
1778673563.6934586,-6.231205940246582,-25.31247901916504,2.3587753772735596,-0.08790817856788635
1778673563.728666,-5.004841327667236,-27.509750366210938,3.3126327991485596,-1.757834792137146
1778673563.76197,-6.3649821281433105,-29.267541885375977,-0.20107410848140717,-3.603543519973755
1778673563.7970042,-4.677475452423096,-30.32223129272461,4.438042163848877,-4.04299783706665
1778673563.8324018,-3.9280831813812256,-30.32223129272461,4.803181171417236,-4.921906471252441
1778673563.8672366,-2.6557536125183105,-30.32223129272461,3.1798784732818604,-7.910168170928955
1778673563.9024904,-1.2225004434585571,-30.32223129272461,2.2297964096069336,-8.789076805114746
1778673563.9375153,0.42975103855133057,-30.32223129272461,1.9869977235794067,-8.701186180114746
1778673563.9745524,3.3451719284057617,-30.32223129272461,-1.9652979373931885,-8.701186180114746
1778673564.0078053,4.875638484954834,-30.32223129272461,-2.7978672981262207,-8.26173210144043
1778673564.0431533,5.385369777679443,-30.2343692779541,-2.281862497329712,-6.2402424812316895
1778673564.0781937,3.633875846862793,-28.388633728027344,-2.3497395515441895,-4.658234119415283
1778673564.1130815,4.020785331726074,-26.367170333862305,0.3025110960006714,-4.306670665740967
1778673564.1465437,2.4989430904388428,-24.43357276916504,-1.1048583984375,-4.482452392578125
1778673564.1834939,-1.4552384614944458,-22.763671875,-3.0486130714416504,-4.658234119415283
1778673564.2187278,-1.284447193145752,-22.060544967651367,-1.2025164365768433,-3.867216110229492
1778673564.252013,-3.2887845039367676,-21.884763717651367,-2.7591302394866943,-3.2519795894622803
1778673564.287084,0.07793334871530533,-21.972627639770508,-0.45906999707221985,-2.3730709552764893
1778673564.3223846,0.10424061864614487,-21.884763717651367,1.9347783327102661,-2.3730709552764893
1778673564.357316,0.3520418107509613,-21.972627639770508,1.1092599630355835,-2.6367435455322266
1778673564.392358,2.466426372528076,-22.324190139770508,-0.6088736057281494,-3.4277613162994385
1778673564.4277346,1.2755564451217651,-22.324190139770508,0.06598003953695297,-3.691434383392334
1778673564.4626923,0.5910371541976929,-22.236328125,-0.20002372562885284,-3.691434383392334
1778673564.4979212,3.550525188446045,-22.324190139770508,-2.4905872344970703,-3.691434383392334
1778673564.532976,-0.19489121437072754,-22.324190139770508,-2.4052774906158447,-3.5156521797180176
1778673564.5701542,-2.319714307785034,-22.236328125,-2.5872089862823486,-2.109398365020752
1778673564.603477,-2.3002452850341797,-22.236328125,-2.9776153564453125,-1.0547077655792236
1778673564.6383486,0.13853932917118073,-22.412107467651367,-2.3105034828186035,-0.35158079862594604
1778673564.6736574,0.9303092360496521,-22.499971389770508,3.5165882110595703,-0.26368993520736694
1778673564.707054,-2.110088586807251,-22.499971389770508,-0.08774120360612869,-0.43947166204452515
1778673564.741939,-3.920384168624878,-22.499971389770508,-1.4127604961395264,-0.6152534484863281
1778673564.7770944,0.8780132532119751,-22.499971389770508,-2.4488866329193115,-0.5273625254631042
1778673564.8122215,1.7531962394714355,-22.499971389770508,1.2182694673538208,-0.26368993520736694
1778673564.8474793,0.05840103328227997,-22.499971389770508,1.6220570802688599,-0.5273625254631042
1778673564.8826294,-1.1148625612258911,-22.499971389770508,2.611623525619507,-0.6152534484863281
1778673564.9177732,6.559287071228027,-22.499971389770508,4.652519702911377,-3.2519795894622803
1778673564.9526675,7.249101161956787,-22.499971389770508,-0.05452742427587509,-6.152351379394531
1778673564.9881806,5.3584513664245605,-22.499971389770508,5.008380889892578,-7.470714092254639
1778673565.0229604,4.215279579162598,-22.499971389770508,5.997598171234131,-8.876968383789062
1778673565.058171,5.240684986114502,-22.499971389770508,1.923087477684021,-11.689476013183594
1778673565.0933108,4.429455280303955,-22.499971389770508,5.549698352813721,-12.744166374206543
1778673565.128366,5.94743537902832,-21.972627639770508,5.2460551261901855,-13.974638938903809
1778673565.1636145,7.194432258605957,-20.12694549560547,3.5639936923980713,-15.205110549926758
1778673565.1968377,6.9555134773254395,-17.666000366210938,4.207974433898926,-15.46878433227539
1778673565.232093,6.901697158813477,-15.556619644165039,5.959930896759033,-16.611337661743164
1778673565.2672544,6.467087268829346,-13.886720657348633,6.497907638549805,-18.720718383789062
1778673565.3021379,6.924084186553955,-12.392548561096191,6.330039024353027,-21.00588035583496
1778673565.337218,7.4786601066589355,-10.898430824279785,5.627117156982422,-22.851591110229492
1778673565.374173,7.609435558319092,-9.228476524353027,6.527109146118164,-23.554718017578125
1778673565.4078276,6.8810014724731445,-7.734359264373779,3.9698359966278076,-26.01563262939453
1778673565.4425514,7.120022773742676,-6.415969371795654,3.0189170837402344,-26.191415786743164
1778673565.477654,6.360495567321777,-5.449197292327881,3.3666419982910156,-26.191415786743164
1778673565.5127015,7.336116790771484,-4.921852111816406,2.3092403411865234,-26.191415786743164
1778673565.5478249,7.3401336669921875,-3.867161512374878,0.04193732514977455,-26.191415786743164
1778673565.582905,7.5505781173706055,-2.1093435287475586,-2.1714229583740234,-25.751962661743164
1778673565.6174765,7.3539276123046875,-0.439444363117218,-3.9758052825927734,-22.939481735229492
1778673565.6527212,7.102144718170166,1.0547277927398682,-4.475350379943848,-20.214862823486328
1778673565.6860583,7.10414457321167,2.1094183921813965,-4.448483467102051,-18.193374633789062
1778673565.721866,6.801215171813965,3.1641087532043457,-3.218181848526001,-17.402355194091797
1778673565.758456,7.442862510681152,3.955099105834961,-4.977157115936279,-16.962902069091797
1778673565.7937968,6.409506797790527,5.273434638977051,-7.182337760925293,-15.205110549926758
1778673565.8270483,6.714504241943359,6.15234375,-6.972703456878662,-12.304712295532227
1778673565.8621464,5.7016987800598145,6.591825485229492,-5.510159492492676,-10.546895027160645
1778673565.897274,6.374478340148926,6.76760721206665,-4.943598747253418,-10.019549369812012
1778673565.9326043,2.8089065551757812,7.119170665740967,-5.567974090576172,-9.316422462463379
1778673565.9692445,5.137388229370117,7.558598041534424,-5.796448707580566,-8.34962272644043
1778673566.0024896,4.156167984008789,7.822298049926758,-6.3980607986450195,-7.2949323654174805
1778673566.0376384,0.7659345865249634,7.91016149520874,-4.394907474517822,-5.625033378601074
1778673566.0731764,2.520449161529541,7.822298049926758,-1.0381689071655273,-5.185579299926758
1778673566.1081877,1.7685213088989258,7.91016149520874,0.66869056224823,-5.537142753601074
1778673566.143283,2.2753913402557373,7.822298049926758,4.9650959968566895,-7.1191511154174805
1778673566.1781433,4.7038044929504395,7.91016149520874,2.431057929992676,-10.810566902160645
1778673566.213636,1.8231871128082275,7.822298049926758,3.991431713104248,-13.183621406555176
1778673566.2487142,-0.3555775284767151,7.91016149520874,3.847109317779541,-15.380892753601074
1778673566.283714,-0.12595734000205994,7.91016149520874,1.5114984512329102,-16.699228286743164
1778673566.3170934,1.3839308023452759,7.822298049926758,3.341675281524658,-16.787120819091797
1778673566.3520536,-0.6759483814239502,7.91016149520874,4.393494606018066,-17.49024772644043
1778673566.3870652,-2.671603202819824,7.91016149520874,1.623188853263855,-19.335954666137695
1778673566.4226494,-0.42409005761146545,7.91016149520874,2.809574842453003,-19.687519073486328
1778673566.4576454,2.1997931003570557,7.91016149520874,-0.8176763653755188,-19.687519073486328
1778673566.4927557,4.946468353271484,7.822298049926758,-0.01234733872115612,-19.687519073486328
1778673566.5279815,3.9651010036468506,7.91016149520874,-0.4456600546836853,-19.687519073486328
1778673566.562876,-2.973813772201538,7.822298049926758,1.6350139379501343,-18.193374633789062
1778673566.598144,-1.3946095705032349,7.822298049926758,0.2483644336462021,-18.193374633789062
1778673566.63322,0.7646687626838684,7.91016149520874,1.1761912107467651,-18.193374633789062
1778673566.6683133,-3.133338212966919,7.91016149520874,-2.602729320526123,-18.193374633789062
1778673566.7034628,-2.642948627471924,7.91016149520874,-3.0309858322143555,-18.10548210144043
1778673566.738777,-1.7120379209518433,7.822298049926758,-5.093404293060303,-16.611337661743164
1778673566.775667,-0.6587564945220947,7.822298049926758,-5.239958763122559,-13.09572982788086
1778673566.8062677,-1.8389091491699219,7.91016149520874,-4.909637928009033,-11.074240684509277
1778673566.8417916,-1.457247018814087,7.91016149520874,-3.726249933242798,-9.492203712463379
1778673566.8769536,0.2827833890914917,7.558598041534424,-4.325831413269043,-8.26173210144043
1778673566.9122362,-4.133862495422363,7.470734596252441,-0.9125494360923767,-7.734386444091797
1778673566.947598,-1.6283941268920898,7.470734596252441,-1.7053077220916748,-7.3828229904174805
1778673566.9827983,-2.410632848739624,7.119170665740967,-3.840466260910034,-7.3828229904174805
1778673567.0178149,-0.17696860432624817,6.679688930511475,0.2816929221153259,-7.2949323654174805
1778673567.0531228,-2.0319671630859375,6.15234375,1.8400294780731201,-7.3828229904174805
1778673567.088264,-5.372621536254883,6.064479827880859,1.5864747762680054,-8.26173210144043
1778673567.1233675,-2.553630828857422,5.361352920532227,1.3271337747573853,-10.195331573486328
1778673567.1586027,2.0147976875305176,4.218744277954102,2.714141368865967,-10.634785652160645
1778673567.1937084,-3.0426933765411377,3.339890480041504,4.393631935119629,-11.95314884185791
1778673567.2269166,-5.299494743347168,3.2519724369049072,5.306689739227295,-14.853547096252441
1778673567.2619784,-4.747890949249268,2.636763572692871,-1.8064955472946167,-16.523447036743164
1778673567.297286,-5.980082035064697,1.0547277927398682,-0.12382818013429642,-16.787120819091797
1778673567.3322942,-4.3489460945129395,-1.1425713300704956,-1.2425978183746338,-16.787120819091797
1778673567.3674526,-5.3792290687561035,-3.339815855026245,2.464132070541382,-15.293002128601074
1778673567.4025347,-5.747885227203369,-3.6913797855377197,-0.009135449305176735,-14.853547096252441
1778673567.4375517,-5.021173000335693,-4.57028865814209,-0.013542682863771915,-13.798856735229492
1778673567.4729033,-7.075688362121582,-5.449197292327881,-0.2720370888710022,-13.623075485229492
1778673567.5081222,-7.004106044769287,-5.449197292327881,1.987404227256775,-13.271512031555176
1778673567.5432496,-3.8853163719177246,-6.152324199676514,0.007344529032707214,-13.271512031555176
1778673567.578373,-2.134899854660034,-7.734359264373779,0.4007149040699005,-13.09572982788086
1778673567.6133258,-4.179847717285156,-8.525349617004395,-3.267245292663574,-13.00783920288086
1778673567.648442,-1.2845954895019531,-8.61326789855957,-2.517829179763794,-12.128931045532227
1778673567.6836748,4.041598320007324,-8.61326789855957,0.4494585394859314,-9.843767166137695
1778673567.716943,5.853919506072998,-8.61326789855957,-4.295995235443115,-9.316422462463379
1778673567.7519708,4.519215106964111,-8.61326789855957,-4.854369640350342,-7.998059272766113
1778673567.78731,2.7129745483398438,-8.349568367004395,-2.789426565170288,-5.800815105438232
1778673567.8223214,1.526004433631897,-7.9101409912109375,-2.5762171745300293,-4.04299783706665
1778673567.85742,-1.4228395223617554,-6.8554511070251465,2.102473735809326,-3.867216110229492
1778673567.8928025,-1.1823290586471558,-5.712897300720215,-0.8705535531044006,-4.218779563903809
1778673567.9278445,-3.513306140899658,-5.449197292327881,-3.135493278503418,-4.570343017578125
1778673567.9628813,-4.912741661071777,-5.537115573883057,-2.8931033611297607,-4.482452392578125
1778673567.9983437,-3.8787713050842285,-5.449197292327881,-2.6167469024658203,-4.218779563903809
1778673568.0332148,-4.634765148162842,-5.449197292327881,2.244365692138672,-4.13088846206665
1778673568.0683084,-4.6162614822387695,-5.9765424728393555,4.452752590179443,-4.218779563903809
1778673568.103452,1.1218711137771606,-7.99800443649292,4.627394676208496,-4.834015846252441
1778673568.1377828,1.9946351051330566,-10.019521713256836,0.7606393098831177,-8.613295555114746
1778673568.1731937,4.488082408905029,-11.425776481628418,1.2456939220428467,-10.810566902160645
1778673568.2067282,4.93248176574707,-11.601557731628418,1.776792287826538,-10.986349105834961
1778673568.2421553,5.533320903778076,-11.513639450073242,1.2877219915390015,-10.986349105834961
1778673568.2772512,2.39158296585083,-11.513639450073242,-4.709013938903809,-10.986349105834961
1778673568.31253,0.7457355856895447,-11.337858200073242,-2.9245758056640625,-10.019549369812012
1778673568.3476853,-0.02141488343477249,-10.986294746398926,1.58980131149292,-7.558604717254639
1778673568.382782,-1.200101375579834,-10.195303916931152,2.57271409034729,-6.503914833068848
1778673568.4179494,-1.5913290977478027,-9.404258728027344,0.8922300934791565,-6.503914833068848
1778673568.4532137,-0.9866714477539062,-8.876913070678711,2.536947250366211,-6.855478286743164
1778673568.488372,-1.453741431236267,-8.964831352233887,-2.4315707683563232,-8.964859008789062
1778673568.5232697,0.5696820616722107,-8.964831352233887,-0.4915831983089447,-9.140640258789062
1778673568.558323,-0.13865162432193756,-8.964831352233887,-2.3908684253692627,-8.789076805114746
1778673568.5936697,2.717400074005127,-8.964831352233887,-2.4424383640289307,-7.2949323654174805
1778673568.6286638,2.4381461143493652,-8.964831352233887,3.5453219413757324,-5.625033378601074
1778673568.6619315,0.6625686287879944,-8.964831352233887,4.586750507354736,-5.537142753601074
1778673568.6970208,-2.6675236225128174,-8.964831352233887,4.169188499450684,-5.888679027557373
1778673568.732445,-4.112811088562012,-8.964831352233887,4.2666401863098145,-7.822277545928955
1778673568.7673104,-4.251953125,-8.964831352233887,1.2366608381271362,-11.074240684509277
1778673568.8024752,-0.9614461064338684,-8.964831352233887,2.792428970336914,-11.601585388183594
1778673568.8377542,-3.915310859680176,-8.964831352233887,2.986213445663452,-12.392602920532227
1778673568.8727727,-0.9886268377304077,-8.876913070678711,4.46048641204834,-13.359403610229492
1778673568.9078834,-1.1040301322937012,-8.964831352233887,1.7656869888305664,-14.765657424926758
1778673568.9428957,-3.054309129714966,-8.964831352233887,-1.6552904844284058,-15.293002128601074
1778673568.9782963,-5.324090480804443,-8.964831352233887,-4.450647354125977,-15.293002128601074
1778673569.013282,-3.877065896987915,-10.195303916931152,-4.409475803375244,-13.710967063903809
1778673569.048665,-6.444286823272705,-11.689421653747559,-4.944275856018066,-9.931658744812012
1778673569.0835686,-6.5393195152282715,-12.568329811096191,-0.4752480089664459,-6.3281331062316895
1778673569.1168315,-6.600338459014893,-14.062501907348633,0.6681297421455383,-4.570343017578125
1778673569.1520588,-6.401203632354736,-15.732401847839355,6.523462295532227,-4.482452392578125
1778673569.1870496,-5.226325035095215,-17.929645538330078,5.842456340789795,-4.570343017578125
1778673569.2221491,-5.731634616851807,-18.808555603027344,5.738276958465576,-5.976569652557373
1778673569.257374,-5.119688987731934,-19.511682510375977,4.101263046264648,-10.459003448486328
1778673569.2924519,-6.354480743408203,-20.4785099029541,-0.0033588423393666744,-13.271512031555176
1778673569.3277688,-5.889007091522217,-20.566373825073242,-0.44108396768569946,-13.798856735229492
1778673569.3627503,-4.458618640899658,-21.708980560302734,0.11192868649959564,-13.798856735229492
1778673569.3980565,-4.695844650268555,-23.115234375,2.7729196548461914,-12.744166374206543
1778673569.432869,-3.4962081909179688,-23.466798782348633,-2.302520513534546,-12.568385124206543
1778673569.4680517,-2.8633201122283936,-23.378881454467773,-1.6775537729263306,-12.128931045532227
1778673569.5024436,-3.3218791484832764,-23.378881454467773,-1.8042006492614746,-9.755876541137695
1778673569.5357172,-3.081930637359619,-23.378881454467773,-1.236034631729126,-9.052749633789062
1778673569.5730603,-3.171412229537964,-23.378881454467773,-3.775251626968384,-8.613295555114746
1778673569.6065466,-6.2002854347229,-23.378881454467773,-2.3321988582611084,-7.2949323654174805
1778673569.6416378,-7.118329048156738,-23.378881454467773,1.0005128383636475,-7.031260013580322
1778673569.677176,-6.44455623626709,-24.521488189697266,-0.6696823835372925,-7.031260013580322
1778673569.712198,-7.47509765625,-27.158187866210938,-2.856905698776245,-6.855478286743164
1778673569.7476301,-6.432847499847412,-29.53124237060547,-3.54880952835083,-5.0097975730896
1778673569.782404,-7.177035808563232,-31.728485107421875,-4.6901679039001465,-2.8125252723693848
1778673569.8178818,-6.852437973022461,-32.78317642211914,-2.155205726623535,-0.43947166204452515
1778673569.852824,-5.995614528656006,-33.837867736816406,-0.4049640893936157,0.5273279547691345
1778673569.8878837,-6.315585613250732,-34.36521530151367,0.8091661930084229,0.43943706154823303
1778673569.922927,-3.9971089363098145,-34.36521530151367,3.3295137882232666,-1.7302845662925392e-05
1778673569.958097,-5.877270698547363,-34.36521530151367,2.6037561893463135,-3.603543519973755
1778673569.9932284,-3.803844451904297,-34.36521530151367,3.2041587829589844,-5.625033378601074
1778673570.0287118,-3.0103886127471924,-34.36521530151367,0.4281308054924011,-7.207041263580322
1778673570.0636191,-2.958627939224243,-34.36521530151367,-1.5978988409042358,-7.558604717254639
1778673570.0968857,0.09624660015106201,-34.36521530151367,-0.44412505626678467,-7.3828229904174805
1778673570.1318865,1.6607586145401,-34.36521530151367,-3.12209415435791,-6.152351379394531
1778673570.167234,-1.5895813703536987,-34.36521530151367,-3.9586710929870605,-3.3398704528808594
1778673570.2022638,2.4374890327453613,-34.36521530151367,-2.788560390472412,-1.1425986289978027
1778673570.2374535,4.512150764465332,-34.36521530151367,0.13217972218990326,-0.35158079862594604
1778673570.2725115,4.431694507598877,-34.36521530151367,-3.5029404163360596,-0.6152534484863281
1778673570.3076138,4.443361759185791,-34.36521530151367,-2.051689624786377,-0.5273625254631042
1778673570.3426437,6.188362121582031,-34.36521530151367,1.9049116373062134,-0.43947166204452515
1778673570.3800979,7.238691329956055,-32.78317642211914,3.238597869873047,-0.6152534484863281
1778673570.413317,7.328590393066406,-30.498014450073242,0.7353429198265076,-1.5820530652999878
1778673570.4482543,6.164450645446777,-27.158187866210938,0.21519756317138672,-3.9551069736480713
1778673570.4835722,5.987612247467041,-23.730445861816406,0.3398221731185913,-4.394561290740967
1778673570.5186157,6.565240859985352,-20.74215316772461,-1.8871574401855469,-4.921906471252441
1778673570.5520096,5.167163372039795,-19.423818588256836,1.4256445169448853,-5.0097975730896
1778673570.587059,2.275099992752075,-19.248037338256836,-1.8828181028366089,-5.449251651763916
1778673570.6220558,2.1541221141815186,-19.248037338256836,-0.9844709634780884,-5.361361026763916
1778673570.65738,2.3108537197113037,-19.248037338256836,-3.0597872734069824,-5.185579299926758
1778673570.6924603,3.0804808139801025,-19.248037338256836,-0.15048126876354218,-3.691434383392334
1778673570.7277234,5.273767948150635,-19.248037338256836,-2.5052223205566406,-2.8125252723693848
1778673570.7625515,-0.14483493566513062,-19.248037338256836,-0.6861720681190491,-1.845725655555725
1778673570.7978046,0.2312563806772232,-19.248037338256836,-0.6450495719909668,-1.9336165189743042
1778673570.832894,-0.25860294699668884,-19.248037338256836,2.719452381134033,-2.021507501602173
1778673570.8681626,-0.09820597618818283,-19.248037338256836,0.32425642013549805,-2.28518009185791
1778673570.9030888,0.4554992914199829,-19.248037338256836,4.003054618835449,-3.076197862625122
1778673570.938329,3.1031744480133057,-19.511682510375977,4.899197101593018,-3.867216110229492
1778673570.9756136,4.103613376617432,-19.687463760375977,5.0661211013793945,-7.646495819091797
1778673571.0086362,3.7150988578796387,-19.687463760375977,0.7162798047065735,-9.843767166137695
1778673571.041811,3.64054536819458,-19.687463760375977,-3.985018014907837,-10.195331573486328
1778673571.0771296,3.6066243648529053,-19.687463760375977,-5.0426130294799805,-10.107439994812012
1778673571.1122801,3.0403385162353516,-19.687463760375977,-4.926682949066162,-8.085949897766113
1778673571.1472664,5.380278587341309,-19.248037338256836,-5.014623165130615,-4.921906471252441
1778673571.182384,0.7407237887382507,-18.28120994567871,-4.832484245300293,-1.9336165189743042
1778673571.2173364,-2.9116365909576416,-17.490219116210938,-6.662332534790039,-0.43947166204452515
1778673571.252396,1.6438246965408325,-17.402299880981445,-6.743797779083252,1.8456910848617554
1778673571.287629,2.9724717140197754,-17.402299880981445,-6.407445430755615,3.779289960861206
1778673571.3225236,4.135196208953857,-17.402299880981445,-6.585270404815674,5.273407459259033
1778673571.3574142,5.780984878540039,-17.314437866210938,-5.959640979766846,6.328097820281982
1778673571.3926191,1.141020655632019,-16.962873458862305,-4.981122016906738,6.855443477630615
1778673571.4275088,4.430683612823486,-16.435527801513672,-4.716073036193848,7.031225204467773
1778673571.4626691,1.365477204322815,-15.732401847839355,-1.9647529125213623,7.119115829467773
1778673571.4975994,-1.3463666439056396,-14.765628814697266,1.1960088014602661,6.855443477630615
1778673571.53276,1.6293246746063232,-14.50192928314209,3.6706197261810303,6.767552375793457
1778673571.5676339,-1.5622963905334473,-14.50192928314209,-0.8379289507865906,4.921844005584717
1778673571.6024141,0.08505222201347351,-14.50192928314209,0.6433109045028687,3.603508234024048
1778673571.6373718,3.700094223022461,-14.50192928314209,2.080432176589966,2.5488181114196777
1778673571.6726294,1.8570104837417603,-14.50192928314209,2.331770420074463,0.9667823314666748
1778673571.7077303,0.1624910682439804,-14.50192928314209,5.222107410430908,-0.08790817856788635
1778673571.7428222,1.9843121767044067,-14.50192928314209,3.1987104415893555,-2.021507501602173
1778673571.7796342,3.9300732612609863,-14.50192928314209,4.256492614746094,-2.900416135787964
1778673571.8124115,4.322185039520264,-14.41406536102295,5.905834674835205,-4.834015846252441
1778673571.8459485,0.10891463607549667,-13.974583625793457,5.519733428955078,-6.855478286743164
1778673571.8832831,4.087190628051758,-13.359375,5.060781002044678,-7.910168170928955
1778673571.9183605,4.947165489196777,-12.480466842651367,0.6567941904067993,-9.404313087463379
1778673571.9534557,-1.1424733400344849,-10.81051254272461,-1.014547348022461,-9.931658744812012
1778673571.988593,-3.219532012939453,-9.228476524353027,-0.2828672528266907,-9.931658744812012
1778673572.0217955,-5.00290584564209,-8.261704444885254,0.48565638065338135,-8.789076805114746
1778673572.0571046,-5.780567169189453,-7.822222709655762,-2.215641736984253,-8.085949897766113
1778673572.0921874,-4.952098846435547,-7.822222709655762,-4.104876518249512,-7.558604717254639
1778673572.127296,-5.65847110748291,-7.822222709655762,-4.085169315338135,-4.482452392578125
1778673572.1623237,-2.810356378555298,-7.822222709655762,-2.2805817127227783,-1.845725655555725
1778673572.1976364,0.4396585524082184,-7.822222709655762,0.19125957787036896,-1.3183804750442505
1778673572.2327712,0.6618664264678955,-7.822222709655762,0.090944804251194,-1.4062713384628296
1778673572.2678678,-2.1348876953125,-7.9101409912109375,3.4260780811309814,-2.28518009185791
1778673572.303158,-1.8572685718536377,-7.9101409912109375,2.188056468963623,-5.361361026763916
1778673572.3382096,-0.5226069688796997,-7.99800443649292,1.1485180854797363,-6.503914833068848
1778673572.3752189,2.6440420150756836,-8.173786163330078,1.900967001914978,-6.416024208068848
1778673572.40827,1.2620718479156494,-8.173786163330078,-0.12762437760829926,-6.679696559906006
1778673572.4434822,1.408896803855896,-8.173786163330078,-0.26020875573158264,-6.591805934906006
1778673572.4787934,-1.3417227268218994,-8.173786163330078,-4.380253314971924,-6.3281331062316895
1778673572.5118995,-2.323237419128418,-8.173786163330078,-3.7539477348327637,-3.779325246810913
1778673572.5473275,1.0821216106414795,-8.173786163330078,-0.8865237236022949,-1.4941622018814087
1778673572.5822282,4.6818928718566895,-8.085923194885254,-2.63108491897583,-1.1425986289978027
1778673572.617236,3.6459920406341553,-8.173786163330078,-1.1569560766220093,-0.7031443119049072
1778673572.652349,2.7562096118927,-8.173786163330078,1.404036521911621,-0.8789260387420654
1778673572.6875181,0.5770109295845032,-8.173786163330078,0.861484944820404,-1.1425986289978027
1778673572.7225907,-3.3412327766418457,-8.085923194885254,1.996988296508789,-2.5488526821136475
1778673572.7577996,-2.066030979156494,-8.173786163330078,-1.7476381063461304,-3.9551069736480713
1778673572.793145,-0.5476837158203125,-8.173786163330078,-2.764373779296875,-3.867216110229492
1778673572.8280137,1.2008817195892334,-8.085923194885254,1.8255919218063354,-3.3398704528808594
1778673572.8629508,1.2099964618682861,-8.085923194885254,-0.5542406439781189,-3.2519795894622803
1778673572.8984675,2.501687526702881,-8.173786163330078,-0.5589206218719482,-3.2519795894622803
1778673572.9335072,2.7163028717041016,-8.085923194885254,-3.891463279724121,-3.2519795894622803
1778673572.9684577,5.058518409729004,-8.085923194885254,-1.72182035446167,-1.5820530652999878
1778673573.001961,5.318661212921143,-6.5917510986328125,-1.747589349746704,-0.9668169021606445
1778673573.03688,6.706615924835205,-4.57028865814209,-1.0295345783233643,-1.1425986289978027
1778673573.0720243,7.177400588989258,-2.1093435287475586,1.2281852960586548,-1.2304894924163818
1778673573.1073415,7.137054443359375,0.5273826122283936,3.433384418487549,-2.197289228439331
1778673573.1423364,5.600000381469727,3.076190710067749,2.452665090560913,-5.0976881980896
1778673573.1793897,5.940212726593018,4.306662559509277,1.3368760347366333,-6.855478286743164
1778673573.2126324,5.9848856925964355,4.4824442863464355,2.5835506916046143,-6.855478286743164
1778673573.247944,7.269404411315918,4.4824442863464355,0.762800931930542,-7.822277545928955
1778673573.2832768,7.391012668609619,5.449216365814209,1.8243151903152466,-7.822277545928955
1778673573.3181505,6.301794528961182,6.76760721206665,6.515917778015137,-8.43751335144043
1778673573.3532505,4.769909858703613,7.6465163230896,6.5773396492004395,-10.371113777160645
1778673573.388391,5.891175270080566,7.998079776763916,6.462198734283447,-13.886748313903809
1778673573.4238937,5.218562126159668,7.998079776763916,5.7798967361450195,-15.908210754394531
1778673573.4568331,2.266026020050049,8.085943222045898,4.231943130493164,-17.138683319091797
1778673573.492095,3.221306800842285,8.085943222045898,5.359248161315918,-17.49024772644043
1778673573.5270233,3.9983067512512207,8.085943222045898,4.079080104827881,-18.544937133789062
1778673573.5623016,3.3825113773345947,8.085943222045898,3.974382162094116,-18.544937133789062
1778673573.5973845,4.8080925941467285,8.085943222045898,5.9527130126953125,-18.720718383789062
1778673573.6324987,4.215287685394287,8.085943222045898,4.840656280517578,-21.357444763183594
1778673573.667654,6.552811145782471,8.261725425720215,4.4086503982543945,-22.67580795288086
1778673573.703117,4.62890100479126,8.876988410949707,0.9387891888618469,-22.67580795288086
1778673573.738023,5.715713024139404,9.58011531829834,2.8142240047454834,-22.67580795288086
1778673573.7731228,6.502094268798828,10.898451805114746,4.369190216064453,-22.76369857788086
1778673573.808477,7.1524200439453125,12.656269073486328,3.646507978439331,-23.730499267578125
1778673573.8433268,6.774514198303223,15.380858421325684,2.619142770767212,-24.785188674926758
1778673573.8784583,5.991176128387451,17.4902400970459,1.7870509624481201,-25.13675308227539
1778673573.9137373,7.1698527336120605,19.248056411743164,4.71355676651001,-25.224641799926758
1778673573.9468534,7.211752414703369,19.86332130432129,5.756556987762451,-26.191415786743164
1778673573.9819071,6.463066101074219,21.269573211669922,5.476579666137695,-27.861343383789062
1778673574.0169156,6.848072528839111,21.796918869018555,6.026912212371826,-31.464868545532227
1778673574.052285,7.4563446044921875,23.115253448486328,2.631019353866577,-32.95901107788086
1778673574.0870557,7.49870491027832,24.433591842651367,6.411332607269287,-33.04690170288086
1778673574.1221967,6.854855537414551,25.927762985229492,7.153245449066162,-33.398468017578125
1778673574.1572855,7.194648742675781,27.158235549926758,7.737050533294678,-36.2109489440918
1778673574.192052,5.241717338562012,28.212926864624023,7.783670425415039,-39.902366638183594
1778673574.2272465,5.932624816894531,29.531261444091797,7.832544326782227,-42.890655517578125
1778673574.2625804,6.603203296661377,30.05860710144043,7.6922407150268555,-45.08789825439453
1778673574.2976382,5.966907978057861,30.05860710144043,6.847801685333252,-45.96680450439453
1778673574.3327444,5.895983695983887,30.23438835144043,6.247076511383057,-47.46095275878906
1778673574.367828,5.662820339202881,31.289077758789062,3.562349796295166,-48.42775344848633
1778673574.403051,4.272058963775635,32.69533157348633,2.103508234024048,-48.42775344848633
1778673574.4384096,1.8041512966156006,33.222679138183594,2.815321445465088,-48.33985900878906
1778673574.4733312,0.7748826146125793,33.222679138183594,3.1015448570251465,-48.33985900878906
1778673574.5082839,-1.0929961204528809,33.222679138183594,-0.9640123248100281,-48.33985900878906
1778673574.5416746,2.8660428524017334,33.222679138183594,-3.882368326187134,-48.25197219848633
1778673574.5804133,-1.0885876417160034,33.222679138183594,-5.252686500549316,-46.14259338378906
1778673574.6120043,3.5171566009521484,33.222679138183594,-4.908407211303711,-42.36330795288086
1778673574.6471422,2.537160634994507,33.222679138183594,-4.315341949462891,-38.67189407348633
1778673574.6820955,0.1503213793039322,33.222679138183594,-5.826979160308838,-36.9140739440918
1778673574.7171364,-1.438765048980713,33.222679138183594,-5.84995698928833,-34.80472183227539
1778673574.7522464,-3.8793299198150635,33.222679138183594,-3.906294822692871,-32.51955795288086
1778673574.7875683,-6.608570575714111,33.222679138183594,-4.854485034942627,-31.201194763183594
1778673574.8226893,-5.2691264152526855,33.222679138183594,-3.5321826934814453,-31.025415420532227
1778673574.8578014,-5.189406871795654,33.04689407348633,-4.954281330108643,-31.025415420532227
1778673574.8929083,-6.054348468780518,31.904342651367188,-2.621168375015259,-30.14650535583496
1778673574.927598,-6.972189426422119,28.740270614624023,-4.323605537414551,-29.707050323486328
1778673574.9615028,-7.0853424072265625,24.960935592651367,-3.5848467350006104,-28.212907791137695
1778673574.9981937,-7.472456932067871,21.00587272644043,-4.131811618804932,-27.15821647644043
1778673575.0333328,-6.356443881988525,19.423839569091797,-3.4003190994262695,-25.48828887939453
1778673575.0684152,-7.398626804351807,18.632848739624023,-3.991954803466797,-24.697298049926758
1778673575.1034627,-7.561720371246338,18.54492950439453,-0.6360725164413452,-24.169952392578125
1778673575.136804,-7.653238296508789,17.92972183227539,-2.595423698425293,-24.169952392578125
1778673575.172075,-7.312981605529785,16.083986282348633,1.168595552444458,-23.818387985229492
1778673575.2071464,-6.9145708084106445,14.150386810302734,-3.9791975021362305,-23.818387985229492
1778673575.2420962,-6.735394477844238,13.359395980834961,-4.691356658935547,-23.291044235229492
1778673575.277228,-6.575056552886963,12.744187355041504,-5.555540561676025,-21.709007263183594
1778673575.3125055,-5.771993160247803,12.304705619812012,-5.903191089630127,-18.632827758789062
1778673575.3475327,-6.370614051818848,12.216841697692871,-5.454563140869141,-16.875009536743164
1778673575.3827052,-5.376342296600342,11.513714790344238,-5.275548458099365,-15.029329299926758
1778673575.4178047,-6.618751525878906,10.72266960144043,-2.5363824367523193,-14.326202392578125
1778673575.4529061,-5.635054588317871,9.84376049041748,-3.125654697418213,-14.326202392578125
1778673575.4879026,-5.946552753448486,8.964852333068848,-3.513033866882324,-14.326202392578125
1778673575.5232434,-3.5538806915283203,7.558598041534424,-3.241448402404785,-13.535184860229492
1778673575.5584986,-5.497203350067139,6.416043758392334,-4.915796279907227,-13.00783920288086
1778673575.593418,-5.763750076293945,5.800780296325684,-4.372752666473389,-10.898458480834961
1778673575.6268663,-6.3797221183776855,4.921871185302734,-1.6298894882202148,-10.371113777160645
1778673575.6619403,-4.622937202453613,3.4277541637420654,-1.357399582862854,-10.459003448486328
1778673575.6970706,-6.306993007659912,2.0215001106262207,-4.0958404541015625,-10.459003448486328
1778673575.73214,-4.6024932861328125,1.3183730840682983,-2.502078056335449,-10.371113777160645
1778673575.7676196,-3.2345492839813232,0.3516008257865906,-2.4008381366729736,-9.843767166137695
1778673575.8026905,-1.508816123008728,0.17581908404827118,0.2779539227485657,-9.755876541137695
1778673575.8375914,-3.052830934524536,0.17581908404827118,-4.060540676116943,-9.755876541137695
1778673575.872741,-1.5573738813400269,0.17581908404827118,-3.0466527938842773,-9.580095291137695
1778673575.9079764,3.1595492362976074,0.17581908404827118,-6.676702976226807,-7.910168170928955
1778673575.9431021,1.128657579421997,0.17581908404827118,-6.467783451080322,-4.394561290740967
1778673575.9801905,1.6910077333450317,0.17581908404827118,-5.306275367736816,-1.1425986289978027
1778673576.0133338,0.8359638452529907,1.1425913572311401,-6.044502258300781,-0.26368993520736694
1778673576.0482566,-2.158301830291748,2.636763572692871,-4.033341884613037,0.35154619812965393
1778673576.083347,-3.852095365524292,3.4277541637420654,-1.6299878358840942,0.5273279547691345
1778673576.1184452,-2.26107120513916,3.515672206878662,0.3396676182746887,0.35154619812965393
1778673576.1535883,-2.133981227874756,3.515672206878662,-2.068565845489502,-0.5273625254631042
1778673576.186875,-6.3221755027771,3.515672206878662,-1.399519920349121,-1.1425986289978027
1778673576.222,-5.208914756774902,3.2519724369049072,-0.7399634718894958,-1.2304894924163818
1778673576.2571025,-5.313179016113281,1.8457183837890625,0.7577108144760132,-1.3183804750442505
1778673576.2924695,-3.0568723678588867,-0.7910078763961792,2.0905134677886963,-2.4609618186950684
1778673576.3273363,-4.148257255554199,-3.339815855026245,-0.24280330538749695,-4.04299783706665
1778673576.3624852,2.1097412109375,-3.5155975818634033,1.5996211767196655,-4.13088846206665
1778673576.3976898,-0.599213719367981,-3.603516101837158,-0.5934606790542603,-4.218779563903809
1778673576.432861,1.5481528043746948,-3.603516101837158,4.614409446716309,-4.218779563903809
1778673576.4681158,-1.4581298828125,-3.603516101837158,4.981842994689941,-4.570343017578125
1778673576.5032294,-0.7585471272468567,-3.603516101837158,5.57937479019165,-7.822277545928955
1778673576.5382087,-3.5006256103515625,-3.603516101837158,4.479182243347168,-9.931658744812012
1778673576.5735197,0.06832817941904068,-3.603516101837158,-1.0325133800506592,-10.459003448486328
1778673576.6084583,0.038453299552202225,-3.603516101837158,1.3220070600509644,-10.546895027160645
1778673576.6418207,3.785602569580078,-3.603516101837158,-2.087315797805786,-10.546895027160645
1778673576.6769402,3.253156900405884,-3.603516101837158,-1.2659215927124023,-8.876968383789062
1778673576.7120655,-1.262287974357605,-2.021480083465576,-1.8689460754394531,-7.646495819091797
1778673576.7471166,-3.200758457183838,-0.6152260899543762,-1.0516666173934937,-6.855478286743164
1778673576.784153,-3.747163772583008,0.87894606590271,1.4360952377319336,-6.943369388580322
1778673576.8174782,0.1337195634841919,1.3183730840682983,0.9487000107765198,-7.1191511154174805
1778673576.8525927,5.891080856323242,1.3183730840682983,4.986433029174805,-7.470714092254639
1778673576.8878922,5.353697776794434,1.3183730840682983,6.467081546783447,-9.492203712463379
1778673576.9230516,5.468577861785889,1.3183730840682983,5.708140850067139,-13.447293281555176
1778673576.957948,6.605290412902832,1.3183730840682983,5.414759159088135,-15.644537925720215
1778673576.9930825,4.669683456420898,2.5488452911376953,6.4242753982543945,-17.314464569091797
1778673577.0284903,3.6568856239318848,3.955099105834961,5.573526859283447,-19.775409698486328
1778673577.0636392,4.682174205780029,4.834007740020752,5.774533748626709,-20.742210388183594
1778673577.0985184,4.942138671875,5.361352920532227,5.832724571228027,-22.23635482788086
1778673577.1319406,4.401669979095459,6.064479827880859,6.714658737182617,-23.554718017578125
1778673577.1669436,1.7650926113128662,7.031252384185791,5.988314628601074,-25.57617950439453
1778673577.2019851,1.8605461120605469,7.207034587860107,5.084144592285156,-26.103525161743164
1778673577.2372267,3.4009861946105957,7.207034587860107,4.007590293884277,-26.191415786743164
1778673577.2723372,1.2998123168945312,7.207034587860107,2.4763312339782715,-26.191415786743164
1778673577.3074546,1.3652381896972656,7.207034587860107,0.6529027223587036,-26.103525161743164
1778673577.342693,5.575935363769531,7.207034587860107,-0.75869220495224,-25.839853286743164
1778673577.3797116,5.8547844886779785,7.207034587860107,-1.2192459106445312,-23.203153610229492
1778673577.4128308,6.207927227020264,7.207034587860107,-4.358054161071777,-22.23635482788086
1778673577.4479692,4.15454626083374,7.294952869415283,-5.2201080322265625,-19.687519073486328
1778673577.4835393,2.530263900756836,8.261725425720215,-5.436759948730469,-15.908210754394531
1778673577.5182488,1.4579797983169556,8.613288879394531,-6.075516223907471,-13.886748313903809
1778673577.5535223,-0.9579373002052307,8.613288879394531,-1.7003567218780518,-11.513693809509277
1778673577.5867589,-3.8113603591918945,8.613288879394531,-1.5489188432693481,-10.371113777160645
1778673577.6219397,-6.076413631439209,8.613288879394531,-1.6796092987060547,-10.371113777160645
1778673577.6573539,-5.962586402893066,8.613288879394531,-5.209865093231201,-10.459003448486328
1778673577.692244,-4.184163570404053,8.613288879394531,-4.131791591644287,-10.459003448486328
1778673577.7273402,-2.413053512573242,8.613288879394531,-3.395019054412842,-10.107439994812012
1778673577.7624013,-0.39955833554267883,8.613288879394531,-3.5973010063171387,-9.316422462463379
1778673577.7975054,2.0628867149353027,8.34964370727539,-4.8244428634643555,-8.613295555114746
1778673577.8326545,-0.4339416027069092,7.734379768371582,-3.65417742729187,-7.1191511154174805
1778673577.867783,-2.18145751953125,7.734379768371582,-2.133206605911255,-6.3281331062316895
1778673577.9028738,-2.5488667488098145,7.558598041534424,-4.451983451843262,-6.3281331062316895
1778673577.9381042,-4.278055191040039,7.119170665740967,-5.130955696105957,-5.888679027557373
1778673577.9732227,-3.3712263107299805,6.15234375,-4.654422760009766,-4.04299783706665
1778673578.0083623,-4.442005157470703,5.00978946685791,-3.4884426593780518,-2.900416135787964
1778673578.0434005,-1.4450603723526,3.6035356521606445,-4.255947589874268,-2.3730709552764893
1778673578.07687,-3.435915470123291,2.2852001190185547,-6.195919990539551,-1.2304894924163818
1778673578.1119351,-1.7288702726364136,1.4062913656234741,-5.2160868644714355,0.6152188181877136
1778673578.1470964,2.85107421875,1.3183730840682983,-5.4112162590026855,1.4941275119781494
1778673578.183776,-0.6059749722480774,1.3183730840682983,-3.817925453186035,2.3730363845825195
1778673578.2171664,-1.9822356700897217,1.3183730840682983,-3.7775259017944336,2.3730363845825195
1778673578.2520833,-3.6012864112854004,1.3183730840682983,-5.467594146728516,2.5488181114196777
1778673578.2872412,-5.272214889526367,1.3183730840682983,-4.586099147796631,4.218717098236084
1778673578.3223276,-4.398366928100586,1.2305095195770264,-0.34173333644866943,4.482389450073242
1778673578.3573875,-2.914180278778076,0.7031643390655518,-3.326401948928833,4.482389450073242
1778673578.3925624,-4.222507953643799,0.17581908404827118,-3.009291887283325,4.6581711769104
1778673578.427755,-4.8153228759765625,-1.0546531677246094,-1.7092475891113281,4.921844005584717
1778673578.462419,-3.93241810798645,-2.9882524013519287,-0.9316944479942322,4.833953380584717
1778673578.4978762,-2.8466858863830566,-4.042943000793457,0.23272699117660522,4.746062278747559
1778673578.5325804,-4.862159729003906,-4.218724727630615,0.8056537508964539,4.306607723236084
1778673578.5676517,1.1984578371047974,-4.658206462860107,-2.1515817642211914,3.515617609024048
1778673578.602805,0.4813680648803711,-4.746070384979248,-0.1019090861082077,3.603508234024048
1778673578.6379104,0.7002545595169067,-4.746070384979248,0.05231224372982979,3.515617609024048
1778673578.672863,-1.0333329439163208,-4.746070384979248,1.0349253416061401,3.515617609024048
1778673578.7081923,-1.5774296522140503,-4.746070384979248,4.888712406158447,2.636708974838257
1778673578.7430632,-3.5741636753082275,-4.746070384979248,2.339754581451416,-1.7302845662925392e-05
1778673578.7802694,0.9922013282775879,-4.746070384979248,-1.4858372211456299,-1.4062713384628296
1778673578.8134189,-3.7523787021636963,-4.746070384979248,-1.211790680885315,-1.3183804750442505
1778673578.848364,-3.782425880432129,-4.746070384979248,-1.7142424583435059,-0.6152534484863281
1778673578.8834412,-1.8201297521591187,-4.746070384979248,-3.077488660812378,1.142564058303833
1778673578.9186103,-5.046091556549072,-4.746070384979248,-6.311309337615967,3.779289960861206
1778673578.9518259,-3.721031904220581,-4.921852111816406,-6.221806049346924,6.415988922119141
1778673578.986891,-0.0027282047085464,-5.449197292327881,-4.628532886505127,8.876934051513672
1778673579.0220697,0.840805172920227,-6.240187644958496,-4.690738677978516,9.843733787536621
1778673579.0571427,0.7970934510231018,-6.8554511070251465,-5.294962406158447,10.81053352355957
1778673579.0922647,0.6656545400619507,-6.943314552307129,-3.709653854370117,12.04100513458252
1778673579.1274064,-0.12096481770277023,-6.943314552307129,-2.381727933883667,12.919914245605469
1778673579.162344,1.4873919486999512,-6.943314552307129,2.083591938018799,12.656241416931152
1778673579.1975393,-0.9420273900032043,-6.943314552307129,0.9971357583999634,12.216787338256836
1778673579.2329338,0.07984761893749237,-6.943314552307129,-0.4545149505138397,9.755843162536621
1778673579.268018,-0.7988387942314148,-6.943314552307129,-1.6839861869812012,9.316388130187988
1778673579.3031137,-2.1907951831817627,-6.943314552307129,-4.468776702880859,9.492170333862305
1778673579.3381753,-4.5040202140808105,-6.943314552307129,-5.870501518249512,11.24998664855957
1778673579.3733058,-2.595461130142212,-6.943314552307129,-4.622513771057129,14.238249778747559
1778673579.4085329,-3.6663246154785156,-7.031232833862305,-6.518638610839844,15.82028579711914
1778673579.441868,-0.5801305770874023,-7.382795810699463,-6.899346828460693,18.01755714416504
1778673579.4770374,-0.5447704195976257,-7.822222709655762,-5.7880401611328125,20.214828491210938
1778673579.5119438,-0.4455372393131256,-7.822222709655762,-5.9600629806518555,20.74217414855957
1778673579.5470974,-3.1407833099365234,-7.822222709655762,-6.403513431549072,22.76366424560547
1778673579.5843408,-4.8510847091674805,-7.822222709655762,-5.985001087188721,23.730438232421875
1778673579.6172893,-3.294080972671509,-7.822222709655762,-5.841118335723877,24.697235107421875
1778673579.6526384,-3.1575238704681396,-7.9101409912109375,-2.7126777172088623,25.312471389770508
1778673579.6858938,-2.6659820079803467,-8.261704444885254,-4.186054706573486,25.400362014770508
1778673579.7209496,-0.6586180329322815,-9.052695274353027,-5.703518867492676,25.57614517211914
1778673579.7581835,0.8781771063804626,-9.316394805908203,-6.272254467010498,26.367162704467773
1778673579.792991,-0.1128941997885704,-9.316394805908203,-7.32025671005249,28.828107833862305
1778673579.8286083,6.003324031829834,-9.316394805908203,-5.984217166900635,31.376941680908203
1778673579.8633947,7.676011562347412,-9.316394805908203,-5.994441986083984,32.60741424560547
1778673579.8985999,7.644328594207764,-9.316394805908203,-4.392797946929932,33.486297607421875
1778673579.9318755,6.699614524841309,-9.316394805908203,-5.986727714538574,33.486297607421875
1778673579.96697,5.258902072906494,-9.316394805908203,-5.513129234313965,33.925750732421875
1778673580.0020165,5.756388187408447,-8.789050102233887,-5.105327129364014,34.98044204711914
1778673580.0371401,4.412487506866455,-7.031232833862305,-5.806957244873047,35.59567642211914
1778673580.0723014,3.892319440841675,-5.009769916534424,-7.030596733093262,36.738258361816406
1778673580.10738,-1.550401210784912,-3.5155975818634033,-6.630660057067871,38.32029342651367
1778673580.1422727,-0.2001224309206009,-2.3730435371398926,-5.002931594848633,39.6386604309082
1778673580.1773665,2.967883348464966,-2.1972618103027344,-5.152314186096191,39.72654724121094
1778673580.2125354,-0.47030922770500183,-2.1972618103027344,-5.5272440910339355,40.4296760559082
1778673580.2474117,-1.3145828247070312,-2.1972618103027344,-4.791199207305908,41.57225799560547
1778673580.2825449,-2.0850419998168945,-2.1972618103027344,-6.589268207550049,42.18749237060547
1778673580.3178837,-6.334019660949707,-2.285125494003296,-5.9501824378967285,42.714839935302734
1778673580.3530817,-6.462557792663574,-2.6366889476776123,-4.570390701293945,45.175758361816406
1778673580.3881536,-6.648941993713379,-2.9882524013519287,-5.444579124450684,45.52731704711914
1778673580.4234202,-7.288284778594971,-4.746070384979248,-5.444985389709473,47.109352111816406
1778673580.4585264,-7.445372104644775,-7.294877529144287,-6.376102924346924,48.60348129272461
1778673580.4936635,-7.081933498382568,-10.722648620605469,-4.617785930633545,50.88863754272461
1778673580.5283985,-6.489523887634277,-13.710938453674316,-2.710038185119629,52.38277816772461
1778673580.5634055,-5.70943021774292,-14.150365829467773,-4.251898288726807,52.38277816772461
1778673580.5967264,-6.050952434539795,-14.150365829467773,-3.03665828704834,52.470672607421875
1778673580.6318138,-6.554433345794678,-14.41406536102295,-4.13974142074585,52.470672607421875
1778673580.6671672,-6.008884906768799,-15.556619644165039,-3.5571985244750977,53.34957504272461
1778673580.7020767,-6.081603050231934,-17.138654708862305,-0.236612468957901,53.61324691772461
1778673580.7370288,-3.893049478530884,-18.01756477355957,1.1081011295318604,53.61324691772461
1778673580.7722251,-0.5722857117652893,-18.45699119567871,1.3147708177566528,53.34957504272461
1778673580.807278,-1.6816015243530273,-19.248037338256836,4.564327239990234,51.679656982421875
1778673580.8423657,-4.9983906745910645,-19.599599838256836,0.8607831001281738,48.42770004272461
1778673580.8774898,-4.199433326721191,-19.599599838256836,2.740023136138916,46.669898986816406
1778673580.912613,-5.018731117248535,-19.599599838256836,2.957324266433716,46.494117736816406
1778673580.9472244,-2.8325726985931396,-19.95116424560547,4.045947074890137,45.70309829711914
1778673580.9841487,-0.6597254872322083,-20.566373825073242,2.541761636734009,43.505828857421875
1778673581.0179567,-3.1576852798461914,-20.74215316772461,2.1378042697906494,43.417938232421875
1778673581.0528784,-0.05590573325753212,-20.74215316772461,1.7403053045272827,43.505828857421875
1778673581.0882003,3.5499298572540283,-20.74215316772461,-0.6274093389511108,43.505828857421875
1778673581.1230652,4.12087345123291,-20.74215316772461,-1.9710863828659058,43.593719482421875
1778673581.1579309,4.975693702697754,-20.74215316772461,-3.081294059753418,45.52731704711914
1778673581.193133,3.6161391735076904,-20.74215316772461,-1.4755736589431763,48.339813232421875
1778673581.228208,1.2442338466644287,-20.74215316772461,-2.0400924682617188,49.30660629272461
1778673581.2633026,4.157279014587402,-20.74215316772461,3.918194055557251,49.65816879272461
1778673581.2984185,4.341552257537842,-20.4785099029541,-0.7058370113372803,49.74605941772461
1778673581.331889,3.845273494720459,-19.335899353027344,-2.469099998474121,49.570281982421875
1778673581.3669455,3.4141554832458496,-17.753864288330078,-1.5492953062057495,49.74605941772461
1778673581.4021723,4.694718837738037,-17.050737380981445,-2.83705472946167,49.74605941772461
1778673581.4369416,3.9388678073883057,-16.699172973632812,-3.2521464824676514,50.97652816772461
1778673581.4720538,2.5017619132995605,-15.908183097839355,-3.5068092346191406,51.679656982421875
1778673581.5070152,1.546897292137146,-15.205056190490723,-3.7132568359375,52.910125732421875
1778673581.542087,1.029936671257019,-15.117192268371582,-5.162161827087402,53.876922607421875
1778673581.5772133,-0.31676480174064636,-15.117192268371582,-5.2221174240112305,55.986297607421875
1778673581.61235,0.027190104126930237,-15.117192268371582,-0.03587131202220917,57.480438232421875
1778673581.6472182,-1.224076747894287,-15.117192268371582,-3.417724609375,57.39255142211914
1778673581.6823535,-2.2046103477478027,-15.117192268371582,-2.106572389602661,57.480438232421875
1778673581.7174203,3.2280378341674805,-15.117192268371582,1.2913053035736084,57.304656982421875
1778673581.7524164,3.0025088787078857,-15.117192268371582,1.2604494094848633,57.12887191772461
1778673581.7875535,5.881355285644531,-15.117192268371582,3.1823782920837402,55.28316879272461
1778673581.8226595,3.7606074810028076,-15.117192268371582,0.6588685512542725,52.38277816772461
1778673581.8577576,4.936554431915283,-15.117192268371582,5.079164505004883,51.767547607421875
1778673581.8927162,4.6085286140441895,-15.117192268371582,5.1111369132995605,50.09762191772461
1778673581.9278157,6.587278366088867,-15.117192268371582,5.476709365844727,47.28513717651367
1778673581.962919,5.710093975067139,-14.853492736816406,6.4043731689453125,45.08786392211914
1778673581.9980152,7.106574058532715,-14.062501907348633,6.354243755340576,42.275386810302734
1778673582.0330029,6.323881149291992,-12.216766357421875,6.141747951507568,40.3417854309082
1778673582.0681267,5.983778953552246,-9.228476524353027,6.5997395515441895,38.32029342651367
1778673582.1029286,3.5748255252838135,-7.470659255981445,5.4986467361450195,36.298805236816406
1778673582.1381695,3.1972742080688477,-5.88862419128418,3.1063179969787598,35.859352111816406
1778673582.1730418,2.427165985107422,-5.361333847045898,2.8511252403259277,35.859352111816406
1778673582.2081144,-0.7234309911727905,-5.361333847045898,4.344409942626953,35.859352111816406
1778673582.2433069,-4.842563152313232,-5.361333847045898,3.945631265640259,35.859352111816406
1778673582.2785535,-2.4801077842712402,-5.361333847045898,5.623446941375732,35.59567642211914
1778673582.3135786,-0.9158962965011597,-5.361333847045898,5.367800712585449,34.013641357421875
1778673582.346921,-2.5758016109466553,-5.361333847045898,3.987610101699829,33.22262191772461
1778673582.3840132,-2.5500571727752686,-5.88862419128418,5.943140506744385,32.871089935302734
1778673582.4170206,-3.9199764728546143,-7.119096279144287,6.797292232513428,30.937488555908203
1778673582.4521503,-3.8307745456695557,-9.316394805908203,6.111623764038086,29.355453491210938
1778673582.4872992,-2.880119800567627,-11.777339935302734,4.799040794372559,28.915996551513672
1778673582.5223494,-1.673921823501587,-12.480466842651367,5.206425189971924,28.740217208862305
1778673582.5576532,-2.718097448348999,-12.392548561096191,4.583683967590332,27.59763526916504
1778673582.5928102,-2.9143435955047607,-12.392548561096191,2.498812675476074,27.24607276916504
1778673582.6280408,-1.2783781290054321,-12.392548561096191,2.6575822830200195,27.24607276916504
1778673582.6631176,-2.7693710327148438,-12.392548561096191,1.7159165143966675,27.24607276916504
1778673582.6982698,-3.727233648300171,-12.568329811096191,4.431209564208984,27.77341651916504
1778673582.7333953,-3.159904718399048,-13.18359375,1.7026175260543823,27.86130714416504
1778673582.7685218,-1.5774682760238647,-13.535157203674316,3.091419219970703,27.86130714416504
1778673582.8034594,-2.442138671875,-13.535157203674316,3.7508859634399414,27.86130714416504
1778673582.8383713,-0.04634621739387512,-13.535157203674316,3.454402208328247,27.509742736816406
1778673582.873407,-0.17378470301628113,-13.535157203674316,2.060314655303955,26.191381454467773
1778673582.906717,-1.8827009201049805,-13.535157203674316,3.179093599319458,26.191381454467773
1778673582.941994,-1.3901071548461914,-13.535157203674316,6.26418924331665,25.48825454711914
1778673582.9771247,-4.532958030700684,-13.535157203674316,3.3613572120666504,22.412099838256836
1778673583.0122404,-6.641294956207275,-13.535157203674316,4.4705681800842285,20.214828491210938
1778673583.0469687,-5.88720178604126,-13.62302017211914,4.283869743347168,19.687484741210938
1778673583.0819619,-7.141734600067139,-13.886720657348633,5.223238945007324,19.335920333862305
1778673583.1169894,-7.306236267089844,-14.765628814697266,2.312992811203003,17.490211486816406
1778673583.152304,-6.214375019073486,-16.787092208862305,1.2514574527740479,17.226539611816406
1778673583.189032,-5.338510990142822,-19.687463760375977,1.8202581405639648,17.92966651916504
1778673583.2223148,-6.085968971252441,-22.148408889770508,-4.1358208656311035,19.072246551513672
1778673583.2575703,-5.679621696472168,-24.697242736816406,-1.9304158687591553,21.181629180908203
1778673583.2926898,-6.824439525604248,-25.40036964416504,-3.2794888019561768,23.818328857421875
1778673583.3277836,-7.251813888549805,-26.103496551513672,-2.779479503631592,26.279272079467773
1778673583.363105,-7.070866107940674,-27.33397102355957,-4.225505352020264,28.037090301513672
1778673583.398124,-6.206129550933838,-28.652334213256836,-5.127015590667725,30.58592414855957
1778673583.4334161,-5.819321155548096,-29.53124237060547,-5.132086277008057,32.69530487060547
1778673583.468344,-5.486763000488281,-29.53124237060547,-4.294225215911865,34.013641357421875
1778673583.5034661,-5.942230701446533,-29.70702362060547,-3.867412805557251,34.71677017211914
1778673583.5369513,-5.380441188812256,-30.146451950073242,-2.6982855796813965,35.15622329711914
1778673583.5718033,-3.3386309146881104,-30.498014450073242,-1.316017985343933,35.15622329711914
1778673583.6070397,-0.06373663246631622,-30.5859317779541,0.8431888222694397,34.89255142211914
1778673583.642197,0.9989136457443237,-30.5859317779541,1.2013657093048096,33.662078857421875
1778673583.6772735,1.3494759798049927,-30.5859317779541,-1.0337767601013184,32.51952362060547
1778673583.7123952,2.2512943744659424,-30.5859317779541,-4.650848388671875,32.08007049560547
1778673583.7477484,3.395622491836548,-30.5859317779541,-2.768291473388672,32.08007049560547
1778673583.7846286,2.0268912315368652,-30.5859317779541,-1.6409859657287598,32.25585174560547
1778673583.8179379,0.9802849888801575,-30.5859317779541,-2.2569711208343506,32.60741424560547
1778673583.8530896,-0.7823931574821472,-30.5859317779541,-1.2362380027770996,33.398406982421875
1778673583.8880823,-2.216445207595825,-30.5859317779541,-3.3853092193603516,33.574188232421875
1778673583.9231896,3.028273105621338,-30.5859317779541,3.918980836868286,34.628875732421875
1778673583.95847,4.5094523429870605,-30.5859317779541,6.809489727020264,35.15622329711914
1778673583.9917338,2.7306065559387207,-30.5859317779541,5.91303014755249,35.15622329711914
1778673584.0268128,2.678553581237793,-30.5859317779541,5.250807285308838,34.89255142211914
1778673584.0619116,3.250488042831421,-29.091760635375977,5.395731449127197,31.992177963256836
1778673584.0971422,2.837592363357544,-27.86128807067871,4.723861217498779,27.86130714416504
1778673584.1322806,0.1680215746164322,-26.630844116210938,4.127209186553955,25.57614517211914
1778673584.167359,3.8400731086730957,-26.367170333862305,4.8402228355407715,25.048799514770508
1778673584.2023757,0.6467885971069336,-26.455060958862305,5.041481018066406,23.466764450073242
1778673584.237626,2.9077467918395996,-26.455060958862305,6.584222793579102,22.23632049560547
1778673584.2728767,2.8583076000213623,-26.279279708862305,6.373420715332031,19.951156616210938
1778673584.3079553,0.5893508791923523,-25.927715301513672,6.326257705688477,18.19333839416504
1778673584.3432624,0.20524676144123077,-25.751934051513672,5.060277462005615,16.874977111816406
1778673584.378416,-4.231934547424316,-25.751934051513672,4.345131874084473,16.699193954467773
1778673584.4133966,-3.173654079437256,-25.751934051513672,2.7162797451019287,16.611303329467773
1778673584.446744,-0.9142939448356628,-25.751934051513672,4.43610143661499,16.699193954467773
1778673584.4818397,-2.08912992477417,-25.751934051513672,7.284853458404541,16.611303329467773
1778673584.5170672,-0.9851269125938416,-25.751934051513672,6.660514831542969,15.029267311096191
1778673584.5522065,-5.885869026184082,-25.839826583862305,4.70053243637085,12.30467700958252
1778673584.5889728,-6.116454601287842,-26.015605926513672,4.344226360321045,11.777332305908203
1778673584.6222255,-6.970097064971924,-26.982406616210938,0.855043888092041,11.777332305908203
1778673584.6573274,-5.606471061706543,-28.915977478027344,-2.56705641746521,12.04100513458252
1778673584.692287,-4.811239242553711,-31.640623092651367,-2.6826107501983643,13.359368324279785
1778673584.727564,-4.41621208190918,-32.95895767211914,-0.789365828037262,16.611303329467773
1778673584.7626855,-4.311700344085693,-33.57419204711914,0.25360003113746643,18.36911964416504
1778673584.7977715,-4.318467140197754,-33.925758361816406,-0.4648360311985016,18.281230926513672
1778673584.8329067,-2.011594772338867,-34.189430236816406,2.880359649658203,18.36911964416504
1778673584.8681493,-4.087852954864502,-34.189430236816406,2.5504350662231445,18.19333839416504
1778673584.9032488,-1.3555781841278076,-34.189430236816406,1.211479902267456,17.490211486816406
1778673584.9385824,0.8146671056747437,-34.189430236816406,1.841154932975769,16.611303329467773
1778673584.9716315,3.433342218399048,-34.189430236816406,-3.360306978225708,16.17184829711914
1778673585.0067215,2.4161205291748047,-34.189430236816406,-2.457822799682617,16.25973892211914
1778673585.0420053,4.644443988800049,-34.189430236816406,0.4564899802207947,16.523412704467773
1778673585.0771687,5.920071125030518,-34.189430236816406,2.0840084552764893,16.435522079467773
1778673585.112037,6.161464214324951,-34.189430236816406,0.35104605555534363,16.347631454467773
1778673585.147355,6.916079998016357,-34.189430236816406,-3.543550968170166,16.347631454467773
1778673585.184266,6.226385593414307,-32.95895767211914,-2.3921825885772705,16.435522079467773
1778673585.2177246,5.819855690002441,-30.937496185302734,-0.9545841813087463,17.314430236816406
1778673585.252676,6.889788627624512,-28.300769805908203,1.7047628164291382,17.226539611816406
1778673585.2879658,7.621068954467773,-26.279279708862305,-0.8511301279067993,16.874977111816406
1778673585.322881,6.466232776641846,-23.642581939697266,-0.5389828681945801,16.699193954467773
1778673585.3583388,6.963693141937256,-21.357418060302734,-1.4756566286087036,16.435522079467773
1778673585.3932498,5.233172416687012,-19.335899353027344,0.13509640097618103,16.435522079467773
1778673585.428331,5.240231513977051,-18.808555603027344,2.506183624267578,15.99606704711914
1778673585.4615784,3.7910828590393066,-18.808555603027344,-2.756544351577759,15.205048561096191
1778673585.4968948,3.9581458568573,-18.808555603027344,-4.749014377593994,14.765595436096191
1778673585.5319438,3.012650728225708,-18.808555603027344,-4.7877960205078125,14.941376686096191
1778673585.5672805,3.6908981800079346,-18.808555603027344,-3.2848384380340576,17.050758361816406
1778673585.602233,4.719023704528809,-18.808555603027344,-4.8224568367004395,18.19333839416504
1778673585.637354,3.6931841373443604,-18.808555603027344,-4.797666072845459,20.039047241210938
1778673585.6724472,4.750738620758057,-18.720691680908203,-5.726384162902832,21.796863555908203
1778673585.707553,3.850965976715088,-18.01756477355957,-4.321917533874512,23.554655075073242
1778673585.7425745,4.891369342803955,-17.666000366210938,-5.168349266052246,23.818328857421875
1778673585.7778132,6.236957550048828,-17.226518630981445,-6.081707954406738,25.22458267211914
1778673585.8131056,6.092240810394287,-16.171829223632812,-4.570096492767334,26.806615829467773
1778673585.847995,6.033031940460205,-14.326147079467773,-2.4200477600097656,26.982398986816406
1778673585.883104,2.166956901550293,-12.568329811096191,-0.6498359441757202,26.630836486816406
1778673585.918213,-0.037534717470407486,-10.458949089050293,-2.2926998138427734,26.01559829711914
1778673585.9533107,-1.6341736316680908,-9.49217700958252,-4.90963888168335,25.927709579467773
1778673585.9905565,-1.7988792657852173,-9.49217700958252,-5.810429573059082,26.01559829711914
1778673586.0220354,-4.682806968688965,-9.580039978027344,-4.84308385848999,26.10348892211914
1778673586.0571163,-6.198906898498535,-9.49217700958252,-6.184910297393799,27.33396339416504
1778673586.0922306,-5.888718128204346,-9.49217700958252,-4.216660976409912,29.970687866210938
1778673586.1271503,-5.147448539733887,-9.49217700958252,-3.614360809326172,31.464834213256836
1778673586.162295,-2.6273531913757324,-10.546867370605469,0.46224480867385864,31.640615463256836
1778673586.197601,1.4935728311538696,-12.216766357421875,1.443839430809021,31.289051055908203
1778673586.2324677,2.7438552379608154,-13.62302017211914,4.183262348175049,30.67381477355957
1778673586.267809,1.6187330484390259,-14.150365829467773,4.408890724182129,26.982398986816406
1778673586.3028784,3.2227394580841064,-14.23828411102295,3.8533761501312256,23.20311737060547
1778673586.3378115,0.9672912359237671,-14.23828411102295,3.763500213623047,22.32421112060547
1778673586.3730507,1.5034682750701904,-14.23828411102295,6.10098123550415,21.269519805908203
1778673586.407816,5.243288516998291,-14.23828411102295,6.011661052703857,17.92966651916504
1778673586.4431002,6.6927595138549805,-14.23828411102295,5.764621734619141,15.644503593444824
1778673586.4780514,6.055472373962402,-13.974583625793457,3.7919270992279053,14.677703857421875
1778673586.5131223,6.720386981964111,-12.30468463897705,2.1192710399627686,14.589813232421875
1778673586.548407,5.9874067306518555,-9.228476524353027,-1.037455677986145,14.677703857421875
1778673586.5832567,4.660842418670654,-6.5917510986328125,3.0468249320983887,16.08395767211914
1778673586.6185262,0.46721965074539185,-4.482424736022949,1.9197132587432861,16.523412704467773
1778673586.6520107,1.8837807178497314,-3.603516101837158,-1.7064640522003174,16.347631454467773
1778673586.6870968,2.506964683532715,-3.603516101837158,-2.9442689418792725,16.435522079467773
1778673586.7222438,4.4595818519592285,-3.603516101837158,-0.311135858297348,17.75388526916504
1778673586.757115,5.492382049560547,-3.603516101837158,-2.098714828491211,18.281230926513672
1778673586.7922435,4.611780166625977,-3.603516101837158,-2.4157605171203613,19.335920333862305
1778673586.827476,5.67171049118042,-3.603516101837158,-1.3152594566345215,19.951156616210938
1778673586.8628678,7.138190269470215,-2.9882524013519287,-0.8610264658927917,19.863265991210938
1778673586.8978913,7.74680757522583,-1.845698356628418,0.4917003810405731,19.599592208862305
1778673586.933017,7.769628047943115,0.6152461171150208,-4.4571404457092285,18.896465301513672
1778673586.967932,7.7072367668151855,3.4277541637420654,-4.287813186645508,18.720684051513672
1778673587.003079,7.660067558288574,5.537134647369385,-5.579735279083252,19.160139083862305
1778673587.0381804,7.524233341217041,6.76760721206665,-1.8979809284210205,21.533193588256836
1778673587.0735621,7.019339084625244,7.207034587860107,3.281278610229492,22.76366424560547
1778673587.1067328,7.533971786499023,7.91016149520874,0.21540194749832153,22.58788299560547
1778673587.141865,7.594679832458496,8.52542495727539,-2.888594388961792,22.32421112060547
1778673587.1771584,7.462862968444824,9.316415786743164,-5.746828556060791,22.32421112060547
1778673587.2119887,7.713840961456299,10.54688835144043,-7.168019771575928,22.412099838256836
1778673587.247286,7.750159740447998,11.865278244018555,-5.8741774559021,24.521455764770508
1778673587.2823136,7.1229634284973145,13.710959434509277,-5.661312103271484,26.10348892211914
1778673587.3173344,7.468831539154053,15.029294967651367,-2.5651073455810547,27.070289611816406
1778673587.352744,7.016333103179932,15.908204078674316,-1.1121097803115845,27.158180236816406
1778673587.3894658,5.155611515045166,17.050811767578125,-0.6592969298362732,26.718727111816406
1778673587.422745,5.195865154266357,17.138675689697266,-3.2659056186676025,26.10348892211914
1778673587.458056,4.174370288848877,17.138675689697266,-6.643783092498779,25.75192642211914
1778673587.4931087,2.007909059524536,17.138675689697266,-6.983125686645508,25.839818954467773
1778673587.5278826,5.105507850646973,17.138675689697266,-7.176654815673828,27.070289611816406
1778673587.5631673,4.762494087219238,17.138675689697266,-6.5685200691223145,30.23436164855957
1778673587.5982857,4.213940143585205,17.138675689697266,-6.239276885986328,32.34374237060547
1778673587.6332004,3.2306759357452393,17.138675689697266,-2.8658740520477295,34.36520767211914
1778673587.6679394,1.8775616884231567,17.138675689697266,-4.6649651527404785,35.24411392211914
1778673587.703253,2.0828847885131836,17.138675689697266,-3.576767921447754,35.33200454711914
1778673587.738011,0.9425761103630066,17.138675689697266,-3.2551980018615723,35.33200454711914
1778673587.7731297,6.643693447113037,17.138675689697266,-3.9668493270874023,35.33200454711914
1778673587.8079934,4.816475868225098,17.138675689697266,-2.1068272590637207,35.41989517211914
1778673587.843075,4.576605319976807,17.138675689697266,-0.7699488401412964,35.50778579711914
1778673587.8782616,3.1116626262664795,17.138675689697266,-0.2647361755371094,35.24411392211914
1778673587.9131365,0.9306194186210632,17.578157424926758,-2.217489719390869,34.71677017211914
1778673587.9478836,-1.069715976715088,17.753938674926758,-4.610104560852051,34.277313232421875
1778673587.9832075,-0.9891860485076904,17.753938674926758,-2.8454277515411377,34.36520767211914
1778673588.0182374,1.50625741481781,17.753938674926758,-4.678630352020264,35.24411392211914
1778673588.053026,4.072487831115723,17.753938674926758,-4.584009170532227,37.441383361816406
1778673588.0881462,4.959630489349365,17.753938674926758,-2.3489034175872803,38.49607467651367
1778673588.1230946,3.646531343460083,17.753938674926758,-2.6623692512512207,38.49607467651367
1778673588.1579993,6.335207462310791,18.10550308227539,-3.9571762084960938,38.49607467651367
1778673588.1932344,7.311174392700195,19.86332130432129,-0.0454862006008625,39.9902229309082
1778673588.2286158,7.694516658782959,22.93947410583496,2.0097827911376953,40.1660041809082
1778673588.2632966,7.35861873626709,26.367189407348633,0.1831820011138916,40.0781135559082
1778673588.296544,7.391129970550537,30.23438835144043,0.8036285042762756,38.84763717651367
1778673588.3318865,7.450765132904053,33.574241638183594,2.9129064083099365,35.771461486816406
1778673588.3669224,7.455688953399658,36.210968017578125,3.0657198429107666,32.43163299560547
1778673588.402101,7.453441143035889,37.52930450439453,4.516994953155518,30.410144805908203
1778673588.4370358,7.4434075355529785,37.79300308227539,0.1643456071615219,28.037090301513672
1778673588.4719367,7.019077301025391,37.79300308227539,0.43325620889663696,27.24607276916504
1778673588.507003,7.382990837097168,38.23242950439453,-2.258890151977539,27.33396339416504
1778673588.5419512,7.638194561004639,39.2871208190918,-2.222827911376953,28.124980926513672
1778673588.577029,7.634398937225342,40.78129196166992,-1.7842767238616943,30.410144805908203
1778673588.6121664,7.458316802978516,42.53911209106445,-3.0674567222595215,30.937488555908203
1778673588.647211,7.387914180755615,43.769527435302734,-3.4693307876586914,32.34374237060547
1778673588.6823914,7.606119155883789,44.648433685302734,-5.273935317993164,34.189422607421875
1778673588.7174482,7.345123767852783,46.0546875,-5.8283233642578125,36.738258361816406
1778673588.7527761,7.397891044616699,47.28516387939453,-2.248185157775879,38.14451217651367
1778673588.7897673,6.6040167808532715,48.427772521972656,-2.151564836502075,37.96873092651367
1778673588.8229358,6.542022228240967,49.65824508666992,-2.9916422367095947,37.88084030151367
1778673588.857365,4.114974021911621,50.09767150878906,-2.1320407390594482,37.88084030151367
1778673588.892826,0.752756655216217,50.80079650878906,-1.306557536125183,37.88084030151367
1778673588.9283793,5.1312456130981445,50.88871383666992,1.7616288661956787,37.79294967651367
1778673588.963358,4.808812141418457,50.88871383666992,1.914224624633789,37.17771530151367
1778673588.9967966,5.970181465148926,50.97657775878906,-2.3637187480926514,34.80466079711914
1778673589.0318978,-0.5851688385009766,51.32814407348633,0.22333236038684845,34.277313232421875
1778673589.0669324,-1.4056528806686401,52.11918640136719,-2.274059295654297,34.277313232421875
1778673589.1020615,-1.9585509300231934,52.47075271606445,1.4874154329299927,34.36520767211914
1778673589.1374946,-3.3350718021392822,52.47075271606445,2.615041494369507,34.36520767211914
1778673589.1723967,-2.911269187927246,52.47075271606445,1.135259985923767,34.189422607421875
1778673589.2075,-4.655909061431885,52.47075271606445,1.1541956663131714,33.925750732421875
1778673589.2426004,-1.592185616493225,52.47075271606445,-0.3652077913284302,33.574188232421875
1778673589.2777255,0.09415017068386078,52.47075271606445,1.4560388326644897,33.574188232421875
1778673589.3130393,-3.0873935222625732,52.47075271606445,2.0226104259490967,32.78319549560547
1778673589.3480608,-1.8144118785858154,52.47075271606445,-1.8011229038238525,31.552724838256836
1778673589.3830552,-1.0378775596618652,51.855491638183594,-0.39309024810791016,31.552724838256836
1778673589.4181142,3.0254316329956055,51.06449890136719,-0.7722340226173401,31.81639862060547
1778673589.4532912,4.748726844787598,51.06449890136719,0.08251182734966278,33.13473129272461
1778673589.4878068,1.6013414859771729,51.06449890136719,1.185854196548462,34.101531982421875
1778673589.521464,-0.89149409532547,51.06449890136719,3.1204493045806885,34.013641357421875
1778673589.556954,1.6210068464279175,51.06449890136719,-2.267534017562866,33.925750732421875
1778673589.593956,-2.284806728363037,51.06449890136719,-1.2380030155181885,33.925750732421875
1778673589.6269617,-0.7243759632110596,51.06449890136719,-3.3540966510772705,34.101531982421875
1778673589.6622665,-2.6293840408325195,51.06449890136719,1.648565411567688,35.33200454711914
1778673589.6972818,-1.2999238967895508,51.06449890136719,4.950430393218994,35.859352111816406
1778673589.732697,0.039308637380599976,51.06449890136719,4.691356658935547,35.68356704711914
1778673589.7676075,0.8032264709472656,51.06449890136719,5.596696376800537,34.89255142211914
1778673589.8030488,-1.5233854055404663,51.06449890136719,5.576929092407227,31.464834213256836
1778673589.8377936,-1.514162540435791,51.06449890136719,2.1341090202331543,27.68552589416504
1778673589.873061,1.6631462574005127,51.06449890136719,3.2299320697784424,26.630836486816406
1778673589.9077287,0.767083466053009,51.06449890136719,4.532037258148193,26.630836486816406
1778673589.9428265,1.63168466091156,51.06449890136719,4.383818626403809,25.400362014770508
1778673589.9782166,4.897735595703125,51.06449890136719,2.298546075820923,24.609344482421875
1778673590.0133147,6.793144226074219,51.06449890136719,4.18716287612915,24.521455764770508
1778673590.0482223,7.392971038818359,51.06449890136719,7.3275227546691895,24.082000732421875
1778673590.0832956,7.186894416809082,51.67970657348633,6.21751070022583,21.445301055908203
1778673590.1182396,6.919264316558838,52.734397888183594,5.916755199432373,18.896465301513672
1778673590.1517997,6.351465702056885,54.228515625,4.092077255249023,17.665992736816406
1778673590.1889234,5.135867595672607,56.16211700439453,1.577942132949829,17.57810401916504
1778673590.2219546,4.2503743171691895,58.35940933227539,-1.4667818546295166,17.665992736816406
1778673590.2570581,0.14396849274635315,60.29301071166992,-1.5744034051895142,18.544902801513672
1778673590.2923834,1.3995908498764038,61.87504577636719,-4.5676164627075195,21.00584602355957
1778673590.3274984,0.21652500331401825,62.31447219848633,1.0569263696670532,24.169891357421875
1778673590.3623233,2.845346689224243,62.22661209106445,0.4950937330722809,26.01559829711914
1778673590.397494,4.589788913726807,62.22661209106445,1.3736287355422974,26.01559829711914
1778673590.4323025,6.160587787628174,62.22661209106445,1.3074359893798828,25.66403579711914
1778673590.467406,4.381846904754639,62.22661209106445,-1.8823691606521606,24.433565139770508
1778673590.5028973,3.2951509952545166,62.40233612060547,-6.042648792266846,23.994108200073242
1778673590.537553,0.8656649589538574,62.841819763183594,-4.787534236907959,24.169891357421875
1778673590.5730138,-3.483776807785034,63.281246185302734,-3.7484939098358154,24.960908889770508
1778673590.6079295,-4.736766815185547,63.193382263183594,-5.784497261047363,27.42185401916504
1778673590.643035,-5.783843040466309,63.193382263183594,-5.676392078399658,30.410144805908203
1778673590.677919,-3.5151796340942383,63.193382263183594,-3.998997449874878,32.43163299560547
1778673590.713251,-7.054741382598877,63.193382263183594,-3.652576208114624,32.51952362060547
1778673590.747734,-6.407915115356445,63.193382263183594,-1.3766002655029297,32.51952362060547
1778673590.781544,-6.421475410461426,63.193382263183594,1.9537900686264038,32.34374237060547
1778673590.8168385,-6.61665153503418,63.017601013183594,-0.8712038397789001,32.25585174560547
1778673590.8519578,-6.649750232696533,60.02931213378906,0.058578696101903915,32.25585174560547
1778673590.886891,-5.890132904052734,55.986331939697266,-3.1545448303222656,32.25585174560547
1778673590.9221392,-5.764426231384277,52.20705032348633,3.6454520225524902,32.43163299560547
1778673590.9572632,-0.32627350091934204,49.482460021972656,3.020848274230957,32.34374237060547
1778673590.9942327,-0.010669737122952938,48.427772521972656,3.8450350761413574,31.464834213256836
1778673591.0277064,-1.5160329341888428,48.427772521972656,5.136560916900635,28.564434051513672
1778673591.0625837,-2.91699481010437,48.427772521972656,4.126790523529053,25.839818954467773
1778673591.0976412,-3.3519527912139893,48.427772521972656,4.8763275146484375,25.13669204711914
1778673591.1329691,0.8552061915397644,48.427772521972656,3.054860830307007,23.554655075073242
1778673591.1680653,1.950953722000122,48.427772521972656,1.449197769165039,23.0273380279541
1778673591.203078,4.6141276359558105,48.427772521972656,-1.2726329565048218,23.0273380279541
1778673591.2381272,1.0334820747375488,48.427772521972656,-1.946432113647461,23.20311737060547
1778673591.2732842,-0.6375846862792969,49.3945426940918,-3.258758306503296,25.57614517211914
1778673591.3082256,-0.6335763335227966,50.36137390136719,-3.9066600799560547,28.564434051513672
1778673591.3432808,-1.3489336967468262,50.88871383666992,-4.341694355010986,30.49803352355957
1778673591.378619,0.43199440836906433,50.88871383666992,-4.847075939178467,32.34374237060547
1778673591.4118726,2.851269006729126,50.88871383666992,-4.028252124786377,34.71677017211914
1778673591.4467645,1.4129737615585327,51.06449890136719,-5.042361259460449,35.33200454711914
1778673591.4822955,-5.499861717224121,51.59184265136719,-5.138952732086182,36.826148986816406
1778673591.5171378,-6.3992085456848145,52.11918640136719,-2.482051372528076,37.001930236816406
1778673591.5522456,-7.117156982421875,52.11918640136719,-1.360647201538086,37.001930236816406
1778673591.5891922,-6.417348861694336,52.11918640136719,0.4706893265247345,36.738258361816406
1778673591.6226556,-2.5293610095977783,52.11918640136719,2.831167697906494,35.771461486816406
1778673591.6576612,-1.6274334192276,52.11918640136719,4.1975483894348145,32.60741424560547
1778673591.692804,3.0512053966522217,51.855491638183594,1.4158439636230469,29.003890991210938
1778673591.7281222,3.340782642364502,51.67970657348633,-1.6850327253341675,28.037090301513672
1778673591.7629342,5.074687480926514,51.67970657348633,-3.355484962463379,28.124980926513672
1778673591.7981894,5.081977844238281,51.67970657348633,-2.952436685562134,28.915996551513672
1778673591.8332374,5.718771457672119,51.67970657348633,-3.6576249599456787,31.464834213256836
1778673591.868374,3.434478521347046,51.67970657348633,-3.5021729469299316,33.837860107421875
1778673591.9033096,2.1481902599334717,52.910179138183594,-0.13478946685791016,34.540985107421875
1778673591.9385214,4.962672710418701,54.49221420288086,-2.9583542346954346,34.36520767211914
1778673591.9716077,5.85506010055542,55.634769439697266,-1.9551661014556885,34.71677017211914
1778673592.0067303,2.6556828022003174,57.744144439697266,-2.4384522438049316,34.80466079711914
1778673592.0417511,4.522237777709961,59.8535270690918,-4.63755989074707,35.15622329711914
1778673592.076916,5.9464826583862305,61.52348327636719,-2.8333871364593506,36.738258361816406
1778673592.1116796,4.992656230926514,62.66603469848633,-2.3734591007232666,37.70505905151367
1778673592.1472497,5.008749008178711,63.6328125,-4.981992721557617,37.61716842651367
1778673592.1824987,3.2452375888824463,63.720726013183594,-3.982235908508301,37.96873092651367
1778673592.2176425,3.4140608310699463,63.720726013183594,-1.957251787185669,39.19920349121094
1778673592.2527242,3.2250864505767822,63.720726013183594,-1.327719807624817,39.28709411621094
1778673592.2879488,1.718043327331543,63.720726013183594,-3.9361889362335205,39.11131286621094
1778673592.3233144,1.1698524951934814,63.720726013183594,-0.9432518482208252,39.02342224121094
1778673592.3582451,-0.6866559386253357,63.720726013183594,-1.2169005870819092,39.02342224121094
1778673592.3952067,0.9679851531982422,63.720726013183594,-1.316993236541748,39.02342224121094
1778673592.4286287,-1.139911413192749,63.720726013183594,-1.5929545164108276,39.02342224121094
1778673592.461829,-0.34459686279296875,63.720726013183594,-0.4141022562980652,39.02342224121094
1778673592.496924,0.17618128657341003,63.720726013183594,3.0261919498443604,39.02342224121094
1778673592.532283,-2.192312717437744,63.720726013183594,1.7781622409820557,38.14451217651367
1778673592.567195,-3.1819021701812744,63.720726013183594,4.283893585205078,36.914039611816406
1778673592.6024587,-2.3691093921661377,63.720726013183594,3.2898366451263428,35.15622329711914
1778673592.6375356,1.2507637739181519,63.720726013183594,-0.6516809463500977,34.189422607421875
1778673592.6725807,-0.8718878030776978,62.40233612060547,1.9924719333648682,34.189422607421875
1778673592.707775,-1.376313328742981,61.52348327636719,-1.4197636842727661,34.189422607421875
1778673592.7430363,-1.977447748184204,61.08399963378906,-0.40121734142303467,34.277313232421875
1778673592.7778842,-5.540135860443115,61.08399963378906,1.3678950071334839,34.98044204711914
1778673592.8130484,-5.515703201293945,61.08399963378906,0.6058554649353027,34.98044204711914
1778673592.8484073,-3.92525053024292,60.11722946166992,4.45682430267334,34.98044204711914
1778673592.883469,-1.9525896310806274,57.832069396972656,5.897812843322754,34.80466079711914
1778673592.918333,-3.161069393157959,56.33789825439453,6.486779689788818,31.992177963256836
1778673592.9535036,-1.7719630002975464,55.898468017578125,6.3427839279174805,27.949199676513672
1778673592.9882977,-2.4613916873931885,55.898468017578125,5.617627143859863,26.10348892211914
1778673593.0234582,-1.5464322566986084,55.898468017578125,5.351458549499512,25.57614517211914
1778673593.058382,0.8718714118003845,55.898468017578125,5.1878862380981445,24.960908889770508
1778673593.0934997,-1.2569488286972046,55.898468017578125,2.7661354541778564,24.609344482421875
1778673593.1284568,-0.09151183813810349,55.898468017578125,3.1821281909942627,24.433565139770508
1778673593.1633012,-4.27771520614624,55.898468017578125,3.6202661991119385,24.433565139770508
1778673593.1982942,-1.8536783456802368,55.898468017578125,4.895981311798096,23.994108200073242
1778673593.2335336,-5.15486478805542,55.986331939697266,5.27780818939209,22.67577362060547
1778673593.266735,-5.024293899536133,55.898468017578125,7.1281561851501465,21.269519805908203
1778673593.301537,-5.108911514282227,55.898468017578125,6.128330707550049,18.36911964416504
1778673593.3366437,-3.146235466003418,55.546905517578125,3.073185920715332,17.490211486816406
1778673593.3717487,1.6010159254074097,54.14065170288086,3.5412378311157227,17.57810401916504
1778673593.4068882,0.7013944387435913,53.96487045288086,4.2888078689575195,17.57810401916504
1778673593.4418933,0.41086962819099426,53.876949310302734,3.291360855102539,17.57810401916504
1778673593.4772484,-2.636117458343506,53.876949310302734,2.5883495807647705,17.57810401916504
1778673593.5118253,-1.1552401781082153,53.876949310302734,5.101492404937744,17.57810401916504
1778673593.5452237,1.4039669036865234,53.876949310302734,5.575908660888672,17.490211486816406
1778673593.5807714,3.8626861572265625,53.876949310302734,5.088888168334961,16.523412704467773
1778673593.6177647,0.8319793343544006,53.876949310302734,5.934786319732666,15.205048561096191
1778673593.652769,-1.8262934684753418,54.843780517578125,4.687465667724609,12.480459213256836
1778673593.6880174,0.5399304032325745,55.283203125,3.796674966812134,12.04100513458252
1778673593.7228975,2.6759192943573,55.283203125,0.46684685349464417,12.04100513458252
1778673593.7579398,-3.123774290084839,55.283203125,-0.54233318567276,12.04100513458252
1778673593.795019,-4.709966659545898,55.283203125,-4.0336809158325195,12.832022666931152
1778673593.8280597,-7.043076038360596,55.283203125,-3.489772081375122,15.205048561096191
1778673593.8630507,-6.949006080627441,55.283203125,-2.0300650596618652,18.19333839416504
1778673593.8984492,-6.59265661239624,55.283203125,-4.299319267272949,19.599592208862305
1778673593.9335933,-5.943935871124268,55.283203125,-6.774996280670166,22.060537338256836
1778673593.9684744,-4.992991924285889,54.404296875,-6.624048709869385,25.48825454711914
1778673594.0017178,-3.4414727687835693,52.64653396606445,-5.369890213012695,27.59763526916504
1778673594.036633,-3.525263786315918,50.88871383666992,-4.934445858001709,28.564434051513672
1778673594.0718951,-5.960239887237549,50.27345275878906,-6.093409538269043,29.179670333862305
1778673594.1068535,-5.379192352294922,49.74610900878906,-4.825718879699707,30.05858039855957
1778673594.141787,-3.7074320316314697,48.95512008666992,-5.611209869384766,30.937488555908203
1778673594.1770613,-5.927496433258057,47.548866271972656,-6.301351070404053,32.958980560302734
1778673594.2120821,-6.682448387145996,45.966827392578125,-5.628780841827393,35.59567642211914
1778673594.247045,-4.82303524017334,44.20901107788086,-1.2068450450897217,36.826148986816406
1778673594.2820704,-0.7775968909263611,42.53911209106445,0.10081721097230911,36.826148986816406
1778673594.3174973,-2.099344253540039,41.74806213378906,-3.0542023181915283,36.474586486816406
1778673594.3525705,-4.863994121551514,41.39650344848633,-2.4733636379241943,36.474586486816406
1778673594.3876548,-5.561708450317383,41.30863952636719,-1.682294487953186,36.474586486816406
1778673594.4227731,-6.321320533752441,40.25394821166992,-3.989943742752075,36.474586486816406
1778673594.458099,-6.507604122161865,38.7597770690918,-1.5288969278335571,36.562477111816406
1778673594.492857,-5.138444423675537,37.001956939697266,-3.1855804920196533,36.738258361816406
1778673594.528414,-7.000434398651123,35.683624267578125,-4.753540515899658,37.441383361816406
1778673594.563243,-7.666585445404053,34.013668060302734,-1.6541543006896973,39.72654724121094
1778673594.59654,-6.365231513977051,31.552778244018555,-1.8104230165481567,41.1328010559082
1778673594.6316667,-6.818817138671875,29.70704460144043,2.320333957672119,41.30858612060547
1778673594.6669276,-5.086153507232666,27.685579299926758,-0.5108706951141357,41.04491424560547
1778673594.702086,-6.924648284912109,26.806673049926758,1.040510892868042,41.04491424560547
1778673594.7373884,-5.750442981719971,26.718753814697266,1.8248090744018555,39.90232849121094
1778673594.772282,-6.906505107879639,26.191408157348633,5.614907741546631,39.46287536621094
1778673594.80761,-7.270137786865234,25.48828125,1.379565954208374,36.474586486816406
1778673594.8424613,-7.613884925842285,23.9062442779541,0.13883785903453827,34.71677017211914
1778673594.8776026,-7.222723007202148,22.50004768371582,5.6483473777771,34.80466079711914
1778673594.9125073,-7.481685161590576,20.39066505432129,4.2482123374938965,34.80466079711914
1778673594.947622,-7.630263328552246,20.30274772644043,2.1614091396331787,33.486297607421875
1778673594.9823618,-7.182948589324951,19.248056411743164,0.92293781042099,33.13473129272461
1778673595.0174916,-5.2667717933654785,18.10550308227539,-0.742387592792511,33.486297607421875
1778673595.0524004,-4.1435346603393555,17.753938674926758,0.19905130565166473,34.277313232421875
1778673595.0874937,-3.285238027572632,17.8418025970459,0.16940461099147797,34.628875732421875
1778673595.1228492,-1.0962973833084106,17.8418025970459,1.2535064220428467,34.89255142211914
1778673595.1579444,3.241211175918579,17.753938674926758,-1.5554524660110474,34.89255142211914
1778673595.1947193,2.2560579776763916,17.8418025970459,3.903850555419922,34.89255142211914
1778673595.2278118,-0.6573129296302795,17.8418025970459,0.5998782515525818,34.80466079711914
1778673595.2629037,3.9349722862243652,17.8418025970459,0.35240522027015686,34.80466079711914
1778673595.2978022,5.916162967681885,17.8418025970459,-0.3194153308868408,34.80466079711914
1778673595.3327556,3.226928234100342,17.8418025970459,-0.3020588755607605,34.98044204711914
1778673595.3680174,4.551528453826904,19.423839569091797,-2.2497763633728027,34.98044204711914
1778673595.4027705,4.854576110839844,22.148483276367188,-2.417530059814453,35.50778579711914
1778673595.4378831,4.25946569442749,24.345727920532227,0.494743674993515,37.001930236816406
1778673595.472771,1.0237135887145996,26.630889892578125,-3.431173801422119,36.738258361816406
1778673595.5081604,-2.867568016052246,28.740270614624023,-2.719904899597168,36.914039611816406
1778673595.5429604,-3.907773017883301,29.61918067932129,-4.416904449462891,38.23240280151367
1778673595.5782757,-3.7924087047576904,29.70704460144043,1.249513864517212,39.90232849121094
1778673595.613349,0.6482841968536377,29.70704460144043,6.541857719421387,40.1660041809082
1778673595.646591,-3.1274547576904297,29.70704460144043,5.847072124481201,39.90232849121094
1778673595.6817243,-0.3006565272808075,29.70704460144043,3.6555140018463135,39.46287536621094
1778673595.71686,0.20884805917739868,28.47657012939453,6.688629150390625,36.123023986816406
1778673595.7519226,2.235825538635254,26.894535064697266,5.88311767578125,31.025379180908203
1778673595.7869952,5.840407848358154,26.191408157348633,6.7801337242126465,27.86130714416504
1778673595.8220952,4.673983097076416,26.191408157348633,1.7094979286193848,25.75192642211914
1778673595.8573408,4.477884292602539,26.367189407348633,-3.1498124599456787,25.48825454711914
1778673595.8922997,-0.12767410278320312,26.806673049926758,-3.1221425533294678,25.57614517211914
1778673595.927544,-1.9920388460159302,27.50979995727539,-5.030893802642822,26.718727111816406
1778673595.9625618,2.2356598377227783,27.685579299926758,-3.6422033309936523,30.05858039855957
1778673595.9995418,5.838776111602783,27.5976619720459,-4.598997116088867,33.486297607421875
1778673596.0327466,5.627015590667725,28.03714370727539,-0.7756788730621338,36.03512954711914
1778673596.0678558,5.083845615386963,29.61918067932129,-3.842536687850952,37.089820861816406
1778673596.1029623,5.3708367347717285,31.728561401367188,-0.9563335180282593,37.441383361816406
1778673596.138131,5.372116565704346,33.925804138183594,2.435364246368408,37.35349655151367
1778673596.1733124,7.2038893699646,34.892578125,3.7889039516448975,37.17771530151367
1778673596.2084029,5.963373184204102,36.210968017578125,1.9777036905288696,35.41989517211914
1778673596.2416472,2.1480042934417725,37.26565933227539,1.0925883054733276,32.69530487060547
1778673596.2767568,-0.17962194979190826,38.05664825439453,-1.7429227828979492,31.728506088256836
1778673596.311709,-3.716195821762085,38.32034683227539,1.4788538217544556,31.728506088256836
1778673596.3467214,-3.234417676925659,38.23242950439453,3.288633346557617,31.640615463256836
1778673596.382193,-2.91135573387146,38.23242950439453,2.67214298248291,31.025379180908203
1778673596.4168286,-5.582041263580322,38.23242950439453,4.193581581115723,29.091779708862305
1778673596.4519672,-5.311123847961426,38.23242950439453,3.4908392429351807,27.070289611816406
1778673596.4872358,-5.448060512542725,38.23242950439453,6.656655311584473,26.542945861816406
1778673596.522491,-4.722060680389404,37.70508575439453,6.216795921325684,25.13669204711914
1778673596.5566988,-5.480947017669678,34.62893295288086,5.229350566864014,23.11522674560547
1778673596.5935495,-5.73351526260376,30.23438835144043,6.229106426239014,22.85155487060547
1778673596.6251204,-5.799128532409668,27.5976619720459,6.875609397888184,21.972646713256836
1778673596.660207,-2.9421768188476562,24.873071670532227,6.987281322479248,20.65428352355957
1778673596.6956954,-5.045831203460693,24.257808685302734,6.297483444213867,18.984357833862305
1778673596.7325847,-5.630654335021973,24.257808685302734,6.416476726531982,18.01755714416504
1778673596.7660697,-5.193408012390137,24.082027435302734,6.401447772979736,17.050758361816406
1778673596.8036475,-4.982333660125732,23.29103660583496,5.776225566864014,15.90817642211914
1778673596.8366833,-2.1374192237854004,22.763690948486328,1.552306056022644,15.029267311096191
1778673596.8718393,-2.7567169666290283,22.324264526367188,-1.4794975519180298,15.205048561096191
1778673596.9067879,-1.7005269527435303,21.884782791137695,-2.446333169937134,15.468722343444824
1778673596.9418273,-1.5283267498016357,21.884782791137695,-0.939624547958374,17.57810401916504
1778673596.9767296,-3.5257391929626465,21.972700119018555,-0.18334469199180603,19.423810958862305
1778673597.0120525,-3.9349093437194824,21.972700119018555,-0.5881780385971069,19.687484741210938
1778673597.047146,-3.713012218475342,21.884782791137695,-1.1868282556533813,20.126937866210938
1778673597.082122,-4.987695693969727,21.884782791137695,1.4584745168685913,21.533193588256836
1778673597.1172116,1.6854028701782227,21.533220291137695,-1.685834527015686,22.499990463256836
1778673597.152091,2.012054681777954,21.357437133789062,2.005009889602661,22.85155487060547
1778673597.1872208,4.143980979919434,21.357437133789062,0.40734392404556274,22.85155487060547
1778673597.2221487,6.305367946624756,21.357437133789062,0.22650375962257385,22.499990463256836
1778673597.2572787,7.399367809295654,21.357437133789062,-1.947787880897522,22.412099838256836
1778673597.2923548,5.447336673736572,21.357437133789062,-1.3048840761184692,22.412099838256836
1778673597.3274539,3.790191650390625,21.357437133789062,-4.926848888397217,22.58788299560547
1778673597.3623435,-0.20288527011871338,21.357437133789062,-4.6259636878967285,23.466764450073242
1778673597.3993285,-0.20288527011871338,21.357437133789062,-4.6259636878967285,26.01559829711914
1778673597.4326162,-2.4264633655548096,21.357437133789062,-7.151134490966797,27.86130714416504
1778673597.4677405,-5.26951789855957,21.357437133789062,-6.572195529937744,30.58592414855957
1778673597.502518,-2.6496517658233643,21.357437133789062,-3.302546262741089,32.25585174560547
1778673597.5375853,0.8865501880645752,21.357437133789062,-1.759307861328125,32.43163299560547
1778673597.5725152,-1.2012207508087158,21.357437133789062,-4.039482116699219,32.34374237060547
1778673597.607522,0.6626964211463928,21.357437133789062,-0.27910271286964417,32.34374237060547
1778673597.6427124,2.701794147491455,21.357437133789062,-0.11909299343824387,32.25585174560547
1778673597.6774733,3.8626723289489746,21.357437133789062,-0.2076064944267273,31.552724838256836
1778673597.712538,0.001066340715624392,21.357437133789062,3.6094720363616943,30.761707305908203
1778673597.7476647,5.37914514541626,21.357437133789062,5.349913120269775,28.388652801513672
1778673597.782759,7.122360706329346,21.357437133789062,6.734838008880615,24.345672607421875
1778673597.8176925,6.392082214355469,21.357437133789062,7.037260055541992,20.65428352355957
1778673597.852951,5.360585689544678,22.324264526367188,7.130305290222168,17.84177589416504
1778673597.887956,2.047893762588501,24.082027435302734,7.086040496826172,15.292940139770508
1778673597.9232934,3.2296316623687744,25.04885482788086,6.3410115242004395,13.271477699279785
1778673597.958348,2.8157904148101807,25.839845657348633,5.985270023345947,12.216787338256836
1778673597.9954658,3.5543065071105957,26.279325485229492,5.345097064971924,11.86522388458252
1778673598.0267038,2.110802412033081,26.367189407348633,5.841989517211914,11.162096977233887
1778673598.0619075,-1.5796802043914795,26.894535064697266,7.285523891448975,9.843733787536621
1778673598.096914,-3.8167519569396973,27.158235549926758,6.507054805755615,7.910134315490723
1778673598.1323135,-4.7761383056640625,27.158235549926758,6.509087562561035,7.031225204467773
1778673598.1673672,-4.184169292449951,27.070316314697266,5.779234886169434,5.976534366607666
1778673598.2023962,-4.358195781707764,27.158235549926758,3.8357951641082764,5.449189186096191
1778673598.2375438,-2.3116960525512695,26.718753814697266,4.161949157714844,5.361298561096191
1778673598.2729027,-0.40476536750793457,24.960935592651367,0.8896375298500061,5.53708028793335
1778673598.3078575,2.0113892555236816,23.37895393371582,-0.5672200918197632,5.53708028793335
1778673598.3429587,2.451707601547241,23.02739143371582,-3.6868057250976562,7.7343525886535645
1778673598.3780696,5.720156192779541,23.02739143371582,-3.76349139213562,11.601550102233887
1778673598.4131997,7.261738300323486,23.02739143371582,-3.864039897918701,13.974576950073242
1778673598.4484665,6.606452465057373,23.115253448486328,-4.594769477844238,15.556612968444824
1778673598.4817526,4.72482442855835,23.818382263183594,1.7937425374984741,17.314430236816406
1778673598.5168056,5.532848834991455,24.521509170532227,1.5217578411102295,17.490211486816406
1778673598.552003,5.8974223136901855,26.455108642578125,0.00023036623315420002,17.138648986816406
1778673598.5870376,6.404218673706055,29.355480194091797,-2.660454750061035,15.732394218444824
1778673598.6221225,5.308930397033691,32.43168640136719,-5.332975387573242,15.644503593444824
1778673598.6573236,2.7006490230560303,35.068359375,-5.2447004318237305,15.732394218444824
1778673598.6924975,1.9109444618225098,36.562530517578125,-6.276671409606934,17.402320861816406
1778673598.7276204,5.254935264587402,36.826175689697266,-6.587817668914795,20.039047241210938
1778673598.7626648,4.398003578186035,36.826175689697266,-6.978519916534424,22.412099838256836
1778673598.7996452,5.17530632019043,36.826175689697266,-4.567685127258301,24.082000732421875
1778673598.8330061,3.568795680999756,36.826175689697266,-6.343333721160889,24.257781982421875
1778673598.868119,0.8968600034713745,37.26565933227539,-6.084330081939697,24.785127639770508
1778673598.9032924,-1.4984368085861206,37.26565933227539,-7.095484733581543,26.806615829467773
1778673598.9385736,-5.9211649894714355,37.35352325439453,-4.756040096282959,28.388652801513672
1778673598.9733028,-6.381356239318848,37.35352325439453,-6.201237201690674,28.564434051513672
1778673599.0065947,-4.823249816894531,37.35352325439453,-5.906767845153809,29.267560958862305
1778673599.0418425,-4.454844951629639,37.35352325439453,-7.428351879119873,30.67381477355957
1778673599.0768154,-5.5970330238342285,37.26565933227539,-6.863309383392334,33.04684066772461
1778673599.1117535,-5.363426208496094,35.419921875,-4.940401554107666,34.89255142211914
1778673599.1468203,-4.604547500610352,31.464860916137695,2.433650493621826,35.41989517211914
1778673599.1817744,-2.493375301361084,28.564489364624023,-0.0640602707862854,35.50778579711914
1778673599.2168393,-4.019454479217529,26.015625,3.165527582168579,35.24411392211914
1778673599.2521324,-3.7818710803985596,23.818382263183594,3.073122501373291,33.662078857421875
1778673599.2870903,-2.7847330570220947,23.115253448486328,2.6956002712249756,30.14647102355957
1778673599.3222017,0.12197666615247726,23.5546817779541,4.840250492095947,27.77341651916504
1778673599.3575182,-3.2100701332092285,23.5546817779541,3.6643083095550537,25.13669204711914
1778673599.392412,-3.695188283920288,23.5546817779541,3.9932281970977783,23.994108200073242
1778673599.4275239,-6.319455146789551,23.5546817779541,5.084625720977783,23.466764450073242
1778673599.462928,-6.804281234741211,23.5546817779541,5.187017917633057,22.060537338256836
1778673599.4976993,-6.180755138397217,23.5546817779541,5.107731342315674,20.65428352355957
1778673599.5329413,-2.726102352142334,23.5546817779541,-1.4931728839874268,19.423810958862305
1778673599.5681672,-3.1205694675445557,22.587909698486328,-1.3165487051010132,19.511701583862305
1778673599.603343,-3.808799982070923,22.412126541137695,0.35605907440185547,19.599592208862305
1778673599.6382604,-5.378078460693359,22.412126541137695,4.064794063568115,19.775375366210938
1778673599.6716511,-6.680391788482666,21.181655883789062,2.38606858253479,19.775375366210938
1778673599.706624,-7.051468849182129,18.720712661743164,0.6393725872039795,19.775375366210938
1778673599.741774,-6.220148086547852,16.347684860229492,1.1918394565582275,20.47850227355957
1778673599.77686,-7.431034088134766,14.67773151397705,1.7664086818695068,20.830066680908203
1778673599.8122034,-7.319934844970703,13.974604606628418,-2.968491315841675,20.830066680908203
1778673599.8472695,-7.414000034332275,13.09575080871582,-3.179903268814087,21.445301055908203
1778673599.8824053,-7.595463275909424,11.513714790344238,-5.6881842613220215,22.85155487060547
1778673599.9177446,-7.3261542320251465,10.283242225646973,-4.256369113922119,26.10348892211914
1778673599.9525769,-7.456150054931641,9.052770614624023,-5.175119876861572,28.740217208862305
1778673599.9877093,-7.630452632904053,7.382816314697266,-5.210073471069336,31.552724838256836
1778673600.0227757,-7.635196685791016,5.888698101043701,-5.713648796081543,33.662078857421875
1778673600.057775,-7.80935001373291,4.306662559509277,-6.478982448577881,35.50778579711914
1778673600.0930152,-7.900551795959473,2.7246270179748535,-5.891921043395996,37.79294967651367
1778673600.128171,-7.901710033416748,1.5820730924606323,-6.660984516143799,39.11131286621094
1778673600.1630483,-7.922870635986328,-0.08788085728883743,-6.090155601501465,40.9570198059082
1778673600.2001803,-7.756082534790039,-1.6699166297912598,-5.105519771575928,42.18749237060547
1778673600.2330868,-7.64432430267334,-2.6366889476776123,-1.9026211500167847,42.451168060302734
1778673600.2682288,-7.756490230560303,-3.6913797855377197,1.4718495607376099,42.451168060302734
1778673600.303179,-7.649111747741699,-5.009769916534424,-0.055548060685396194,42.451168060302734
1778673600.3383973,-7.178512096405029,-5.712897300720215,-1.6563721895217896,42.09960174560547
1778673600.3735783,-6.418785572052002,-6.679669380187988,-6.666292190551758,42.09960174560547
1778673600.4065535,-3.0629994869232178,-7.207014083862305,-6.054287910461426,42.451168060302734
1778673600.4416664,-4.4437642097473145,-7.294877529144287,-3.456191062927246,43.593719482421875
1778673600.476573,-0.955967366695404,-7.294877529144287,-4.713613510131836,44.47262954711914
1778673600.5117512,-1.7740225791931152,-7.294877529144287,-3.003756523132324,46.75779342651367
1778673600.5471604,-1.3402990102767944,-7.294877529144287,-3.143334150314331,47.37302780151367
1778673600.5821016,-3.274280071258545,-7.294877529144287,-0.14635717868804932,47.37302780151367
1778673600.6172476,-5.000086307525635,-7.294877529144287,-0.26501426100730896,47.19724655151367
1778673600.6524987,-0.27521273493766785,-7.294877529144287,2.524707794189453,46.845680236816406
1778673600.68745,4.389790058135986,-7.294877529144287,-0.8133843541145325,43.242156982421875
1778673600.7225268,4.6245527267456055,-7.294877529144287,-3.6053550243377686,42.36327362060547
1778673600.7574997,5.650849342346191,-7.294877529144287,-1.5666742324829102,42.36327362060547
1778673600.7926278,5.599440097808838,-7.294877529144287,0.15037421882152557,42.714839935302734
1778673600.8276837,6.9298577308654785,-7.294877529144287,-1.0101392269134521,42.802703857421875
1778673600.8628948,4.2001495361328125,-5.800760746002197,2.377964973449707,42.802703857421875
1778673600.8978426,6.3422627449035645,-3.7792978286743164,3.3373851776123047,42.62694549560547
1778673600.9329019,3.0568253993988037,-2.021480083465576,3.9439852237701416,42.36327362060547
1778673600.9679909,5.7528076171875,0.08790089190006256,4.6662750244140625,38.84763717651367
1778673601.0029073,7.295536041259766,2.1094183921813965,2.904599905014038,36.03512954711914
1778673601.038056,5.945311069488525,2.9883270263671875,-0.41838690638542175,35.771461486816406
1778673601.0733685,4.411586284637451,4.306662559509277,-0.7110834717750549,35.859352111816406
1778673601.1082747,4.027569770812988,4.658226013183594,-4.097615718841553,36.562477111816406
1778673601.1430986,5.2240071296691895,4.658226013183594,-0.666210949420929,39.11131286621094
1778673601.1764574,-0.2636180520057678,5.00978946685791,-4.876190662384033,40.2538948059082
1778673601.2115288,-0.6452583074569702,5.449216365814209,0.5465752482414246,41.74803924560547
1778673601.2467077,1.228558897972107,5.449216365814209,1.6061532497406006,42.978485107421875
1778673601.2818544,3.0813848972320557,5.361352920532227,5.421962738037109,42.802703857421875
1778673601.3168886,4.211261749267578,5.361352920532227,4.958030700683594,42.62694549560547
1778673601.3519466,2.847466230392456,5.361352920532227,2.499971628189087,40.86913299560547
1778673601.3873332,1.5436525344848633,5.361352920532227,0.7004951238632202,38.49607467651367
1778673601.4224615,-0.11817209422588348,5.361352920532227,1.0796204805374146,38.40818405151367
1778673601.4574459,5.5000505447387695,5.361352920532227,3.1330409049987793,38.40818405151367
1778673601.492662,3.0876314640045166,5.361352920532227,4.794650077819824,37.26560592651367
1778673601.5273519,3.354893207550049,5.361352920532227,5.3272199630737305,34.189422607421875
1778673601.5619168,2.2801291942596436,5.449216365814209,4.480086326599121,31.90428924560547
1778673601.5973275,1.6336431503295898,5.449216365814209,5.967200756072998,30.849597930908203
1778673601.6326885,2.28625226020813,5.537134647369385,6.813607692718506,28.476543426513672
1778673601.668056,0.5292211771011353,5.537134647369385,6.7112956047058105,26.455053329467773
1778673601.7032506,0.5730607509613037,5.537134647369385,6.693366527557373,25.048799514770508
1778673601.738301,-0.7016999125480652,5.537134647369385,6.190737247467041,23.994108200073242
1778673601.7731595,1.3392845392227173,5.537134647369385,7.2126970291137695,23.11522674560547
1778673601.8066862,0.12369013577699661,5.537134647369385,6.998151779174805,22.32421112060547
1778673601.8415966,0.26357418298721313,5.537134647369385,6.026259422302246,19.687484741210938
1778673601.8766859,0.24705354869365692,5.537134647369385,6.701747417449951,19.335920333862305
1778673601.9118092,4.6525421142578125,5.537134647369385,5.920816421508789,17.665992736816406
1778673601.947086,6.721226215362549,5.537134647369385,6.122973918914795,16.962865829467773
1778673601.9821138,4.768413543701172,5.537134647369385,5.84541654586792,15.556612968444824
1778673602.017281,2.644303321838379,5.537134647369385,5.042064189910889,14.765595436096191
1778673602.0525818,-1.4905699491500854,5.800780296325684,1.451259732246399,14.765595436096191
1778673602.0877602,-2.3462648391723633,5.976562023162842,-1.6074209213256836,14.765595436096191
1778673602.1226594,-2.4427733421325684,5.976562023162842,-1.8041281700134277,15.029267311096191
1778673602.1578188,-3.891055107116699,5.976562023162842,-4.9096245765686035,18.01755714416504
1778673602.1931796,-2.8423683643341064,5.976562023162842,-4.34634256362915,21.796863555908203
1778673602.2283354,-3.820098638534546,5.976562023162842,-2.7070815563201904,23.818328857421875
1778673602.2632997,-3.6777596473693848,5.976562023162842,-3.857579469680786,24.345672607421875
1778673602.2964826,-6.37237548828125,5.976562023162842,-4.578836441040039,25.75192642211914
1778673602.331664,-5.186037063598633,4.921871185302734,-3.600260019302368,27.77341651916504
1778673602.3667388,-6.200273513793945,2.373063564300537,-1.9992576837539673,28.915996551513672
1778673602.40396,-6.3731608390808105,-0.7910078763961792,0.12997539341449738,29.003890991210938
1778673602.43705,-5.213789939880371,-2.900388717651367,3.971885919570923,29.003890991210938
1778673602.472208,-6.648882865905762,-3.427734136581421,2.548341751098633,28.300764083862305
1778673602.5072784,-4.982728958129883,-3.339815855026245,2.6016452312469482,26.542945861816406
1778673602.5424953,-4.1345696449279785,-4.042943000793457,0.7872834801673889,24.873018264770508
1778673602.5775652,-3.270742654800415,-4.218724727630615,0.21389763057231903,24.960908889770508
1778673602.6126719,-5.621746063232422,-4.218724727630615,3.116753339767456,24.960908889770508
1778673602.6478732,-6.7674126625061035,-4.218724727630615,0.4427397549152374,25.048799514770508
1778673602.6830475,-6.391986846923828,-4.57028865814209,-1.2821130752563477,25.048799514770508
1778673602.7181168,-6.3745622634887695,-5.0976338386535645,-1.633804202079773,25.312471389770508
1778673602.7535071,-6.6166462898254395,-6.064405918121338,-0.6357964277267456,26.982398986816406
1778673602.786638,-6.413653373718262,-8.173786163330078,-0.1339450627565384,27.77341651916504
1778673602.821757,-6.885971546173096,-10.81051254272461,-1.4648693799972534,27.86130714416504
1778673602.8567843,-6.706642150878906,-12.568329811096191,2.266404390335083,28.652326583862305
1778673602.8918874,-5.7721662521362305,-13.18359375,3.4085586071014404,28.652326583862305
1778673602.926997,-6.463451862335205,-13.18359375,4.050380706787109,28.388652801513672
1778673602.9623878,-6.877374172210693,-13.535157203674316,3.3100979328155518,26.279272079467773
1778673602.9992986,-6.6719818115234375,-14.062501907348633,2.093897819519043,25.048799514770508
1778673603.0325305,-6.752333641052246,-15.029274940490723,-0.2547205984592438,24.960908889770508
1778673603.0672374,-6.503035545349121,-16.259746551513672,2.0323970317840576,25.048799514770508
1778673603.1023183,-6.084076404571533,-17.138654708862305,1.39336359500885,25.13669204711914
1778673603.1374514,-7.210383415222168,-17.490219116210938,2.00502872467041,25.13669204711914
1778673603.172596,-5.2698893547058105,-18.808555603027344,0.6733656525611877,25.048799514770508
1778673603.2078817,-5.210209846496582,-21.621063232421875,3.7017109394073486,25.048799514770508
1778673603.2427254,-4.682365894317627,-25.04880714416504,2.5983428955078125,24.960908889770508
1778673603.278023,-6.1153717041015625,-26.630844116210938,3.663668155670166,24.960908889770508
1778673603.313381,-6.055654048919678,-27.33397102355957,2.7017157077789307,23.554655075073242
1778673603.348416,-6.053267955780029,-27.421859741210938,2.522142171859741,22.9394474029541
1778673603.381583,-6.756748676300049,-27.421859741210938,4.131988048553467,22.85155487060547
1778673603.4169586,-6.632953643798828,-27.949207305908203,6.4718146324157715,21.884756088256836
1778673603.4521344,-7.355423450469971,-29.091760635375977,4.9217610359191895,18.36911964416504
1778673603.4868922,-4.574833869934082,-30.761714935302734,2.6627037525177,15.468722343444824
1778673603.5220358,-3.7490322589874268,-31.992185592651367,-0.7635824680328369,15.117158889770508
1778673603.557147,-2.2608654499053955,-32.25583267211914,1.6890335083007812,15.205048561096191
1778673603.5924008,-1.3021107912063599,-32.25583267211914,0.5127542614936829,15.99606704711914
1778673603.6276805,-3.1627159118652344,-32.25583267211914,-0.5161411762237549,17.57810401916504
1778673603.6628015,-2.6834611892700195,-32.25583267211914,-0.47670355439186096,18.632793426513672
1778673603.6978533,-6.695465087890625,-32.25583267211914,-1.5190057754516602,19.335920333862305
1778673603.7331228,-7.127007007598877,-32.25583267211914,-6.127598285675049,21.181629180908203
1778673603.7682388,-6.341239929199219,-32.25583267211914,-6.075553894042969,24.873018264770508
1778673603.8052607,-6.256405830383301,-32.25583267211914,-6.4500651359558105,27.68552589416504
1778673603.8367362,-7.45463752746582,-32.69528579711914,-5.799470901489258,30.05858039855957
1778673603.8717136,-7.701898097991943,-34.453102111816406,-6.167811870574951,31.376941680908203
1778673603.90676,-7.213745594024658,-37.5292854309082,-5.736751556396484,33.04684066772461
1778673603.9419155,-7.65909481048584,-40.957000732421875,-5.6564412117004395,35.771461486816406
1778673603.9769988,-7.464646816253662,-43.505836486816406,-5.103485584259033,36.738258361816406
1778673604.0120697,-7.769721984863281,-44.033180236816406,-3.9239661693573,37.52927780151367
1778673604.047555,-7.3437371253967285,-45.17576217651367,-5.170633316040039,38.23240280151367
1778673604.0823443,-6.716090679168701,-46.84568786621094,-2.699615716934204,39.19920349121094
1778673604.1176744,-5.146944046020508,-47.724571228027344,1.7435286045074463,39.37498474121094
1778673604.152539,-5.2375898361206055,-47.8124885559082,4.022528648376465,39.11131286621094
1778673604.1876743,-4.044678688049316,-47.900352478027344,4.942087650299072,38.40818405151367
1778673604.222723,-3.1000964641571045,-47.900352478027344,5.0580878257751465,34.628875732421875
1778673604.2576342,-5.261733531951904,-47.900352478027344,3.5898478031158447,30.32225227355957
1778673604.2928813,-4.606899738311768,-47.900352478027344,2.4418907165527344,28.828107833862305
1778673604.3281007,-5.305710792541504,-47.900352478027344,2.785672664642334,28.828107833862305
1778673604.3631835,-6.427752494812012,-48.251914978027344,2.024479627609253,28.740217208862305
1778673604.3983686,-7.006240367889404,-49.746089935302734,1.8266962766647339,28.828107833862305
1778673604.433395,-5.374499797821045,-52.20700454711914,3.8328042030334473,28.828107833862305
1778673604.4663043,-3.1978981494903564,-54.22849655151367,4.125395774841309,28.828107833862305
1778673604.5017657,-3.5583736896514893,-55.72263717651367,3.0104479789733887,27.77341651916504
1778673604.537018,-6.39616584777832,-55.98631286621094,5.315831661224365,26.806615829467773
1778673604.5720873,-5.117551326751709,-56.1620979309082,4.230069160461426,24.960908889770508
1778673604.6071975,-2.016350030899048,-56.68943786621094,3.6032798290252686,23.642545700073242
1778673604.6420934,0.09821928292512894,-57.39257049560547,-2.078444719314575,23.642545700073242
1778673604.6775246,-0.36146530508995056,-57.48043441772461,-1.4679542779922485,23.730438232421875
1778673604.7125015,-3.64505934715271,-57.48043441772461,-0.3783997595310211,23.994108200073242
1778673604.7475898,-3.3149805068969727,-57.48043441772461,-2.2694573402404785,25.312471389770508
1778673604.7827063,-4.678110599517822,-57.65621566772461,-0.7982271909713745,27.24607276916504
1778673604.8180385,-5.477720260620117,-58.09569549560547,-1.8754976987838745,28.300764083862305
1778673604.8530824,-5.067554950714111,-58.710906982421875,0.5996696949005127,29.619125366210938
1778673604.8881233,-5.546847343444824,-60.205078125,-2.0345335006713867,29.882797241210938
1778673604.9232697,-4.886779308319092,-62.40232467651367,1.8335624933242798,30.849597930908203
1778673604.9567091,-2.2671501636505127,-63.98435592651367,3.551548957824707,30.937488555908203
1778673604.991964,-5.025699615478516,-64.24803161621094,3.2418408393859863,30.58592414855957
1778673605.0268455,-3.9428043365478516,-64.24803161621094,-1.1503185033798218,29.619125366210938
1778673605.061992,-2.4219918251037598,-64.33592224121094,-3.3437628746032715,29.091779708862305
1778673605.097034,-2.6633408069610596,-64.33592224121094,-3.9374470710754395,29.091779708862305
1778673605.132235,-5.984759330749512,-64.33592224121094,-1.4462636709213257,29.882797241210938
1778673605.1673262,-6.492618083953857,-64.33592224121094,-1.312949538230896,30.49803352355957
1778673605.204255,-1.6491947174072266,-64.77537536621094,3.588027238845825,30.849597930908203
1778673605.2379277,0.7209537625312805,-65.30272674560547,5.067056655883789,30.849597930908203
1778673605.2725978,-2.2668867111206055,-65.39060974121094,3.4976806640625,30.58592414855957
1778673605.3077512,-2.7468090057373047,-65.39060974121094,3.2686502933502197,28.476543426513672
1778673605.342887,-3.2752726078033447,-65.74217987060547,2.1527748107910156,27.24607276916504
1778673605.3779671,-2.5000743865966797,-66.35741424560547,5.187595367431641,27.070289611816406
1778673605.4131098,-1.2194809913635254,-66.70894622802734,5.754188060760498,24.521455764770508
1778673605.4465814,1.3225425481796265,-66.70894622802734,5.82572078704834,22.23632049560547
1778673605.4817195,1.7780179977416992,-66.70894622802734,6.282950401306152,19.863265991210938
1778673605.5163991,-0.4844762682914734,-66.62108612060547,6.292758941650391,17.84177589416504
1778673605.5516624,2.2042529582977295,-66.70894622802734,4.52577543258667,17.226539611816406
1778673605.5868063,0.20022830367088318,-66.70894622802734,4.004820346832275,17.138648986816406
1778673605.6217186,1.8955413103103638,-66.62108612060547,0.8338185548782349,17.050758361816406
1778673605.6568537,5.585424423217773,-66.70894622802734,-0.4276062846183777,17.226539611816406
1778673605.691399,5.539661407470703,-66.70894622802734,1.5836714506149292,17.84177589416504
1778673605.7266805,1.8205702304840088,-66.62108612060547,3.73026442527771,18.01755714416504
1778673605.7621236,3.373171091079712,-66.44530487060547,5.728618144989014,17.75388526916504
1778673605.7970219,4.115133762359619,-66.00585174560547,5.795957088470459,16.17184829711914
1778673605.8323104,1.4480737447738647,-64.86326599121094,2.7029061317443848,12.744132041931152
1778673605.8673775,3.0934276580810547,-63.63279724121094,-1.0917123556137085,11.425768852233887
1778673605.9024894,3.151914119720459,-62.578102111816406,-1.9926000833511353,11.425768852233887
1778673605.93753,0.32038140296936035,-61.78709030151367,2.750971555709839,12.12889575958252
1778673605.9725559,1.0041139125823975,-61.523414611816406,1.478822112083435,12.392568588256836
1778673606.0076706,0.6976813077926636,-61.523414611816406,2.157233238220215,12.480459213256836
1778673606.0427508,-3.7717535495758057,-61.523414611816406,-2.4333059787750244,12.30467700958252
1778673606.0777433,-2.699930429458618,-61.523414611816406,0.9881916046142578,12.392568588256836
1778673606.1126578,-5.407623767852783,-61.699195861816406,-1.1914539337158203,12.480459213256836
1778673606.1479623,-3.9698193073272705,-63.19334411621094,-3.005058765411377,14.062468528747559
1778673606.1828988,-5.882777690887451,-64.86326599121094,-4.297636985778809,17.314430236816406
1778673606.218195,-4.573265552520752,-66.79686737060547,-1.1640524864196777,19.951156616210938
1778673606.253056,-3.762673854827881,-68.46676635742188,-0.3493533432483673,20.214828491210938
1778673606.2879603,-5.846848964691162,-69.16989135742188,-0.7144952416419983,20.126937866210938
1778673606.3231373,-4.543965816497803,-70.0488052368164,1.8665156364440918,20.039047241210938
1778673606.3582356,-1.5047478675842285,-70.7519302368164,-4.021101474761963,19.160139083862305
1778673606.3932884,-4.669936656951904,-71.015625,-5.680835723876953,18.36911964416504
1778673606.426413,-5.6722612380981445,-71.4550552368164,-5.963888168334961,18.544902801513672
1778673606.4614966,-6.532816410064697,-72.6855239868164,-5.597929000854492,19.775375366210938
1778673606.4966316,-6.466519832611084,-74.88279724121094,-4.851505756378174,23.0273380279541
1778673606.5316846,-3.7302772998809814,-77.51950073242188,-3.5578293800354004,25.927709579467773
1778673606.566907,-3.3347411155700684,-79.013671875,-3.028545618057251,26.718727111816406
1778673606.6038032,0.6546241641044617,-79.365234375,-1.8370392322540283,26.982398986816406
1778673606.63705,0.11569098383188248,-79.365234375,-4.083824634552002,26.982398986816406
1778673606.6721563,3.371582508087158,-79.365234375,-4.064107894897461,26.982398986816406
1778673606.7073944,1.5897619724273682,-79.365234375,-3.2525813579559326,27.33396339416504
1778673606.74255,0.4138881266117096,-79.365234375,0.665988564491272,28.21286964416504
1778673606.777598,-3.7327730655670166,-79.365234375,0.04732721298933029,28.300764083862305
1778673606.8128352,-1.3844200372695923,-79.365234375,2.3879621028900146,28.300764083862305
1778673606.8481183,-1.629300832748413,-79.365234375,4.523089408874512,28.037090301513672
1778673606.8831387,-2.6158008575439453,-79.365234375,4.845285892486572,25.57614517211914
1778673606.918179,-4.563224792480469,-79.365234375,6.323413848876953,22.148427963256836
1778673606.9532995,-2.824949264526367,-79.45309448242188,4.592278957366943,18.544902801513672
1778673606.988271,-1.6707899570465088,-80.068359375,-0.7297347784042358,17.050758361816406
1778673607.0216527,-3.7966716289520264,-80.59571075439453,-2.7941741943359375,17.226539611816406
1778673607.0569441,0.10709793120622635,-80.947265625,-4.869976043701172,17.57810401916504
1778673607.0948038,0.16823992133140564,-81.0351333618164,-4.156140327453613,19.951156616210938
1778673607.1260934,-0.2405807077884674,-81.0351333618164,-1.3285466432571411,22.67577362060547
1778673607.1614685,4.329216957092285,-81.0351333618164,-0.568070113658905,24.433565139770508
1778673607.1969347,3.843651294708252,-81.0351333618164,-1.7692666053771973,24.697235107421875
1778673607.2320511,3.3245251178741455,-81.0351333618164,-3.0672149658203125,25.048799514770508
1778673607.2673707,2.3671045303344727,-80.947265625,1.034885287284851,26.01559829711914
1778673607.3023772,6.225199222564697,-80.947265625,-0.9910703897476196,26.191381454467773
1778673607.3375118,7.478795528411865,-80.5077896118164,-1.5493301153182983,26.191381454467773
1778673607.3727527,7.641618251800537,-78.74996948242188,-4.783566474914551,26.10348892211914
1778673607.4096556,7.447925567626953,-75.93749237060547,-3.6150715351104736,26.718727111816406
1778673607.4428124,6.905852794647217,-72.7734146118164,-1.181885838508606,27.158180236816406
1778673607.478137,6.987087726593018,-70.6640625,-0.1047251895070076,26.982398986816406
1778673607.513201,6.795792579650879,-70.2245864868164,0.1710151731967926,26.806615829467773
1778673607.5465078,4.412309646606445,-69.52145385742188,1.2521535158157349,25.400362014770508
1778673607.5816562,6.02017879486084,-68.64254760742188,1.2354916334152222,24.257781982421875
1778673607.616726,5.031991958618164,-67.85155487060547,2.0290777683258057,23.11522674560547
1778673607.6518455,5.7964348793029785,-67.49999237060547,1.625787377357483,22.58788299560547
1778673607.6870906,5.383120536804199,-67.32421112060547,-3.080998659133911,22.412099838256836
1778673607.7222018,5.035587787628174,-66.70894622802734,1.370930790901184,22.412099838256836
1778673607.757318,1.9047338962554932,-65.91796112060547,-2.5906803607940674,22.23632049560547
1778673607.7923365,-0.37072598934173584,-65.56639099121094,-5.573700904846191,22.23632049560547
1778673607.8277066,-0.37072598934173584,-65.47850036621094,-5.573700904846191,22.412099838256836
1778673607.8628144,-1.4106361865997314,-65.30272674560547,-2.3343513011932373,23.554655075073242
1778673607.8981776,-0.0880778357386589,-64.77537536621094,-0.7823277711868286,24.345672607421875
1778673607.9329686,-0.5860466957092285,-64.95115661621094,-0.9621403217315674,24.345672607421875
1778673607.9680912,-2.251984119415283,-65.30272674560547,-2.6210060119628906,24.433565139770508
1778673608.005075,1.0457183122634888,-66.35741424560547,-1.3287500143051147,25.75192642211914
1778673608.0366058,1.1823005676269531,-66.97264862060547,0.7378747463226318,26.191381454467773
1778673608.071727,2.536816120147705,-66.97264862060547,1.091140866279602,25.927709579467773
1778673608.107056,3.405388832092285,-66.97264862060547,4.561024188995361,25.22458267211914
1778673608.1419306,1.140063762664795,-66.97264862060547,3.6755244731903076,22.67577362060547
1778673608.1770995,-0.4305754005908966,-66.97264862060547,1.9674936532974243,21.181629180908203
1778673608.212293,2.1453752517700195,-66.97264862060547,1.7274011373519897,21.181629180908203
1778673608.2473073,5.886496067047119,-66.97264862060547,1.847934365272522,21.181629180908203
1778673608.2823265,6.210882663726807,-66.97264862060547,0.288339763879776,21.181629180908203
1778673608.3175697,4.9950127601623535,-66.88472747802734,2.3706812858581543,21.181629180908203
1778673608.3525643,6.413784503936768,-66.35741424560547,-4.782872676849365,21.181629180908203
1778673608.3875875,3.469420909881592,-64.77537536621094,-1.9331389665603638,21.181629180908203
1778673608.4227676,1.2935264110565186,-63.10544967651367,-0.8040856719017029,21.269519805908203
1778673608.458253,4.3382439613342285,-61.611331939697266,-4.964902877807617,21.445301055908203
1778673608.4934087,3.2479138374328613,-60.380859375,-4.13554573059082,22.148427963256836
1778673608.5282836,5.839829444885254,-60.029296875,-3.718554973602295,24.785127639770508
1778673608.5616446,2.1935057640075684,-60.029296875,-2.026470184326172,25.75192642211914
1778673608.5966065,0.4793822467327118,-60.029296875,-1.8580329418182373,25.839818954467773
1778673608.6318944,1.5554749965667725,-60.029296875,-2.8767683506011963,25.75192642211914
1778673608.6672134,2.122361660003662,-60.029296875,-2.2344255447387695,26.279272079467773
1778673608.702102,2.814069986343384,-60.029296875,-3.0333993434906006,26.542945861816406
1778673608.7371724,2.6759285926818848,-59.941375732421875,1.2312344312667847,27.59763526916504
1778673608.7722905,1.0279889106750488,-60.029296875,4.320615291595459,27.59763526916504
1778673608.8092778,3.5799522399902344,-60.029296875,4.219295501708984,27.33396339416504
1778673608.842519,1.8539633750915527,-60.029296875,0.16742531955242157,26.279272079467773
1778673608.8778036,-1.457545280456543,-60.029296875,2.051487684249878,25.839818954467773
1778673608.9129434,-1.3712151050567627,-60.029296875,-0.6688293814659119,25.048799514770508
1778673608.9481208,-6.077359676361084,-60.029296875,2.193016529083252,24.697235107421875
1778673608.983497,-4.183897972106934,-60.029296875,3.756925344467163,23.378873825073242
1778673609.018091,-2.5012309551239014,-60.11716079711914,3.595299243927002,21.708972930908203
1778673609.0534074,-2.2138941287994385,-60.732425689697266,2.18684458732605,21.00584602355957
1778673609.0867412,-3.4216222763061523,-61.611331939697266,1.2344199419021606,21.00584602355957
1778673609.122074,-6.059709072113037,-63.36912155151367,3.147517204284668,21.09373664855957
1778673609.1569219,-7.147671222686768,-65.21482849121094,2.8776028156280518,21.09373664855957
1778673609.192273,-6.180442810058594,-67.85155487060547,1.2412854433059692,21.00584602355957
1778673609.2271707,-5.543655872344971,-69.52145385742188,-0.7161169648170471,21.09373664855957
1778673609.2624009,-4.316679000854492,-70.48828125,2.264432430267334,21.884756088256836
1778673609.2975986,-4.038180351257324,-70.6640625,2.3448667526245117,21.972646713256836
1778673609.3327234,-2.7716543674468994,-70.7519302368164,-1.7034072875976562,21.708972930908203
1778673609.3678281,-5.441517353057861,-70.7519302368164,-2.169407844543457,21.708972930908203
1778673609.4051652,-3.6402695178985596,-70.83984375,-1.4335635900497437,22.23632049560547
1778673609.4378889,-2.2081165313720703,-71.1034927368164,0.33823761343955994,23.378873825073242
1778673609.473196,0.6558211445808411,-71.2792739868164,3.014287233352661,23.2910099029541
1778673609.5064085,1.1597661972045898,-71.2792739868164,2.273580551147461,23.11522674560547
1778673609.541654,-1.410832405090332,-71.2792739868164,4.740175724029541,22.148427963256836
1778673609.5767586,0.2818269729614258,-71.2792739868164,5.31859016418457,19.248029708862305
1778673609.6116416,-2.5705034732818604,-71.2792739868164,6.035805702209473,17.226539611816406
1778673609.6467462,0.5678312182426453,-71.36719512939453,6.094928741455078,14.677703857421875
1778673609.6818452,1.6221832036972046,-71.36719512939453,3.8691396713256836,13.359368324279785
1778673609.7168672,-0.03880377858877182,-71.2792739868164,4.294305801391602,13.359368324279785
1778673609.7524726,1.2375061511993408,-71.2792739868164,2.550600051879883,12.744132041931152
1778673609.7873378,4.89888334274292,-71.2792739868164,5.877804279327393,12.656241416931152
1778673609.8225229,2.6130568981170654,-71.2792739868164,5.459501266479492,12.392568588256836
1778673609.8575845,5.773758888244629,-70.3125,3.729536533355713,10.195296287536621
1778673609.8926256,5.661174297332764,-69.08202362060547,5.154650688171387,8.701151847839355
1778673609.9277852,6.661960601806641,-66.97264862060547,4.361979007720947,7.910134315490723
1778673609.9629762,6.676741123199463,-64.24803161621094,1.1365606784820557,7.20700740814209
1778673609.9982867,6.834410190582275,-61.435550689697266,2.9400620460510254,7.031225204467773
1778673610.0332158,7.5560479164123535,-58.886688232421875,2.1137855052948,6.767552375793457
1778673610.0664465,7.469113349914551,-58.007781982421875,1.502070426940918,6.767552375793457
1778673610.1017215,7.2248992919921875,-56.6015510559082,-3.728128671646118,6.767552375793457
1778673610.1368732,7.126097679138184,-54.84373092651367,-4.145094394683838,7.119115829467773
1778673610.1717267,7.457810878753662,-53.437477111816406,-4.819916248321533,10.634751319885254
1778673610.208816,7.1730122566223145,-51.6796875,-4.101407527923584,12.656241416931152
1778673610.2417746,6.148916721343994,-51.064422607421875,-3.4561166763305664,13.710905075073242
1778673610.277077,5.571191310882568,-50.44921875,-5.808825492858887,14.150358200073242
1778673610.3118808,6.059025764465332,-50.273433685302734,-2.5889158248901367,16.08395767211914
1778673610.3467066,5.756977081298828,-49.21874237060547,-5.00864839553833,17.402320861816406
1778673610.3818457,6.012887001037598,-48.69139862060547,-5.523686408996582,18.544902801513672
1778673610.416957,4.54064416885376,-47.900352478027344,-7.119815826416016,19.248029708862305
1778673610.4520278,6.28659200668335,-46.9335823059082,-7.192296504974365,21.708972930908203
1778673610.487265,6.413721084594727,-46.23045349121094,-7.354179859161377,23.466764450073242
1778673610.5223494,6.520832061767578,-45.17576217651367,-6.843255043029785,25.312471389770508
1778673610.5574083,6.269979000091553,-43.945289611816406,-6.7197489738464355,25.57614517211914
1778673610.592564,6.603890895843506,-43.330055236816406,-5.802706718444824,27.158180236816406
1778673610.6281362,6.236274242401123,-42.62692642211914,-5.847278594970703,27.33396339416504
1778673610.6631267,5.756082057952881,-41.396484375,-5.608141899108887,27.68552589416504
1778673610.6981974,6.403386116027832,-40.517574310302734,-3.7626354694366455,29.179670333862305
1778673610.733095,5.738015651702881,-40.078094482421875,-5.0811052322387695,29.355453491210938
1778673610.7664146,5.34584903717041,-39.28710174560547,-3.42330265045166,29.355453491210938
1778673610.8016016,2.129976511001587,-38.58397674560547,-2.5888078212738037,29.355453491210938
1778673610.8366592,1.4426764249801636,-38.4081916809082,-1.7563179731369019,29.091779708862305
1778673610.8717608,-1.8785383701324463,-38.4081916809082,-0.05890621617436409,29.003890991210938
1778673610.9070547,-3.7805354595184326,-38.4081916809082,-3.45324969291687,27.42185401916504
1778673610.9421213,-4.667118549346924,-38.4081916809082,-1.6883032321929932,26.718727111816406
1778673610.977218,0.5232585668563843,-38.4081916809082,-0.5314772725105286,26.718727111816406
1778673611.0127606,3.396028995513916,-38.4081916809082,-2.99749493598938,26.718727111816406
1778673611.0475745,3.9082629680633545,-38.4081916809082,-2.7539501190185547,26.806615829467773
1778673611.0825503,4.295994281768799,-38.4081916809082,-2.138988494873047,27.509742736816406
1778673611.1180708,5.9422807693481445,-38.4081916809082,-3.9068567752838135,27.86130714416504
1778673611.152928,1.3648250102996826,-38.4081916809082,-3.0786056518554688,29.179670333862305
1778673611.187926,-1.9392815828323364,-38.4081916809082,-3.6781346797943115,30.14647102355957
1778673611.2233367,-1.7602707147598267,-38.4081916809082,-3.569145917892456,31.552724838256836
1778673611.256573,-3.337200164794922,-38.4081916809082,-4.3325886726379395,31.90428924560547
1778673611.2916615,-5.395650386810303,-38.4081916809082,-0.702381432056427,34.013641357421875
1778673611.3269453,-5.559720516204834,-38.4081916809082,-1.9452604055404663,35.94723892211914
1778673611.3618436,-3.933586597442627,-39.11132049560547,-0.3954702615737915,36.738258361816406
1778673611.3971233,-1.1204026937484741,-41.044918060302734,1.5868053436279297,36.650367736816406
1778673611.4322426,-1.0393329858779907,-43.154273986816406,1.9481709003448486,36.298805236816406
1778673611.4675071,0.0030073721427470446,-44.29685592651367,3.914921998977661,33.925750732421875
1778673611.502379,1.789089560508728,-44.29685592651367,1.0838786363601685,30.14647102355957
1778673611.5379682,-4.584753036499023,-44.208961486816406,-5.014526844024658,27.77341651916504
1778673611.572666,-2.675750970840454,-44.208961486816406,-4.918240070343018,27.509742736816406
1778673611.6096177,-6.073358535766602,-44.208961486816406,-2.1394457817077637,27.59763526916504
1778673611.6429448,-5.136966228485107,-43.945289611816406,-2.059506416320801,28.652326583862305
1778673611.6780772,-3.5591678619384766,-44.033180236816406,-0.980441153049469,31.025379180908203
1778673611.713359,-1.6197421550750732,-45.17576217651367,-1.9351547956466675,31.81639862060547
1778673611.7466989,-2.7668044567108154,-46.23045349121094,-2.284827470779419,33.398406982421875
1778673611.7817056,-0.808349609375,-46.58201599121094,-1.2854681015014648,33.925750732421875
1778673611.8167892,1.0212533473968506,-46.49412536621094,-4.484293460845947,34.013641357421875
1778673611.851856,3.453411817550659,-46.49412536621094,-1.630594253540039,36.03512954711914
1778673611.886967,-0.7511993646621704,-46.23045349121094,-0.9691027998924255,37.26560592651367
1778673611.9221065,-2.652583122253418,-46.14256286621094,2.1746068000793457,37.26560592651367
1778673611.957191,-1.3844232559204102,-46.14256286621094,2.735724687576294,37.001930236816406
1778673611.9925387,-1.646168828010559,-46.23045349121094,3.7022502422332764,35.41989517211914
1778673612.0275683,0.536271333694458,-46.23045349121094,5.321117877960205,31.728506088256836
1778673612.0628502,1.8896135091781616,-46.23045349121094,5.3842034339904785,28.300764083862305
1778673612.0977855,2.3800547122955322,-46.23045349121094,6.162421703338623,26.455053329467773
1778673612.1332319,3.350933313369751,-46.23045349121094,6.17128324508667,24.169891357421875
1778673612.1679192,3.5729408264160156,-46.23045349121094,5.4921441078186035,22.9394474029541
1778673612.2032013,1.2249901294708252,-45.87889099121094,5.992795944213867,22.412099838256836
1778673612.2363613,2.604686975479126,-45.17576217651367,5.9902143478393555,20.47850227355957
1778673612.2715385,0.8510839939117432,-44.56052780151367,5.1284074783325195,19.423810958862305
1778673612.3066456,4.520413398742676,-43.945289611816406,5.076046943664551,18.808574676513672
1778673612.341942,5.931885242462158,-43.68161392211914,6.06559944152832,18.19333839416504
1778673612.377009,4.521082878112793,-42.890602111816406,6.753438949584961,16.523412704467773
1778673612.4119937,4.549622535705566,-41.396484375,6.91969108581543,14.238249778747559
1778673612.447302,0.9087346196174622,-39.72652816772461,6.98194694519043,11.953113555908203
1778673612.4842858,1.210023045539856,-38.58397674560547,6.46391487121582,10.546859741210938
1778673612.5174477,4.7372727394104,-38.144493103027344,7.822329998016357,9.404278755187988
1778673612.55232,4.790317535400391,-38.144493103027344,7.623867511749268,7.558570861816406
1778673612.5873811,5.939252853393555,-38.0566291809082,7.565128326416016,5.976534366607666
1778673612.6226397,6.86779260635376,-36.82615661621094,7.630849361419678,4.306607723236084
1778673612.6576471,6.707995891571045,-34.540992736816406,7.17900276184082,2.636708974838257
1778673612.6930711,7.216352462768555,-32.60739517211914,5.401910305023193,1.7578002214431763
1778673612.728213,6.834999084472656,-30.937496185302734,2.7566163539886475,1.4941275119781494
1778673612.7612662,6.740271091461182,-29.88280487060547,-1.788610816001892,1.5820183753967285
1778673612.7963898,4.30657958984375,-28.652334213256836,-2.548609733581543,1.7578002214431763
1778673612.831668,2.358268976211548,-28.300769805908203,-2.914719581604004,5.185516834259033
1778673612.8665884,1.3064029216766357,-28.12498664855957,1.4238708019256592,7.822243690490723
1778673612.9016984,2.6669182777404785,-28.12498664855957,-1.8998810052871704,7.998025417327881
1778673612.9368665,-0.4265700578689575,-28.12498664855957,-3.9098260402679443,9.052715301513672
1778673612.9718764,0.148198202252388,-28.12498664855957,-4.207901954650879,11.07420539855957
1778673613.008654,-3.7656636238098145,-28.12498664855957,-5.955811977386475,12.568350791931152
1778673613.041938,-4.173954010009766,-28.476551055908203,-4.089834690093994,15.117158889770508
1778673613.0772262,-5.037845134735107,-29.619104385375977,0.147713765501976,17.314430236816406
1778673613.112531,-0.8847673535346985,-31.640623092651367,-1.283658742904663,17.57810401916504
1778673613.1473281,-2.6481246948242188,-33.749977111816406,-2.9125046730041504,17.57810401916504
1778673613.1824858,-2.6702194213867188,-35.94724655151367,0.03035311959683895,18.10544776916504
1778673613.2175233,0.043543741106987,-37.00193786621094,0.774803876876831,18.10544776916504
1778673613.252957,-1.763952612876892,-37.1777229309082,-2.668811798095703,17.138648986816406
1778673613.2880821,-0.33073508739471436,-37.1777229309082,-3.2430732250213623,16.611303329467773
1778673613.32321,-0.5003994107246399,-37.1777229309082,0.03754255920648575,16.611303329467773
1778673613.3562782,-2.7126388549804688,-37.1777229309082,-2.595611333847046,16.611303329467773
1778673613.391485,-4.078925132751465,-37.1777229309082,-4.305250644683838,16.699193954467773
1778673613.4266312,-1.8422197103500366,-37.1777229309082,-2.2474756240844727,17.92966651916504
1778673613.4618015,-3.0298867225646973,-37.1777229309082,1.988947868347168,18.632793426513672
1778673613.4971507,-0.6887182593345642,-37.1777229309082,-0.2838767170906067,18.544902801513672
1778673613.5321946,-0.4193502366542816,-37.1777229309082,-1.8532013893127441,18.457012176513672
1778673613.567246,-2.4788448810577393,-37.1777229309082,-0.5989014506340027,18.544902801513672
1778673613.6027348,-2.3032777309417725,-37.1777229309082,1.7577853202819824,18.457012176513672
1778673613.6368647,3.479769229888916,-37.1777229309082,2.168285608291626,18.281230926513672
1778673613.6724913,3.4055440425872803,-37.1777229309082,-2.2928359508514404,16.523412704467773
1778673613.7077107,1.2410674095153809,-37.1777229309082,-0.16468188166618347,16.611303329467773
1778673613.74291,2.082923412322998,-37.1777229309082,1.8290024995803833,16.611303329467773
1778673613.7780247,0.9773231744766235,-37.1777229309082,0.15005919337272644,16.611303329467773
1778673613.8149838,-2.6665143966674805,-37.1777229309082,2.518681287765503,16.611303329467773
1778673613.8465226,-1.3440345525741577,-37.1777229309082,2.360917806625366,16.523412704467773
1778673613.881473,-3.5289251804351807,-37.1777229309082,4.163865089416504,15.029267311096191
1778673613.916576,0.08054571598768234,-37.1777229309082,3.8312103748321533,12.656241416931152
1778673613.9516788,3.0564587116241455,-37.1777229309082,6.447061061859131,11.337878227233887
1778673613.986648,4.321807384490967,-37.1777229309082,3.224684953689575,8.437479972839355
1778673614.0217319,4.089126110076904,-37.1777229309082,1.9632502794265747,6.415988922119141
1778673614.0569713,1.776144027709961,-36.38670349121094,4.353534698486328,6.152316093444824
1778673614.0923061,2.4353435039520264,-35.24412155151367,5.379794120788574,5.712862014770508
1778673614.1271899,0.3082330524921417,-34.71677780151367,5.108705997467041,4.042935371398926
1778673614.1625676,3.117830753326416,-34.71677780151367,7.184396743774414,3.3398358821868896
1778673614.1973245,-0.6589912176132202,-34.628883361816406,6.482486724853516,1.142564058303833
1778673614.2326882,3.2541239261627197,-34.628883361816406,6.738643169403076,-0.17579905688762665
1778673614.267601,2.793375253677368,-34.628883361816406,7.032956123352051,-1.1425986289978027
1778673614.3029137,0.8490129113197327,-34.277320861816406,7.163598537445068,-3.076197862625122
1778673614.3381193,-2.1701695919036865,-34.013648986816406,4.085163593292236,-4.570343017578125
1778673614.3731008,-0.34171727299690247,-34.013648986816406,4.829176425933838,-5.361361026763916
1778673614.410308,0.9510019421577454,-34.013648986816406,6.423528671264648,-5.273469924926758
1778673614.4416022,2.840610980987549,-33.925758361816406,3.388523578643799,-5.361361026763916
1778673614.476663,2.4036295413970947,-33.925758361816406,5.368710041046143,-5.361361026763916
1778673614.5118554,0.7493120431900024,-33.749977111816406,5.183199882507324,-5.449251651763916
1778673614.5470479,1.0570976734161377,-33.662086486816406,5.338785171508789,-6.943369388580322
1778673614.5823722,-2.173764705657959,-33.662086486816406,2.6008660793304443,-8.173840522766113
1778673614.617469,-2.277336597442627,-33.57419204711914,3.682405710220337,-8.173840522766113
1778673614.6523252,-3.894442558288574,-33.662086486816406,3.156571626663208,-8.173840522766113
1778673614.6873884,-0.2319830060005188,-33.57419204711914,5.238763809204102,-8.173840522766113
1778673614.7225707,1.1556494235992432,-33.662086486816406,3.031297445297241,-8.701186180114746
1778673614.7576652,0.061503421515226364,-33.662086486816406,2.632072925567627,-8.789076805114746
1778673614.7928596,-1.2235654592514038,-33.662086486816406,4.459192276000977,-8.789076805114746
1778673614.8278816,1.8293272256851196,-33.662086486816406,3.5430397987365723,-9.404313087463379
1778673614.8631687,0.06325758993625641,-33.57419204711914,0.7088624835014343,-10.107439994812012
1778673614.8963554,-0.20604969561100006,-33.662086486816406,1.9494048357009888,-10.019549369812012
1778673614.9314866,1.4404815435409546,-33.662086486816406,3.0518624782562256,-10.019549369812012
1778673614.9666076,-0.6586312055587769,-33.662086486816406,2.864556074142456,-10.283222198486328
1778673615.00172,2.81557297706604,-33.662086486816406,3.5502090454101562,-11.162130355834961
1778673615.037036,3.2474050521850586,-33.662086486816406,3.070495128631592,-12.04103946685791
1778673615.0723186,5.859538555145264,-33.662086486816406,-0.8336169719696045,-12.216821670532227
1778673615.1072168,5.537088871002197,-33.662086486816406,-2.9372990131378174,-12.216821670532227
1778673615.142712,7.501694679260254,-33.22262954711914,-1.112692952156067,-12.04103946685791
1778673615.177338,7.471744537353516,-32.080047607421875,-3.1055774688720703,-10.459003448486328
1778673615.214499,7.357154846191406,-29.88280487060547,-0.6709024310112,-8.173840522766113
1778673615.2480392,6.0296783447265625,-27.421859741210938,-0.14081448316574097,-8.085949897766113
1778673615.2828357,6.014147758483887,-24.697242736816406,0.8876379728317261,-8.173840522766113
1778673615.3179235,3.146698236465454,-22.587890625,-0.7720549702644348,-9.140640258789062
1778673615.3532112,2.212871551513672,-21.445281982421875,1.736686110496521,-9.667985916137695
1778673615.3863552,1.2070937156677246,-21.445281982421875,2.9230737686157227,-10.459003448486328
1778673615.421496,3.3586134910583496,-21.445281982421875,-1.2530038356781006,-12.744166374206543
1778673615.4566727,2.3670668601989746,-21.445281982421875,-1.806700587272644,-13.183621406555176
1778673615.491756,1.4792671203613281,-21.445281982421875,-3.840348958969116,-13.183621406555176
1778673615.5269625,-0.7184528708457947,-21.445281982421875,-5.3380446434021,-12.216821670532227
1778673615.5623667,-1.5492262840270996,-21.445281982421875,-4.654566287994385,-8.789076805114746
1778673615.5972548,-2.7328739166259766,-21.445281982421875,-1.5795347690582275,-6.416024208068848
1778673615.6325524,2.3577961921691895,-23.115234375,-4.943910121917725,-5.537142753601074
1778673615.6673365,-0.07363639026880264,-24.87302589416504,-3.5351696014404297,-4.482452392578125
1778673615.702448,-2.9612812995910645,-25.751934051513672,-2.0114052295684814,-4.218779563903809
1778673615.7378092,-4.003997325897217,-26.455060958862305,0.27173519134521484,-4.218779563903809
1778673615.7730715,-0.9178652763366699,-27.421859741210938,-0.6737855672836304,-4.306670665740967
1778673615.8101153,-5.081301212310791,-28.652334213256836,0.5727620124816895,-4.306670665740967
1778673615.843055,-1.5100111961364746,-29.619104385375977,-0.26296713948249817,-4.570343017578125
1778673615.876291,-3.5442636013031006,-30.937496185302734,1.887174129486084,-4.482452392578125
1778673615.911471,-5.092976093292236,-31.640623092651367,1.9118728637695312,-5.185579299926758
1778673615.9466817,-6.441625595092773,-31.640623092651367,4.198188304901123,-6.679696559906006
1778673615.981832,-5.464071273803711,-32.25583267211914,4.24974250793457,-8.43751335144043
1778673616.016859,-5.995337009429932,-33.837867736816406,3.795459032058716,-10.019549369812012
1778673616.0519555,-5.333330154418945,-35.77146911621094,0.17024244368076324,-10.283222198486328
1778673616.0874777,-4.855730056762695,-36.73826599121094,-1.7133784294128418,-10.459003448486328
1778673616.1225083,-7.141646862030029,-37.1777229309082,-3.875216007232666,-10.283222198486328
1778673616.1576567,-6.899224758148193,-37.35350036621094,-3.7760050296783447,-7.822277545928955
1778673616.1928046,-6.172231197357178,-38.144493103027344,-0.8048204779624939,-4.482452392578125
1778673616.2278996,-6.969754695892334,-39.990230560302734,-0.6785416603088379,-2.988306999206543
1778673616.2630742,-7.416901588439941,-41.572265625,-2.9913792610168457,-2.8125252723693848
1778673616.298124,-7.214666843414307,-43.85740280151367,-3.5816962718963623,-1.5820530652999878
1778673616.3330755,-5.235281944274902,-44.91209030151367,-0.6744895577430725,-0.26368993520736694
1778673616.3667915,-1.580508828163147,-45.79099655151367,-2.7026498317718506,0.26365530490875244
1778673616.4018252,3.151606798171997,-46.23045349121094,-1.8573917150497437,0.6152188181877136
1778673616.4369428,0.7566381692886353,-46.23045349121094,-2.6475188732147217,0.8788914680480957
1778673616.4719884,2.251633882522583,-46.23045349121094,1.1649808883666992,1.3183457851409912
1778673616.5068915,0.7452912330627441,-46.23045349121094,2.5741891860961914,1.142564058303833
1778673616.5421379,2.5792956352233887,-46.23045349121094,4.394461154937744,0.9667823314666748
1778673616.5772853,2.2182130813598633,-45.35154342651367,0.5779887437820435,-2.28518009185791
1778673616.61439,-2.7314932346343994,-43.68161392211914,0.639554500579834,-4.921906471252441
1778673616.6476338,-0.8731433153152466,-42.275360107421875,-1.129866600036621,-5.273469924926758
1778673616.6826215,-5.241281032562256,-41.48434829711914,-1.4477776288986206,-5.0097975730896
1778673616.7178035,0.86674565076828,-40.781219482421875,-0.31649014353752136,-3.9551069736480713
1778673616.7529287,6.190333843231201,-40.166011810302734,-5.442016124725342,-3.867216110229492
1778673616.7881413,4.926671028137207,-39.990230560302734,-3.8934009075164795,-1.669943928718567
1778673616.8231497,4.532851696014404,-39.990230560302734,-4.808962345123291,0.43943706154823303
1778673616.856591,4.398719310760498,-39.63866424560547,-4.132028102874756,2.1972546577453613
1778673616.8915956,4.801740646362305,-37.7050666809082,-3.0121383666992188,2.636708974838257
1778673616.9270065,5.470775604248047,-35.41990280151367,-6.2597975730896,2.724599838256836
1778673616.9618714,1.6120249032974243,-33.662086486816406,-5.869760990142822,3.9550445079803467
1778673616.9969203,-1.1986418962478638,-32.78317642211914,-6.357346057891846,5.449189186096191
1778673617.0321376,1.2997064590454102,-32.51950454711914,-6.226874828338623,7.382789134979248
1778673617.067372,2.4297828674316406,-32.51950454711914,-3.2628941535949707,8.613261222839355
1778673617.1021852,0.5759341716766357,-32.51950454711914,-5.51849365234375,8.525370597839355
1778673617.1371858,-2.823535203933716,-32.51950454711914,-5.960723400115967,8.876934051513672
1778673617.172339,-1.5219414234161377,-32.51950454711914,-6.732637882232666,10.98631477355957
1778673617.2073889,-2.3269338607788086,-32.51950454711914,-6.343812942504883,12.919914245605469
1778673617.2425756,0.6353182792663574,-33.486305236816406,-3.7046825885772705,13.710905075073242
1778673617.2775679,3.352144956588745,-35.33201217651367,1.7195475101470947,14.238249778747559
1778673617.3126113,4.582803249359131,-36.21092224121094,2.4940779209136963,14.062468528747559
1778673617.347654,4.866202354431152,-36.21092224121094,-1.0947085618972778,12.392568588256836
1778673617.3825939,5.052455902099609,-36.21092224121094,-0.6138336658477783,11.425768852233887
1778673617.4176726,6.018697738647461,-36.21092224121094,0.12293484807014465,11.337878227233887
1778673617.4528012,4.531329154968262,-36.21092224121094,2.6249163150787354,10.195296287536621
1778673617.4879136,0.39674368500709534,-34.628883361816406,2.846345901489258,7.558570861816406
1778673617.5229554,2.022869348526001,-33.398414611816406,3.67252516746521,6.064425468444824
1778673617.5582554,2.5946452617645264,-33.398414611816406,1.1137208938598633,4.746062278747559
1778673617.591407,3.1386635303497314,-33.310523986816406,0.17168942093849182,4.6581711769104
1778673617.6265156,2.6095852851867676,-32.34375,-0.22620265185832977,4.833953380584717
1778673617.6615162,-3.350062131881714,-31.728485107421875,0.4679631292819977,5.273407459259033
1778673617.6966143,4.2473039627075195,-31.728485107421875,-0.6090042591094971,5.273407459259033
1778673617.73348,7.195198059082031,-31.640623092651367,-2.381086587905884,6.064425468444824
1778673617.7668014,6.553117275238037,-31.025358200073242,0.5193963646888733,8.261697769165039
1778673617.8018053,6.946339130401611,-29.70702362060547,2.362644910812378,7.998025417327881
1778673617.836889,6.7350029945373535,-27.86128807067871,3.3758790493011475,7.558570861816406
1778673617.8718386,6.655430316925049,-25.40036964416504,4.077754974365234,4.746062278747559
1778673617.9071333,6.655608654022217,-22.67575454711914,3.9000842571258545,1.5820183753967285
1778673617.9422076,7.151020050048828,-21.093717575073242,1.5415966510772705,0.6152188181877136
1778673617.9773805,6.320127487182617,-20.39059066772461,-3.3021700382232666,0.43943706154823303
1778673618.0142725,6.689545154571533,-19.687463760375977,-0.6607781052589417,0.6152188181877136
1778673618.0475357,6.949635982513428,-18.720691680908203,-3.1811556816101074,1.230454921722412
1778673618.0826693,2.5668225288391113,-17.666000366210938,-1.446894884109497,3.3398358821868896
1778673618.1176026,5.312166213989258,-17.138654708862305,-3.1058177947998047,4.306607723236084
1778673618.1526053,5.89578104019165,-17.138654708862305,-3.358574628829956,5.800752639770508
1778673618.187563,4.588806629180908,-16.874956130981445,0.9618483781814575,6.855443477630615
1778673618.2225828,4.325496196746826,-16.347610473632812,-0.7637749314308167,7.031225204467773
1778673618.2575533,4.9313435554504395,-16.347610473632812,0.5004372000694275,6.943334102630615
1778673618.2925258,4.01317024230957,-16.171829223632812,-2.669300079345703,5.976534366607666
1778673618.3274412,4.705711364746094,-15.996047019958496,0.08232370018959045,5.62497091293335
1778673618.3624084,-0.6885010004043579,-15.380838394165039,3.0302717685699463,5.449189186096191
1778673618.3974185,-0.02026839554309845,-14.765628814697266,2.17482852935791,3.8671536445617676
1778673618.4323258,2.8766133785247803,-14.677711486816406,1.166822075843811,2.812490701675415
1778673618.4674134,4.262513160705566,-14.677711486816406,2.554743766784668,2.812490701675415
1778673618.5025237,4.343123435974121,-14.677711486816406,1.8221064805984497,1.8456910848617554
1778673618.537479,2.205033302307129,-14.326147079467773,-1.6779581308364868,1.3183457851409912
1778673618.5728638,2.178035259246826,-13.886720657348633,-3.355337142944336,1.4062366485595703
1778673618.6078892,-1.1845111846923828,-13.710938453674316,1.2494572401046753,3.2519450187683105
1778673618.6429,-0.723797082901001,-13.710938453674316,4.358970642089844,4.130825996398926
1778673618.6780221,-1.0980968475341797,-13.710938453674316,3.622659206390381,3.9550445079803467
1778673618.713229,0.3789333701133728,-13.710938453674316,-0.43444716930389404,2.636708974838257
1778673618.746404,3.7866532802581787,-13.710938453674316,-1.9891008138656616,2.2851455211639404
1778673618.781575,5.082054615020752,-13.710938453674316,0.3481871485710144,2.3730363845825195
1778673618.816511,2.984973430633545,-13.710938453674316,-2.881859064102173,2.3730363845825195
1778673618.8515747,0.20116017758846283,-13.710938453674316,-2.787856340408325,2.900381565093994
1778673618.8867273,-2.1015074253082275,-13.710938453674316,-3.4230926036834717,5.185516834259033
1778673618.921557,-3.9066240787506104,-13.710938453674316,-0.27324178814888,6.679661750793457
1778673618.9567091,-5.433644771575928,-13.710938453674316,2.418549060821533,6.591770648956299
1778673618.9916651,-0.5226289629936218,-13.710938453674316,2.841073513031006,6.415988922119141
1778673619.026976,2.92354154586792,-13.710938453674316,3.4054954051971436,4.394498825073242
1778673619.0618684,1.1504877805709839,-13.710938453674316,1.7422209978103638,1.7578002214431763
1778673619.0970228,1.1783162355422974,-13.710938453674316,-0.18242193758487701,1.5820183753967285
1778673619.132107,5.999583721160889,-13.710938453674316,0.23905767500400543,1.6699093580245972
1778673619.167419,2.1155638694763184,-13.710938453674316,1.2883796691894531,1.6699093580245972
1778673619.2025018,2.8851661682128906,-13.710938453674316,-0.7686667442321777,1.6699093580245972
1778673619.2375655,6.148329257965088,-13.44723892211914,-1.983080506324768,1.7578002214431763
1778673619.2719662,5.958985328674316,-12.216766357421875,-3.3863518238067627,2.9882724285125732
1778673619.3077548,4.702985763549805,-9.75582218170166,-0.7367227673530579,5.009735107421875
1778673619.3426726,6.201288223266602,-6.5917510986328125,0.8461006879806519,5.009735107421875
1778673619.377808,7.472160339355469,-3.2519524097442627,1.7184991836547852,4.482389450073242
1778673619.4145715,7.163881778717041,-1.0546531677246094,2.8763320446014404,1.5820183753967285
1778673619.4477158,7.482072353363037,0.26368263363838196,2.850416660308838,-0.17579905688762665
1778673619.4830341,6.653383731842041,1.7578548192977905,0.4138336777687073,-1.845725655555725
1778673619.5164905,6.553242206573486,2.8125452995300293,0.9056873321533203,-2.197289228439331
1778673619.5514133,6.775777816772461,3.2519724369049072,1.4506367444992065,-2.109398365020752
1778673619.5867157,5.9448676109313965,3.6035356521606445,2.3834879398345947,-2.3730709552764893
1778673619.6217728,4.693672180175781,4.218744277954102,4.6191887855529785,-3.5156521797180176
1778673619.6570783,5.359157562255859,4.4824442863464355,3.7767086029052734,-5.537142753601074
1778673619.693749,6.14432954788208,4.921871185302734,5.243657112121582,-6.855478286743164
1778673619.727177,3.99031662940979,5.361352920532227,6.152429103851318,-8.43751335144043
1778673619.762255,2.168245315551758,5.624998569488525,4.434671878814697,-10.459003448486328
1778673619.7974052,2.923618793487549,5.712916374206543,4.199757099151611,-10.898458480834961
1778673619.832671,-1.4691402912139893,5.624998569488525,5.22126579284668,-11.162130355834961
1778673619.867799,-3.8240113258361816,5.712916374206543,3.185826539993286,-12.568385124206543
1778673619.9028513,-2.78131365776062,5.624998569488525,2.7469701766967773,-12.744166374206543
1778673619.9378855,-0.474588006734848,5.624998569488525,4.5320515632629395,-12.744166374206543
1778673619.9731793,0.26056116819381714,5.624998569488525,6.507627487182617,-12.83205795288086
1778673620.0064497,-0.026766633614897728,5.624998569488525,6.974490165710449,-13.359403610229492
1778673620.0416293,4.059346675872803,5.624998569488525,6.850662708282471,-16.435556411743164
1778673620.0765882,4.076140880584717,5.624998569488525,2.6877264976501465,-18.808609008789062
1778673620.111842,2.4570019245147705,5.624998569488525,-1.2675727605819702,-18.984390258789062
1778673620.1468942,-3.201901435852051,5.624998569488525,-2.662529706954956,-18.984390258789062
1778673620.1819413,-1.648107647895813,5.712916374206543,-0.6010356545448303,-17.84181022644043
1778673620.2191567,-2.667598009109497,5.624998569488525,-0.28839173913002014,-15.644537925720215
1778673620.2525935,-3.2792625427246094,5.624998569488525,0.9453411102294922,-15.556674003601074
1778673620.2874596,-3.259680986404419,5.624998569488525,-0.8718701601028442,-15.556674003601074
1778673620.3227475,-4.760467529296875,5.624998569488525,3.4979279041290283,-14.941438674926758
1778673620.3576567,-3.4412357807159424,5.449216365814209,-0.7422097325325012,-14.501983642578125
1778673620.3929565,-3.4734652042388916,3.691453695297241,-1.2612332105636597,-13.271512031555176
1778673620.4280117,3.536464214324951,2.197281837463379,-1.0576308965682983,-12.480494499206543
1778673620.4632752,1.5570024251937866,1.5820730924606323,-1.1724330186843872,-11.95314884185791
1778673620.4964828,2.0712528228759766,1.6699366569519043,-2.8685953617095947,-11.601585388183594
1778673620.5314038,0.2031882405281067,1.6699366569519043,-1.324389100074768,-9.843767166137695
1778673620.5665863,2.058987617492676,1.6699366569519043,-0.26294106245040894,-9.667985916137695
1778673620.6018739,-0.5649741888046265,1.6699366569519043,0.20706532895565033,-9.843767166137695
1778673620.6369512,-0.3485398590564728,2.197281837463379,0.34299910068511963,-10.019549369812012
1778673620.6720638,-0.16468267142772675,2.460981845855713,0.44807562232017517,-10.371113777160645
1778673620.7071056,0.9231366515159607,2.460981845855713,3.420689344406128,-10.722677230834961
1778673620.7424119,-3.933295965194702,2.460981845855713,3.7335989475250244,-12.83205795288086
1778673620.7775111,-2.2829723358154297,2.460981845855713,6.437559127807617,-15.117220878601074
1778673620.8147411,-1.8411309719085693,2.460981845855713,5.53348970413208,-17.66602897644043
1778673620.8479857,1.462033987045288,2.460981845855713,6.669632434844971,-19.687519073486328
1778673620.8830545,-0.8710802793502808,2.460981845855713,6.427224159240723,-22.58791732788086
1778673620.9179204,-1.1630076169967651,2.460981845855713,5.430904865264893,-23.818387985229492
1778673620.951326,-3.452394723892212,2.460981845855713,6.1890411376953125,-24.521514892578125
1778673620.9863868,-4.858305931091309,2.460981845855713,6.371737003326416,-26.103525161743164
