dt,yaw_cmd,yaw_pos,pitch_cmd,pitch_pos
1778674368.5585873,0.0,-2.1972618103027344,0.0,-1.7302845662925392e-05
1778674368.5594718,0.0,-2.1972618103027344,0.8265333771705627,-1.7302845662925392e-05
1778674368.5602157,0.0,-2.1972618103027344,2.5603151321411133,-0.08790817856788635
1778674368.5609746,0.0,-2.1972618103027344,3.5101428031921387,-0.7910351753234863
1778674368.561705,0.0,-2.1972618103027344,5.988389015197754,-2.197289228439331
1778674368.5624125,0.0,-2.1972618103027344,5.445652961730957,-5.0976881980896
1778674368.563163,0.0,-2.1972618103027344,5.445652961730957,-7.031260013580322
1778674368.5914924,0.0,-2.1972618103027344,6.634716510772705,-7.207041263580322
1778674368.6226277,0.0,-2.1972618103027344,5.81907320022583,-9.316422462463379
1778674368.655926,0.0,-2.1972618103027344,5.998287200927734,-11.337912559509277
1778674368.6910486,0.0,-2.1972618103027344,5.819544315338135,-11.601585388183594
1778674368.726251,0.0,-2.1972618103027344,6.21078634262085,-13.09572982788086
1778674368.7614846,0.0,-2.1972618103027344,5.73968505859375,-14.414093971252441
1778674368.7946403,0.0,-2.1972618103027344,6.952991962432861,-15.380892753601074
1778674368.8296473,0.0,-2.1972618103027344,3.7257001399993896,-17.66602897644043
1778674368.8645997,0.0,-2.1972618103027344,4.8382792472839355,-18.193374633789062
1778674368.8992307,0.0,-2.1972618103027344,5.395956516265869,-18.193374633789062
1778674368.934281,0.0,-2.1972618103027344,5.892210483551025,-19.248064041137695
1778674368.969469,0.0,-2.1972618103027344,7.009195804595947,-20.742210388183594
1778674369.003532,0.0,-2.1972618103027344,7.354195594787598,-22.76369857788086
1778674369.0404139,0.0,-2.1972618103027344,5.80393123626709,-24.082061767578125
1778674369.075522,0.0,-2.1972618103027344,6.511959552764893,-24.433626174926758
1778674369.1099942,0.0,-2.1972618103027344,5.466704845428467,-26.630870819091797
1778674369.14311,0.0,-2.1972618103027344,5.222689151763916,-26.630870819091797
1778674369.178454,0.0,-2.1972618103027344,5.328803062438965,-26.894542694091797
1778674369.2134922,0.0,-2.285125494003296,3.152622699737549,-27.861343383789062
1778674369.2488468,0.0,-2.285125494003296,-0.6705625057220459,-27.861343383789062
1778674369.2840605,0.0,-2.285125494003296,-0.2977379858493805,-27.861343383789062
1778674369.3211908,0.0,-2.285125494003296,-0.001363801653496921,-26.982433319091797
1778674369.3560278,0.0,-2.285125494003296,-1.5387349128723145,-25.66407012939453
1778674369.3891914,0.0,-2.285125494003296,-3.4996089935302734,-23.291044235229492
1778674369.424105,0.0,-2.285125494003296,-3.1561777591705322,-21.093772888183594
1778674369.4590876,0.0,-2.285125494003296,-3.494598388671875,-19.248064041137695
1778674369.4945724,0.0,-2.285125494003296,-3.2807250022888184,-17.92970085144043
1778674369.5300276,0.0,-2.285125494003296,1.5185599327087402,-17.84181022644043
1778674369.5645525,0.0,-2.285125494003296,2.6029703617095947,-17.84181022644043
1778674369.6001656,0.0,-2.285125494003296,4.839278697967529,-17.84181022644043
1778674369.6354995,0.0,-2.285125494003296,3.027217149734497,-19.863300323486328
1778674369.6703148,0.0,-2.285125494003296,5.471164703369141,-22.76369857788086
1778674369.70551,0.0,-2.285125494003296,4.852946758270264,-25.751962661743164
1778674369.740565,0.0,-2.285125494003296,4.500990867614746,-26.630870819091797
1778674369.7757113,0.0,-2.285125494003296,4.0394182205200195,-27.50977897644043
1778674369.810245,0.0,-2.285125494003296,4.191962718963623,-28.828140258789062
1778674369.8451574,0.0,-2.285125494003296,0.011214794591069221,-29.531269073486328
1778674369.878495,0.0,-2.285125494003296,-0.10942992568016052,-29.531269073486328
1778674369.9137504,0.0,-2.285125494003296,1.4796879291534424,-29.531269073486328
1778674369.949259,0.0,-2.285125494003296,4.273303508758545,-29.531269073486328
1778674369.985869,0.0,-2.285125494003296,4.5321245193481445,-29.531269073486328
1778674370.0229564,0.0,-2.285125494003296,2.551461696624756,-29.97072410583496
1778674370.0561304,0.0,-2.285125494003296,-1.3011544942855835,-30.322288513183594
1778674370.0911627,0.0,-2.285125494003296,-0.43171897530555725,-30.322288513183594
1778674370.124415,0.0,-2.285125494003296,-4.474233150482178,-30.322288513183594
1778674370.159417,0.0,-2.285125494003296,-4.329038143157959,-29.531269073486328
1778674370.1944177,0.0,-2.285125494003296,-2.843581438064575,-26.806652069091797
1778674370.2290177,0.0,-2.285125494003296,-2.3604965209960938,-25.04886245727539
1778674370.2641144,0.0,-2.285125494003296,-2.764158010482788,-24.609407424926758
1778674370.299928,0.0,-2.285125494003296,-5.819025993347168,-23.906280517578125
1778674370.3349504,0.0,-2.285125494003296,-5.434858322143555,-21.533227920532227
1778674370.3699965,0.0,-2.285125494003296,-3.0208897590637207,-19.423845291137695
1778674370.4055383,0.0,-2.285125494003296,-3.2735040187835693,-18.984390258789062
1778674370.4403858,0.0,-2.285125494003296,-3.8207719326019287,-18.896501541137695
1778674370.4754846,0.0,-2.285125494003296,-2.588430166244507,-17.92970085144043
1778674370.5105882,0.0,-2.285125494003296,-0.6530188322067261,-17.92970085144043
1778674370.545801,0.0,-2.285125494003296,1.5503672361373901,-17.92970085144043
1778674370.5810335,0.0,-2.285125494003296,-0.9299787282943726,-19.248064041137695
1778674370.616251,0.0,-2.285125494003296,-2.0833444595336914,-19.863300323486328
1778674370.6495888,0.0,-2.285125494003296,-1.1748456954956055,-19.863300323486328
1778674370.684561,0.0,-2.285125494003296,1.3788858652114868,-19.775409698486328
1778674370.7196612,0.0,-2.285125494003296,4.186288833618164,-19.863300323486328
1778674370.754809,0.0,-2.285125494003296,2.3280413150787354,-21.093772888183594
1778674370.789896,0.0,-2.285125494003296,3.8690695762634277,-22.58791732788086
1778674370.825136,0.0,-2.285125494003296,5.5738725662231445,-24.697298049926758
1778674370.8601983,0.0,-2.285125494003296,5.407112121582031,-27.50977897644043
1778674370.8950331,0.0,-2.285125494003296,4.454552173614502,-30.14650535583496
1778674370.9302037,0.0,-2.285125494003296,1.753229022026062,-30.761741638183594
1778674370.9653373,0.0,-2.285125494003296,3.8065695762634277,-30.761741638183594
1778674371.000473,0.0,-2.285125494003296,3.245739698410034,-30.761741638183594
1778674371.0351543,0.0,-2.285125494003296,5.382109642028809,-30.849632263183594
1778674371.070387,0.0,-2.285125494003296,6.792793273925781,-33.134796142578125
1778674371.1057107,0.0,-2.285125494003296,4.564458847045898,-36.0351676940918
1778674371.1406324,0.0,-2.285125494003296,3.0165717601776123,-37.26564025878906
1778674371.1755128,0.0,-2.285125494003296,2.2813563346862793,-37.26564025878906
1778674371.2108881,0.0,-2.285125494003296,-0.7432783246040344,-37.26564025878906
1778674371.2454014,0.0,-2.285125494003296,-2.7293148040771484,-36.6504020690918
1778674371.2810376,0.0,-2.285125494003296,1.2097982168197632,-34.18948745727539
1778674371.3160598,0.0,-2.285125494003296,-0.6394912600517273,-32.60744857788086
1778674371.3496323,0.0,-2.285125494003296,-0.033914633095264435,-32.60744857788086
1778674371.3845131,0.0,-2.285125494003296,-4.404546737670898,-32.60744857788086
1778674371.4233727,0.0,-2.285125494003296,-5.141568660736084,-32.08010482788086
1778674371.4547644,0.0,-2.285125494003296,-5.832439422607422,-29.355487823486328
1778674371.4895873,0.0,-2.285125494003296,-6.32446813583374,-25.48828887939453
1778674371.5247931,0.0,-2.285125494003296,-6.039712905883789,-22.851591110229492
1778674371.5598083,0.0,-2.285125494003296,-5.767216205596924,-21.533227920532227
1778674371.5949943,0.0,-2.285125494003296,-6.823376178741455,-19.775409698486328
1778674371.6303759,0.0,-2.285125494003296,-6.819518566131592,-17.578136444091797
1778674371.6652567,0.0,-2.285125494003296,-5.559585094451904,-16.347665786743164
1778674371.7006416,0.0,-2.285125494003296,-6.397857666015625,-15.556674003601074
1778674371.735722,0.0,-2.285125494003296,-2.3680646419525146,-14.414093971252441
1778674371.7709203,0.0,-2.285125494003296,1.1054023504257202,-14.414093971252441
1778674371.805941,0.0,-2.285125494003296,-0.29992008209228516,-14.501983642578125
1778674371.8408978,0.0,-2.285125494003296,-4.915644645690918,-15.556674003601074
1778674371.8760195,0.0,-2.285125494003296,-6.911163806915283,-15.996101379394531
1778674371.9093962,0.0,-2.285125494003296,-7.045087814331055,-15.996101379394531
1778674371.9445758,0.0,-2.285125494003296,-7.135538101196289,-14.853547096252441
1778674371.9797919,0.0,-2.285125494003296,-7.304431915283203,-11.77736759185791
1778674372.01491,0.0,-2.285125494003296,-5.281320571899414,-8.613295555114746
1778674372.0499625,0.0,-2.285125494003296,-2.944486141204834,-7.3828229904174805
1778674372.0850532,0.0,-2.285125494003296,-0.42351773381233215,-7.1191511154174805
1778674372.120255,0.0,-2.285125494003296,-2.140702247619629,-7.2949323654174805
1778674372.1555514,0.0,-2.285125494003296,0.18060612678527832,-7.646495819091797
1778674372.1906328,0.0,-2.285125494003296,0.10471641272306442,-9.755876541137695
1778674372.2256122,0.0,-2.285125494003296,0.32751238346099854,-10.459003448486328
1778674372.2606118,0.0,-2.285125494003296,1.3990464210510254,-11.77736759185791
1778674372.2958407,0.0,-2.285125494003296,6.231934070587158,-12.83205795288086
1778674372.3309674,0.0,-2.285125494003296,3.327268362045288,-15.46878433227539
1778674372.3660564,0.0,-2.285125494003296,2.495738983154297,-16.611337661743164
1778674372.3992975,0.0,-2.285125494003296,-2.3009839057922363,-16.962902069091797
1778674372.4345918,0.0,-2.285125494003296,-0.5753647685050964,-17.226573944091797
1778674372.4697373,0.0,-2.285125494003296,-0.006428929511457682,-17.226573944091797
1778674372.5047534,0.0,-2.285125494003296,4.714867115020752,-16.699228286743164
1778674372.5400004,0.0,-2.285125494003296,5.127657413482666,-16.699228286743164
1778674372.5753934,0.0,-2.285125494003296,1.4725147485733032,-16.699228286743164
1778674372.6102703,0.0,-2.285125494003296,-1.8782293796539307,-16.962902069091797
1778674372.6453424,0.0,-2.285125494003296,2.6687066555023193,-16.962902069091797
1778674372.6806304,0.0,-2.285125494003296,-3.267112970352173,-17.314464569091797
1778674372.715701,0.0,-2.285125494003296,-0.5685603022575378,-17.314464569091797
1778674372.7507498,0.0,-2.285125494003296,-2.7447779178619385,-17.226573944091797
1778674372.785907,0.0,-2.285125494003296,-2.998068332672119,-15.293002128601074
1778674372.8230636,0.0,-2.285125494003296,-2.6017115116119385,-13.886748313903809
1778674372.8543582,0.0,-2.285125494003296,-4.7268195152282715,-12.304712295532227
1778674372.8894746,0.0,-2.285125494003296,-5.489103317260742,-9.931658744812012
1778674372.9245641,0.0,-2.285125494003296,-5.127912521362305,-8.085949897766113
1778674372.959811,0.0,-2.285125494003296,-0.9503755569458008,-6.679696559906006
1778674372.99517,0.0,-2.285125494003296,0.782837986946106,-6.591805934906006
1778674373.02953,0.0,-2.285125494003296,-1.3489021062850952,-6.855478286743164
1778674373.0652473,0.0,-2.285125494003296,-1.2571922540664673,-6.943369388580322
1778674373.1005714,0.0,-2.285125494003296,-3.002028703689575,-7.2949323654174805
1778674373.1356764,0.0,-2.285125494003296,-2.301665782928467,-7.2949323654174805
1778674373.1704454,0.0,-2.285125494003296,-4.223475456237793,-7.031260013580322
1778674373.2056243,0.0,-2.285125494003296,-4.4097442626953125,-5.449251651763916
1778674373.241094,0.0,-2.285125494003296,0.1407468020915985,-4.13088846206665
1778674373.2762222,0.0,-2.285125494003296,-2.927553415298462,-4.218779563903809
1778674373.3113,0.0,-2.285125494003296,-0.7086105346679688,-4.13088846206665
1778674373.3443623,0.0,-2.285125494003296,-1.3358728885650635,-4.218779563903809
1778674373.3795753,0.0,-2.285125494003296,0.546623706817627,-4.306670665740967
1778674373.4147208,0.0,-2.285125494003296,0.11076827347278595,-4.834015846252441
1778674373.44974,0.0,-2.285125494003296,-0.036594294011592865,-5.185579299926758
1778674373.485038,0.0,-2.285125494003296,0.02203577570617199,-5.537142753601074
1778674373.5195491,0.0,-2.285125494003296,3.316737413406372,-5.625033378601074
1778674373.5528736,0.0,-2.285125494003296,4.88414192199707,-6.943369388580322
1778674373.5883749,0.0,-2.285125494003296,4.712228775024414,-9.843767166137695
1778674373.627176,0.0,-2.285125494003296,6.208332061767578,-12.216821670532227
1778674373.66084,0.0,-2.285125494003296,6.820871353149414,-15.029329299926758
1778674373.6959803,0.0,-2.285125494003296,7.151626110076904,-17.314464569091797
1778674373.730915,0.0,-2.285125494003296,7.40561580657959,-19.599628448486328
1778674373.7659693,0.0,-2.285125494003296,6.038190841674805,-21.796899795532227
1778674373.8013349,0.0,-2.285125494003296,7.051563739776611,-22.412134170532227
1778674373.8343015,0.0,-2.285125494003296,5.388212203979492,-24.169952392578125
1778674373.8694198,0.0,-2.285125494003296,4.632412433624268,-24.345735549926758
1778674373.90451,0.0,-2.285125494003296,5.234658718109131,-24.345735549926758
1778674373.9398472,0.0,-2.285125494003296,0.07569415867328644,-24.521514892578125
1778674373.97489,0.0,-2.285125494003296,0.16582155227661133,-24.609407424926758
1778674374.0099149,0.0,-2.285125494003296,2.627105474472046,-24.609407424926758
1778674374.0454566,0.0,-2.285125494003296,2.732677459716797,-24.609407424926758
1778674374.0803053,0.0,-2.285125494003296,3.9921715259552,-24.609407424926758
1778674374.115493,0.0,-2.285125494003296,2.3228414058685303,-24.609407424926758
1778674374.1506393,0.0,-2.285125494003296,-1.881616473197937,-24.609407424926758
1778674374.1859112,0.0,-2.285125494003296,-1.466241717338562,-24.609407424926758
1778674374.2229908,0.0,-2.285125494003296,-3.9971365928649902,-23.994171142578125
1778674374.256151,0.0,-2.285125494003296,-4.1697797775268555,-21.533227920532227
1778674374.289551,0.0,-2.285125494003296,-5.239719390869141,-18.544937133789062
1778674374.3247886,0.0,-2.285125494003296,-4.399364948272705,-15.908210754394531
1778674374.3597388,0.0,-2.285125494003296,-5.335165500640869,-14.941438674926758
1778674374.3948622,0.0,-2.285125494003296,-5.497225761413574,-13.183621406555176
1778674374.4297366,0.0,-2.285125494003296,-0.16914565861225128,-11.250021934509277
1778674374.4651997,0.0,-2.285125494003296,-0.24372170865535736,-11.074240684509277
1778674374.5000343,0.0,-2.285125494003296,-0.7669077515602112,-11.250021934509277
1778674374.5357018,0.0,-2.285125494003296,2.3586652278900146,-11.865257263183594
1778674374.570587,0.0,-2.285125494003296,3.1097748279571533,-14.853547096252441
1778674374.6055882,0.0,-2.285125494003296,5.261970520019531,-17.66602897644043
1778674374.6406438,0.0,-2.285125494003296,5.325843811035156,-21.00588035583496
1778674374.6759784,0.0,-2.285125494003296,5.345518112182617,-23.378934860229492
1778674374.711031,0.0,-2.285125494003296,4.394972801208496,-24.521514892578125
1778674374.7461464,0.0,-2.285125494003296,6.004400253295898,-25.66407012939453
1778674374.7792926,0.0,-2.285125494003296,5.867320537567139,-27.24610710144043
1778674374.8143394,0.0,-2.285125494003296,5.325896263122559,-29.355487823486328
1778674374.8496354,0.0,-2.285125494003296,6.978014945983887,-30.673851013183594
1778674374.8846729,0.0,-2.285125494003296,3.6635489463806152,-32.16799545288086
1778674374.9196165,0.0,-2.285125494003296,1.7035348415374756,-32.783233642578125
1778674374.9549608,0.0,-2.285125494003296,3.3171334266662598,-32.783233642578125
1778674374.9899004,0.0,-2.285125494003296,0.8796029686927795,-32.69533920288086
1778674375.0265434,0.0,-2.285125494003296,-1.0957006216049194,-32.25588607788086
1778674375.0598204,0.0,-2.285125494003296,0.47135061025619507,-30.05861473083496
1778674375.094876,0.0,-2.285125494003296,0.4609904885292053,-29.531269073486328
1778674375.1299596,0.0,-2.285125494003296,2.0289113521575928,-29.531269073486328
1778674375.164954,0.0,-2.285125494003296,0.10796293616294861,-29.531269073486328
1778674375.1999013,0.0,-2.285125494003296,-0.014252745546400547,-29.531269073486328
1778674375.2349126,0.0,-2.285125494003296,-1.3827382326126099,-29.531269073486328
1778674375.2695658,0.0,-2.285125494003296,-3.563103675842285,-27.949234008789062
1778674375.302883,0.0,-2.285125494003296,-5.034109115600586,-25.312536239624023
1778674375.3384948,0.0,-2.285125494003296,-3.152294397354126,-22.50002670288086
1778674375.3754668,0.0,-2.285125494003296,-6.4114227294921875,-21.884790420532227
1778674375.4104924,0.0,-2.285125494003296,-6.315070152282715,-20.39064598083496
1778674375.4449258,0.0,-2.285125494003296,-6.845283508300781,-16.962902069091797
1778674375.4832528,0.0,-2.285125494003296,-6.158925533294678,-15.205110549926758
1778674375.5154948,0.0,-2.285125494003296,-6.0660552978515625,-14.062530517578125
1778674375.5506198,0.0,-2.285125494003296,-4.677562236785889,-12.480494499206543
1778674375.5843189,0.0,-2.285125494003296,-3.411466598510742,-11.77736759185791
1778674375.6212366,0.0,-2.285125494003296,-6.006518840789795,-11.865257263183594
1778674375.6546617,0.0,-2.285125494003296,-4.781705379486084,-11.865257263183594
1778674375.6898208,0.0,-2.285125494003296,-4.980149745941162,-11.074240684509277
1778674375.7249293,0.0,-2.285125494003296,-4.4962639808654785,-10.019549369812012
1778674375.7600408,0.0,-2.285125494003296,-4.565761089324951,-9.228531837463379
1778674375.7952576,0.0,-2.285125494003296,-3.1429905891418457,-9.052749633789062
1778674375.8303108,0.0,-2.285125494003296,2.684951066970825,-9.052749633789062
1778674375.865295,0.0,-2.285125494003296,2.0328760147094727,-9.140640258789062
1778674375.9007304,0.0,-2.285125494003296,5.831629276275635,-9.580095291137695
1778674375.9356093,0.0,-2.285125494003296,4.302342414855957,-12.568385124206543
1778674375.9709916,0.0,-2.285125494003296,3.0896594524383545,-16.17188262939453
1778674376.005977,0.0,-2.285125494003296,5.005434513092041,-17.314464569091797
1778674376.0410407,0.0,-2.285125494003296,4.716919898986816,-19.335954666137695
1778674376.0743625,0.0,-2.285125494003296,5.3108367919921875,-20.830101013183594
1778674376.1109076,0.0,-2.285125494003296,5.299688339233398,-22.67580795288086
1778674376.1476762,0.0,-2.285125494003296,6.6776275634765625,-24.257844924926758
1778674376.1791468,0.0,-2.285125494003296,4.302190780639648,-26.367197036743164
1778674376.2143152,0.0,-2.285125494003296,1.5716968774795532,-27.24610710144043
1778674376.2499456,0.0,-2.285125494003296,2.246245861053467,-27.24610710144043
1778674376.284987,0.0,-2.285125494003296,6.435269832611084,-27.24610710144043
1778674376.3198864,0.0,-2.285125494003296,5.105484962463379,-27.24610710144043
1778674376.3549767,0.0,-2.285125494003296,5.375364780426025,-27.24610710144043
1778674376.390054,0.0,-2.285125494003296,6.848939418792725,-28.916034698486328
1778674376.4271836,0.0,-2.285125494003296,7.088508605957031,-32.783233642578125
1778674376.4605293,0.0,-2.285125494003296,7.665241241455078,-34.013702392578125
1778674376.4953208,0.0,-2.285125494003296,6.531494140625,-36.9140739440918
1778674376.530457,0.0,-2.285125494003296,4.44225549697876,-38.05665588378906
1778674376.5656202,0.0,-2.285125494003296,-0.8317110538482666,-38.05665588378906
1778674376.6006498,0.0,-2.285125494003296,-2.1270384788513184,-38.05665588378906
1778674376.635937,0.0,-2.285125494003296,-1.3331748247146606,-37.52931213378906
1778674376.6709764,0.0,-2.285125494003296,-3.2320191860198975,-34.89261245727539
1778674376.706036,0.0,-2.285125494003296,-2.2868120670318604,-30.849632263183594
1778674376.7411532,0.0,-2.285125494003296,-1.416568398475647,-29.091814041137695
1778674376.7762148,0.0,-2.285125494003296,-3.005115509033203,-29.003923416137695
1778674376.8095243,0.0,-2.285125494003296,-1.5913622379302979,-28.037124633789062
1778674376.8442798,0.0,-2.285125494003296,-2.9688327312469482,-27.33399772644043
1778674376.8794577,0.0,-2.285125494003296,-4.366431713104248,-26.894542694091797
1778674376.9147367,0.0,-2.285125494003296,-1.5970293283462524,-23.994171142578125
1778674376.949469,0.0,-2.285125494003296,3.105242967605591,-22.851591110229492
1778674376.9840765,0.0,-2.285125494003296,4.472690105438232,-22.851591110229492
1778674377.019407,0.0,-2.285125494003296,2.778956651687622,-22.939481735229492
1778674377.0544667,0.0,-2.285125494003296,3.512104034423828,-25.48828887939453
1778674377.0893357,0.0,-2.285125494003296,4.815577983856201,-29.267597198486328
1778674377.1228788,0.0,-2.285125494003296,5.08931303024292,-32.25588607788086
1778674377.1580048,0.0,-2.285125494003296,4.128249168395996,-33.662139892578125
1778674377.1933098,0.0,-2.285125494003296,-2.745242118835449,-35.06836700439453
1778674377.2305367,0.0,-2.285125494003296,-0.8169152140617371,-35.33203887939453
1778674377.265585,0.0,-2.285125494003296,-0.7967135310173035,-35.33203887939453
1778674377.3009355,0.0,-2.285125494003296,-0.5922644734382629,-35.24414825439453
1778674377.3358374,0.0,-2.285125494003296,-2.150791883468628,-34.453155517578125
1778674377.370935,0.0,-2.285125494003296,-5.857992172241211,-31.113306045532227
1778674377.4060073,0.0,-2.285125494003296,-5.6115851402282715,-26.982433319091797
1778674377.4412818,0.0,-2.285125494003296,-3.1276333332061768,-24.257844924926758
1778674377.4760625,0.0,-2.285125494003296,-1.1822715997695923,-23.466825485229492
1778674377.5094652,0.0,-2.285125494003296,-2.521808624267578,-23.466825485229492
1778674377.5446854,0.0,-2.285125494003296,-2.2068562507629395,-23.466825485229492
1778674377.5796669,0.0,-2.285125494003296,-2.8946332931518555,-23.466825485229492
1778674377.6148825,0.0,-2.285125494003296,-6.016880989074707,-23.291044235229492
1778674377.650024,0.0,-2.285125494003296,-5.3519768714904785,-21.621116638183594
1778674377.6850824,0.0,-2.285125494003296,-1.9473719596862793,-19.335954666137695
1778674377.7203662,0.0,-2.285125494003296,2.8315553665161133,-18.984390258789062
1778674377.7548537,0.0,-2.285125494003296,1.860300064086914,-18.984390258789062
1778674377.7881584,0.0,-2.285125494003296,2.8582983016967773,-19.423845291137695
1778674377.8254445,0.0,-2.285125494003296,-2.1094884872436523,-22.851591110229492
1778674377.8605974,0.0,-2.285125494003296,-4.44238805770874,-24.521514892578125
1778674377.89585,0.0,-2.285125494003296,-3.24267315864563,-24.521514892578125
1778674377.9309301,0.0,-2.285125494003296,-1.8419462442398071,-24.433626174926758
1778674377.9663124,0.0,-2.285125494003296,-4.834473609924316,-22.939481735229492
1778674377.9992583,0.0,-2.1972618103027344,-5.710155487060547,-19.863300323486328
1778674378.034557,0.0,-2.285125494003296,-6.218307018280029,-16.611337661743164
1778674378.0696754,0.0,-2.285125494003296,-4.720711708068848,-14.589875221252441
1778674378.1047952,0.0,-2.285125494003296,-4.734524250030518,-14.062530517578125
1778674378.1398692,0.0,-2.285125494003296,-4.225682735443115,-12.83205795288086
1778674378.1750019,0.0,-2.285125494003296,-1.3799991607666016,-12.04103946685791
1778674378.2101285,0.0,-2.285125494003296,0.048799604177474976,-12.04103946685791
1778674378.245226,0.0,-2.285125494003296,-2.5035383701324463,-12.216821670532227
1778674378.2803411,0.0,-2.285125494003296,-2.1106185913085938,-12.216821670532227
1778674378.3156435,0.0,-2.285125494003296,-4.201089382171631,-12.216821670532227
1778674378.3508599,0.0,-2.1972618103027344,-3.54349684715271,-12.128931045532227
1778674378.385798,0.0,-2.285125494003296,-0.4189406931400299,-11.865257263183594
1778674378.4210932,0.0,-2.285125494003296,1.7121635675430298,-11.865257263183594
1778674378.4561734,0.0,-2.285125494003296,3.0245816707611084,-11.95314884185791
1778674378.4893515,0.0,-2.285125494003296,3.589698076248169,-12.480494499206543
1778674378.5246632,0.0,-2.285125494003296,4.880661487579346,-15.908210754394531
1778674378.5596585,0.0,-2.285125494003296,4.790250301361084,-18.808609008789062
1778674378.59473,0.0,-2.285125494003296,5.424676895141602,-20.91798973083496
1778674378.6300116,0.0,-2.285125494003296,5.085937976837158,-23.027372360229492
1778674378.6653075,0.0,-2.285125494003296,5.333186626434326,-24.169952392578125
1778674378.7001524,0.0,-2.285125494003296,5.144858360290527,-25.40039825439453
1778674378.7352676,0.0,-2.285125494003296,5.9520087242126465,-26.630870819091797
1778674378.770462,0.0,-2.285125494003296,6.5490522384643555,-27.949234008789062
1778674378.8052993,0.0,-2.285125494003296,5.3805832862854,-31.113306045532227
1778674378.840453,0.0,-2.285125494003296,2.7970340251922607,-31.904321670532227
1778674378.8754528,0.0,-2.285125494003296,1.8925451040267944,-31.904321670532227
1778674378.9106295,0.0,-2.285125494003296,5.26340389251709,-31.904321670532227
1778674378.945508,0.0,-2.285125494003296,5.654033660888672,-31.904321670532227
1778674378.9807367,0.0,-2.285125494003296,0.13218989968299866,-31.904321670532227
1778674379.0159082,0.0,-2.285125494003296,1.7923390865325928,-31.904321670532227
1778674379.0506105,0.0,-2.285125494003296,-0.9382253289222717,-31.904321670532227
1778674379.085707,0.0,-2.285125494003296,-0.7054201364517212,-30.41017723083496
1778674379.120836,0.0,-2.285125494003296,-4.144021987915039,-29.61916160583496
1778674379.1558237,0.0,-2.285125494003296,-6.7891035079956055,-26.894542694091797
1778674379.190871,0.0,-2.285125494003296,-4.088537693023682,-22.58791732788086
1778674379.2282434,0.0,-2.285125494003296,-1.4872711896896362,-18.544937133789062
1778674379.2593627,0.0,-2.285125494003296,2.4338881969451904,-17.138683319091797
1778674379.2945168,0.0,-2.285125494003296,3.3737633228302,-17.050792694091797
1778674379.3296459,0.0,-2.285125494003296,-0.6983032822608948,-17.050792694091797
1778674379.3649614,0.0,-2.285125494003296,4.084266185760498,-18.544937133789062
1778674379.3998995,0.0,-2.285125494003296,-3.108340263366699,-21.269554138183594
1778674379.4352582,0.0,-2.285125494003296,-3.118577480316162,-22.851591110229492
1778674379.4705703,0.0,-2.285125494003296,-4.168825149536133,-22.76369857788086
1778674379.5054843,0.0,-2.285125494003296,-5.00404167175293,-22.58791732788086
1778674379.540758,0.0,-2.285125494003296,-7.029645919799805,-20.039081573486328
1778674379.5757282,0.0,-2.285125494003296,-7.443470478057861,-15.644537925720215
1778674379.6108396,0.0,-2.285125494003296,-7.346189022064209,-12.83205795288086
1778674379.646034,0.0,-2.285125494003296,-5.85021448135376,-10.546895027160645
1778674379.6811743,0.0,-2.285125494003296,-6.447940826416016,-9.755876541137695
1778674379.7143867,0.0,-2.285125494003296,-5.407958507537842,-8.701186180114746
1778674379.7495446,0.0,-2.285125494003296,-4.019409656524658,-7.822277545928955
1778674379.784661,0.0,-2.285125494003296,-1.5242903232574463,-7.822277545928955
1778674379.8196754,0.0,-2.285125494003296,-2.758284568786621,-7.910168170928955
1778674379.8551636,0.0,-2.285125494003296,0.4443162977695465,-7.998059272766113
1778674379.8900275,0.0,-2.285125494003296,-2.4600436687469482,-9.404313087463379
1778674379.925118,0.0,-2.285125494003296,-0.6348321437835693,-10.019549369812012
1778674379.9603684,0.0,-2.285125494003296,-2.34480881690979,-10.195331573486328
1778674379.9952576,0.0,-2.285125494003296,-3.7779901027679443,-10.195331573486328
1778674380.0321894,0.0,-2.285125494003296,-4.525914669036865,-9.492203712463379
1778674380.0658798,0.0,-2.285125494003296,-6.24794864654541,-7.558604717254639
1778674380.1007822,0.0,-2.285125494003296,-6.697701454162598,-4.746124744415283
1778674380.1360555,0.0,-2.285125494003296,-5.911060333251953,-2.3730709552764893
1778674380.171168,0.0,-2.285125494003296,-4.36653995513916,-1.5820530652999878
1778674380.2060652,0.0,-2.285125494003296,-4.15342378616333,-1.5820530652999878
1778674380.2394674,0.0,-2.285125494003296,-1.4535999298095703,-1.4941622018814087
1778674380.2745793,0.0,-2.285125494003296,-4.547011852264404,-1.4941622018814087
1778674380.309703,0.0,-2.285125494003296,-4.205077648162842,-1.3183804750442505
1778674380.3449566,0.0,-2.285125494003296,-2.182617425918579,-0.17579905688762665
1778674380.3800511,0.0,-2.285125494003296,0.1479325294494629,0.08787357062101364
1778674380.4153962,0.0,-2.285125494003296,0.0957101359963417,-0.08790817856788635
1778674380.450177,0.0,-2.285125494003296,4.894074440002441,-1.4062713384628296
1778674380.485554,0.0,-2.285125494003296,4.732975959777832,-3.9551069736480713
1778674380.5204558,0.0,-2.285125494003296,1.7638301849365234,-7.207041263580322
1778674380.5555577,0.0,-2.285125494003296,2.200706720352173,-7.470714092254639
1778674380.5909944,0.0,-2.285125494003296,-1.8337923288345337,-7.558604717254639
1778674380.6276073,0.0,-2.285125494003296,0.9155697226524353,-7.558604717254639
1778674380.6609693,0.0,-2.285125494003296,-0.058199651539325714,-7.470714092254639
1778674380.6962554,0.0,-2.285125494003296,-1.1365187168121338,-6.943369388580322
1778674380.7292762,0.0,-2.285125494003296,-0.3202351927757263,-6.416024208068848
1778674380.7645764,0.0,-2.285125494003296,-0.6131725311279297,-6.3281331062316895
1778674380.7997022,0.0,-2.285125494003296,-4.872439384460449,-5.976569652557373
1778674380.8349457,0.0,-2.285125494003296,-6.9388346672058105,-3.9551069736480713
1778674380.870075,0.0,-2.285125494003296,-6.790829658508301,-0.35158079862594604
1778674380.905184,0.0,-2.285125494003296,-6.1550397872924805,2.1972546577453613
1778674380.9402845,0.0,-2.285125494003296,-4.894852638244629,3.603508234024048
1778674380.9750977,0.0,-2.285125494003296,-4.850029468536377,4.130825996398926
1778674381.0100663,0.0,-2.285125494003296,-5.627559661865234,5.009735107421875
1778674381.0453997,0.0,-2.285125494003296,-4.956025123596191,6.064425468444824
1778674381.0800838,0.0,-2.285125494003296,-5.7113261222839355,6.679661750793457
1778674381.1154008,0.0,-2.285125494003296,-5.167165279388428,7.558570861816406
1778674381.1502833,0.0,-2.285125494003296,-6.535462379455566,8.789043426513672
1778674381.1856918,0.0,-2.285125494003296,-6.393084526062012,10.107406616210938
1778674381.2209568,0.0,-2.285125494003296,-7.303464412689209,11.689441680908203
1778674381.255826,0.0,-2.285125494003296,-5.0774760246276855,13.007804870605469
1778674381.2908175,0.0,-2.285125494003296,-5.276977062225342,13.095695495605469
1778674381.3261094,0.0,-2.285125494003296,-2.8876888751983643,13.535149574279785
1778674381.3594515,0.0,-2.285125494003296,-3.510277509689331,13.535149574279785
1778674381.3945813,0.0,-2.285125494003296,-3.1312153339385986,13.447259902954102
1778674381.4313447,0.0,-2.285125494003296,-2.473572015762329,13.447259902954102
1778674381.4648404,0.0,-2.285125494003296,-3.8498294353485107,13.359368324279785
1778674381.5000517,0.0,-2.285125494003296,-4.280953884124756,13.447259902954102
1778674381.5352244,0.0,-2.285125494003296,-4.483285903930664,14.589813232421875
1778674381.5699928,0.0,-2.285125494003296,-2.6646251678466797,15.644503593444824
1778674381.6053493,0.0,-2.285125494003296,-3.925781011581421,15.644503593444824
1778674381.6405752,0.0,-2.285125494003296,-2.6454665660858154,15.82028579711914
1778674381.675764,0.0,-2.285125494003296,-0.6802307963371277,15.82028579711914
1778674381.7107599,0.0,-2.1972618103027344,-2.3033947944641113,15.732394218444824
1778674381.7460814,0.0,-2.285125494003296,-1.725520372390747,15.82028579711914
1778674381.7811956,0.0,-2.285125494003296,0.037827592343091965,15.82028579711914
1778674381.8161352,0.0,-2.285125494003296,1.4541493654251099,15.556612968444824
1778674381.8493555,0.0,-2.285125494003296,2.075354814529419,14.941376686096191
1778674381.8846033,0.0,-2.285125494003296,5.017180442810059,13.095695495605469
1778674381.9196913,0.0,-2.285125494003296,2.631216287612915,10.371078491210938
1778674381.9549952,0.0,-2.285125494003296,5.848797798156738,8.261697769165039
1778674381.9900608,0.0,-2.285125494003296,3.6810293197631836,6.240207195281982
1778674382.0261507,0.0,-2.285125494003296,1.8041847944259644,5.712862014770508
1778674382.0595188,0.0,-2.285125494003296,3.0682425498962402,5.800752639770508
1778674382.0949674,0.0,-2.285125494003296,6.302001476287842,5.800752639770508
1778674382.1303906,0.0,-2.285125494003296,4.533628463745117,4.6581711769104
1778674382.1652758,0.0,-2.285125494003296,0.6655857563018799,3.3398358821868896
1778674382.2004657,0.0,-2.285125494003296,0.6607269644737244,3.3398358821868896
1778674382.2352638,0.0,-2.285125494003296,-0.6602779030799866,3.8671536445617676
1778674382.2703204,0.0,-2.285125494003296,4.040597915649414,5.185516834259033
1778674382.305492,0.0,-2.285125494003296,4.346827507019043,5.009735107421875
1778674382.340733,0.0,-2.285125494003296,2.407524347305298,4.394498825073242
1778674382.3755057,0.0,-2.285125494003296,3.9073712825775146,4.130825996398926
1778674382.4106352,0.0,-2.285125494003296,4.777168273925781,2.3730363845825195
1778674382.445994,0.0,-2.285125494003296,0.9628658294677734,0.7910005450248718
1778674382.4808981,0.0,-2.285125494003296,6.071485996246338,0.8788914680480957
1778674382.516099,0.0,-2.285125494003296,6.216087818145752,0.6152188181877136
1778674382.5510175,0.0,-2.285125494003296,5.704013824462891,-1.4941622018814087
1778674382.5842996,0.0,-2.285125494003296,4.9999613761901855,-3.164088726043701
1778674382.6193402,0.0,-2.285125494003296,6.758555889129639,-4.306670665740967
1778674382.6544724,0.0,-2.285125494003296,6.612290382385254,-6.064460754394531
1778674382.689589,0.0,-2.285125494003296,6.375418663024902,-7.207041263580322
1778674382.7248843,0.0,-2.285125494003296,2.8564937114715576,-8.613295555114746
1778674382.7599218,0.0,-2.285125494003296,0.9560468792915344,-8.876968383789062
1778674382.795001,0.0,-2.285125494003296,-3.2110273838043213,-8.789076805114746
1778674382.8321903,0.0,-2.285125494003296,-2.3678271770477295,-7.822277545928955
1778674382.865556,0.0,-2.285125494003296,-0.7877793908119202,-5.0097975730896
1778674382.9007301,0.0,-2.285125494003296,-6.436526775360107,-2.4609618186950684
1778674382.9354913,0.0,-2.285125494003296,-6.109285831451416,0.7031096816062927
1778674382.9702046,0.0,-2.285125494003296,-7.1247711181640625,3.515617609024048
1778674383.0041816,0.0,-2.285125494003296,-6.336269378662109,5.976534366607666
1778674383.0407708,0.0,-2.285125494003296,-5.3232526779174805,7.382789134979248
1778674383.0760148,0.0,-2.285125494003296,-6.246578693389893,7.558570861816406
1778674383.111108,0.0,-2.285125494003296,-5.737361431121826,9.492170333862305
1778674383.1463113,0.0,-2.285125494003296,-4.749602794647217,10.195296287536621
1778674383.1793756,0.0,-2.285125494003296,-3.790513515472412,10.195296287536621
1778674383.2145305,0.0,-2.285125494003296,1.602046251296997,10.195296287536621
1778674383.2496517,0.0,-2.285125494003296,2.2505898475646973,9.843733787536621
1778674383.284915,0.0,-2.285125494003296,-1.327900767326355,9.228497505187988
1778674383.320042,0.0,-2.285125494003296,-0.9723200798034668,8.789043426513672
1778674383.3552113,0.0,-2.285125494003296,-0.4417511820793152,8.701151847839355
1778674383.390017,0.0,-2.285125494003296,-0.5343265533447266,7.822243690490723
1778674383.4252627,0.0,-2.285125494003296,-1.0431820154190063,7.822243690490723
1778674383.4601998,0.0,-2.285125494003296,1.5725075006484985,7.822243690490723
1778674383.495125,0.0,-2.285125494003296,5.2818684577941895,7.822243690490723
1778674383.5302107,0.0,-2.285125494003296,6.570879936218262,6.503879547119141
1778674383.5652392,0.0,-2.285125494003296,5.259782791137695,2.4609272480010986
1778674383.6006181,0.0,-2.285125494003296,3.563197135925293,-0.26368993520736694
1778674383.6356354,0.0,-2.285125494003296,4.405732154846191,-0.6152534484863281
1778674383.6707647,0.0,-2.285125494003296,4.470922470092773,-1.5820530652999878
1778674383.706063,0.0,-2.285125494003296,6.678100109100342,-2.4609618186950684
1778674383.7411742,0.0,-2.285125494003296,6.713813304901123,-5.185579299926758
1778674383.7760262,0.0,-2.285125494003296,5.278159141540527,-6.855478286743164
1778674383.8093266,0.0,-2.285125494003296,1.7505040168762207,-6.855478286743164
1778674383.844491,0.0,-2.285125494003296,2.0041799545288086,-6.767587661743164
1778674383.879609,0.0,-2.285125494003296,5.17664098739624,-6.503914833068848
1778674383.914734,0.0,-2.285125494003296,3.137005567550659,-6.503914833068848
1778674383.9499621,0.0,-2.285125494003296,2.7691352367401123,-6.679696559906006
1778674383.985015,0.0,-2.285125494003296,2.7933380603790283,-6.767587661743164
1778674384.020409,0.0,-2.285125494003296,0.9265087246894836,-6.767587661743164
1778674384.055328,0.0,-2.285125494003296,3.2870960235595703,-6.767587661743164
1778674384.0905366,0.0,-2.285125494003296,5.1838860511779785,-6.767587661743164
1778674384.125637,0.0,-2.285125494003296,4.719168663024902,-7.998059272766113
1778674384.1607268,0.0,-2.285125494003296,-0.033760953694581985,-9.931658744812012
1778674384.1958532,0.0,-2.285125494003296,-1.2658647298812866,-10.019549369812012
1778674384.2331905,0.0,-2.285125494003296,-1.281073808670044,-9.931658744812012
1778674384.2642465,0.0,-2.285125494003296,-0.9304742217063904,-8.613295555114746
1778674384.2998097,0.0,-2.285125494003296,-0.9027428030967712,-6.679696559906006
1778674384.3346815,0.0,-2.285125494003296,-0.5143068432807922,-6.416024208068848
1778674384.3696501,0.0,-2.285125494003296,-2.2237651348114014,-6.3281331062316895
1778674384.4048004,0.0,-2.285125494003296,-2.0574557781219482,-4.482452392578125
1778674384.440066,0.0,-2.285125494003296,0.11088399589061737,-3.867216110229492
1778674384.4751916,0.0,-2.285125494003296,-1.5683616399765015,-4.13088846206665
1778674384.5106056,0.0,-2.285125494003296,0.12133219093084335,-4.04299783706665
1778674384.5456321,0.0,-2.285125494003296,1.4599215984344482,-4.13088846206665
1778674384.5806942,0.0,-2.285125494003296,3.5030739307403564,-4.834015846252441
1778674384.6153862,0.0,-2.285125494003296,2.3953263759613037,-7.822277545928955
1778674384.6507034,0.0,-2.285125494003296,-2.5383524894714355,-8.525404930114746
1778674384.686137,0.0,-2.285125494003296,-1.1330630779266357,-8.525404930114746
1778674384.720989,0.0,-2.285125494003296,3.077251672744751,-8.43751335144043
1778674384.7542253,0.0,-2.285125494003296,5.496456623077393,-8.173840522766113
1778674384.7894924,0.0,-2.285125494003296,6.1748528480529785,-8.173840522766113
1778674384.8240833,0.0,-2.285125494003296,7.127504825592041,-9.580095291137695
1778674384.8591652,0.0,-2.285125494003296,6.47734260559082,-13.09572982788086
1778674384.894767,0.0,-2.285125494003296,6.820886135101318,-15.644537925720215
1778674384.9299955,0.0,-2.285125494003296,5.720563888549805,-17.75391960144043
1778674384.9650714,0.0,-2.285125494003296,4.398463249206543,-18.193374633789062
1778674385.0003772,0.0,-2.285125494003296,4.685875415802002,-18.369155883789062
1778674385.0352254,0.0,-2.285125494003296,3.5154776573181152,-18.808609008789062
1778674385.0707204,0.0,-2.285125494003296,0.9116248488426208,-18.808609008789062
1778674385.10574,0.0,-2.285125494003296,2.6571173667907715,-18.808609008789062
1778674385.140722,0.0,-2.285125494003296,2.7362146377563477,-18.808609008789062
1778674385.1759806,0.0,-2.285125494003296,5.072007656097412,-18.808609008789062
1778674385.2112157,0.0,-2.285125494003296,1.7336305379867554,-19.951190948486328
1778674385.244168,0.0,-2.285125494003296,0.3770257234573364,-20.65431785583496
1778674385.2795956,0.0,-2.285125494003296,-1.057968020439148,-20.65431785583496
1778674385.314818,0.0,-2.285125494003296,-1.5742512941360474,-20.12697410583496
1778674385.3497188,0.0,-2.285125494003296,0.3475421071052551,-17.75391960144043
1778674385.3850472,0.0,-2.285125494003296,-2.6057379245758057,-17.402355194091797
1778674385.4201324,0.0,-2.285125494003296,0.26870405673980713,-16.259775161743164
1778674385.4551656,0.0,-2.285125494003296,-1.1019797325134277,-16.08399200439453
1778674385.4902163,0.0,-2.285125494003296,1.8369331359863281,-15.908210754394531
1778674385.5255377,0.0,-2.285125494003296,4.647459506988525,-15.996101379394531
1778674385.5606823,0.0,-2.285125494003296,6.524216175079346,-16.962902069091797
1778674385.5956492,0.0,-2.285125494003296,4.621308326721191,-20.30275535583496
1778674385.6324759,0.0,-2.285125494003296,3.3064792156219482,-22.060571670532227
1778674385.66621,0.0,-2.285125494003296,4.313946723937988,-22.67580795288086
1778674385.700924,0.0,-2.285125494003296,5.338551998138428,-24.433626174926758
1778674385.736163,0.0,-2.285125494003296,4.004993915557861,-26.367197036743164
1778674385.771059,0.0,-2.285125494003296,4.914425373077393,-26.718759536743164
1778674385.8045447,0.0,-2.285125494003296,4.42632532119751,-27.24610710144043
1778674385.8394063,0.0,-2.285125494003296,2.6988465785980225,-28.037124633789062
1778674385.8744895,0.0,-2.285125494003296,0.7877896428108215,-28.12501335144043
1778674385.909619,0.0,-2.285125494003296,3.43395733833313,-28.037124633789062
1778674385.9444628,0.0,-2.285125494003296,2.6871626377105713,-28.037124633789062
1778674385.9797757,0.0,-2.285125494003296,1.35343337059021,-28.212907791137695
1778674386.0147212,0.0,-2.285125494003296,4.972688674926758,-28.212907791137695
1778674386.049791,0.0,-2.285125494003296,4.693299770355225,-28.652360916137695
1778674386.0848198,0.0,-2.285125494003296,1.4028089046478271,-30.761741638183594
1778674386.1200223,0.0,-2.285125494003296,1.3446027040481567,-31.113306045532227
1778674386.1551452,0.0,-2.285125494003296,0.48109567165374756,-31.113306045532227
1778674386.1901882,0.0,-2.285125494003296,-0.5729325413703918,-30.761741638183594
1778674386.2250576,0.0,-2.285125494003296,0.14760448038578033,-29.882831573486328
1778674386.2601838,0.0,-2.285125494003296,-4.903672218322754,-29.882831573486328
1778674386.29435,0.0,-2.285125494003296,-4.065386772155762,-28.828140258789062
1778674386.327996,0.0,-2.285125494003296,-5.377849578857422,-25.48828887939453
1778674386.3650947,0.0,-2.285125494003296,-4.027901649475098,-22.060571670532227
1778674386.400573,0.0,-2.285125494003296,-2.4416086673736572,-21.093772888183594
1778674386.4377577,0.0,-2.285125494003296,-6.4954657554626465,-21.181663513183594
1778674386.470803,0.0,-2.285125494003296,-5.489444255828857,-21.093772888183594
1778674386.5058427,0.0,-2.285125494003296,-3.9407846927642822,-20.12697410583496
1778674386.5409427,0.0,-2.285125494003296,-3.0874764919281006,-18.720718383789062
1778674386.574333,0.0,-2.285125494003296,-4.323167324066162,-18.544937133789062
1778674386.6094546,0.0,-2.285125494003296,-1.150784969329834,-17.050792694091797
1778674386.6445618,0.0,-2.285125494003296,1.0306512117385864,-16.962902069091797
1778674386.6799042,0.0,-2.285125494003296,-1.5845063924789429,-16.962902069091797
1778674386.7148314,0.0,-2.285125494003296,-1.146748423576355,-16.962902069091797
1778674386.7501476,0.0,-2.285125494003296,2.3437349796295166,-17.138683319091797
1778674386.7852228,0.0,-2.285125494003296,4.353490829467773,-17.75391960144043
1778674386.8205116,0.0,-2.285125494003296,5.56143045425415,-21.093772888183594
1778674386.8553417,0.0,-2.285125494003296,4.75702428817749,-25.13675308227539
1778674386.8905714,0.0,-2.285125494003296,5.922811031341553,-26.806652069091797
1778674386.925562,0.0,-2.285125494003296,6.889901161193848,-28.388687133789062
1778674386.9605687,0.0,-2.285125494003296,7.533630847930908,-32.34377670288086
1778674386.9955928,0.0,-2.285125494003296,7.499591827392578,-33.837921142578125
1778674387.0325308,0.0,-2.285125494003296,7.381552219390869,-36.5625114440918
1778674387.0658197,0.0,-2.285125494003296,7.3031415939331055,-37.96876525878906
1778674387.1008968,0.0,-2.285125494003296,6.873977184295654,-39.11134719848633
1778674387.1361582,0.0,-2.285125494003296,6.422133922576904,-39.81447219848633
1778674387.1694734,0.0,-2.285125494003296,5.890322208404541,-40.429710388183594
1778674387.2044148,0.0,-2.285125494003296,4.500382423400879,-41.396507263183594
1778674387.2397313,0.0,-2.285125494003296,3.8628311157226562,-41.48440170288086
1778674387.27483,0.0,-2.285125494003296,2.922379732131958,-41.48440170288086
1778674387.3099053,0.0,-2.285125494003296,3.3769257068634033,-41.48440170288086
1778674387.3449416,0.0,-2.285125494003296,2.5380330085754395,-41.48440170288086
1778674387.380465,0.0,-2.285125494003296,2.9174492359161377,-41.48440170288086
1778674387.4153228,0.0,-2.285125494003296,3.379711389541626,-41.48440170288086
1778674387.4505148,0.0,-2.285125494003296,3.4105312824249268,-41.660179138183594
1778674387.4855866,0.0,-2.285125494003296,6.444271087646484,-42.36330795288086
1778674387.5207386,0.0,-2.285125494003296,6.783185005187988,-43.066436767578125
1778674387.5561595,0.0,-2.285125494003296,4.047070503234863,-47.02149963378906
1778674387.591207,0.0,-2.285125494003296,0.45528313517570496,-50.449241638183594
1778674387.6244392,0.0,-2.285125494003296,2.4747889041900635,-51.59182357788086
1778674387.6595237,0.0,-2.285125494003296,4.2692036628723145,-51.59182357788086
1778674387.6945865,0.0,-2.285125494003296,3.0065231323242188,-51.67971420288086
1778674387.7295911,0.0,-2.285125494003296,2.949014663696289,-51.67971420288086
1778674387.765167,0.0,-2.285125494003296,2.2812576293945312,-51.67971420288086
1778674387.8002288,0.0,-2.285125494003296,1.3692673444747925,-51.59182357788086
1778674387.8370683,0.0,-2.285125494003296,2.7905685901641846,-51.50393295288086
1778674387.8702555,0.0,-2.285125494003296,-0.18980169296264648,-51.50393295288086
1778674387.9053645,0.0,-2.285125494003296,-2.1361348628997803,-51.50393295288086
1778674387.9407027,0.0,-2.285125494003296,-0.3837771713733673,-50.80080795288086
1778674387.9756389,0.0,-2.285125494003296,-2.3063831329345703,-49.48244094848633
1778674388.0108852,0.0,-2.285125494003296,-2.1400675773620605,-47.98830032348633
1778674388.045948,0.0,-2.285125494003296,-1.2599151134490967,-47.02149963378906
1778674388.0812771,0.0,-2.285125494003296,-5.298281192779541,-46.75782775878906
1778674388.1145122,0.0,-2.285125494003296,-3.647226572036743,-45.96680450439453
1778674388.1495063,0.0,-2.285125494003296,-3.395291328430176,-44.209014892578125
1778674388.1847343,0.0,-2.285125494003296,1.408326506614685,-42.890655517578125
1778674388.219818,0.0,-2.285125494003296,5.7845892906188965,-42.890655517578125
1778674388.254814,0.0,-2.285125494003296,2.2022926807403564,-42.890655517578125
1778674388.2901497,0.0,-2.285125494003296,1.7843056917190552,-42.890655517578125
1778674388.3252788,0.0,-2.285125494003296,0.2363666594028473,-43.154327392578125
1778674388.3602219,0.0,-2.285125494003296,-0.32027336955070496,-43.330108642578125
1778674388.3957,0.0,-2.285125494003296,-3.0803146362304688,-43.330108642578125
1778674388.4326015,0.0,-2.285125494003296,-4.989686965942383,-43.330108642578125
1778674388.4657958,0.0,-2.285125494003296,-6.841289520263672,-43.330108642578125
1778674388.5010808,0.0,-2.285125494003296,-6.979153156280518,-42.978546142578125
1778674388.5361626,0.0,-2.285125494003296,-6.213412284851074,-41.30862045288086
1778674388.5692382,0.0,-2.285125494003296,-5.293053150177002,-37.70509338378906
1778674388.6044931,0.0,-2.285125494003296,1.1339035034179688,-35.15625762939453
1778674388.6395764,0.0,-2.285125494003296,4.038378715515137,-34.89261245727539
1778674388.674874,0.0,-2.285125494003296,1.0322574377059937,-34.89261245727539
1778674388.709549,0.0,-2.285125494003296,0.30912280082702637,-34.98050308227539
1778674388.7447073,0.0,-2.285125494003296,3.4534575939178467,-36.5625114440918
1778674388.77989,0.0,-2.285125494003296,4.329935550689697,-39.902366638183594
1778674388.8149762,0.0,-2.285125494003296,4.128095626831055,-42.978546142578125
1778674388.8503463,0.0,-2.285125494003296,0.9739267230033875,-43.330108642578125
1778674388.8852234,0.0,-2.285125494003296,0.3186846971511841,-43.330108642578125
1778674388.9205024,0.0,-2.285125494003296,-4.884776592254639,-43.330108642578125
1778674388.955567,0.0,-2.285125494003296,-1.539673924446106,-43.330108642578125
1778674388.990826,0.0,-2.285125494003296,0.21230724453926086,-42.978546142578125
1778674389.0257895,0.0,-2.285125494003296,1.5522713661193848,-42.978546142578125
1778674389.0610044,0.0,-2.285125494003296,0.5676933526992798,-42.978546142578125
1778674389.0961065,0.0,-2.285125494003296,-2.7338640689849854,-42.978546142578125
1778674389.131221,0.0,-2.285125494003296,-2.8017494678497314,-42.978546142578125
1778674389.1644847,0.0,-2.285125494003296,-0.9707695841789246,-42.978546142578125
1778674389.1995068,0.0,-2.285125494003296,2.8042588233947754,-42.714874267578125
1778674389.2367136,0.0,-2.285125494003296,1.2190977334976196,-42.714874267578125
1778674389.269684,0.0,-2.285125494003296,-2.7989015579223633,-42.714874267578125
1778674389.304818,0.0,-2.285125494003296,-1.2058396339416504,-42.714874267578125
1778674389.3401086,0.0,-2.285125494003296,1.244752287864685,-42.539093017578125
1778674389.3754163,0.0,-2.285125494003296,0.7810832858085632,-42.451202392578125
1778674389.4102829,0.0,-2.285125494003296,2.052501678466797,-42.36330795288086
1778674389.4453158,0.0,-2.285125494003296,5.238633632659912,-42.451202392578125
1778674389.4804862,0.0,-2.285125494003296,3.923192262649536,-43.505889892578125
1778674389.5155396,0.0,-2.285125494003296,4.495249271392822,-46.2304801940918
1778674389.550982,0.0,-2.285125494003296,4.730373859405518,-48.33985900878906
1778674389.5862846,0.0,-2.285125494003296,5.220700740814209,-49.13087844848633
1778674389.6209128,0.0,-2.285125494003296,4.961444854736328,-51.767608642578125
1778674389.6543753,0.0,-2.285125494003296,5.848636627197266,-52.646514892578125
1778674389.6895022,0.0,-2.285125494003296,5.069410800933838,-54.49222183227539
1778674389.7246597,0.0,-2.285125494003296,0.9785089492797852,-55.7226676940918
1778674389.7597106,0.0,-2.285125494003296,1.4165852069854736,-55.7226676940918
1778674389.794951,0.0,-2.285125494003296,1.9536726474761963,-55.7226676940918
1778674389.8300614,0.0,-2.285125494003296,1.2687783241271973,-55.3711051940918
1778674389.8652108,0.0,-2.285125494003296,-0.0705980584025383,-55.2832145690918
1778674389.900247,0.0,-2.285125494003296,0.4010058641433716,-54.49222183227539
1778674389.9354725,0.0,-2.285125494003296,-3.3614017963409424,-54.22854995727539
1778674389.970651,0.0,-2.285125494003296,0.00938060600310564,-53.525421142578125
1778674390.006011,0.0,-2.285125494003296,-0.944523274898529,-53.261749267578125
1778674390.0409698,0.0,-2.285125494003296,-1.7524839639663696,-52.29494857788086
1778674390.0760958,0.0,-2.285125494003296,-2.5343143939971924,-51.50393295288086
1778674390.1097195,0.0,-2.285125494003296,-5.096978187561035,-49.74611282348633
1778674390.144581,0.0,-2.285125494003296,-4.164242267608643,-46.9336051940918
1778674390.1796894,0.0,-2.285125494003296,-3.4589946269989014,-46.0546989440918
1778674390.2147982,0.0,-2.285125494003296,-0.9335434436798096,-45.96680450439453
1778674390.2498794,0.0,-2.285125494003296,-0.625804603099823,-45.96680450439453
1778674390.285088,0.0,-2.285125494003296,-0.13466346263885498,-45.96680450439453
1778674390.3200886,0.0,-2.285125494003296,4.097480297088623,-45.96680450439453
1778674390.35549,0.0,-2.285125494003296,2.925412178039551,-45.96680450439453
1778674390.3907034,0.0,-2.285125494003296,2.739259719848633,-47.63673400878906
1778674390.425553,0.0,-2.285125494003296,0.8416479825973511,-50.273460388183594
1778674390.4607801,0.0,-2.285125494003296,-0.3966987729072571,-51.06447982788086
1778674390.495848,0.0,-2.285125494003296,-0.6551495790481567,-51.06447982788086
1778674390.5309546,0.0,-2.285125494003296,-4.09649658203125,-51.06447982788086
1778674390.5643964,0.0,-2.285125494003296,-4.2459821701049805,-50.009788513183594
1778674390.5994735,0.0,-2.285125494003296,-2.840832233428955,-47.19728088378906
1778674390.6364534,0.0,-2.285125494003296,0.04050853103399277,-46.14259338378906
1778674390.6696823,0.0,-2.285125494003296,1.2981706857681274,-46.14259338378906
1778674390.7047853,0.0,-2.285125494003296,5.008200168609619,-46.14259338378906
1778674390.739222,0.0,-2.285125494003296,5.481752395629883,-46.14259338378906
1778674390.7748022,0.0,-2.285125494003296,3.800210952758789,-48.25197219848633
1778674390.8104954,0.0,-2.285125494003296,2.8143935203552246,-51.50393295288086
1778674390.8452313,0.0,-2.285125494003296,4.336907386779785,-52.11916732788086
1778674390.8803544,0.0,-2.285125494003296,6.290823459625244,-53.78909683227539
1778674390.9157429,0.0,-2.285125494003296,6.856334209442139,-57.21681213378906
1778674390.950761,0.0,-2.285125494003296,6.844655513763428,-60.02932357788086
1778674390.9858315,0.0,-2.285125494003296,7.332912921905518,-62.05081558227539
1778674391.021175,0.0,-2.285125494003296,7.210275173187256,-63.98440933227539
1778674391.0559318,0.0,-2.285125494003296,7.070999622344971,-65.30274963378906
1778674391.0909388,0.0,-2.285125494003296,7.222062110900879,-66.70899963378906
1778674391.1262102,0.0,-2.285125494003296,6.891061782836914,-68.9062728881836
1778674391.1610076,0.0,-2.285125494003296,5.977758884429932,-69.87307739257812
1778674391.1942835,0.0,-2.285125494003296,2.913118839263916,-70.22463989257812
1778674391.2293925,0.0,-2.285125494003296,0.32683253288269043,-70.22463989257812
1778674391.264293,0.0,-2.285125494003296,0.6498956084251404,-70.22463989257812
1778674391.299627,0.0,-2.285125494003296,-0.1529201865196228,-68.7304916381836
1778674391.3347454,0.0,-2.285125494003296,3.790949821472168,-66.6211166381836
1778674391.3694751,0.0,-2.285125494003296,1.1040359735488892,-66.6211166381836
1778674391.4044824,0.0,-2.285125494003296,-4.268397331237793,-66.53321838378906
1778674391.4395525,0.0,-2.285125494003296,-5.965203762054443,-66.35743713378906
1778674391.4745588,0.0,-2.285125494003296,-6.342299461364746,-64.33594512939453
1778674391.509616,0.0,-2.285125494003296,-6.846892356872559,-60.820343017578125
1778674391.5448997,0.0,-2.285125494003296,-6.884123802185059,-56.77735900878906
1778674391.5799994,0.0,-2.285125494003296,-6.362485408782959,-54.75586700439453
1778674391.61509,0.0,-2.285125494003296,-6.294565677642822,-53.61331558227539
1778674391.6506155,0.0,-2.285125494003296,-6.384020805358887,-52.29494857788086
1778674391.685523,0.0,-2.285125494003296,-5.773373603820801,-51.41604232788086
1778674391.720521,0.0,-2.285125494003296,-5.899583339691162,-49.92189407348633
1778674391.7557514,0.0,-2.285125494003296,-4.4433274269104,-49.21876907348633
1778674391.7910078,0.0,-2.285125494003296,-4.013494968414307,-49.21876907348633
1778674391.826267,0.0,-2.1972618103027344,-4.1738200187683105,-49.21876907348633
1778674391.859357,0.0,-2.285125494003296,-2.8769173622131348,-48.955101013183594
1778674391.8946288,0.0,-2.285125494003296,-4.452941417694092,-48.86720657348633
1778674391.9294882,0.0,-2.285125494003296,-4.928202152252197,-48.42775344848633
1778674391.9646301,0.0,-2.285125494003296,-5.996838569641113,-46.58204650878906
1778674391.999957,0.0,-2.285125494003296,-6.043481349945068,-44.91211700439453
1778674392.0370297,0.0,-2.285125494003296,-6.365444660186768,-42.890655517578125
1778674392.0702877,0.0,-2.285125494003296,-6.094391822814941,-41.396507263183594
1778674392.1053672,0.0,-2.285125494003296,-6.743226051330566,-40.429710388183594
1778674392.1403334,0.0,-2.285125494003296,-7.172624111175537,-38.32032775878906
1778674392.1754923,0.0,-2.285125494003296,-5.1634840965271,-36.2988395690918
1778674392.2103858,0.0,-2.285125494003296,0.13353194296360016,-35.6836051940918
1778674392.245344,0.0,-2.285125494003296,3.590052604675293,-35.6836051940918
1778674392.280658,0.0,-2.285125494003296,3.301514148712158,-35.6836051940918
1778674392.3157346,0.0,-2.285125494003296,-2.1748175621032715,-36.4746208190918
1778674392.3509455,0.0,-2.285125494003296,0.1917858123779297,-36.5625114440918
1778674392.3842711,0.0,-2.285125494003296,-0.13545478880405426,-37.79298400878906
1778674392.4193575,0.0,-2.285125494003296,-1.34388267993927,-38.49611282348633
1778674392.4544806,0.0,-2.285125494003296,-0.04971012845635414,-38.49611282348633
1778674392.4897144,0.0,-2.285125494003296,1.1719653606414795,-38.49611282348633
1778674392.5249536,0.0,-2.285125494003296,4.270986080169678,-39.550804138183594
1778674392.5600843,0.0,-2.285125494003296,6.538270473480225,-43.066436767578125
1778674392.5952363,0.0,-2.285125494003296,6.325653076171875,-46.9336051940918
1778674392.6302245,0.0,-2.1972618103027344,4.861173152923584,-49.30665969848633
1778674392.665468,0.0,-2.285125494003296,4.549013137817383,-49.92189407348633
1778674392.700375,0.0,-2.285125494003296,0.9220302700996399,-51.24026107788086
1778674392.7354667,0.0,-2.285125494003296,-0.33204832673072815,-51.41604232788086
1778674392.771015,0.0,-2.285125494003296,-3.014544725418091,-51.41604232788086
1778674392.8058312,0.0,-2.285125494003296,-0.5905748009681702,-51.328147888183594
1778674392.8430603,0.0,-2.1972618103027344,2.4092795848846436,-50.097679138183594
1778674392.874336,0.0,-2.285125494003296,1.2951534986495972,-49.13087844848633
1778674392.909527,0.0,-2.285125494003296,2.098834276199341,-49.13087844848633
1778674392.9445913,0.0,-2.285125494003296,2.53914213180542,-49.13087844848633
1778674392.9796789,0.0,-2.285125494003296,3.7428669929504395,-49.21876907348633
1778674393.014973,0.0,-2.285125494003296,3.037205696105957,-51.85549545288086
1778674393.0502012,0.0,-2.285125494003296,4.627355575561523,-52.470733642578125
1778674393.0852902,0.0,-2.285125494003296,2.888770341873169,-53.61331558227539
1778674393.1203957,0.0,-2.1972618103027344,4.463031768798828,-54.05276870727539
1778674393.155503,0.0,-2.285125494003296,5.735101222991943,-55.8105583190918
1778674393.190738,0.0,-2.1972618103027344,5.035339832305908,-58.447288513183594
1778674393.2258394,0.0,-2.1972618103027344,5.099477767944336,-59.23830795288086
1778674393.2610047,0.0,-2.1972618103027344,4.581979751586914,-60.644561767578125
1778674393.2962425,0.0,-2.1972618103027344,4.943792343139648,-61.084014892578125
1778674393.3292835,0.0,-2.285125494003296,5.34134578704834,-62.138702392578125
1778674393.364505,0.0,-2.285125494003296,5.07426118850708,-62.92972183227539
1778674393.399639,0.0,-2.285125494003296,3.9767661094665527,-64.33594512939453
1778674393.436402,0.0,-2.285125494003296,4.831493377685547,-64.59961700439453
1778674393.4696624,0.0,-2.1972618103027344,4.925147533416748,-65.30274963378906
1778674393.5047605,0.0,-2.285125494003296,6.9692559242248535,-66.18165588378906
1778674393.5397172,0.0,-2.285125494003296,5.244790554046631,-67.8515853881836
1778674393.5748055,0.0,-2.285125494003296,6.802435398101807,-68.9062728881836
1778674393.6100726,0.0,-2.285125494003296,6.631397724151611,-70.57620239257812
1778674393.6452258,0.0,-2.285125494003296,6.769556999206543,-72.15823364257812
1778674393.6802678,0.0,-2.285125494003296,5.507914066314697,-73.91605377197266
1778674393.7151253,0.0,-2.285125494003296,4.108044147491455,-74.09181213378906
1778674393.750266,0.0,-2.285125494003296,4.107934474945068,-74.09181213378906
1778674393.7854915,0.0,-2.285125494003296,3.457793951034546,-74.09181213378906
1778674393.820774,0.0,-2.285125494003296,-0.5771955847740173,-74.09181213378906
1778674393.855876,0.0,-2.285125494003296,-0.6058558821678162,-74.09181213378906
1778674393.8909876,0.0,-2.285125494003296,-0.609957218170166,-73.30081939697266
1778674393.926066,0.0,-2.285125494003296,-1.9493283033370972,-71.89456176757812
1778674393.9610682,0.0,-2.285125494003296,0.5652465224266052,-70.04885864257812
1778674393.996335,0.0,-2.285125494003296,3.0916213989257812,-69.5215072631836
1778674394.0293062,0.0,-2.285125494003296,0.46337562799453735,-69.5215072631836
1778674394.0642345,0.0,-2.285125494003296,-0.6655731201171875,-69.60940551757812
1778674394.0993042,0.0,-2.285125494003296,-2.2259695529937744,-69.5215072631836
1778674394.1344135,0.0,-2.285125494003296,-1.8028531074523926,-69.2578353881836
1778674394.1694999,0.0,-2.285125494003296,0.6968834400177002,-68.4668197631836
1778674394.2044055,0.0,-2.1972618103027344,1.3996015787124634,-68.4668197631836
1778674394.241476,0.0,-2.285125494003296,0.5000540614128113,-69.0820541381836
1778674394.2744868,0.0,-2.285125494003296,-1.1431699991226196,-69.16995239257812
1778674394.3096533,0.0,-2.285125494003296,2.4526827335357666,-69.16995239257812
1778674394.3448281,0.0,-2.285125494003296,4.554515838623047,-69.16995239257812
1778674394.3799775,0.0,-2.285125494003296,4.711282730102539,-70.57620239257812
1778674394.414972,0.0,-2.285125494003296,1.308483362197876,-73.47660064697266
1778674394.450003,0.0,-2.285125494003296,3.1313893795013428,-74.35548400878906
1778674394.4849868,0.0,-2.285125494003296,2.791994094848633,-74.79493713378906
1778674394.520368,0.0,-2.285125494003296,-0.2501428425312042,-75.05860900878906
1778674394.555496,0.0,-2.285125494003296,2.8855409622192383,-75.05860900878906
1778674394.5907474,0.0,-2.285125494003296,3.421485424041748,-75.32228088378906
1778674394.62567,0.0,-2.285125494003296,-0.5368710160255432,-76.7285385131836
1778674394.6607454,0.0,-2.285125494003296,-1.4087562561035156,-76.7285385131836
1778674394.6961582,0.0,-2.285125494003296,-1.8851498365402222,-76.7285385131836
1778674394.7311082,0.0,-2.285125494003296,-3.1429636478424072,-75.84962463378906
1778674394.7643461,0.0,-2.285125494003296,-1.590216040611267,-73.03714752197266
1778674394.7995667,0.0,-2.285125494003296,0.9273331761360168,-71.98246002197266
1778674394.836242,0.0,-2.285125494003296,-0.4333207607269287,-71.98246002197266
1778674394.8694868,0.0,-2.285125494003296,4.019695281982422,-71.98246002197266
1778674394.904606,0.0,-2.285125494003296,3.8352324962615967,-72.68558502197266
1778674394.9398677,0.0,-2.285125494003296,6.036144733428955,-75.32228088378906
1778674394.97519,0.0,-2.285125494003296,5.957827091217041,-79.1894760131836
1778674395.0102625,0.0,-2.285125494003296,6.452012062072754,-80.85940551757812
1778674395.0453804,0.0,-2.285125494003296,7.052774906158447,-83.40824127197266
1778674395.0803144,0.0,-2.285125494003296,5.997520446777344,-85.42972564697266
1778674395.1156552,0.0,-2.285125494003296,6.539343357086182,-86.7480697631836
1778674395.1505153,0.0,-2.285125494003296,4.790196895599365,-87.9785385131836
1778674395.1858864,0.0,-2.285125494003296,3.955207586288452,-88.24221801757812
1778674395.2207518,0.0,-2.285125494003296,3.455618143081665,-88.24221801757812
1778674395.255904,0.0,-2.285125494003296,4.431662082672119,-88.24221801757812
1778674395.291006,0.0,-2.285125494003296,-0.40638479590415955,-88.5058822631836
1778674395.3243914,0.0,-2.285125494003296,-0.25633904337882996,-88.5058822631836
1778674395.3595667,0.0,-2.285125494003296,-0.64151930809021,-88.4179916381836
1778674395.3946168,0.0,-2.285125494003296,-4.442859649658203,-87.0117416381836
1778674395.429707,0.0,-2.285125494003296,-6.49359655380249,-84.37504577636719
1778674395.4648416,0.0,-2.285125494003296,-6.437053203582764,-80.50784301757812
1778674395.5003462,0.0,-2.285125494003296,-7.210327625274658,-76.9922103881836
1778674395.5353608,0.0,-2.285125494003296,-6.736962795257568,-74.17970275878906
1778674395.5704675,0.0,-2.285125494003296,-7.1581807136535645,-72.77346801757812
1778674395.6052542,0.0,-2.285125494003296,-7.135015487670898,-70.92776489257812
1778674395.642246,0.0,-2.285125494003296,-7.197979927062988,-69.3457260131836
1778674395.67548,0.0,-2.285125494003296,-6.7592597007751465,-67.8515853881836
1778674395.7105188,0.0,-2.285125494003296,-6.025600910186768,-67.14845275878906
1778674395.7456892,0.0,-2.285125494003296,-7.305554389953613,-66.35743713378906
1778674395.780578,0.0,-2.285125494003296,-7.7332539558410645,-64.51173400878906
1778674395.8159747,0.0,-2.1972618103027344,-7.3141398429870605,-62.84183120727539
1778674395.85094,0.0,-2.285125494003296,-7.48709774017334,-61.962921142578125
1778674395.886299,0.0,-2.285125494003296,-7.029471397399902,-60.11721420288086
1778674395.9195077,0.0,-2.285125494003296,-6.429195404052734,-59.85354232788086
1778674395.9545684,0.0,-2.285125494003296,-5.860151767730713,-58.79885482788086
1778674395.9896374,0.0,-2.285125494003296,-5.41909646987915,-58.710960388183594
1778674396.0249002,0.0,-2.1972618103027344,-4.356393814086914,-58.18361282348633
1778674396.0600832,0.0,-2.285125494003296,-5.823194980621338,-58.095726013183594
1778674396.0954149,0.0,-2.1972618103027344,-5.26438570022583,-57.30470657348633
1778674396.1302793,0.0,-2.285125494003296,-4.17575216293335,-56.68946838378906
1778674396.1653743,0.0,-2.1972618103027344,-2.1875295639038086,-56.6015739440918
1778674396.200534,0.0,-2.1972618103027344,-0.4640287160873413,-56.6015739440918
1778674396.2355769,0.0,-2.285125494003296,-1.0864189863204956,-56.68946838378906
1778674396.2705553,0.0,-2.1972618103027344,-0.6762993931770325,-57.21681213378906
1778674396.305897,0.0,-2.285125494003296,-0.293298602104187,-57.74415969848633
1778674396.3412023,0.0,-2.1972618103027344,-2.2212042808532715,-58.095726013183594
1778674396.3742673,0.0,-2.285125494003296,-1.8216464519500732,-58.095726013183594
1778674396.409259,0.0,-2.285125494003296,-1.2451629638671875,-58.095726013183594
1778674396.444366,0.0,-2.285125494003296,-2.21840763092041,-58.095726013183594
1778674396.479409,0.0,-2.1972618103027344,-1.8265173435211182,-57.74415969848633
1778674396.5149825,0.0,-2.1972618103027344,1.1038684844970703,-57.56837844848633
1778674396.550086,0.0,-2.285125494003296,-0.6973967552185059,-57.56837844848633
1778674396.5851245,0.0,-2.285125494003296,4.5127458572387695,-57.56837844848633
1778674396.6202135,0.0,-2.285125494003296,4.156917095184326,-57.832054138183594
1778674396.6554506,0.0,-2.1972618103027344,4.669407844543457,-60.55666732788086
1778674396.6907299,0.0,-2.285125494003296,5.589380741119385,-63.720741271972656
1778674396.7256985,0.0,-2.1972618103027344,5.420964241027832,-65.65431213378906
1778674396.7605722,0.0,-2.285125494003296,3.6231770515441895,-67.3242416381836
1778674396.795533,0.0,-2.285125494003296,2.6186282634735107,-67.4121322631836
1778674396.830694,0.0,-2.285125494003296,3.563626527786255,-67.4121322631836
1778674396.8657804,0.0,-2.285125494003296,3.9068973064422607,-67.9394760131836
1778674396.900953,0.0,-2.285125494003296,-3.211527109146118,-68.2910385131836
1778674396.9361913,0.0,-2.285125494003296,1.077020525932312,-68.2910385131836
1778674396.971056,0.0,-2.285125494003296,-0.05553511530160904,-68.2031478881836
1778674397.0059974,0.0,-2.285125494003296,-1.8586130142211914,-67.3242416381836
1778674397.0430818,0.0,-2.285125494003296,-0.4031609892845154,-65.56642150878906
1778674397.0743318,0.0,-2.285125494003296,-2.402392864227295,-64.77539825439453
1778674397.1092691,0.0,-2.285125494003296,-1.1673134565353394,-64.16019439697266
1778674397.1446068,0.0,-2.285125494003296,-3.3007540702819824,-63.54495620727539
1778674397.1794446,0.0,-2.285125494003296,-3.2706785202026367,-62.31448745727539
1778674397.214809,0.0,-2.1972618103027344,-3.1025147438049316,-60.99612045288086
1778674397.250072,0.0,-2.285125494003296,-0.6604378819465637,-60.38088607788086
1778674397.2851403,0.0,-2.1972618103027344,0.8498498201370239,-60.29299545288086
1778674397.3203752,0.0,-2.285125494003296,-0.2440831959247589,-60.55666732788086
1778674397.3553436,0.0,-2.285125494003296,-4.916612148284912,-60.644561767578125
1778674397.3904471,0.0,-2.285125494003296,-5.719545841217041,-60.644561767578125
1778674397.4255729,0.0,-2.1972618103027344,-4.682865619659424,-60.38088607788086
1778674397.460843,0.0,-2.285125494003296,-2.8579046726226807,-58.710960388183594
1778674397.4961245,0.0,-2.285125494003296,-4.720701217651367,-58.271507263183594
1778674397.531235,0.0,-2.1972618103027344,-4.124844551086426,-56.6015739440918
1778674397.5644157,0.0,-2.285125494003296,-4.3256731033325195,-55.4589958190918
1778674397.5995312,0.0,-2.285125494003296,-0.6985664963722229,-54.40433120727539
1778674397.634662,0.0,-2.285125494003296,2.2243294715881348,-54.40433120727539
1778674397.6697614,0.0,-2.285125494003296,2.7099897861480713,-54.40433120727539
1778674397.7051415,0.0,-2.1972618103027344,-2.6180055141448975,-55.01953887939453
1778674397.740171,0.0,-2.285125494003296,-2.9633498191833496,-55.2832145690918
1778674397.7751646,0.0,-2.285125494003296,-3.6686573028564453,-55.2832145690918
1778674397.8105125,0.0,-2.285125494003296,-3.299288272857666,-54.58008575439453
1778674397.8453593,0.0,-2.1972618103027344,-5.568000316619873,-53.87698745727539
1778674397.880378,0.0,-2.1972618103027344,-3.0230419635772705,-51.50393295288086
1778674397.915496,0.0,-2.1972618103027344,0.9765390157699585,-50.53713607788086
1778674397.9508588,0.0,-2.1972618103027344,0.09158222377300262,-50.53713607788086
1778674397.9864569,0.0,-2.285125494003296,-0.7566535472869873,-50.53713607788086
1778674398.021348,0.0,-2.1972618103027344,-1.8476297855377197,-50.53713607788086
1778674398.0543015,0.0,-2.1972618103027344,-1.8080693483352661,-50.53713607788086
1778674398.0894542,0.0,-2.285125494003296,-0.2847442030906677,-50.53713607788086
1778674398.1245608,0.0,-2.1972618103027344,3.219270944595337,-50.53713607788086
1778674398.1596816,0.0,-2.285125494003296,2.75699520111084,-50.97658920288086
1778674398.1948047,0.0,-2.1972618103027344,2.2309646606445312,-53.437530517578125
1778674398.229881,0.0,-2.1972618103027344,4.6491007804870605,-54.49222183227539
1778674398.265308,0.0,-2.285125494003296,1.4279332160949707,-56.07423400878906
1778674398.3002357,0.0,-2.285125494003296,3.3345396518707275,-57.12892150878906
1778674398.3352423,0.0,-2.1972618103027344,4.69974422454834,-58.535179138183594
1778674398.3706996,0.0,-2.1972618103027344,5.140247344970703,-60.908233642578125
1778674398.4055152,0.0,-2.285125494003296,3.29431414604187,-62.138702392578125
1778674398.4427655,0.0,-2.285125494003296,3.9788544178009033,-62.138702392578125
1778674398.4758964,0.0,-2.1972618103027344,4.461352825164795,-63.017616271972656
1778674398.5110116,0.0,-2.285125494003296,6.2957987785339355,-64.51173400878906
1778674398.545849,0.0,-2.285125494003296,5.476126670837402,-66.26954650878906
1778674398.5809755,0.0,-2.285125494003296,5.750033855438232,-67.8515853881836
1778674398.6143277,0.0,-2.285125494003296,3.066277265548706,-69.0820541381836
1778674398.6492596,0.0,-2.285125494003296,3.0311827659606934,-69.0820541381836
1778674398.6841524,0.0,-2.285125494003296,2.364607810974121,-69.0820541381836
1778674398.7191477,0.0,-2.1972618103027344,0.36439746618270874,-69.0820541381836
1778674398.7543516,0.0,-2.1972618103027344,-0.7497762441635132,-67.7636947631836
1778674398.7893794,0.0,-2.1972618103027344,3.640183210372925,-66.18165588378906
1778674398.8245072,0.0,-2.285125494003296,4.001487731933594,-66.09376525878906
1778674398.8596153,0.0,-2.285125494003296,3.5754075050354004,-66.26954650878906
1778674398.8947272,0.0,-2.285125494003296,0.2911301553249359,-68.1152572631836
1778674398.9296284,0.0,-2.285125494003296,-1.248806118965149,-68.7304916381836
1778674398.9646606,0.0,-2.1972618103027344,-0.5606958866119385,-68.7304916381836
1778674398.9998703,0.0,-2.285125494003296,-0.175864577293396,-68.1152572631836
1778674399.0351346,0.0,-2.285125494003296,3.1006147861480713,-67.5000228881836
1778674399.070089,0.0,-2.285125494003296,2.5433223247528076,-67.5000228881836
1778674399.104962,0.0,-2.285125494003296,1.6448026895523071,-68.2910385131836
1778674399.1401744,0.0,-2.1972618103027344,1.130213737487793,-68.5547103881836
1778674399.1750813,0.0,-2.285125494003296,0.9600237607955933,-68.5547103881836
1778674399.2103615,0.0,-2.285125494003296,0.41386500000953674,-68.5547103881836
1778674399.2471688,0.0,-2.285125494003296,0.514422595500946,-68.5547103881836
1778674399.2802327,0.0,-2.285125494003296,1.794994831085205,-68.5547103881836
1778674399.3153336,0.0,-2.285125494003296,4.146351337432861,-68.7304916381836
1778674399.3505752,0.0,-2.285125494003296,2.5775392055511475,-69.87307739257812
1778674399.3848886,0.0,-2.285125494003296,-1.2968864440917969,-70.4004135131836
1778674399.4199271,0.0,-2.285125494003296,0.15040156245231628,-70.4004135131836
1778674399.4550066,0.0,-2.285125494003296,3.545069694519043,-70.4004135131836
1778674399.4901218,0.0,-2.285125494003296,2.7062697410583496,-70.4004135131836
1778674399.5256846,0.0,-2.285125494003296,3.6017637252807617,-71.19143676757812
1778674399.5609875,0.0,-2.285125494003296,1.2438243627548218,-72.77346801757812
1778674399.5960562,0.0,-2.285125494003296,1.3095383644104004,-72.77346801757812
1778674399.6311915,0.0,-2.1972618103027344,-0.25103017687797546,-72.77346801757812
1778674399.6643765,0.0,-2.285125494003296,-1.2811139822006226,-72.77346801757812
1778674399.6993484,0.0,-2.285125494003296,-2.8108294010162354,-71.36721801757812
1778674399.73442,0.0,-2.285125494003296,-3.5717790126800537,-69.16995239257812
1778674399.7695112,0.0,-2.1972618103027344,-4.100255489349365,-66.97267150878906
1778674399.8042967,0.0,-2.285125494003296,-3.4870824813842773,-65.47853088378906
1778674399.8413188,0.0,-2.285125494003296,-3.008479118347168,-64.68751525878906
1778674399.8745694,0.0,-2.285125494003296,-0.5662437081336975,-64.68751525878906
1778674399.9097161,0.0,-2.285125494003296,-0.9895246624946594,-64.68751525878906
1778674399.944602,0.0,-2.1972618103027344,-3.30234956741333,-64.68751525878906
1778674399.9797044,0.0,-2.285125494003296,-3.612274169921875,-64.68751525878906
1778674400.0143075,0.0,-2.1972618103027344,-5.2998738288879395,-64.51173400878906
1778674400.04957,0.0,-2.285125494003296,-3.0972909927368164,-62.49026870727539
1778674400.0853004,0.0,-2.285125494003296,-0.3482045829296112,-61.17190170288086
1778674400.1201978,0.0,-2.1972618103027344,-3.5583996772766113,-61.084014892578125
1778674400.1555154,0.0,-2.1972618103027344,-5.552648067474365,-60.73244857788086
1778674400.1905143,0.0,-2.285125494003296,-3.03727650642395,-58.79885482788086
1778674400.2253284,0.0,-2.285125494003296,-3.77055287361145,-58.35939407348633
1778674400.2607725,0.0,-2.1972618103027344,-3.358091115951538,-57.91994094848633
1778674400.2961526,0.0,-2.1972618103027344,-6.376435279846191,-57.74415969848633
1778674400.330932,0.0,-2.285125494003296,-4.187130928039551,-55.9863395690918
1778674400.3641815,0.0,-2.1972618103027344,0.28880587220191956,-55.1074333190918
1778674400.3994472,0.0,-2.1972618103027344,0.8131356239318848,-55.01953887939453
1778674400.434503,0.0,-2.1972618103027344,-1.9324733018875122,-55.1074333190918
1778674400.4696329,0.0,-2.285125494003296,2.1530237197875977,-55.19532012939453
1778674400.5047836,0.0,-2.1972618103027344,2.003337860107422,-55.3711051940918
1778674400.5400813,0.0,-2.1972618103027344,0.9237478971481323,-57.21681213378906
1778674400.575127,0.0,-2.1972618103027344,4.87494421005249,-58.35939407348633
1778674400.6104147,0.0,-2.285125494003296,2.293503999710083,-60.38088607788086
1778674400.6467283,0.0,-2.285125494003296,3.2343990802764893,-61.61136245727539
1778674400.680484,0.0,-2.1972618103027344,-0.2925739586353302,-62.66604995727539
1778674400.7156165,0.0,-2.285125494003296,1.4612482786178589,-63.017616271972656
1778674400.7507927,0.0,-2.285125494003296,-0.3170830011367798,-63.017616271972656
1778674400.7860372,0.0,-2.1972618103027344,-3.359116315841675,-62.66604995727539
1778674400.8211644,0.0,-2.1972618103027344,1.700617790222168,-60.55666732788086
1778674400.8543444,0.0,-2.285125494003296,1.4843664169311523,-59.67776107788086
1778674400.8894656,0.0,-2.1972618103027344,-1.3029481172561646,-59.67776107788086
1778674400.924608,0.0,-2.1972618103027344,-4.585829257965088,-59.67776107788086
1778674400.959676,0.0,-2.1972618103027344,-5.447075843811035,-57.91994094848633
1778674400.9952173,0.0,-2.1972618103027344,-2.939983606338501,-54.58008575439453
1778674401.03006,0.0,-2.285125494003296,-2.9838600158691406,-53.87698745727539
1778674401.0650673,0.0,-2.1972618103027344,-4.923617362976074,-53.87698745727539
1778674401.1003282,0.0,-2.285125494003296,-1.2748749256134033,-53.261749267578125
1778674401.135506,0.0,-2.285125494003296,-3.637296438217163,-53.261749267578125
1778674401.1705322,0.0,-2.285125494003296,-3.5379865169525146,-52.822296142578125
1778674401.2055304,0.0,-2.1972618103027344,-2.31968355178833,-52.29494857788086
1778674401.2426064,0.0,-2.1972618103027344,-2.505378007888794,-52.29494857788086
1778674401.2754853,0.0,-2.1972618103027344,-1.9410319328308105,-52.29494857788086
1778674401.3111498,0.0,-2.285125494003296,-5.9403486251831055,-52.29494857788086
1778674401.3443966,0.0,-2.1972618103027344,-7.5497236251831055,-52.03127670288086
1778674401.3794925,0.0,-2.1972618103027344,-7.141812324523926,-50.449241638183594
1778674401.4144063,0.0,-2.285125494003296,-7.412330150604248,-46.84571838378906
1778674401.4494903,0.0,-2.285125494003296,-6.623801231384277,-43.85745620727539
1778674401.484748,0.0,-2.1972618103027344,-6.989102840423584,-42.01174545288086
1778674401.5198913,0.0,-2.1972618103027344,-7.464915752410889,-40.253929138183594
1778674401.5549514,0.0,-2.1972618103027344,-7.275434494018555,-37.88087463378906
1778674401.589666,0.0,-2.1972618103027344,-7.204081058502197,-36.3867301940918
1778674401.623029,0.0,-2.1972618103027344,-6.907065391540527,-35.6836051940918
1778674401.6605904,0.0,-2.1972618103027344,-4.6935319900512695,-34.27737808227539
1778674401.6954668,0.0,-2.1972618103027344,-5.501614093780518,-32.95901107788086
1778674401.7303555,0.0,-2.1972618103027344,-5.45407772064209,-32.871124267578125
1778674401.7654576,0.0,-2.1972618103027344,-3.147434949874878,-32.25588607788086
1778674401.8005419,0.0,-2.1972618103027344,-3.7766928672790527,-31.81643295288086
1778674401.835622,0.0,-2.1972618103027344,-5.216385364532471,-31.81643295288086
1778674401.870461,0.0,-2.1972618103027344,-4.468337059020996,-31.640649795532227
1778674401.9051795,0.0,-2.285125494003296,-2.9250504970550537,-30.761741638183594
1778674401.941007,0.0,-2.1972618103027344,-6.424785614013672,-30.761741638183594
1778674401.9756966,0.0,-2.1972618103027344,-6.663515567779541,-30.761741638183594
1778674402.0108337,0.0,-2.1972618103027344,-5.6055474281311035,-29.443378448486328
1778674402.047289,0.0,-2.1972618103027344,-4.369719505310059,-27.15821647644043
1778674402.0784655,0.0,-2.1972618103027344,-3.216047525405884,-26.718759536743164
1778674402.1139398,0.0,-2.1972618103027344,-3.252624750137329,-26.718759536743164
1778674402.1489534,0.0,-2.1972618103027344,-5.288294315338135,-26.718759536743164
1778674402.1842856,0.0,-2.1972618103027344,-5.12452507019043,-25.48828887939453
1778674402.2196271,0.0,-2.1972618103027344,-1.1513636112213135,-23.291044235229492
1778674402.254695,0.0,-2.1972618103027344,1.0943700075149536,-22.939481735229492
1778674402.289891,0.0,-2.1972618103027344,-3.85341739654541,-22.939481735229492
1778674402.3250532,0.0,-2.1972618103027344,-5.213482856750488,-22.939481735229492
1778674402.3603685,0.0,-2.1972618103027344,-6.121211528778076,-21.972681045532227
1778674402.3955355,0.0,-2.1972618103027344,-4.325355052947998,-18.984390258789062
1778674402.4303977,0.0,-2.285125494003296,-2.3891634941101074,-17.050792694091797
1778674402.465661,0.0,-2.1972618103027344,2.2034733295440674,-16.962902069091797
1778674402.500157,0.0,-2.1972618103027344,4.45577335357666,-17.138683319091797
1778674402.533596,0.0,-2.285125494003296,1.3400264978408813,-18.457046508789062
1778674402.5693283,0.0,-2.285125494003296,1.244596004486084,-20.830101013183594
1778674402.604369,0.0,-2.1972618103027344,-0.4363795518875122,-21.884790420532227
1778674402.6395013,0.0,-2.1972618103027344,-4.048497200012207,-21.884790420532227
1778674402.6745832,0.0,-2.285125494003296,-2.078920364379883,-21.884790420532227
1778674402.7097697,0.0,-2.1972618103027344,0.4181787371635437,-21.181663513183594
1778674402.7449372,0.0,-2.285125494003296,-0.6257503032684326,-21.181663513183594
1778674402.7801323,0.0,-2.1972618103027344,3.0565779209136963,-21.181663513183594
1778674402.8153596,0.0,-2.1972618103027344,5.0721435546875,-21.181663513183594
1778674402.850208,0.0,-2.285125494003296,4.0559163093566895,-23.730499267578125
1778674402.885259,0.0,-2.285125494003296,2.7175686359405518,-25.13675308227539
1778674402.9202847,0.0,-2.1972618103027344,4.311298847198486,-25.66407012939453
1778674402.9557695,0.0,-2.285125494003296,5.520492076873779,-27.50977897644043
1778674402.99079,0.0,-2.285125494003296,4.016999244689941,-30.673851013183594
1778674403.0256016,0.0,-2.285125494003296,3.3558225631713867,-31.201194763183594
1778674403.0607903,0.0,-2.1972618103027344,4.6101975440979,-31.201194763183594
1778674403.095962,0.0,-2.285125494003296,6.502067565917969,-32.783233642578125
1778674403.1308613,0.0,-2.1972618103027344,6.552712917327881,-35.50782012939453
1778674403.165867,0.0,-2.285125494003296,7.2274370193481445,-37.61720275878906
1778674403.1993098,0.0,-2.285125494003296,7.172398567199707,-39.28712844848633
1778674403.234479,0.0,-2.285125494003296,6.091506481170654,-40.86916732788086
1778674403.2693653,0.0,-2.285125494003296,6.646707534790039,-41.660179138183594
1778674403.3047116,0.0,-2.1972618103027344,7.502559185028076,-42.890655517578125
1778674403.3397243,0.0,-2.285125494003296,6.619436740875244,-44.12112808227539
1778674403.3750184,0.0,-2.285125494003296,7.0076141357421875,-45.7910270690918
1778674403.4099352,0.0,-2.285125494003296,5.317282676696777,-45.96680450439453
1778674403.4471574,0.0,-2.285125494003296,3.3460025787353516,-46.2304801940918
1778674403.4805515,0.0,-2.1972618103027344,4.074017524719238,-46.3183708190918
1778674403.5153697,0.0,-2.1972618103027344,5.80010461807251,-46.3183708190918
1778674403.5498917,0.0,-2.1972618103027344,5.569613933563232,-46.84571838378906
1778674403.5854554,0.0,-2.285125494003296,4.087164402008057,-49.13087844848633
1778674403.6207244,0.0,-2.1972618103027344,5.375636577606201,-49.74611282348633
1778674403.6560433,0.0,-2.285125494003296,5.73206901550293,-51.50393295288086
1778674403.689324,0.0,-2.1972618103027344,5.6185526847839355,-52.910186767578125
1778674403.7243538,0.0,-2.1972618103027344,1.9308366775512695,-54.140655517578125
1778674403.7593913,0.0,-2.285125494003296,1.7795785665512085,-54.22854995727539
1778674403.7946236,0.0,-2.1972618103027344,-0.6525135636329651,-54.140655517578125
1778674403.8297393,0.0,-2.1972618103027344,-4.23059606552124,-53.87698745727539
1778674403.8647835,0.0,-2.1972618103027344,-4.450018405914307,-51.943389892578125
1778674403.9002762,0.0,-2.1972618103027344,0.3178252577781677,-48.42775344848633
1778674403.9350944,0.0,-2.1972618103027344,2.09765887260437,-46.3183708190918
1778674403.9701505,0.0,-2.1972618103027344,1.745378851890564,-46.2304801940918
1778674404.0053267,0.0,-2.1972618103027344,1.4784036874771118,-46.2304801940918
1778674404.0404844,0.0,-2.1972618103027344,0.9797526597976685,-46.2304801940918
1778674404.0755851,0.0,-2.285125494003296,1.641880750656128,-46.3183708190918
1778674404.1108913,0.0,-2.285125494003296,0.5779005289077759,-47.63673400878906
1778674404.1461573,0.0,-2.285125494003296,-2.3017539978027344,-47.72462463378906
1778674404.1785913,0.0,-2.1972618103027344,-3.5435657501220703,-47.72462463378906
1778674404.2146368,0.0,-2.1972618103027344,-1.8635188341140747,-47.63673400878906
1778674404.2493129,0.0,-2.1972618103027344,-0.6137477159500122,-47.02149963378906
1778674404.2845438,0.0,-2.1972618103027344,-3.224907636642456,-47.02149963378906
1778674404.319917,0.0,-2.1972618103027344,-3.2480838298797607,-46.3183708190918
1778674404.3549836,0.0,-2.1972618103027344,-1.6465041637420654,-45.3515739440918
1778674404.389899,0.0,-2.1972618103027344,-3.400824785232544,-44.56058120727539
1778674404.42518,0.0,-2.1972618103027344,0.7865635752677917,-43.066436767578125
1778674404.4602766,0.0,-2.1972618103027344,-1.7115107774734497,-42.978546142578125
1778674404.4955645,0.0,-2.1972618103027344,-2.5121402740478516,-42.978546142578125
1778674404.5307126,0.0,-2.1972618103027344,1.777000904083252,-42.978546142578125
1778674404.5655599,0.0,-2.1972618103027344,0.35995087027549744,-42.978546142578125
1778674404.6007566,0.0,-2.1972618103027344,-3.3637664318084717,-42.978546142578125
1778674404.6361663,0.0,-2.1972618103027344,-4.653025150299072,-42.978546142578125
1778674404.6692135,0.0,-2.285125494003296,-5.396358013153076,-42.978546142578125
1778674404.7042809,0.0,-2.1972618103027344,-3.342251777648926,-41.74807357788086
1778674404.739319,0.0,-2.1972618103027344,-2.4395039081573486,-40.429710388183594
1778674404.774623,0.0,-2.1972618103027344,-2.611269950866699,-40.253929138183594
1778674404.8093128,0.0,-2.1972618103027344,-2.596635103225708,-39.990257263183594
1778674404.8468401,0.0,-2.1972618103027344,-2.009166955947876,-39.81447219848633
1778674404.8799522,0.0,-2.1972618103027344,1.4045906066894531,-39.81447219848633
1778674404.9151971,0.0,-2.1972618103027344,0.09820447117090225,-39.81447219848633
1778674404.9505084,0.0,-2.285125494003296,-1.999450445175171,-39.81447219848633
1778674404.9857104,0.0,-2.1972618103027344,-2.550529956817627,-39.81447219848633
1778674405.0206285,0.0,-2.285125494003296,-3.2389655113220215,-39.81447219848633
1778674405.0557113,0.0,-2.1972618103027344,-2.288660764694214,-38.14454650878906
1778674405.090812,0.0,-2.1972618103027344,-2.9955039024353027,-36.6504020690918
1778674405.1259358,0.0,-2.1972618103027344,-3.439828872680664,-36.5625114440918
1778674405.159181,0.0,-2.1972618103027344,-4.51524019241333,-35.33203887939453
1778674405.1943657,0.0,-2.1972618103027344,-5.337584972381592,-33.222686767578125
1778674405.2292747,0.0,-2.1972618103027344,-5.593067646026611,-31.464868545532227
1778674405.2643344,0.0,-2.1972618103027344,-4.742851734161377,-30.14650535583496
1778674405.2992723,0.0,-2.1972618103027344,-3.0829381942749023,-29.61916160583496
1778674405.3343365,0.0,-2.1972618103027344,-2.2268664836883545,-29.531269073486328
1778674405.3694913,0.0,-2.1972618103027344,-4.953655242919922,-29.61916160583496
1778674405.404498,0.0,-2.1972618103027344,-2.1492362022399902,-29.61916160583496
1778674405.439584,0.0,-2.1972618103027344,4.542150020599365,-29.61916160583496
1778674405.4745538,0.0,-2.1972618103027344,3.3703112602233887,-29.97072410583496
1778674405.5097144,0.0,-2.285125494003296,0.3566398024559021,-31.640649795532227
1778674405.5446227,0.0,-2.1972618103027344,0.7537204027175903,-32.25588607788086
1778674405.5797703,0.0,-2.285125494003296,3.257972002029419,-32.69533920288086
1778674405.6147747,0.0,-2.285125494003296,1.6426101922988892,-34.54104995727539
1778674405.651133,0.0,-2.285125494003296,2.959502935409546,-35.7714958190918
1778674405.68471,0.0,-2.1972618103027344,2.5429556369781494,-36.4746208190918
1778674405.7199292,0.0,-2.285125494003296,4.732062816619873,-37.08985900878906
1778674405.75541,0.0,-2.285125494003296,5.042011260986328,-39.902366638183594
1778674405.7906709,0.0,-2.1972618103027344,5.038401126861572,-41.48440170288086
1778674405.8256593,0.0,-2.1972618103027344,1.002628207206726,-42.62697982788086
1778674405.8608747,0.0,-2.285125494003296,-0.2728896141052246,-42.62697982788086
1778674405.895961,0.0,-2.1972618103027344,0.5055360198020935,-42.62697982788086
1778674405.9291933,0.0,-2.1972618103027344,5.07130241394043,-42.62697982788086
1778674405.9645398,0.0,-2.1972618103027344,5.6811418533325195,-42.62697982788086
1778674405.9996614,0.0,-2.1972618103027344,5.746711730957031,-42.62697982788086
1778674406.034633,0.0,-2.1972618103027344,3.084336996078491,-42.714874267578125
1778674406.0697517,0.0,-2.285125494003296,2.0932109355926514,-43.154327392578125
1778674406.104952,0.0,-2.285125494003296,-3.2470667362213135,-43.24222183227539
1778674406.140034,0.0,-2.1972618103027344,-5.646809101104736,-43.24222183227539
1778674406.1751137,0.0,-2.1972618103027344,-6.435262203216553,-43.154327392578125
1778674406.2103996,0.0,-2.1972618103027344,-6.781877040863037,-42.62697982788086
1778674406.2473319,0.0,-2.285125494003296,-6.796036720275879,-39.37501907348633
1778674406.2805774,0.0,-2.1972618103027344,-7.178267002105713,-34.71683120727539
1778674406.315865,0.0,-2.1972618103027344,-6.786407470703125,-31.201194763183594
1778674406.350869,0.0,-2.1972618103027344,-7.215068340301514,-29.794940948486328
1778674406.3858924,0.0,-2.1972618103027344,-6.352450370788574,-27.24610710144043
1778674406.4209492,0.0,-2.1972618103027344,-6.69411039352417,-25.48828887939453
1778674406.4541228,0.0,-2.1972618103027344,-6.468660831451416,-24.609407424926758
1778674406.489366,0.0,-2.1972618103027344,-6.333993434906006,-23.203153610229492
1778674406.5245466,0.0,-2.1972618103027344,-6.723302841186523,-22.412134170532227
1778674406.5596046,0.0,-2.1972618103027344,-5.755800247192383,-20.742210388183594
1778674406.5946236,0.0,-2.1972618103027344,-6.236208438873291,-20.039081573486328
1778674406.6299562,0.0,-2.1972618103027344,-5.298311233520508,-18.720718383789062
1778674406.664946,0.0,-2.1972618103027344,-5.659927845001221,-18.10548210144043
1778674406.7000616,0.0,-2.285125494003296,-5.198239803314209,-17.050792694091797
1778674406.7353494,0.0,-2.1972618103027344,-5.573369979858398,-16.611337661743164
1778674406.7705135,0.0,-2.1972618103027344,-1.8722881078720093,-15.556674003601074
1778674406.8055341,0.0,-2.1972618103027344,0.5410526394844055,-15.556674003601074
1778674406.8408732,0.0,-2.285125494003296,5.770133018493652,-15.732429504394531
1778674406.8758862,0.0,-2.1972618103027344,2.6720125675201416,-17.314464569091797
1778674406.909107,0.0,-2.1972618103027344,5.522328853607178,-20.91798973083496
1778674406.9442327,0.0,-2.1972618103027344,5.547976970672607,-25.40039825439453
1778674406.9793189,0.0,-2.285125494003296,5.831082344055176,-27.33399772644043
1778674407.0145466,0.0,-2.285125494003296,5.2911248207092285,-29.443378448486328
1778674407.0512586,0.0,-2.1972618103027344,4.837176322937012,-31.113306045532227
1778674407.0843642,0.0,-2.1972618103027344,3.697563648223877,-31.992212295532227
1778674407.1196022,0.0,-2.1972618103027344,4.927027225494385,-32.25588607788086
1778674407.1547363,0.0,-2.285125494003296,4.327266693115234,-32.783233642578125
1778674407.1898348,0.0,-2.285125494003296,5.149835109710693,-33.310577392578125
1778674407.2248728,0.0,-2.285125494003296,5.090330123901367,-35.15625762939453
1778674407.2599478,0.0,-2.285125494003296,6.761157035827637,-36.0351676940918
1778674407.2950194,0.0,-2.1972618103027344,6.602592945098877,-38.40821838378906
1778674407.3303058,0.0,-2.285125494003296,7.0496826171875,-39.990257263183594
1778674407.3652263,0.0,-2.1972618103027344,6.340266704559326,-41.835968017578125
1778674407.4003444,0.0,-2.1972618103027344,4.844557285308838,-42.62697982788086
1778674407.4356549,0.0,-2.285125494003296,4.795380115509033,-42.62697982788086
1778674407.4709473,0.0,-2.1972618103027344,3.980344295501709,-42.714874267578125
1778674407.5057428,0.0,-2.285125494003296,3.1565887928009033,-42.62697982788086
1778674407.5392036,0.0,-2.285125494003296,1.927900791168213,-42.62697982788086
1778674407.5742416,0.0,-2.1972618103027344,0.4609000086784363,-42.62697982788086
1778674407.6095278,0.0,-2.285125494003296,4.3013691902160645,-42.62697982788086
1778674407.6463394,0.0,-2.1972618103027344,1.9309625625610352,-42.62697982788086
1778674407.6796038,0.0,-2.285125494003296,2.139460563659668,-42.62697982788086
1778674407.7147245,0.0,-2.1972618103027344,-3.3100669384002686,-42.62697982788086
1778674407.750135,0.0,-2.1972618103027344,-1.0719099044799805,-42.62697982788086
1778674407.7852907,0.0,-2.1972618103027344,0.21356113255023956,-42.62697982788086
1778674407.820366,0.0,-2.1972618103027344,2.487388849258423,-42.62697982788086
1778674407.8552766,0.0,-2.285125494003296,0.41107177734375,-42.62697982788086
1778674407.8904,0.0,-2.1972618103027344,-3.466648817062378,-42.62697982788086
1778674407.925643,0.0,-2.285125494003296,-3.8369362354278564,-41.835968017578125
1778674407.9607918,0.0,-2.1972618103027344,2.224599838256836,-39.11134719848633
1778674407.996057,0.0,-2.1972618103027344,1.5052573680877686,-37.44142150878906
1778674408.0291154,0.0,-2.1972618103027344,2.0406494140625,-37.26564025878906
1778674408.0642126,0.0,-2.285125494003296,0.9421219825744629,-37.26564025878906
1778674408.099346,0.0,-2.285125494003296,2.735956907272339,-37.70509338378906
1778674408.1336865,0.0,-2.285125494003296,-0.17535300552845,-39.46290969848633
1778674408.169053,0.0,-2.285125494003296,-0.04054245725274086,-39.990257263183594
1778674408.2047772,0.0,-2.1972618103027344,0.47665491700172424,-39.990257263183594
1778674408.2400672,0.0,-2.1972618103027344,3.2704355716705322,-39.990257263183594
1778674408.275159,0.0,-2.285125494003296,5.708006858825684,-40.166038513183594
1778674408.31028,0.0,-2.285125494003296,0.3924996256828308,-42.01174545288086
1778674408.3452485,0.0,-2.285125494003296,-0.41949620842933655,-42.714874267578125
1778674408.3803623,0.0,-2.1972618103027344,-3.9685325622558594,-42.714874267578125
1778674408.4154088,0.0,-2.1972618103027344,-4.940907955169678,-42.714874267578125
1778674408.450566,0.0,-2.1972618103027344,-3.2648415565490723,-42.539093017578125
1778674408.4856684,0.0,-2.1972618103027344,-0.24281471967697144,-40.429710388183594
1778674408.5193064,0.0,-2.1972618103027344,2.6508843898773193,-39.28712844848633
1778674408.554315,0.0,-2.1972618103027344,-2.4222264289855957,-39.28712844848633
1778674408.589266,0.0,-2.1972618103027344,-4.89604377746582,-38.84767532348633
1778674408.6243782,0.0,-2.1972618103027344,-6.221769332885742,-36.4746208190918
1778674408.6595159,0.0,-2.1972618103027344,-6.57818603515625,-33.398468017578125
1778674408.694787,0.0,-2.1972618103027344,-6.202018737792969,-30.673851013183594
1778674408.7299373,0.0,-2.1972618103027344,-5.139858722686768,-29.531269073486328
1778674408.764939,0.0,-2.1972618103027344,-4.797995567321777,-28.916034698486328
1778674408.7998638,0.0,-2.1972618103027344,-5.041642665863037,-28.037124633789062
1778674408.8349946,0.0,-2.1972618103027344,-2.071368932723999,-27.50977897644043
1778674408.869859,0.0,-2.1972618103027344,-4.011317253112793,-27.50977897644043
1778674408.9051197,0.0,-2.1972618103027344,-4.176319122314453,-27.421886444091797
1778674408.9402647,0.0,-2.1972618103027344,-5.691871643066406,-26.630870819091797
1778674408.975142,0.0,-2.1972618103027344,-5.937980651855469,-23.906280517578125
1778674409.0104516,0.0,-2.1972618103027344,-4.537135601043701,-22.851591110229492
1778674409.0454504,0.0,-2.1972618103027344,-6.53833532333374,-22.67580795288086
1778674409.080579,0.0,-2.1972618103027344,-6.705443859100342,-21.357444763183594
1778674409.1156738,0.0,-2.1972618103027344,-6.799193859100342,-18.632827758789062
1778674409.150812,0.0,-2.1972618103027344,-6.743317127227783,-17.226573944091797
1778674409.1841645,0.0,-2.1972618103027344,-6.338382720947266,-15.732429504394531
1778674409.219497,0.0,-2.1972618103027344,-6.387421131134033,-14.853547096252441
1778674409.2543576,0.0,-2.1972618103027344,-6.56733512878418,-13.535184860229492
1778674409.2897005,0.0,-2.1972618103027344,-6.227793216705322,-11.689476013183594
1778674409.3245149,0.0,-2.1972618103027344,-5.956064701080322,-10.810566902160645
1778674409.3598447,0.0,-2.1972618103027344,-6.976786136627197,-10.195331573486328
1778674409.3948715,0.0,-2.1972618103027344,-7.508609294891357,-8.613295555114746
1778674409.429943,0.0,-2.1972618103027344,-7.460555076599121,-6.064460754394531
1778674409.465319,0.0,-2.1972618103027344,-6.751192092895508,-4.746124744415283
1778674409.5003679,0.0,-2.1972618103027344,-6.494261741638184,-4.394561290740967
1778674409.5355008,0.0,-2.1972618103027344,-6.707479953765869,-2.988306999206543
1778674409.5704494,0.0,-2.1972618103027344,-5.117285251617432,-1.845725655555725
1778674409.6055524,0.0,-2.285125494003296,-7.2139434814453125,-1.757834792137146
1778674409.6405754,0.0,-2.1972618103027344,-6.242998123168945,-0.6152534484863281
1778674409.6758742,0.0,-2.1972618103027344,-4.792269229888916,0.26365530490875244
1778674409.7089522,0.0,-2.1972618103027344,-2.161961078643799,0.26365530490875244
1778674409.7440398,0.0,-2.1972618103027344,-2.05411696434021,-1.7302845662925392e-05
1778674409.7791176,0.0,-2.1972618103027344,-2.288498878479004,-0.17579905688762665
1778674409.8142126,0.0,-2.1972618103027344,-3.40858793258667,-0.35158079862594604
1778674409.8513532,0.0,-2.285125494003296,0.33331045508384705,-0.35158079862594604
1778674409.8847833,0.0,-2.285125494003296,-1.9432611465454102,-0.35158079862594604
1778674409.9196954,0.0,-2.1972618103027344,-0.4809267222881317,-0.35158079862594604
1778674409.954816,0.0,-2.1972618103027344,1.4629534482955933,-0.43947166204452515
1778674409.989859,0.0,-2.285125494003296,1.8560885190963745,-2.3730709552764893
1778674410.025147,0.0,-2.1972618103027344,-0.6194483041763306,-3.691434383392334
1778674410.060507,0.0,-2.285125494003296,4.920329570770264,-3.9551069736480713
1778674410.0953119,0.0,-2.285125494003296,4.808221817016602,-4.306670665740967
1778674410.130452,0.0,-2.1972618103027344,4.065963268280029,-6.064460754394531
1778674410.1655407,0.0,-2.1972618103027344,2.4519009590148926,-7.646495819091797
1778674410.2008986,0.0,-2.1972618103027344,0.18189607560634613,-7.646495819091797
1778674410.2340796,0.0,-2.1972618103027344,2.4343442916870117,-7.646495819091797
1778674410.26918,0.0,-2.1972618103027344,5.124234199523926,-7.646495819091797
1778674410.3042617,0.0,-2.1972618103027344,6.383469104766846,-8.525404930114746
1778674410.3395822,0.0,-2.1972618103027344,5.706813335418701,-12.304712295532227
1778674410.3746538,0.0,-2.1972618103027344,1.972841739654541,-14.589875221252441
1778674410.4097927,0.0,-2.1972618103027344,0.3450115919113159,-14.765657424926758
1778674410.444901,0.0,-2.1972618103027344,1.5509001016616821,-14.677765846252441
1778674410.4800532,0.0,-2.1972618103027344,1.7122160196304321,-14.414093971252441
1778674410.5151997,0.0,-2.1972618103027344,0.5616695880889893,-14.326202392578125
1778674410.5503776,0.0,-2.1972618103027344,-2.266801118850708,-13.183621406555176
1778674410.5853634,0.0,-2.1972618103027344,-2.9524965286254883,-10.107439994812012
1778674410.6203792,0.0,-2.1972618103027344,-0.3206450641155243,-8.613295555114746
1778674410.6557915,0.0,-2.285125494003296,-2.509795904159546,-8.613295555114746
1778674410.6908808,0.0,-2.1972618103027344,-3.1780123710632324,-8.525404930114746
1778674410.7240016,0.0,-2.1972618103027344,-1.1874663829803467,-6.591805934906006
1778674410.7592633,0.0,-2.1972618103027344,-3.4089934825897217,-6.2402424812316895
1778674410.7942214,0.0,-2.1972618103027344,-5.8977203369140625,-5.361361026763916
1778674410.829521,0.0,-2.1972618103027344,-4.563669204711914,-2.3730709552764893
1778674410.8646615,0.0,-2.1972618103027344,-2.6147398948669434,-0.6152534484863281
1778674410.899795,0.0,-2.1972618103027344,-1.7693371772766113,-0.7910351753234863
1778674410.9349856,0.0,-2.1972618103027344,-4.555628299713135,-0.7910351753234863
1778674410.9703367,0.0,-2.1972618103027344,-4.278885364532471,-0.7910351753234863
1778674411.0053766,0.0,-2.1972618103027344,-0.1435699313879013,-0.6152534484863281
1778674411.0402195,0.0,-2.1972618103027344,-3.471189260482788,-0.7910351753234863
1778674411.075454,0.0,-2.285125494003296,-2.417140007019043,-0.6152534484863281
1778674411.1105156,0.0,-2.1972618103027344,-3.3375446796417236,-0.35158079862594604
1778674411.1456966,0.0,-2.1972618103027344,-2.4386277198791504,0.7031096816062927
1778674411.180772,0.0,-2.285125494003296,-4.5749735832214355,0.7910005450248718
1778674411.2157536,0.0,-2.1972618103027344,-6.370430946350098,2.3730363845825195
1778674411.2525544,0.0,-2.1972618103027344,-5.149906158447266,5.449189186096191
1778674411.2861083,0.0,-2.285125494003296,-4.378248691558838,6.679661750793457
1778674411.319447,0.0,-2.1972618103027344,-3.3926658630371094,6.767552375793457
1778674411.3541946,0.0,-2.1972618103027344,-5.539985656738281,6.767552375793457
1778674411.389135,0.0,-2.1972618103027344,-4.271241664886475,7.20700740814209
1778674411.4244475,0.0,-2.1972618103027344,-0.8731740713119507,7.470679759979248
1778674411.4592671,0.0,-2.1972618103027344,-2.017335891723633,7.470679759979248
1778674411.4944034,0.0,-2.1972618103027344,-0.8757187128067017,7.382789134979248
1778674411.529398,0.0,-2.1972618103027344,-1.92327880859375,7.29489803314209
1778674411.5645363,0.0,-2.1972618103027344,0.6028216481208801,7.29489803314209
1778674411.599591,0.0,-2.1972618103027344,-1.4802066087722778,7.20700740814209
1778674411.6346827,0.0,-2.1972618103027344,-1.5312867164611816,7.20700740814209
1778674411.6697316,0.0,-2.1972618103027344,0.873327374458313,7.20700740814209
1778674411.704865,0.0,-2.285125494003296,1.9432933330535889,7.20700740814209
1778674411.7399251,0.0,-2.1972618103027344,-0.6116541028022766,6.064425468444824
1778674411.774885,0.0,-2.285125494003296,-0.5667619705200195,4.921844005584717
1778674411.810188,0.0,-2.285125494003296,4.797276496887207,4.921844005584717
1778674411.8453023,0.0,-2.1972618103027344,4.155689239501953,4.921844005584717
1778674411.8800926,0.0,-2.1972618103027344,6.713925838470459,4.306607723236084
1778674411.9152708,0.0,-2.1972618103027344,5.858842372894287,0.5273279547691345
1778674411.9503312,0.0,-2.1972618103027344,4.447498798370361,-1.5820530652999878
1778674411.9854834,0.0,-2.1972618103027344,4.575913429260254,-2.109398365020752
1778674412.0205503,0.0,-2.285125494003296,5.877903938293457,-3.867216110229492
1778674412.0574944,0.0,-2.1972618103027344,3.8523237705230713,-5.0097975730896
1778674412.0909793,0.0,-2.1972618103027344,2.8477673530578613,-5.0097975730896
1778674412.1241653,0.0,-2.285125494003296,5.739199638366699,-5.0097975730896
1778674412.1592987,0.0,-2.285125494003296,4.865563869476318,-5.0976881980896
1778674412.194366,0.0,-2.1972618103027344,6.073564529418945,-6.591805934906006
1778674412.229502,0.0,-2.1972618103027344,7.26096773147583,-8.34962272644043
1778674412.2647433,0.0,-2.285125494003296,4.759423732757568,-11.074240684509277
1778674412.2998693,0.0,-2.285125494003296,4.421493053436279,-12.656275749206543
1778674412.334898,0.0,-2.1972618103027344,-1.6495981216430664,-12.656275749206543
1778674412.3702488,0.0,-2.285125494003296,-5.096334457397461,-12.568385124206543
1778674412.4052339,0.0,-2.285125494003296,-4.957618713378906,-11.074240684509277
1778674412.4403107,0.0,-2.285125494003296,-1.8143738508224487,-7.910168170928955
1778674412.4753513,0.0,-2.1972618103027344,-3.0019187927246094,-5.800815105438232
1778674412.5106921,0.0,-2.285125494003296,1.0232120752334595,-3.779325246810913
1778674412.5457566,0.0,-2.1972618103027344,0.7091089487075806,-3.4277613162994385
1778674412.5808597,0.0,-2.1972618103027344,1.335707187652588,-3.691434383392334
1778674412.6142037,0.0,-2.1972618103027344,1.142396330833435,-4.306670665740967
1778674412.6511738,0.0,-2.1972618103027344,3.6201508045196533,-5.273469924926758
1778674412.6845253,0.0,-2.1972618103027344,3.023890495300293,-7.470714092254639
1778674412.719735,0.0,-2.285125494003296,5.050294876098633,-8.173840522766113
1778674412.7548282,0.0,-2.285125494003296,2.8393619060516357,-10.634785652160645
1778674412.7899194,0.0,-2.1972618103027344,0.40147900581359863,-11.77736759185791
1778674412.8249514,0.0,-2.285125494003296,-0.09237583726644516,-11.77736759185791
1778674412.860222,0.0,-2.1972618103027344,-2.8267412185668945,-11.689476013183594
1778674412.8955257,0.0,-2.1972618103027344,-4.702786445617676,-9.492203712463379
1778674412.9302936,0.0,-2.1972618103027344,-3.036696672439575,-6.152351379394531
1778674412.9654005,0.0,-2.1972618103027344,-2.173752784729004,-3.5156521797180176
1778674413.0007164,0.0,-2.285125494003296,-4.09107780456543,-3.076197862625122
1778674413.0360067,0.0,-2.1972618103027344,-0.912086546421051,-1.757834792137146
1778674413.0693107,0.0,-2.1972618103027344,-2.1530377864837646,-1.3183804750442505
1778674413.104207,0.0,-2.285125494003296,-1.2617443799972534,-1.4062713384628296
1778674413.1395602,0.0,-2.1972618103027344,-3.7410686016082764,-1.4941622018814087
1778674413.1745532,0.0,-2.285125494003296,-4.2163496017456055,-1.4941622018814087
1778674413.209568,0.0,-2.1972618103027344,-1.3486214876174927,-0.6152534484863281
1778674413.2448702,0.0,-2.1972618103027344,1.9879186153411865,-0.43947166204452515
1778674413.2801228,0.0,-2.285125494003296,-0.9347829222679138,-0.6152534484863281
1778674413.3148947,0.0,-2.285125494003296,-2.0001060962677,-0.6152534484863281
1778674413.3502421,0.0,-2.285125494003296,-2.7927892208099365,-0.5273625254631042
1778674413.385286,0.0,-2.1972618103027344,-3.7160072326660156,0.43943706154823303
1778674413.420267,0.0,-2.285125494003296,-1.3801004886627197,1.6699093580245972
1778674413.4572024,0.0,-2.1972618103027344,-2.0910580158233643,1.5820183753967285
1778674413.4903965,0.0,-2.1972618103027344,1.4690144062042236,1.5820183753967285
1778674413.5253515,0.0,-2.1972618103027344,-2.6922481060028076,1.4941275119781494
1778674413.56082,0.0,-2.285125494003296,-1.186851143836975,1.4941275119781494
1778674413.5957432,0.0,-2.1972618103027344,1.442063570022583,1.4941275119781494
1778674413.6309323,0.0,-2.1972618103027344,-0.7574184536933899,1.142564058303833
1778674413.6657002,0.0,-2.1972618103027344,-1.4045298099517822,1.142564058303833
1778674413.7007902,0.0,-2.1972618103027344,-3.7548446655273438,1.142564058303833
1778674413.7358742,0.0,-2.285125494003296,-4.748482704162598,3.4277267456054688
1778674413.7690706,0.0,-2.285125494003296,-5.755223751068115,5.273407459259033
1778674413.8041286,0.0,-2.1972618103027344,-3.3263180255889893,7.382789134979248
1778674413.8392231,0.0,-2.1972618103027344,-4.551584243774414,8.173807144165039
1778674413.8743339,0.0,-2.1972618103027344,-0.07768329232931137,8.789043426513672
1778674413.9094577,0.0,-2.1972618103027344,2.8019790649414062,9.052715301513672
1778674413.9446437,0.0,-2.1972618103027344,1.0222647190093994,8.876934051513672
1778674413.9796667,0.0,-2.285125494003296,0.4703693389892578,8.085916519165039
1778674414.014761,0.0,-2.1972618103027344,-2.7887415885925293,6.767552375793457
1778674414.0517428,0.0,-2.1972618103027344,-5.566741943359375,6.855443477630615
1778674414.0849116,0.0,-2.1972618103027344,-3.576072931289673,7.470679759979248
1778674414.1199563,0.0,-2.1972618103027344,-2.0354368686676025,8.964824676513672
1778674414.155102,0.0,-2.1972618103027344,-1.1495978832244873,9.404278755187988
1778674414.190278,0.0,-2.1972618103027344,2.5544357299804688,9.228497505187988
1778674414.2253685,0.0,-2.1972618103027344,2.377899169921875,8.701151847839355
1778674414.2603853,0.0,-2.1972618103027344,1.8203234672546387,6.240207195281982
1778674414.2956507,0.0,-2.1972618103027344,1.7124863862991333,5.449189186096191
1778674414.3307893,0.0,-2.1972618103027344,4.10468864440918,5.185516834259033
1778674414.3657353,0.0,-2.1972618103027344,0.6726309061050415,2.636708974838257
1778674414.4007952,0.0,-2.285125494003296,0.15738168358802795,1.142564058303833
1778674414.435802,0.0,-2.1972618103027344,4.5307440757751465,1.142564058303833
1778674414.4708831,0.0,-2.1972618103027344,4.342486381530762,0.7031096816062927
1778674414.5041857,0.0,-2.1972618103027344,2.805384635925293,-0.7910351753234863
1778674414.5393422,0.0,-2.285125494003296,5.663155555725098,-1.845725655555725
1778674414.5745618,0.0,-2.285125494003296,5.2134785652160645,-3.164088726043701
1778674414.6096387,0.0,-2.285125494003296,6.190654277801514,-4.482452392578125
1778674414.644745,0.0,-2.285125494003296,5.217349529266357,-6.416024208068848
1778674414.67985,0.0,-2.1972618103027344,5.814486026763916,-7.207041263580322
1778674414.7149,0.0,-2.1972618103027344,4.67885684967041,-8.26173210144043
1778674414.7501602,0.0,-2.285125494003296,5.056963920593262,-8.964859008789062
1778674414.7852213,0.0,-2.1972618103027344,5.890066623687744,-9.492203712463379
1778674414.8202329,0.0,-2.1972618103027344,3.257577896118164,-11.337912559509277
1778674414.8572097,0.0,-2.1972618103027344,1.3029899597167969,-11.513693809509277
1778674414.8904555,0.0,-2.285125494003296,2.261157751083374,-11.513693809509277
1778674414.9257274,0.0,-2.1972618103027344,3.434457540512085,-11.513693809509277
1778674414.9610136,0.0,-2.1972618103027344,2.2027673721313477,-11.513693809509277
1778674414.9940727,0.0,-2.1972618103027344,3.8186452388763428,-11.513693809509277
1778674415.0291388,0.0,-2.1972618103027344,6.029268741607666,-11.513693809509277
1778674415.0642354,0.0,-2.1972618103027344,4.980205059051514,-12.744166374206543
1778674415.0993173,0.0,-2.1972618103027344,2.614422082901001,-14.150420188903809
1778674415.1344635,0.0,-2.1972618103027344,3.147935390472412,-14.238311767578125
1778674415.1697466,0.0,-2.1972618103027344,2.579918384552002,-14.238311767578125
1778674415.2050378,0.0,-2.1972618103027344,2.697525978088379,-14.326202392578125
1778674415.2400615,0.0,-2.1972618103027344,4.608525276184082,-14.589875221252441
1778674415.2752025,0.0,-2.285125494003296,3.506263256072998,-16.523447036743164
1778674415.3100474,0.0,-2.1972618103027344,4.83702278137207,-17.75391960144043
1778674415.3452494,0.0,-2.1972618103027344,5.755444526672363,-18.984390258789062
1778674415.380314,0.0,-2.285125494003296,4.283373832702637,-21.357444763183594
1778674415.4157956,0.0,-2.1972618103027344,-0.01517002284526825,-22.67580795288086
1778674415.450876,0.0,-2.1972618103027344,-4.037830352783203,-22.67580795288086
1778674415.4860485,0.0,-2.1972618103027344,-0.34532371163368225,-22.67580795288086
1778674415.5190136,0.0,-2.285125494003296,5.892289638519287,-20.91798973083496
1778674415.5543509,0.0,-2.1972618103027344,5.941092014312744,-20.47853660583496
1778674415.5892074,0.0,-2.285125494003296,6.078933238983154,-20.56642723083496
1778674415.624564,0.0,-2.285125494003296,6.422574043273926,-21.709007263183594
1778674415.659622,0.0,-2.285125494003296,5.612117767333984,-24.697298049926758
1778674415.6949322,0.0,-2.285125494003296,5.187521457672119,-26.542980194091797
1778674415.7296228,0.0,-2.1972618103027344,3.388352632522583,-26.542980194091797
1778674415.7647667,0.0,-2.285125494003296,4.034358978271484,-26.542980194091797
1778674415.7999032,0.0,-2.285125494003296,4.904694557189941,-27.15821647644043
1778674415.8348858,0.0,-2.285125494003296,5.425205707550049,-29.97072410583496
1778674415.8700216,0.0,-2.285125494003296,2.72648286819458,-30.849632263183594
1778674415.9049106,0.0,-2.1972618103027344,4.913841724395752,-30.849632263183594
1778674415.939989,0.0,-2.285125494003296,5.367589473724365,-30.849632263183594
1778674415.9749305,0.0,-2.285125494003296,4.791030406951904,-32.34377670288086
1778674416.0095377,0.0,-2.285125494003296,4.447085857391357,-33.04690170288086
1778674416.044826,0.0,-2.285125494003296,1.2642991542816162,-33.486358642578125
1778674416.080274,0.0,-2.285125494003296,0.8128747344017029,-33.486358642578125
1778674416.115375,0.0,-2.285125494003296,0.4869874119758606,-33.398468017578125
1778674416.150327,0.0,-2.285125494003296,3.2788193225860596,-33.222686767578125
1778674416.1854694,0.0,-2.1972618103027344,2.9120755195617676,-33.222686767578125
1778674416.2205448,0.0,-2.285125494003296,2.1637156009674072,-33.222686767578125
1778674416.257225,0.0,-2.285125494003296,1.9000928401947021,-33.222686767578125
1778674416.2906702,0.0,-2.285125494003296,1.6696906089782715,-33.222686767578125
1778674416.325649,0.0,-2.1972618103027344,-0.16012711822986603,-33.222686767578125
1778674416.360723,0.0,-2.1972618103027344,0.8411901593208313,-33.222686767578125
1778674416.395865,0.0,-2.285125494003296,-1.2609776258468628,-33.222686767578125
1778674416.4290905,0.0,-2.1972618103027344,-2.102842330932617,-33.222686767578125
1778674416.464231,0.0,-2.1972618103027344,-5.0439534187316895,-31.376977920532227
1778674416.4991398,0.0,-2.285125494003296,-4.062441825866699,-28.12501335144043
1778674416.5342793,0.0,-2.285125494003296,-3.5243418216705322,-25.92774200439453
1778674416.5692952,0.0,-2.1972618103027344,-5.025059700012207,-24.873079299926758
1778674416.6044557,0.0,-2.1972618103027344,-5.270848274230957,-23.466825485229492
1778674416.6394842,0.0,-2.1972618103027344,-2.552788496017456,-22.23635482788086
1778674416.6746492,0.0,-2.1972618103027344,-2.916217565536499,-22.23635482788086
1778674416.7100642,0.0,-2.1972618103027344,-5.590483665466309,-22.23635482788086
1778674416.7449589,0.0,-2.1972618103027344,-1.9170900583267212,-22.23635482788086
1778674416.7800827,0.0,-2.285125494003296,1.529219388961792,-22.23635482788086
1778674416.8153896,0.0,-2.1972618103027344,1.0274978876113892,-22.23635482788086
1778674416.8501737,0.0,-2.1972618103027344,-0.4484543204307556,-23.642608642578125
1778674416.8853183,0.0,-2.285125494003296,-2.7148725986480713,-23.906280517578125
1778674416.9206467,0.0,-2.1972618103027344,-2.716998815536499,-23.906280517578125
1778674416.955965,0.0,-2.1972618103027344,-2.6464743614196777,-22.76369857788086
1778674416.98894,0.0,-2.285125494003296,-5.1862077713012695,-22.14846420288086
1778674417.0241523,0.0,-2.1972618103027344,-4.510387420654297,-20.39064598083496
1778674417.0592723,0.0,-2.1972618103027344,-3.695793628692627,-18.544937133789062
1778674417.0943537,0.0,-2.1972618103027344,-1.286015272140503,-18.10548210144043
1778674417.1295085,0.0,-2.1972618103027344,-1.1470576524734497,-18.10548210144043
1778674417.164513,0.0,-2.1972618103027344,-5.277350425720215,-18.10548210144043
1778674417.1998143,0.0,-2.1972618103027344,-5.3781208992004395,-18.193374633789062
1778674417.235065,0.0,-2.1972618103027344,-6.557698726654053,-18.10548210144043
1778674417.2699804,0.0,-2.1972618103027344,-6.035183429718018,-15.556674003601074
1778674417.3053865,0.0,-2.285125494003296,-6.047432899475098,-13.09572982788086
1778674417.340408,0.0,-2.1972618103027344,-6.047432899475098,-11.074240684509277
1778674417.3753111,0.0,-2.285125494003296,-3.0912489891052246,-9.404313087463379
1778674417.4105752,0.0,-2.1972618103027344,-2.50707745552063,-9.316422462463379
1778674417.445672,0.0,-2.1972618103027344,-5.207533836364746,-9.316422462463379
1778674417.4807339,0.0,-2.1972618103027344,-2.864816427230835,-9.316422462463379
1778674417.5142083,0.0,-2.285125494003296,-5.370143413543701,-9.316422462463379
1778674417.549268,0.0,-2.1972618103027344,-5.342902183532715,-9.052749633789062
1778674417.5843759,0.0,-2.1972618103027344,-6.5383076667785645,-7.558604717254639
1778674417.619494,0.0,-2.1972618103027344,-6.252448081970215,-4.570343017578125
1778674417.6562908,0.0,-2.1972618103027344,-3.3723530769348145,-2.5488526821136475
1778674417.6896565,0.0,-2.1972618103027344,-1.222022533416748,-2.109398365020752
1778674417.7247903,0.0,-2.285125494003296,-0.22004809975624084,-2.3730709552764893
1778674417.7599561,0.0,-2.1972618103027344,-0.983938992023468,-3.9551069736480713
1778674417.7951438,0.0,-2.285125494003296,0.32589495182037354,-4.570343017578125
1778674417.830243,0.0,-2.285125494003296,-3.7870583534240723,-5.712924480438232
1778674417.865327,0.0,-2.1972618103027344,-5.519124507904053,-6.416024208068848
1778674417.9003544,0.0,-2.1972618103027344,-3.669175386428833,-6.3281331062316895
1778674417.9353948,0.0,-2.285125494003296,-4.0840630531311035,-5.361361026763916
1778674417.970796,0.0,-2.1972618103027344,-0.6650128960609436,-3.164088726043701
1778674418.00411,0.0,-2.1972618103027344,-3.6267871856689453,-2.988306999206543
1778674418.0391624,0.0,-2.1972618103027344,0.11128024011850357,-1.9336165189743042
1778674418.0742218,0.0,-2.285125494003296,0.8474464416503906,-1.757834792137146
1778674418.1093204,0.0,-2.285125494003296,2.4044816493988037,-2.109398365020752
1778674418.1444564,0.0,-2.285125494003296,2.857222080230713,-4.13088846206665
1778674418.1797507,0.0,-2.285125494003296,6.8350653648376465,-6.767587661743164
1778674418.2148108,0.0,-2.1972618103027344,5.107882022857666,-8.964859008789062
1778674418.249885,0.0,-2.285125494003296,3.11232852935791,-11.250021934509277
1778674418.2849634,0.0,-2.1972618103027344,1.035585880279541,-11.601585388183594
1778674418.3200667,0.0,-2.1972618103027344,4.579860687255859,-11.601585388183594
1778674418.355674,0.0,-2.1972618103027344,4.910445690155029,-11.601585388183594
1778674418.3904555,0.0,-2.285125494003296,4.464715003967285,-12.128931045532227
1778674418.4255981,0.0,-2.1972618103027344,0.12697356939315796,-14.062530517578125
1778674418.4625719,0.0,-2.1972618103027344,2.2652361392974854,-14.326202392578125
1778674418.495801,0.0,-2.285125494003296,4.0072221755981445,-14.326202392578125
1778674418.5292487,0.0,-2.285125494003296,6.271050930023193,-14.414093971252441
1778674418.5641425,0.0,-2.1972618103027344,5.404192924499512,-16.17188262939453
1778674418.5992389,0.0,-2.1972618103027344,3.4192116260528564,-18.28126335144043
1778674418.6345751,0.0,-2.1972618103027344,3.2169079780578613,-18.457046508789062
1778674418.6696644,0.0,-2.285125494003296,2.1452722549438477,-18.457046508789062
1778674418.704972,0.0,-2.1972618103027344,-1.073864459991455,-18.457046508789062
1778674418.7399244,0.0,-2.1972618103027344,1.8254432678222656,-17.92970085144043
1778674418.7749422,0.0,-2.1972618103027344,5.389090061187744,-17.84181022644043
1778674418.8102524,0.0,-2.1972618103027344,5.914092540740967,-17.84181022644043
1778674418.8453162,0.0,-2.285125494003296,5.028181076049805,-19.423845291137695
1778674418.8804717,0.0,-2.285125494003296,3.0687596797943115,-21.972681045532227
1778674418.9154654,0.0,-2.1972618103027344,3.3627967834472656,-22.412134170532227
1778674418.9506457,0.0,-2.285125494003296,0.2574467360973358,-22.412134170532227
1778674418.9857936,0.0,-2.1972618103027344,1.813338279724121,-22.412134170532227
1778674419.019082,0.0,-2.285125494003296,0.9440650939941406,-22.412134170532227
1778674419.0560915,0.0,-2.1972618103027344,-0.9816715717315674,-22.412134170532227
1778674419.0895789,0.0,-2.1972618103027344,-0.05041314661502838,-21.269554138183594
1778674419.124418,0.0,-2.1972618103027344,-0.18371164798736572,-21.00588035583496
1778674419.1598017,0.0,-2.1972618103027344,-1.2127799987792969,-20.91798973083496
1778674419.1948466,0.0,-2.1972618103027344,0.5999094247817993,-19.072282791137695
1778674419.2298675,0.0,-2.285125494003296,-1.0838247537612915,-18.632827758789062
1778674419.2649941,0.0,-2.1972618103027344,-3.2666280269622803,-18.193374633789062
1778674419.3003604,0.0,-2.1972618103027344,-5.760678291320801,-16.435556411743164
1778674419.3352025,0.0,-2.1972618103027344,0.7650357484817505,-13.183621406555176
1778674419.3702743,0.0,-2.1972618103027344,-2.0527281761169434,-11.601585388183594
1778674419.4056063,0.0,-2.1972618103027344,-0.804133415222168,-11.601585388183594
1778674419.4407768,0.0,-2.285125494003296,2.2221505641937256,-11.77736759185791
1778674419.4758632,0.0,-2.285125494003296,-2.5899524688720703,-12.744166374206543
1778674419.5091984,0.0,-2.1972618103027344,-3.377411127090454,-13.535184860229492
1778674419.5442927,0.0,-2.1972618103027344,-0.2563382387161255,-13.535184860229492
1778674419.5791376,0.0,-2.1972618103027344,-0.9786293506622314,-13.535184860229492
1778674419.6143289,0.0,-2.1972618103027344,1.9891560077667236,-13.447293281555176
1778674419.6495736,0.0,-2.285125494003296,1.360285997390747,-13.535184860229492
1778674419.6848872,0.0,-2.1972618103027344,1.8487457036972046,-14.941438674926758
1778674419.719981,0.0,-2.285125494003296,4.587545871734619,-16.17188262939453
1778674419.7550776,0.0,-2.1972618103027344,1.326812744140625,-18.544937133789062
1778674419.7901058,0.0,-2.1972618103027344,-3.2554447650909424,-19.951190948486328
1778674419.8252294,0.0,-2.285125494003296,-0.4294372498989105,-19.951190948486328
1778674419.862126,0.0,-2.285125494003296,4.335189342498779,-19.863300323486328
1778674419.895419,0.0,-2.1972618103027344,3.4135186672210693,-19.863300323486328
1778674419.9304957,0.0,-2.285125494003296,3.257483720779419,-20.30275535583496
1778674419.9658864,0.0,-2.1972618103027344,1.4394948482513428,-21.621116638183594
1778674419.999099,0.0,-2.1972618103027344,3.026768922805786,-21.709007263183594
1778674420.0343776,0.0,-2.285125494003296,3.9756178855895996,-22.23635482788086
1778674420.0692341,0.0,-2.285125494003296,4.576956748962402,-24.082061767578125
1778674420.104363,0.0,-2.1972618103027344,1.3999511003494263,-24.96097183227539
1778674420.1396692,0.0,-2.285125494003296,0.0022157803177833557,-25.57617950439453
1778674420.1747706,0.0,-2.1972618103027344,0.5937936902046204,-25.48828887939453
1778674420.2099411,0.0,-2.285125494003296,3.656736135482788,-25.48828887939453
1778674420.2449381,0.0,-2.1972618103027344,0.9576440453529358,-25.48828887939453
1778674420.2804925,0.0,-2.1972618103027344,-3.77467942237854,-25.40039825439453
1778674420.3153832,0.0,-2.1972618103027344,-1.7833473682403564,-23.466825485229492
1778674420.3505406,0.0,-2.1972618103027344,0.13585102558135986,-22.50002670288086
1778674420.3855276,0.0,-2.1972618103027344,-0.6222794055938721,-22.412134170532227
1778674420.4207602,0.0,-2.285125494003296,-3.120666980743408,-22.412134170532227
1778674420.4559603,0.0,-2.1972618103027344,-6.807747840881348,-21.533227920532227
1778674420.4891539,0.0,-2.1972618103027344,-6.4492316246032715,-18.193374633789062
1778674420.5242562,0.0,-2.1972618103027344,-5.622651100158691,-14.589875221252441
1778674420.5593092,0.0,-2.1972618103027344,-6.0127177238464355,-13.447293281555176
1778674420.5944867,0.0,-2.1972618103027344,-5.797691822052002,-11.425804138183594
1778674420.6296446,0.0,-2.1972618103027344,-6.584948539733887,-9.755876541137695
1778674420.6648955,0.0,-2.1972618103027344,-6.5197577476501465,-8.613295555114746
1778674420.699956,0.0,-2.1972618103027344,-6.393789768218994,-6.679696559906006
1778674420.735049,0.0,-2.1972618103027344,-6.773254871368408,-5.888679027557373
1778674420.7701402,0.0,-2.1972618103027344,-6.743907928466797,-3.867216110229492
1778674420.8052266,0.0,-2.1972618103027344,-6.9687042236328125,-2.8125252723693848
1778674420.840579,0.0,-2.1972618103027344,-5.649714469909668,-1.3183804750442505
1778674420.8756163,0.0,-2.1972618103027344,-4.331927299499512,-1.3183804750442505
1778674420.9107697,0.0,-2.1972618103027344,-5.503641128540039,-1.3183804750442505
1778674420.9459777,0.0,-2.1972618103027344,-6.5542073249816895,-0.6152534484863281
1778674420.979158,0.0,-2.285125494003296,-4.940016269683838,1.142564058303833
1778674421.0144603,0.0,-2.285125494003296,-2.9847633838653564,1.4941275119781494
1778674421.0491877,0.0,-2.285125494003296,-3.3823490142822266,1.230454921722412
1778674421.084239,0.0,-2.285125494003296,-5.149627208709717,1.230454921722412
1778674421.1193256,0.0,-2.1972618103027344,-6.458693504333496,1.5820183753967285
1778674421.1542401,0.0,-2.1972618103027344,-6.623178482055664,3.515617609024048
1778674421.189381,0.0,-2.1972618103027344,-6.248340129852295,5.712862014770508
1778674421.2244673,0.0,-2.285125494003296,-6.235698223114014,6.767552375793457
1778674421.2612684,0.0,-2.1972618103027344,-4.805726051330566,7.382789134979248
1778674421.294539,0.0,-2.1972618103027344,-5.102671146392822,7.470679759979248
1778674421.3297951,0.0,-2.1972618103027344,-5.1195969581604,8.613261222839355
1778674421.3651543,0.0,-2.1972618103027344,0.334561288356781,9.580060958862305
1778674421.3999498,0.0,-2.1972618103027344,-1.0610547065734863,9.580060958862305
1778674421.4352956,0.0,-2.1972618103027344,-0.1174955889582634,9.228497505187988
1778674421.4696827,0.0,-2.1972618103027344,-2.018932342529297,8.613261222839355
1778674421.5053215,0.0,-2.1972618103027344,0.8637181520462036,7.910134315490723
1778674421.5402794,0.0,-2.285125494003296,-1.4659523963928223,7.382789134979248
1778674421.5752227,0.0,-2.285125494003296,-1.1916550397872925,7.29489803314209
1778674421.6105506,0.0,-2.1972618103027344,-0.854142963886261,7.29489803314209
1778674421.6453397,0.0,-2.1972618103027344,2.6460580825805664,7.29489803314209
1778674421.680459,0.0,-2.285125494003296,-0.28498661518096924,7.119115829467773
1778674421.7157154,0.0,-2.1972618103027344,-0.6128677129745483,7.119115829467773
1778674421.7507343,0.0,-2.1972618103027344,-3.7145395278930664,7.119115829467773
1778674421.7858202,0.0,-2.1972618103027344,-0.16259348392486572,7.382789134979248
1778674421.8209143,0.0,-2.285125494003296,2.594228506088257,7.20700740814209
1778674421.8541017,0.0,-2.1972618103027344,3.9445881843566895,7.119115829467773
1778674421.8890707,0.0,-2.285125494003296,0.8957436680793762,5.53708028793335
1778674421.9241877,0.0,-2.1972618103027344,3.6957128047943115,4.042935371398926
1778674421.9591358,0.0,-2.285125494003296,4.031802177429199,2.021472692489624
1778674421.994205,0.0,-2.285125494003296,6.054622650146484,0.7031096816062927
1778674422.0293214,0.0,-2.285125494003296,5.848092555999756,-1.9336165189743042
1778674422.06438,0.0,-2.1972618103027344,6.563540458679199,-3.691434383392334
1778674422.0999312,0.0,-2.1972618103027344,5.832666873931885,-5.185579299926758
1778674422.134758,0.0,-2.285125494003296,5.819066047668457,-6.416024208068848
1778674422.16988,0.0,-2.1972618103027344,5.068604946136475,-6.767587661743164
1778674422.2052467,0.0,-2.1972618103027344,3.1980772018432617,-7.470714092254639
1778674422.24027,0.0,-2.1972618103027344,4.272497653961182,-7.646495819091797
1778674422.2753572,0.0,-2.1972618103027344,5.212873458862305,-7.998059272766113
1778674422.310608,0.0,-2.1972618103027344,-2.056757926940918,-9.931658744812012
1778674422.3457532,0.0,-2.1972618103027344,-6.024837493896484,-10.107439994812012
1778674422.3810291,0.0,-2.1972618103027344,-2.179206371307373,-10.107439994812012
1778674422.413995,0.0,-2.1972618103027344,1.856838583946228,-9.052749633789062
1778674422.4491413,0.0,-2.1972618103027344,2.0874226093292236,-8.964859008789062
1778674422.4842026,0.0,-2.285125494003296,1.850663185119629,-8.964859008789062
1778674422.5194569,0.0,-2.1972618103027344,4.2947516441345215,-9.052749633789062
1778674422.5543447,0.0,-2.1972618103027344,3.698467254638672,-9.140640258789062
1778674422.5896902,0.0,-2.1972618103027344,5.928525924682617,-10.546895027160645
1778674422.6249914,0.0,-2.1972618103027344,6.549620628356934,-13.359403610229492
1778674422.6617553,0.0,-2.1972618103027344,6.767524242401123,-15.732429504394531
1778674422.6948447,0.0,-2.1972618103027344,5.76206111907959,-17.75391960144043
1778674422.7304757,0.0,-2.1972618103027344,6.194538116455078,-18.10548210144043
1778674422.7651894,0.0,-2.1972618103027344,3.8826146125793457,-19.248064041137695
1778674422.800485,0.0,-2.1972618103027344,4.743196964263916,-19.863300323486328
1778674422.8355646,0.0,-2.1972618103027344,4.1490278244018555,-20.214862823486328
1778674422.8706737,0.0,-2.1972618103027344,0.9558550119400024,-20.214862823486328
1778674422.9040184,0.0,-2.1972618103027344,-2.0804190635681152,-20.12697410583496
1778674422.939395,0.0,-2.1972618103027344,-1.4823756217956543,-20.12697410583496
1778674422.9743283,0.0,-2.285125494003296,-2.179553270339966,-18.193374633789062
1778674423.0093246,0.0,-2.1972618103027344,-0.6845776438713074,-15.380892753601074
1778674423.0444736,0.0,-2.1972618103027344,0.08597461879253387,-15.029329299926758
1778674423.0795748,0.0,-2.1972618103027344,-2.2812654972076416,-15.029329299926758
1778674423.1149132,0.0,-2.1972618103027344,-2.3589932918548584,-15.029329299926758
1778674423.1499507,0.0,-2.1972618103027344,-0.46331682801246643,-13.798856735229492
1778674423.185075,0.0,-2.1972618103027344,0.1928887963294983,-13.798856735229492
1778674423.22021,0.0,-2.1972618103027344,-0.0478336401283741,-13.798856735229492
1778674423.2553234,0.0,-2.1972618103027344,2.471153497695923,-13.798856735229492
1778674423.2904627,0.0,-2.1972618103027344,4.551804065704346,-14.853547096252441
1778674423.3257263,0.0,-2.1972618103027344,5.379615306854248,-18.01759147644043
1778674423.3607786,0.0,-2.285125494003296,2.644355535507202,-20.56642723083496
1778674423.3941994,0.0,-2.1972618103027344,1.6840009689331055,-20.830101013183594
1778674423.429555,0.0,-2.1972618103027344,2.378356456756592,-20.830101013183594
1778674423.4661248,0.0,-2.285125494003296,-2.2721543312072754,-20.830101013183594
1778674423.4995444,0.0,-2.1972618103027344,-0.8359269499778748,-20.830101013183594
1778674423.5348046,0.0,-2.1972618103027344,-1.4839786291122437,-19.335954666137695
1778674423.5697484,0.0,-2.285125494003296,2.6945276260375977,-17.75391960144043
1778674423.6048136,0.0,-2.1972618103027344,3.639383554458618,-17.84181022644043
1778674423.6401203,0.0,-2.1972618103027344,3.44004225730896,-17.84181022644043
1778674423.6752558,0.0,-2.1972618103027344,3.8936028480529785,-20.214862823486328
1778674423.7104144,0.0,-2.1972618103027344,2.014542579650879,-21.884790420532227
1778674423.7453802,0.0,-2.1972618103027344,3.4522643089294434,-21.884790420532227
1778674423.7806442,0.0,-2.1972618103027344,6.023183345794678,-23.203153610229492
1778674423.815624,0.0,-2.1972618103027344,7.201075077056885,-26.367197036743164
1778674423.8507195,0.0,-2.285125494003296,6.918646335601807,-29.531269073486328
1778674423.8858345,0.0,-2.1972618103027344,6.054490089416504,-31.025415420532227
1778674423.9209483,0.0,-2.285125494003296,6.87690544128418,-32.43166732788086
1778674423.9539037,0.0,-2.285125494003296,6.4329304695129395,-33.662139892578125
1778674423.989224,0.0,-2.285125494003296,6.0450286865234375,-35.50782012939453
1778674424.024342,0.0,-2.285125494003296,4.3615570068359375,-36.0351676940918
1778674424.0612454,0.0,-2.285125494003296,5.757567405700684,-36.0351676940918
1778674424.0946524,0.0,-2.285125494003296,0.7227171659469604,-36.0351676940918
1778674424.129634,0.0,-2.1972618103027344,-4.11205530166626,-36.0351676940918
1778674424.1647186,0.0,-2.285125494003296,-4.87056303024292,-36.0351676940918
1778674424.1999755,0.0,-2.1972618103027344,-4.659794330596924,-35.50782012939453
1778674424.2352083,0.0,-2.1972618103027344,-5.6504597663879395,-33.222686767578125
1778674424.2701886,0.0,-2.1972618103027344,-6.189337253570557,-28.652360916137695
1778674424.305126,0.0,-2.1972618103027344,-5.1496100425720215,-24.345735549926758
1778674424.3401856,0.0,-2.285125494003296,-1.0463310480117798,-22.23635482788086
1778674424.3756297,0.0,-2.1972618103027344,-4.358130931854248,-22.060571670532227
1778674424.4105248,0.0,-2.1972618103027344,-2.690955638885498,-21.884790420532227
1778674424.4457567,0.0,-2.1972618103027344,-1.5507110357284546,-21.884790420532227
1778674424.480828,0.0,-2.285125494003296,1.939040184020996,-21.972681045532227
1778674424.514194,0.0,-2.285125494003296,-0.8002538681030273,-22.939481735229492
1778674424.5492556,0.0,-2.1972618103027344,-3.2458605766296387,-23.642608642578125
1778674424.5844069,0.0,-2.285125494003296,-4.291367530822754,-23.642608642578125
1778674424.6194134,0.0,-2.1972618103027344,-5.2598490715026855,-22.67580795288086
1778674424.6545346,0.0,-2.1972618103027344,-5.235809326171875,-19.687519073486328
1778674424.689737,0.0,-2.285125494003296,-3.495649814605713,-17.84181022644043
1778674424.7248769,0.0,-2.285125494003296,-4.107285499572754,-17.578136444091797
1778674424.7597713,0.0,-2.1972618103027344,-4.522739410400391,-16.523447036743164
1778674424.7951732,0.0,-2.285125494003296,-1.416601538658142,-15.46878433227539
1778674424.8302298,0.0,-2.1972618103027344,-4.07945442199707,-15.46878433227539
1778674424.8672104,0.0,-2.1972618103027344,-4.1749444007873535,-15.029329299926758
1778674424.900466,0.0,-2.285125494003296,-5.088748455047607,-13.798856735229492
1778674424.9357562,0.0,-2.1972618103027344,-6.671998023986816,-11.513693809509277
1778674424.9708154,0.0,-2.1972618103027344,-6.412753105163574,-8.789076805114746
1778674425.004078,0.0,-2.1972618103027344,-6.46046781539917,-7.3828229904174805
1778674425.0392883,0.0,-2.1972618103027344,-6.233224868774414,-6.2402424812316895
1778674425.0742185,0.0,-2.1972618103027344,-5.744490623474121,-4.834015846252441
1778674425.109256,0.0,-2.1972618103027344,-6.758961200714111,-4.394561290740967
1778674425.1444678,0.0,-2.1972618103027344,-6.595806121826172,-3.3398704528808594
1778674425.1796355,0.0,-2.1972618103027344,-6.734491348266602,-1.2304894924163818
1778674425.2147746,0.0,-2.1972618103027344,-6.907231330871582,-0.26368993520736694
1778674425.2501266,0.0,-2.285125494003296,-6.249061107635498,1.3183457851409912
1778674425.2850194,0.0,-2.285125494003296,-6.870964050292969,2.021472692489624
1778674425.3198996,0.0,-2.1972618103027344,-6.850078105926514,3.515617609024048
1778674425.3550367,0.0,-2.1972618103027344,-6.959594249725342,5.009735107421875
1778674425.3900921,0.0,-2.1972618103027344,-6.501424312591553,5.888643741607666
1778674425.4253652,0.0,-2.1972618103027344,-2.5704171657562256,6.591770648956299
1778674425.4619265,0.0,-2.1972618103027344,-2.907269239425659,6.591770648956299
1778674425.4952273,0.0,-2.285125494003296,-1.367751121520996,6.240207195281982
1778674425.5305767,0.0,-2.285125494003296,-1.0877169370651245,5.273407459259033
1778674425.565291,0.0,-2.1972618103027344,-3.7009615898132324,5.273407459259033
1778674425.600327,0.0,-2.1972618103027344,-5.149048805236816,5.273407459259033
1778674425.6354115,0.0,-2.1972618103027344,-2.7644712924957275,5.273407459259033
1778674425.67062,0.0,-2.285125494003296,-2.8297479152679443,5.62497091293335
1778674425.705902,0.0,-2.1972618103027344,-4.067689418792725,6.240207195281982
1778674425.7409675,0.0,-2.1972618103027344,-3.2229743003845215,7.382789134979248
1778674425.7740755,0.0,-2.1972618103027344,-4.76138973236084,7.470679759979248
1778674425.8091614,0.0,-2.1972618103027344,-3.5690419673919678,9.316388130187988
1778674425.8445044,0.0,-2.1972618103027344,-3.7527031898498535,10.107406616210938
1778674425.8793762,0.0,-2.1972618103027344,-3.0785083770751953,10.546859741210938
1778674425.9144871,0.0,-2.1972618103027344,-5.627745151519775,10.722641944885254
1778674425.9496307,0.0,-2.1972618103027344,-4.736838340759277,11.24998664855957
1778674425.9846835,0.0,-2.1972618103027344,-0.8701387047767639,12.568350791931152
1778674426.0198314,0.0,-2.1972618103027344,2.211775779724121,12.656241416931152
1778674426.0553234,0.0,-2.1972618103027344,2.242990493774414,12.392568588256836
1778674426.090184,0.0,-2.1972618103027344,0.7678924798965454,11.337878227233887
1778674426.125394,0.0,-2.1972618103027344,-0.1393212080001831,10.458970069885254
1778674426.1603012,0.0,-2.1972618103027344,-2.5734829902648926,10.283187866210938
1778674426.1953993,0.0,-2.1972618103027344,-1.750609278678894,10.371078491210938
1778674426.2308328,0.0,-2.1972618103027344,-4.086436748504639,10.98631477355957
1778674426.2677026,0.0,-2.1972618103027344,-5.5224480628967285,12.744132041931152
1778674426.2991195,0.0,-2.1972618103027344,-5.157379150390625,15.117158889770508
1778674426.3343718,0.0,-2.1972618103027344,-3.604466199874878,16.699193954467773
1778674426.3692412,0.0,-2.1972618103027344,-1.567388892173767,16.699193954467773
1778674426.4045625,0.0,-2.1972618103027344,-1.358472466468811,16.611303329467773
1778674426.439516,0.0,-2.1972618103027344,0.20832142233848572,16.435522079467773
1778674426.4747338,0.0,-2.1972618103027344,2.635629415512085,15.292940139770508
1778674426.5099537,0.0,-2.1972618103027344,0.8874111175537109,12.744132041931152
1778674426.545257,0.0,-2.1972618103027344,-0.1250196397304535,11.86522388458252
1778674426.5803828,0.0,-2.1972618103027344,-2.3113064765930176,11.953113555908203
1778674426.6152713,0.0,-2.1972618103027344,-2.9596447944641113,12.656241416931152
1778674426.650688,0.0,-2.1972618103027344,0.1582770198583603,14.765595436096191
1778674426.6855464,0.0,-2.1972618103027344,-2.8180418014526367,14.941376686096191
1778674426.7208471,0.0,-2.1972618103027344,2.5753848552703857,15.90817642211914
1778674426.755882,0.0,-2.1972618103027344,-1.1018067598342896,15.90817642211914
1778674426.789254,0.0,-2.1972618103027344,-0.132343128323555,15.82028579711914
1778674426.8241742,0.0,-2.1972618103027344,2.6956427097320557,15.644503593444824
1778674426.8592103,0.0,-2.1972618103027344,4.913722515106201,14.677703857421875
1778674426.894322,0.0,-2.1972618103027344,4.465881824493408,11.162096977233887
1778674426.9296339,0.0,-2.1972618103027344,6.411906719207764,9.316388130187988
1778674426.9647849,0.0,-2.1972618103027344,5.939734935760498,6.767552375793457
1778674426.9997249,0.0,-2.285125494003296,6.916491985321045,4.833953380584717
1778674427.0349445,0.0,-2.1972618103027344,6.984190464019775,2.636708974838257
1778674427.0699458,0.0,-2.285125494003296,7.100984573364258,1.054673194885254
1778674427.105004,0.0,-2.285125494003296,6.5684428215026855,-0.26368993520736694
1778674427.1395535,0.0,-2.1972618103027344,6.50372314453125,-0.6152534484863281
1778674427.1749463,0.0,-2.285125494003296,6.70327091217041,-2.28518009185791
1778674427.2103534,0.0,-2.1972618103027344,6.288605690002441,-3.603543519973755
1778674427.2456183,0.0,-2.285125494003296,2.932986259460449,-4.13088846206665
1778674427.2807817,0.0,-2.1972618103027344,2.019571542739868,-3.9551069736480713
1778674427.3160152,0.0,-2.285125494003296,1.3625175952911377,-2.988306999206543
1778674427.3491979,0.0,-2.285125494003296,-0.47886180877685547,-1.4941622018814087
1778674427.384084,0.0,-2.1972618103027344,5.2080607414245605,-0.08790817856788635
1778674427.4192617,0.0,-2.285125494003296,4.139808654785156,0.26365530490875244
1778674427.454272,0.0,-2.285125494003296,0.006607370916754007,0.08787357062101364
1778674427.4893978,0.0,-2.285125494003296,0.23024506866931915,0.17576444149017334
1778674427.5245516,0.0,-2.1972618103027344,-2.5186667442321777,0.17576444149017334
1778674427.559638,0.0,-2.1972618103027344,-2.228630304336548,1.054673194885254
1778674427.594638,0.0,-2.285125494003296,-0.9756070971488953,3.0761632919311523
1778674427.6297176,0.0,-2.1972618103027344,-4.423943042755127,3.0761632919311523
1778674427.666585,0.0,-2.1972618103027344,-6.243585109710693,4.130825996398926
1778674427.6998992,0.0,-2.285125494003296,-5.3194708824157715,6.679661750793457
1778674427.7350378,0.0,-2.1972618103027344,-2.3302338123321533,8.613261222839355
1778674427.7702713,0.0,-2.1972618103027344,-2.3166608810424805,8.701151847839355
1778674427.8053277,0.0,-2.1972618103027344,-4.116648197174072,8.613261222839355
1778674427.840489,0.0,-2.1972618103027344,-2.699434757232666,9.140606880187988
1778674427.8755593,0.0,-2.1972618103027344,-4.171454429626465,9.316388130187988
1778674427.9106183,0.0,-2.1972618103027344,-4.927510738372803,9.931624412536621
1778674427.9458058,0.0,-2.1972618103027344,-0.7383897304534912,11.777332305908203
1778674427.9791307,0.0,-2.1972618103027344,-0.5382965803146362,12.392568588256836
1778674428.0142035,0.0,-2.1972618103027344,-0.018821945413947105,12.216787338256836
1778674428.0492945,0.0,-2.1972618103027344,1.1755332946777344,11.86522388458252
1778674428.0843241,0.0,-2.1972618103027344,1.913690447807312,10.107406616210938
1778674428.119629,0.0,-2.1972618103027344,0.24717210233211517,8.437479972839355
1778674428.154585,0.0,-2.285125494003296,1.8400216102600098,8.261697769165039
1778674428.1896236,0.0,-2.285125494003296,0.14328910410404205,7.822243690490723
1778674428.2247856,0.0,-2.285125494003296,1.7823593616485596,7.822243690490723
1778674428.2598915,0.0,-2.1972618103027344,-1.263785481452942,7.822243690490723
1778674428.2950642,0.0,-2.285125494003296,-0.29921215772628784,7.822243690490723
1778674428.3298578,0.0,-2.285125494003296,-1.8684192895889282,7.822243690490723
1778674428.3649402,0.0,-2.1972618103027344,2.5650033950805664,8.085916519165039
1778674428.4000714,0.0,-2.285125494003296,-2.3343088626861572,8.525370597839355
1778674428.4353974,0.0,-2.1972618103027344,-2.709730863571167,9.755843162536621
1778674428.4704459,0.0,-2.1972618103027344,-2.5064685344696045,10.283187866210938
1778674428.5052602,0.0,-2.1972618103027344,0.5791026949882507,11.162096977233887
1778674428.5406673,0.0,-2.285125494003296,1.8900914192199707,11.07420539855957
1778674428.5757983,0.0,-2.1972618103027344,2.9431676864624023,10.722641944885254
1778674428.6089618,0.0,-2.1972618103027344,-2.4369728565216064,8.964824676513672
1778674428.6440582,0.0,-2.1972618103027344,0.5323793292045593,7.822243690490723
1778674428.6793604,0.0,-2.285125494003296,3.1795785427093506,7.822243690490723
1778674428.7142172,0.0,-2.1972618103027344,5.027335166931152,7.7343525886535645
1778674428.7491205,0.0,-2.1972618103027344,5.415718078613281,5.888643741607666
1778674428.78425,0.0,-2.1972618103027344,3.7591443061828613,2.4609272480010986
1778674428.8192005,0.0,-2.1972618103027344,2.2909529209136963,1.4941275119781494
1778674428.854298,0.0,-2.285125494003296,-0.25343966484069824,1.6699093580245972
1778674428.8893278,0.0,-2.285125494003296,0.34956488013267517,2.636708974838257
1778674428.9242084,0.0,-2.285125494003296,2.8571090698242188,2.900381565093994
1778674428.959559,0.0,-2.285125494003296,3.126711368560791,2.724599838256836
1778674428.9946501,0.0,-2.285125494003296,2.4567177295684814,2.4609272480010986
1778674429.0296535,0.0,-2.1972618103027344,3.6458959579467773,2.1972546577453613
1778674429.0666845,0.0,-2.1972618103027344,6.260677814483643,0.43943706154823303
1778674429.10003,0.0,-2.285125494003296,5.018974304199219,-2.109398365020752
1778674429.1348724,0.0,-2.1972618103027344,4.9326982498168945,-3.867216110229492
1778674429.1704063,0.0,-2.285125494003296,4.515111923217773,-4.04299783706665
1778674429.205502,0.0,-2.285125494003296,-1.2761874198913574,-4.306670665740967
1778674429.2405818,0.0,-2.285125494003296,2.679805278778076,-4.218779563903809
1778674429.2757134,0.0,-2.285125494003296,4.897143363952637,-4.218779563903809
1778674429.3108182,0.0,-2.285125494003296,5.140717029571533,-4.394561290740967
1778674429.3458772,0.0,-2.285125494003296,5.040309429168701,-6.3281331062316895
1778674429.3790686,0.0,-2.1972618103027344,5.096369743347168,-7.1191511154174805
1778674429.4141388,0.0,-2.1972618103027344,4.679149150848389,-8.26173210144043
1778674429.4492671,0.0,-2.1972618103027344,4.027748107910156,-9.228531837463379
1778674429.4846163,0.0,-2.285125494003296,1.3163849115371704,-9.404313087463379
1778674429.5194163,0.0,-2.1972618103027344,1.821282148361206,-9.404313087463379
1778674429.5544803,0.0,-2.1972618103027344,0.47972607612609863,-9.316422462463379
1778674429.5900118,0.0,-2.1972618103027344,0.689028799533844,-8.876968383789062
1778674429.625091,0.0,-2.1972618103027344,3.7798912525177,-7.646495819091797
1778674429.660221,0.0,-2.1972618103027344,1.728432059288025,-7.470714092254639
1778674429.695291,0.0,-2.285125494003296,1.2354978322982788,-7.470714092254639
1778674429.7300832,0.0,-2.285125494003296,-2.803342819213867,-7.558604717254639
1778674429.7652044,0.0,-2.285125494003296,-1.4527814388275146,-7.470714092254639
1778674429.8004882,0.0,-2.1972618103027344,-0.7467324137687683,-6.591805934906006
1778674429.8357503,0.0,-2.285125494003296,-1.5382484197616577,-6.2402424812316895
1778674429.8727815,0.0,-2.285125494003296,-3.002795457839966,-4.746124744415283
1778674429.904304,0.0,-2.285125494003296,0.7123603224754333,-3.779325246810913
1778674429.9392087,0.0,-2.285125494003296,0.767083466053009,-4.13088846206665
1778674429.9742703,0.0,-2.1972618103027344,-2.6307716369628906,-4.658234119415283
1778674430.0096424,0.0,-2.1972618103027344,-1.9672291278839111,-4.746124744415283
1778674430.0448134,0.0,-2.1972618103027344,-2.170173406600952,-4.306670665740967
1778674430.0800412,0.0,-2.1972618103027344,-0.48902401328086853,-3.9551069736480713
1778674430.1148963,0.0,-2.285125494003296,-0.4811997413635254,-4.04299783706665
1778674430.1501563,0.0,-2.1972618103027344,0.4247629642486572,-4.13088846206665
1778674430.1851673,0.0,-2.1972618103027344,-1.2364987134933472,-4.306670665740967
1778674430.2202423,0.0,-2.1972618103027344,0.5238040685653687,-4.218779563903809
1778674430.2553642,0.0,-2.1972618103027344,2.5063908100128174,-4.306670665740967
1778674430.2905498,0.0,-2.285125494003296,6.0426177978515625,-5.0097975730896
1778674430.3259513,0.0,-2.285125494003296,2.0842273235321045,-8.613295555114746
1778674430.3610492,0.0,-2.285125494003296,0.37139517068862915,-10.107439994812012
1778674430.3939033,0.0,-2.1972618103027344,0.7157090306282043,-10.107439994812012
1778674430.4293056,0.0,-2.1972618103027344,-1.568601131439209,-10.019549369812012
1778674430.4660814,0.0,-2.285125494003296,-0.514573872089386,-8.26173210144043
1778674430.4992967,0.0,-2.1972618103027344,-0.5222902297973633,-7.2949323654174805
1778674430.534509,0.0,-2.1972618103027344,-3.424659490585327,-7.1191511154174805
1778674430.5696461,0.0,-2.1972618103027344,-2.92171311378479,-6.152351379394531
1778674430.6047397,0.0,-2.285125494003296,-5.78135347366333,-3.691434383392334
1778674430.6399403,0.0,-2.1972618103027344,-5.508888244628906,-0.6152534484863281
1778674430.6752932,0.0,-2.285125494003296,-6.127490520477295,1.142564058303833
1778674430.7103772,0.0,-2.1972618103027344,-4.804563522338867,3.2519450187683105
1778674430.7454739,0.0,-2.1972618103027344,-6.395804405212402,3.8671536445617676
1778674430.7802517,0.0,-2.1972618103027344,-2.81353759765625,5.009735107421875
1778674430.8151653,0.0,-2.1972618103027344,-1.4757994413375854,5.097625732421875
1778674430.850158,0.0,-2.1972618103027344,-1.7192951440811157,4.746062278747559
1778674430.8852108,0.0,-2.1972618103027344,-0.08705795556306839,4.130825996398926
1778674430.9203396,0.0,-2.285125494003296,3.4660279750823975,2.9882724285125732
1778674430.9554026,0.0,-2.1972618103027344,3.256932497024536,1.054673194885254
1778674430.990472,0.0,-2.1972618103027344,2.9606385231018066,-1.669943928718567
1778674431.025865,0.0,-2.1972618103027344,2.5051915645599365,-2.28518009185791
1778674431.0590081,0.0,-2.1972618103027344,1.58754301071167,-3.5156521797180176
1778674431.094389,0.0,-2.1972618103027344,-0.8776077032089233,-3.603543519973755
1778674431.1292639,0.0,-2.1972618103027344,-1.583514928817749,-3.164088726043701
1778674431.1644511,0.0,-2.1972618103027344,-0.959059476852417,-1.5820530652999878
1778674431.1995301,0.0,-2.1972618103027344,-0.7384381890296936,-1.4062713384628296
1778674431.2345648,0.0,-2.1972618103027344,-0.5843358635902405,-1.1425986289978027
1778674431.271585,0.0,-2.1972618103027344,-2.4896676540374756,-0.9668169021606445
1778674431.3049967,0.0,-2.285125494003296,-3.989626884460449,-0.26368993520736694
1778674431.3400903,0.0,-2.285125494003296,-1.4424920082092285,2.3730363845825195
1778674431.374965,0.0,-2.1972618103027344,-2.4233736991882324,2.9882724285125732
1778674431.410178,0.0,-2.1972618103027344,-6.17105770111084,3.3398358821868896
1778674431.4451246,0.0,-2.1972618103027344,-5.302727222442627,5.53708028793335
1778674431.4802346,0.0,-2.1972618103027344,-5.885136604309082,7.20700740814209
1778674431.51513,0.0,-2.1972618103027344,-3.172684907913208,8.876934051513672
1778674431.550402,0.0,-2.285125494003296,-2.383857488632202,9.492170333862305
1778674431.5853946,0.0,-2.1972618103027344,-0.16788960993289948,9.404278755187988
1778674431.620843,0.0,-2.1972618103027344,-0.42607709765434265,8.789043426513672
1778674431.6558545,0.0,-2.1972618103027344,-4.19767951965332,7.6464619636535645
1778674431.6910014,0.0,-2.1972618103027344,-6.271784782409668,7.822243690490723
1778674431.7239943,0.0,-2.1972618103027344,-6.377448081970215,7.910134315490723
1778674431.7609673,0.0,-2.285125494003296,-4.178523063659668,10.283187866210938
1778674431.7942204,0.0,-2.1972618103027344,-2.3395326137542725,10.98631477355957
1778674431.829301,0.0,-2.1972618103027344,-3.779141426086426,10.98631477355957
1778674431.8666775,0.0,-2.1972618103027344,-6.26547908782959,11.162096977233887
1778674431.8996205,0.0,-2.1972618103027344,-4.675075054168701,12.656241416931152
1778674431.9347796,0.0,-2.1972618103027344,-3.195347785949707,13.535149574279785
1778674431.9700203,0.0,-2.1972618103027344,-4.3757710456848145,13.710905075073242
1778674432.0050905,0.0,-2.1972618103027344,-2.3155019283294678,14.853485107421875
1778674432.040034,0.0,-2.1972618103027344,2.95919132232666,15.205048561096191
1778674432.0752587,0.0,-2.1972618103027344,-0.23114390671253204,15.205048561096191
1778674432.1105433,0.0,-2.1972618103027344,1.289718508720398,14.414031982421875
1778674432.1456523,0.0,-2.1972618103027344,1.4889507293701172,12.744132041931152
1778674432.1809363,0.0,-2.1972618103027344,2.535024642944336,12.12889575958252
1778674432.2141085,0.0,-2.1972618103027344,-2.951369285583496,10.722641944885254
1778674432.249026,0.0,-2.1972618103027344,1.4937012195587158,9.755843162536621
1778674432.284304,0.0,-2.285125494003296,-2.1714534759521484,9.755843162536621
1778674432.3193393,0.0,-2.285125494003296,-0.32441607117652893,9.843733787536621
1778674432.3545265,0.0,-2.1972618103027344,-0.3016022741794586,9.931624412536621
1778674432.39152,0.0,-2.1972618103027344,-0.19135046005249023,10.019515037536621
1778674432.425045,0.0,-2.1972618103027344,4.180154800415039,10.107406616210938
1778674432.4600346,0.0,-2.1972618103027344,-0.06196264177560806,9.931624412536621
1778674432.4952013,0.0,-2.1972618103027344,-0.0782473236322403,9.931624412536621
1778674432.530243,0.0,-2.1972618103027344,-1.2899205684661865,10.019515037536621
1778674432.5652723,0.0,-2.1972618103027344,-3.9161829948425293,11.07420539855957
1778674432.600651,0.0,-2.1972618103027344,-5.039862632751465,13.447259902954102
1778674432.635616,0.0,-2.1972618103027344,-5.956793785095215,15.99606704711914
1778674432.672553,0.0,-2.1972618103027344,-5.833566665649414,18.457012176513672
1778674432.7039719,0.0,-2.1972618103027344,-6.752680778503418,19.775375366210938
1778674432.7390883,0.0,-2.1972618103027344,-6.626379013061523,22.32421112060547
1778674432.7741933,0.0,-2.1972618103027344,-7.215235233306885,23.994108200073242
1778674432.809481,0.0,-2.1972618103027344,-7.26194429397583,25.57614517211914
1778674432.8445075,0.0,-2.1972618103027344,-6.413223743438721,27.158180236816406
1778674432.8795755,0.0,-2.1972618103027344,-5.542020797729492,27.42185401916504
1778674432.9149709,0.0,-2.1972618103027344,-5.847382068634033,28.21286964416504
1778674432.9501987,0.0,-2.1972618103027344,-5.413329601287842,28.915996551513672
1778674432.9853172,0.0,-2.1972618103027344,-6.169423580169678,29.443344116210938
1778674433.02028,0.0,-2.285125494003296,-4.282835006713867,30.58592414855957
1778674433.0553942,0.0,-2.1972618103027344,-3.4464657306671143,31.289051055908203
1778674433.0902746,0.0,-2.285125494003296,-3.0713226795196533,31.289051055908203
1778674433.125816,0.0,-2.1972618103027344,0.46781402826309204,31.289051055908203
1778674433.1609364,0.0,-2.1972618103027344,0.9483697414398193,30.49803352355957
1778674433.1941087,0.0,-2.1972618103027344,1.4365445375442505,28.740217208862305
1778674433.23109,0.0,-2.1972618103027344,2.7795956134796143,27.33396339416504
1778674433.264301,0.0,-2.1972618103027344,0.06700263172388077,25.48825454711914
1778674433.2993524,0.0,-2.1972618103027344,2.423447608947754,24.697235107421875
1778674433.33479,0.0,-2.285125494003296,4.836785793304443,23.994108200073242
1778674433.369854,0.0,-2.1972618103027344,3.460466146469116,21.09373664855957
1778674433.4050946,0.0,-2.1972618103027344,2.9498207569122314,19.335920333862305
1778674433.440153,0.0,-2.1972618103027344,1.8753725290298462,19.335920333862305
1778674433.4753664,0.0,-2.285125494003296,1.5502686500549316,19.423810958862305
1778674433.50975,0.0,-2.1972618103027344,2.960989236831665,19.423810958862305
1778674433.5449233,0.0,-2.1972618103027344,1.6308716535568237,19.423810958862305
1778674433.5801814,0.0,-2.1972618103027344,-1.9005005359649658,19.423810958862305
1778674433.6158454,0.0,-2.1972618103027344,-1.785935878753662,19.775375366210938
1778674433.650945,0.0,-2.1972618103027344,-3.6482701301574707,21.09373664855957
1778674433.684022,0.0,-2.1972618103027344,-1.1078959703445435,23.642545700073242
1778674433.7203772,0.0,-2.1972618103027344,-1.3185185194015503,24.697235107421875
1778674433.7541091,0.0,-2.1972618103027344,-3.336172580718994,24.697235107421875
1778674433.7893848,0.0,-2.1972618103027344,-1.5516881942749023,24.697235107421875
1778674433.824496,0.0,-2.1972618103027344,-4.966649532318115,24.785127639770508
1778674433.8595674,0.0,-2.1972618103027344,-5.8916473388671875,26.894508361816406
1778674433.894822,0.0,-2.1972618103027344,-6.081287860870361,29.794906616210938
1778674433.929903,0.0,-2.1972618103027344,-6.3221964836120605,31.90428924560547
1778674433.9650352,0.0,-2.1972618103027344,-4.783788204193115,34.013641357421875
1778674434.000118,0.0,-2.1972618103027344,-5.091413974761963,35.50778579711914
1778674434.035133,0.0,-2.1972618103027344,-4.739341735839844,35.859352111816406
1778674434.0720143,0.0,-2.1972618103027344,-3.2977607250213623,36.210914611816406
1778674434.1053739,0.0,-2.1972618103027344,-1.9479001760482788,36.123023986816406
1778674434.1403198,0.0,-2.1972618103027344,-5.244866847991943,35.859352111816406
1778674434.1755962,0.0,-2.1972618103027344,-4.795595645904541,35.859352111816406
1778674434.210539,0.0,-2.1972618103027344,-1.8094218969345093,36.210914611816406
1778674434.2457883,0.0,-2.1972618103027344,0.9826619625091553,36.123023986816406
1778674434.280411,0.0,-2.285125494003296,0.2931196093559265,35.771461486816406
1778674434.3157418,0.0,-2.1972618103027344,1.4035571813583374,34.98044204711914
1778674434.3489985,0.0,-2.1972618103027344,4.268021106719971,33.662078857421875
1778674434.384148,0.0,-2.285125494003296,3.001661777496338,30.67381477355957
1778674434.4192443,0.0,-2.1972618103027344,2.58601450920105,28.564434051513672
1778674434.4542441,0.0,-2.1972618103027344,-1.3201972246170044,28.564434051513672
1778674434.4893713,0.0,-2.1972618103027344,0.3000698685646057,28.564434051513672
1778674434.5244546,0.0,-2.1972618103027344,3.5620782375335693,28.564434051513672
1778674434.55913,0.0,-2.1972618103027344,3.2246780395507812,28.564434051513672
1778674434.59502,0.0,-2.285125494003296,-0.432632178068161,28.564434051513672
1778674434.629935,0.0,-2.1972618103027344,-1.3985800743103027,28.564434051513672
1778674434.6652603,0.0,-2.1972618103027344,-4.278463363647461,29.003890991210938
1778674434.7001524,0.0,-2.1972618103027344,-2.7744081020355225,30.849597930908203
1778674434.735369,0.0,-2.1972618103027344,-1.436935544013977,32.25585174560547
1778674434.7703989,0.0,-2.1972618103027344,-2.07114315032959,32.25585174560547
1778674434.8054478,0.0,-2.1972618103027344,2.009253978729248,33.486297607421875
1778674434.8406374,0.0,-2.1972618103027344,3.258963108062744,33.574188232421875
1778674434.87419,0.0,-2.1972618103027344,-0.6712279319763184,33.574188232421875
1778674434.9109583,0.0,-2.1972618103027344,-4.545514106750488,33.574188232421875
1778674434.9442058,0.0,-2.1972618103027344,-2.642681360244751,33.574188232421875
1778674434.9792411,0.0,-2.1972618103027344,-0.4746336042881012,34.101531982421875
1778674435.0143082,0.0,-2.1972618103027344,-3.346560001373291,34.540985107421875
1778674435.0494037,0.0,-2.1972618103027344,-4.3508806228637695,35.15622329711914
1778674435.0845196,0.0,-2.1972618103027344,-6.53820276260376,37.96873092651367
1778674435.1195664,0.0,-2.1972618103027344,-2.876203775405884,41.1328010559082
1778674435.154692,0.0,-2.1972618103027344,-4.976827621459961,43.242156982421875
1778674435.1895294,0.0,-2.1972618103027344,-4.421310901641846,43.593719482421875
1778674435.225191,0.0,-2.1972618103027344,-5.0624470710754395,44.56052017211914
1778674435.2601929,0.0,-2.1972618103027344,-4.745334625244141,45.351539611816406
1778674435.2952268,0.0,-2.1972618103027344,-3.5673913955688477,46.494117736816406
1778674435.3302734,0.0,-2.1972618103027344,-5.7846479415893555,47.02146530151367
1778674435.3653696,0.0,-2.1972618103027344,-7.54481315612793,48.25191879272461
1778674435.4006317,0.0,-2.1972618103027344,-6.962716102600098,51.59176254272461
1778674435.435961,0.0,-2.1972618103027344,-7.336912155151367,53.789031982421875
1778674435.4728732,0.0,-2.1972618103027344,-7.214411735534668,55.546844482421875
1778674435.504405,0.0,-2.1972618103027344,-6.241481781005859,56.95309066772461
1778674435.5392659,0.0,-2.1972618103027344,-7.647701740264893,57.74410629272461
1778674435.5743582,0.0,-2.1972618103027344,-7.117551803588867,58.886688232421875
1778674435.6096065,0.0,-2.1972618103027344,-6.703208923339844,60.82027816772461
1778674435.6446552,0.0,-2.285125494003296,-4.134978294372559,61.08395004272461
1778674435.6798038,0.0,-2.1972618103027344,-3.594393253326416,61.523406982421875
1778674435.715044,0.0,-2.285125494003296,-3.3092052936553955,61.523406982421875
1778674435.7501693,0.0,-2.285125494003296,-1.8910658359527588,61.523406982421875
1778674435.784491,0.0,-2.1972618103027344,2.9184162616729736,61.08395004272461
1778674435.8203313,0.0,-2.1972618103027344,4.053737640380859,58.79879379272461
1778674435.85564,0.0,-2.1972618103027344,4.432955741882324,54.316375732421875
1778674435.8907137,0.0,-2.285125494003296,4.580040454864502,52.031219482421875
1778674435.9240837,0.0,-2.1972618103027344,1.2201707363128662,50.36129379272461
1778674435.959206,0.0,-2.285125494003296,-1.3629990816116333,50.273406982421875
1778674435.9942112,0.0,-2.1972618103027344,2.2932937145233154,50.53708267211914
1778674436.0293155,0.0,-2.1972618103027344,2.5940980911254883,50.449188232421875
1778674436.066286,0.0,-2.1972618103027344,-0.8189389705657959,50.36129379272461
1778674436.0997186,0.0,-2.285125494003296,-0.8095363974571228,50.36129379272461
1778674436.1348462,0.0,-2.1972618103027344,-2.3350653648376465,51.415985107421875
1778674436.1699126,0.0,-2.1972618103027344,-2.466560125350952,53.525360107421875
1778674436.2051811,0.0,-2.1972618103027344,0.7581258416175842,54.66793441772461
1778674436.2402463,0.0,-2.1972618103027344,-1.0153334140777588,54.66793441772461
1778674436.2772198,0.0,-2.1972618103027344,-1.7225631475448608,54.755828857421875
1778674436.3106248,0.0,-2.1972618103027344,-1.1926376819610596,55.28316879272461
1778674436.345803,0.0,-2.1972618103027344,-1.118003249168396,55.28316879272461
1778674436.3810005,0.0,-2.1972618103027344,-3.0350534915924072,55.371063232421875
1778674436.4134903,0.0,-2.1972618103027344,-2.0805554389953613,56.33785629272461
1778674436.4487107,0.0,-2.1972618103027344,-0.579030454158783,57.040985107421875
1778674436.4841745,0.0,-2.1972618103027344,-0.9874221682548523,56.95309066772461
1778674436.5194564,0.0,-2.1972618103027344,4.983936786651611,56.95309066772461
1778674436.5545661,0.0,-2.1972618103027344,1.4721221923828125,56.777313232421875
1778674436.5898614,0.0,-2.285125494003296,0.32512643933296204,56.51364517211914
1778674436.624903,0.0,-2.1972618103027344,-0.5078959465026855,55.89840316772461
1778674436.6601233,0.0,-2.1972618103027344,4.568231105804443,55.986297607421875
1778674436.6950965,0.0,-2.285125494003296,2.6763856410980225,55.89840316772461
1778674436.7301803,0.0,-2.285125494003296,1.8274309635162354,55.28316879272461
1778674436.7651746,0.0,-2.1972618103027344,5.228576183319092,54.49215316772461
1778674436.8003917,0.0,-2.285125494003296,3.832101345062256,51.767547607421875
1778674436.8357468,0.0,-2.285125494003296,3.2660534381866455,50.449188232421875
1778674436.8727548,0.0,-2.1972618103027344,-2.363083839416504,49.570281982421875
1778674436.9040706,0.0,-2.285125494003296,2.5648677349090576,49.482391357421875
1778674436.9391396,0.0,-2.1972618103027344,0.7859071493148804,49.482391357421875
1778674436.9760444,0.0,-2.1972618103027344,0.5538889765739441,49.482391357421875
1778674437.009468,0.0,-2.1972618103027344,1.8344898223876953,49.74605941772461
1778674437.0439482,0.0,-2.285125494003296,-1.207937240600586,49.74605941772461
1778674437.0789182,0.0,-2.1972618103027344,-0.20486858487129211,49.833953857421875
1778674437.114191,0.0,-2.1972618103027344,1.856274962425232,50.273406982421875
1778674437.149642,0.0,-2.1972618103027344,-2.6007630825042725,50.273406982421875
1778674437.1846974,0.0,-2.285125494003296,0.22340631484985352,50.36129379272461
1778674437.2198648,0.0,-2.1972618103027344,0.5415286421775818,50.273406982421875
1778674437.2555025,0.0,-2.1972618103027344,-2.029642105102539,50.273406982421875
1778674437.2898865,0.0,-2.285125494003296,-0.8207981586456299,50.53708267211914
1778674437.3252885,0.0,-2.1972618103027344,-0.21246984601020813,51.064422607421875
1778674437.3609219,0.0,-2.1972618103027344,-1.592531442642212,51.240203857421875
1778674437.3943012,0.0,-2.285125494003296,0.3068954050540924,52.031219482421875
1778674437.4310384,0.0,-2.1972618103027344,-1.2472862005233765,51.943328857421875
1778674437.4642332,0.0,-2.1972618103027344,0.7171286344528198,52.031219482421875
1778674437.499332,0.0,-2.285125494003296,2.916510820388794,51.855438232421875
1778674437.5343986,0.0,-2.285125494003296,3.876863479614258,51.767547607421875
1778674437.5697036,0.0,-2.1972618103027344,3.232104778289795,49.74605941772461
1778674437.6047611,0.0,-2.1972618103027344,3.021995782852173,48.69137191772461
1778674437.6400256,0.0,-2.1972618103027344,1.6850348711013794,48.07613754272461
1778674437.6764824,0.0,-2.1972618103027344,2.2136340141296387,48.07613754272461
1778674437.7102582,0.0,-2.1972618103027344,1.3924713134765625,47.988250732421875
1778674437.7455046,0.0,-2.1972618103027344,0.9437249302864075,48.07613754272461
1778674437.7806175,0.0,-2.285125494003296,1.2474921941757202,48.07613754272461
1778674437.8159142,0.0,-2.1972618103027344,1.5239323377609253,48.07613754272461
1778674437.8489463,0.0,-2.1972618103027344,3.3295416831970215,48.07613754272461
1778674437.8841078,0.0,-2.1972618103027344,1.3089700937271118,46.669898986816406
1778674437.9209092,0.0,-2.1972618103027344,-4.693841934204102,45.966773986816406
1778674437.9540987,0.0,-2.1972618103027344,-3.4289748668670654,46.054664611816406
1778674437.9891715,0.0,-2.1972618103027344,-4.160373210906982,46.669898986816406
1778674438.0244184,0.0,-2.1972618103027344,-4.735299587249756,49.74605941772461
1778674438.0598104,0.0,-2.1972618103027344,-4.410761833190918,53.085906982421875
1778674438.0948386,0.0,-2.1972618103027344,-4.34967565536499,54.316375732421875
1778674438.1299639,0.0,-2.1972618103027344,-1.504499912261963,55.45895004272461
1778674438.1649926,0.0,-2.1972618103027344,-0.46381253004074097,55.546844482421875
1778674438.1999075,0.0,-2.1972618103027344,-1.3025572299957275,55.28316879272461
1778674438.2351866,0.0,-2.1972618103027344,-2.5013017654418945,55.195281982421875
1778674438.2722108,0.0,-2.1972618103027344,-3.645076274871826,55.371063232421875
1778674438.3050861,0.0,-2.1972618103027344,-2.3734257221221924,55.89840316772461
1778674438.3408275,0.0,-2.1972618103027344,-6.474106311798096,56.33785629272461
1778674438.3741472,0.0,-2.1972618103027344,-4.717198848724365,58.974578857421875
1778674438.4091015,0.0,-2.1972618103027344,-4.489181041717529,60.82027816772461
1778674438.4442089,0.0,-2.1972618103027344,-4.971055030822754,60.996063232421875
1778674438.4810865,0.0,-2.1972618103027344,-1.8700354099273682,62.92965316772461
1778674438.514627,0.0,-2.1972618103027344,-0.6999019980430603,63.720672607421875
1778674438.5497322,0.0,-2.1972618103027344,1.651530146598816,63.54488754272461
1778674438.5850425,0.0,-2.285125494003296,0.2448648065328598,63.28121566772461
1778674438.6199107,0.0,-2.1972618103027344,3.430450916290283,62.66598129272461
1778674438.6550925,0.0,-2.1972618103027344,2.7590596675872803,59.150360107421875
1778674438.6900356,0.0,-2.285125494003296,2.427584171295166,57.216766357421875
1778674438.7255154,0.0,-2.1972618103027344,4.054998397827148,56.425750732421875
1778674438.7603657,0.0,-2.1972618103027344,3.2788166999816895,54.49215316772461
1778674438.7956672,0.0,-2.285125494003296,-0.9238033294677734,53.701141357421875
1778674438.8306236,0.0,-2.1972618103027344,0.18286791443824768,53.701141357421875
1778674438.8640063,0.0,-2.1972618103027344,-1.2754077911376953,53.964813232421875
1778674438.900545,0.0,-2.1972618103027344,-0.9468371868133545,55.28316879272461
1778674438.9338384,0.0,-2.285125494003296,4.627665042877197,55.72262191772461
1778674438.9693491,0.0,-2.1972618103027344,2.1007940769195557,55.63473129272461
1778674439.0044458,0.0,-2.1972618103027344,1.9047061204910278,55.45895004272461
1778674439.0394819,0.0,-2.1972618103027344,-1.0885146856307983,55.28316879272461
1778674439.0766373,0.0,-2.1972618103027344,-2.735238790512085,55.371063232421875
1778674439.1099486,0.0,-2.285125494003296,-6.187063217163086,55.81051254272461
1778674439.1449995,0.0,-2.1972618103027344,-3.7843730449676514,57.831993103027344
1778674439.1800752,0.0,-2.1972618103027344,-1.9347487688064575,60.02926254272461
1778674439.2152135,0.0,-2.285125494003296,0.732517659664154,60.38082504272461
1778674439.2505105,0.0,-2.1972618103027344,5.794460296630859,60.292938232421875
1778674439.2856128,0.0,-2.285125494003296,5.3057756423950195,60.11715316772461
1778674439.3206878,0.0,-2.285125494003296,2.384875535964966,57.040985107421875
1778674439.3541574,0.0,-2.1972618103027344,1.1863443851470947,55.28316879272461
1778674439.389248,0.0,-2.285125494003296,1.9939507246017456,55.28316879272461
1778674439.4243116,0.0,-2.1972618103027344,2.3881783485412598,55.019500732421875
1778674439.459268,0.0,-2.285125494003296,3.9478042125701904,54.228485107421875
1778674439.4945114,0.0,-2.1972618103027344,0.6082629561424255,52.55855941772461
1778674439.5290382,0.0,-2.1972618103027344,3.1835978031158447,51.503875732421875
1778674439.5645049,0.0,-2.285125494003296,4.745763778686523,50.624969482421875
1778674439.599805,0.0,-2.1972618103027344,3.4910640716552734,48.515594482421875
1778674439.6349206,0.0,-2.1972618103027344,2.680342674255371,48.339813232421875
1778674439.672081,0.0,-2.1972618103027344,1.5457557439804077,48.339813232421875
1778674439.7053077,0.0,-2.285125494003296,5.068650722503662,48.339813232421875
1778674439.7404056,0.0,-2.1972618103027344,4.050676345825195,48.339813232421875
1778674439.7756755,0.0,-2.1972618103027344,4.112199306488037,47.63668441772461
1778674439.810757,0.0,-2.1972618103027344,0.929678201675415,46.230445861816406
1778674439.8440664,0.0,-2.1972618103027344,3.2617290019989014,46.318336486816406
1778674439.8792725,0.0,-2.1972618103027344,4.048155307769775,46.054664611816406
1778674439.9143522,0.0,-2.1972618103027344,3.6858301162719727,44.56052017211914
1778674439.949215,0.0,-2.1972618103027344,3.0738306045532227,44.121063232421875
1778674439.9843278,0.0,-2.1972618103027344,1.0941851139068604,43.681610107421875
1778674440.0194674,0.0,-2.1972618103027344,0.08410482853651047,43.593719482421875
1778674440.0546286,0.0,-2.1972618103027344,-0.24803023040294647,43.681610107421875
1778674440.089667,0.0,-2.1972618103027344,1.3371413946151733,44.99997329711914
1778674440.1267765,0.0,-2.285125494003296,4.967498779296875,44.91208267211914
1778674440.1618748,0.0,-2.1972618103027344,4.506855487823486,44.736297607421875
1778674440.195081,0.0,-2.1972618103027344,2.1925642490386963,42.714839935302734
1778674440.2299767,0.0,-2.1972618103027344,0.023380782455205917,42.01171112060547
1778674440.2650716,0.0,-2.1972618103027344,1.8836768865585327,42.09960174560547
1778674440.3002548,0.0,-2.285125494003296,4.662487983703613,42.09960174560547
1778674440.3351264,0.0,-2.1972618103027344,6.587869167327881,41.57225799560547
1778674440.3701775,0.0,-2.1972618103027344,7.392299652099609,38.49607467651367
1778674440.4053316,0.0,-2.1972618103027344,6.927224636077881,34.628875732421875
1778674440.440593,0.0,-2.1972618103027344,6.721762180328369,33.13473129272461
1778674440.4776053,0.0,-2.1972618103027344,5.8808369636535645,31.113271713256836
1778674440.5090425,0.0,-2.1972618103027344,5.054379940032959,30.937488555908203
1778674440.5442264,0.0,-2.1972618103027344,4.233556270599365,30.58592414855957
1778674440.5787222,0.0,-2.1972618103027344,4.489704608917236,30.49803352355957
1778674440.6146562,0.0,-2.285125494003296,5.230650901794434,30.14647102355957
1778674440.649551,0.0,-2.1972618103027344,3.8415088653564453,28.740217208862305
1778674440.6846578,0.0,-2.285125494003296,3.897312879562378,27.949199676513672
1778674440.7216344,0.0,-2.1972618103027344,3.228788375854492,27.949199676513672
1778674440.7549994,0.0,-2.285125494003296,0.9250532388687134,27.949199676513672
1778674440.7900035,0.0,-2.285125494003296,-2.473891258239746,27.949199676513672
1778674440.8250315,0.0,-2.1972618103027344,-2.3672659397125244,28.124980926513672
1778674440.8603475,0.0,-2.1972618103027344,-1.3485888242721558,30.761707305908203
1778674440.895494,0.0,-2.1972618103027344,1.238531470298767,31.992177963256836
1778674440.9305787,0.0,-2.1972618103027344,3.4852659702301025,31.992177963256836
1778674440.9658961,0.0,-2.1972618103027344,4.384213924407959,31.640615463256836
1778674440.999112,0.0,-2.1972618103027344,5.762725353240967,30.67381477355957
1778674441.034379,0.0,-2.285125494003296,5.723507881164551,27.24607276916504
1778674441.0692432,0.0,-2.1972618103027344,2.9805116653442383,25.312471389770508
1778674441.1043403,0.0,-2.1972618103027344,2.503328800201416,24.785127639770508
1778674441.1394658,0.0,-2.1972618103027344,2.6814920902252197,24.785127639770508
1778674441.1745563,0.0,-2.1972618103027344,2.60006046295166,24.785127639770508
1778674441.2093198,0.0,-2.1972618103027344,4.661828517913818,24.785127639770508
1778674441.244934,0.0,-2.1972618103027344,3.1967992782592773,24.697235107421875
1778674441.2802436,0.0,-2.1972618103027344,3.4421215057373047,23.642545700073242
1778674441.315336,0.0,-2.1972618103027344,6.264541149139404,22.85155487060547
1778674441.3501904,0.0,-2.285125494003296,6.056865215301514,20.039047241210938
1778674441.385254,0.0,-2.1972618103027344,5.377198219299316,18.01755714416504
1778674441.4207711,0.0,-2.1972618103027344,6.59326696395874,17.402320861816406
1778674441.4558916,0.0,-2.1972618103027344,5.783944606781006,15.380830764770508
1778674441.4889855,0.0,-2.1972618103027344,2.6102705001831055,14.062468528747559
1778674441.524238,0.0,-2.1972618103027344,3.5864222049713135,13.974576950073242
1778674441.5593336,0.0,-2.1972618103027344,4.327754497528076,13.974576950073242
1778674441.5944648,0.0,-2.285125494003296,2.371777296066284,13.974576950073242
1778674441.6313198,0.0,-2.1972618103027344,1.6201345920562744,14.062468528747559
1778674441.664582,0.0,-2.285125494003296,0.7203615307807922,14.150358200073242
1778674441.6997497,0.0,-2.1972618103027344,-1.0980135202407837,14.677703857421875
1778674441.7349825,0.0,-2.1972618103027344,-1.7779576778411865,16.17184829711914
1778674441.7702963,0.0,-2.1972618103027344,-1.3816641569137573,17.57810401916504
1778674441.8050878,0.0,-2.1972618103027344,-4.6766037940979,18.544902801513672
1778674441.8398483,0.0,-2.1972618103027344,-3.3882343769073486,20.56639289855957
1778674441.8771648,0.0,-2.1972618103027344,-2.7630558013916016,22.060537338256836
1778674441.9105434,0.0,-2.1972618103027344,2.1635921001434326,22.060537338256836
1778674441.9457214,0.0,-2.1972618103027344,0.258944571018219,22.060537338256836
1778674441.9789362,0.0,-2.1972618103027344,-0.33281081914901733,21.972646713256836
1778674442.0139508,0.0,-2.1972618103027344,-1.5204102993011475,21.884756088256836
1778674442.0490108,0.0,-2.1972618103027344,-4.054958820343018,21.884756088256836
1778674442.084192,0.0,-2.1972618103027344,-5.3353166580200195,21.972646713256836
1778674442.1192377,0.0,-2.1972618103027344,-4.247951984405518,22.32421112060547
1778674442.1545734,0.0,-2.1972618103027344,-3.564121961593628,24.169891357421875
1778674442.1895607,0.0,-2.1972618103027344,-1.053680181503296,24.960908889770508
1778674442.2246463,0.0,-2.285125494003296,-1.9523227214813232,24.960908889770508
1778674442.2600586,0.0,-2.1972618103027344,-4.185650825500488,24.960908889770508
1778674442.295297,0.0,-2.1972618103027344,-2.9231371879577637,24.960908889770508
1778674442.3301451,0.0,-2.1972618103027344,-2.2690792083740234,26.191381454467773
1778674442.365231,0.0,-2.1972618103027344,-3.280135154724121,26.894508361816406
1778674442.400536,0.0,-2.1972618103027344,-1.7764290571212769,27.42185401916504
1778674442.4350147,0.0,-2.1972618103027344,-2.655099868774414,27.42185401916504
1778674442.4685888,0.0,-2.1972618103027344,-5.023952484130859,27.68552589416504
1778674442.5042284,0.0,-2.1972618103027344,-3.201864719390869,29.794906616210938
1778674442.5391417,0.0,-2.1972618103027344,-4.9836106300354,31.464834213256836
1778674442.5742066,0.0,-2.1972618103027344,-3.490867853164673,32.43163299560547
1778674442.609284,0.0,-2.1972618103027344,-4.309933185577393,32.51952362060547
1778674442.6444724,0.0,-2.1972618103027344,-2.1197257041931152,33.837860107421875
1778674442.6816514,0.0,-2.1972618103027344,0.6330074667930603,34.45309829711914
1778674442.714927,0.0,-2.1972618103027344,-2.0686089992523193,34.45309829711914
1778674442.750192,0.0,-2.285125494003296,-1.8014378547668457,34.36520767211914
1778674442.785063,0.0,-2.1972618103027344,-0.7529736757278442,34.277313232421875
1778674442.8200805,0.0,-2.1972618103027344,4.715238094329834,33.662078857421875
1778674442.8546703,0.0,-2.1972618103027344,1.9524965286254883,31.201162338256836
1778674442.8901045,0.0,-2.1972618103027344,5.719655513763428,29.794906616210938
1778674442.9255533,0.0,-2.1972618103027344,6.277152061462402,27.949199676513672
1778674442.9607592,0.0,-2.285125494003296,4.729063987731934,24.521455764770508
1778674442.993971,0.0,-2.1972618103027344,6.275437355041504,22.76366424560547
1778674443.029248,0.0,-2.1972618103027344,3.5681333541870117,20.56639289855957
1778674443.064094,0.0,-2.285125494003296,5.261107921600342,19.072246551513672
1778674443.0993762,0.0,-2.1972618103027344,1.4699504375457764,18.720684051513672
1778674443.1344771,0.0,-2.1972618103027344,2.0111567974090576,18.632793426513672
1778674443.169579,0.0,-2.1972618103027344,4.147964000701904,18.720684051513672
1778674443.2048657,0.0,-2.1972618103027344,1.2331255674362183,18.720684051513672
1778674443.2399545,0.0,-2.1972618103027344,0.8482524156570435,18.808574676513672
1778674443.2769132,0.0,-2.1972618103027344,-3.7207131385803223,19.160139083862305
1778674443.3104198,0.0,-2.1972618103027344,-2.6958186626434326,20.390609741210938
1778674443.3452826,0.0,-2.1972618103027344,-1.9653202295303345,22.9394474029541
1778674443.3805025,0.0,-2.1972618103027344,-1.2450284957885742,24.082000732421875
1778674443.4158921,0.0,-2.1972618103027344,-3.9797420501708984,24.257781982421875
1778674443.4488845,0.0,-2.1972618103027344,-2.887648820877075,24.873018264770508
1778674443.483587,0.0,-2.1972618103027344,1.7315013408660889,26.455053329467773
1778674443.5189078,0.0,-2.1972618103027344,3.233492612838745,27.070289611816406
1778674443.5543609,0.0,-2.1972618103027344,4.545416831970215,26.982398986816406
1778674443.5894017,0.0,-2.1972618103027344,5.352697372436523,26.806615829467773
1778674443.6246648,0.0,-2.1972618103027344,5.9119110107421875,26.455053329467773
1778674443.661612,0.0,-2.1972618103027344,5.3160929679870605,22.499990463256836
1778674443.694817,0.0,-2.1972618103027344,6.181172847747803,19.072246551513672
1778674443.7301426,0.0,-2.285125494003296,3.945200204849243,16.611303329467773
1778674443.765214,0.0,-2.1972618103027344,3.3229384422302246,15.205048561096191
1778674443.8003156,0.0,-2.1972618103027344,1.2083431482315063,15.205048561096191
1778674443.8354554,0.0,-2.1972618103027344,-1.075273871421814,15.380830764770508
1778674443.870626,0.0,-2.1972618103027344,-2.486741065979004,17.050758361816406
1778674443.9057164,0.0,-2.1972618103027344,-0.8754068613052368,19.775375366210938
1778674443.9389796,0.0,-2.1972618103027344,1.0508677959442139,20.039047241210938
1778674443.974459,0.0,-2.1972618103027344,4.41752290725708,19.951156616210938
1778674444.0091484,0.0,-2.1972618103027344,4.315136432647705,19.687484741210938
1778674444.0442712,0.0,-2.1972618103027344,4.477468967437744,18.457012176513672
1778674444.0812178,0.0,-2.1972618103027344,3.1518189907073975,15.556612968444824
1778674444.11633,0.0,-2.1972618103027344,3.3312947750091553,14.677703857421875
1778674444.149619,0.0,-2.1972618103027344,5.738656997680664,13.886686325073242
1778674444.1848724,0.0,-2.1972618103027344,5.343545436859131,11.337878227233887
1778674444.2199588,0.0,-2.1972618103027344,4.873611927032471,10.019515037536621
1778674444.2552292,0.0,-2.1972618103027344,0.2896067500114441,9.580060958862305
1778674444.2903368,0.0,-2.1972618103027344,-0.8057700991630554,9.316388130187988
1778674444.3252358,0.0,-2.1972618103027344,-4.584367752075195,9.404278755187988
1778674444.3605514,0.0,-2.1972618103027344,-3.2201597690582275,10.634751319885254
1778674444.3958015,0.0,-2.1972618103027344,-5.496361255645752,13.359368324279785
1778674444.429011,0.0,-2.1972618103027344,-1.9007903337478638,17.314430236816406
1778674444.4641142,0.0,-2.1972618103027344,-2.358144521713257,19.248029708862305
1778674444.4992495,0.0,-2.1972618103027344,-5.118685722351074,19.248029708862305
1778674444.5342803,0.0,-2.1972618103027344,-5.9172139167785645,19.687484741210938
1778674444.5694573,0.0,-2.1972618103027344,-6.870331764221191,21.796863555908203
1778674444.6047192,0.0,-2.1972618103027344,-5.92755651473999,24.521455764770508
1778674444.639757,0.0,-2.1972618103027344,-5.098299026489258,25.400362014770508
1778674444.6768816,0.0,-2.1972618103027344,-4.244332790374756,25.66403579711914
1778674444.7103312,0.0,-2.1972618103027344,-4.500924110412598,25.927709579467773
1778674444.744976,0.0,-2.1972618103027344,-1.6700842380523682,26.894508361816406
1778674444.7803898,0.0,-2.1972618103027344,-0.533118486404419,26.894508361816406
1778674444.8154058,0.0,-2.1972618103027344,-2.8446595668792725,26.894508361816406
1778674444.8504944,0.0,-2.1972618103027344,-3.7916259765625,26.894508361816406
1778674444.8860168,0.0,-2.1972618103027344,0.1951400488615036,26.894508361816406
1778674444.9189677,0.0,-2.1972618103027344,-3.50791335105896,26.894508361816406
1778674444.9539971,0.0,-2.1972618103027344,-4.415572643280029,26.982398986816406
1778674444.9892569,0.0,-2.1972618103027344,-1.6001890897750854,28.124980926513672
1778674445.0241888,0.0,-2.1972618103027344,-4.119795322418213,29.091779708862305
1778674445.059412,0.0,-2.285125494003296,-3.2973153591156006,29.70701789855957
1778674445.0945318,0.0,-2.1972618103027344,-3.796579599380493,30.14647102355957
1778674445.1299107,0.0,-2.1972618103027344,-6.454655170440674,30.937488555908203
1778674445.1647997,0.0,-2.1972618103027344,-6.7046799659729,33.04684066772461
1778674445.1999683,0.0,-2.285125494003296,-6.615408897399902,36.298805236816406
1778674445.2352,0.0,-2.1972618103027344,-6.615408897399902,37.70505905151367
1778674445.2700877,0.0,-2.285125494003296,-6.017282485961914,39.90232849121094
1778674445.3051963,0.0,-2.1972618103027344,-6.011478900909424,40.4296760559082
1778674445.339967,0.0,-2.1972618103027344,-6.540261268615723,41.57225799560547
1778674445.3750436,0.0,-2.1972618103027344,-5.228055000305176,42.53905487060547
1778674445.4101448,0.0,-2.1972618103027344,-3.397534132003784,42.89059066772461
1778674445.4452462,0.0,-2.1972618103027344,-2.883061170578003,43.15426254272461
1778674445.482248,0.0,-2.1972618103027344,-0.8070530295372009,42.89059066772461
1778674445.515379,0.0,-2.1972618103027344,2.2061519622802734,42.275386810302734
1778674445.5503871,0.0,-2.285125494003296,1.0547363758087158,39.6386604309082
1778674445.585641,0.0,-2.285125494003296,2.8740246295928955,37.70505905151367
1778674445.618924,0.0,-2.1972618103027344,1.8709794282913208,36.03512954711914
1778674445.6539872,0.0,-2.1972618103027344,3.0411815643310547,35.33200454711914
1778674445.689043,0.0,-2.285125494003296,4.62518835067749,34.36520767211914
1778674445.7241433,0.0,-2.1972618103027344,4.631160259246826,31.728506088256836
1778674445.7591236,0.0,-2.285125494003296,4.21286153793335,30.67381477355957
1778674445.7942874,0.0,-2.285125494003296,1.9410277605056763,29.70701789855957
1778674445.829711,0.0,-2.1972618103027344,-2.5227253437042236,29.70701789855957
1778674445.8648317,0.0,-2.285125494003296,1.2769737243652344,29.794906616210938
1778674445.8999166,0.0,-2.285125494003296,2.220977544784546,29.794906616210938
1778674445.9351428,0.0,-2.1972618103027344,0.8153460025787354,29.794906616210938
1778674445.969863,0.0,-2.1972618103027344,2.5956051349639893,29.794906616210938
1778674446.00513,0.0,-2.285125494003296,-0.01688157580792904,29.794906616210938
1778674446.0404825,0.0,-2.1972618103027344,-1.341036319732666,29.794906616210938
1778674446.0753,0.0,-2.1972618103027344,1.0976506471633911,30.849597930908203
1778674446.11065,0.0,-2.1972618103027344,-4.878207683563232,31.376941680908203
1778674446.1439092,0.0,-2.1972618103027344,-3.669607639312744,32.34374237060547
1778674446.1789124,0.0,-2.1972618103027344,-2.6988983154296875,35.06833267211914
1778674446.2142904,0.0,-2.285125494003296,1.2016042470932007,36.386695861816406
1778674446.249133,0.0,-2.285125494003296,1.8943250179290771,36.298805236816406
1778674446.2839406,0.0,-2.1972618103027344,-1.3527144193649292,36.03512954711914
1778674446.3186893,0.0,-2.1972618103027344,2.1900947093963623,36.03512954711914
1778674446.3538358,0.0,-2.1972618103027344,3.318783760070801,36.03512954711914
1778674446.389308,0.0,-2.285125494003296,5.279094696044922,34.101531982421875
1778674446.4246883,0.0,-2.285125494003296,7.011369705200195,30.05858039855957
1778674446.4595506,0.0,-2.1972618103027344,5.6493706703186035,26.542945861816406
1778674446.4949315,0.0,-2.1972618103027344,5.942866325378418,25.400362014770508
1778674446.529943,0.0,-2.285125494003296,4.915500640869141,24.433565139770508
1778674446.565013,0.0,-2.1972618103027344,3.468083381652832,23.818328857421875
1778674446.6001003,0.0,-2.1972618103027344,3.7718167304992676,23.730438232421875
1778674446.6353807,0.0,-2.285125494003296,5.010623455047607,23.642545700073242
1778674446.6703575,0.0,-2.1972618103027344,1.9544094800949097,22.23632049560547
1778674446.7056038,0.0,-2.1972618103027344,4.10372257232666,21.708972930908203
1778674446.7388396,0.0,-2.1972618103027344,4.838161945343018,21.181629180908203
1778674446.7759252,0.0,-2.1972618103027344,1.2183116674423218,19.160139083862305
1778674446.8086383,0.0,-2.1972618103027344,1.0795499086380005,18.896465301513672
1778674446.8441882,0.0,-2.1972618103027344,-2.149925470352173,18.984357833862305
1778674446.881404,0.0,-2.1972618103027344,-3.760725498199463,19.248029708862305
1778674446.9146547,0.0,-2.285125494003296,-5.0425262451171875,20.74217414855957
1778674446.9497297,0.0,-2.1972618103027344,-4.5970258712768555,23.818328857421875
1778674446.984955,0.0,-2.285125494003296,-3.387335777282715,26.630836486816406
1778674447.0200064,0.0,-2.285125494003296,-3.7922956943511963,27.68552589416504
1778674447.055071,0.0,-2.1972618103027344,-0.889693021774292,29.091779708862305
1778674447.0901625,0.0,-2.1972618103027344,-2.603886842727661,29.619125366210938
1778674447.1252866,0.0,-2.1972618103027344,-0.6954373717308044,29.619125366210938
1778674447.160393,0.0,-2.1972618103027344,1.3414267301559448,29.619125366210938
1778674447.195644,0.0,-2.1972618103027344,4.9695916175842285,29.267560958862305
1778674447.2289774,0.0,-2.285125494003296,3.727449417114258,27.59763526916504
1778674447.2639966,0.0,-2.1972618103027344,6.032797813415527,24.697235107421875
1778674447.2993906,0.0,-2.1972618103027344,6.891176223754883,21.181629180908203
1778674447.3342252,0.0,-2.1972618103027344,5.880868434906006,18.01755714416504
1778674447.3692632,0.0,-2.1972618103027344,5.236555099487305,16.874977111816406
1778674447.404771,0.0,-2.1972618103027344,5.488693714141846,16.25973892211914
1778674447.4395955,0.0,-2.1972618103027344,4.992694854736328,14.589813232421875
1778674447.4748697,0.0,-2.1972618103027344,5.404571056365967,14.062468528747559
1778674447.5099683,0.0,-2.1972618103027344,5.487148284912109,12.656241416931152
1778674447.5451343,0.0,-2.1972618103027344,3.6295950412750244,12.392568588256836
1778674447.580195,0.0,-2.285125494003296,5.3575520515441895,12.392568588256836
1778674447.61529,0.0,-2.1972618103027344,5.09725284576416,11.425768852233887
1778674447.6504862,0.0,-2.1972618103027344,4.278802871704102,10.634751319885254
1778674447.6855507,0.0,-2.1972618103027344,3.600402355194092,10.371078491210938
1778674447.7190037,0.0,-2.1972618103027344,4.97905969619751,10.283187866210938
1778674447.7540753,0.0,-2.1972618103027344,5.422826766967773,8.789043426513672
1778674447.789163,0.0,-2.1972618103027344,6.483770847320557,6.767552375793457
1778674447.8240778,0.0,-2.1972618103027344,6.62559700012207,4.482389450073242
1778674447.8591619,0.0,-2.285125494003296,6.888002395629883,3.0761632919311523
1778674447.894226,0.0,-2.1972618103027344,6.720633506774902,1.3183457851409912
1778674447.931417,0.0,-2.1972618103027344,5.058017253875732,0.7031096816062927
1778674447.9644632,0.0,-2.1972618103027344,4.814968585968018,0.7031096816062927
1778674447.9998477,0.0,-2.1972618103027344,2.8841748237609863,-1.7302845662925392e-05
1778674448.0348933,0.0,-2.1972618103027344,4.093447685241699,-0.08790817856788635
1778674448.0701058,0.0,-2.1972618103027344,5.698398590087891,-0.26368993520736694
1778674448.1052477,0.0,-2.285125494003296,4.919460773468018,-2.021507501602173
1778674448.140107,0.0,-2.285125494003296,4.781288146972656,-2.988306999206543
1778674448.1751268,0.0,-2.1972618103027344,3.213409185409546,-3.603543519973755
1778674448.2103653,0.0,-2.1972618103027344,-0.560563862323761,-3.867216110229492
1778674448.245501,0.0,-2.285125494003296,0.21194392442703247,-3.691434383392334
1778674448.2827125,0.0,-2.285125494003296,-2.050926685333252,-1.9336165189743042
1778674448.3139944,0.0,-2.285125494003296,-6.161253929138184,0.43943706154823303
1778674448.3509924,0.0,-2.1972618103027344,-5.604506492614746,4.130825996398926
1778674448.3841562,0.0,-2.285125494003296,-5.445396423339844,6.328097820281982
1778674448.4190872,0.0,-2.285125494003296,-1.2205127477645874,7.7343525886535645
1778674448.4542298,0.0,-2.1972618103027344,-2.2540295124053955,7.7343525886535645
1778674448.4895504,0.0,-2.1972618103027344,-0.02251310832798481,7.6464619636535645
1778674448.5244153,0.0,-2.1972618103027344,0.5540671348571777,7.470679759979248
1778674448.5592866,0.0,-2.1972618103027344,-2.019747018814087,6.767552375793457
1778674448.5962284,0.0,-2.285125494003296,-0.12885983288288116,6.064425468444824
1778674448.6313179,0.0,-2.285125494003296,-0.4460376799106598,5.888643741607666
1778674448.6646712,0.0,-2.1972618103027344,-2.2564032077789307,5.800752639770508
1778674448.6997159,0.0,-2.1972618103027344,-1.2052408456802368,6.064425468444824
1778674448.7349627,0.0,-2.1972618103027344,0.08925461769104004,5.976534366607666
1778674448.7698853,0.0,-2.1972618103027344,1.1245397329330444,5.800752639770508
1778674448.8049653,0.0,-2.285125494003296,5.1385087966918945,5.273407459259033
1778674448.8417332,0.0,-2.285125494003296,5.728649616241455,3.9550445079803467
1778674448.875208,0.0,-2.285125494003296,4.825143337249756,0.43943706154823303
1778674448.9100077,0.0,-2.1972618103027344,1.345869541168213,-1.757834792137146
1778674448.9453619,0.0,-2.285125494003296,-0.09805821627378464,-1.757834792137146
1778674448.9802225,0.0,-2.1972618103027344,2.290200710296631,-1.4062713384628296
1778674449.0153484,0.0,-2.1972618103027344,4.37320613861084,-1.4941622018814087
1778674449.0506735,0.0,-2.285125494003296,6.516931533813477,-1.9336165189743042
1778674449.0857255,0.0,-2.285125494003296,7.480987071990967,-4.746124744415283
1778674449.1209922,0.0,-2.1972618103027344,7.423447608947754,-7.646495819091797
1778674449.154,0.0,-2.1972618103027344,7.3743062019348145,-9.931658744812012
1778674449.1911824,0.0,-2.285125494003296,6.8452067375183105,-11.601585388183594
1778674449.2243137,0.0,-2.1972618103027344,6.746864318847656,-12.304712295532227
1778674449.2594974,0.0,-2.1972618103027344,6.812961578369141,-13.623075485229492
1778674449.296308,0.0,-2.1972618103027344,5.653670310974121,-14.941438674926758
1778674449.329672,0.0,-2.1972618103027344,1.9119155406951904,-15.029329299926758
1778674449.364929,0.0,-2.1972618103027344,2.7445263862609863,-15.029329299926758
1778674449.4001288,0.0,-2.1972618103027344,5.909812927246094,-15.029329299926758
1778674449.4350097,0.0,-2.1972618103027344,5.050580978393555,-15.029329299926758
1778674449.4703937,0.0,-2.1972618103027344,5.88526725769043,-15.46878433227539
1778674449.5051494,0.0,-2.1972618103027344,6.036876201629639,-17.75391960144043
1778674449.5407243,0.0,-2.285125494003296,6.8896002769470215,-18.984390258789062
1778674449.5757368,0.0,-2.285125494003296,5.164336681365967,-21.533227920532227
1778674449.6106527,0.0,-2.285125494003296,-0.14606669545173645,-22.76369857788086
1778674449.6460907,0.0,-2.1972618103027344,2.7945356369018555,-22.76369857788086
1778674449.6810236,0.0,-2.1972618103027344,5.401767253875732,-22.76369857788086
1778674449.7141285,0.0,-2.1972618103027344,1.9197959899902344,-22.76369857788086
1778674449.7494776,0.0,-2.285125494003296,0.09225252270698547,-22.76369857788086
1778674449.7845626,0.0,-2.1972618103027344,-1.1974455118179321,-21.621116638183594
1778674449.8198962,0.0,-2.285125494003296,-3.4237587451934814,-19.160173416137695
1778674449.8549144,0.0,-2.1972618103027344,-6.622085094451904,-16.17188262939453
1778674449.8899417,0.0,-2.1972618103027344,-6.936055660247803,-12.216821670532227
1778674449.9252286,0.0,-2.1972618103027344,-7.236143589019775,-8.34962272644043
1778674449.9604151,0.0,-2.285125494003296,-6.681087017059326,-6.2402424812316895
1778674449.9954536,0.0,-2.285125494003296,-2.8526182174682617,-4.658234119415283
1778674450.0308163,0.0,-2.1972618103027344,1.8920719623565674,-4.13088846206665
1778674450.0659382,0.0,-2.1972618103027344,1.212477207183838,-4.306670665740967
1778674450.1007867,0.0,-2.1972618103027344,-0.018361788243055344,-4.921906471252441
1778674450.1359441,0.0,-2.285125494003296,0.432292640209198,-7.3828229904174805
1778674450.1692817,0.0,-2.285125494003296,0.4260178208351135,-8.085949897766113
1778674450.2043204,0.0,-2.1972618103027344,-0.8090068697929382,-9.316422462463379
1778674450.2393517,0.0,-2.285125494003296,-0.6094802021980286,-9.316422462463379
1778674450.2747269,0.0,-2.1972618103027344,3.5656330585479736,-9.316422462463379
1778674450.3097456,0.0,-2.1972618103027344,1.0493252277374268,-9.316422462463379
1778674450.344893,0.0,-2.285125494003296,-0.5793896317481995,-9.931658744812012
1778674450.3801517,0.0,-2.1972618103027344,0.6341798305511475,-9.931658744812012
1778674450.415008,0.0,-2.1972618103027344,0.6341798305511475,-9.931658744812012
1778674450.4504075,0.0,-2.1972618103027344,-0.4285571873188019,-10.019549369812012
1778674450.4871373,0.0,-2.1972618103027344,-2.220916748046875,-9.931658744812012
1778674450.520612,0.0,-2.1972618103027344,-1.9779506921768188,-9.843767166137695
1778674450.5555377,0.0,-2.1972618103027344,-2.816833734512329,-9.052749633789062
1778674450.588814,0.0,-2.1972618103027344,-5.83551549911499,-8.34962272644043
1778674450.6240807,0.0,-2.1972618103027344,-2.1143887042999268,-5.0976881980896
1778674450.659013,0.0,-2.285125494003296,-3.3638761043548584,-2.6367435455322266
1778674450.694521,0.0,-2.1972618103027344,-0.9048882722854614,-1.669943928718567
1778674450.7292595,0.0,-2.1972618103027344,-2.337695598602295,-1.845725655555725
1778674450.7643454,0.0,-2.285125494003296,-5.080153465270996,-1.9336165189743042
1778674450.7993965,0.0,-2.1972618103027344,-1.4738365411758423,-1.757834792137146
1778674450.8345435,0.0,-2.1972618103027344,-2.7219719886779785,-1.757834792137146
1778674450.8698344,0.0,-2.1972618103027344,-1.3703705072402954,-1.669943928718567
1778674450.9049802,0.0,-2.1972618103027344,0.9717653393745422,-1.845725655555725
1778674450.9402428,0.0,-2.1972618103027344,2.3587753772735596,-2.28518009185791
1778674450.9750512,0.0,-2.1972618103027344,3.3126327991485596,-5.185579299926758
1778674451.0102246,0.0,-2.1972618103027344,-0.20107410848140717,-6.855478286743164
1778674451.0453687,0.0,-2.1972618103027344,4.438042163848877,-6.767587661743164
1778674451.0823734,0.0,-2.285125494003296,4.803181171417236,-6.943369388580322
1778674451.1139479,0.0,-2.285125494003296,3.1798784732818604,-8.701186180114746
1778674451.1491754,0.0,-2.1972618103027344,2.2297964096069336,-9.843767166137695
1778674451.1842785,0.0,-2.1972618103027344,1.9869977235794067,-9.843767166137695
1778674451.219293,0.0,-2.1972618103027344,-1.9652979373931885,-9.843767166137695
1778674451.2544415,0.0,-2.1972618103027344,-2.7978672981262207,-9.755876541137695
1778674451.291601,0.0,-2.1972618103027344,-2.281862497329712,-8.876968383789062
1778674451.3249924,0.0,-2.1972618103027344,-2.3497395515441895,-6.943369388580322
1778674451.3598762,0.0,-2.285125494003296,0.3025110960006714,-5.537142753601074
1778674451.3949218,0.0,-2.1972618103027344,-1.1048583984375,-5.273469924926758
1778674451.4300737,0.0,-2.285125494003296,-3.0486130714416504,-5.273469924926758
1778674451.4653404,0.0,-2.285125494003296,-1.2025164365768433,-4.921906471252441
1778674451.5003772,0.0,-2.285125494003296,-2.7591302394866943,-4.746124744415283
1778674451.5354064,0.0,-2.1972618103027344,-0.45906999707221985,-4.218779563903809
1778674451.5706396,0.0,-2.1972618103027344,1.9347783327102661,-4.394561290740967
1778674451.6055114,0.0,-2.1972618103027344,1.1092599630355835,-4.658234119415283
1778674451.6391106,0.0,-2.1972618103027344,-0.6088736057281494,-5.800815105438232
1778674451.6741624,0.0,-2.285125494003296,0.06598003953695297,-6.064460754394531
1778674451.709235,0.0,-2.1972618103027344,-0.20002372562885284,-5.976569652557373
1778674451.7444468,0.0,-2.1972618103027344,-2.4905872344970703,-5.976569652557373
1778674451.779451,0.0,-2.1972618103027344,-2.4052774906158447,-5.625033378601074
1778674451.8147166,0.0,-2.285125494003296,-2.5872089862823486,-3.779325246810913
1778674451.8497953,0.0,-2.1972618103027344,-2.9776153564453125,-3.076197862625122
1778674451.8868318,0.0,-2.1972618103027344,-2.3105034828186035,-2.021507501602173
1778674451.9200835,0.0,-2.1972618103027344,3.5165882110595703,-1.9336165189743042
1778674451.9552295,0.0,-2.285125494003296,-0.08774120360612869,-2.109398365020752
1778674451.990458,0.0,-2.285125494003296,-1.4127604961395264,-2.3730709552764893
1778674452.0255125,0.0,-2.1972618103027344,-2.4488866329193115,-2.5488526821136475
1778674452.0605369,0.0,-2.285125494003296,1.2182694673538208,-2.3730709552764893
1778674452.0958805,0.0,-2.1972618103027344,1.6220570802688599,-2.4609618186950684
1778674452.1291227,0.0,-2.1972618103027344,2.611623525619507,-2.988306999206543
1778674452.164244,0.0,-2.1972618103027344,4.652519702911377,-5.361361026763916
1778674452.1992536,0.0,-2.1972618103027344,-0.05452742427587509,-7.998059272766113
1778674452.2343457,0.0,-2.1972618103027344,5.008380889892578,-8.789076805114746
1778674452.2713184,0.0,-2.1972618103027344,5.997598171234131,-9.404313087463379
1778674452.3047895,0.0,-2.285125494003296,1.923087477684021,-12.216821670532227
1778674452.339897,0.0,-2.1972618103027344,5.549698352813721,-14.150420188903809
1778674452.3749902,0.0,-2.285125494003296,5.2460551261901855,-15.293002128601074
1778674452.4099996,0.0,-2.285125494003296,3.5639936923980713,-16.08399200439453
1778674452.4447143,0.0,-2.1972618103027344,4.207974433898926,-16.08399200439453
1778674452.480397,0.0,-2.1972618103027344,5.959930896759033,-16.435556411743164
1778674452.5154164,0.0,-2.1972618103027344,6.497907638549805,-18.632827758789062
1778674452.5504682,0.0,-2.285125494003296,6.330039024353027,-20.56642723083496
1778674452.58378,0.0,-2.1972618103027344,5.627117156982422,-21.709007263183594
1778674452.6208236,0.0,-2.1972618103027344,6.527109146118164,-23.11526107788086
1778674452.6564593,0.0,-2.1972618103027344,3.9698359966278076,-24.345735549926758
1778674452.68929,0.0,-2.1972618103027344,3.0189170837402344,-24.257844924926758
1778674452.726242,0.0,-2.1972618103027344,3.3666419982910156,-24.257844924926758
1778674452.7615447,0.0,-2.1972618103027344,2.3092403411865234,-24.257844924926758
1778674452.796474,0.0,-2.1972618103027344,0.04193732514977455,-24.257844924926758
1778674452.8301373,0.0,-2.1972618103027344,-2.1714229583740234,-23.291044235229492
1778674452.8649151,0.0,-2.1972618103027344,-3.9758052825927734,-20.47853660583496
1778674452.9001572,0.0,-2.1972618103027344,-4.475350379943848,-16.875009536743164
1778674452.9350939,0.0,-2.1972618103027344,-4.448483467102051,-14.853547096252441
1778674452.970275,0.0,-2.1972618103027344,-3.218181848526001,-13.710967063903809
1778674453.0055552,0.0,-2.1972618103027344,-4.977157115936279,-12.83205795288086
1778674453.0407376,0.0,-2.285125494003296,-7.182337760925293,-10.986349105834961
1778674453.0738533,0.0,-2.1972618103027344,-6.972703456878662,-8.34962272644043
1778674453.1089637,0.0,-2.1972618103027344,-5.510159492492676,-6.2402424812316895
1778674453.146022,0.0,-2.1972618103027344,-4.943598747253418,-5.625033378601074
1778674453.1811845,0.0,-2.1972618103027344,-5.567974090576172,-5.0976881980896
1778674453.2144058,0.0,-2.1972618103027344,-5.796448707580566,-4.04299783706665
1778674453.2495463,0.0,-2.1972618103027344,-6.3980607986450195,-3.4277613162994385
1778674453.286572,0.0,-2.1972618103027344,-4.394907474517822,-1.3183804750442505
1778674453.3216531,0.0,-2.285125494003296,-1.0381689071655273,-1.1425986289978027
1778674453.3550818,0.0,-2.285125494003296,0.66869056224823,-1.4941622018814087
1778674453.389904,0.0,-2.285125494003296,4.9650959968566895,-3.2519795894622803
1778674453.4254193,0.0,-2.1972618103027344,2.431057929992676,-7.470714092254639
1778674453.4605188,0.0,-2.1972618103027344,3.991431713104248,-9.667985916137695
1778674453.495384,0.0,-2.1972618103027344,3.847109317779541,-11.77736759185791
1778674453.53047,0.0,-2.1972618103027344,1.5114984512329102,-12.656275749206543
1778674453.5638537,0.0,-2.285125494003296,3.341675281524658,-12.656275749206543
1778674453.598949,0.0,-2.1972618103027344,4.393494606018066,-13.710967063903809
1778674453.634051,0.0,-2.1972618103027344,1.623188853263855,-15.029329299926758
1778674453.6693938,0.0,-2.1972618103027344,2.809574842453003,-15.029329299926758
1778674453.7062967,0.0,-2.1972618103027344,-0.8176763653755188,-15.117220878601074
1778674453.7416,0.0,-2.1972618103027344,-0.01234733872115612,-15.117220878601074
1778674453.7745838,0.0,-2.285125494003296,-0.4456600546836853,-15.029329299926758
1778674453.8115568,0.0,-2.1972618103027344,1.6350139379501343,-14.238311767578125
1778674453.8452084,0.0,-2.1972618103027344,0.2483644336462021,-14.150420188903809
1778674453.8799555,0.0,-2.1972618103027344,1.1761912107467651,-14.238311767578125
1778674453.9152741,0.0,-2.285125494003296,-2.602729320526123,-14.238311767578125
1778674453.9503493,0.0,-2.1972618103027344,-3.0309858322143555,-14.150420188903809
1778674453.9854496,0.0,-2.1972618103027344,-5.093404293060303,-13.09572982788086
1778674454.0206964,0.0,-2.1972618103027344,-5.239958763122559,-9.755876541137695
1778674454.0539467,0.0,-2.285125494003296,-4.909637928009033,-7.031260013580322
1778674454.0889063,0.0,-2.1972618103027344,-3.726249933242798,-5.976569652557373
1778674454.1259375,0.0,-2.1972618103027344,-4.325831413269043,-4.921906471252441
1778674454.1593928,0.0,-2.1972618103027344,-0.9125494360923767,-4.218779563903809
1778674454.1943173,0.0,-2.1972618103027344,-1.7053077220916748,-4.394561290740967
1778674454.2311902,0.0,-2.1972618103027344,-3.840466260910034,-4.482452392578125
1778674454.2645783,0.0,-2.285125494003296,0.2816929221153259,-4.394561290740967
1778674454.2996926,0.0,-2.1972618103027344,1.8400294780731201,-4.482452392578125
1778674454.334946,0.0,-2.1972618103027344,1.5864747762680054,-5.273469924926758
1778674454.369911,0.0,-2.285125494003296,1.3271337747573853,-7.470714092254639
1778674454.4051566,0.0,-2.285125494003296,2.714141368865967,-7.646495819091797
1778674454.440242,0.0,-2.1972618103027344,4.393631935119629,-9.931658744812012
1778674454.4751427,0.0,-2.1972618103027344,5.306689739227295,-12.568385124206543
1778674454.5104036,0.0,-2.285125494003296,-1.8064955472946167,-14.941438674926758
1778674454.5456378,0.0,-2.1972618103027344,-0.12382818013429642,-15.380892753601074
1778674454.578771,0.0,-2.1972618103027344,-1.2425978183746338,-15.293002128601074
1778674454.613955,0.0,-2.1972618103027344,2.464132070541382,-14.765657424926758
1778674454.6491144,0.0,-2.1972618103027344,-0.009135449305176735,-14.589875221252441
1778674454.6858594,0.0,-2.1972618103027344,-0.013542682863771915,-13.974638938903809
1778674454.7192566,0.0,-2.1972618103027344,-0.2720370888710022,-13.535184860229492
1778674454.7543972,0.0,-2.1972618103027344,1.987404227256775,-12.480494499206543
1778674454.7913425,0.0,-2.285125494003296,0.007344529032707214,-12.480494499206543
1778674454.8245966,0.0,-2.1972618103027344,0.4007149040699005,-12.480494499206543
1778674454.8598557,0.0,-2.285125494003296,-3.267245292663574,-12.480494499206543
1778674454.894941,0.0,-2.1972618103027344,-2.517829179763794,-12.480494499206543
1778674454.9299436,0.0,-2.1972618103027344,0.4494585394859314,-11.250021934509277
1778674454.965313,0.0,-2.285125494003296,-4.295995235443115,-10.986349105834961
1778674455.0002358,0.0,-2.1972618103027344,-4.854369640350342,-9.667985916137695
1778674455.035516,0.0,-2.285125494003296,-2.789426565170288,-7.031260013580322
1778674455.0705552,0.0,-2.285125494003296,-2.5762171745300293,-5.712924480438232
1778674455.1040492,0.0,-2.1972618103027344,2.102473735809326,-5.273469924926758
1778674455.1406958,0.0,-2.285125494003296,-0.8705535531044006,-5.361361026763916
1778674455.176045,0.0,-2.1972618103027344,-3.135493278503418,-6.064460754394531
1778674455.2092326,0.0,-2.285125494003296,-2.8931033611297607,-6.152351379394531
1778674455.244307,0.0,-2.1972618103027344,-2.6167469024658203,-5.976569652557373
1778674455.2794611,0.0,-2.1972618103027344,2.244365692138672,-5.185579299926758
1778674455.3148882,0.0,-2.285125494003296,4.452752590179443,-4.834015846252441
1778674455.3497272,0.0,-2.1972618103027344,4.627394676208496,-5.0976881980896
1778674455.3847995,0.0,-2.1972618103027344,0.7606393098831177,-6.855478286743164
1778674455.420094,0.0,-2.1972618103027344,1.2456939220428467,-7.470714092254639
1778674455.4551506,0.0,-2.1972618103027344,1.776792287826538,-8.085949897766113
1778674455.4902782,0.0,-2.1972618103027344,1.2877219915390015,-9.140640258789062
1778674455.5253475,0.0,-2.1972618103027344,-4.709013938903809,-9.140640258789062
1778674455.5604947,0.0,-2.285125494003296,-2.9245758056640625,-9.140640258789062
1778674455.5939736,0.0,-2.285125494003296,1.58980131149292,-8.964859008789062
1778674455.631032,0.0,-2.285125494003296,2.57271409034729,-8.964859008789062
1778674455.6663034,0.0,-2.285125494003296,0.8922300934791565,-9.052749633789062
1778674455.6992667,0.0,-2.285125494003296,2.536947250366211,-9.052749633789062
1778674455.736028,0.0,-2.285125494003296,-2.4315707683563232,-10.283222198486328
1778674455.771292,0.0,-2.1972618103027344,-0.4915831983089447,-10.986349105834961
1778674455.8045158,0.0,-2.285125494003296,-2.3908684253692627,-10.986349105834961
1778674455.8398938,0.0,-2.1972618103027344,-2.4424383640289307,-10.634785652160645
1778674455.8748238,0.0,-2.285125494003296,3.5453219413757324,-8.525404930114746
1778674455.9098496,0.0,-2.285125494003296,4.586750507354736,-7.998059272766113
1778674455.944956,0.0,-2.1972618103027344,4.169188499450684,-8.085949897766113
1778674455.9800982,0.0,-2.1972618103027344,4.2666401863098145,-9.052749633789062
1778674456.015245,0.0,-2.1972618103027344,1.2366608381271362,-11.95314884185791
1778674456.050414,0.0,-2.285125494003296,2.792428970336914,-12.91994857788086
1778674456.0874603,0.0,-2.1972618103027344,2.986213445663452,-13.359403610229492
1778674456.1209996,0.0,-2.285125494003296,4.46048641204834,-14.677765846252441
1778674456.1540885,0.0,-2.1972618103027344,1.7656869888305664,-16.347665786743164
1778674456.1890883,0.0,-2.1972618103027344,-1.6552904844284058,-16.435556411743164
1778674456.224142,0.0,-2.1972618103027344,-4.450647354125977,-16.435556411743164
1778674456.2594795,0.0,-2.1972618103027344,-4.409475803375244,-14.677765846252441
1778674456.2945707,0.0,-2.1972618103027344,-4.944275856018066,-11.074240684509277
1778674456.3296082,0.0,-2.1972618103027344,-0.4752480089664459,-8.085949897766113
1778674456.3647082,0.0,-2.1972618103027344,0.6681297421455383,-7.207041263580322
1778674456.3997703,0.0,-2.285125494003296,6.523462295532227,-7.1191511154174805
1778674456.4347928,0.0,-2.1972618103027344,5.842456340789795,-7.470714092254639
1778674456.469942,0.0,-2.285125494003296,5.738276958465576,-10.019549369812012
1778674456.5055737,0.0,-2.285125494003296,4.101263046264648,-14.501983642578125
1778674456.5405478,0.0,-2.285125494003296,-0.0033588423393666744,-16.611337661743164
1778674456.5755677,0.0,-2.1972618103027344,-0.44108396768569946,-16.787120819091797
1778674456.610831,0.0,-2.1972618103027344,0.11192868649959564,-16.699228286743164
1778674456.6440969,0.0,-2.1972618103027344,2.7729196548461914,-16.435556411743164
1778674456.6808965,0.0,-2.285125494003296,-2.302520513534546,-16.435556411743164
1778674456.7142,0.0,-2.1972618103027344,-1.6775537729263306,-16.347665786743164
1778674456.7511249,0.0,-2.1972618103027344,-1.8042006492614746,-14.501983642578125
1778674456.7864053,0.0,-2.1972618103027344,-1.236034631729126,-13.447293281555176
1778674456.8197064,0.0,-2.1972618103027344,-3.775251626968384,-12.91994857788086
1778674456.8547938,0.0,-2.1972618103027344,-2.3321988582611084,-11.865257263183594
1778674456.891624,0.0,-2.1972618103027344,1.0005128383636475,-11.074240684509277
1778674456.9250076,0.0,-2.1972618103027344,1.0005128383636475,-10.986349105834961
1778674456.9601412,0.0,-2.1972618103027344,-2.856905698776245,-11.074240684509277
1778674456.9952908,0.0,-2.1972618103027344,-3.54880952835083,-11.074240684509277
1778674457.0305157,0.0,-2.1972618103027344,-4.6901679039001465,-10.195331573486328
1778674457.0637028,0.0,-2.1972618103027344,-2.155205726623535,-7.998059272766113
1778674457.0988371,0.0,-2.1972618103027344,-0.4049640893936157,-6.591805934906006
1778674457.1338587,0.0,-2.1972618103027344,0.8091661930084229,-6.679696559906006
1778674457.1709342,0.0,-2.1972618103027344,3.3295137882232666,-7.031260013580322
1778674457.2059522,0.0,-2.1972618103027344,2.6037561893463135,-8.964859008789062
1778674457.2393672,0.0,-2.1972618103027344,3.2041587829589844,-11.250021934509277
1778674457.2763069,0.0,-2.1972618103027344,0.4281308054924011,-12.656275749206543
1778674457.3097,0.0,-2.1972618103027344,-1.5978988409042358,-12.656275749206543
1778674457.3448484,0.0,-2.1972618103027344,-0.44412505626678467,-12.568385124206543
1778674457.3798964,0.0,-2.1972618103027344,-3.12209415435791,-12.128931045532227
1778674457.4152222,0.0,-2.1972618103027344,-3.9586710929870605,-11.601585388183594
1778674457.4500751,0.0,-2.1972618103027344,-2.788560390472412,-9.052749633789062
1778674457.4870381,0.0,-2.285125494003296,0.13217972218990326,-7.734386444091797
1778674457.520468,0.0,-2.1972618103027344,-3.5029404163360596,-7.734386444091797
1778674457.5537312,0.0,-2.285125494003296,-2.051689624786377,-7.646495819091797
1778674457.5889297,0.0,-2.1972618103027344,1.9049116373062134,-7.2949323654174805
1778674457.625916,0.0,-2.1972618103027344,3.238597869873047,-7.3828229904174805
1778674457.659361,0.0,-2.285125494003296,0.7353429198265076,-7.910168170928955
1778674457.6944928,0.0,-2.1972618103027344,0.21519756317138672,-8.613295555114746
1778674457.7295587,0.0,-2.1972618103027344,0.3398221731185913,-8.613295555114746
1778674457.7646787,0.0,-2.285125494003296,-1.8871574401855469,-8.701186180114746
1778674457.8016016,0.0,-2.285125494003296,1.4256445169448853,-8.701186180114746
1778674457.8347735,0.0,-2.285125494003296,-1.8828181028366089,-8.701186180114746
1778674457.8700006,0.0,-2.1972618103027344,-0.9844709634780884,-8.613295555114746
1778674457.905035,0.0,-2.1972618103027344,-3.0597872734069824,-8.613295555114746
1778674457.9401739,0.0,-2.1972618103027344,-0.15048126876354218,-7.207041263580322
1778674457.975409,0.0,-2.1972618103027344,-2.5052223205566406,-6.3281331062316895
1778674458.0104795,0.0,-2.285125494003296,-0.6861720681190491,-5.800815105438232
1778674458.0456705,0.0,-2.285125494003296,-0.6450495719909668,-5.625033378601074
1778674458.0791073,0.0,-2.1972618103027344,2.719452381134033,-5.888679027557373
1778674458.1139708,0.0,-2.1972618103027344,0.32425642013549805,-7.3828229904174805
1778674458.151103,0.0,-2.285125494003296,4.003054618835449,-7.734386444091797
1778674458.1843255,0.0,-2.1972618103027344,4.899197101593018,-9.052749633789062
1778674458.2193813,0.0,-2.285125494003296,5.0661211013793945,-12.216821670532227
1778674458.2563035,0.0,-2.285125494003296,0.7162798047065735,-14.326202392578125
1778674458.2934713,0.0,-2.285125494003296,-3.985018014907837,-14.326202392578125
1778674458.325002,0.0,-2.1972618103027344,-5.0426130294799805,-14.326202392578125
1778674458.3600965,0.0,-2.285125494003296,-4.926682949066162,-12.304712295532227
1778674458.3951712,0.0,-2.285125494003296,-5.014623165130615,-8.613295555114746
1778674458.430115,0.0,-2.285125494003296,-4.832484245300293,-5.888679027557373
1778674458.4651432,0.0,-2.1972618103027344,-6.662332534790039,-3.867216110229492
1778674458.5004008,0.0,-2.1972618103027344,-6.743797779083252,-0.8789260387420654
1778674458.5355928,0.0,-2.1972618103027344,-6.407445430755615,0.7031096816062927
1778674458.5704017,0.0,-2.1972618103027344,-6.585270404815674,2.021472692489624
1778674458.6055834,0.0,-2.285125494003296,-5.959640979766846,3.1640541553497314
1778674458.6408486,0.0,-2.1972618103027344,-4.981122016906738,4.306607723236084
1778674458.6758134,0.0,-2.1972618103027344,-4.716073036193848,4.5702805519104
1778674458.7091215,0.0,-2.1972618103027344,-1.9647529125213623,4.6581711769104
1778674458.74407,0.0,-2.1972618103027344,1.1960088014602661,4.5702805519104
1778674458.7789767,0.0,-2.285125494003296,3.6706197261810303,4.042935371398926
1778674458.8140638,0.0,-2.1972618103027344,-0.8379289507865906,1.230454921722412
1778674458.8491287,0.0,-2.285125494003296,0.6433109045028687,-0.5273625254631042
1778674458.8863368,0.0,-2.1972618103027344,2.080432176589966,-0.6152534484863281
1778674458.9195056,0.0,-2.1972618103027344,2.331770420074463,-1.9336165189743042
1778674458.9564166,0.0,-2.285125494003296,5.222107410430908,-3.2519795894622803
1778674458.989723,0.0,-2.285125494003296,3.1987104415893555,-5.976569652557373
1778674459.0248885,0.0,-2.285125494003296,4.256492614746094,-6.943369388580322
1778674459.0599616,0.0,-2.1972618103027344,5.905834674835205,-7.3828229904174805
1778674459.0951676,0.0,-2.1972618103027344,5.519733428955078,-10.107439994812012
1778674459.1302469,0.0,-2.1972618103027344,5.060781002044678,-11.250021934509277
1778674459.1652932,0.0,-2.285125494003296,0.6567941904067993,-11.513693809509277
1778674459.2008018,0.0,-2.285125494003296,-1.014547348022461,-11.513693809509277
1778674459.235646,0.0,-2.1972618103027344,-0.2828672528266907,-11.425804138183594
1778674459.2690108,0.0,-2.285125494003296,0.48565638065338135,-10.722677230834961
1778674459.304041,0.0,-2.285125494003296,-2.215641736984253,-9.755876541137695
1778674459.3393142,0.0,-2.1972618103027344,-4.104876518249512,-8.613295555114746
1778674459.3743246,0.0,-2.1972618103027344,-4.085169315338135,-5.888679027557373
1778674459.4095201,0.0,-2.285125494003296,-2.2805817127227783,-3.5156521797180176
1778674459.4440167,0.0,-2.1972618103027344,0.19125957787036896,-3.2519795894622803
1778674459.4792123,0.0,-2.285125494003296,0.090944804251194,-3.4277613162994385
1778674459.5147626,0.0,-2.1972618103027344,3.4260780811309814,-4.04299783706665
1778674459.5499241,0.0,-2.285125494003296,2.188056468963623,-5.361361026763916
1778674459.5852942,0.0,-2.1972618103027344,1.1485180854797363,-7.031260013580322
1778674459.6206675,0.0,-2.1972618103027344,1.900967001914978,-7.031260013580322
1778674459.6554837,0.0,-2.1972618103027344,-0.12762437760829926,-7.734386444091797
1778674459.6928089,0.0,-2.285125494003296,-0.26020875573158264,-7.646495819091797
1778674459.726051,0.0,-2.285125494003296,-4.380253314971924,-7.470714092254639
1778674459.7594109,0.0,-2.1972618103027344,-3.7539477348327637,-5.449251651763916
1778674459.7959251,0.0,-2.285125494003296,-0.8865237236022949,-2.900416135787964
1778674459.8313816,0.0,-2.1972618103027344,-2.63108491897583,-2.197289228439331
1778674459.8644469,0.0,-2.285125494003296,-1.1569560766220093,-1.9336165189743042
1778674459.9014037,0.0,-2.285125494003296,1.404036521911621,-1.9336165189743042
1778674459.9347627,0.0,-2.1972618103027344,0.861484944820404,-2.28518009185791
1778674459.9699275,0.0,-2.1972618103027344,1.996988296508789,-4.13088846206665
1778674460.004907,0.0,-2.285125494003296,-1.7476381063461304,-4.834015846252441
1778674460.0402524,0.0,-2.285125494003296,-2.764373779296875,-4.921906471252441
1778674460.0751262,0.0,-2.285125494003296,1.8255919218063354,-4.658234119415283
1778674460.1101818,0.0,-2.285125494003296,-0.5542406439781189,-4.746124744415283
1778674460.1454859,0.0,-2.1972618103027344,-0.5589206218719482,-4.658234119415283
1778674460.1786964,0.0,-2.1972618103027344,-3.891463279724121,-4.570343017578125
1778674460.2138066,0.0,-2.1972618103027344,-1.72182035446167,-4.13088846206665
1778674460.2491124,0.0,-2.285125494003296,-1.747589349746704,-3.2519795894622803
1778674460.2839906,0.0,-2.1972618103027344,-1.0295345783233643,-2.900416135787964
1778674460.319073,0.0,-2.285125494003296,1.2281852960586548,-2.5488526821136475
1778674460.354243,0.0,-2.1972618103027344,3.433384418487549,-2.8125252723693848
1778674460.3912535,0.0,-2.1972618103027344,2.452665090560913,-5.0097975730896
1778674460.4264,0.0,-2.285125494003296,1.3368760347366333,-6.064460754394531
1778674460.461625,0.0,-2.285125494003296,2.5835506916046143,-6.064460754394531
1778674460.4952068,0.0,-2.1972618103027344,0.762800931930542,-6.855478286743164
1778674460.530052,0.0,-2.1972618103027344,1.8243151903152466,-6.855478286743164
1778674460.565159,0.0,-2.1972618103027344,6.515917778015137,-6.943369388580322
1778674460.6002326,0.0,-2.1972618103027344,6.5773396492004395,-9.316422462463379
1778674460.6355612,0.0,-2.1972618103027344,6.462198734283447,-12.744166374206543
1778674460.6706982,0.0,-2.285125494003296,5.7798967361450195,-14.589875221252441
1778674460.7059417,0.0,-2.1972618103027344,4.231943130493164,-15.644537925720215
1778674460.7408037,0.0,-2.1972618103027344,5.359248161315918,-15.996101379394531
1778674460.7758994,0.0,-2.1972618103027344,4.079080104827881,-16.611337661743164
1778674460.811169,0.0,-2.1972618103027344,3.974382162094116,-17.050792694091797
1778674460.8442173,0.0,-2.285125494003296,5.9527130126953125,-17.314464569091797
1778674460.8813164,0.0,-2.285125494003296,4.840656280517578,-19.423845291137695
1778674460.9163713,0.0,-2.285125494003296,4.4086503982543945,-20.12697410583496
1778674460.9498289,0.0,-2.1972618103027344,0.9387891888618469,-20.56642723083496
1778674460.9849615,0.0,-2.1972618103027344,2.8142240047454834,-20.830101013183594
1778674461.020015,0.0,-2.1972618103027344,4.369190216064453,-20.830101013183594
1778674461.0552108,0.0,-2.1972618103027344,3.646507978439331,-21.093772888183594
1778674461.0923166,0.0,-2.1972618103027344,2.619142770767212,-21.533227920532227
1778674461.1253576,0.0,-2.285125494003296,1.7870509624481201,-21.533227920532227
1778674461.1604893,0.0,-2.1972618103027344,4.71355676651001,-21.445337295532227
1778674461.1956522,0.0,-2.1972618103027344,5.756556987762451,-21.533227920532227
1778674461.2306604,0.0,-2.1972618103027344,5.476579666137695,-23.642608642578125
1778674461.2642634,0.0,-2.1972618103027344,6.026912212371826,-25.751962661743164
1778674461.2989671,0.0,-2.1972618103027344,2.631019353866577,-27.68556022644043
1778674461.3340118,0.0,-2.1972618103027344,6.411332607269287,-27.949234008789062
1778674461.3709624,0.0,-2.285125494003296,7.153245449066162,-29.531269073486328
1778674461.4044907,0.0,-2.1972618103027344,7.737050533294678,-32.25588607788086
1778674461.441269,0.0,-2.285125494003296,7.783670425415039,-35.15625762939453
1778674461.4741805,0.0,-2.285125494003296,7.832544326782227,-37.17774963378906
1778674461.5094063,0.0,-2.285125494003296,7.6922407150268555,-38.93556594848633
1778674461.5463197,0.0,-2.285125494003296,6.847801685333252,-40.341819763183594
1778674461.579706,0.0,-2.1972618103027344,6.247076511383057,-41.220726013183594
1778674461.614862,0.0,-2.285125494003296,3.562349796295166,-41.57229232788086
1778674461.650196,0.0,-2.1972618103027344,2.103508234024048,-41.57229232788086
1778674461.6852515,0.0,-2.1972618103027344,2.815321445465088,-41.57229232788086
1778674461.72031,0.0,-2.285125494003296,3.1015448570251465,-41.57229232788086
1778674461.7552707,0.0,-2.1972618103027344,-0.9640123248100281,-41.57229232788086
1778674461.7904003,0.0,-2.285125494003296,-3.882368326187134,-41.57229232788086
1778674461.8255007,0.0,-2.1972618103027344,-5.252686500549316,-39.46290969848633
1778674461.8591728,0.0,-2.1972618103027344,-4.908407211303711,-35.33203887939453
1778674461.8939047,0.0,-2.1972618103027344,-4.315341949462891,-31.992212295532227
1778674461.9289734,0.0,-2.1972618103027344,-5.826979160308838,-30.322288513183594
1778674461.9641151,0.0,-2.1972618103027344,-5.84995698928833,-28.916034698486328
1778674461.9989367,0.0,-2.1972618103027344,-3.906294822692871,-26.455089569091797
1778674462.0342255,0.0,-2.285125494003296,-4.854485034942627,-25.92774200439453
1778674462.0692112,0.0,-2.1972618103027344,-3.5321826934814453,-24.609407424926758
1778674462.1044743,0.0,-2.1972618103027344,-4.954281330108643,-24.521514892578125
1778674462.1413774,0.0,-2.1972618103027344,-2.621168375015259,-23.994171142578125
1778674462.1766803,0.0,-2.1972618103027344,-4.323605537414551,-23.554718017578125
1778674462.2098653,0.0,-2.1972618103027344,-3.5848467350006104,-22.76369857788086
1778674462.2452135,0.0,-2.1972618103027344,-4.131811618804932,-22.50002670288086
1778674462.2800803,0.0,-2.1972618103027344,-3.4003190994262695,-22.23635482788086
1778674462.3153262,0.0,-2.1972618103027344,-3.991954803466797,-21.796899795532227
1778674462.3502345,0.0,-2.1972618103027344,-0.6360725164413452,-20.47853660583496
1778674462.3854172,0.0,-2.1972618103027344,-2.595423698425293,-20.47853660583496
1778674462.4205441,0.0,-2.1972618103027344,1.168595552444458,-20.47853660583496
1778674462.4542124,0.0,-2.1972618103027344,-3.9791975021362305,-20.47853660583496
1778674462.4907908,0.0,-2.1972618103027344,-4.691356658935547,-20.47853660583496
1778674462.526071,0.0,-2.1972618103027344,-5.555540561676025,-20.30275535583496
1778674462.5592802,0.0,-2.1972618103027344,-5.903191089630127,-17.402355194091797
1778674462.594503,0.0,-2.1972618103027344,-5.454563140869141,-15.029329299926758
1778674462.6315567,0.0,-2.1972618103027344,-5.275548458099365,-13.974638938903809
1778674462.6648004,0.0,-2.1972618103027344,-2.5363824367523193,-12.392602920532227
1778674462.6999998,0.0,-2.1972618103027344,-3.125654697418213,-11.77736759185791
1778674462.7349312,0.0,-2.1972618103027344,-3.513033866882324,-11.865257263183594
1778674462.7701952,0.0,-2.1972618103027344,-3.241448402404785,-11.865257263183594
1778674462.8050895,0.0,-2.1972618103027344,-4.915796279907227,-11.865257263183594
1778674462.840251,0.0,-2.1972618103027344,-4.372752666473389,-10.459003448486328
1778674462.8754191,0.0,-2.1972618103027344,-1.6298894882202148,-9.492203712463379
1778674462.9107306,0.0,-2.1972618103027344,-1.357399582862854,-9.492203712463379
1778674462.9458654,0.0,-2.1972618103027344,-4.0958404541015625,-9.667985916137695
1778674462.9810843,0.0,-2.1972618103027344,-2.502078056335449,-9.667985916137695
1778674463.0143957,0.0,-2.1972618103027344,-2.4008381366729736,-9.580095291137695
1778674463.049161,0.0,-2.1972618103027344,0.2779539227485657,-9.404313087463379
1778674463.0842917,0.0,-2.1972618103027344,-4.060540676116943,-9.316422462463379
1778674463.1213078,0.0,-2.1972618103027344,-3.0466527938842773,-9.316422462463379
1778674463.1565573,0.0,-2.1972618103027344,-6.676702976226807,-8.701186180114746
1778674463.1897907,0.0,-2.1972618103027344,-6.467783451080322,-6.3281331062316895
1778674463.225046,0.0,-2.285125494003296,-5.306275367736816,-3.4277613162994385
1778674463.260154,0.0,-2.1972618103027344,-6.044502258300781,-1.4941622018814087
1778674463.2969682,0.0,-2.1972618103027344,-4.033341884613037,-0.6152534484863281
1778674463.3306,0.0,-2.285125494003296,-1.6299878358840942,-0.6152534484863281
1778674463.3654015,0.0,-2.285125494003296,0.3396676182746887,-0.7910351753234863
1778674463.3988686,0.0,-2.1972618103027344,-2.068565845489502,-1.9336165189743042
1778674463.4359684,0.0,-2.285125494003296,-1.399519920349121,-2.3730709552764893
1778674463.471033,0.0,-2.285125494003296,-0.7399634718894958,-2.3730709552764893
1778674463.5040917,0.0,-2.285125494003296,0.7577108144760132,-2.7246344089508057
1778674463.5392056,0.0,-2.1972618103027344,2.0905134677886963,-4.13088846206665
1778674463.5761383,0.0,-2.285125494003296,-0.24280330538749695,-5.273469924926758
1778674463.6116116,0.0,-2.1972618103027344,1.5996211767196655,-5.185579299926758
1778674463.6448195,0.0,-2.285125494003296,-0.5934606790542603,-5.185579299926758
1778674463.6798894,0.0,-2.285125494003296,4.614409446716309,-5.185579299926758
1778674463.7151368,0.0,-2.285125494003296,4.981842994689941,-5.273469924926758
1778674463.750178,0.0,-2.285125494003296,5.57937479019165,-7.646495819091797
1778674463.785304,0.0,-2.285125494003296,4.479182243347168,-10.546895027160645
1778674463.8204687,0.0,-2.1972618103027344,-1.0325133800506592,-11.601585388183594
1778674463.8554184,0.0,-2.1972618103027344,1.3220070600509644,-11.601585388183594
1778674463.892468,0.0,-2.1972618103027344,-2.087315797805786,-11.601585388183594
1778674463.925906,0.0,-2.1972618103027344,-1.2659215927124023,-9.492203712463379
1778674463.9590814,0.0,-2.1972618103027344,-1.8689460754394531,-8.525404930114746
1778674463.9960663,0.0,-2.1972618103027344,-1.0516666173934937,-6.767587661743164
1778674464.0313306,0.0,-2.1972618103027344,1.4360952377319336,-6.591805934906006
1778674464.0664186,0.0,-2.1972618103027344,0.9487000107765198,-6.855478286743164
1778674464.1015468,0.0,-2.1972618103027344,4.986433029174805,-7.207041263580322
1778674464.134954,0.0,-2.285125494003296,6.467081546783447,-9.492203712463379
1778674464.17006,0.0,-2.285125494003296,5.708140850067139,-13.271512031555176
1778674464.2051628,0.0,-2.1972618103027344,5.414759159088135,-15.205110549926758
1778674464.2400289,0.0,-2.285125494003296,6.4242753982543945,-16.962902069091797
1778674464.2754462,0.0,-2.1972618103027344,5.573526859283447,-18.984390258789062
1778674464.3104186,0.0,-2.285125494003296,5.774533748626709,-19.599628448486328
1778674464.3454628,0.0,-2.285125494003296,5.832724571228027,-21.533227920532227
1778674464.380587,0.0,-2.285125494003296,6.714658737182617,-22.58791732788086
1778674464.4156697,0.0,-2.1972618103027344,5.988314628601074,-24.257844924926758
1778674464.4490054,0.0,-2.285125494003296,5.084144592285156,-24.345735549926758
1778674464.4861898,0.0,-2.285125494003296,4.007590293884277,-24.96097183227539
1778674464.5189476,0.0,-2.1972618103027344,2.4763312339782715,-25.312536239624023
1778674464.5544002,0.0,-2.285125494003296,0.6529027223587036,-25.224641799926758
1778674464.5896018,0.0,-2.285125494003296,-0.75869220495224,-24.521514892578125
1778674464.624664,0.0,-2.1972618103027344,-1.2192459106445312,-22.67580795288086
1778674464.6599557,0.0,-2.1972618103027344,-4.358054161071777,-21.709007263183594
1778674464.6968992,0.0,-2.1972618103027344,-5.2201080322265625,-18.632827758789062
1778674464.730312,0.0,-2.1972618103027344,-5.436759948730469,-15.029329299926758
1778674464.7653313,0.0,-2.1972618103027344,-6.075516223907471,-12.83205795288086
1778674464.8003314,0.0,-2.1972618103027344,-1.7003567218780518,-10.634785652160645
1778674464.8354993,0.0,-2.1972618103027344,-1.5489188432693481,-10.019549369812012
1778674464.8689048,0.0,-2.1972618103027344,-1.6796092987060547,-10.019549369812012
1778674464.905684,0.0,-2.1972618103027344,-5.209865093231201,-10.371113777160645
1778674464.9411094,0.0,-2.1972618103027344,-4.131791591644287,-10.371113777160645
1778674464.9742088,0.0,-2.1972618103027344,-3.395019054412842,-10.195331573486328
1778674465.0111308,0.0,-2.1972618103027344,-3.5973010063171387,-9.228531837463379
1778674465.0462248,0.0,-2.1972618103027344,-4.8244428634643555,-8.876968383789062
1778674465.0814874,0.0,-2.285125494003296,-3.65417742729187,-7.734386444091797
1778674465.114595,0.0,-2.1972618103027344,-2.133206605911255,-6.767587661743164
1778674465.149987,0.0,-2.285125494003296,-4.451983451843262,-6.767587661743164
1778674465.1851692,0.0,-2.285125494003296,-5.130955696105957,-6.503914833068848
1778674465.2202406,0.0,-2.285125494003296,-4.654422760009766,-4.834015846252441
1778674465.2551556,0.0,-2.1972618103027344,-3.4884426593780518,-3.867216110229492
1778674465.2922072,0.0,-2.1972618103027344,-4.255947589874268,-3.603543519973755
1778674465.325559,0.0,-2.1972618103027344,-6.195919990539551,-2.4609618186950684
1778674465.359056,0.0,-2.1972618103027344,-5.2160868644714355,-0.5273625254631042
1778674465.3940337,0.0,-2.1972618103027344,-5.4112162590026855,0.26365530490875244
1778674465.4307075,0.0,-2.1972618103027344,-3.817925453186035,1.4941275119781494
1778674465.4657733,0.0,-2.1972618103027344,-3.7775259017944336,2.1093637943267822
1778674465.5010316,0.0,-2.1972618103027344,-5.467594146728516,2.1093637943267822
1778674465.5359437,0.0,-2.1972618103027344,-4.586099147796631,2.812490701675415
1778674465.5691924,0.0,-2.1972618103027344,-0.34173333644866943,3.3398358821868896
1778674465.605917,0.0,-2.285125494003296,-3.326401948928833,3.3398358821868896
1778674465.6384556,0.0,-2.1972618103027344,-3.009291887283325,3.603508234024048
1778674465.6744177,0.0,-2.1972618103027344,-1.7092475891113281,3.691399097442627
1778674465.7090838,0.0,-2.1972618103027344,-0.9316944479942322,3.515617609024048
1778674465.7441719,0.0,-2.285125494003296,0.23272699117660522,3.2519450187683105
1778674465.779322,0.0,-2.285125494003296,0.8056537508964539,2.636708974838257
1778674465.8144112,0.0,-2.1972618103027344,-2.1515817642211914,1.6699093580245972
1778674465.8515,0.0,-2.285125494003296,-0.1019090861082077,1.7578002214431763
1778674465.8865545,0.0,-2.285125494003296,0.05231224372982979,1.6699093580245972
1778674465.9218578,0.0,-2.285125494003296,1.0349253416061401,1.6699093580245972
1778674465.9548678,0.0,-2.1972618103027344,4.888712406158447,0.7031096816062927
1778674465.9901686,0.0,-2.285125494003296,2.339754581451416,-1.0547077655792236
1778674466.0249705,0.0,-2.1972618103027344,-1.4858372211456299,-1.845725655555725
1778674466.0604777,0.0,-2.285125494003296,-1.211790680885315,-1.669943928718567
1778674466.0973349,0.0,-2.1972618103027344,-1.7142424583435059,-0.6152534484863281
1778674466.1306684,0.0,-2.1972618103027344,-3.077488660812378,0.26365530490875244
1778674466.1655016,0.0,-2.1972618103027344,-6.311309337615967,2.1093637943267822
1778674466.198843,0.0,-2.285125494003296,-6.221806049346924,5.273407459259033
1778674466.2359424,0.0,-2.1972618103027344,-4.628532886505127,7.558570861816406
1778674466.2710083,0.0,-2.1972618103027344,-4.690738677978516,8.613261222839355
1778674466.3061712,0.0,-2.1972618103027344,-5.294962406158447,9.492170333862305
1778674466.3391502,0.0,-2.1972618103027344,-3.709653854370117,10.107406616210938
1778674466.3760774,0.0,-2.1972618103027344,-2.381727933883667,10.195296287536621
1778674466.4097106,0.0,-2.1972618103027344,2.083591938018799,9.931624412536621
1778674466.444822,0.0,-2.1972618103027344,0.9971357583999634,9.580060958862305
1778674466.479796,0.0,-2.1972618103027344,-0.4545149505138397,7.6464619636535645
1778674466.5168366,0.0,-2.1972618103027344,-1.6839861869812012,7.031225204467773
1778674466.5498211,0.0,-2.1972618103027344,-4.468776702880859,7.119115829467773
1778674466.5847263,0.0,-2.1972618103027344,-5.870501518249512,7.910134315490723
1778674466.6200006,0.0,-2.1972618103027344,-4.622513771057129,10.634751319885254
1778674466.6551306,0.0,-2.1972618103027344,-6.518638610839844,12.12889575958252
1778674466.6902175,0.0,-2.1972618103027344,-6.899346828460693,14.326140403747559
1778674466.7252603,0.0,-2.285125494003296,-5.7880401611328125,16.611303329467773
1778674466.760686,0.0,-2.1972618103027344,-5.9600629806518555,16.962865829467773
1778674466.7956007,0.0,-2.1972618103027344,-6.403513431549072,18.632793426513672
1778674466.8309515,0.0,-2.1972618103027344,-5.985001087188721,19.511701583862305
1778674466.8660474,0.0,-2.1972618103027344,-5.841118335723877,21.09373664855957
1778674466.899327,0.0,-2.1972618103027344,-2.7126777172088623,21.884756088256836
1778674466.9360323,0.0,-2.1972618103027344,-4.186054706573486,21.884756088256836
1778674466.969409,0.0,-2.1972618103027344,-5.703518867492676,21.884756088256836
1778674467.006758,0.0,-2.1972618103027344,-6.272254467010498,22.9394474029541
1778674467.0416377,0.0,-2.1972618103027344,-7.32025671005249,24.960908889770508
1778674467.0752318,0.0,-2.1972618103027344,-5.984217166900635,27.24607276916504
1778674467.1102438,0.0,-2.1972618103027344,-5.994441986083984,28.476543426513672
1778674467.1453135,0.0,-2.1972618103027344,-4.392797946929932,29.443344116210938
1778674467.1800337,0.0,-2.1972618103027344,-5.986727714538574,29.531234741210938
1778674467.2151377,0.0,-2.1972618103027344,-5.513129234313965,29.882797241210938
1778674467.250646,0.0,-2.1972618103027344,-5.105327129364014,31.289051055908203
1778674467.2854927,0.0,-2.285125494003296,-5.806957244873047,31.552724838256836
1778674467.3209102,0.0,-2.1972618103027344,-7.030596733093262,33.22262191772461
1778674467.355964,0.0,-2.1972618103027344,-6.630660057067871,36.03512954711914
1778674467.3892298,0.0,-2.1972618103027344,-5.002931594848633,36.914039611816406
1778674467.4240775,0.0,-2.1972618103027344,-5.152314186096191,37.089820861816406
1778674467.458978,0.0,-2.1972618103027344,-5.5272440910339355,37.61716842651367
1778674467.4959579,0.0,-2.1972618103027344,-4.791199207305908,39.55076599121094
1778674467.531269,0.0,-2.1972618103027344,-6.589268207550049,39.81443786621094
1778674467.5641274,0.0,-2.285125494003296,-5.9501824378967285,40.86913299560547
1778674467.601086,0.0,-2.1972618103027344,-4.570390701293945,42.18749237060547
1778674467.6345372,0.0,-2.1972618103027344,-5.444579124450684,42.275386810302734
1778674467.6712844,0.0,-2.1972618103027344,-5.444985389709473,43.593719482421875
1778674467.7064042,0.0,-2.1972618103027344,-6.376102924346924,45.43942642211914
1778674467.7400012,0.0,-2.1972618103027344,-4.617785930633545,47.19724655151367
1778674467.7748983,0.0,-2.1972618103027344,-2.710038185119629,47.900360107421875
1778674467.809964,0.0,-2.1972618103027344,-4.251898288726807,47.63668441772461
1778674467.8450656,0.0,-2.1972618103027344,-3.03665828704834,47.724578857421875
1778674467.880146,0.0,-2.1972618103027344,-4.13974142074585,47.724578857421875
1778674467.9154565,0.0,-2.1972618103027344,-3.5571985244750977,47.900360107421875
1778674467.9505258,0.0,-2.285125494003296,-0.236612468957901,48.42770004272461
1778674467.9855807,0.0,-2.1972618103027344,1.1081011295318604,48.339813232421875
1778674468.0208676,0.0,-2.1972618103027344,1.3147708177566528,47.988250732421875
1778674468.056023,0.0,-2.285125494003296,4.564327239990234,46.494117736816406
1778674468.0909226,0.0,-2.1972618103027344,0.8607831001281738,42.714839935302734
1778674468.1242437,0.0,-2.1972618103027344,2.740023136138916,41.2206916809082
1778674468.160604,0.0,-2.1972618103027344,2.957324266433716,40.7812385559082
1778674468.1938922,0.0,-2.1972618103027344,4.045947074890137,40.0781135559082
1778674468.2293887,0.0,-2.1972618103027344,2.541761636734009,39.37498474121094
1778674468.266296,0.0,-2.1972618103027344,2.1378042697906494,39.02342224121094
1778674468.2995667,0.0,-2.1972618103027344,1.7403053045272827,39.02342224121094
1778674468.3369548,0.0,-2.1972618103027344,-0.6274093389511108,39.02342224121094
1778674468.3697186,0.0,-2.285125494003296,-1.9710863828659058,39.28709411621094
1778674468.4046602,0.0,-2.1972618103027344,-3.081294059753418,41.04491424560547
1778674468.439811,0.0,-2.1972618103027344,-1.4755736589431763,43.505828857421875
1778674468.4749808,0.0,-2.1972618103027344,-2.0400924682617188,44.20895767211914
1778674468.510102,0.0,-2.1972618103027344,3.918194055557251,44.64841079711914
1778674468.545111,0.0,-2.1972618103027344,-0.7058370113372803,44.56052017211914
1778674468.5802476,0.0,-2.1972618103027344,-2.469099998474121,44.56052017211914
1778674468.615514,0.0,-2.1972618103027344,-1.5492953062057495,44.64841079711914
1778674468.6506581,0.0,-2.1972618103027344,-2.83705472946167,44.99997329711914
1778674468.6858122,0.0,-2.1972618103027344,-3.2521464824676514,46.318336486816406
1778674468.7208867,0.0,-2.1972618103027344,-3.5068092346191406,47.63668441772461
1778674468.7559185,0.0,-2.1972618103027344,-3.7132568359375,48.86715316772461
1778674468.7911363,0.0,-2.1972618103027344,-5.162161827087402,49.833953857421875
1778674468.8263834,0.0,-2.1972618103027344,-5.2221174240112305,51.767547607421875
1778674468.8613691,0.0,-2.1972618103027344,-0.03587131202220917,53.43746566772461
1778674468.896605,0.0,-2.1972618103027344,-3.417724609375,53.61324691772461
1778674468.929859,0.0,-2.1972618103027344,-2.106572389602661,53.701141357421875
1778674468.9650652,0.0,-2.1972618103027344,1.2913053035736084,53.61324691772461
1778674468.999957,0.0,-2.1972618103027344,1.2604494094848633,53.261688232421875
1778674469.0352287,0.0,-2.1972618103027344,3.1823782920837402,51.064422607421875
1778674469.0705137,0.0,-2.1972618103027344,0.6588685512542725,48.25191879272461
1778674469.1054192,0.0,-2.285125494003296,5.079164505004883,48.07613754272461
1778674469.140808,0.0,-2.285125494003296,5.1111369132995605,47.548805236816406
1778674469.1758604,0.0,-2.1972618103027344,5.476709365844727,44.033172607421875
1778674469.210915,0.0,-2.285125494003296,6.4043731689453125,42.275386810302734
1778674469.246075,0.0,-2.285125494003296,6.354243755340576,39.6386604309082
1778674469.2808194,0.0,-2.1972618103027344,6.141747951507568,37.70505905151367
1778674469.3144546,0.0,-2.1972618103027344,6.5997395515441895,36.386695861816406
1778674469.3494499,0.0,-2.1972618103027344,5.4986467361450195,34.80466079711914
1778674469.3861856,0.0,-2.285125494003296,3.1063179969787598,34.101531982421875
1778674469.4215062,0.0,-2.285125494003296,2.8511252403259277,34.101531982421875
1778674469.4549596,0.0,-2.285125494003296,4.344409942626953,34.101531982421875
1778674469.4897604,0.0,-2.1972618103027344,3.945631265640259,34.101531982421875
1778674469.5251439,0.0,-2.1972618103027344,5.623446941375732,34.013641357421875
1778674469.5602458,0.0,-2.285125494003296,5.367800712585449,31.90428924560547
1778674469.5951064,0.0,-2.1972618103027344,3.987610101699829,30.49803352355957
1778674469.6301374,0.0,-2.1972618103027344,5.943140506744385,30.32225227355957
1778674469.6653638,0.0,-2.285125494003296,6.797292232513428,29.355453491210938
1778674469.702541,0.0,-2.1972618103027344,6.111623764038086,26.718727111816406
1778674469.73406,0.0,-2.1972618103027344,4.799040794372559,25.75192642211914
1778674469.771201,0.0,-2.285125494003296,5.206425189971924,25.312471389770508
1778674469.80418,0.0,-2.1972618103027344,4.583683967590332,24.960908889770508
1778674469.841196,0.0,-2.285125494003296,2.498812675476074,24.873018264770508
1778674469.8764074,0.0,-2.1972618103027344,2.6575822830200195,24.873018264770508
1778674469.9113564,0.0,-2.285125494003296,1.7159165143966675,24.873018264770508
1778674469.9448116,0.0,-2.1972618103027344,4.431209564208984,25.048799514770508
1778674469.9798727,0.0,-2.1972618103027344,1.7026175260543823,25.048799514770508
1778674470.0150433,0.0,-2.1972618103027344,3.091419219970703,25.048799514770508
1778674470.050388,0.0,-2.1972618103027344,3.7508859634399414,25.048799514770508
1778674470.085139,0.0,-2.1972618103027344,3.454402208328247,24.785127639770508
1778674470.1201274,0.0,-2.1972618103027344,2.060314655303955,23.642545700073242
1778674470.1556246,0.0,-2.1972618103027344,3.179093599319458,23.554655075073242
1778674470.190776,0.0,-2.1972618103027344,6.26418924331665,22.58788299560547
1778674470.224018,0.0,-2.1972618103027344,3.3613572120666504,19.511701583862305
1778674470.2591274,0.0,-2.1972618103027344,4.4705681800842285,16.962865829467773
1778674470.2960026,0.0,-2.1972618103027344,4.283869743347168,15.99606704711914
1778674470.3291874,0.0,-2.1972618103027344,5.223238945007324,15.732394218444824
1778674470.364404,0.0,-2.1972618103027344,2.312992811203003,14.853485107421875
1778674470.4013383,0.0,-2.1972618103027344,1.2514574527740479,14.941376686096191
1778674470.4347634,0.0,-2.1972618103027344,1.8202581405639648,15.117158889770508
1778674470.4698994,0.0,-2.1972618103027344,-4.1358208656311035,15.117158889770508
1778674470.505192,0.0,-2.1972618103027344,-1.9304158687591553,16.699193954467773
1778674470.5401309,0.0,-2.1972618103027344,-3.2794888019561768,18.984357833862305
1778674470.5749624,0.0,-2.1972618103027344,-2.779479503631592,21.09373664855957
1778674470.6103408,0.0,-2.1972618103027344,-4.225505352020264,22.23632049560547
1778674470.6454124,0.0,-2.1972618103027344,-5.127015590667725,23.730438232421875
1778674470.6786978,0.0,-2.1972618103027344,-5.132086277008057,25.57614517211914
1778674470.7155812,0.0,-2.1972618103027344,-4.294225215911865,27.33396339416504
1778674470.748772,0.0,-2.1972618103027344,-3.867412805557251,27.59763526916504
1778674470.7839363,0.0,-2.1972618103027344,-2.6982855796813965,28.037090301513672
1778674470.8193805,0.0,-2.1972618103027344,-1.316017985343933,28.21286964416504
1778674470.8561952,0.0,-2.1972618103027344,0.8431888222694397,28.21286964416504
1778674470.891455,0.0,-2.285125494003296,1.2013657093048096,27.42185401916504
1778674470.9265006,0.0,-2.285125494003296,-1.0337767601013184,26.455053329467773
1778674470.9600675,0.0,-2.1972618103027344,-4.650848388671875,26.279272079467773
1778674470.9950411,0.0,-2.1972618103027344,-2.768291473388672,26.279272079467773
1778674471.0302126,0.0,-2.1972618103027344,-1.6409859657287598,26.455053329467773
1778674471.0650628,0.0,-2.1972618103027344,-2.2569711208343506,26.806615829467773
1778674471.101948,0.0,-2.1972618103027344,-1.2362380027770996,27.158180236816406
1778674471.135619,0.0,-2.1972618103027344,-3.3853092193603516,27.158180236816406
1778674471.1706402,0.0,-2.1972618103027344,3.918980836868286,27.68552589416504
1778674471.2037895,0.0,-2.1972618103027344,6.809489727020264,27.68552589416504
1778674471.2409108,0.0,-2.1972618103027344,5.91303014755249,27.68552589416504
1778674471.2761953,0.0,-2.285125494003296,5.250807285308838,27.24607276916504
1778674471.3112166,0.0,-2.1972618103027344,5.395731449127197,26.455053329467773
1778674471.3464181,0.0,-2.1972618103027344,4.723861217498779,22.9394474029541
1778674471.3814154,0.0,-2.1972618103027344,4.127209186553955,21.269519805908203
1778674471.4163473,0.0,-2.1972618103027344,4.8402228355407715,19.423810958862305
1778674471.4516456,0.0,-2.1972618103027344,5.041481018066406,18.36911964416504
1778674471.4848835,0.0,-2.1972618103027344,6.584222793579102,16.611303329467773
1778674471.5199625,0.0,-2.1972618103027344,6.373420715332031,14.326140403747559
1778674471.5552163,0.0,-2.1972618103027344,6.326257705688477,12.832022666931152
1778674471.590383,0.0,-2.1972618103027344,5.060277462005615,11.601550102233887
1778674471.6255722,0.0,-2.1972618103027344,4.345131874084473,11.601550102233887
1778674471.66048,0.0,-2.1972618103027344,2.7162797451019287,11.601550102233887
1778674471.6974068,0.0,-2.1972618103027344,4.43610143661499,11.601550102233887
1778674471.731017,0.0,-2.1972618103027344,7.284853458404541,11.601550102233887
1778674471.7662344,0.0,-2.285125494003296,6.660514831542969,9.755843162536621
1778674471.8008478,0.0,-2.285125494003296,4.70053243637085,7.119115829467773
1778674471.835918,0.0,-2.1972618103027344,4.344226360321045,6.767552375793457
1778674471.8712296,0.0,-2.1972618103027344,0.855043888092041,6.503879547119141
1778674471.9061577,0.0,-2.1972618103027344,-2.56705641746521,6.503879547119141
1778674471.941221,0.0,-2.1972618103027344,-2.6826107501983643,7.031225204467773
1778674471.974443,0.0,-2.285125494003296,-0.789365828037262,9.580060958862305
1778674472.009533,0.0,-2.1972618103027344,0.25360003113746643,10.722641944885254
1778674472.0448475,0.0,-2.1972618103027344,-0.4648360311985016,10.634751319885254
1778674472.0798588,0.0,-2.1972618103027344,2.880359649658203,10.81053352355957
1778674472.1150348,0.0,-2.1972618103027344,2.5504350662231445,10.81053352355957
1778674472.1500602,0.0,-2.1972618103027344,1.211479902267456,10.195296287536621
1778674472.185404,0.0,-2.1972618103027344,1.841154932975769,10.019515037536621
1778674472.2204196,0.0,-2.1972618103027344,-3.360306978225708,9.667951583862305
1778674472.2555869,0.0,-2.1972618103027344,-2.457822799682617,9.667951583862305
1778674472.2910264,0.0,-2.1972618103027344,0.4564899802207947,9.931624412536621
1778674472.3261354,0.0,-2.1972618103027344,2.0840084552764893,9.843733787536621
1778674472.3592408,0.0,-2.1972618103027344,0.35104605555534363,9.492170333862305
1778674472.3945036,0.0,-2.1972618103027344,-3.543550968170166,9.492170333862305
1778674472.431614,0.0,-2.1972618103027344,-2.3921825885772705,10.019515037536621
1778674472.4646003,0.0,-2.1972618103027344,-0.9545841813087463,11.162096977233887
1778674472.5019476,0.0,-2.1972618103027344,1.7047628164291382,11.601550102233887
1778674472.5352407,0.0,-2.1972618103027344,-0.8511301279067993,11.601550102233887
1778674472.5701177,0.0,-2.1972618103027344,-0.5389828681945801,11.601550102233887
1778674472.6051393,0.0,-2.1972618103027344,-1.4756566286087036,11.513660430908203
1778674472.6406746,0.0,-2.1972618103027344,0.13509640097618103,11.689441680908203
1778674472.675467,0.0,-2.1972618103027344,2.506183624267578,11.601550102233887
1778674472.7106636,0.0,-2.1972618103027344,-2.756544351577759,10.98631477355957
1778674472.7442765,0.0,-2.285125494003296,-4.749014377593994,10.634751319885254
1778674472.7809079,0.0,-2.1972618103027344,-4.7877960205078125,10.81053352355957
1778674472.8160067,0.0,-2.1972618103027344,-3.2848384380340576,12.656241416931152
1778674472.8511217,0.0,-2.1972618103027344,-4.8224568367004395,13.974576950073242
1778674472.8862393,0.0,-2.1972618103027344,-4.797666072845459,16.347631454467773
1778674472.9214556,0.0,-2.1972618103027344,-5.726384162902832,17.57810401916504
1778674472.956573,0.0,-2.1972618103027344,-4.321917533874512,19.511701583862305
1778674472.9899623,0.0,-2.1972618103027344,-5.168349266052246,19.687484741210938
1778674473.0248494,0.0,-2.1972618103027344,-6.081707954406738,20.917957305908203
1778674473.0601952,0.0,-2.1972618103027344,-4.570096492767334,23.0273380279541
1778674473.095272,0.0,-2.1972618103027344,-2.4200477600097656,23.554655075073242
1778674473.1301866,0.0,-2.1972618103027344,-0.6498359441757202,23.554655075073242
1778674473.165485,0.0,-2.1972618103027344,-2.2926998138427734,23.466764450073242
1778674473.2005277,0.0,-2.1972618103027344,-4.90963888168335,23.378873825073242
1778674473.2355807,0.0,-2.1972618103027344,-5.810429573059082,23.378873825073242
1778674473.2690597,0.0,-2.1972618103027344,-4.84308385848999,23.554655075073242
1778674473.305961,0.0,-2.1972618103027344,-6.184910297393799,24.873018264770508
1778674473.3412201,0.0,-2.1972618103027344,-4.216660976409912,27.33396339416504
1778674473.376327,0.0,-2.1972618103027344,-3.614360809326172,28.740217208862305
1778674473.4112103,0.0,-2.1972618103027344,0.46224480867385864,29.091779708862305
1778674473.446519,0.0,-2.1972618103027344,1.443839430809021,29.091779708862305
1778674473.4799483,0.0,-2.1972618103027344,4.183262348175049,28.564434051513672
1778674473.51501,0.0,-2.1972618103027344,4.408890724182129,26.542945861816406
1778674473.5500472,0.0,-2.1972618103027344,3.8533761501312256,22.76366424560547
1778674473.5850005,0.0,-2.1972618103027344,3.763500213623047,21.00584602355957
1778674473.6202283,0.0,-2.1972618103027344,6.10098123550415,18.984357833862305
1778674473.655295,0.0,-2.285125494003296,6.011661052703857,15.90817642211914
1778674473.6907,0.0,-2.1972618103027344,5.764621734619141,14.326140403747559
1778674473.7255006,0.0,-2.1972618103027344,3.7919270992279053,12.832022666931152
1778674473.7592154,0.0,-2.1972618103027344,2.1192710399627686,12.568350791931152
1778674473.7958899,0.0,-2.285125494003296,-1.037455677986145,12.744132041931152
1778674473.8310525,0.0,-2.1972618103027344,3.0468249320983887,13.798794746398926
1778674473.8640363,0.0,-2.1972618103027344,1.9197132587432861,14.326140403747559
1778674473.9013166,0.0,-2.285125494003296,-1.7064640522003174,14.238249778747559
1778674473.9365323,0.0,-2.1972618103027344,-2.9442689418792725,14.326140403747559
1778674473.969555,0.0,-2.1972618103027344,-0.311135858297348,15.205048561096191
1778674474.0047889,0.0,-2.1972618103027344,-2.098714828491211,15.82028579711914
1778674474.0400221,0.0,-2.1972618103027344,-2.4157605171203613,17.490211486816406
1778674474.0747216,0.0,-2.1972618103027344,-1.3152594566345215,18.632793426513672
1778674474.1102705,0.0,-2.1972618103027344,-0.8610264658927917,18.720684051513672
1778674474.145179,0.0,-2.1972618103027344,0.4917003810405731,18.720684051513672
1778674474.1803064,0.0,-2.1972618103027344,-4.4571404457092285,18.544902801513672
1778674474.2152908,0.0,-2.1972618103027344,-4.287813186645508,18.632793426513672
1778674474.2504683,0.0,-2.1972618103027344,-5.579735279083252,19.072246551513672
1778674474.2838967,0.0,-2.1972618103027344,-1.8979809284210205,20.214828491210938
1778674474.3212333,0.0,-2.1972618103027344,3.281278610229492,21.00584602355957
1778674474.3561952,0.0,-2.1972618103027344,0.21540194749832153,21.00584602355957
1778674474.3912191,0.0,-2.1972618103027344,-2.888594388961792,20.917957305908203
1778674474.426414,0.0,-2.1972618103027344,-5.746828556060791,20.917957305908203
1778674474.461554,0.0,-2.1972618103027344,-7.168019771575928,21.09373664855957
1778674474.4947739,0.0,-2.1972618103027344,-5.8741774559021,22.85155487060547
1778674474.529904,0.0,-2.1972618103027344,-5.661312103271484,25.48825454711914
1778674474.5648456,0.0,-2.285125494003296,-2.5651073455810547,27.509742736816406
1778674474.6001527,0.0,-2.1972618103027344,-1.1121097803115845,27.59763526916504
1778674474.635416,0.0,-2.285125494003296,-0.6592969298362732,27.59763526916504
1778674474.6702666,0.0,-2.1972618103027344,-3.2659056186676025,27.33396339416504
1778674474.7052839,0.0,-2.1972618103027344,-6.643783092498779,27.33396339416504
1778674474.738711,0.0,-2.1972618103027344,-6.983125686645508,27.33396339416504
1778674474.7758174,0.0,-2.1972618103027344,-7.176654815673828,28.300764083862305
1778674474.8109148,0.0,-2.285125494003296,-6.5685200691223145,31.552724838256836
1778674474.8459797,0.0,-2.1972618103027344,-6.239276885986328,34.80466079711914
1778674474.881358,0.0,-2.1972618103027344,-2.8658740520477295,36.123023986816406
1778674474.9154305,0.0,-2.1972618103027344,-4.6649651527404785,36.210914611816406
1778674474.9493387,0.0,-2.1972618103027344,-3.576767921447754,36.298805236816406
1778674474.9844854,0.0,-2.1972618103027344,-3.2551980018615723,36.298805236816406
1778674475.0215137,0.0,-2.1972618103027344,-3.9668493270874023,36.298805236816406
1778674475.0563385,0.0,-2.1972618103027344,-2.1068272590637207,37.17771530151367
1778674475.0914128,0.0,-2.1972618103027344,-0.7699488401412964,37.26560592651367
1778674475.1265674,0.0,-2.1972618103027344,-0.2647361755371094,37.001930236816406
1778674475.1596794,0.0,-2.285125494003296,-2.217489719390869,36.650367736816406
1778674475.19399,0.0,-2.1972618103027344,-4.610104560852051,36.738258361816406
1778674475.2295103,0.0,-2.1972618103027344,-2.8454277515411377,37.001930236816406
1778674475.2643533,0.0,-2.1972618103027344,-4.678630352020264,37.70505905151367
1778674475.301267,0.0,-2.1972618103027344,-4.584009170532227,39.90232849121094
1778674475.3349843,0.0,-2.1972618103027344,-2.3489034175872803,41.1328010559082
1778674475.369923,0.0,-2.1972618103027344,-2.6623692512512207,41.2206916809082
1778674475.4052312,0.0,-2.1972618103027344,-3.9571762084960938,41.2206916809082
1778674475.4401968,0.0,-2.285125494003296,-0.0454862006008625,42.275386810302734
1778674475.4752789,0.0,-2.1972618103027344,2.0097827911376953,42.36327362060547
1778674475.5103023,0.0,-2.1972618103027344,0.1831820011138916,42.18749237060547
1778674475.545673,0.0,-2.1972618103027344,0.8036285042762756,42.01171112060547
1778674475.5807707,0.0,-2.1972618103027344,2.9129064083099365,40.2538948059082
1778674475.615656,0.0,-2.285125494003296,3.0657198429107666,37.35349655151367
1778674475.648781,0.0,-2.1972618103027344,4.516994953155518,36.562477111816406
1778674475.685885,0.0,-2.285125494003296,0.1643456071615219,34.98044204711914
1778674475.7211995,0.0,-2.1972618103027344,0.43325620889663696,34.628875732421875
1778674475.7559562,0.0,-2.1972618103027344,-2.258890151977539,34.71677017211914
1778674475.7909245,0.0,-2.285125494003296,-2.222827911376953,35.06833267211914
1778674475.826211,0.0,-2.285125494003296,-1.7842767238616943,37.441383361816406
1778674475.8612988,0.0,-2.1972618103027344,-3.0674567222595215,38.75975036621094
1778674475.896372,0.0,-2.1972618103027344,-3.4693307876586914,40.5175666809082
1778674475.9317245,0.0,-2.1972618103027344,-5.273935317993164,41.92382049560547
1778674475.9663892,0.0,-2.1972618103027344,-5.8283233642578125,44.47262954711914
1778674476.0017362,0.0,-2.1972618103027344,-2.248185157775879,46.933570861816406
1778674476.0349061,0.0,-2.1972618103027344,-2.151564836502075,47.548805236816406
1778674476.0698717,0.0,-2.1972618103027344,-2.9916422367095947,47.46091842651367
1778674476.1070008,0.0,-2.1972618103027344,-2.1320407390594482,47.46091842651367
1778674476.1407251,0.0,-2.1972618103027344,-1.306557536125183,47.37302780151367
1778674476.1754797,0.0,-2.1972618103027344,1.7616288661956787,47.109352111816406
1778674476.2105575,0.0,-2.285125494003296,1.914224624633789,46.318336486816406
1778674476.2457132,0.0,-2.285125494003296,-2.3637187480926514,44.56052017211914
1778674476.2807431,0.0,-2.1972618103027344,0.22333236038684845,44.38473892211914
1778674476.3159766,0.0,-2.1972618103027344,-2.274059295654297,44.38473892211914
1778674476.3508976,0.0,-2.1972618103027344,1.4874154329299927,44.38473892211914
1778674476.386351,0.0,-2.285125494003296,2.615041494369507,44.47262954711914
1778674476.4212768,0.0,-2.285125494003296,1.135259985923767,44.38473892211914
1778674476.4564643,0.0,-2.285125494003296,1.1541956663131714,44.033172607421875
1778674476.491537,0.0,-2.1972618103027344,-0.3652077913284302,43.417938232421875
1778674476.5246377,0.0,-2.1972618103027344,1.4560388326644897,43.33004379272461
1778674476.5596356,0.0,-2.285125494003296,2.0226104259490967,43.066375732421875
1778674476.5950131,0.0,-2.1972618103027344,-1.8011229038238525,42.53905487060547
1778674476.6301832,0.0,-2.285125494003296,-0.39309024810791016,42.62694549560547
1778674476.6650097,0.0,-2.1972618103027344,-0.7722340226173401,42.62694549560547
1778674476.7017868,0.0,-2.1972618103027344,0.08251182734966278,42.714839935302734
1778674476.735196,0.0,-2.1972618103027344,1.185854196548462,42.714839935302734
1778674476.770061,0.0,-2.285125494003296,3.1204493045806885,42.62694549560547
1778674476.805085,0.0,-2.1972618103027344,-2.267534017562866,42.62694549560547
1778674476.8402925,0.0,-2.1972618103027344,-1.2380030155181885,42.62694549560547
1778674476.8754737,0.0,-2.285125494003296,-3.3540966510772705,42.62694549560547
1778674476.9103513,0.0,-2.1972618103027344,1.648565411567688,43.593719482421875
1778674476.9453654,0.0,-2.1972618103027344,4.950430393218994,43.681610107421875
1778674476.9806366,0.0,-2.1972618103027344,4.691356658935547,43.417938232421875
1778674477.015748,0.0,-2.285125494003296,5.596696376800537,42.62694549560547
1778674477.0506973,0.0,-2.1972618103027344,5.576929092407227,39.37498474121094
1778674477.085795,0.0,-2.1972618103027344,2.1341090202331543,36.738258361816406
1778674477.1208713,0.0,-2.285125494003296,3.2299320697784424,36.650367736816406
1778674477.1559644,0.0,-2.1972618103027344,4.532037258148193,36.474586486816406
1778674477.1908956,0.0,-2.1972618103027344,4.383818626403809,34.628875732421875
1778674477.2243183,0.0,-2.1972618103027344,2.298546075820923,34.101531982421875
1778674477.2612977,0.0,-2.285125494003296,4.18716287612915,34.189422607421875
1778674477.2966325,0.0,-2.1972618103027344,7.3275227546691895,34.101531982421875
1778674477.331402,0.0,-2.1972618103027344,6.21751070022583,33.04684066772461
1778674477.3646553,0.0,-2.1972618103027344,5.916755199432373,30.05858039855957
1778674477.3999014,0.0,-2.1972618103027344,4.092077255249023,28.652326583862305
1778674477.4349232,0.0,-2.285125494003296,1.577942132949829,28.652326583862305
1778674477.4703202,0.0,-2.1972618103027344,-1.4667818546295166,28.740217208862305
1778674477.5070033,0.0,-2.1972618103027344,-1.5744034051895142,28.915996551513672
1778674477.5402763,0.0,-2.285125494003296,-4.5676164627075195,30.937488555908203
1778674477.5757818,0.0,-2.1972618103027344,1.0569263696670532,34.80466079711914
1778674477.6103218,0.0,-2.1972618103027344,0.4950937330722809,37.52927780151367
1778674477.6455681,0.0,-2.1972618103027344,1.3736287355422974,37.79294967651367
1778674477.6810195,0.0,-2.1972618103027344,1.3074359893798828,37.52927780151367
1778674477.7158022,0.0,-2.285125494003296,-1.8823691606521606,37.089820861816406
1778674477.7510214,0.0,-2.285125494003296,-6.042648792266846,37.089820861816406
1778674477.786285,0.0,-2.1972618103027344,-4.787534236907959,37.17771530151367
1778674477.8208675,0.0,-2.1972618103027344,-3.7484939098358154,38.32029342651367
1778674477.8541558,0.0,-2.285125494003296,-5.784497261047363,40.2538948059082
1778674477.891289,0.0,-2.1972618103027344,-5.676392078399658,42.978485107421875
1778674477.9262612,0.0,-2.285125494003296,-3.998997449874878,44.99997329711914
1778674477.9613137,0.0,-2.1972618103027344,-3.652576208114624,45.175758361816406
1778674477.9965317,0.0,-2.1972618103027344,-1.3766002655029297,45.175758361816406
1778674478.0296707,0.0,-2.1972618103027344,1.9537900686264038,45.08786392211914
1778674478.0650003,0.0,-2.1972618103027344,-0.8712038397789001,44.736297607421875
1778674478.1003041,0.0,-2.1972618103027344,0.058578696101903915,44.64841079711914
1778674478.135052,0.0,-2.285125494003296,-3.1545448303222656,42.802703857421875
1778674478.1701255,0.0,-2.1972618103027344,3.6454520225524902,42.89059066772461
1778674478.2051606,0.0,-2.1972618103027344,3.020848274230957,42.89059066772461
1778674478.2402349,0.0,-2.1972618103027344,3.8450350761413574,41.57225799560547
1778674478.2754111,0.0,-2.285125494003296,5.136560916900635,37.96873092651367
1778674478.3102357,0.0,-2.285125494003296,4.126790523529053,35.94723892211914
1778674478.3454123,0.0,-2.1972618103027344,4.8763275146484375,34.89255142211914
1778674478.380601,0.0,-2.285125494003296,3.054860830307007,33.22262191772461
1778674478.4159162,0.0,-2.285125494003296,1.449197769165039,32.08007049560547
1778674478.451032,0.0,-2.285125494003296,-1.2726329565048218,32.08007049560547
1778674478.4860651,0.0,-2.1972618103027344,-1.946432113647461,32.16796112060547
1778674478.5193691,0.0,-2.1972618103027344,-3.258758306503296,33.925750732421875
1778674478.5560114,0.0,-2.1972618103027344,-3.9066600799560547,37.61716842651367
1778674478.5911355,0.0,-2.1972618103027344,-4.341694355010986,40.1660041809082
1778674478.6262455,0.0,-2.285125494003296,-4.847075939178467,42.09960174560547
1778674478.6612933,0.0,-2.1972618103027344,-4.028252124786377,43.76950454711914
1778674478.6947482,0.0,-2.1972618103027344,-5.042361259460449,44.82419204711914
1778674478.730018,0.0,-2.1972618103027344,-5.138952732086182,46.054664611816406
1778674478.7650433,0.0,-2.1972618103027344,-2.482051372528076,47.37302780151367
1778674478.8002508,0.0,-2.1972618103027344,-1.360647201538086,47.37302780151367
1778674478.8350136,0.0,-2.1972618103027344,0.4706893265247345,47.02146530151367
1778674478.8702207,0.0,-2.1972618103027344,2.831167697906494,45.43942642211914
1778674478.9070706,0.0,-2.1972618103027344,4.1975483894348145,42.01171112060547
1778674478.9404821,0.0,-2.1972618103027344,1.4158439636230469,39.55076599121094
1778674478.975626,0.0,-2.1972618103027344,-1.6850327253341675,39.11131286621094
1778674479.0104597,0.0,-2.285125494003296,-3.355484962463379,39.11131286621094
1778674479.045558,0.0,-2.1972618103027344,-2.952436685562134,40.2538948059082
1778674479.080532,0.0,-2.1972618103027344,-3.6576249599456787,42.802703857421875
1778674479.115971,0.0,-2.1972618103027344,-3.5021729469299316,44.91208267211914
1778674479.1510475,0.0,-2.1972618103027344,-0.13478946685791016,45.351539611816406
1778674479.186197,0.0,-2.1972618103027344,-2.9583542346954346,45.26364517211914
1778674479.2214751,0.0,-2.1972618103027344,-1.9551661014556885,45.351539611816406
1778674479.2562976,0.0,-2.1972618103027344,-2.4384522438049316,45.790992736816406
1778674479.2912776,0.0,-2.1972618103027344,-4.63755989074707,46.494117736816406
1778674479.3247888,0.0,-2.1972618103027344,-2.8333871364593506,47.900360107421875
1778674479.3600812,0.0,-2.1972618103027344,-2.3734591007232666,48.515594482421875
1778674479.3951156,0.0,-2.1972618103027344,-4.981992721557617,48.515594482421875
1778674479.4302802,0.0,-2.1972618103027344,-3.982235908508301,49.92184066772461
1778674479.4650977,0.0,-2.1972618103027344,-1.957251787185669,50.88863754272461
1778674479.5006723,0.0,-2.1972618103027344,-1.327719807624817,50.71285629272461
1778674479.5355732,0.0,-2.1972618103027344,-3.9361889362335205,50.624969482421875
1778674479.570877,0.0,-2.1972618103027344,-0.9432518482208252,50.71285629272461
1778674479.6061256,0.0,-2.1972618103027344,-1.2169005870819092,50.624969482421875
1778674479.64123,0.0,-2.285125494003296,-1.316993236541748,50.624969482421875
1778674479.6762388,0.0,-2.1972618103027344,-1.5929545164108276,50.71285629272461
1778674479.711255,0.0,-2.285125494003296,-0.4141022562980652,50.800750732421875
1778674479.7466385,0.0,-2.285125494003296,3.0261919498443604,50.624969482421875
1778674479.779608,0.0,-2.1972618103027344,1.7781622409820557,50.449188232421875
1778674479.8149052,0.0,-2.1972618103027344,4.283893585205078,49.218719482421875
1778674479.8501692,0.0,-2.285125494003296,3.2898366451263428,47.37302780151367
1778674479.8853338,0.0,-2.1972618103027344,-0.6516809463500977,46.054664611816406
1778674479.920362,0.0,-2.1972618103027344,1.9924719333648682,46.14255142211914
1778674479.9553993,0.0,-2.285125494003296,-1.4197636842727661,46.054664611816406
1778674479.9904938,0.0,-2.285125494003296,-0.40121734142303467,46.14255142211914
1778674480.0256186,0.0,-2.285125494003296,1.3678950071334839,46.14255142211914
1778674480.060858,0.0,-2.1972618103027344,0.6058554649353027,46.318336486816406
1778674480.0957038,0.0,-2.1972618103027344,4.45682430267334,46.230445861816406
1778674480.1305716,0.0,-2.285125494003296,5.897812843322754,46.14255142211914
1778674480.1641762,0.0,-2.285125494003296,6.486779689788818,43.15426254272461
1778674480.201367,0.0,-2.1972618103027344,6.3427839279174805,39.46287536621094
1778674480.236416,0.0,-2.1972618103027344,5.617627143859863,37.441383361816406
1778674480.2716444,0.0,-2.1972618103027344,5.351458549499512,36.738258361816406
1778674480.3081908,0.0,-2.1972618103027344,5.1878862380981445,35.68356704711914
1778674480.339971,0.0,-2.285125494003296,2.7661354541778564,35.33200454711914
1778674480.3746653,0.0,-2.285125494003296,3.1821281909942627,35.33200454711914
1778674480.409657,0.0,-2.285125494003296,3.6202661991119385,35.33200454711914
1778674480.4447074,0.0,-2.1972618103027344,4.895981311798096,35.24411392211914
1778674480.479814,0.0,-2.285125494003296,5.27780818939209,33.925750732421875
1778674480.5151997,0.0,-2.1972618103027344,7.1281561851501465,31.640615463256836
1778674480.5503426,0.0,-2.1972618103027344,6.128330707550049,29.003890991210938
1778674480.585473,0.0,-2.1972618103027344,3.073185920715332,28.564434051513672
1778674480.6206431,0.0,-2.285125494003296,3.5412378311157227,28.476543426513672
1778674480.6538227,0.0,-2.1972618103027344,4.2888078689575195,28.564434051513672
1778674480.6907778,0.0,-2.1972618103027344,3.291360855102539,28.476543426513672
1778674480.7257643,0.0,-2.1972618103027344,2.5883495807647705,28.564434051513672
1778674480.760911,0.0,-2.285125494003296,5.101492404937744,28.476543426513672
1778674480.7961273,0.0,-2.1972618103027344,5.575908660888672,28.300764083862305
1778674480.83141,0.0,-2.285125494003296,5.088888168334961,26.630836486816406
1778674480.8646395,0.0,-2.1972618103027344,5.934786319732666,25.048799514770508
1778674480.8997145,0.0,-2.1972618103027344,4.687465667724609,23.2910099029541
1778674480.9347112,0.0,-2.1972618103027344,3.796674966812134,22.412099838256836
1778674480.9701777,0.0,-2.285125494003296,0.46684685349464417,22.412099838256836
1778674481.0051134,0.0,-2.1972618103027344,-0.54233318567276,22.499990463256836
1778674481.0401034,0.0,-2.1972618103027344,-4.0336809158325195,22.58788299560547
1778674481.075601,0.0,-2.1972618103027344,-3.489772081375122,24.345672607421875
1778674481.1123707,0.0,-2.1972618103027344,-2.0300650596618652,27.33396339416504
1778674481.145667,0.0,-2.1972618103027344,-4.299319267272949,29.267560958862305
1778674481.1810703,0.0,-2.1972618103027344,-6.774996280670166,31.376941680908203
1778674481.2159758,0.0,-2.1972618103027344,-6.624048709869385,34.80466079711914
1778674481.250909,0.0,-2.1972618103027344,-5.369890213012695,37.17771530151367
1778674481.2861884,0.0,-2.1972618103027344,-4.934445858001709,37.441383361816406
1778674481.3210557,0.0,-2.1972618103027344,-6.093409538269043,38.84763717651367
1778674481.3560495,0.0,-2.1972618103027344,-4.825718879699707,40.1660041809082
1778674481.3894866,0.0,-2.1972618103027344,-5.611209869384766,40.4296760559082
1778674481.4243107,0.0,-2.1972618103027344,-6.301351070404053,42.09960174560547
1778674481.4615462,0.0,-2.1972618103027344,-5.628780841827393,42.978485107421875
1778674481.4963777,0.0,-2.1972618103027344,-1.2068450450897217,44.56052017211914
1778674481.5297806,0.0,-2.1972618103027344,0.10081721097230911,44.736297607421875
1778674481.5648124,0.0,-2.1972618103027344,-3.0542023181915283,44.56052017211914
1778674481.5998962,0.0,-2.1972618103027344,-3.0542023181915283,44.56052017211914
1778674481.6349897,0.0,-2.1972618103027344,-1.682294487953186,44.56052017211914
1778674481.6702898,0.0,-2.1972618103027344,-3.989943742752075,44.56052017211914
1778674481.7071016,0.0,-2.285125494003296,-1.5288969278335571,44.56052017211914
1778674481.7403889,0.0,-2.1972618103027344,-3.1855804920196533,44.56052017211914
1778674481.7754946,0.0,-2.1972618103027344,-4.753540515899658,44.64841079711914
1778674481.8106198,0.0,-2.1972618103027344,-1.6541543006896973,45.175758361816406
1778674481.8457396,0.0,-2.285125494003296,-1.8104230165481567,45.175758361816406
1778674481.8809915,0.0,-2.1972618103027344,2.320333957672119,45.175758361816406
1778674481.9161124,0.0,-2.1972618103027344,-0.5108706951141357,44.99997329711914
1778674481.9513717,0.0,-2.1972618103027344,1.040510892868042,44.91208267211914
1778674481.9861662,0.0,-2.1972618103027344,1.8248090744018555,43.857391357421875
1778674482.021283,0.0,-2.1972618103027344,5.614907741546631,42.802703857421875
1778674482.0566275,0.0,-2.285125494003296,1.379565954208374,41.8359260559082
1778674482.0896857,0.0,-2.285125494003296,0.13883785903453827,41.1328010559082
1778674482.1246126,0.0,-2.285125494003296,5.6483473777771,41.2206916809082
1778674482.159715,0.0,-2.1972618103027344,4.2482123374938965,41.1328010559082
1778674482.1947927,0.0,-2.1972618103027344,2.1614091396331787,39.72654724121094
1778674482.230065,0.0,-2.285125494003296,0.92293781042099,39.37498474121094
1778674482.2651844,0.0,-2.1972618103027344,-0.742387592792511,39.37498474121094
1778674482.2998421,0.0,-2.1972618103027344,0.19905130565166473,39.81443786621094
1778674482.3349597,0.0,-2.1972618103027344,0.16940461099147797,39.81443786621094
1778674482.370336,0.0,-2.1972618103027344,1.2535064220428467,39.72654724121094
1778674482.4049459,0.0,-2.1972618103027344,-1.5554524660110474,39.55076599121094
1778674482.4404597,0.0,-2.1972618103027344,3.903850555419922,39.6386604309082
1778674482.4751787,0.0,-2.1972618103027344,0.5998782515525818,39.6386604309082
1778674482.5121932,0.0,-2.1972618103027344,0.35240522027015686,39.6386604309082
1778674482.5454662,0.0,-2.1972618103027344,-0.3194153308868408,39.55076599121094
1778674482.580598,0.0,-2.285125494003296,-0.3020588755607605,39.6386604309082
1778674482.6137342,0.0,-2.1972618103027344,-2.2497763633728027,39.72654724121094
1778674482.650417,0.0,-2.1972618103027344,-2.417530059814453,41.04491424560547
1778674482.685621,0.0,-2.285125494003296,0.494743674993515,42.36327362060547
1778674482.720624,0.0,-2.1972618103027344,-3.431173801422119,42.275386810302734
1778674482.7559447,0.0,-2.1972618103027344,-2.719904899597168,42.36327362060547
1778674482.7909493,0.0,-2.1972618103027344,-4.416904449462891,43.681610107421875
1778674482.823945,0.0,-2.1972618103027344,1.249513864517212,45.878883361816406
1778674482.861152,0.0,-2.1972618103027344,6.541857719421387,46.318336486816406
1778674482.8964713,0.0,-2.1972618103027344,5.847072124481201,46.14255142211914
1778674482.9315746,0.0,-2.285125494003296,3.6555140018463135,45.70309829711914
1778674482.9646015,0.0,-2.1972618103027344,6.688629150390625,42.53905487060547
1778674483.0000274,0.0,-2.1972618103027344,5.88311767578125,37.52927780151367
1778674483.0348272,0.0,-2.1972618103027344,6.7801337242126465,34.45309829711914
1778674483.0699058,0.0,-2.1972618103027344,1.7094979286193848,31.90428924560547
1778674483.1071057,0.0,-2.1972618103027344,-3.1498124599456787,31.025379180908203
1778674483.1401322,0.0,-2.1972618103027344,-3.1221425533294678,31.113271713256836
1778674483.1755629,0.0,-2.1972618103027344,-5.030893802642822,31.201162338256836
1778674483.2104592,0.0,-2.1972618103027344,-3.6422033309936523,33.13473129272461
1778674483.2458131,0.0,-2.285125494003296,-4.598997116088867,37.089820861816406
1778674483.280854,0.0,-2.285125494003296,-0.7756788730621338,40.5175666809082
1778674483.3159611,0.0,-2.1972618103027344,-3.842536687850952,41.48436737060547
1778674483.3508577,0.0,-2.1972618103027344,-0.9563335180282593,42.62694549560547
1778674483.3859413,0.0,-2.1972618103027344,2.435364246368408,42.451168060302734
1778674483.420844,0.0,-2.285125494003296,3.7889039516448975,42.275386810302734
1778674483.4541168,0.0,-2.1972618103027344,1.9777036905288696,41.8359260559082
1778674483.4908824,0.0,-2.1972618103027344,1.0925883054733276,39.37498474121094
1778674483.5261593,0.0,-2.285125494003296,-1.7429227828979492,39.37498474121094
1778674483.5612001,0.0,-2.285125494003296,1.4788538217544556,39.37498474121094
1778674483.5961297,0.0,-2.285125494003296,3.288633346557617,39.37498474121094
1778674483.6311893,0.0,-2.1972618103027344,2.67214298248291,37.70505905151367
1778674483.664274,0.0,-2.285125494003296,4.193581581115723,36.650367736816406
1778674483.7013223,0.0,-2.285125494003296,3.4908392429351807,35.24411392211914
1778674483.7362957,0.0,-2.285125494003296,6.656655311584473,34.101531982421875
1778674483.7697184,0.0,-2.285125494003296,6.216795921325684,31.728506088256836
1778674483.8048024,0.0,-2.1972618103027344,5.229350566864014,29.091779708862305
1778674483.8398786,0.0,-2.285125494003296,6.229106426239014,28.740217208862305
1778674483.8750646,0.0,-2.1972618103027344,6.875609397888184,26.894508361816406
1778674483.912068,0.0,-2.285125494003296,6.987281322479248,24.960908889770508
1778674483.945308,0.0,-2.1972618103027344,6.297483444213867,23.730438232421875
1778674483.9805574,0.0,-2.285125494003296,6.416476726531982,22.58788299560547
1778674484.0156212,0.0,-2.1972618103027344,6.401447772979736,21.884756088256836
1778674484.0506845,0.0,-2.1972618103027344,5.776225566864014,19.775375366210938
1778674484.0851083,0.0,-2.1972618103027344,1.552306056022644,19.511701583862305
1778674484.1203725,0.0,-2.1972618103027344,-1.4794975519180298,19.599592208862305
1778674484.1538224,0.0,-2.285125494003296,-2.446333169937134,19.599592208862305
1778674484.1891649,0.0,-2.285125494003296,-0.939624547958374,20.56639289855957
1778674484.224613,0.0,-2.285125494003296,-0.18334469199180603,22.85155487060547
1778674484.2595634,0.0,-2.285125494003296,-0.5881780385971069,23.818328857421875
1778674484.2947934,0.0,-2.1972618103027344,-1.1868282556533813,24.521455764770508
1778674484.3299146,0.0,-2.1972618103027344,1.4584745168685913,24.873018264770508
1778674484.364903,0.0,-2.1972618103027344,-1.685834527015686,24.873018264770508
1778674484.4000473,0.0,-2.1972618103027344,2.005009889602661,24.873018264770508
1778674484.435632,0.0,-2.1972618103027344,0.40734392404556274,24.873018264770508
1778674484.4685514,0.0,-2.1972618103027344,0.22650375962257385,24.873018264770508
1778674484.503723,0.0,-2.1972618103027344,-1.947787880897522,24.873018264770508
1778674484.5409293,0.0,-2.1972618103027344,-1.3048840761184692,24.873018264770508
1778674484.576159,0.0,-2.1972618103027344,-4.926848888397217,24.873018264770508
1778674484.6108553,0.0,-2.1972618103027344,-4.6259636878967285,26.367162704467773
1778674484.6459808,0.0,-2.1972618103027344,-5.73814058303833,29.091779708862305
1778674484.681196,0.0,-2.1972618103027344,-7.151134490966797,31.992177963256836
1778674484.7163084,0.0,-2.1972618103027344,-6.572195529937744,34.98044204711914
1778674484.7514603,0.0,-2.1972618103027344,-3.302546262741089,36.738258361816406
1778674484.7866266,0.0,-2.1972618103027344,-1.759307861328125,37.26560592651367
1778674484.8196256,0.0,-2.1972618103027344,-4.039482116699219,37.17771530151367
1778674484.8546917,0.0,-2.1972618103027344,-0.27910271286964417,37.17771530151367
1778674484.8897395,0.0,-2.1972618103027344,-0.11909299343824387,37.17771530151367
1778674484.9250946,0.0,-2.1972618103027344,-0.2076064944267273,36.826148986816406
1778674484.9602365,0.0,-2.285125494003296,3.6094720363616943,35.33200454711914
1778674484.9952831,0.0,-2.285125494003296,5.349913120269775,32.69530487060547
1778674485.0300794,0.0,-2.1972618103027344,6.734838008880615,28.300764083862305
1778674485.0651238,0.0,-2.285125494003296,7.037260055541992,25.400362014770508
1778674485.1002405,0.0,-2.1972618103027344,7.130305290222168,22.85155487060547
1778674485.1355293,0.0,-2.1972618103027344,7.086040496826172,20.74217414855957
1778674485.1707158,0.0,-2.1972618103027344,6.3410115242004395,18.544902801513672
1778674485.2056537,0.0,-2.1972618103027344,5.985270023345947,17.57810401916504
1778674485.2409074,0.0,-2.1972618103027344,5.345097064971924,17.402320861816406
1778674485.2760336,0.0,-2.285125494003296,5.841989517211914,16.523412704467773
1778674485.3129244,0.0,-2.1972618103027344,7.285523891448975,15.556612968444824
1778674485.3445106,0.0,-2.1972618103027344,6.507054805755615,13.535149574279785
1778674485.3796844,0.0,-2.1972618103027344,6.509087562561035,12.568350791931152
1778674485.414856,0.0,-2.1972618103027344,5.779234886169434,11.337878227233887
1778674485.450233,0.0,-2.1972618103027344,3.8357951641082764,10.458970069885254
1778674485.4852889,0.0,-2.1972618103027344,4.161949157714844,10.458970069885254
1778674485.5200877,0.0,-2.1972618103027344,0.8896375298500061,10.458970069885254
1778674485.5556216,0.0,-2.1972618103027344,-0.5672200918197632,10.546859741210938
1778674485.5904992,0.0,-2.1972618103027344,-3.6868057250976562,11.601550102233887
1778674485.625589,0.0,-2.1972618103027344,-3.76349139213562,15.029267311096191
1778674485.661002,0.0,-2.1972618103027344,-3.864039897918701,17.57810401916504
1778674485.695869,0.0,-2.1972618103027344,-4.594769477844238,19.511701583862305
1778674485.7311938,0.0,-2.1972618103027344,1.7937425374984741,21.09373664855957
1778674485.7660704,0.0,-2.1972618103027344,1.5217578411102295,21.796863555908203
1778674485.8013093,0.0,-2.1972618103027344,0.00023036623315420002,21.796863555908203
1778674485.836341,0.0,-2.1972618103027344,-2.660454750061035,21.796863555908203
1778674485.8696241,0.0,-2.1972618103027344,-5.332975387573242,21.796863555908203
1778674485.90489,0.0,-2.1972618103027344,-5.2447004318237305,21.884756088256836
1778674485.93986,0.0,-2.1972618103027344,-6.276671409606934,22.85155487060547
1778674485.975282,0.0,-2.285125494003296,-6.587817668914795,25.57614517211914
1778674486.0100715,0.0,-2.1972618103027344,-6.978519916534424,27.949199676513672
1778674486.0454073,0.0,-2.1972618103027344,-4.567685127258301,30.14647102355957
1778674486.0805316,0.0,-2.1972618103027344,-6.343333721160889,31.025379180908203
1778674486.115681,0.0,-2.285125494003296,-6.084330081939697,32.25585174560547
1778674486.150724,0.0,-2.1972618103027344,-7.095484733581543,33.13473129272461
1778674486.1859279,0.0,-2.1972618103027344,-4.756040096282959,35.859352111816406
1778674486.221026,0.0,-2.1972618103027344,-6.201237201690674,36.562477111816406
1778674486.2561827,0.0,-2.1972618103027344,-5.906767845153809,37.61716842651367
1778674486.2910726,0.0,-2.1972618103027344,-7.428351879119873,37.96873092651367
1778674486.3262475,0.0,-2.285125494003296,-6.863309383392334,40.5175666809082
1778674486.3612256,0.0,-2.1972618103027344,-4.940401554107666,41.74803924560547
1778674486.3963604,0.0,-2.285125494003296,2.433650493621826,42.01171112060547
1778674486.4312992,0.0,-2.1972618103027344,-0.0640602707862854,41.92382049560547
1778674486.4662735,0.0,-2.285125494003296,3.165527582168579,41.2206916809082
1778674486.5016754,0.0,-2.1972618103027344,3.073122501373291,37.001930236816406
1778674486.5348146,0.0,-2.1972618103027344,2.6956002712249756,34.36520767211914
1778674486.5697951,0.0,-2.1972618103027344,4.840250492095947,33.04684066772461
1778674486.6049018,0.0,-2.285125494003296,3.6643083095550537,29.882797241210938
1778674486.6399717,0.0,-2.1972618103027344,3.9932281970977783,28.476543426513672
1778674486.6755216,0.0,-2.285125494003296,5.084625720977783,27.68552589416504
1778674486.7122219,0.0,-2.285125494003296,5.187017917633057,25.839818954467773
1778674486.745345,0.0,-2.1972618103027344,5.107731342315674,24.960908889770508
1778674486.780818,0.0,-2.1972618103027344,-1.4931728839874268,24.873018264770508
1778674486.8159103,0.0,-2.285125494003296,-1.3165487051010132,24.785127639770508
1778674486.8509688,0.0,-2.1972618103027344,0.35605907440185547,24.873018264770508
1778674486.8860447,0.0,-2.1972618103027344,4.064794063568115,24.960908889770508
1778674486.9212708,0.0,-2.1972618103027344,2.38606858253479,24.960908889770508
1778674486.956231,0.0,-2.285125494003296,0.6393725872039795,24.960908889770508
1778674486.9915566,0.0,-2.285125494003296,1.1918394565582275,24.873018264770508
1778674487.0248551,0.0,-2.1972618103027344,1.7664086818695068,24.960908889770508
1778674487.0600076,0.0,-2.1972618103027344,-2.968491315841675,24.960908889770508
1778674487.0949044,0.0,-2.1972618103027344,-3.179903268814087,24.960908889770508
1778674487.1300075,0.0,-2.1972618103027344,-5.6881842613220215,24.960908889770508
1778674487.1647606,0.0,-2.285125494003296,-4.256369113922119,26.367162704467773
1778674487.1998904,0.0,-2.285125494003296,-5.175119876861572,29.355453491210938
1778674487.2354498,0.0,-2.285125494003296,-5.210073471069336,31.992177963256836
1778674487.2707994,0.0,-2.1972618103027344,-5.713648796081543,34.013641357421875
1778674487.3055477,0.0,-2.1972618103027344,-6.478982448577881,36.474586486816406
1778674487.3407407,0.0,-2.1972618103027344,-5.891921043395996,38.14451217651367
1778674487.3758745,0.0,-2.1972618103027344,-6.660984516143799,39.37498474121094
1778674487.4109137,0.0,-2.1972618103027344,-6.090155601501465,41.04491424560547
1778674487.4458408,0.0,-2.1972618103027344,-5.105519771575928,42.01171112060547
1778674487.480931,0.0,-2.1972618103027344,-1.9026211500167847,42.09960174560547
1778674487.516065,0.0,-2.1972618103027344,1.4718495607376099,42.01171112060547
1778674487.5492704,0.0,-2.1972618103027344,-0.055548060685396194,41.74803924560547
1778674487.5859482,0.0,-2.1972618103027344,-1.6563721895217896,40.1660041809082
1778674487.6213548,0.0,-2.1972618103027344,-6.666292190551758,39.90232849121094
1778674487.656481,0.0,-2.1972618103027344,-6.054287910461426,39.90232849121094
1778674487.6913188,0.0,-2.1972618103027344,-3.456191062927246,40.86913299560547
1778674487.7266636,0.0,-2.1972618103027344,-4.713613510131836,42.18749237060547
1778674487.7614908,0.0,-2.285125494003296,-3.003756523132324,43.94528579711914
1778674487.7946134,0.0,-2.285125494003296,-3.143334150314331,45.175758361816406
1778674487.8297796,0.0,-2.1972618103027344,-0.14635717868804932,45.175758361816406
1778674487.8647845,0.0,-2.1972618103027344,-0.26501426100730896,44.99997329711914
1778674487.9001374,0.0,-2.285125494003296,2.524707794189453,44.82419204711914
1778674487.9354668,0.0,-2.285125494003296,-0.8133843541145325,42.275386810302734
1778674487.9705145,0.0,-2.1972618103027344,-3.6053550243377686,40.86913299560547
1778674488.0053208,0.0,-2.285125494003296,-1.5666742324829102,40.7812385559082
1778674488.0403376,0.0,-2.285125494003296,0.15037421882152557,40.86913299560547
1778674488.0755503,0.0,-2.1972618103027344,-1.0101392269134521,40.7812385559082
1778674488.112403,0.0,-2.1972618103027344,2.377964973449707,41.1328010559082
1778674488.1456232,0.0,-2.1972618103027344,3.3373851776123047,41.1328010559082
1778674488.180652,0.0,-2.1972618103027344,3.9439852237701416,40.9570198059082
1778674488.215054,0.0,-2.1972618103027344,4.6662750244140625,38.67185974121094
1778674488.2486784,0.0,-2.285125494003296,2.904599905014038,36.123023986816406
1778674488.2839947,0.0,-2.1972618103027344,-0.41838690638542175,36.03512954711914
1778674488.321146,0.0,-2.1972618103027344,-0.7110834717750549,36.123023986816406
1778674488.3561842,0.0,-2.1972618103027344,-4.097615718841553,36.562477111816406
1778674488.3910618,0.0,-2.1972618103027344,-0.666210949420929,38.40818405151367
1778674488.4259408,0.0,-2.1972618103027344,-4.876190662384033,39.55076599121094
1778674488.4611163,0.0,-2.1972618103027344,0.5465752482414246,40.5175666809082
1778674488.496406,0.0,-2.1972618103027344,1.6061532497406006,40.9570198059082
1778674488.5313158,0.0,-2.1972618103027344,5.421962738037109,40.7812385559082
1778674488.5662856,0.0,-2.285125494003296,4.958030700683594,40.0781135559082
1778674488.6016314,0.0,-2.1972618103027344,2.499971628189087,37.089820861816406
1778674488.634522,0.0,-2.285125494003296,0.7004951238632202,36.298805236816406
1778674488.6697087,0.0,-2.1972618103027344,1.0796204805374146,36.298805236816406
1778674488.704916,0.0,-2.285125494003296,3.1330409049987793,36.298805236816406
1778674488.7400718,0.0,-2.1972618103027344,4.794650077819824,36.298805236816406
1778674488.7750115,0.0,-2.1972618103027344,5.3272199630737305,34.45309829711914
1778674488.8098917,0.0,-2.1972618103027344,4.480086326599121,31.640615463256836
1778674488.8451192,0.0,-2.1972618103027344,5.967200756072998,30.58592414855957
1778674488.8805242,0.0,-2.1972618103027344,6.813607692718506,28.564434051513672
1778674488.9174027,0.0,-2.285125494003296,6.7112956047058105,26.630836486816406
1778674488.9507153,0.0,-2.1972618103027344,6.693366527557373,25.13669204711914
1778674488.9856875,0.0,-2.1972618103027344,6.190737247467041,24.082000732421875
1778674489.0207608,0.0,-2.1972618103027344,7.2126970291137695,22.9394474029541
1778674489.0557928,0.0,-2.1972618103027344,6.998151779174805,21.09373664855957
1778674489.0913377,0.0,-2.1972618103027344,6.026259422302246,19.248029708862305
1778674489.1262372,0.0,-2.285125494003296,6.701747417449951,18.896465301513672
1778674489.161288,0.0,-2.1972618103027344,5.920816421508789,17.226539611816406
1778674489.1963549,0.0,-2.1972618103027344,6.122973918914795,15.99606704711914
1778674489.2296252,0.0,-2.1972618103027344,5.84541654586792,15.292940139770508
1778674489.2648122,0.0,-2.1972618103027344,5.042064189910889,14.765595436096191
1778674489.300202,0.0,-2.1972618103027344,1.451259732246399,14.589813232421875
1778674489.335232,0.0,-2.1972618103027344,-1.6074209213256836,14.589813232421875
1778674489.3703375,0.0,-2.1972618103027344,-1.8041281700134277,14.853485107421875
1778674489.4052727,0.0,-2.1972618103027344,-4.9096245765686035,16.08395767211914
1778674489.4403868,0.0,-2.1972618103027344,-4.34634256362915,19.160139083862305
1778674489.4735887,0.0,-2.1972618103027344,-2.7070815563201904,22.412099838256836
1778674489.510744,0.0,-2.285125494003296,-3.857579469680786,24.169891357421875
1778674489.5458508,0.0,-2.1972618103027344,-4.578836441040039,24.960908889770508
1778674489.5811608,0.0,-2.1972618103027344,-3.600260019302368,26.367162704467773
1778674489.616217,0.0,-2.1972618103027344,-1.9992576837539673,27.33396339416504
1778674489.6513948,0.0,-2.1972618103027344,0.12997539341449738,27.33396339416504
1778674489.6863866,0.0,-2.1972618103027344,3.971885919570923,27.24607276916504
1778674489.7217138,0.0,-2.285125494003296,2.548341751098633,26.982398986816406
1778674489.7547348,0.0,-2.1972618103027344,2.6016452312469482,25.22458267211914
1778674489.7899778,0.0,-2.1972618103027344,0.7872834801673889,22.9394474029541
1778674489.8250709,0.0,-2.285125494003296,0.21389763057231903,22.58788299560547
1778674489.8602235,0.0,-2.1972618103027344,3.116753339767456,22.67577362060547
1778674489.895458,0.0,-2.1972618103027344,0.4427397549152374,22.67577362060547
1778674489.9304922,0.0,-2.1972618103027344,-1.2821130752563477,22.67577362060547
1778674489.9653316,0.0,-2.1972618103027344,-1.633804202079773,22.76366424560547
1778674490.000631,0.0,-2.1972618103027344,-0.6357964277267456,23.378873825073242
1778674490.035682,0.0,-2.1972618103027344,-0.1339450627565384,23.378873825073242
1778674490.0707915,0.0,-2.1972618103027344,-1.4648693799972534,23.466764450073242
1778674490.1060977,0.0,-2.1972618103027344,2.266404390335083,23.378873825073242
1778674490.1413028,0.0,-2.1972618103027344,3.4085586071014404,23.466764450073242
1778674490.1764078,0.0,-2.1972618103027344,4.050380706787109,23.20311737060547
1778674490.211473,0.0,-2.1972618103027344,3.3100979328155518,22.23632049560547
1778674490.2447162,0.0,-2.1972618103027344,2.093897819519043,20.47850227355957
1778674490.279779,0.0,-2.1972618103027344,-0.2547205984592438,19.687484741210938
1778674490.3166878,0.0,-2.1972618103027344,2.0323970317840576,19.687484741210938
1778674490.349953,0.0,-2.1972618103027344,1.39336359500885,19.687484741210938
1778674490.385374,0.0,-2.1972618103027344,2.00502872467041,19.687484741210938
1778674490.42027,0.0,-2.1972618103027344,0.6733656525611877,19.423810958862305
1778674490.455477,0.0,-2.1972618103027344,3.7017109394073486,19.423810958862305
1778674490.4904873,0.0,-2.1972618103027344,2.5983428955078125,19.248029708862305
1778674490.5257456,0.0,-2.1972618103027344,3.663668155670166,17.84177589416504
1778674490.5609481,0.0,-2.285125494003296,2.7017157077789307,16.25973892211914
1778674490.5958655,0.0,-2.285125494003296,2.522142171859741,16.17184829711914
1778674490.6312983,0.0,-2.1972618103027344,4.131988048553467,15.90817642211914
1778674490.6663988,0.0,-2.1972618103027344,6.4718146324157715,14.238249778747559
1778674490.701292,0.0,-2.1972618103027344,4.9217610359191895,11.162096977233887
1778674490.7348793,0.0,-2.1972618103027344,2.6627037525177,9.228497505187988
1778674490.7699888,0.0,-2.1972618103027344,-0.7635824680328369,9.140606880187988
1778674490.8048398,0.0,-2.1972618103027344,1.6890335083007812,9.316388130187988
1778674490.839982,0.0,-2.1972618103027344,0.5127542614936829,10.019515037536621
1778674490.875183,0.0,-2.1972618103027344,-0.5161411762237549,10.98631477355957
1778674490.9120898,0.0,-2.1972618103027344,-0.47670355439186096,12.30467700958252
1778674490.9455597,0.0,-2.1972618103027344,-1.5190057754516602,12.480459213256836
1778674490.9806128,0.0,-2.1972618103027344,-6.127598285675049,14.326140403747559
1778674491.0156908,0.0,-2.1972618103027344,-6.075553894042969,17.490211486816406
1778674491.0508533,0.0,-2.1972618103027344,-6.4500651359558105,20.302719116210938
1778674491.0859993,0.0,-2.1972618103027344,-5.799470901489258,22.85155487060547
1778674491.120842,0.0,-2.1972618103027344,-6.167811870574951,24.082000732421875
1778674491.1542966,0.0,-2.1972618103027344,-5.736751556396484,25.048799514770508
1778674491.19141,0.0,-2.1972618103027344,-5.6564412117004395,26.455053329467773
1778674491.224523,0.0,-2.1972618103027344,-5.103485584259033,26.982398986816406
1778674491.259852,0.0,-2.1972618103027344,-3.9239661693573,27.42185401916504
1778674491.2950473,0.0,-2.1972618103027344,-5.170633316040039,27.42185401916504
1778674491.330019,0.0,-2.1972618103027344,-2.699615716934204,27.77341651916504
1778674491.3653018,0.0,-2.1972618103027344,1.7435286045074463,27.86130714416504
1778674491.4001708,0.0,-2.1972618103027344,4.022528648376465,27.86130714416504
1778674491.4356232,0.0,-2.1972618103027344,4.942087650299072,27.509742736816406
1778674491.470506,0.0,-2.1972618103027344,5.0580878257751465,26.718727111816406
1778674491.5056148,0.0,-2.1972618103027344,3.5898478031158447,23.554655075073242
1778674491.5406387,0.0,-2.1972618103027344,2.4418907165527344,22.060537338256836
1778674491.5760837,0.0,-2.1972618103027344,2.785672664642334,21.09373664855957
1778674491.610974,0.0,-2.1972618103027344,2.024479627609253,20.039047241210938
1778674491.6463861,0.0,-2.1972618103027344,1.8266962766647339,20.039047241210938
1778674491.6815028,0.0,-2.285125494003296,3.8328042030334473,19.863265991210938
1778674491.718235,0.0,-2.1972618103027344,4.125395774841309,18.10544776916504
1778674491.7496777,0.0,-2.1972618103027344,3.0104479789733887,17.226539611816406
1778674491.7852633,0.0,-2.1972618103027344,5.315831661224365,16.611303329467773
1778674491.820001,0.0,-2.1972618103027344,4.230069160461426,14.150358200073242
1778674491.8553545,0.0,-2.1972618103027344,3.6032798290252686,12.919914245605469
1778674491.890473,0.0,-2.1972618103027344,-2.078444719314575,12.919914245605469
1778674491.925551,0.0,-2.285125494003296,-1.4679542779922485,12.919914245605469
1778674491.9604828,0.0,-2.1972618103027344,-0.3783997595310211,13.359368324279785
1778674491.9956927,0.0,-2.1972618103027344,-2.2694573402404785,14.677703857421875
1778674492.0307798,0.0,-2.1972618103027344,-0.7982271909713745,16.611303329467773
1778674492.0658412,0.0,-2.1972618103027344,-1.8754976987838745,17.314430236816406
1778674492.1010497,0.0,-2.1972618103027344,0.5996696949005127,18.36911964416504
1778674492.1361485,0.0,-2.1972618103027344,-2.0345335006713867,18.544902801513672
1778674492.1713493,0.0,-2.1972618103027344,1.8335624933242798,19.072246551513672
1778674492.2046845,0.0,-2.1972618103027344,3.551548957824707,19.072246551513672
1778674492.239781,0.0,-2.1972618103027344,3.2418408393859863,18.984357833862305
1778674492.2748463,0.0,-2.1972618103027344,-1.1503185033798218,18.720684051513672
1778674492.3103395,0.0,-2.1972618103027344,-3.3437628746032715,18.632793426513672
1778674492.3453357,0.0,-2.285125494003296,-3.9374470710754395,18.808574676513672
1778674492.3803031,0.0,-2.1972618103027344,-1.4462636709213257,19.248029708862305
1778674492.4154549,0.0,-2.1972618103027344,-1.312949538230896,19.248029708862305
1778674492.4508061,0.0,-2.1972618103027344,3.588027238845825,19.248029708862305
1778674492.4859986,0.0,-2.1972618103027344,5.067056655883789,19.248029708862305
1778674492.5208926,0.0,-2.1972618103027344,3.4976806640625,18.984357833862305
1778674492.5560725,0.0,-2.1972618103027344,3.2686502933502197,18.19333839416504
1778674492.5912933,0.0,-2.1972618103027344,2.1527748107910156,15.732394218444824
1778674492.6263683,0.0,-2.1972618103027344,5.187595367431641,15.029267311096191
1778674492.659851,0.0,-2.1972618103027344,5.754188060760498,13.886686325073242
1778674492.6947577,0.0,-2.1972618103027344,5.82572078704834,10.634751319885254
1778674492.7300735,0.0,-2.285125494003296,6.282950401306152,8.701151847839355
1778674492.764929,0.0,-2.1972618103027344,6.292758941650391,6.943334102630615
1778674492.800061,0.0,-2.1972618103027344,4.52577543258667,5.273407459259033
1778674492.8351948,0.0,-2.1972618103027344,4.004820346832275,4.746062278747559
1778674492.870217,0.0,-2.1972618103027344,0.8338185548782349,4.833953380584717
1778674492.9052558,0.0,-2.1972618103027344,-0.4276062846183777,5.185516834259033
1778674492.9403358,0.0,-2.1972618103027344,1.5836714506149292,7.382789134979248
1778674492.9754505,0.0,-2.285125494003296,3.73026442527771,7.822243690490723
1778674493.0104108,0.0,-2.1972618103027344,5.728618144989014,7.470679759979248
1778674493.0455596,0.0,-2.1972618103027344,5.795957088470459,6.767552375793457
1778674493.0810175,0.0,-2.1972618103027344,2.7029061317443848,3.779289960861206
1778674493.1178374,0.0,-2.1972618103027344,-1.0917123556137085,2.1972546577453613
1778674493.1509988,0.0,-2.1972618103027344,-1.9926000833511353,2.2851455211639404
1778674493.185974,0.0,-2.1972618103027344,2.750971555709839,2.900381565093994
1778674493.220903,0.0,-2.1972618103027344,1.478822112083435,2.900381565093994
1778674493.256108,0.0,-2.1972618103027344,2.157233238220215,2.900381565093994
1778674493.291061,0.0,-2.1972618103027344,-2.4333059787750244,2.900381565093994
1778674493.326297,0.0,-2.1972618103027344,0.9881916046142578,2.900381565093994
1778674493.36125,0.0,-2.285125494003296,-1.1914539337158203,2.900381565093994
1778674493.3962605,0.0,-2.1972618103027344,-3.005058765411377,3.603508234024048
1778674493.4313111,0.0,-2.285125494003296,-4.297636985778809,6.240207195281982
1778674493.4666104,0.0,-2.1972618103027344,-1.1640524864196777,8.876934051513672
1778674493.499051,0.0,-2.285125494003296,-0.3493533432483673,9.492170333862305
1778674493.5343904,0.0,-2.1972618103027344,-0.7144952416419983,9.492170333862305
1778674493.5699456,0.0,-2.285125494003296,1.8665156364440918,9.140606880187988
1778674493.605013,0.0,-2.1972618103027344,-4.021101474761963,6.767552375793457
1778674493.6399603,0.0,-2.1972618103027344,-5.680835723876953,6.240207195281982
1778674493.6752696,0.0,-2.1972618103027344,-5.963888168334961,6.415988922119141
1778674493.7103965,0.0,-2.1972618103027344,-5.597929000854492,7.822243690490723
1778674493.745598,0.0,-2.1972618103027344,-4.851505756378174,10.81053352355957
1778674493.7806756,0.0,-2.1972618103027344,-3.5578293800354004,12.216787338256836
1778674493.8157523,0.0,-2.1972618103027344,-3.028545618057251,12.216787338256836
1778674493.851001,0.0,-2.1972618103027344,-1.8370392322540283,12.392568588256836
1778674493.8859076,0.0,-2.1972618103027344,-4.083824634552002,12.392568588256836
1778674493.9214683,0.0,-2.1972618103027344,-4.064107894897461,12.744132041931152
1778674493.9561236,0.0,-2.1972618103027344,-3.2525813579559326,14.238249778747559
1778674493.99162,0.0,-2.1972618103027344,0.665988564491272,14.414031982421875
1778674494.0245645,0.0,-2.285125494003296,0.04732721298933029,14.326140403747559
1778674494.059901,0.0,-2.1972618103027344,2.3879621028900146,14.062468528747559
1778674494.0951574,0.0,-2.285125494003296,4.523089408874512,12.216787338256836
1778674494.1300638,0.0,-2.285125494003296,4.845285892486572,8.613261222839355
1778674494.1651232,0.0,-2.1972618103027344,6.323413848876953,6.591770648956299
1778674494.2003732,0.0,-2.285125494003296,4.592278957366943,3.9550445079803467
1778674494.2351832,0.0,-2.1972618103027344,-0.7297347784042358,2.1972546577453613
1778674494.27063,0.0,-2.1972618103027344,-2.7941741943359375,2.1972546577453613
1778674494.305515,0.0,-2.1972618103027344,-4.869976043701172,2.9882724285125732
1778674494.3407528,0.0,-2.285125494003296,-4.156140327453613,5.53708028793335
1778674494.3754969,0.0,-2.1972618103027344,-1.3285466432571411,9.140606880187988
1778674494.410756,0.0,-2.1972618103027344,-0.568070113658905,11.162096977233887
1778674494.4457011,0.0,-2.1972618103027344,-1.7692666053771973,11.337878227233887
1778674494.4809089,0.0,-2.1972618103027344,-3.0672149658203125,11.337878227233887
1778674494.515944,0.0,-2.1972618103027344,1.034885287284851,12.12889575958252
1778674494.551465,0.0,-2.1972618103027344,-0.9910703897476196,12.216787338256836
1778674494.5863216,0.0,-2.1972618103027344,-1.5493301153182983,12.12889575958252
1778674494.619578,0.0,-2.1972618103027344,-4.783566474914551,12.12889575958252
1778674494.6547966,0.0,-2.1972618103027344,-3.6150715351104736,12.568350791931152
1778674494.689866,0.0,-2.1972618103027344,-1.181885838508606,14.238249778747559
1778674494.7250504,0.0,-2.1972618103027344,-0.1047251895070076,14.501921653747559
1778674494.7602773,0.0,-2.1972618103027344,0.1710151731967926,14.238249778747559
1778674494.7953866,0.0,-2.1972618103027344,1.2521535158157349,13.535149574279785
1778674494.830467,0.0,-2.1972618103027344,1.2354916334152222,12.392568588256836
1778674494.8653681,0.0,-2.285125494003296,2.0290777683258057,11.953113555908203
1778674494.900978,0.0,-2.1972618103027344,1.625787377357483,9.931624412536621
1778674494.9360392,0.0,-2.285125494003296,-3.080998659133911,9.843733787536621
1778674494.9712167,0.0,-2.1972618103027344,1.370930790901184,9.931624412536621
1778674495.0062766,0.0,-2.285125494003296,-2.5906803607940674,9.931624412536621
1778674495.041275,0.0,-2.1972618103027344,-5.573700904846191,9.931624412536621
1778674495.0763638,0.0,-2.1972618103027344,-5.266909122467041,10.98631477355957
1778674495.110024,0.0,-2.1972618103027344,-2.3343513011932373,13.447259902954102
1778674495.1449256,0.0,-2.1972618103027344,-0.7823277711868286,14.941376686096191
1778674495.1800153,0.0,-2.1972618103027344,-0.9621403217315674,14.853485107421875
1778674495.215098,0.0,-2.1972618103027344,-2.6210060119628906,14.765595436096191
1778674495.2503638,0.0,-2.1972618103027344,-1.3287500143051147,14.765595436096191
1778674495.2852778,0.0,-2.285125494003296,0.7378747463226318,14.765595436096191
1778674495.3222144,0.0,-2.1972618103027344,1.091140866279602,14.589813232421875
1778674495.3537242,0.0,-2.1972618103027344,4.561024188995361,13.798794746398926
1778674495.3908877,0.0,-2.1972618103027344,3.6755244731903076,10.81053352355957
1778674495.425789,0.0,-2.285125494003296,1.9674936532974243,9.052715301513672
1778674495.4610558,0.0,-2.1972618103027344,1.7274011373519897,8.964824676513672
1778674495.4960995,0.0,-2.1972618103027344,1.847934365272522,8.964824676513672
1778674495.5314555,0.0,-2.285125494003296,0.288339763879776,8.964824676513672
1778674495.5646389,0.0,-2.1972618103027344,2.3706812858581543,9.052715301513672
1778674495.5997036,0.0,-2.1972618103027344,-4.782872676849365,9.052715301513672
1778674495.6347659,0.0,-2.285125494003296,-1.9331389665603638,9.052715301513672
1778674495.669898,0.0,-2.1972618103027344,-0.8040856719017029,10.107406616210938
1778674495.7050548,0.0,-2.285125494003296,-4.964902877807617,10.371078491210938
1778674495.7404063,0.0,-2.1972618103027344,-4.13554573059082,12.568350791931152
1778674495.77551,0.0,-2.1972618103027344,-3.718554973602295,14.414031982421875
1778674495.810723,0.0,-2.1972618103027344,-2.026470184326172,15.732394218444824
1778674495.8456886,0.0,-2.1972618103027344,-1.8580329418182373,15.82028579711914
1778674495.8809102,0.0,-2.1972618103027344,-2.8767683506011963,15.82028579711914
1778674495.915921,0.0,-2.1972618103027344,-2.2344255447387695,15.90817642211914
1778674495.9512026,0.0,-2.1972618103027344,-3.0333993434906006,16.25973892211914
1778674495.9863439,0.0,-2.1972618103027344,1.2312344312667847,17.050758361816406
1778674496.0213761,0.0,-2.1972618103027344,4.320615291595459,16.962865829467773
1778674496.0546544,0.0,-2.1972618103027344,4.219295501708984,16.699193954467773
1778674496.090104,0.0,-2.1972618103027344,0.16742531955242157,15.82028579711914
1778674496.1249232,0.0,-2.285125494003296,2.051487684249878,15.029267311096191
1778674496.1602495,0.0,-2.1972618103027344,-0.6688293814659119,14.062468528747559
1778674496.1953263,0.0,-2.1972618103027344,2.193016529083252,13.359368324279785
1778674496.2303705,0.0,-2.285125494003296,3.756925344467163,12.30467700958252
1778674496.265486,0.0,-2.1972618103027344,3.595299243927002,10.81053352355957
1778674496.300508,0.0,-2.1972618103027344,2.18684458732605,9.931624412536621
1778674496.3358767,0.0,-2.285125494003296,1.2344199419021606,9.931624412536621
1778674496.3711822,0.0,-2.1972618103027344,3.147517204284668,10.019515037536621
1778674496.4059649,0.0,-2.1972618103027344,2.8776028156280518,9.931624412536621
1778674496.441221,0.0,-2.1972618103027344,1.2412854433059692,9.492170333862305
1778674496.4765644,0.0,-2.1972618103027344,-0.7161169648170471,9.404278755187988
1778674496.5097563,0.0,-2.285125494003296,2.264432430267334,9.580060958862305
1778674496.5447009,0.0,-2.1972618103027344,2.3448667526245117,9.580060958862305
1778674496.580151,0.0,-2.1972618103027344,-1.7034072875976562,9.404278755187988
1778674496.6149457,0.0,-2.285125494003296,-2.169407844543457,9.404278755187988
1778674496.650258,0.0,-2.1972618103027344,-1.4335635900497437,9.667951583862305
1778674496.6853156,0.0,-2.1972618103027344,0.33823761343955994,10.634751319885254
1778674496.722562,0.0,-2.285125494003296,3.014287233352661,10.81053352355957
1778674496.7556348,0.0,-2.1972618103027344,2.273580551147461,10.722641944885254
1778674496.7907317,0.0,-2.1972618103027344,4.740175724029541,9.492170333862305
1778674496.8258197,0.0,-2.1972618103027344,5.31859016418457,6.855443477630615
1778674496.8607543,0.0,-2.285125494003296,6.035805702209473,4.746062278747559
1778674496.89582,0.0,-2.1972618103027344,6.094928741455078,2.2851455211639404
1778674496.930905,0.0,-2.1972618103027344,3.8691396713256836,1.142564058303833
1778674496.9661133,0.0,-2.285125494003296,4.294305801391602,0.8788914680480957
1778674497.0015063,0.0,-2.1972618103027344,2.550600051879883,0.7031096816062927
1778674497.0367377,0.0,-2.285125494003296,5.877804279327393,0.7031096816062927
1778674497.0698466,0.0,-2.285125494003296,5.459501266479492,0.5273279547691345
1778674497.1040754,0.0,-2.1972618103027344,3.729536533355713,-1.757834792137146
1778674497.1391542,0.0,-2.285125494003296,5.154650688171387,-2.28518009185791
1778674497.174379,0.0,-2.1972618103027344,4.361979007720947,-3.779325246810913
1778674497.2094657,0.0,-2.285125494003296,1.1365606784820557,-4.13088846206665
1778674497.2447011,0.0,-2.1972618103027344,2.9400620460510254,-4.04299783706665
1778674497.2781167,0.0,-2.285125494003296,2.1137855052948,-4.04299783706665
1778674497.3136883,0.0,-2.285125494003296,1.502070426940918,-3.867216110229492
1778674497.348888,0.0,-2.285125494003296,-3.728128671646118,-3.603543519973755
1778674497.3858216,0.0,-2.1972618103027344,-4.145094394683838,-1.1425986289978027
1778674497.420868,0.0,-2.1972618103027344,-4.819916248321533,2.2851455211639404
1778674497.4561949,0.0,-2.1972618103027344,-4.101407527923584,4.6581711769104
1778674497.491209,0.0,-2.1972618103027344,-3.4561166763305664,5.361298561096191
1778674497.5259688,0.0,-2.285125494003296,-5.808825492858887,6.152316093444824
1778674497.5612292,0.0,-2.1972618103027344,-2.5889158248901367,8.085916519165039
1778674497.5964174,0.0,-2.1972618103027344,-5.00864839553833,9.228497505187988
1778674497.629489,0.0,-2.1972618103027344,-5.523686408996582,10.107406616210938
1778674497.664755,0.0,-2.1972618103027344,-7.119815826416016,11.601550102233887
1778674497.7000294,0.0,-2.285125494003296,-7.192296504974365,13.535149574279785
1778674497.7351484,0.0,-2.1972618103027344,-7.354179859161377,15.556612968444824
1778674497.7699459,0.0,-2.1972618103027344,-6.843255043029785,17.138648986816406
1778674497.8052092,0.0,-2.1972618103027344,-6.7197489738464355,18.19333839416504
1778674497.8405814,0.0,-2.1972618103027344,-5.802706718444824,19.160139083862305
1778674497.8756323,0.0,-2.1972618103027344,-5.847278594970703,19.511701583862305
1778674497.9108415,0.0,-2.1972618103027344,-5.608141899108887,20.390609741210938
1778674497.9457636,0.0,-2.1972618103027344,-3.7626354694366455,21.09373664855957
1778674497.9808211,0.0,-2.1972618103027344,-5.0811052322387695,21.09373664855957
1778674498.0160778,0.0,-2.285125494003296,-3.42330265045166,21.621084213256836
1778674498.0512056,0.0,-2.285125494003296,-2.5888078212738037,21.621084213256836
1778674498.0864139,0.0,-2.1972618103027344,-1.7563179731369019,21.621084213256836
1778674498.1232228,0.0,-2.1972618103027344,-0.05890621617436409,21.533193588256836
1778674498.1548076,0.0,-2.1972618103027344,-3.45324969291687,20.56639289855957
1778674498.1898134,0.0,-2.1972618103027344,-1.6883032321929932,19.511701583862305
1778674498.2251818,0.0,-2.285125494003296,-0.5314772725105286,19.511701583862305
1778674498.2602148,0.0,-2.285125494003296,-2.99749493598938,19.511701583862305
1778674498.2955194,0.0,-2.285125494003296,-2.7539501190185547,19.511701583862305
1778674498.3304136,0.0,-2.1972618103027344,-2.138988494873047,19.863265991210938
1778674498.3656113,0.0,-2.1972618103027344,-3.9068567752838135,20.917957305908203
1778674498.3988545,0.0,-2.1972618103027344,-3.0786056518554688,22.412099838256836
1778674498.4339585,0.0,-2.1972618103027344,-3.6781346797943115,23.0273380279541
1778674498.4711304,0.0,-2.1972618103027344,-3.569145917892456,24.257781982421875
1778674498.5061858,0.0,-2.1972618103027344,-4.3325886726379395,24.785127639770508
1778674498.5411408,0.0,-2.285125494003296,-0.702381432056427,26.718727111816406
1778674498.5745275,0.0,-2.1972618103027344,-1.9452604055404663,27.33396339416504
1778674498.6096313,0.0,-2.1972618103027344,-0.3954702615737915,27.33396339416504
1778674498.6449604,0.0,-2.1972618103027344,1.5868053436279297,27.24607276916504
1778674498.6800246,0.0,-2.285125494003296,1.9481709003448486,26.894508361816406
1778674498.7153003,0.0,-2.285125494003296,3.914921998977661,25.22458267211914
1778674498.7503133,0.0,-2.1972618103027344,1.0838786363601685,21.884756088256836
1778674498.7855349,0.0,-2.1972618103027344,-5.014526844024658,21.09373664855957
1778674498.820342,0.0,-2.1972618103027344,-4.918240070343018,21.09373664855957
1778674498.855796,0.0,-2.1972618103027344,-2.1394457817077637,21.181629180908203
1778674498.8907921,0.0,-2.1972618103027344,-2.059506416320801,22.412099838256836
1778674498.9258657,0.0,-2.1972618103027344,-0.980441153049469,23.906217575073242
1778674498.9608982,0.0,-2.1972618103027344,-1.9351547956466675,24.169891357421875
1778674498.9963102,0.0,-2.1972618103027344,-2.284827470779419,24.697235107421875
1778674499.031122,0.0,-2.1972618103027344,-1.2854681015014648,25.839818954467773
1778674499.0646808,0.0,-2.285125494003296,-4.484293460845947,26.455053329467773
1778674499.0997496,0.0,-2.1972618103027344,-1.630594253540039,27.158180236816406
1778674499.13487,0.0,-2.1972618103027344,-0.9691027998924255,27.24607276916504
1778674499.1700747,0.0,-2.1972618103027344,2.1746068000793457,27.24607276916504
1778674499.2050622,0.0,-2.1972618103027344,2.735724687576294,26.982398986816406
1778674499.2401845,0.0,-2.285125494003296,3.7022502422332764,26.630836486816406
1778674499.2756577,0.0,-2.1972618103027344,5.321117877960205,23.20311737060547
1778674499.3105292,0.0,-2.1972618103027344,5.3842034339904785,20.126937866210938
1778674499.3457947,0.0,-2.1972618103027344,6.162421703338623,18.36911964416504
1778674499.3808813,0.0,-2.1972618103027344,6.17128324508667,15.82028579711914
1778674499.4160602,0.0,-2.1972618103027344,5.4921441078186035,14.677703857421875
1778674499.4504933,0.0,-2.285125494003296,5.992795944213867,13.974576950073242
1778674499.4840527,0.0,-2.1972618103027344,5.9902143478393555,12.30467700958252
1778674499.5215192,0.0,-2.1972618103027344,5.1284074783325195,11.425768852233887
1778674499.554514,0.0,-2.1972618103027344,5.076046943664551,10.98631477355957
1778674499.5898395,0.0,-2.1972618103027344,6.06559944152832,10.458970069885254
1778674499.624748,0.0,-2.1972618103027344,6.753438949584961,8.876934051513672
1778674499.6597533,0.0,-2.1972618103027344,6.91969108581543,7.382789134979248
1778674499.6951756,0.0,-2.1972618103027344,6.98194694519043,5.53708028793335
1778674499.7302756,0.0,-2.1972618103027344,6.46391487121582,4.306607723236084
1778674499.7653043,0.0,-2.1972618103027344,7.822329998016357,3.0761632919311523
1778674499.8003585,0.0,-2.1972618103027344,7.623867511749268,1.142564058303833
1778674499.8355098,0.0,-2.285125494003296,7.565128326416016,-0.43947166204452515
1778674499.8703423,0.0,-2.1972618103027344,7.630849361419678,-1.5820530652999878
1778674499.9054856,0.0,-2.1972618103027344,7.17900276184082,-3.4277613162994385
1778674499.9407842,0.0,-2.285125494003296,5.401910305023193,-4.04299783706665
1778674499.975831,0.0,-2.1972618103027344,2.7566163539886475,-4.04299783706665
1778674500.010937,0.0,-2.1972618103027344,-1.788610816001892,-3.867216110229492
1778674500.045975,0.0,-2.1972618103027344,-2.548609733581543,-2.021507501602173
1778674500.081293,0.0,-2.1972618103027344,-2.914719581604004,1.6699093580245972
1778674500.1161864,0.0,-2.1972618103027344,1.4238708019256592,3.779289960861206
1778674500.1516967,0.0,-2.1972618103027344,-1.8998810052871704,3.9550445079803467
1778674500.1863098,0.0,-2.1972618103027344,-3.9098260402679443,4.306607723236084
1778674500.219579,0.0,-2.1972618103027344,-4.207901954650879,6.152316093444824
1778674500.2546477,0.0,-2.1972618103027344,-5.955811977386475,7.910134315490723
1778674500.2897234,0.0,-2.1972618103027344,-4.089834690093994,10.458970069885254
1778674500.3249676,0.0,-2.1972618103027344,0.147713765501976,11.86522388458252
1778674500.3600636,0.0,-2.1972618103027344,-1.283658742904663,11.86522388458252
1778674500.395337,0.0,-2.1972618103027344,-2.9125046730041504,11.777332305908203
1778674500.430406,0.0,-2.1972618103027344,0.03035311959683895,11.777332305908203
1778674500.4655113,0.0,-2.1972618103027344,0.774803876876831,11.689441680908203
1778674500.500707,0.0,-2.1972618103027344,-2.668811798095703,10.458970069885254
1778674500.5356288,0.0,-2.1972618103027344,-3.2430732250213623,9.667951583862305
1778674500.5707006,0.0,-2.1972618103027344,0.03754255920648575,9.667951583862305
1778674500.6059244,0.0,-2.1972618103027344,-2.595611333847046,9.667951583862305
1778674500.640961,0.0,-2.1972618103027344,-4.305250644683838,9.755843162536621
1778674500.67626,0.0,-2.1972618103027344,-2.2474756240844727,10.722641944885254
1778674500.711343,0.0,-2.1972618103027344,1.988947868347168,10.98631477355957
1778674500.7445128,0.0,-2.1972618103027344,-0.2838767170906067,10.898423194885254
1778674500.7796566,0.0,-2.1972618103027344,-1.8532013893127441,10.81053352355957
1778674500.814739,0.0,-2.1972618103027344,-0.5989014506340027,10.898423194885254
1778674500.849851,0.0,-2.1972618103027344,1.7577853202819824,10.898423194885254
1778674500.8850906,0.0,-2.1972618103027344,2.168285608291626,10.722641944885254
1778674500.9222567,0.0,-2.1972618103027344,-2.2928359508514404,9.316388130187988
1778674500.9552624,0.0,-2.1972618103027344,-0.16468188166618347,9.316388130187988
1778674500.99053,0.0,-2.1972618103027344,1.8290024995803833,9.404278755187988
1778674501.0253725,0.0,-2.1972618103027344,0.15005919337272644,9.404278755187988
1778674501.0607808,0.0,-2.1972618103027344,2.518681287765503,9.404278755187988
1778674501.0958257,0.0,-2.1972618103027344,2.360917806625366,9.316388130187988
1778674501.1309137,0.0,-2.285125494003296,4.163865089416504,7.998025417327881
1778674501.1661956,0.0,-2.285125494003296,3.8312103748321533,5.800752639770508
1778674501.201054,0.0,-2.1972618103027344,6.447061061859131,5.185516834259033
1778674501.2359924,0.0,-2.1972618103027344,3.224684953689575,3.4277267456054688
1778674501.2710943,0.0,-2.285125494003296,1.9632502794265747,2.1093637943267822
1778674501.3061273,0.0,-2.1972618103027344,4.353534698486328,2.1972546577453613
1778674501.3415112,0.0,-2.285125494003296,5.379794120788574,1.9335819482803345
1778674501.374471,0.0,-2.1972618103027344,5.108705997467041,0.35154619812965393
1778674501.4096587,0.0,-2.285125494003296,7.184396743774414,-0.6152534484863281
1778674501.4447124,0.0,-2.1972618103027344,6.482486724853516,-2.4609618186950684
1778674501.4799592,0.0,-2.1972618103027344,6.738643169403076,-4.306670665740967
1778674501.5150816,0.0,-2.1972618103027344,7.032956123352051,-6.064460754394531
1778674501.5503023,0.0,-2.1972618103027344,7.163598537445068,-7.031260013580322
1778674501.5853374,0.0,-2.285125494003296,4.085163593292236,-8.876968383789062
1778674501.6203768,0.0,-2.1972618103027344,4.829176425933838,-9.843767166137695
1778674501.6555774,0.0,-2.285125494003296,6.423528671264648,-9.843767166137695
1778674501.6907413,0.0,-2.285125494003296,3.388523578643799,-9.843767166137695
1778674501.7275567,0.0,-2.285125494003296,5.368710041046143,-9.843767166137695
1778674501.7609816,0.0,-2.285125494003296,5.183199882507324,-9.843767166137695
1778674501.796138,0.0,-2.285125494003296,5.338785171508789,-11.425804138183594
1778674501.8313384,0.0,-2.1972618103027344,2.6008660793304443,-12.480494499206543
1778674501.8645082,0.0,-2.1972618103027344,3.682405710220337,-12.480494499206543
1778674501.8996522,0.0,-2.1972618103027344,3.156571626663208,-12.480494499206543
1778674501.934704,0.0,-2.1972618103027344,5.238763809204102,-12.480494499206543
1778674501.9699824,0.0,-2.1972618103027344,3.031297445297241,-13.710967063903809
1778674502.0051801,0.0,-2.1972618103027344,2.632072925567627,-14.414093971252441
1778674502.0404017,0.0,-2.285125494003296,4.459192276000977,-14.414093971252441
1778674502.0754921,0.0,-2.1972618103027344,3.5430397987365723,-14.677765846252441
1778674502.1106699,0.0,-2.1972618103027344,0.7088624835014343,-15.117220878601074
1778674502.1456652,0.0,-2.285125494003296,1.9494048357009888,-15.117220878601074
1778674502.180826,0.0,-2.1972618103027344,3.0518624782562256,-15.117220878601074
1778674502.2159038,0.0,-2.1972618103027344,2.864556074142456,-15.117220878601074
1778674502.2511287,0.0,-2.1972618103027344,3.5502090454101562,-16.17188262939453
1778674502.286204,0.0,-2.1972618103027344,3.070495128631592,-17.138683319091797
1778674502.3234012,0.0,-2.1972618103027344,-0.8336169719696045,-17.402355194091797
1778674502.354792,0.0,-2.1972618103027344,-2.9372990131378174,-17.314464569091797
1778674502.3897688,0.0,-2.1972618103027344,-1.112692952156067,-17.314464569091797
1778674502.4249535,0.0,-2.1972618103027344,-3.1055774688720703,-15.644537925720215
1778674502.4604867,0.0,-2.285125494003296,-0.6709024310112,-13.271512031555176
1778674502.4953759,0.0,-2.1972618103027344,-0.14081448316574097,-12.128931045532227
1778674502.5304613,0.0,-2.285125494003296,0.8876379728317261,-12.128931045532227
1778674502.5654852,0.0,-2.1972618103027344,-0.7720549702644348,-12.216821670532227
1778674502.6006594,0.0,-2.1972618103027344,1.736686110496521,-12.304712295532227
1778674502.635728,0.0,-2.1972618103027344,2.9230737686157227,-12.480494499206543
1778674502.6710455,0.0,-2.1972618103027344,-1.2530038356781006,-14.853547096252441
1778674502.7061331,0.0,-2.1972618103027344,-1.806700587272644,-15.117220878601074
1778674502.74155,0.0,-2.1972618103027344,-3.840348958969116,-15.117220878601074
1778674502.774526,0.0,-2.1972618103027344,-5.3380446434021,-13.886748313903809
1778674502.80962,0.0,-2.1972618103027344,-4.654566287994385,-10.986349105834961
1778674502.8448942,0.0,-2.1972618103027344,-1.5795347690582275,-8.701186180114746
1778674502.8800404,0.0,-2.1972618103027344,-4.943910121917725,-8.613295555114746
1778674502.915083,0.0,-2.1972618103027344,-3.5351696014404297,-8.43751335144043
1778674502.950354,0.0,-2.285125494003296,-2.0114052295684814,-6.767587661743164
1778674502.9851923,0.0,-2.1972618103027344,0.27173519134521484,-6.2402424812316895
1778674503.0204782,0.0,-2.1972618103027344,-0.6737855672836304,-6.3281331062316895
1778674503.0556192,0.0,-2.1972618103027344,0.5727620124816895,-6.767587661743164
1778674503.0908785,0.0,-2.285125494003296,-0.26296713948249817,-7.998059272766113
1778674503.1260705,0.0,-2.1972618103027344,1.887174129486084,-8.701186180114746
1778674503.161162,0.0,-2.1972618103027344,1.9118728637695312,-9.140640258789062
1778674503.196097,0.0,-2.1972618103027344,4.198188304901123,-10.986349105834961
1778674503.231226,0.0,-2.1972618103027344,4.24974250793457,-13.271512031555176
1778674503.2646115,0.0,-2.1972618103027344,3.795459032058716,-14.677765846252441
1778674503.2999113,0.0,-2.1972618103027344,0.17024244368076324,-15.556674003601074
1778674503.335041,0.0,-2.1972618103027344,-1.7133784294128418,-15.908210754394531
1778674503.37021,0.0,-2.1972618103027344,-3.875216007232666,-15.908210754394531
1778674503.4053383,0.0,-2.285125494003296,-3.7760050296783447,-14.853547096252441
1778674503.440206,0.0,-2.1972618103027344,-0.8048204779624939,-12.04103946685791
1778674503.4754777,0.0,-2.1972618103027344,-0.6785416603088379,-10.722677230834961
1778674503.5105026,0.0,-2.1972618103027344,-2.9913792610168457,-10.722677230834961
1778674503.545638,0.0,-2.1972618103027344,-3.5816962718963623,-9.580095291137695
1778674503.5809028,0.0,-2.1972618103027344,-0.6744895577430725,-8.173840522766113
1778674503.6159103,0.0,-2.1972618103027344,-2.7026498317718506,-7.822277545928955
1778674503.6512716,0.0,-2.1972618103027344,-1.8573917150497437,-7.3828229904174805
1778674503.6863916,0.0,-2.1972618103027344,-2.6475188732147217,-7.207041263580322
1778674503.7214808,0.0,-2.1972618103027344,1.1649808883666992,-6.503914833068848
1778674503.7547503,0.0,-2.1972618103027344,2.5741891860961914,-6.503914833068848
1778674503.7899814,0.0,-2.285125494003296,4.394461154937744,-6.855478286743164
1778674503.824232,0.0,-2.1972618103027344,0.5779887437820435,-8.34962272644043
1778674503.860024,0.0,-2.1972618103027344,0.639554500579834,-9.404313087463379
1778674503.8953974,0.0,-2.1972618103027344,-1.129866600036621,-9.404313087463379
1778674503.930516,0.0,-2.285125494003296,-1.4477776288986206,-9.316422462463379
1778674503.965667,0.0,-2.1972618103027344,-0.31649014353752136,-8.876968383789062
1778674504.0009086,0.0,-2.1972618103027344,-5.442016124725342,-8.876968383789062
1778674504.0360067,0.0,-2.1972618103027344,-3.8934009075164795,-8.701186180114746
1778674504.071068,0.0,-2.1972618103027344,-4.808962345123291,-6.152351379394531
1778674504.1062217,0.0,-2.285125494003296,-4.132028102874756,-3.691434383392334
1778674504.1412556,0.0,-2.1972618103027344,-3.0121383666992188,-2.988306999206543
1778674504.1763444,0.0,-2.1972618103027344,-6.2597975730896,-2.4609618186950684
1778674504.2096286,0.0,-2.285125494003296,-5.869760990142822,-0.5273625254631042
1778674504.2447035,0.0,-2.1972618103027344,-6.357346057891846,1.054673194885254
1778674504.2796295,0.0,-2.285125494003296,-6.226874828338623,3.1640541553497314
1778674504.314754,0.0,-2.1972618103027344,-3.2628941535949707,4.306607723236084
1778674504.349816,0.0,-2.1972618103027344,-5.51849365234375,4.921844005584717
1778674504.3850632,0.0,-2.1972618103027344,-5.960723400115967,5.53708028793335
1778674504.4200196,0.0,-2.1972618103027344,-6.732637882232666,7.119115829467773
1778674504.4550984,0.0,-2.1972618103027344,-6.343812942504883,8.613261222839355
1778674504.490198,0.0,-2.1972618103027344,-3.7046825885772705,9.755843162536621
1778674504.5271902,0.0,-2.1972618103027344,1.7195475101470947,9.843733787536621
1778674504.5606494,0.0,-2.1972618103027344,2.4940779209136963,9.492170333862305
1778674504.5958524,0.0,-2.1972618103027344,-1.0947085618972778,8.525370597839355
1778674504.6307428,0.0,-2.1972618103027344,-0.6138336658477783,7.6464619636535645
1778674504.6657279,0.0,-2.1972618103027344,0.12293484807014465,7.031225204467773
1778674504.7008326,0.0,-2.285125494003296,2.6249163150787354,5.976534366607666
1778674504.7359047,0.0,-2.1972618103027344,2.846345901489258,3.779289960861206
1778674504.770955,0.0,-2.285125494003296,3.67252516746521,1.8456910848617554
1778674504.8062584,0.0,-2.1972618103027344,1.1137208938598633,0.43943706154823303
1778674504.841141,0.0,-2.1972618103027344,0.17168942093849182,0.5273279547691345
1778674504.8764977,0.0,-2.1972618103027344,-0.22620265185832977,0.6152188181877136
1778674504.911595,0.0,-2.1972618103027344,0.4679631292819977,1.3183457851409912
1778674504.9445817,0.0,-2.285125494003296,-0.6090042591094971,1.3183457851409912
1778674504.9797091,0.0,-2.1972618103027344,-2.381086587905884,2.1093637943267822
1778674505.0148473,0.0,-2.1972618103027344,0.5193963646888733,4.130825996398926
1778674505.0496979,0.0,-2.285125494003296,2.362644910812378,4.394498825073242
1778674505.084811,0.0,-2.1972618103027344,3.3758790493011475,4.042935371398926
1778674505.1200385,0.0,-2.285125494003296,4.077754974365234,1.7578002214431763
1778674505.1551461,0.0,-2.285125494003296,3.9000842571258545,-0.43947166204452515
1778674505.190075,0.0,-2.1972618103027344,1.5415966510772705,-1.3183804750442505
1778674505.2251272,0.0,-2.1972618103027344,-3.3021700382232666,-1.5820530652999878
1778674505.26031,0.0,-2.1972618103027344,-0.6607781052589417,-1.4062713384628296
1778674505.2954843,0.0,-2.1972618103027344,-3.1811556816101074,0.08787357062101364
1778674505.330568,0.0,-2.285125494003296,-1.446894884109497,2.724599838256836
1778674505.3657424,0.0,-2.1972618103027344,-3.1058177947998047,3.0761632919311523
1778674505.400669,0.0,-2.1972618103027344,-3.358574628829956,4.130825996398926
1778674505.4356275,0.0,-2.1972618103027344,0.9618483781814575,5.273407459259033
1778674505.4707098,0.0,-2.285125494003296,-0.7637749314308167,5.185516834259033
1778674505.5057034,0.0,-2.285125494003296,0.5004372000694275,5.009735107421875
1778674505.540806,0.0,-2.1972618103027344,-2.669300079345703,4.833953380584717
1778674505.576035,0.0,-2.285125494003296,0.08232370018959045,4.833953380584717
1778674505.6111956,0.0,-2.285125494003296,3.0302717685699463,4.6581711769104
1778674505.6460626,0.0,-2.285125494003296,2.17482852935791,2.3730363845825195
1778674505.6809754,0.0,-2.285125494003296,1.166822075843811,1.230454921722412
1778674505.716118,0.0,-2.285125494003296,2.554743766784668,1.230454921722412
1778674505.7512314,0.0,-2.1972618103027344,1.8221064805984497,0.7910005450248718
1778674505.7864192,0.0,-2.285125494003296,-1.6779581308364868,0.7031096816062927
1778674505.8196735,0.0,-2.285125494003296,-3.355337142944336,0.7031096816062927
1778674505.8546598,0.0,-2.285125494003296,1.2494572401046753,0.7910005450248718
1778674505.8897533,0.0,-2.285125494003296,4.358970642089844,0.7031096816062927
1778674505.926527,0.0,-2.285125494003296,3.622659206390381,0.35154619812965393
1778674505.9599094,0.0,-2.1972618103027344,-0.43444716930389404,-1.4062713384628296
1778674505.9952288,0.0,-2.1972618103027344,-1.9891008138656616,-1.757834792137146
1778674506.0303285,0.0,-2.1972618103027344,0.3481871485710144,-1.5820530652999878
1778674506.0653133,0.0,-2.285125494003296,-2.881859064102173,-1.4062713384628296
1778674506.0998476,0.0,-2.285125494003296,-2.787856340408325,0.9667823314666748
1778674506.1349034,0.0,-2.285125494003296,-3.4230926036834717,2.636708974838257
1778674506.1687927,0.0,-2.1972618103027344,-0.27324178814888,4.306607723236084
1778674506.2055562,0.0,-2.1972618103027344,2.418549060821533,4.921844005584717
1778674506.2406003,0.0,-2.285125494003296,2.841073513031006,4.833953380584717
1778674506.2755346,0.0,-2.285125494003296,3.4054954051971436,4.042935371398926
1778674506.3105414,0.0,-2.1972618103027344,1.7422209978103638,0.7910005450248718
1778674506.3451917,0.0,-2.285125494003296,-0.18242193758487701,-0.26368993520736694
1778674506.3787792,0.0,-2.285125494003296,0.23905767500400543,-0.26368993520736694
1778674506.4144158,0.0,-2.285125494003296,1.2883796691894531,-0.08790817856788635
1778674506.4511232,0.0,-2.1972618103027344,-0.7686667442321777,-0.17579905688762665
1778674506.4843779,0.0,-2.1972618103027344,-1.983080506324768,-0.17579905688762665
1778674506.5194836,0.0,-2.1972618103027344,-3.3863518238067627,1.054673194885254
1778674506.5546272,0.0,-2.1972618103027344,-0.7367227673530579,3.4277267456054688
1778674506.5895257,0.0,-2.285125494003296,0.8461006879806519,3.603508234024048
1778674506.6246078,0.0,-2.285125494003296,1.7184991836547852,3.1640541553497314
1778674506.6597524,0.0,-2.285125494003296,2.8763320446014404,1.6699093580245972
1778674506.6950727,0.0,-2.285125494003296,2.850416660308838,-0.26368993520736694
1778674506.729952,0.0,-2.1972618103027344,0.4138336777687073,-0.5273625254631042
1778674506.7652695,0.0,-2.285125494003296,0.9056873321533203,-0.5273625254631042
1778674506.8003044,0.0,-2.285125494003296,1.4506367444992065,-0.5273625254631042
1778674506.8352387,0.0,-2.285125494003296,2.3834879398345947,-0.5273625254631042
1778674506.8705528,0.0,-2.285125494003296,4.6191887855529785,-1.9336165189743042
1778674506.9055843,0.0,-2.1972618103027344,3.7767086029052734,-4.570343017578125
1778674506.9406877,0.0,-2.285125494003296,5.243657112121582,-5.273469924926758
1778674506.9760072,0.0,-2.1972618103027344,6.152429103851318,-7.1191511154174805
1778674507.0110674,0.0,-2.285125494003296,4.434671878814697,-8.701186180114746
1778674507.0463567,0.0,-2.1972618103027344,4.199757099151611,-8.964859008789062
1778674507.0812395,0.0,-2.1972618103027344,5.22126579284668,-9.316422462463379
1778674507.1144712,0.0,-2.1972618103027344,3.185826539993286,-10.898458480834961
1778674507.149089,0.0,-2.1972618103027344,2.7469701766967773,-11.513693809509277
1778674507.1846483,0.0,-2.285125494003296,4.5320515632629395,-11.513693809509277
1778674507.220092,0.0,-2.1972618103027344,6.507627487182617,-11.513693809509277
1778674507.2549682,0.0,-2.285125494003296,6.974490165710449,-12.216821670532227
1778674507.2900198,0.0,-2.285125494003296,6.850662708282471,-15.380892753601074
1778674507.3272426,0.0,-2.1972618103027344,2.6877264976501465,-17.75391960144043
1778674507.3587441,0.0,-2.285125494003296,-1.2675727605819702,-18.01759147644043
1778674507.393668,0.0,-2.1972618103027344,-2.662529706954956,-17.92970085144043
1778674507.4309614,0.0,-2.1972618103027344,-0.6010356545448303,-16.787120819091797
1778674507.4660082,0.0,-2.1972618103027344,-0.28839173913002014,-14.853547096252441
1778674507.5010803,0.0,-2.1972618103027344,0.9453411102294922,-13.974638938903809
1778674507.536159,0.0,-2.1972618103027344,-0.8718701601028442,-13.974638938903809
1778674507.571212,0.0,-2.1972618103027344,3.4979279041290283,-13.886748313903809
1778674507.6044545,0.0,-2.285125494003296,-0.7422097325325012,-13.798856735229492
1778674507.6396248,0.0,-2.1972618103027344,-1.2612332105636597,-13.710967063903809
1778674507.6747084,0.0,-2.1972618103027344,-1.0576308965682983,-11.689476013183594
1778674507.7099226,0.0,-2.1972618103027344,-1.1724330186843872,-11.425804138183594
1778674507.745195,0.0,-2.1972618103027344,-2.8685953617095947,-11.162130355834961
1778674507.779696,0.0,-2.1972618103027344,-1.324389100074768,-9.931658744812012
1778674507.8151584,0.0,-2.285125494003296,-0.26294106245040894,-9.228531837463379
1778674507.8485627,0.0,-2.1972618103027344,0.20706532895565033,-9.228531837463379
1778674507.8856065,0.0,-2.1972618103027344,0.34299910068511963,-9.492203712463379
1778674507.9206657,0.0,-2.285125494003296,0.44807562232017517,-9.755876541137695
1778674507.9558547,0.0,-2.285125494003296,3.420689344406128,-10.107439994812012
1778674507.9908884,0.0,-2.1972618103027344,3.7335989475250244,-12.392602920532227
1778674508.0260742,0.0,-2.1972618103027344,6.437559127807617,-14.238311767578125
1778674508.0610635,0.0,-2.1972618103027344,5.53348970413208,-16.523447036743164
1778674508.0943701,0.0,-2.1972618103027344,6.669632434844971,-18.632827758789062
1778674508.1332066,0.0,-2.1972618103027344,6.427224159240723,-21.796899795532227
1778674508.1648095,0.0,-2.285125494003296,5.430904865264893,-23.378934860229492
1778674508.1998823,0.0,-2.1972618103027344,6.1890411376953125,-23.554718017578125
1778674508.235052,0.0,-2.285125494003296,6.371737003326416,-24.873079299926758
