dt,yaw_cmd,yaw_pos,pitch_cmd,pitch_pos
1778674088.1622365,0.0,-0.7030896544456482,0.0,-1.757834792137146
1778674088.1630595,0.6066747903823853,-0.7910078763961792,0.0,-1.757834792137146
1778674088.1638222,-2.2962920665740967,-0.7030896544456482,0.0,-1.757834792137146
1778674088.164562,0.2234226018190384,-0.7030896544456482,0.0,-1.757834792137146
1778674088.1652622,0.2234226018190384,-0.7030896544456482,0.0,-1.757834792137146
1778674088.1660306,-5.099158763885498,-0.7030896544456482,0.0,-1.757834792137146
1778674088.1667917,-0.6766749620437622,-0.7910078763961792,0.0,-1.757834792137146
1778674088.1971636,-2.5718486309051514,-0.7910078763961792,0.0,-1.757834792137146
1778674088.2303827,-1.5042283535003662,-1.1425713300704956,0.0,-1.757834792137146
1778674088.265713,-1.992356777191162,-1.93356192111969,0.0,-1.757834792137146
1778674088.3007402,2.0882718563079834,-2.460907220840454,0.0,-1.757834792137146
1778674088.3361754,-3.422208070755005,-2.460907220840454,0.0,-1.757834792137146
1778674088.370935,-3.8084285259246826,-2.460907220840454,0.0,-1.757834792137146
1778674088.4061117,-4.255323886871338,-2.6366889476776123,0.0,-1.757834792137146
1778674088.441065,-1.161670446395874,-3.339815855026245,0.0,-1.669943928718567
1778674088.4763737,-3.7080955505371094,-5.009769916534424,0.0,-1.669943928718567
1778674088.5109003,-3.7358336448669434,-6.064405918121338,0.0,-1.4941622018814087
1778674088.5462654,-5.074088096618652,-6.679669380187988,0.0,-1.4062713384628296
1778674088.5793757,-4.594459056854248,-8.085923194885254,0.0,-1.3183804750442505
1778674088.6151993,-2.943568229675293,-9.228476524353027,0.0,-1.1425986289978027
1778674088.6501687,-4.912248134613037,-9.75582218170166,0.0,-1.1425986289978027
1778674088.6852543,-1.9627727270126343,-9.93160343170166,0.0,-1.1425986289978027
1778674088.7204025,0.6685258150100708,-10.019521713256836,0.0,-1.1425986289978027
1778674088.7555835,1.9444547891616821,-10.019521713256836,0.0,-1.1425986289978027
1778674088.7903757,3.8814070224761963,-10.019521713256836,0.0,-1.1425986289978027
1778674088.8252337,1.927525281906128,-10.019521713256836,0.0,-1.1425986289978027
1778674088.8606212,1.4328635931015015,-10.019521713256836,0.0,-1.1425986289978027
1778674088.8960316,-1.2061387300491333,-9.580039978027344,0.0,-1.1425986289978027
1778674088.9310923,-1.7636531591415405,-8.525349617004395,0.0,-1.1425986289978027
1778674088.966341,-0.14951926469802856,-8.349568367004395,0.0,-1.2304894924163818
1778674089.0028505,-1.944603681564331,-8.349568367004395,0.0,-1.2304894924163818
1778674089.0360632,-2.7161495685577393,-8.349568367004395,0.0,-1.2304894924163818
1778674089.0698986,-3.980642795562744,-8.349568367004395,0.0,-1.2304894924163818
1778674089.1049323,-5.183248996734619,-8.789050102233887,0.0,-1.2304894924163818
1778674089.1396673,-5.786194801330566,-10.63473129272461,0.0,-1.0547077655792236
1778674089.1750083,-5.3967976570129395,-13.007811546325684,0.0,-0.7031443119049072
1778674089.2102466,-6.423945903778076,-14.41406536102295,0.0,-0.43947166204452515
1778674089.2452934,-5.75747537612915,-15.205056190490723,0.0,-0.26368993520736694
1778674089.280367,-1.9241384267807007,-16.611310958862305,0.0,-0.08790817856788635
1778674089.3173764,0.29507842659950256,-17.753864288330078,0.0,0.08787357062101364
1778674089.3505368,-0.21001911163330078,-17.929645538330078,0.0,0.08787357062101364
1778674089.385263,-2.4626574516296387,-17.841781616210938,0.0,0.17576444149017334
1778674089.4202838,-3.894444465637207,-17.841781616210938,0.0,0.08787357062101364
1778674089.4557126,0.8146688342094421,-17.841781616210938,0.0,0.17576444149017334
1778674089.4910796,0.9133103489875793,-17.841781616210938,0.0,0.08787357062101364
1778674089.526375,-0.8516630530357361,-17.841781616210938,0.0,0.17576444149017334
1778674089.5617723,-0.20119982957839966,-17.841781616210938,0.0,0.08787357062101364
1778674089.5984013,4.803534507751465,-17.841781616210938,0.0,0.17576444149017334
1778674089.6318107,4.667219161987305,-17.841781616210938,0.0,0.08787357062101364
1778674089.6668549,5.36509370803833,-17.490219116210938,0.0,0.08787357062101364
1778674089.7019565,5.458705902099609,-16.435527801513672,0.0,0.08787357062101364
1778674089.7370365,4.473819732666016,-14.50192928314209,0.0,-1.7302845662925392e-05
1778674089.7702162,1.4510494470596313,-12.480466842651367,0.0,-0.17579905688762665
1778674089.805205,0.40086522698402405,-9.66795825958252,0.0,-0.26368993520736694
1778674089.8407168,-0.17360885441303253,-8.43748664855957,0.0,-0.35158079862594604
1778674089.877769,1.4481425285339355,-7.6464409828186035,0.0,-0.43947166204452515
1778674089.9109945,3.386003017425537,-7.6464409828186035,0.0,-0.43947166204452515
1778674089.9459314,4.950695514678955,-7.6464409828186035,0.0,-0.5273625254631042
1778674089.9812257,5.06934928894043,-7.6464409828186035,0.0,-0.5273625254631042
1778674090.016241,5.995936870574951,-6.767532825469971,0.0,-0.7031443119049072
1778674090.0513558,4.3955864906311035,-4.833988189697266,0.0,-1.1425986289978027
1778674090.0865319,6.021151065826416,-3.339815855026245,0.0,-1.4062713384628296
1778674090.1216574,6.260432243347168,-2.285125494003296,0.0,-1.5820530652999878
1778674090.1568804,5.496470928192139,-0.9667896032333374,0.0,-1.845725655555725
1778674090.1919944,5.808468341827393,0.6152461171150208,0.0,-2.109398365020752
1778674090.2271373,5.307426929473877,1.2305095195770264,0.0,-2.197289228439331
1778674090.2623305,6.3985114097595215,1.494154930114746,0.0,-2.3730709552764893
1778674090.2973206,7.236495018005371,2.197281837463379,0.0,-2.5488526821136475
1778674090.3325028,7.75324821472168,3.4277541637420654,0.0,-2.8125252723693848
1778674090.3677287,7.058764457702637,5.185571193695068,0.0,-3.2519795894622803
1778674090.4049358,5.080341815948486,6.591825485229492,0.0,-3.5156521797180176
1778674090.4360359,3.680185317993164,6.943388938903809,0.0,-3.5156521797180176
1778674090.4715688,3.6701784133911133,6.943388938903809,0.0,-3.5156521797180176
1778674090.5064476,5.015287399291992,6.943388938903809,0.0,-3.5156521797180176
1778674090.5414865,5.136927127838135,6.943388938903809,0.0,-3.5156521797180176
1778674090.5768213,-0.05252022668719292,6.943388938903809,0.0,-3.5156521797180176
1778674090.6118503,-0.9095430374145508,6.943388938903809,0.0,-3.5156521797180176
1778674090.6469681,1.3712717294692993,6.943388938903809,0.0,-3.5156521797180176
1778674090.6819344,1.7936967611312866,6.943388938903809,0.0,-3.5156521797180176
1778674090.7171352,3.421818256378174,6.943388938903809,0.0,-3.5156521797180176
1778674090.7523391,2.541220188140869,6.943388938903809,0.0,-3.5156521797180176
1778674090.7875047,1.743362545967102,6.943388938903809,0.0,-3.5156521797180176
1778674090.8226113,2.0047414302825928,6.943388938903809,0.0,-3.5156521797180176
1778674090.8554046,2.7791059017181396,6.943388938903809,0.0,-3.5156521797180176
1778674090.8908384,2.9430506229400635,6.943388938903809,0.0,-3.5156521797180176
1778674090.9262457,2.9016785621643066,6.943388938903809,0.0,-3.5156521797180176
1778674090.9614952,0.8556877374649048,6.943388938903809,0.0,-3.5156521797180176
1778674090.9965305,1.714803695678711,6.943388938903809,0.0,-3.5156521797180176
1778674091.0317004,1.8077658414840698,6.943388938903809,0.0,-3.603543519973755
1778674091.0669222,4.190563201904297,6.943388938903809,0.0,-3.5156521797180176
1778674091.1021261,5.805999755859375,6.943388938903809,0.0,-3.5156521797180176
1778674091.1370814,5.647755146026611,6.943388938903809,0.0,-3.603543519973755
1778674091.1723905,4.58817720413208,7.734379768371582,0.0,-3.779325246810913
1778674091.2075648,2.7661397457122803,9.052770614624023,0.0,-3.9551069736480713
1778674091.2424557,3.4284913539886475,9.755897521972656,0.0,-4.04299783706665
1778674091.2778492,3.230104684829712,10.019542694091797,0.0,-4.04299783706665
1778674091.3108704,2.023865222930908,10.107460975646973,0.0,-4.04299783706665
1778674091.3461769,1.8665469884872437,10.019542694091797,0.0,-4.04299783706665
1778674091.3813894,-0.044751618057489395,10.019542694091797,0.0,-4.04299783706665
1778674091.4161053,1.7500653266906738,10.107460975646973,0.0,-4.04299783706665
1778674091.4514065,0.3120700716972351,10.107460975646973,0.0,-4.04299783706665
1778674091.4865499,3.310842514038086,10.107460975646973,0.0,-4.04299783706665
1778674091.5216157,3.8316762447357178,10.019542694091797,0.0,-4.13088846206665
1778674091.5550618,4.619136333465576,10.107460975646973,0.0,-4.04299783706665
1778674091.5919409,1.6534509658813477,10.019542694091797,0.0,-4.04299783706665
1778674091.627252,1.848366618156433,10.019542694091797,0.0,-4.04299783706665
1778674091.660295,3.383648633956909,10.019542694091797,0.0,-4.04299783706665
1778674091.6972964,0.5703920125961304,10.107460975646973,0.0,-4.04299783706665
1778674091.7307086,-0.2898995578289032,10.107460975646973,0.0,-4.04299783706665
1778674091.7658076,-0.25255680084228516,10.107460975646973,0.0,-4.04299783706665
1778674091.8029006,-3.7148540019989014,10.107460975646973,0.0,-4.04299783706665
1778674091.8364878,-2.716402292251587,10.107460975646973,0.0,-4.04299783706665
1778674091.8711243,-0.32089608907699585,10.107460975646973,0.0,-4.04299783706665
1778674091.9062726,-2.5936713218688965,10.107460975646973,0.0,-4.04299783706665
1778674091.9408917,-1.5184941291809082,10.107460975646973,0.0,-4.04299783706665
1778674091.976495,-4.4387125968933105,10.107460975646973,0.0,-4.04299783706665
1778674092.0117621,-4.19404935836792,10.107460975646973,0.0,-4.04299783706665
1778674092.0470319,-6.3357253074646,9.58011531829834,0.0,-4.04299783706665
1778674092.0822165,-4.257197856903076,6.76760721206665,0.0,-3.867216110229492
1778674092.1172845,-3.0452733039855957,3.8672354221343994,0.0,-3.9551069736480713
1778674092.152033,-2.8672025203704834,2.373063564300537,0.0,-3.603543519973755
1778674092.185652,-4.328392028808594,0.87894606590271,0.0,-3.3398704528808594
1778674092.2229047,-0.9459906220436096,0.3516008257865906,0.0,-3.2519795894622803
1778674092.2578778,4.014523029327393,0.3516008257865906,0.0,-3.2519795894622803
1778674092.29123,-1.1274205446243286,0.3516008257865906,0.0,-3.164088726043701
1778674092.3260844,2.2101433277130127,0.43946439027786255,0.0,-3.2519795894622803
1778674092.36121,5.298644065856934,0.6152461171150208,0.0,-3.2519795894622803
1778674092.3963902,5.400672435760498,2.2852001190185547,0.0,-3.3398704528808594
1778674092.4317312,2.4783005714416504,4.4824442863464355,0.0,-3.5156521797180176
1778674092.4669135,4.124691009521484,6.240261554718018,0.0,-3.603543519973755
1778674092.5018835,3.3137145042419434,7.382816314697266,0.0,-3.779325246810913
1778674092.5370548,1.4348417520523071,8.085943222045898,0.0,-3.867216110229492
1778674092.5714862,-2.0554862022399902,8.173861503601074,0.0,-3.867216110229492
1778674092.6048355,-0.46472877264022827,8.173861503601074,0.0,-3.867216110229492
1778674092.6404848,1.6334943771362305,8.173861503601074,0.0,-3.867216110229492
1778674092.6758363,-0.2761310040950775,8.173861503601074,0.0,-3.867216110229492
1778674092.7127688,1.0820492506027222,8.173861503601074,0.0,-3.867216110229492
1778674092.7459939,-2.141165256500244,8.173861503601074,0.0,-3.867216110229492
1778674092.780986,0.13249291479587555,8.173861503601074,0.0,-3.867216110229492
1778674092.816192,0.1725894957780838,8.173861503601074,0.0,-3.867216110229492
1778674092.8515155,-0.4220050275325775,8.173861503601074,0.0,-3.867216110229492
1778674092.8868709,-0.7235126495361328,8.173861503601074,0.0,-3.867216110229492
1778674092.9217124,1.6076985597610474,8.173861503601074,0.0,-3.867216110229492
1778674092.9568403,3.2239341735839844,8.173861503601074,0.0,-3.867216110229492
1778674092.9918938,4.018512725830078,8.173861503601074,0.0,-3.867216110229492
1778674093.0251455,3.8934967517852783,8.173861503601074,0.0,-3.867216110229492
1778674093.0620804,3.650636672973633,8.173861503601074,0.0,-3.867216110229492
1778674093.097476,4.520791530609131,8.173861503601074,0.0,-3.867216110229492
1778674093.1325884,4.52818489074707,8.34964370727539,0.0,-3.867216110229492
1778674093.1678338,5.288839817047119,8.964852333068848,0.0,-3.9551069736480713
1778674093.2027705,4.272087574005127,10.019542694091797,0.0,-4.13088846206665
1778674093.2361717,-2.341151714324951,11.337933540344238,0.0,-4.306670665740967
1778674093.2712555,0.5605378746986389,12.480486869812012,0.0,-4.482452392578125
1778674093.3063028,5.273151874542236,13.710959434509277,0.0,-4.746124744415283
1778674093.341731,5.512753486633301,14.765649795532227,0.0,-5.0097975730896
1778674093.3768384,4.894600868225098,16.347684860229492,0.0,-5.273469924926758
1778674093.4119058,4.174642086029053,18.19336700439453,0.0,-5.625033378601074
1778674093.446932,3.475536584854126,19.248056411743164,0.0,-5.888679027557373
1778674093.4819171,3.1054129600524902,19.511756896972656,0.0,-5.976569652557373
1778674093.5169215,-0.20665699243545532,19.511756896972656,0.0,-5.888679027557373
1778674093.55199,-1.6648964881896973,19.511756896972656,0.0,-5.976569652557373
1778674093.5871446,-3.940342903137207,19.511756896972656,0.0,-5.976569652557373
1778674093.6196814,-3.1191396713256836,19.511756896972656,0.0,-5.976569652557373
1778674093.6553895,-3.5799739360809326,19.511756896972656,0.0,-5.976569652557373
1778674093.6922033,-2.154179334640503,19.511756896972656,0.0,-5.976569652557373
1778674093.727287,-2.465333938598633,17.92972183227539,0.0,-5.888679027557373
1778674093.7623775,0.29062220454216003,16.962894439697266,0.0,-5.888679027557373
1778674093.7978277,0.7395934462547302,16.962894439697266,0.0,-5.888679027557373
1778674093.8327458,5.365095615386963,16.962894439697266,0.0,-5.888679027557373
1778674093.866078,0.5839617252349854,16.962894439697266,0.0,-5.888679027557373
1778674093.9012241,-1.3149561882019043,16.962894439697266,0.0,-5.888679027557373
1778674093.9362974,1.1434261798858643,16.962894439697266,0.0,-5.800815105438232
1778674093.9714527,5.9949564933776855,16.962894439697266,0.0,-5.800815105438232
1778674094.0082753,5.188778400421143,16.962894439697266,0.0,-5.800815105438232
1778674094.041638,4.801660537719727,16.962894439697266,0.0,-5.888679027557373
1778674094.0769413,3.8873379230499268,18.54492950439453,0.0,-5.888679027557373
1778674094.111702,5.775092601776123,19.86332130432129,0.0,-6.152351379394531
1778674094.1468747,4.8585405349731445,21.445356369018555,0.0,-6.416024208068848
1778674094.1822186,5.512722015380859,23.115253448486328,0.0,-6.767587661743164
1778674094.2175343,4.488440036773682,24.785154342651367,0.0,-7.031260013580322
1778674094.2521536,0.9718489646911621,26.191408157348633,0.0,-7.207041263580322
1778674094.2872663,1.5770896673202515,26.894535064697266,0.0,-7.2949323654174805
1778674094.3225443,2.572183847427368,26.894535064697266,0.0,-7.2949323654174805
1778674094.3577945,4.935438632965088,26.894535064697266,0.0,-7.2949323654174805
1778674094.3909996,4.245931625366211,26.894535064697266,0.0,-7.2949323654174805
1778674094.426308,2.3599884510040283,26.894535064697266,0.0,-7.2949323654174805
1778674094.4612026,3.3482189178466797,26.894535064697266,0.0,-7.2949323654174805
1778674094.496298,3.4654664993286133,26.894535064697266,0.0,-7.2949323654174805
1778674094.5313697,3.6534786224365234,27.070316314697266,0.0,-7.2949323654174805
1778674094.56674,3.0358264446258545,28.212926864624023,0.0,-7.558604717254639
1778674094.6035905,4.997100830078125,29.61918067932129,0.0,-7.734386444091797
1778674094.6368353,5.142847537994385,30.49808692932129,0.0,-7.910168170928955
1778674094.6720963,6.9125142097473145,32.08012390136719,0.0,-8.26173210144043
1778674094.707164,7.2822370529174805,34.541011810302734,0.0,-8.701186180114746
1778674094.7423186,7.339382171630859,36.914093017578125,0.0,-9.140640258789062
1778674094.77761,5.474398612976074,38.496131896972656,0.0,-9.404313087463379
1778674094.8125992,5.853778839111328,39.726600646972656,0.0,-9.492203712463379
1778674094.8452795,5.938819885253906,39.8144645690918,0.0,-9.580095291137695
1778674094.8805814,6.427412033081055,39.90238571166992,0.0,-9.580095291137695
1778674094.9162772,6.940605163574219,41.04493713378906,0.0,-9.843767166137695
1778674094.9511216,6.179008960723877,43.24217987060547,0.0,-10.195331573486328
1778674094.9864137,6.604440689086914,45.527347564697266,0.0,-10.634785652160645
1778674095.0215223,5.473316192626953,47.19729995727539,0.0,-10.898458480834961
1778674095.0565355,7.058311462402344,47.98828887939453,0.0,-10.986349105834961
1778674095.0901928,5.153522968292236,47.98828887939453,0.0,-10.986349105834961
1778674095.126909,0.5118414759635925,47.98828887939453,0.0,-10.986349105834961
1778674095.161981,-3.8629965782165527,47.98828887939453,0.0,-10.986349105834961
1778674095.1971111,-5.305138111114502,47.98828887939453,0.0,-10.986349105834961
1778674095.2322912,-6.456638813018799,47.98828887939453,0.0,-10.986349105834961
1778674095.2674596,-2.794229507446289,47.98828887939453,0.0,-11.074240684509277
1778674095.3006384,-3.449218988418579,47.98828887939453,0.0,-10.986349105834961
1778674095.3377361,-5.696579456329346,47.98828887939453,0.0,-11.074240684509277
1778674095.3709319,-3.3421201705932617,47.98828887939453,0.0,-11.074240684509277
1778674095.4079256,-4.410831451416016,47.02151870727539,0.0,-10.986349105834961
1778674095.4412706,-6.0826520919799805,44.91213607788086,0.0,-10.986349105834961
1778674095.476357,-4.404688835144043,42.27540969848633,0.0,-10.986349105834961
1778674095.5114903,-2.8039681911468506,39.4629020690918,0.0,-10.546895027160645
1778674095.5469122,-3.678274631500244,37.44144058227539,0.0,-10.283222198486328
1778674095.5820434,0.0726156011223793,36.650394439697266,0.0,-10.107439994812012
1778674095.6169221,0.2389850616455078,36.650394439697266,0.0,-10.107439994812012
1778674095.6522074,4.014613151550293,36.650394439697266,0.0,-10.107439994812012
1778674095.6867406,4.52969217300415,36.650394439697266,0.0,-10.107439994812012
1778674095.7202456,6.3443145751953125,36.650394439697266,0.0,-10.107439994812012
1778674095.7558265,6.0269269943237305,36.650394439697266,0.0,-10.107439994812012
1778674095.792792,3.3230109214782715,37.17774200439453,0.0,-10.107439994812012
1778674095.8259616,6.670665740966797,38.5839958190918,0.0,-10.107439994812012
1778674095.8610053,5.595285892486572,40.78129196166992,0.0,-10.195331573486328
1778674095.896195,4.750679016113281,43.24217987060547,0.0,-10.371113777160645
1778674095.9315956,2.6915934085845947,46.318389892578125,0.0,-10.898458480834961
1778674095.9665895,1.7273918390274048,48.603553771972656,0.0,-11.250021934509277
1778674096.0034888,1.9826096296310425,49.65824508666992,0.0,-11.337912559509277
1778674096.0367303,2.104163408279419,49.65824508666992,0.0,-11.337912559509277
1778674096.0717974,3.303105115890503,49.65824508666992,0.0,-11.337912559509277
1778674096.107099,6.001773834228516,49.65824508666992,0.0,-11.337912559509277
1778674096.141989,5.332740783691406,49.65824508666992,0.0,-11.337912559509277
1778674096.1772861,2.158129930496216,49.65824508666992,0.0,-11.425804138183594
1778674096.2122715,-1.4180140495300293,49.83402633666992,0.0,-11.425804138183594
1778674096.2456546,-3.124488353729248,49.83402633666992,0.0,-11.425804138183594
1778674096.2827594,-5.962355613708496,49.83402633666992,0.0,-11.425804138183594
1778674096.3159332,-4.346466541290283,49.83402633666992,0.0,-11.425804138183594
1778674096.3513,-5.031189441680908,49.83402633666992,0.0,-11.425804138183594
1778674096.3861723,-5.2807745933532715,49.83402633666992,0.0,-11.425804138183594
1778674096.4211793,-5.0130743980407715,49.83402633666992,0.0,-11.425804138183594
1778674096.4563296,-6.558059215545654,48.8671989440918,0.0,-11.425804138183594
1778674096.4917452,-6.993838310241699,46.84573745727539,0.0,-11.337912559509277
1778674096.5267684,-6.109013557434082,43.066402435302734,0.0,-11.250021934509277
1778674096.561821,-4.903482913970947,40.78129196166992,0.0,-10.810566902160645
1778674096.5971177,-5.363561630249023,38.32034683227539,0.0,-10.546895027160645
1778674096.6320326,-1.0857632160186768,37.61722183227539,0.0,-10.371113777160645
1778674096.6673105,-4.216569900512695,37.52930450439453,0.0,-10.371113777160645
1778674096.7024145,-4.644828796386719,37.52930450439453,0.0,-10.371113777160645
1778674096.7375164,-4.802556991577148,37.52930450439453,0.0,-10.371113777160645
1778674096.7726407,-7.357577800750732,37.17774200439453,0.0,-10.195331573486328
1778674096.8096457,-5.250202178955078,35.859405517578125,0.0,-10.019549369812012
1778674096.8410666,-4.297290325164795,34.365234375,0.0,-9.667985916137695
1778674096.8761551,-5.770764350891113,32.16798782348633,0.0,-9.316422462463379
1778674096.9112608,-1.1185988187789917,31.904342651367188,0.0,-9.316422462463379
1778674096.946665,0.42277273535728455,31.201215744018555,0.0,-9.140640258789062
1778674096.981691,1.3739701509475708,30.849651336669922,0.0,-9.140640258789062
1778674097.0168087,-0.5530627965927124,30.937515258789062,0.0,-9.052749633789062
1778674097.052021,-0.36227861046791077,30.937515258789062,0.0,-9.052749633789062
1778674097.0870888,-4.157069683074951,30.937515258789062,0.0,-9.052749633789062
1778674097.1221106,-2.076812505722046,30.937515258789062,0.0,-9.052749633789062
1778674097.157469,-2.9249775409698486,30.937515258789062,0.0,-9.052749633789062
1778674097.192559,-2.4511518478393555,30.937515258789062,0.0,-9.052749633789062
1778674097.2276309,0.8342110514640808,30.937515258789062,0.0,-9.052749633789062
1778674097.2611725,1.3589916229248047,30.937515258789062,0.0,-9.052749633789062
1778674097.2962823,1.761141300201416,30.937515258789062,0.0,-9.052749633789062
1778674097.3311667,2.1480050086975098,30.937515258789062,0.0,-9.052749633789062
1778674097.3663168,-0.16291926801204681,31.640642166137695,0.0,-9.052749633789062
1778674097.4013617,1.9270412921905518,33.04689407348633,0.0,-9.228531837463379
1778674097.4367974,4.950659275054932,33.662105560302734,0.0,-9.228531837463379
1778674097.472028,5.670913219451904,34.80471420288086,0.0,-9.228531837463379
1778674097.5069451,6.321670055389404,36.73831558227539,0.0,-9.316422462463379
1778674097.5421824,4.535242080688477,38.9355583190918,0.0,-9.667985916137695
1778674097.577314,2.0466175079345703,41.57228469848633,0.0,-10.019549369812012
1778674097.6122017,-2.1372451782226562,42.89067459106445,0.0,-10.195331573486328
1778674097.6474593,1.1989736557006836,43.066402435302734,0.0,-10.283222198486328
1778674097.6825943,0.2285824567079544,43.066402435302734,0.0,-10.283222198486328
1778674097.717741,3.559596538543701,43.066402435302734,0.0,-10.371113777160645
1778674097.7510388,1.136214017868042,43.066402435302734,0.0,-10.283222198486328
1778674097.7863686,-0.32726824283599854,43.066402435302734,0.0,-10.283222198486328
1778674097.8212376,-0.20281241834163666,43.066402435302734,0.0,-10.283222198486328
1778674097.8562589,2.0940706729888916,43.066402435302734,0.0,-10.283222198486328
1778674097.8914201,1.8797149658203125,43.066402435302734,0.0,-10.283222198486328
1778674097.9265335,2.068791389465332,43.066402435302734,0.0,-10.283222198486328
1778674097.9616785,1.7412352561950684,43.066402435302734,0.0,-10.283222198486328
1778674097.9969003,1.8578474521636963,43.066402435302734,0.0,-10.283222198486328
1778674098.03196,-1.48179292678833,43.154319763183594,0.0,-10.371113777160645
1778674098.067105,-1.2841594219207764,43.154319763183594,0.0,-10.371113777160645
1778674098.102182,-1.8045421838760376,43.154319763183594,0.0,-10.283222198486328
1778674098.1356578,-1.9295614957809448,43.154319763183594,0.0,-10.283222198486328
1778674098.1724906,-0.5986659526824951,43.154319763183594,0.0,-10.371113777160645
1778674098.2097886,-2.4652113914489746,43.154319763183594,0.0,-10.283222198486328
1778674098.2410917,-2.5824339389801025,43.154319763183594,0.0,-10.283222198486328
1778674098.276103,-3.1833558082580566,42.71489334106445,0.0,-10.283222198486328
1778674098.3114123,-2.008967161178589,42.01176452636719,0.0,-10.283222198486328
1778674098.3463278,0.12143100798130035,40.60551071166992,0.0,-10.283222198486328
1778674098.3814597,-2.548462152481079,39.63868713378906,0.0,-10.283222198486328
1778674098.4166448,-0.9371442794799805,39.55082321166992,0.0,-10.283222198486328
1778674098.4517097,4.141007900238037,39.55082321166992,0.0,-10.283222198486328
1778674098.4869792,-0.039474643766880035,39.55082321166992,0.0,-10.283222198486328
1778674098.5221865,-2.3725147247314453,39.55082321166992,0.0,-10.283222198486328
1778674098.5552688,-4.250795841217041,39.55082321166992,0.0,-10.283222198486328
1778674098.5923078,-4.544424533843994,39.55082321166992,0.0,-10.283222198486328
1778674098.6257157,-0.38475656509399414,39.55082321166992,0.0,-10.283222198486328
1778674098.6626139,-0.4660651981830597,39.55082321166992,0.0,-10.283222198486328
1778674098.695929,-2.3809916973114014,39.55082321166992,0.0,-10.283222198486328
1778674098.7310522,-0.6710343956947327,39.55082321166992,0.0,-10.283222198486328
1778674098.7662172,-2.3135156631469727,39.55082321166992,0.0,-10.283222198486328
1778674098.801231,0.7501246333122253,39.55082321166992,0.0,-10.283222198486328
1778674098.8365657,1.3319264650344849,39.55082321166992,0.0,-10.283222198486328
1778674098.8718066,4.300580978393555,39.55082321166992,0.0,-10.283222198486328
1778674098.9048853,2.2899515628814697,39.55082321166992,0.0,-10.283222198486328
1778674098.9399672,6.828006267547607,39.55082321166992,0.0,-10.283222198486328
1778674098.9769225,7.073487758636475,40.07816696166992,0.0,-10.283222198486328
1778674099.0100603,7.163994312286377,41.39650344848633,0.0,-10.283222198486328
1778674099.0452352,6.804725170135498,43.681663513183594,0.0,-10.371113777160645
1778674099.0821972,5.564865589141846,46.669952392578125,0.0,-10.986349105834961
1778674099.1174562,3.3911631107330322,49.65824508666992,0.0,-11.425804138183594
1778674099.152516,2.590315580368042,51.06449890136719,0.0,-11.689476013183594
1778674099.185807,0.061246514320373535,51.67970657348633,0.0,-11.865257263183594
1778674099.2211678,0.6307763457298279,51.67970657348633,0.0,-11.865257263183594
1778674099.2561102,-1.8246105909347534,51.67970657348633,0.0,-11.865257263183594
1778674099.2912216,-0.1696130633354187,51.67970657348633,0.0,-11.865257263183594
1778674099.3263648,2.190927743911743,51.67970657348633,0.0,-11.865257263183594
1778674099.3614192,-0.08465352654457092,51.67970657348633,0.0,-11.865257263183594
1778674099.3966246,2.834949016571045,51.67970657348633,0.0,-11.865257263183594
1778674099.430995,1.7896186113357544,51.67970657348633,0.0,-11.865257263183594
1778674099.464838,4.127161026000977,51.67970657348633,0.0,-11.865257263183594
1778674099.4997458,4.493002414703369,51.67970657348633,0.0,-11.865257263183594
1778674099.5353599,5.822397708892822,51.67970657348633,0.0,-11.865257263183594
1778674099.572248,3.4756247997283936,51.855491638183594,0.0,-11.865257263183594
1778674099.6075866,2.7300829887390137,52.47075271606445,0.0,-11.865257263183594
1778674099.641009,5.240047454833984,53.349609375,0.0,-12.04103946685791
1778674099.6761076,3.4885876178741455,54.580078125,0.0,-12.304712295532227
1778674099.711011,-2.304353713989258,55.458988189697266,0.0,-12.480494499206543
1778674099.7459023,-5.911987781524658,55.546905517578125,0.0,-12.480494499206543
1778674099.7810228,-7.505049228668213,55.546905517578125,0.0,-12.480494499206543
1778674099.8161538,-7.834919452667236,55.546905517578125,0.0,-12.480494499206543
1778674099.8512287,-7.808170318603516,55.546905517578125,0.0,-12.480494499206543
1778674099.8862703,-7.329888820648193,55.546905517578125,0.0,-12.480494499206543
1778674099.9211836,-7.339358806610107,55.546905517578125,0.0,-12.480494499206543
1778674099.956765,-6.932953834533691,54.31643295288086,0.0,-12.480494499206543
1778674099.991714,-6.760491371154785,51.67970657348633,0.0,-12.392602920532227
1778674100.026938,-6.4761247634887695,48.5156364440918,0.0,-12.216821670532227
1778674100.06218,-6.35639762878418,45.966827392578125,0.0,-11.865257263183594
1778674100.097353,-6.246817588806152,42.802757263183594,0.0,-11.337912559509277
1778674100.1323845,-5.311397075653076,42.45119094848633,0.0,-11.250021934509277
1778674100.1672158,-6.491665840148926,42.45119094848633,0.0,-11.250021934509277
1778674100.202743,-4.774271011352539,41.83598709106445,0.0,-11.162130355834961
1778674100.2378414,-2.4864187240600586,41.04493713378906,0.0,-10.986349105834961
1778674100.271169,-2.8322856426239014,40.60551071166992,0.0,-10.898458480834961
1778674100.3060257,-0.5989670157432556,40.51759338378906,0.0,-10.898458480834961
1778674100.3410144,-2.478965997695923,40.51759338378906,0.0,-10.898458480834961
1778674100.3764534,-3.598581075668335,40.51759338378906,0.0,-10.898458480834961
1778674100.4134097,-3.01629900932312,40.51759338378906,0.0,-10.810566902160645
1778674100.4465704,-3.275294542312622,40.34181213378906,0.0,-10.810566902160645
1778674100.481852,-4.042575359344482,39.99024963378906,0.0,-10.810566902160645
1778674100.5169504,-5.0362548828125,39.4629020690918,0.0,-10.722677230834961
1778674100.551994,-5.596123695373535,37.96878433227539,0.0,-10.459003448486328
1778674100.587271,-3.520209550857544,35.771488189697266,0.0,-10.019549369812012
1778674100.6222177,-6.386929035186768,33.13481521606445,0.0,-9.492203712463379
1778674100.65739,-5.62662410736084,31.113298416137695,0.0,-9.228531837463379
1778674100.6925278,-5.632853031158447,29.531261444091797,0.0,-8.964859008789062
1778674100.7276611,-4.005336284637451,29.70704460144043,0.0,-8.964859008789062
1778674100.7610188,-2.55289888381958,29.267616271972656,0.0,-8.876968383789062
1778674100.796104,-6.784639835357666,29.355480194091797,0.0,-8.876968383789062
1778674100.831146,-5.853541851043701,29.355480194091797,0.0,-8.876968383789062
1778674100.8662386,-5.014589309692383,29.355480194091797,0.0,-8.876968383789062
1778674100.9018228,-4.63963508605957,28.212926864624023,0.0,-8.701186180114746
1778674100.9367194,-5.137639045715332,27.2460994720459,0.0,-8.613295555114746
1778674100.9719276,-3.0636813640594482,26.191408157348633,0.0,-8.525404930114746
1778674101.0070496,-3.763895034790039,24.960935592651367,0.0,-8.34962272644043
1778674101.0421672,1.2212697267532349,24.345727920532227,0.0,-8.26173210144043
1778674101.0774066,2.470409393310547,24.345727920532227,0.0,-8.26173210144043
1778674101.112495,6.090526103973389,24.345727920532227,0.0,-8.26173210144043
1778674101.1475458,4.403957366943359,24.345727920532227,0.0,-8.26173210144043
1778674101.1827118,-0.3992922306060791,24.345727920532227,0.0,-8.26173210144043
1778674101.2159464,1.475968360900879,24.609371185302734,0.0,-8.26173210144043
1778674101.2512298,3.342578172683716,25.22463607788086,0.0,-8.34962272644043
1778674101.286316,3.0381155014038086,27.070316314697266,0.0,-8.43751335144043
1778674101.3211842,-1.373386263847351,28.916053771972656,0.0,-8.525404930114746
1778674101.356302,-2.4586682319641113,30.49808692932129,0.0,-8.789076805114746
1778674101.3916798,-0.6867538094520569,30.761734008789062,0.0,-8.789076805114746
1778674101.4267187,-1.1909923553466797,30.761734008789062,0.0,-8.789076805114746
1778674101.4618113,-1.4563885927200317,30.673870086669922,0.0,-8.789076805114746
1778674101.4972615,-1.8436567783355713,30.23438835144043,0.0,-8.789076805114746
1778674101.5319107,-3.9219439029693604,28.652353286743164,0.0,-8.789076805114746
1778674101.5653574,-4.683488368988037,26.806673049926758,0.0,-8.789076805114746
1778674101.6023102,-6.383368492126465,24.345727920532227,0.0,-8.43751335144043
1778674101.6373558,-2.9699437618255615,22.324264526367188,0.0,-8.173840522766113
1778674101.6725197,-3.8148865699768066,20.30274772644043,0.0,-7.910168170928955
1778674101.707624,-2.4171879291534424,18.984411239624023,0.0,-7.734386444091797
1778674101.7408044,-4.483752250671387,19.072275161743164,0.0,-7.646495819091797
1778674101.7759254,-2.380500316619873,19.072275161743164,0.0,-7.646495819091797
1778674101.814663,-5.793776988983154,19.072275161743164,0.0,-7.646495819091797
1778674101.8458552,-3.802845001220703,19.072275161743164,0.0,-7.646495819091797
1778674101.8810635,-3.584702491760254,19.072275161743164,0.0,-7.646495819091797
1778674101.9160767,2.1448731422424316,18.720712661743164,0.0,-7.558604717254639
1778674101.951231,-1.6028852462768555,18.632848739624023,0.0,-7.558604717254639
1778674101.9865243,-1.2944575548171997,18.632848739624023,0.0,-7.558604717254639
1778674102.0214157,-0.23259836435317993,18.632848739624023,0.0,-7.558604717254639
1778674102.0565557,2.9285266399383545,18.632848739624023,0.0,-7.558604717254639
1778674102.0919287,1.5285217761993408,18.632848739624023,0.0,-7.558604717254639
1778674102.126724,1.5411977767944336,18.632848739624023,0.0,-7.558604717254639
1778674102.1617644,-4.048641681671143,18.984411239624023,0.0,-7.558604717254639
1778674102.1969376,-5.2545247077941895,19.511756896972656,0.0,-7.646495819091797
1778674102.2318356,-4.057809829711914,19.687538146972656,0.0,-7.646495819091797
1778674102.2670712,-1.0627334117889404,19.687538146972656,0.0,-7.646495819091797
1778674102.3022237,-1.743011236190796,19.687538146972656,0.0,-7.646495819091797
1778674102.3368459,3.6394259929656982,19.687538146972656,0.0,-7.646495819091797
1778674102.372068,6.186069965362549,19.687538146972656,0.0,-7.646495819091797
1778674102.4070642,5.704111099243164,19.687538146972656,0.0,-7.646495819091797
1778674102.4421172,-0.19164034724235535,19.687538146972656,0.0,-7.646495819091797
1778674102.4773684,-4.465765953063965,19.687538146972656,0.0,-7.646495819091797
1778674102.5122356,-5.46401309967041,19.687538146972656,0.0,-7.646495819091797
1778674102.5473216,-2.8800041675567627,19.687538146972656,0.0,-7.646495819091797
1778674102.5806122,-1.877793550491333,19.423839569091797,0.0,-7.646495819091797
1778674102.617654,-5.841208457946777,18.28128433227539,0.0,-7.558604717254639
1778674102.6510105,-5.789656639099121,18.10550308227539,0.0,-7.558604717254639
1778674102.686106,-2.1803746223449707,18.10550308227539,0.0,-7.558604717254639
1778674102.7212448,-2.9197919368743896,17.402376174926758,0.0,-7.470714092254639
1778674102.7562,-4.305224418640137,16.787113189697266,0.0,-7.3828229904174805
1778674102.7913508,1.2013152837753296,15.732421875,0.0,-7.207041263580322
1778674102.8267665,1.1795998811721802,15.205077171325684,0.0,-7.207041263580322
1778674102.8619545,-0.27318716049194336,15.205077171325684,0.0,-7.207041263580322
1778674102.895196,0.6605854034423828,15.29299545288086,0.0,-7.207041263580322
1778674102.9322724,0.5972143411636353,15.205077171325684,0.0,-7.207041263580322
1778674102.9671867,-0.6651984453201294,15.205077171325684,0.0,-7.207041263580322
1778674103.000481,2.5408995151519775,15.205077171325684,0.0,-7.207041263580322
1778674103.0373492,4.662412166595459,15.205077171325684,0.0,-7.207041263580322
1778674103.0727723,5.634532928466797,15.205077171325684,0.0,-7.207041263580322
1778674103.1058981,5.049717426300049,15.29299545288086,0.0,-7.207041263580322
1778674103.141009,6.245842933654785,15.644558906555176,0.0,-7.207041263580322
1778674103.1760716,5.784510135650635,17.578157424926758,0.0,-7.3828229904174805
1778674103.2131238,5.98591947555542,20.21488380432129,0.0,-7.470714092254639
1778674103.2465205,6.692056655883789,23.115253448486328,0.0,-7.734386444091797
1778674103.2813568,6.9888739585876465,25.13671875,0.0,-7.998059272766113
1778674103.3165467,7.577281475067139,27.2460994720459,0.0,-8.43751335144043
1778674103.3518112,7.537818908691406,29.179697036743164,0.0,-8.876968383789062
1778674103.3870692,6.070148468017578,31.113298416137695,0.0,-9.228531837463379
1778674103.4219677,3.605992317199707,31.904342651367188,0.0,-9.316422462463379
1778674103.45725,5.650766372680664,31.904342651367188,0.0,-9.316422462463379
1778674103.4921885,4.646676063537598,31.904342651367188,0.0,-9.404313087463379
1778674103.5272827,4.898626327514648,32.25590515136719,0.0,-9.492203712463379
1778674103.5627213,2.60087251663208,32.51955032348633,0.0,-9.492203712463379
1778674103.5976057,4.451406002044678,32.51955032348633,0.0,-9.492203712463379
1778674103.6308053,3.165882110595703,32.60746765136719,0.0,-9.492203712463379
1778674103.6662028,5.547359466552734,32.60746765136719,0.0,-9.492203712463379
1778674103.7006836,4.130229949951172,32.78325271606445,0.0,-9.492203712463379
1778674103.736356,5.633360862731934,33.486324310302734,0.0,-9.667985916137695
1778674103.7715907,6.084247589111328,35.15627670288086,0.0,-9.931658744812012
1778674103.806782,4.484936714172363,36.914093017578125,0.0,-10.195331573486328
1778674103.8417745,5.821329116821289,37.61722183227539,0.0,-10.371113777160645
1778674103.877085,3.7365036010742188,38.40821075439453,0.0,-10.459003448486328
1778674103.9121592,1.2614840269088745,38.7597770690918,0.0,-10.546895027160645
1778674103.9472752,2.8335444927215576,38.7597770690918,0.0,-10.546895027160645
1778674103.9822915,0.8255782127380371,38.7597770690918,0.0,-10.546895027160645
1778674104.0175052,-0.9919055104255676,38.7597770690918,0.0,-10.546895027160645
1778674104.0508714,-1.9169994592666626,38.7597770690918,0.0,-10.546895027160645
1778674104.0861406,-4.143178939819336,38.7597770690918,0.0,-10.546895027160645
1778674104.1210983,-1.3945679664611816,38.7597770690918,0.0,-10.546895027160645
1778674104.1560588,0.25714775919914246,37.96878433227539,0.0,-10.546895027160645
1778674104.191368,-0.0849924311041832,36.562530517578125,0.0,-10.459003448486328
1778674104.2265177,-0.49648475646972656,35.683624267578125,0.0,-10.459003448486328
1778674104.2616284,0.644044041633606,35.595703125,0.0,-10.459003448486328
1778674104.2967646,4.591524600982666,35.595703125,0.0,-10.459003448486328
1778674104.3318923,5.584028244018555,35.595703125,0.0,-10.459003448486328
1778674104.3672094,4.207198619842529,35.595703125,0.0,-10.459003448486328
1778674104.402285,5.172239780426025,36.123050689697266,0.0,-10.459003448486328
1778674104.437108,4.4717864990234375,37.52930450439453,0.0,-10.459003448486328
1778674104.4726534,3.572068214416504,39.2871208190918,0.0,-10.634785652160645
1778674104.5074842,6.2340803146362305,40.60551071166992,0.0,-10.810566902160645
1778674104.540769,5.195164680480957,41.04493713378906,0.0,-10.898458480834961
1778674104.5758839,3.7744524478912354,42.36332702636719,0.0,-11.162130355834961
1778674104.6129982,-1.7364065647125244,44.47265625,0.0,-11.425804138183594
1778674104.6458006,-4.78822660446167,45.3515625,0.0,-11.689476013183594
1778674104.681543,-3.6002767086029053,45.703128814697266,0.0,-11.689476013183594
1778674104.7165132,-4.77133846282959,45.703128814697266,0.0,-11.689476013183594
1778674104.7519283,-3.437230348587036,45.615264892578125,0.0,-11.689476013183594
1778674104.7870162,-5.340826511383057,45.615264892578125,0.0,-11.689476013183594
1778674104.822061,-6.089812755584717,45.615264892578125,0.0,-11.689476013183594
1778674104.8572183,-4.75035285949707,45.703128814697266,0.0,-11.689476013183594
1778674104.892299,-1.0700581073760986,44.648433685302734,0.0,-11.689476013183594
1778674104.9273565,0.506116509437561,43.593746185302734,0.0,-11.689476013183594
1778674104.9627042,3.3442471027374268,42.53911209106445,0.0,-11.689476013183594
1778674104.995874,5.948955535888672,42.45119094848633,0.0,-11.689476013183594
1778674105.0309505,6.651759147644043,42.45119094848633,0.0,-11.689476013183594
1778674105.066025,5.031693935394287,42.45119094848633,0.0,-11.689476013183594
1778674105.1013436,4.344679355621338,42.45119094848633,0.0,-11.689476013183594
1778674105.136289,5.030919551849365,42.53911209106445,0.0,-11.689476013183594
1778674105.1713476,3.715898036956787,44.03322982788086,0.0,-11.689476013183594
1778674105.20685,4.205381393432617,45.703128814697266,0.0,-11.77736759185791
1778674105.2418623,-0.2438531517982483,46.84573745727539,0.0,-11.95314884185791
1778674105.27704,-2.5267717838287354,47.724647521972656,0.0,-12.128931045532227
1778674105.31211,-1.0597329139709473,47.81250762939453,0.0,-12.128931045532227
1778674105.347218,-5.711664199829102,47.81250762939453,0.0,-12.128931045532227
1778674105.3825247,-6.657237529754639,47.81250762939453,0.0,-12.128931045532227
1778674105.4173934,-6.387770652770996,47.81250762939453,0.0,-12.128931045532227
1778674105.4527571,-7.347825050354004,47.81250762939453,0.0,-12.128931045532227
1778674105.4858792,-7.102830410003662,47.81250762939453,0.0,-12.128931045532227
1778674105.5210822,-7.311262607574463,45.966827392578125,0.0,-12.128931045532227
1778674105.5561364,-7.245040416717529,43.769527435302734,0.0,-12.04103946685791
1778674105.5911217,-7.1621270179748535,40.86915588378906,0.0,-11.95314884185791
1778674105.6257792,-6.778164863586426,37.08987808227539,0.0,-11.250021934509277
1778674105.6608965,-6.934472560882568,34.80471420288086,0.0,-10.722677230834961
1778674105.6944563,-6.579779148101807,31.113298416137695,0.0,-10.195331573486328
1778674105.7300317,-6.804268836975098,30.58595085144043,0.0,-10.107439994812012
1778674105.7669866,-5.9179368019104,29.091833114624023,0.0,-9.931658744812012
1778674105.8020751,-2.2470862865448,29.179697036743164,0.0,-9.843767166137695
1778674105.8372138,-1.5994216203689575,28.300790786743164,0.0,-9.755876541137695
1778674105.872232,-1.0710341930389404,28.212926864624023,0.0,-9.755876541137695
1778674105.9055135,-3.851919174194336,28.212926864624023,0.0,-9.755876541137695
1778674105.942414,-1.9283318519592285,28.212926864624023,0.0,-9.755876541137695
1778674105.9758654,-3.613410234451294,28.212926864624023,0.0,-9.755876541137695
1778674106.0129938,-4.9327192306518555,28.212926864624023,0.0,-9.755876541137695
1778674106.0460708,-3.4755399227142334,28.212926864624023,0.0,-9.755876541137695
1778674106.0811882,-2.7959816455841064,28.212926864624023,0.0,-9.755876541137695
1778674106.116386,0.3082710802555084,27.94922637939453,0.0,-9.755876541137695
1778674106.151547,3.780393123626709,27.94922637939453,0.0,-9.755876541137695
1778674106.1866238,2.091808557510376,27.94922637939453,0.0,-9.755876541137695
1778674106.2216587,2.135303258895874,27.94922637939453,0.0,-9.755876541137695
1778674106.256932,5.446606159210205,27.94922637939453,0.0,-9.755876541137695
1778674106.2920568,6.287188529968262,29.267616271972656,0.0,-9.755876541137695
1778674106.3273873,6.620304107666016,31.904342651367188,0.0,-9.931658744812012
1778674106.3624752,7.222862720489502,35.068359375,0.0,-10.107439994812012
1778674106.3973558,6.448007106781006,37.79300308227539,0.0,-10.546895027160645
1778674106.4307203,6.673323631286621,39.199256896972656,0.0,-10.722677230834961
1778674106.465842,7.296407222747803,40.16603088378906,0.0,-10.898458480834961
1778674106.5011501,7.658697605133057,41.57228469848633,0.0,-11.162130355834961
1778674106.5359979,7.125942707061768,43.857444763183594,0.0,-11.513693809509277
1778674106.5713837,6.608984470367432,45.703128814697266,0.0,-11.865257263183594
1778674106.6063638,6.584333896636963,46.669952392578125,0.0,-11.95314884185791
1778674106.6418285,5.843894958496094,47.37308120727539,0.0,-12.128931045532227
1778674106.6766722,4.746844291687012,47.548866271972656,0.0,-12.128931045532227
1778674106.7117603,5.423269748687744,47.724647521972656,0.0,-12.216821670532227
1778674106.7468762,4.30466365814209,47.90042495727539,0.0,-12.216821670532227
1778674106.7821045,-0.6739717125892639,47.98828887939453,0.0,-12.216821670532227
1778674106.8192475,0.22796164453029633,47.98828887939453,0.0,-12.216821670532227
1778674106.8505332,-1.08397376537323,47.98828887939453,0.0,-12.216821670532227
1778674106.8875926,-2.955223798751831,47.98828887939453,0.0,-12.216821670532227
1778674106.920698,-5.710144996643066,47.98828887939453,0.0,-12.216821670532227
1778674106.9560065,-3.5440940856933594,47.98828887939453,0.0,-12.216821670532227
1778674106.9911213,-6.661553382873535,47.28516387939453,0.0,-12.216821670532227
1778674107.02623,-7.445283889770508,44.56057357788086,0.0,-12.128931045532227
1778674107.0615745,-7.371769428253174,41.923851013183594,0.0,-12.128931045532227
1778674107.0963905,-6.194634914398193,37.96878433227539,0.0,-11.513693809509277
1778674107.1316602,-3.664780378341675,35.068359375,0.0,-10.898458480834961
1778674107.1669176,-5.520952224731445,30.322307586669922,0.0,-10.107439994812012
1778674107.201856,-5.45900297164917,29.003917694091797,0.0,-9.843767166137695
1778674107.2371624,-6.832187175750732,26.718753814697266,0.0,-9.404313087463379
1778674107.2720733,-5.351715564727783,26.455108642578125,0.0,-9.404313087463379
1778674107.307136,-6.7550129890441895,26.542972564697266,0.0,-9.404313087463379
1778674107.3423905,-6.587285041809082,26.542972564697266,0.0,-9.404313087463379
1778674107.3775656,-4.871328353881836,25.839845657348633,0.0,-9.316422462463379
1778674107.412673,-4.932437419891357,24.960935592651367,0.0,-9.140640258789062
1778674107.446063,-1.249898910522461,24.609371185302734,0.0,-9.140640258789062
1778674107.4810796,-3.3475329875946045,24.609371185302734,0.0,-9.140640258789062
1778674107.5162115,-2.217134952545166,24.609371185302734,0.0,-9.140640258789062
1778674107.5512695,0.18930625915527344,24.609371185302734,0.0,-9.140640258789062
1778674107.5867329,-0.2892623841762543,24.609371185302734,0.0,-9.140640258789062
1778674107.6216102,3.2185792922973633,24.697290420532227,0.0,-9.140640258789062
1778674107.6568646,4.045671463012695,24.697290420532227,0.0,-9.140640258789062
1778674107.69198,-0.5247440934181213,26.982452392578125,0.0,-9.228531837463379
1778674107.7270777,6.829457759857178,29.61918067932129,0.0,-9.316422462463379
1778674107.7623105,6.983157157897949,32.08012390136719,0.0,-9.667985916137695
1778674107.7973378,6.738300800323486,34.98049545288086,0.0,-10.195331573486328
1778674107.8323913,4.380865573883057,37.26565933227539,0.0,-10.459003448486328
1778674107.8676138,4.0967888832092285,38.32034683227539,0.0,-10.546895027160645
1778674107.9009676,2.6043310165405273,38.496131896972656,0.0,-10.634785652160645
1778674107.9360917,3.742338180541992,38.496131896972656,0.0,-10.634785652160645
1778674107.9711359,4.102033615112305,38.496131896972656,0.0,-10.634785652160645
1778674108.0061874,6.461252212524414,38.496131896972656,0.0,-10.634785652160645
1778674108.041656,6.213508129119873,38.496131896972656,0.0,-10.634785652160645
1778674108.076651,6.367546558380127,39.2871208190918,0.0,-10.634785652160645
1778674108.1119497,6.358577251434326,40.78129196166992,0.0,-10.986349105834961
1778674108.1465902,5.749452590942383,42.626976013183594,0.0,-11.250021934509277
1778674108.179635,4.993951320648193,44.736358642578125,0.0,-11.601585388183594
1778674108.2173543,6.129695415496826,46.14261245727539,0.0,-11.865257263183594
1778674108.2503746,6.547338962554932,46.669952392578125,0.0,-11.95314884185791
1778674108.2875686,5.316247463226318,48.07620620727539,0.0,-12.304712295532227
1778674108.322743,2.4930408000946045,49.2187614440918,0.0,-12.480494499206543
1778674108.3574588,1.9402869939804077,49.74610900878906,0.0,-12.480494499206543
1778674108.3909783,4.273171424865723,49.65824508666992,0.0,-12.480494499206543
1778674108.426069,3.7316055297851562,49.65824508666992,0.0,-12.480494499206543
1778674108.4611406,6.173015594482422,49.65824508666992,0.0,-12.480494499206543
1778674108.4962435,4.494904518127441,49.74610900878906,0.0,-12.480494499206543
1778674108.5313575,4.280109882354736,50.36137390136719,0.0,-12.568385124206543
1778674108.5665293,-2.595278739929199,50.97657775878906,0.0,-12.656275749206543
1778674108.6017988,-3.8395156860351562,50.97657775878906,0.0,-12.744166374206543
1778674108.637011,-4.254039287567139,50.97657775878906,0.0,-12.744166374206543
1778674108.6719544,-2.8830113410949707,50.97657775878906,0.0,-12.744166374206543
1778674108.7069826,1.7430992126464844,50.97657775878906,0.0,-12.744166374206543
1778674108.7421105,1.507528305053711,50.97657775878906,0.0,-12.744166374206543
1778674108.7773225,4.535884857177734,50.97657775878906,0.0,-12.744166374206543
1778674108.814586,5.221016883850098,50.97657775878906,0.0,-12.744166374206543
1778674108.8475087,6.131994247436523,50.97657775878906,0.0,-12.744166374206543
1778674108.8810153,4.973119735717773,51.06449890136719,0.0,-12.656275749206543
1778674108.9159636,6.401162147521973,51.41606140136719,0.0,-12.744166374206543
1778674108.9513571,4.294286727905273,52.734397888183594,0.0,-12.91994857788086
1778674108.9862416,4.7452826499938965,54.843780517578125,0.0,-13.271512031555176
1778674109.0215642,2.0860302448272705,56.07425308227539,0.0,-13.535184860229492
1778674109.056354,0.33078011870384216,56.601593017578125,0.0,-13.710967063903809
1778674109.0913436,-3.567845344543457,56.601593017578125,0.0,-13.710967063903809
1778674109.1264062,-4.44439172744751,56.601593017578125,0.0,-13.710967063903809
1778674109.1614113,-3.4668338298797607,56.601593017578125,0.0,-13.710967063903809
1778674109.1965823,-3.443425178527832,56.601593017578125,0.0,-13.710967063903809
1778674109.2316883,-5.689471244812012,56.601593017578125,0.0,-13.710967063903809
1778674109.2669885,-2.476862907409668,55.19533920288086,0.0,-13.710967063903809
1778674109.3020248,-1.5281641483306885,53.173824310302734,0.0,-13.623075485229492
1778674109.3371122,1.1682242155075073,51.50392532348633,0.0,-13.447293281555176
1778674109.3720183,2.8775172233581543,50.88871383666992,0.0,-13.447293281555176
1778674109.4072597,0.7286649346351624,50.97657775878906,0.0,-13.447293281555176
1778674109.4425988,-4.2798919677734375,50.97657775878906,0.0,-13.447293281555176
1778674109.4774163,-5.590796947479248,50.97657775878906,0.0,-13.447293281555176
1778674109.5108721,-2.9053642749786377,50.97657775878906,0.0,-13.535184860229492
1778674109.545933,-4.921392917633057,50.97657775878906,0.0,-13.447293281555176
1778674109.5812957,-2.943023204803467,50.97657775878906,0.0,-13.447293281555176
1778674109.617958,-4.136415004730225,50.97657775878906,0.0,-13.447293281555176
1778674109.6512473,-3.0312752723693848,48.779335021972656,0.0,-13.359403610229492
1778674109.6863523,-6.069384574890137,47.19729995727539,0.0,-13.183621406555176
1778674109.7217243,-3.7789041996002197,45.3515625,0.0,-12.91994857788086
1778674109.7549446,-3.641357660293579,43.417964935302734,0.0,-12.656275749206543
1778674109.7900198,-1.2559409141540527,42.978538513183594,0.0,-12.568385124206543
1778674109.8268545,-0.7617840766906738,42.978538513183594,0.0,-12.480494499206543
1778674109.8619752,1.319674015045166,42.978538513183594,0.0,-12.480494499206543
1778674109.8975155,0.7703962326049805,42.978538513183594,0.0,-12.480494499206543
1778674109.9323318,2.4751906394958496,42.978538513183594,0.0,-12.480494499206543
1778674109.9674559,-1.9017688035964966,42.978538513183594,0.0,-12.480494499206543
1778674110.0008461,-4.300167083740234,43.24217987060547,0.0,-12.480494499206543
1778674110.035937,-2.405710458755493,43.24217987060547,0.0,-12.480494499206543
1778674110.0709925,-2.394524335861206,43.24217987060547,0.0,-12.480494499206543
1778674110.1060963,-2.8414387702941895,43.24217987060547,0.0,-12.480494499206543
1778674110.1413286,-3.1118714809417725,43.24217987060547,0.0,-12.480494499206543
1778674110.1765873,-1.6946284770965576,43.24217987060547,0.0,-12.480494499206543
1778674110.2119107,-3.109722852706909,42.802757263183594,0.0,-12.480494499206543
1778674110.2469277,-1.6678730249404907,42.626976013183594,0.0,-12.480494499206543
1778674110.2819893,-3.796271324157715,42.626976013183594,0.0,-12.480494499206543
1778674110.3169265,-4.387582302093506,42.626976013183594,0.0,-12.480494499206543
1778674110.3521695,-1.8440996408462524,42.18754577636719,0.0,-12.480494499206543
1778674110.3875196,1.0824860334396362,41.30863952636719,0.0,-12.392602920532227
1778674110.4226038,-2.07352352142334,40.86915588378906,0.0,-12.304712295532227
1778674110.4576845,0.2415958046913147,40.78129196166992,0.0,-12.304712295532227
1778674110.490931,-2.6225409507751465,40.78129196166992,0.0,-12.304712295532227
1778674110.5260205,-0.5801531076431274,40.78129196166992,0.0,-12.304712295532227
1778674110.5610838,-4.950315952301025,40.78129196166992,0.0,-12.304712295532227
1778674110.5961847,-6.225335597991943,40.78129196166992,0.0,-12.304712295532227
1778674110.631318,-6.457655429840088,40.34181213378906,0.0,-12.304712295532227
1778674110.666297,-6.323614597320557,39.63868713378906,0.0,-12.304712295532227
1778674110.7016826,-3.6513705253601074,38.40821075439453,0.0,-12.128931045532227
1778674110.736925,-1.1834932565689087,36.650394439697266,0.0,-11.865257263183594
1778674110.7719102,2.943183660507202,35.50783920288086,0.0,-11.601585388183594
1778674110.8071601,5.03386116027832,34.892578125,0.0,-11.513693809509277
1778674110.842233,4.022866725921631,34.80471420288086,0.0,-11.513693809509277
1778674110.8773036,2.977532386779785,34.80471420288086,0.0,-11.513693809509277
1778674110.912181,4.820719242095947,34.80471420288086,0.0,-11.513693809509277
1778674110.947478,4.426709175109863,34.80471420288086,0.0,-11.513693809509277
1778674110.9826353,3.6326191425323486,35.068359375,0.0,-11.513693809509277
1778674111.0198112,-0.22678202390670776,36.650394439697266,0.0,-11.601585388183594
1778674111.0508065,-0.6129083037376404,37.70508575439453,0.0,-11.601585388183594
1778674111.086036,-6.185122966766357,38.05664825439453,0.0,-11.601585388183594
1778674111.1213355,-6.374264717102051,38.144569396972656,0.0,-11.601585388183594
1778674111.1562817,-6.9373779296875,38.144569396972656,0.0,-11.689476013183594
1778674111.1914806,-5.964221000671387,38.144569396972656,0.0,-11.601585388183594
1778674111.2265944,-6.214318752288818,38.05664825439453,0.0,-11.601585388183594
1778674111.262002,-6.262947082519531,38.144569396972656,0.0,-11.601585388183594
1778674111.2970815,-3.6916658878326416,37.08987808227539,0.0,-11.601585388183594
1778674111.3322346,-5.372849941253662,34.62893295288086,0.0,-11.513693809509277
1778674111.3673923,-4.480649948120117,31.025434494018555,0.0,-10.986349105834961
1778674111.402305,-6.714789390563965,30.14652442932129,0.0,-10.722677230834961
1778674111.4375951,-6.320895671844482,27.158235549926758,0.0,-10.371113777160645
1778674111.4708085,-5.447785377502441,25.751981735229492,0.0,-10.019549369812012
1778674111.5060484,-3.458897113800049,25.13671875,0.0,-9.931658744812012
1778674111.5411243,-4.973338603973389,24.873071670532227,0.0,-9.843767166137695
1778674111.576145,-4.019137382507324,24.873071670532227,0.0,-9.843767166137695
1778674111.6111805,-3.0109739303588867,24.697290420532227,0.0,-9.843767166137695
1778674111.6465414,-2.8280298709869385,24.697290420532227,0.0,-9.843767166137695
1778674111.6816998,-2.245180368423462,24.697290420532227,0.0,-9.843767166137695
1778674111.7168074,-0.8733855485916138,24.697290420532227,0.0,-9.843767166137695
1778674111.7519338,0.22658678889274597,24.785154342651367,0.0,-9.843767166137695
1778674111.7868936,-2.473336935043335,24.785154342651367,0.0,-9.843767166137695
1778674111.8219547,-4.828108787536621,24.697290420532227,0.0,-9.843767166137695
1778674111.8572316,1.6892062425613403,24.697290420532227,0.0,-9.843767166137695
1778674111.8922598,5.459304332733154,24.785154342651367,0.0,-9.843767166137695
1778674111.92742,2.0915613174438477,24.697290420532227,0.0,-9.843767166137695
1778674111.9608161,2.9274349212646484,24.697290420532227,0.0,-9.843767166137695
1778674111.9959571,3.988513708114624,24.697290420532227,0.0,-9.843767166137695
1778674112.0310268,5.011844158172607,26.630889892578125,0.0,-10.019549369812012
1778674112.066168,4.820347309112549,29.443397521972656,0.0,-10.019549369812012
1778674112.1015928,2.34031343460083,31.904342651367188,0.0,-10.283222198486328
1778674112.1363044,1.567944884300232,33.13481521606445,0.0,-10.459003448486328
1778674112.171864,0.016071012243628502,33.310543060302734,0.0,-10.459003448486328
1778674112.2066944,0.3003527522087097,33.222679138183594,0.0,-10.459003448486328
1778674112.2419887,-0.533948540687561,33.222679138183594,0.0,-10.459003448486328
1778674112.277275,-0.9086084961891174,32.95903396606445,0.0,-10.459003448486328
1778674112.3122795,1.8290860652923584,32.16798782348633,0.0,-10.459003448486328
1778674112.3472009,4.380631446838379,30.49808692932129,0.0,-10.459003448486328
1778674112.3826203,1.121559977531433,29.443397521972656,0.0,-10.459003448486328
1778674112.4177017,-0.3142298460006714,29.355480194091797,0.0,-10.459003448486328
1778674112.451324,-2.4235763549804688,29.355480194091797,0.0,-10.459003448486328
1778674112.486183,0.9861412644386292,29.355480194091797,0.0,-10.459003448486328
1778674112.5212226,0.6455851793289185,29.355480194091797,0.0,-10.459003448486328
1778674112.5563762,4.019071102142334,29.355480194091797,0.0,-10.459003448486328
1778674112.5916138,2.497056484222412,29.355480194091797,0.0,-10.459003448486328
1778674112.6268666,2.2385270595550537,30.23438835144043,0.0,-10.459003448486328
1778674112.6617913,-1.6508148908615112,31.113298416137695,0.0,-10.459003448486328
1778674112.6969504,1.903403878211975,31.113298416137695,0.0,-10.459003448486328
1778674112.7319243,0.6699578166007996,31.113298416137695,0.0,-10.459003448486328
1778674112.766974,-3.29484224319458,31.113298416137695,0.0,-10.459003448486328
1778674112.802208,-4.3131022453308105,31.113298416137695,0.0,-10.459003448486328
1778674112.8375747,-6.953399658203125,31.113298416137695,0.0,-10.459003448486328
1778674112.8706007,-6.695822715759277,30.849651336669922,0.0,-10.459003448486328
1778674112.9059026,-6.270819187164307,29.355480194091797,0.0,-10.459003448486328
1778674112.9405031,-5.55322265625,26.982452392578125,0.0,-10.283222198486328
1778674112.9758794,-2.0918283462524414,24.082027435302734,0.0,-9.667985916137695
1778674113.011237,-2.6861681938171387,22.060564041137695,0.0,-9.404313087463379
1778674113.0463297,-0.37830907106399536,21.621137619018555,0.0,-9.316422462463379
1778674113.0814915,0.44461774826049805,21.533220291137695,0.0,-9.316422462463379
1778674113.1166375,-0.18551646173000336,21.621137619018555,0.0,-9.316422462463379
1778674113.151513,-4.988620281219482,21.621137619018555,0.0,-9.316422462463379
1778674113.186748,-2.6286203861236572,21.621137619018555,0.0,-9.316422462463379
1778674113.2237835,-3.5898802280426025,21.621137619018555,0.0,-9.316422462463379
1778674113.256961,-3.2652230262756348,21.621137619018555,0.0,-9.316422462463379
1778674113.2920415,-5.419839859008789,21.621137619018555,0.0,-9.316422462463379
1778674113.3269506,-4.566757678985596,21.533220291137695,0.0,-9.228531837463379
1778674113.3617835,-4.006086349487305,20.12696647644043,0.0,-8.876968383789062
1778674113.3970566,-3.6240127086639404,18.36914825439453,0.0,-8.525404930114746
1778674113.4321227,-3.623445510864258,17.578157424926758,0.0,-8.43751335144043
1778674113.467408,-0.6988496780395508,17.578157424926758,0.0,-8.43751335144043
1778674113.5022259,1.9089539051055908,17.578157424926758,0.0,-8.43751335144043
1778674113.5357494,3.429051399230957,17.578157424926758,0.0,-8.34962272644043
1778674113.5707545,7.280961036682129,17.578157424926758,0.0,-8.43751335144043
1778674113.6061044,6.566531181335449,17.578157424926758,0.0,-8.43751335144043
1778674113.641193,5.742154598236084,17.578157424926758,0.0,-8.34962272644043
1778674113.6760073,3.4288949966430664,17.578157424926758,0.0,-8.34962272644043
1778674113.7111478,4.006138324737549,18.01758575439453,0.0,-8.43751335144043
1778674113.7462718,1.978586196899414,19.687538146972656,0.0,-8.525404930114746
1778674113.7808094,-4.806276798248291,21.884782791137695,0.0,-8.525404930114746
1778674113.8184502,-6.222201824188232,23.203174591064453,0.0,-8.613295555114746
1778674113.8498588,-5.782887935638428,23.37895393371582,0.0,-8.701186180114746
1778674113.8867996,-3.5899033546447754,23.37895393371582,0.0,-8.701186180114746
1778674113.9220366,-5.973891735076904,23.37895393371582,0.0,-8.701186180114746
1778674113.9571474,-6.338440895080566,23.37895393371582,0.0,-8.701186180114746
1778674113.9922266,-6.150393486022949,23.37895393371582,0.0,-8.701186180114746
1778674114.0273035,-6.574158668518066,22.763690948486328,0.0,-8.701186180114746
1778674114.0622375,-5.591847896575928,20.21488380432129,0.0,-8.701186180114746
1778674114.09733,-5.209098815917969,17.226594924926758,0.0,-8.34962272644043
1778674114.1324713,-4.243397235870361,15.29299545288086,0.0,-7.910168170928955
1778674114.1658723,-5.209502220153809,14.589868545532227,0.0,-7.910168170928955
1778674114.200877,-1.4175152778625488,14.50195026397705,0.0,-7.822277545928955
1778674114.2361436,-1.29314386844635,14.41408634185791,0.0,-7.734386444091797
1778674114.2712996,2.2496867179870605,14.326168060302734,0.0,-7.734386444091797
1778674114.306211,0.8580215573310852,14.41408634185791,0.0,-7.734386444091797
1778674114.341305,2.281294822692871,14.326168060302734,0.0,-7.734386444091797
1778674114.3767388,0.2399696260690689,14.41408634185791,0.0,-7.734386444091797
1778674114.4117022,-2.3130886554718018,14.41408634185791,0.0,-7.734386444091797
1778674114.4469502,-3.743773937225342,14.41408634185791,0.0,-7.734386444091797
1778674114.4818664,-3.5211563110351562,14.41408634185791,0.0,-7.734386444091797
1778674114.5169616,-3.692202091217041,14.41408634185791,0.0,-7.734386444091797
1778674114.5522852,0.5715951323509216,14.41408634185791,0.0,-7.734386444091797
1778674114.585401,-2.5226187705993652,14.41408634185791,0.0,-7.734386444091797
1778674114.6226976,-4.642710208892822,14.41408634185791,0.0,-7.734386444091797
1778674114.6558552,-0.16106729209423065,14.23830509185791,0.0,-7.734386444091797
1778674114.6908598,1.4740121364593506,14.23830509185791,0.0,-7.734386444091797
1778674114.7260962,-3.512420415878296,14.23830509185791,0.0,-7.734386444091797
1778674114.761024,-1.9968678951263428,14.326168060302734,0.0,-7.734386444091797
1778674114.7962928,-1.1856451034545898,14.23830509185791,0.0,-7.734386444091797
1778674114.8313944,-5.57085657119751,14.23830509185791,0.0,-7.734386444091797
1778674114.866468,-5.714874744415283,13.974604606628418,0.0,-7.734386444091797
1778674114.9018254,-5.350440979003906,12.744187355041504,0.0,-7.470714092254639
1778674114.9370604,-3.547929525375366,11.425796508789062,0.0,-7.2949323654174805
1778674114.9721725,-0.8255065679550171,10.195323944091797,0.0,-7.031260013580322
1778674115.007083,-0.47890594601631165,9.58011531829834,0.0,-6.943369388580322
1778674115.0416985,2.3035731315612793,9.58011531829834,0.0,-6.943369388580322
1778674115.0754814,1.7030044794082642,9.58011531829834,0.0,-6.943369388580322
1778674115.1106598,-0.7677003741264343,9.58011531829834,0.0,-6.943369388580322
1778674115.1458223,-3.052852153778076,9.58011531829834,0.0,-6.943369388580322
1778674115.1808007,-1.39328932762146,9.58011531829834,0.0,-6.943369388580322
1778674115.2178776,-5.397810459136963,9.58011531829834,0.0,-6.943369388580322
1778674115.2510533,-3.7192296981811523,9.58011531829834,0.0,-6.943369388580322
1778674115.2863133,-5.418041229248047,9.58011531829834,0.0,-6.943369388580322
1778674115.3213623,-5.561058521270752,9.492197036743164,0.0,-6.855478286743164
1778674115.3564122,-4.269054889678955,8.261725425720215,0.0,-6.679696559906006
1778674115.391681,-0.9454023838043213,6.15234375,0.0,-6.2402424812316895
1778674115.426897,-5.130263328552246,3.8672354221343994,0.0,-5.800815105438232
1778674115.461893,-5.921188831329346,1.5820730924606323,0.0,-5.273469924926758
1778674115.49694,-5.450729846954346,0.08790089190006256,0.0,-5.0097975730896
1778674115.5320373,-5.891580104827881,-0.6152260899543762,0.0,-4.921906471252441
1778674115.5676122,-3.9957683086395264,-1.6699166297912598,0.0,-4.746124744415283
1778674115.6026652,-6.6509857177734375,-2.460907220840454,0.0,-4.570343017578125
1778674115.635685,-5.883872032165527,-2.900388717651367,0.0,-4.482452392578125
1778674115.6705966,-4.797961235046387,-4.306643009185791,0.0,-4.218779563903809
1778674115.7060845,-4.284660816192627,-5.449197292327881,0.0,-4.04299783706665
1778674115.7411752,-1.242059350013733,-5.624979019165039,0.0,-4.04299783706665
1778674115.7762208,-4.003340244293213,-5.624979019165039,0.0,-4.04299783706665
1778674115.811342,-0.8840429186820984,-5.624979019165039,0.0,-4.04299783706665
1778674115.8465812,-2.5524420738220215,-5.624979019165039,0.0,-4.04299783706665
1778674115.8818576,-0.35138002038002014,-5.624979019165039,0.0,-4.04299783706665
1778674115.9170587,-1.1308249235153198,-5.624979019165039,0.0,-4.04299783706665
1778674115.9519727,1.2285091876983643,-5.624979019165039,0.0,-4.04299783706665
1778674115.9872453,3.103034257888794,-5.624979019165039,0.0,-4.04299783706665
1778674116.0242674,-0.9725272059440613,-5.624979019165039,0.0,-4.04299783706665
1778674116.0554857,-1.2309281826019287,-5.624979019165039,0.0,-4.04299783706665
1778674116.092752,-1.2965954542160034,-5.624979019165039,0.0,-4.04299783706665
1778674116.1258368,-1.7334234714508057,-5.624979019165039,0.0,-4.04299783706665
1778674116.160934,-3.3483450412750244,-5.624979019165039,0.0,-4.04299783706665
1778674116.196077,1.8382172584533691,-5.624979019165039,0.0,-4.04299783706665
1778674116.2312202,2.2361955642700195,-5.624979019165039,0.0,-4.04299783706665
1778674116.2656472,5.266887187957764,-5.624979019165039,0.0,-4.04299783706665
1778674116.3011777,3.829364776611328,-5.624979019165039,0.0,-4.04299783706665
1778674116.334806,0.906358003616333,-5.624979019165039,0.0,-4.04299783706665
1778674116.371735,1.2122224569320679,-5.624979019165039,0.0,-4.04299783706665
1778674116.4068909,-0.38177815079689026,-5.624979019165039,0.0,-4.04299783706665
1778674116.441989,5.183324813842773,-5.624979019165039,0.0,-4.04299783706665
1778674116.4770803,5.22031307220459,-5.624979019165039,0.0,-4.04299783706665
1778674116.5123434,6.384731292724609,-5.624979019165039,0.0,-4.04299783706665
1778674116.5474648,5.761134147644043,-5.361333847045898,0.0,-4.04299783706665
1778674116.5806792,4.870459079742432,-3.867161512374878,0.0,-4.218779563903809
1778674116.6158338,4.445553779602051,-1.6699166297912598,0.0,-4.394561290740967
1778674116.6510699,4.758110523223877,0.43946439027786255,0.0,-4.570343017578125
1778674116.685975,5.7460222244262695,1.9336365461349487,0.0,-4.658234119415283
1778674116.7211385,5.180214881896973,2.2852001190185547,0.0,-4.746124744415283
1778674116.7563367,3.4574103355407715,3.339890480041504,0.0,-4.746124744415283
1778674116.791579,0.44121071696281433,3.515672206878662,0.0,-4.746124744415283
1778674116.826627,0.20513436198234558,3.515672206878662,0.0,-4.746124744415283
1778674116.8618927,1.723734974861145,3.515672206878662,0.0,-4.746124744415283
1778674116.8964593,2.7118465900421143,3.515672206878662,0.0,-4.746124744415283
1778674116.930227,2.4171574115753174,3.515672206878662,0.0,-4.746124744415283
1778674116.9656358,0.6226377487182617,3.515672206878662,0.0,-4.746124744415283
1778674117.0022771,0.9643344879150391,3.515672206878662,0.0,-4.746124744415283
1778674117.0373907,2.355876922607422,3.515672206878662,0.0,-4.746124744415283
1778674117.0724983,2.039923667907715,3.515672206878662,0.0,-4.746124744415283
1778674117.1056561,2.1299121379852295,3.515672206878662,0.0,-4.746124744415283
1778674117.140959,1.537200927734375,3.515672206878662,0.0,-4.746124744415283
1778674117.1759095,3.6017086505889893,3.515672206878662,0.0,-4.746124744415283
1778674117.2111607,2.2342734336853027,3.515672206878662,0.0,-4.746124744415283
1778674117.246113,2.4787187576293945,3.515672206878662,0.0,-4.746124744415283
1778674117.2813609,3.181030750274658,3.515672206878662,0.0,-4.746124744415283
1778674117.316642,4.4233222007751465,4.042962551116943,0.0,-4.921906471252441
1778674117.3517628,6.295950412750244,5.185571193695068,0.0,-5.185579299926758
1778674117.3868585,6.620344161987305,6.855470657348633,0.0,-5.537142753601074
1778674117.4219446,6.8052263259887695,8.613288879394531,0.0,-5.888679027557373
1778674117.4572182,4.453185081481934,10.107460975646973,0.0,-6.152351379394531
1778674117.4922748,5.153936386108398,11.513714790344238,0.0,-6.416024208068848
1778674117.5268142,7.17933988571167,12.480486869812012,0.0,-6.591805934906006
1778674117.560517,6.166854381561279,14.062522888183594,0.0,-6.855478286743164
1778674117.5962963,4.1056318283081055,15.644558906555176,0.0,-7.1191511154174805
1778674117.6310132,3.2508702278137207,16.611330032348633,0.0,-7.3828229904174805
1778674117.665981,4.971884727478027,17.3144588470459,0.0,-7.470714092254639
1778674117.7012777,5.419456958770752,17.3144588470459,0.0,-7.470714092254639
1778674117.7365375,4.133851528167725,17.4902400970459,0.0,-7.470714092254639
1778674117.771073,3.6634745597839355,18.01758575439453,0.0,-7.558604717254639
1778674117.806229,5.2594475746154785,18.01758575439453,0.0,-7.558604717254639
1778674117.8413858,5.835494041442871,18.01758575439453,0.0,-7.558604717254639
1778674117.8764877,7.426218509674072,18.54492950439453,0.0,-7.646495819091797
1778674117.9115734,7.58004093170166,20.30274772644043,0.0,-7.910168170928955
1778674117.9468431,7.511974811553955,22.763690948486328,0.0,-8.43751335144043
1778674117.9819732,7.528954029083252,25.400419235229492,0.0,-8.964859008789062
1778674118.017034,7.145159721374512,28.212926864624023,0.0,-9.492203712463379
1778674118.0521803,5.903063774108887,29.882823944091797,0.0,-9.843767166137695
1778674118.0873313,5.707447528839111,30.410171508789062,0.0,-9.931658744812012
1778674118.122254,5.9369354248046875,30.410171508789062,0.0,-9.931658744812012
1778674118.1568906,2.842374086380005,30.49808692932129,0.0,-9.931658744812012
1778674118.1907623,1.1431365013122559,30.761734008789062,0.0,-10.019549369812012
1778674118.2258978,-0.06592684239149094,30.761734008789062,0.0,-10.019549369812012
1778674118.260865,0.5613833665847778,30.761734008789062,0.0,-10.019549369812012
1778674118.2960165,-0.29884862899780273,30.761734008789062,0.0,-10.019549369812012
1778674118.3311725,0.835994303226471,30.761734008789062,0.0,-10.019549369812012
1778674118.366648,0.9148311614990234,30.761734008789062,0.0,-10.019549369812012
1778674118.4018052,3.369854211807251,30.05860710144043,0.0,-10.019549369812012
1778674118.4369397,-1.4947654008865356,29.97074317932129,0.0,-10.019549369812012
1778674118.472035,2.893005847930908,29.97074317932129,0.0,-10.019549369812012
1778674118.5069878,5.339282035827637,29.97074317932129,0.0,-10.019549369812012
1778674118.5420778,4.963980197906494,29.97074317932129,0.0,-10.019549369812012
1778674118.5771785,5.555750846862793,29.97074317932129,0.0,-10.019549369812012
1778674118.612521,5.948370456695557,30.673870086669922,0.0,-10.019549369812012
1778674118.6473863,4.265191555023193,32.16798782348633,0.0,-10.283222198486328
1778674118.6827025,4.143418312072754,33.662105560302734,0.0,-10.546895027160645
1778674118.71608,5.137533664703369,34.365234375,0.0,-10.722677230834961
1778674118.750997,5.183810710906982,35.33205795288086,0.0,-10.810566902160645
1778674118.7861464,6.194773197174072,36.298831939697266,0.0,-10.986349105834961
1778674118.8232589,5.8792338371276855,37.52930450439453,0.0,-11.250021934509277
1778674118.8563125,5.5361785888671875,38.7597770690918,0.0,-11.425804138183594
1778674118.8914633,3.6085846424102783,39.2871208190918,0.0,-11.513693809509277
1778674118.9267435,2.2912566661834717,39.2871208190918,0.0,-11.513693809509277
1778674118.9618244,0.7252797484397888,39.2871208190918,0.0,-11.513693809509277
1778674118.9969196,4.523388862609863,39.2871208190918,0.0,-11.513693809509277
1778674119.0319114,4.50467586517334,39.2871208190918,0.0,-11.513693809509277
1778674119.0670156,1.6905721426010132,39.2871208190918,0.0,-11.513693809509277
1778674119.102305,2.3940982818603516,39.2871208190918,0.0,-11.513693809509277
1778674119.1373744,1.5259305238723755,39.2871208190918,0.0,-11.513693809509277
1778674119.1724586,-5.645211696624756,39.2871208190918,0.0,-11.513693809509277
1778674119.2060878,-4.532369136810303,39.2871208190918,0.0,-11.513693809509277
1778674119.2412019,-6.455552577972412,39.2871208190918,0.0,-11.513693809509277
1778674119.2761376,-5.413038730621338,39.2871208190918,0.0,-11.513693809509277
1778674119.3113277,-6.341978549957275,39.2871208190918,0.0,-11.513693809509277
1778674119.3462577,-7.205027103424072,39.2871208190918,0.0,-11.513693809509277
1778674119.381603,-6.5932183265686035,37.88086700439453,0.0,-11.513693809509277
1778674119.416742,-7.333269119262695,34.892578125,0.0,-11.425804138183594
1778674119.4519367,-7.335037708282471,29.531261444091797,0.0,-10.722677230834961
1778674119.4871697,-6.9911417961120605,26.367189407348633,0.0,-10.195331573486328
1778674119.52204,-6.138949394226074,22.50004768371582,0.0,-9.492203712463379
1778674119.557212,-4.6700873374938965,21.269573211669922,0.0,-9.316422462463379
1778674119.5915499,-4.422476291656494,21.269573211669922,0.0,-9.316422462463379
1778674119.6269717,-5.53035831451416,21.269573211669922,0.0,-9.228531837463379
1778674119.660627,-0.9706857800483704,21.269573211669922,0.0,-9.228531837463379
1778674119.6972198,-2.513479232788086,21.269573211669922,0.0,-9.228531837463379
1778674119.7324119,2.3888072967529297,21.269573211669922,0.0,-9.228531837463379
1778674119.767817,0.8900933265686035,21.269573211669922,0.0,-9.228531837463379
1778674119.8007348,3.581286668777466,21.269573211669922,0.0,-9.228531837463379
1778674119.8360724,5.230912685394287,22.50004768371582,0.0,-9.316422462463379
1778674119.8709176,2.5837464332580566,24.960935592651367,0.0,-9.316422462463379
1778674119.9061155,3.0959322452545166,28.03714370727539,0.0,-9.667985916137695
1778674119.9403903,4.347516059875488,30.673870086669922,0.0,-10.019549369812012
1778674119.9754927,5.175912380218506,32.43168640136719,0.0,-10.283222198486328
1778674120.0106978,4.350630760192871,33.04689407348633,0.0,-10.546895027160645
1778674120.0441577,4.491572380065918,33.662105560302734,0.0,-10.634785652160645
1778674120.0793617,3.1869468688964844,34.27737045288086,0.0,-10.722677230834961
1778674120.1148896,-0.258371502161026,34.98049545288086,0.0,-10.898458480834961
1778674120.1519697,2.259432792663574,35.15627670288086,0.0,-10.898458480834961
1778674120.187092,0.4551200568675995,35.15627670288086,0.0,-10.898458480834961
1778674120.2237844,3.7216439247131348,35.15627670288086,0.0,-10.898458480834961
1778674120.2572803,4.524858474731445,35.15627670288086,0.0,-10.898458480834961
1778674120.2924755,2.017886161804199,35.068359375,0.0,-10.898458480834961
1778674120.325772,1.283856749534607,35.068359375,0.0,-10.898458480834961
1778674120.3608649,0.26840725541114807,35.15627670288086,0.0,-10.898458480834961
1778674120.3958826,-2.176302194595337,35.068359375,0.0,-10.898458480834961
1778674120.430981,-0.7554288506507874,35.15627670288086,0.0,-10.898458480834961
1778674120.4663076,-2.042323589324951,35.15627670288086,0.0,-10.898458480834961
1778674120.5013788,2.358896255493164,35.068359375,0.0,-10.898458480834961
1778674120.5366588,3.997724771499634,32.43168640136719,0.0,-10.898458480834961
1778674120.5716112,1.4183701276779175,31.904342651367188,0.0,-10.898458480834961
1778674120.607004,1.1071480512619019,31.992204666137695,0.0,-10.898458480834961
1778674120.6420867,0.26560458540916443,31.992204666137695,0.0,-10.898458480834961
1778674120.6771917,-3.7861289978027344,31.992204666137695,0.0,-10.898458480834961
1778674120.7122707,-1.2701467275619507,31.992204666137695,0.0,-10.898458480834961
1778674120.7473466,1.2954704761505127,31.992204666137695,0.0,-10.898458480834961
1778674120.780655,3.3406455516815186,31.992204666137695,0.0,-10.898458480834961
1778674120.8158894,1.7999248504638672,32.34376907348633,0.0,-10.898458480834961
1778674120.8509347,4.013984680175781,32.78325271606445,0.0,-10.898458480834961
1778674120.8862007,3.0931856632232666,33.750022888183594,0.0,-10.898458480834961
1778674120.921263,4.659465789794922,35.244140625,0.0,-10.986349105834961
1778674120.9563553,6.65418004989624,36.298831939697266,0.0,-11.162130355834961
1778674120.9917367,6.4044671058654785,37.61722183227539,0.0,-11.337912559509277
1778674121.0288155,3.622992515563965,39.726600646972656,0.0,-11.689476013183594
1778674121.0617383,2.4251039028167725,41.13285827636719,0.0,-11.865257263183594
1778674121.0969315,3.56862473487854,42.36332702636719,0.0,-12.128931045532227
1778674121.1319382,5.421151638031006,42.802757263183594,0.0,-12.216821670532227
1778674121.1671941,2.5993473529815674,42.978538513183594,0.0,-12.216821670532227
1778674121.20229,1.7272299528121948,43.154319763183594,0.0,-12.216821670532227
1778674121.2355876,2.0130088329315186,43.154319763183594,0.0,-12.216821670532227
1778674121.2709951,2.7551674842834473,43.154319763183594,0.0,-12.216821670532227
1778674121.305683,4.358484268188477,43.154319763183594,0.0,-12.304712295532227
1778674121.3411322,1.636608362197876,43.154319763183594,0.0,-12.216821670532227
1778674121.376125,0.18921954929828644,43.154319763183594,0.0,-12.216821670532227
1778674121.4111435,2.6425015926361084,43.154319763183594,0.0,-12.304712295532227
1778674121.4464018,3.181572914123535,43.154319763183594,0.0,-12.216821670532227
1778674121.4815485,3.754971981048584,43.154319763183594,0.0,-12.216821670532227
1778674121.51661,5.387899398803711,43.33010482788086,0.0,-12.216821670532227
1778674121.5517435,5.066476821899414,44.296875,0.0,-12.392602920532227
1778674121.586943,5.431341171264648,46.318389892578125,0.0,-12.744166374206543
1778674121.6237824,4.372707366943359,48.3398551940918,0.0,-13.09572982788086
1778674121.657472,0.5859994888305664,49.83402633666992,0.0,-13.271512031555176
1778674121.692581,-2.995033025741577,50.44923782348633,0.0,-13.359403610229492
1778674121.7274868,-2.6779706478118896,50.36137390136719,0.0,-13.359403610229492
1778674121.7608876,-3.0397489070892334,50.36137390136719,0.0,-13.359403610229492
1778674121.7961264,-4.297394275665283,50.36137390136719,0.0,-13.359403610229492
1778674121.830998,-3.376082181930542,50.36137390136719,0.0,-13.359403610229492
1778674121.8660553,-4.956219673156738,49.92189025878906,0.0,-13.359403610229492
1778674121.9012694,-4.467458724975586,49.13090133666992,0.0,-13.359403610229492
1778674121.9365075,-4.2426347732543945,47.6367301940918,0.0,-13.359403610229492
1778674121.9715943,-5.452587127685547,44.736358642578125,0.0,-13.183621406555176
1778674122.0068455,-7.298396587371826,42.89067459106445,0.0,-13.183621406555176
1778674122.0420542,-5.750685691833496,40.25394821166992,0.0,-12.744166374206543
1778674122.077121,-4.939940452575684,36.914093017578125,0.0,-12.304712295532227
1778674122.112295,-7.328217506408691,35.595703125,0.0,-11.95314884185791
1778674122.1471796,-7.324455738067627,33.310543060302734,0.0,-11.513693809509277
1778674122.1826627,-6.851931571960449,31.201215744018555,0.0,-11.162130355834961
1778674122.217643,-6.7596940994262695,29.882823944091797,0.0,-10.898458480834961
1778674122.2509906,-5.832810401916504,29.443397521972656,0.0,-10.810566902160645
1778674122.28613,-6.601626396179199,29.179697036743164,0.0,-10.722677230834961
1778674122.3212726,-6.107047080993652,28.12500762939453,0.0,-10.546895027160645
1778674122.356156,-5.845066070556641,27.4218807220459,0.0,-10.459003448486328
1778674122.3912559,-5.7575764656066895,26.982452392578125,0.0,-10.371113777160645
1778674122.4286091,-5.725497245788574,25.839845657348633,0.0,-10.107439994812012
1778674122.4616175,-5.074339866638184,25.04885482788086,0.0,-10.019549369812012
1778674122.4961276,-2.8024203777313232,24.433591842651367,0.0,-9.843767166137695
1778674122.5297039,-3.8068718910217285,24.433591842651367,0.0,-9.843767166137695
1778674122.5653334,-4.362910747528076,24.433591842651367,0.0,-9.843767166137695
1778674122.602494,-3.7201945781707764,24.433591842651367,0.0,-9.843767166137695
1778674122.6373727,-3.7072205543518066,24.433591842651367,0.0,-9.843767166137695
1778674122.6707532,-2.5371553897857666,24.169944763183594,0.0,-9.843767166137695
1778674122.7057905,-0.4850529730319977,24.169944763183594,0.0,-9.843767166137695
1778674122.740922,2.8520796298980713,24.169944763183594,0.0,-9.843767166137695
1778674122.7760932,2.219165563583374,24.169944763183594,0.0,-9.843767166137695
1778674122.811302,-3.8523497581481934,24.169944763183594,0.0,-9.843767166137695
1778674122.8464892,-3.717237949371338,24.169944763183594,0.0,-9.843767166137695
1778674122.8817189,-2.621612548828125,24.169944763183594,0.0,-9.843767166137695
1778674122.916513,-2.881211280822754,24.169944763183594,0.0,-9.843767166137695
1778674122.9517422,-3.0288286209106445,24.082027435302734,0.0,-9.843767166137695
1778674122.987087,-6.640411376953125,23.203174591064453,0.0,-9.667985916137695
1778674123.0221772,-5.732144355773926,22.060564041137695,0.0,-9.404313087463379
1778674123.0571148,-5.820966720581055,19.248056411743164,0.0,-8.876968383789062
1778674123.0923588,-6.983839511871338,17.3144588470459,0.0,-8.43751335144043
1778674123.1267385,-7.250070095062256,15.380858421325684,0.0,-8.085949897766113
1778674123.1605248,-7.427682399749756,13.710959434509277,0.0,-7.734386444091797
1778674123.1960204,-6.839182376861572,11.865278244018555,0.0,-7.470714092254639
1778674123.2310836,-5.937437057495117,11.074233055114746,0.0,-7.3828229904174805
1778674123.2661262,-2.669766426086426,11.074233055114746,0.0,-7.2949323654174805
1778674123.3010867,-0.7600394487380981,11.074233055114746,0.0,-7.2949323654174805
1778674123.3362286,-3.9811179637908936,11.074233055114746,0.0,-7.2949323654174805
1778674123.3716443,-5.986523151397705,11.074233055114746,0.0,-7.2949323654174805
1778674123.4065688,-3.6228113174438477,10.986369132995605,0.0,-7.207041263580322
1778674123.4417908,0.7181271314620972,10.810587882995605,0.0,-7.207041263580322
1778674123.47688,-0.02005482092499733,10.810587882995605,0.0,-7.207041263580322
1778674123.5119755,1.4561599493026733,10.810587882995605,0.0,-7.207041263580322
1778674123.5472212,-2.669416904449463,10.810587882995605,0.0,-7.207041263580322
1778674123.5823312,-5.992523670196533,10.810587882995605,0.0,-7.207041263580322
1778674123.6174057,-6.827334880828857,10.810587882995605,0.0,-7.207041263580322
1778674123.6526072,-6.80483341217041,10.810587882995605,0.0,-7.207041263580322
1778674123.685774,-6.902096271514893,10.634805679321289,0.0,-7.207041263580322
1778674123.7210279,-6.776858329772949,10.195323944091797,0.0,-7.1191511154174805
1778674123.7559485,-6.854644298553467,8.964852333068848,0.0,-6.855478286743164
1778674123.7912009,-5.794219017028809,6.064479827880859,0.0,-6.2402424812316895
1778674123.8279614,-2.594352960586548,2.2852001190185547,0.0,-5.449251651763916
1778674123.861601,-2.237605571746826,-2.1093435287475586,0.0,-4.658234119415283
1778674123.8967354,3.2500391006469727,-4.130861282348633,0.0,-4.306670665740967
1778674123.9317822,1.3710864782333374,-5.88862419128418,0.0,-4.04299783706665
1778674123.9673903,-0.16863670945167542,-5.9765424728393555,0.0,-4.04299783706665
1778674124.0021641,0.9064834117889404,-5.9765424728393555,0.0,-4.04299783706665
1778674124.0371168,-0.13298103213310242,-5.9765424728393555,0.0,-4.04299783706665
1778674124.0723796,2.934399127960205,-5.9765424728393555,0.0,-4.04299783706665
1778674124.1075003,1.026008129119873,-5.9765424728393555,0.0,-4.04299783706665
1778674124.1425555,4.0880866050720215,-5.88862419128418,0.0,-4.04299783706665
1778674124.175295,4.133268356323242,-5.009769916534424,0.0,-4.13088846206665
1778674124.2110734,7.0483503341674805,-3.164034128189087,0.0,-4.218779563903809
1778674124.2461042,6.343061447143555,-0.1757444143295288,0.0,-4.482452392578125
1778674124.2810977,5.719635963439941,3.515672206878662,0.0,-4.921906471252441
1778674124.3161862,5.535775661468506,6.679688930511475,0.0,-5.449251651763916
1778674124.351548,0.18853697180747986,8.261725425720215,0.0,-5.712924480438232
1778674124.38692,1.7577451467514038,8.261725425720215,0.0,-5.800815105438232
1778674124.422011,2.7693920135498047,8.34964370727539,0.0,-5.800815105438232
1778674124.4569278,2.751718044281006,8.261725425720215,0.0,-5.800815105438232
1778674124.492161,-1.6035268306732178,8.261725425720215,0.0,-5.800815105438232
1778674124.527096,-4.869790554046631,8.261725425720215,0.0,-5.800815105438232
1778674124.5623589,-3.2831082344055176,8.261725425720215,0.0,-5.800815105438232
1778674124.5973978,0.04580964893102646,8.261725425720215,0.0,-5.800815105438232
1778674124.6309042,3.963118076324463,8.261725425720215,0.0,-5.800815105438232
1778674124.6659546,1.4402357339859009,8.261725425720215,0.0,-5.800815105438232
1778674124.7010856,-1.4809939861297607,8.261725425720215,0.0,-5.800815105438232
1778674124.7362266,-2.0434913635253906,8.261725425720215,0.0,-5.800815105438232
1778674124.7712154,-5.744318962097168,8.261725425720215,0.0,-5.800815105438232
1778674124.805753,-6.1237993240356445,7.119170665740967,0.0,-5.712924480438232
1778674124.8396714,-4.3876261711120605,5.449216365814209,0.0,-5.625033378601074
1778674124.8768582,0.007802172563970089,2.8125452995300293,0.0,-5.537142753601074
1778674124.911799,0.759001612663269,0.7031643390655518,0.0,-5.0097975730896
1778674124.9468696,4.518838405609131,-0.2636626362800598,0.0,-4.921906471252441
1778674124.9819474,4.893100738525391,-0.3515261709690094,0.0,-4.921906471252441
1778674125.0171819,4.840263366699219,-0.2636626362800598,0.0,-4.921906471252441
1778674125.0522537,4.114609241485596,-0.2636626362800598,0.0,-4.921906471252441
1778674125.0873556,4.128243446350098,0.43946439027786255,0.0,-5.0097975730896
1778674125.1209466,3.197495222091675,1.6699366569519043,0.0,-5.0976881980896
1778674125.1559186,2.543811559677124,3.6035356521606445,0.0,-5.273469924926758
1778674125.1908934,0.5506694912910461,5.00978946685791,0.0,-5.273469924926758
1778674125.2280982,1.1688960790634155,5.624998569488525,0.0,-5.273469924926758
1778674125.2613463,1.0688716173171997,5.624998569488525,0.0,-5.361361026763916
1778674125.2963548,-2.9184024333953857,5.624998569488525,0.0,-5.273469924926758
1778674125.3314536,-3.2157905101776123,5.624998569488525,0.0,-5.273469924926758
1778674125.3667626,-4.694698810577393,5.624998569488525,0.0,-5.273469924926758
1778674125.4011204,-6.887352466583252,5.624998569488525,0.0,-5.273469924926758
1778674125.4369588,-6.088150501251221,5.097652912139893,0.0,-5.273469924926758
1778674125.4720068,-2.8144702911376953,2.636763572692871,0.0,-5.0976881980896
1778674125.5070837,3.519639492034912,-0.2636626362800598,0.0,-4.921906471252441
1778674125.5423808,5.921197414398193,-2.460907220840454,0.0,-4.658234119415283
1778674125.5775805,4.039700508117676,-2.6366889476776123,0.0,-4.570343017578125
1778674125.610788,5.7073655128479,-2.6366889476776123,0.0,-4.570343017578125
1778674125.645976,6.614004135131836,-2.548825263977051,0.0,-4.570343017578125
1778674125.680889,2.9020872116088867,-2.548825263977051,0.0,-4.570343017578125
1778674125.7161999,4.459977149963379,-2.460907220840454,0.0,-4.570343017578125
1778674125.7511625,5.1884026527404785,-1.1425713300704956,0.0,-4.658234119415283
1778674125.7862115,5.0521159172058105,1.494154930114746,0.0,-4.921906471252441
1778674125.8213475,5.1298747062683105,4.658226013183594,0.0,-5.0097975730896
1778674125.8565867,4.817726135253906,6.503907203674316,0.0,-5.449251651763916
1778674125.8910558,6.5980963706970215,7.294952869415283,0.0,-5.537142753601074
1778674125.924467,5.76270055770874,7.822298049926758,0.0,-5.712924480438232
1778674125.95986,5.035501003265381,8.876988410949707,0.0,-5.888679027557373
1778674125.9953034,4.626480579376221,9.58011531829834,0.0,-6.064460754394531
1778674126.0340939,4.722707271575928,10.283242225646973,0.0,-6.2402424812316895
1778674126.067474,0.03651660680770874,10.898451805114746,0.0,-6.3281331062316895
1778674126.1009958,3.4874660968780518,11.337933540344238,0.0,-6.416024208068848
1778674126.135861,3.6229162216186523,11.425796508789062,0.0,-6.416024208068848
1778674126.1709077,4.4253644943237305,11.689496994018555,0.0,-6.503914833068848
1778674126.2061622,4.394731044769287,12.128923416137695,0.0,-6.591805934906006
1778674126.24121,3.5853183269500732,13.623095512390137,0.0,-6.855478286743164
1778674126.2765176,2.360779285430908,15.117213249206543,0.0,-7.031260013580322
1778674126.3115258,2.3086795806884766,15.820340156555176,0.0,-7.1191511154174805
1778674126.34663,2.3992674350738525,15.820340156555176,0.0,-7.1191511154174805
1778674126.381949,4.625253677368164,15.820340156555176,0.0,-7.1191511154174805
1778674126.4170275,4.831503868103027,15.908204078674316,0.0,-7.1191511154174805
1778674126.452233,4.13616418838501,15.820340156555176,0.0,-7.207041263580322
1778674126.4871635,6.607661247253418,17.402376174926758,0.0,-7.470714092254639
1778674126.5221605,4.353078842163086,19.072275161743164,0.0,-7.734386444091797
1778674126.557382,0.6620661616325378,21.181655883789062,0.0,-8.173840522766113
1778674126.5907052,1.4569348096847534,22.236347198486328,0.0,-8.34962272644043
1778674126.6297114,0.662098228931427,22.412126541137695,0.0,-8.43751335144043
1778674126.6609125,-3.9204511642456055,22.412126541137695,0.0,-8.43751335144043
1778674126.6961868,-4.2714643478393555,22.412126541137695,0.0,-8.43751335144043
1778674126.7311316,-5.237112998962402,22.412126541137695,0.0,-8.43751335144043
1778674126.766187,-2.5348265171051025,22.412126541137695,0.0,-8.43751335144043
1778674126.801353,-3.7785184383392334,21.708999633789062,0.0,-8.43751335144043
1778674126.8366797,-0.8992114663124084,19.248056411743164,0.0,-8.34962272644043
1778674126.8715887,0.36523038148880005,17.402376174926758,0.0,-8.26173210144043
1778674126.9067702,-0.3010410666465759,16.611330032348633,0.0,-8.173840522766113
1778674126.9418805,-0.28231561183929443,16.523468017578125,0.0,-8.173840522766113
1778674126.9769542,0.8340780735015869,16.523468017578125,0.0,-8.173840522766113
1778674127.012085,-4.81329345703125,16.523468017578125,0.0,-8.173840522766113
1778674127.046836,-3.826866626739502,16.523468017578125,0.0,-8.173840522766113
1778674127.0805397,-4.312509059906006,16.523468017578125,0.0,-8.173840522766113
1778674127.1157377,0.4826917350292206,16.523468017578125,0.0,-8.173840522766113
1778674127.151091,-1.4836170673370361,16.523468017578125,0.0,-8.173840522766113
1778674127.1862087,1.6605496406555176,16.523468017578125,0.0,-8.173840522766113
1778674127.221092,-4.679539203643799,16.523468017578125,0.0,-8.173840522766113
1778674127.2561302,-2.562390089035034,16.523468017578125,0.0,-8.173840522766113
1778674127.2912428,-1.6658124923706055,16.523468017578125,0.0,-8.173840522766113
1778674127.3263588,-2.183952569961548,16.523468017578125,0.0,-8.173840522766113
1778674127.3611088,-2.322349786758423,15.908204078674316,0.0,-8.173840522766113
1778674127.3948853,-2.7814722061157227,15.732421875,0.0,-8.085949897766113
1778674127.4318283,-1.4916129112243652,15.556640625,0.0,-8.085949897766113
1778674127.4669094,-1.7405143976211548,15.46877670288086,0.0,-8.085949897766113
1778674127.5019708,-5.353675842285156,15.46877670288086,0.0,-8.085949897766113
1778674127.537251,-5.284525394439697,15.29299545288086,0.0,-8.085949897766113
1778674127.5723171,0.31320837140083313,14.589868545532227,0.0,-7.910168170928955
1778674127.6057305,0.3603084683418274,13.623095512390137,0.0,-7.646495819091797
1778674127.6408398,1.0565012693405151,12.919968605041504,0.0,-7.558604717254639
1778674127.6758683,-0.28110477328300476,12.919968605041504,0.0,-7.558604717254639
1778674127.71095,0.1717139035463333,12.832050323486328,0.0,-7.558604717254639
1778674127.7462795,0.5867542028427124,12.919968605041504,0.0,-7.558604717254639
1778674127.781349,-0.22812332212924957,12.919968605041504,0.0,-7.558604717254639
1778674127.8163934,2.038012981414795,12.919968605041504,0.0,-7.558604717254639
1778674127.8514023,-0.6787010431289673,12.832050323486328,0.0,-7.558604717254639
1778674127.886728,-1.0045753717422485,12.919968605041504,0.0,-7.558604717254639
1778674127.9218671,0.41402220726013184,12.919968605041504,0.0,-7.558604717254639
1778674127.9569945,-0.39913901686668396,12.919968605041504,0.0,-7.558604717254639
1778674127.9920964,-3.471012592315674,12.919968605041504,0.0,-7.558604717254639
1778674128.0292416,-1.8312169313430786,12.919968605041504,0.0,-7.558604717254639
1778674128.0624182,-3.9832491874694824,12.832050323486328,0.0,-7.558604717254639
1778674128.0957522,-4.552123069763184,12.919968605041504,0.0,-7.558604717254639
1778674128.1308694,-5.5852789878845215,12.656269073486328,0.0,-7.558604717254639
1778674128.1659017,-5.380924224853516,12.392623901367188,0.0,-7.470714092254639
1778674128.200968,-5.650224208831787,11.425796508789062,0.0,-7.2949323654174805
1778674128.2362382,-5.925754070281982,9.492197036743164,0.0,-6.943369388580322
1778674128.2713082,-4.439732551574707,6.503907203674316,0.0,-6.3281331062316895
1778674128.3063896,0.26429441571235657,4.39452600479126,0.0,-5.888679027557373
1778674128.3418126,-0.7523046731948853,1.5820730924606323,0.0,-5.449251651763916
1778674128.376894,0.7131525278091431,0.6152461171150208,0.0,-5.0976881980896
1778674128.411828,-0.34504973888397217,0.3516008257865906,0.0,-5.0097975730896
1778674128.4469128,-0.06515824794769287,0.43946439027786255,0.0,-5.0097975730896
1778674128.4819431,2.840297222137451,0.43946439027786255,0.0,-5.0097975730896
1778674128.5172174,2.6645240783691406,0.43946439027786255,0.0,-5.0976881980896
1778674128.5525222,0.24728116393089294,0.43946439027786255,0.0,-5.0097975730896
1778674128.5858235,-1.7514499425888062,1.7578548192977905,0.0,-5.185579299926758
1778674128.6211107,-3.1153013706207275,2.8125452995300293,0.0,-5.273469924926758
1778674128.656097,-2.8714816570281982,2.900408983230591,0.0,-5.273469924926758
1778674128.69128,-0.3918672800064087,2.900408983230591,0.0,-5.273469924926758
1778674128.7263234,-3.736462354660034,2.900408983230591,0.0,-5.273469924926758
1778674128.7613542,-5.342541694641113,2.900408983230591,0.0,-5.273469924926758
1778674128.7964883,-6.214703559875488,2.900408983230591,0.0,-5.273469924926758
1778674128.8334115,-7.272764205932617,2.900408983230591,0.0,-5.273469924926758
1778674128.866968,-5.790469646453857,1.6699366569519043,0.0,-5.185579299926758
1778674128.9019625,-5.455099105834961,-0.8788713812828064,0.0,-4.746124744415283
1778674128.936992,-0.8187280893325806,-3.164034128189087,0.0,-4.482452392578125
1778674128.972315,-4.144421577453613,-3.339815855026245,0.0,-4.482452392578125
1778674129.007331,-0.6039604544639587,-3.339815855026245,0.0,-4.482452392578125
1778674129.0423596,-2.3646907806396484,-3.339815855026245,0.0,-4.394561290740967
1778674129.0758739,-3.108398675918579,-3.339815855026245,0.0,-4.394561290740967
1778674129.110959,-4.84002685546875,-3.339815855026245,0.0,-4.394561290740967
1778674129.146032,-5.910781383514404,-3.339815855026245,0.0,-4.394561290740967
1778674129.18135,-6.883556365966797,-3.603516101837158,0.0,-4.394561290740967
1778674129.216398,-6.358415603637695,-4.921852111816406,0.0,-4.13088846206665
1778674129.2514498,-7.104668617248535,-6.943314552307129,0.0,-3.691434383392334
1778674129.286591,-6.980031490325928,-9.580039978027344,0.0,-3.164088726043701
1778674129.3218732,-6.674255847930908,-11.689421653747559,0.0,-2.8125252723693848
1778674129.35686,-5.512794494628906,-12.568329811096191,0.0,-2.6367435455322266
1778674129.3922236,-4.928797721862793,-12.656248092651367,0.0,-2.6367435455322266
1778674129.4271307,-3.8793184757232666,-12.656248092651367,0.0,-2.6367435455322266
1778674129.4623284,-2.2886645793914795,-12.656248092651367,0.0,-2.6367435455322266
1778674129.4973955,-2.060145378112793,-12.656248092651367,0.0,-2.6367435455322266
1778674129.530879,-0.8524377942085266,-12.656248092651367,0.0,-2.6367435455322266
1778674129.5659347,-3.1825125217437744,-12.568329811096191,0.0,-2.6367435455322266
1778674129.601009,-4.4810261726379395,-12.656248092651367,0.0,-2.6367435455322266
1778674129.6361332,0.6512020230293274,-12.656248092651367,0.0,-2.6367435455322266
1778674129.6713603,0.6043312549591064,-12.568329811096191,0.0,-2.6367435455322266
1778674129.7063925,-1.315785527229309,-12.568329811096191,0.0,-2.6367435455322266
1778674129.7415464,2.510265350341797,-12.568329811096191,0.0,-2.6367435455322266
1778674129.7767305,1.9159194231033325,-12.656248092651367,0.0,-2.6367435455322266
1778674129.8119097,0.05121803656220436,-12.568329811096191,0.0,-2.6367435455322266
1778674129.846907,-3.557215929031372,-12.568329811096191,0.0,-2.6367435455322266
1778674129.8820903,-1.252123475074768,-12.568329811096191,0.0,-2.6367435455322266
1778674129.9172516,-3.7099809646606445,-12.568329811096191,0.0,-2.6367435455322266
1778674129.9523637,-4.436821460723877,-12.568329811096191,0.0,-2.6367435455322266
1778674129.9857209,-2.5811431407928467,-12.568329811096191,0.0,-2.6367435455322266
1778674130.020889,-1.8090779781341553,-12.568329811096191,0.0,-2.6367435455322266
1778674130.0559788,-1.7913507223129272,-12.568329811096191,0.0,-2.6367435455322266
1778674130.0910342,-2.099466323852539,-12.568329811096191,0.0,-2.6367435455322266
1778674130.1262982,1.2280248403549194,-12.568329811096191,0.0,-2.6367435455322266
1778674130.1613636,5.732766151428223,-12.568329811096191,0.0,-2.6367435455322266
1778674130.196373,4.454089641571045,-12.568329811096191,0.0,-2.6367435455322266
1778674130.2318137,5.137274265289307,-12.568329811096191,0.0,-2.6367435455322266
1778674130.2668746,6.9756178855896,-12.568329811096191,0.0,-2.6367435455322266
1778674130.3019161,7.3385796546936035,-12.568329811096191,0.0,-2.6367435455322266
1778674130.3369915,6.620583534240723,-12.568329811096191,0.0,-2.6367435455322266
1778674130.372278,5.791468620300293,-12.568329811096191,0.0,-2.6367435455322266
1778674130.40751,4.419814109802246,-10.986294746398926,0.0,-2.6367435455322266
1778674130.440495,1.972244143486023,-9.75582218170166,0.0,-2.8125252723693848
1778674130.4758751,0.1438809484243393,-7.734359264373779,0.0,-2.988306999206543
1778674130.5109062,0.8628628849983215,-5.9765424728393555,0.0,-3.076197862625122
1778674130.5460103,-0.7818993926048279,-5.0976338386535645,0.0,-3.164088726043701
1778674130.5811763,1.6721899509429932,-5.009769916534424,0.0,-3.164088726043701
1778674130.6163936,1.847309947013855,-5.009769916534424,0.0,-3.076197862625122
1778674130.651524,0.6356524229049683,-5.009769916534424,0.0,-3.164088726043701
1778674130.6866674,2.8622548580169678,-5.009769916534424,0.0,-3.076197862625122
1778674130.7219672,3.3504889011383057,-5.009769916534424,0.0,-3.164088726043701
1778674130.7569304,3.647186756134033,-5.009769916534424,0.0,-3.164088726043701
1778674130.7920058,5.290513038635254,-5.009769916534424,0.0,-3.164088726043701
1778674130.827108,5.762237548828125,-5.009769916534424,0.0,-3.164088726043701
1778674130.8623748,5.213845729827881,-3.7792978286743164,0.0,-3.4277613162994385
1778674130.8976207,6.144268989562988,-1.581998348236084,0.0,-3.779325246810913
1778674130.9309313,6.14237642288208,0.87894606590271,0.0,-4.218779563903809
1778674130.9659712,7.647175312042236,2.9883270263671875,0.0,-4.658234119415283
1778674131.001012,7.7487263679504395,4.39452600479126,0.0,-5.0097975730896
1778674131.0363276,7.8211469650268555,6.064479827880859,0.0,-5.273469924926758
1778674131.0712316,7.879611015319824,7.382816314697266,0.0,-5.625033378601074
1778674131.1064153,7.809380054473877,8.701207160949707,0.0,-5.888679027557373
1778674131.141538,7.873793125152588,9.84376049041748,0.0,-6.064460754394531
1778674131.1769967,7.792601108551025,11.162151336669922,0.0,-6.416024208068848
1778674131.2119176,7.432511329650879,12.568405151367188,0.0,-6.679696559906006
1778674131.2469542,6.851943492889404,14.326168060302734,0.0,-6.943369388580322
1778674131.282162,6.926423072814941,15.117213249206543,0.0,-7.1191511154174805
1778674131.3172545,4.525074481964111,16.171903610229492,0.0,-7.2949323654174805
1778674131.35228,4.490842819213867,17.8418025970459,0.0,-7.470714092254639
1778674131.387358,2.4184014797210693,18.36914825439453,0.0,-7.558604717254639
1778674131.422478,3.7729175090789795,18.28128433227539,0.0,-7.558604717254639
1778674131.4557588,1.5463916063308716,18.28128433227539,0.0,-7.558604717254639
1778674131.4908254,5.303390026092529,18.28128433227539,0.0,-7.558604717254639
1778674131.5257807,5.966134071350098,18.28128433227539,0.0,-7.558604717254639
1778674131.5608163,3.189209461212158,18.28128433227539,0.0,-7.558604717254639
1778674131.5958664,5.958318710327148,18.28128433227539,0.0,-7.558604717254639
1778674131.632695,5.183314800262451,18.28128433227539,0.0,-7.558604717254639
1778674131.6658847,3.2589869499206543,19.072275161743164,0.0,-7.734386444091797
1778674131.7009263,0.22575172781944275,20.65431022644043,0.0,-8.085949897766113
1778674131.7360213,1.6139581203460693,21.445356369018555,0.0,-8.173840522766113
1778674131.7711012,4.727959632873535,21.445356369018555,0.0,-8.173840522766113
1778674131.806239,3.0352389812469482,21.357437133789062,0.0,-8.173840522766113
1778674131.8413239,0.0543191134929657,21.445356369018555,0.0,-8.173840522766113
1778674131.8765578,-2.990312099456787,21.445356369018555,0.0,-8.173840522766113
1778674131.911233,1.1218104362487793,21.357437133789062,0.0,-8.173840522766113
1778674131.9464014,4.72291374206543,21.357437133789062,0.0,-8.173840522766113
1778674131.9814582,3.5433766841888428,21.357437133789062,0.0,-8.173840522766113
1778674132.016592,4.262951374053955,21.445356369018555,0.0,-8.173840522766113
1778674132.0517347,3.8025147914886475,21.445356369018555,0.0,-8.173840522766113
1778674132.0867689,3.228994846343994,22.060564041137695,0.0,-8.26173210144043
1778674132.1220427,4.807870864868164,23.642601013183594,0.0,-8.613295555114746
1778674132.1570833,5.110952377319336,25.04885482788086,0.0,-8.876968383789062
1778674132.1923776,5.190848350524902,27.2460994720459,0.0,-9.316422462463379
1778674132.227459,4.168537139892578,28.740270614624023,0.0,-9.667985916137695
1778674132.2606783,5.209038734436035,29.70704460144043,0.0,-9.755876541137695
1778674132.2958179,4.20585298538208,29.794960021972656,0.0,-9.755876541137695
1778674132.3309557,3.84224271774292,29.97074317932129,0.0,-9.843767166137695
1778674132.3659217,3.858045816421509,30.14652442932129,0.0,-9.843767166137695
1778674132.4012642,0.3792865574359894,30.49808692932129,0.0,-9.931658744812012
1778674132.4381754,-0.6063441634178162,30.849651336669922,0.0,-10.019549369812012
1778674132.4714823,-1.5093847513198853,30.849651336669922,0.0,-10.019549369812012
1778674132.506772,-1.2215936183929443,30.849651336669922,0.0,-10.019549369812012
1778674132.5418286,-3.8887362480163574,30.849651336669922,0.0,-10.019549369812012
1778674132.5770493,-5.70522403717041,30.849651336669922,0.0,-10.019549369812012
1778674132.6121774,-2.089742660522461,30.849651336669922,0.0,-10.019549369812012
1778674132.647399,1.0772408246994019,29.443397521972656,0.0,-9.931658744812012
1778674132.682324,3.0788955688476562,28.212926864624023,0.0,-9.931658744812012
1778674132.7174914,5.9688029289245605,27.94922637939453,0.0,-9.931658744812012
1778674132.7509084,6.0531511306762695,28.03714370727539,0.0,-9.931658744812012
1778674132.7859628,5.47279691696167,27.94922637939453,0.0,-9.931658744812012
1778674132.8212466,5.709094047546387,28.828134536743164,0.0,-9.931658744812012
1778674132.8561616,1.1684688329696655,30.49808692932129,0.0,-10.019549369812012
1778674132.8911846,-2.0198943614959717,31.728561401367188,0.0,-10.195331573486328
1778674132.9265647,0.05790756642818451,32.16798782348633,0.0,-10.283222198486328
1778674132.9616182,-0.0060153682716190815,32.08012390136719,0.0,-10.283222198486328
1778674132.9969454,-3.3823180198669434,32.08012390136719,0.0,-10.283222198486328
1778674133.0338352,-1.5731855630874634,32.08012390136719,0.0,-10.283222198486328
1778674133.067164,1.124534010887146,32.08012390136719,0.0,-10.283222198486328
1778674133.1022158,2.581239938735962,32.08012390136719,0.0,-10.283222198486328
1778674133.1373796,2.1180431842803955,32.08012390136719,0.0,-10.283222198486328
1778674133.172483,-0.46526944637298584,32.08012390136719,0.0,-10.283222198486328
1778674133.2058096,-0.27215176820755005,32.16798782348633,0.0,-10.283222198486328
1778674133.2411087,0.7629420161247253,32.16798782348633,0.0,-10.283222198486328
1778674133.276093,-0.43111729621887207,32.08012390136719,0.0,-10.283222198486328
1778674133.311145,1.0921462774276733,32.08012390136719,0.0,-10.283222198486328
1778674133.3462243,1.6635076999664307,32.08012390136719,0.0,-10.283222198486328
1778674133.3813257,2.2067184448242188,32.08012390136719,0.0,-10.283222198486328
1778674133.4165294,-3.39164662361145,32.08012390136719,0.0,-10.283222198486328
1778674133.4517043,-0.4629184901714325,32.08012390136719,0.0,-10.283222198486328
1778674133.486619,3.7784199714660645,32.08012390136719,0.0,-10.283222198486328
1778674133.5210674,2.3647351264953613,32.08012390136719,0.0,-10.283222198486328
1778674133.554909,-1.9251585006713867,32.08012390136719,0.0,-10.283222198486328
1778674133.5902858,-0.17863599956035614,32.08012390136719,0.0,-10.283222198486328
1778674133.6272917,-1.5492067337036133,32.08012390136719,0.0,-10.283222198486328
1778674133.6622865,-3.829244375228882,32.08012390136719,0.0,-10.283222198486328
1778674133.6959429,-0.5842129588127136,32.08012390136719,0.0,-10.283222198486328
1778674133.7308574,-4.01406192779541,32.08012390136719,0.0,-10.283222198486328
1778674133.7659395,-2.103759527206421,32.08012390136719,0.0,-10.283222198486328
1778674133.8012223,-4.737376689910889,32.08012390136719,0.0,-10.283222198486328
1778674133.8383498,-1.0555918216705322,31.201215744018555,0.0,-10.195331573486328
1778674133.871239,0.3074706196784973,28.828134536743164,0.0,-10.195331573486328
1778674133.9067008,-0.5595425367355347,26.894535064697266,0.0,-10.195331573486328
1778674133.9419389,-0.2368064522743225,26.191408157348633,0.0,-10.107439994812012
1778674133.976997,1.2144426107406616,26.191408157348633,0.0,-10.107439994812012
1778674134.0119977,3.0412683486938477,26.103546142578125,0.0,-10.107439994812012
1778674134.0473778,4.413212776184082,26.542972564697266,0.0,-10.107439994812012
1778674134.082469,4.949326515197754,27.86136245727539,0.0,-10.107439994812012
1778674134.1174738,3.4894542694091797,30.23438835144043,0.0,-10.195331573486328
1778674134.150967,4.435164451599121,32.08012390136719,0.0,-10.371113777160645
1778674134.1857855,0.7736392021179199,33.574241638183594,0.0,-10.634785652160645
1778674134.221058,3.091254234313965,34.62893295288086,0.0,-10.810566902160645
1778674134.2561915,4.5253705978393555,34.892578125,0.0,-10.898458480834961
1778674134.2911172,6.179098606109619,34.98049545288086,0.0,-10.898458480834961
1778674134.3263433,4.834279537200928,35.244140625,0.0,-10.898458480834961
1778674134.361507,4.67671012878418,35.771488189697266,0.0,-10.986349105834961
1778674134.396604,5.607379913330078,37.001956939697266,0.0,-11.162130355834961
1778674134.4334757,5.58945369720459,39.023475646972656,0.0,-11.513693809509277
1778674134.4670556,4.344725608825684,40.51759338378906,0.0,-11.77736759185791
1778674134.5021105,4.448258399963379,41.22072219848633,0.0,-11.865257263183594
1778674134.5370195,4.078181266784668,41.83598709106445,0.0,-11.95314884185791
1778674134.5723088,5.391936302185059,41.83598709106445,0.0,-12.04103946685791
1778674134.607517,3.678969621658325,42.09962844848633,0.0,-12.04103946685791
1778674134.642553,3.9254302978515625,42.626976013183594,0.0,-12.128931045532227
1778674134.6758378,4.043511867523193,42.978538513183594,0.0,-12.216821670532227
1778674134.711028,4.989229679107666,43.593746185302734,0.0,-12.304712295532227
1778674134.7460268,4.330102443695068,45.0,0.0,-12.480494499206543
1778674134.7813556,4.072105407714844,46.318389892578125,0.0,-12.744166374206543
1778674134.816546,3.4025492668151855,46.669952392578125,0.0,-12.744166374206543
1778674134.8516054,2.994553565979004,46.757816314697266,0.0,-12.83205795288086
1778674134.886659,2.5493204593658447,46.757816314697266,0.0,-12.83205795288086
1778674134.921696,1.2690856456756592,46.757816314697266,0.0,-12.83205795288086
1778674134.956836,6.328708648681641,46.757816314697266,0.0,-12.83205795288086
1778674134.9922028,4.577944278717041,46.757816314697266,0.0,-12.83205795288086
1778674135.0273097,1.2680081129074097,46.757816314697266,0.0,-12.83205795288086
1778674135.0621707,-1.2078442573547363,46.757816314697266,0.0,-12.83205795288086
1778674135.0973492,-3.0567729473114014,46.757816314697266,0.0,-12.83205795288086
1778674135.130611,-2.9188826084136963,46.757816314697266,0.0,-12.83205795288086
1778674135.165706,0.9220888614654541,46.757816314697266,0.0,-12.83205795288086
1778674135.2009907,4.567898273468018,46.757816314697266,0.0,-12.83205795288086
1778674135.237786,4.493793964385986,46.757816314697266,0.0,-12.83205795288086
1778674135.271155,-2.348383665084839,46.757816314697266,0.0,-12.83205795288086
1778674135.3062997,-1.3244266510009766,46.757816314697266,0.0,-12.83205795288086
1778674135.3412724,-4.404104232788086,46.757816314697266,0.0,-12.83205795288086
1778674135.3766413,-5.079472541809082,46.757816314697266,0.0,-12.83205795288086
1778674135.4116802,-6.362343788146973,46.757816314697266,0.0,-12.83205795288086
1778674135.4469907,-5.541916370391846,46.757816314697266,0.0,-12.83205795288086
1778674135.4818776,-6.094454288482666,46.669952392578125,0.0,-12.83205795288086
1778674135.5171437,-4.6205830574035645,44.824222564697266,0.0,-12.744166374206543
1778674135.552268,-3.3897464275360107,42.978538513183594,0.0,-12.744166374206543
1778674135.5872917,-3.7572150230407715,41.83598709106445,0.0,-12.744166374206543
1778674135.62042,-3.3904902935028076,41.66020202636719,0.0,-12.744166374206543
1778674135.6559236,-0.9375689029693604,41.74806213378906,0.0,-12.744166374206543
1778674135.6909213,-1.991104245185852,41.74806213378906,0.0,-12.744166374206543
1778674135.7259624,0.4733639359474182,41.66020202636719,0.0,-12.656275749206543
1778674135.7612288,0.18947622179985046,41.66020202636719,0.0,-12.744166374206543
1778674135.7960792,0.714057207107544,41.66020202636719,0.0,-12.744166374206543
1778674135.831153,2.530853509902954,41.74806213378906,0.0,-12.656275749206543
1778674135.8664103,4.938681125640869,42.45119094848633,0.0,-12.656275749206543
1778674135.9015124,5.303906440734863,43.681663513183594,0.0,-12.744166374206543
1778674135.936756,4.8887224197387695,46.0546875,0.0,-12.83205795288086
1778674135.9718306,5.553516864776611,48.251991271972656,0.0,-13.09572982788086
1778674136.0068464,1.7262446880340576,49.83402633666992,0.0,-13.447293281555176
1778674136.0419922,4.964783191680908,51.32814407348633,0.0,-13.710967063903809
1778674136.0772018,1.3992105722427368,52.38283157348633,0.0,-13.886748313903809
1778674136.1123366,3.300990104675293,52.38283157348633,0.0,-13.886748313903809
1778674136.1456103,1.3992700576782227,52.38283157348633,0.0,-13.886748313903809
1778674136.1806333,2.362462282180786,52.38283157348633,0.0,-13.886748313903809
1778674136.2158153,1.6367789506912231,52.38283157348633,0.0,-13.886748313903809
1778674136.251082,2.0553805828094482,52.38283157348633,0.0,-13.886748313903809
1778674136.2862058,-0.49023035168647766,52.38283157348633,0.0,-13.886748313903809
1778674136.3212616,-5.363626003265381,52.38283157348633,0.0,-13.886748313903809
1778674136.3564987,-4.378970623016357,52.38283157348633,0.0,-13.886748313903809
1778674136.3916051,-5.215257167816162,52.38283157348633,0.0,-13.886748313903809
1778674136.4266577,-5.886734485626221,52.38283157348633,0.0,-13.886748313903809
1778674136.4617827,-6.439703941345215,51.24028015136719,0.0,-13.886748313903809
1778674136.4969006,-2.682299852371216,49.2187614440918,0.0,-13.886748313903809
1778674136.5321207,-3.8998918533325195,47.46094512939453,0.0,-13.886748313903809
1778674136.5672302,-2.969428777694702,46.93360137939453,0.0,-13.798856735229492
1778674136.6022394,-5.150287628173828,46.406253814697266,0.0,-13.798856735229492
1778674136.6375268,-1.5190142393112183,46.406253814697266,0.0,-13.798856735229492
1778674136.6708508,-2.921414375305176,46.318389892578125,0.0,-13.798856735229492
1778674136.705935,-6.774677753448486,46.318389892578125,0.0,-13.798856735229492
1778674136.7408907,-1.7263587713241577,45.791046142578125,0.0,-13.798856735229492
1778674136.7755253,-4.2357964515686035,45.26369857788086,0.0,-13.710967063903809
1778674136.8105552,-0.8483486771583557,44.20901107788086,0.0,-13.535184860229492
1778674136.8439898,1.0446583032608032,43.417964935302734,0.0,-13.447293281555176
1778674136.8793237,2.4531302452087402,43.154319763183594,0.0,-13.359403610229492
1778674136.9144354,1.4548609256744385,43.154319763183594,0.0,-13.359403610229492
1778674136.9495568,1.6332290172576904,43.154319763183594,0.0,-13.359403610229492
1778674136.9851646,4.167856216430664,43.154319763183594,0.0,-13.359403610229492
1778674137.022059,2.9951493740081787,43.154319763183594,0.0,-13.359403610229492
1778674137.0572455,3.1430115699768066,43.154319763183594,0.0,-13.359403610229492
1778674137.0907974,4.644860744476318,44.296875,0.0,-13.359403610229492
1778674137.1258779,4.293641090393066,46.582035064697266,0.0,-13.359403610229492
1778674137.1607137,2.8324685096740723,48.95512008666992,0.0,-13.447293281555176
1778674137.1959753,5.308655261993408,50.18558883666992,0.0,-13.623075485229492
1778674137.2310247,5.34617805480957,51.41606140136719,0.0,-13.798856735229492
1778674137.266005,4.610093593597412,52.558616638183594,0.0,-14.062530517578125
1778674137.3013213,2.3408069610595703,53.613304138183594,0.0,-14.150420188903809
1778674137.3365662,-0.7556003332138062,53.701168060302734,0.0,-14.238311767578125
1778674137.3715599,1.5252190828323364,53.701168060302734,0.0,-14.238311767578125
1778674137.4068353,3.501465082168579,53.701168060302734,0.0,-14.238311767578125
1778674137.441941,-2.6105315685272217,53.701168060302734,0.0,-14.238311767578125
1778674137.4769633,-3.920335054397583,53.701168060302734,0.0,-14.238311767578125
1778674137.5121288,-1.4098318815231323,53.701168060302734,0.0,-14.238311767578125
1778674137.5471828,4.498701095581055,53.613304138183594,0.0,-14.238311767578125
1778674137.5807095,6.835793495178223,53.701168060302734,0.0,-14.238311767578125
1778674137.6156802,7.138036251068115,53.701168060302734,0.0,-14.238311767578125
1778674137.6508148,7.504552364349365,53.701168060302734,0.0,-14.238311767578125
1778674137.686062,6.966825008392334,53.701168060302734,0.0,-14.238311767578125
1778674137.7210748,7.135678291320801,53.701168060302734,0.0,-14.238311767578125
1778674137.756232,5.46609354019165,53.876949310302734,0.0,-14.238311767578125
1778674137.7915528,3.87862229347229,54.404296875,0.0,-14.238311767578125
1778674137.826353,4.0260910987854,55.722686767578125,0.0,-14.501983642578125
1778674137.8613677,6.669092178344727,57.744144439697266,0.0,-14.941438674926758
1778674137.8966935,6.889229774475098,59.8535270690918,0.0,-15.293002128601074
1778674137.9315193,6.727574825286865,62.31447219848633,0.0,-15.732429504394531
1778674137.966802,6.119184970855713,64.6875,0.0,-16.17188262939453
1778674138.0020537,3.200864791870117,66.09375,0.0,-16.347665786743164
1778674138.0391026,4.014243125915527,66.26953125,0.0,-16.435556411743164
1778674138.0720618,2.6480510234832764,66.26953125,0.0,-16.435556411743164
1778674138.107374,2.7384274005889893,66.26953125,0.0,-16.435556411743164
1778674138.14246,-0.10982348024845123,66.26953125,0.0,-16.435556411743164
1778674138.1759543,-0.028973374515771866,66.26953125,0.0,-16.435556411743164
1778674138.211054,-4.036831378936768,66.26953125,0.0,-16.435556411743164
1778674138.2459376,-2.7549350261688232,66.26953125,0.0,-16.435556411743164
1778674138.2810524,0.7417120933532715,66.26953125,0.0,-16.435556411743164
1778674138.3162208,2.7650198936462402,66.26953125,0.0,-16.435556411743164
1778674138.3512924,6.1117143630981445,66.26953125,0.0,-16.435556411743164
1778674138.386681,6.016690254211426,66.26953125,0.0,-16.435556411743164
1778674138.4218268,6.137317657470703,66.18167114257812,0.0,-16.435556411743164
1778674138.4567606,6.248345851898193,66.26953125,0.0,-16.435556411743164
1778674138.4917352,4.335140705108643,66.26953125,0.0,-16.435556411743164
1778674138.527045,6.757444381713867,66.35745239257812,0.0,-16.435556411743164
1778674138.5621216,7.09537935256958,66.62110137939453,0.0,-16.435556411743164
1778674138.5972097,6.521658420562744,67.41213989257812,0.0,-16.611337661743164
1778674138.632327,4.738827228546143,68.99417877197266,0.0,-16.875009536743164
1778674138.6657917,5.175947666168213,71.89454650878906,0.0,-17.402355194091797
1778674138.7008595,5.891446590423584,75.146484375,0.0,-18.01759147644043
1778674138.735957,5.542081356048584,77.95899200439453,0.0,-18.28126335144043
1778674138.7710238,5.263035774230957,77.87113189697266,0.0,-18.28126335144043
1778674138.8065212,4.3227128982543945,78.92581939697266,0.0,-18.369155883789062
1778674138.843255,3.708709716796875,79.80473327636719,0.0,-18.457046508789062
1778674138.8765419,5.578802108764648,79.71681213378906,0.0,-18.457046508789062
1778674138.911548,6.684876918792725,79.71681213378906,0.0,-18.457046508789062
1778674138.946869,3.901492118835449,79.71681213378906,0.0,-18.457046508789062
1778674138.981963,3.5961315631866455,79.71681213378906,0.0,-18.457046508789062
1778674139.017069,-0.11366057395935059,80.15629577636719,0.0,-18.457046508789062
1778674139.0522778,-3.7279562950134277,80.15629577636719,0.0,-18.457046508789062
1778674139.0873933,-2.2877166271209717,80.15629577636719,0.0,-18.457046508789062
1778674139.1207192,-4.228288173675537,80.15629577636719,0.0,-18.457046508789062
1778674139.1557536,-7.411879062652588,80.15629577636719,0.0,-18.457046508789062
1778674139.191036,-6.858349800109863,80.15629577636719,0.0,-18.457046508789062
1778674139.2262032,-5.098236560821533,80.06837463378906,0.0,-18.457046508789062
1778674139.261185,-0.18512390553951263,79.80473327636719,0.0,-18.457046508789062
1778674139.296297,-1.522506594657898,78.39847564697266,0.0,-18.457046508789062
1778674139.3313065,2.172701835632324,78.57425689697266,0.0,-18.457046508789062
1778674139.3665063,-4.7060627937316895,78.57425689697266,0.0,-18.457046508789062
1778674139.4017189,-6.075816631317139,78.57425689697266,0.0,-18.457046508789062
1778674139.438767,-5.093440055847168,78.57425689697266,0.0,-18.457046508789062
1778674139.4721,-4.011127948760986,77.43164825439453,0.0,-18.457046508789062
1778674139.5071917,-0.6656672358512878,74.35549926757812,0.0,-18.369155883789062
1778674139.542016,1.6748183965682983,72.68553924560547,0.0,-18.369155883789062
1778674139.5774074,1.004138469696045,72.50975799560547,0.0,-18.369155883789062
1778674139.6108577,4.260228633880615,72.50975799560547,0.0,-18.369155883789062
1778674139.6456969,4.969561576843262,72.50975799560547,0.0,-18.369155883789062
1778674139.6808112,6.655825138092041,72.7734603881836,0.0,-18.369155883789062
1778674139.7160254,5.12780237197876,73.3008041381836,0.0,-18.369155883789062
1778674139.7511082,5.051323890686035,74.53128051757812,0.0,-18.369155883789062
1778674139.7862842,3.583707809448242,76.81643676757812,0.0,-18.369155883789062
1778674139.8215778,4.65623664855957,78.39847564697266,0.0,-18.369155883789062
1778674139.8566792,3.5863091945648193,80.77149963378906,0.0,-18.544937133789062
1778674139.8918962,2.385582208633423,82.3535385131836,0.0,-18.720718383789062
1778674139.9270267,-1.6773415803909302,82.79296875,0.0,-18.720718383789062
1778674139.9620557,-1.0010268688201904,82.79296875,0.0,-18.720718383789062
1778674139.9971905,1.7722874879837036,82.79296875,0.0,-18.720718383789062
1778674140.0325048,3.7172915935516357,82.79296875,0.0,-18.720718383789062
1778674140.0657315,-4.348719120025635,82.79296875,0.0,-18.720718383789062
1778674140.1007986,-6.495925426483154,82.79296875,0.0,-18.720718383789062
1778674140.1357865,-2.867753744125366,82.79296875,0.0,-18.720718383789062
1778674140.1710913,-3.2964327335357666,82.79296875,0.0,-18.720718383789062
1778674140.2059472,-3.5773441791534424,82.79296875,0.0,-18.720718383789062
1778674140.2431476,-0.598454475402832,82.79296875,0.0,-18.720718383789062
1778674140.2764118,-0.3102279603481293,81.9140625,0.0,-18.720718383789062
1778674140.3114681,-2.234131336212158,81.2988510131836,0.0,-18.720718383789062
1778674140.3468127,-2.8033289909362793,81.21098327636719,0.0,-18.720718383789062
1778674140.3813198,2.1547954082489014,80.68363952636719,0.0,-18.720718383789062
1778674140.4149635,-2.0188231468200684,79.45316314697266,0.0,-18.720718383789062
1778674140.4502568,1.357100248336792,78.92581939697266,0.0,-18.720718383789062
1778674140.487245,0.07828054577112198,79.01367950439453,0.0,-18.720718383789062
1778674140.5206857,-0.9627273082733154,79.01367950439453,0.0,-18.720718383789062
1778674140.5556762,3.5950756072998047,79.01367950439453,0.0,-18.720718383789062
1778674140.590824,1.4074623584747314,79.01367950439453,0.0,-18.720718383789062
1778674140.6260943,3.063056707382202,79.27738189697266,0.0,-18.720718383789062
1778674140.6613998,1.5794124603271484,79.54103088378906,0.0,-18.720718383789062
1778674140.6963806,-2.646596670150757,80.33207702636719,0.0,-18.720718383789062
1778674140.7314138,-3.055567502975464,80.85942077636719,0.0,-18.720718383789062
1778674140.7665594,-0.02452293038368225,80.94728088378906,0.0,-18.720718383789062
1778674140.8018937,-0.8271793723106384,80.94728088378906,0.0,-18.720718383789062
1778674140.836945,0.438084214925766,80.94728088378906,0.0,-18.720718383789062
1778674140.8720262,0.5968101620674133,80.94728088378906,0.0,-18.720718383789062
1778674140.9071631,0.35664042830467224,80.94728088378906,0.0,-18.720718383789062
1778674140.942384,-1.1084115505218506,80.94728088378906,0.0,-18.720718383789062
1778674140.9773185,-0.9429177641868591,80.94728088378906,0.0,-18.720718383789062
1778674141.0106986,-5.45108699798584,80.94728088378906,0.0,-18.720718383789062
1778674141.0459588,-5.859854698181152,80.94728088378906,0.0,-18.720718383789062
1778674141.0808568,-7.217398166656494,80.77149963378906,0.0,-18.720718383789062
1778674141.1161315,-6.8388872146606445,79.45316314697266,0.0,-18.720718383789062
1778674141.1511989,-6.275002479553223,77.95899200439453,0.0,-18.720718383789062
1778674141.1862557,-6.787941932678223,74.7070541381836,0.0,-18.369155883789062
1778674141.221348,-5.665940284729004,72.0703353881836,0.0,-18.01759147644043
1778674141.25647,-4.792168140411377,70.22464752197266,0.0,-17.66602897644043
1778674141.2917666,-4.0274882316589355,69.52152252197266,0.0,-17.66602897644043
1778674141.3268971,-4.583204746246338,69.52152252197266,0.0,-17.66602897644043
1778674141.361911,-3.4213812351226807,69.52152252197266,0.0,-17.578136444091797
1778674141.3970375,-0.68416428565979,69.52152252197266,0.0,-17.578136444091797
1778674141.4320369,-2.57067608833313,69.60939025878906,0.0,-17.578136444091797
1778674141.4673047,-4.338465690612793,69.60939025878906,0.0,-17.66602897644043
1778674141.5004976,-1.3803067207336426,69.60939025878906,0.0,-17.578136444091797
1778674141.5358617,-5.998998641967773,69.52152252197266,0.0,-17.66602897644043
1778674141.5709658,-7.5645833015441895,69.52152252197266,0.0,-17.578136444091797
1778674141.6059613,-7.8228840827941895,69.52152252197266,0.0,-17.66602897644043
1778674141.6429484,-7.700648307800293,69.52152252197266,0.0,-17.578136444091797
1778674141.6766422,-7.5313720703125,68.81839752197266,0.0,-17.49024772644043
1778674141.7114904,-7.129390239715576,66.18167114257812,0.0,-16.962902069091797
1778674141.7467089,-6.851994514465332,63.281246185302734,0.0,-16.347665786743164
1778674141.7816427,-4.589405536651611,59.414100646972656,0.0,-15.644537925720215
1778674141.8167505,-0.6237516403198242,56.601593017578125,0.0,-15.205110549926758
1778674141.8513381,2.299182653427124,55.546905517578125,0.0,-14.941438674926758
1778674141.8849669,-1.2113364934921265,54.931644439697266,0.0,-14.941438674926758
1778674141.9219575,-0.32039859890937805,54.931644439697266,0.0,-14.941438674926758
1778674141.95726,-2.7281787395477295,54.931644439697266,0.0,-14.941438674926758
1778674141.992209,-3.7825191020965576,54.931644439697266,0.0,-14.941438674926758
1778674142.0274594,-5.452803134918213,54.931644439697266,0.0,-14.941438674926758
1778674142.0605254,-5.1616926193237305,54.931644439697266,0.0,-14.941438674926758
1778674142.0957139,-3.870802164077759,54.931644439697266,0.0,-14.941438674926758
1778674142.1307425,-3.512643814086914,54.931644439697266,0.0,-14.941438674926758
1778674142.165846,-5.529197692871094,55.01955795288086,0.0,-14.941438674926758
1778674142.201076,-6.897280216217041,54.755863189697266,0.0,-14.941438674926758
1778674142.2361348,-7.160801887512207,52.64653396606445,0.0,-14.589875221252441
1778674142.271217,-7.3509039878845215,49.65824508666992,0.0,-14.150420188903809
1778674142.3062613,-6.602303981781006,47.46094512939453,0.0,-13.798856735229492
1778674142.3415747,-6.619726181030273,46.406253814697266,0.0,-13.535184860229492
1778674142.3767514,-6.519150257110596,45.791046142578125,0.0,-13.447293281555176
1778674142.411933,-6.391129493713379,45.0,0.0,-13.359403610229492
1778674142.447003,-4.463445663452148,44.03322982788086,0.0,-13.271512031555176
1778674142.4820726,-0.2404000610113144,43.681663513183594,0.0,-13.183621406555176
1778674142.5173812,0.7822611331939697,43.769527435302734,0.0,-13.183621406555176
1778674142.5508254,-0.12498174607753754,43.769527435302734,0.0,-13.183621406555176
1778674142.5857012,3.3152103424072266,43.681663513183594,0.0,-13.183621406555176
1778674142.6208506,3.8423912525177,43.681663513183594,0.0,-13.183621406555176
1778674142.6555567,2.376483201980591,43.681663513183594,0.0,-13.183621406555176
1778674142.6908314,4.2735161781311035,43.681663513183594,0.0,-13.183621406555176
1778674142.7262588,4.201020240783691,45.3515625,0.0,-13.183621406555176
1778674142.761689,0.13347044587135315,47.98828887939453,0.0,-13.183621406555176
1778674142.7965667,1.6272040605545044,50.44923782348633,0.0,-13.447293281555176
1778674142.8316677,2.0741360187530518,52.38283157348633,0.0,-13.798856735229492
1778674142.8668292,-3.1168415546417236,53.789085388183594,0.0,-13.974638938903809
1778674142.9018846,-6.451212406158447,54.667999267578125,0.0,-14.150420188903809
1778674142.9369717,-6.003795623779297,54.755863189697266,0.0,-14.150420188903809
1778674142.9721735,-4.631211757659912,54.755863189697266,0.0,-14.150420188903809
1778674143.007069,-3.075605630874634,54.580078125,0.0,-14.150420188903809
1778674143.0442507,-5.496692657470703,54.228515625,0.0,-14.062530517578125
1778674143.0754538,-5.693101406097412,53.525390625,0.0,-14.062530517578125
1778674143.1106951,-4.240687370300293,50.53715515136719,0.0,-14.062530517578125
1778674143.1459155,-6.30368709564209,47.81250762939453,0.0,-14.062530517578125
1778674143.1810167,-5.893692493438721,45.527347564697266,0.0,-13.710967063903809
1778674143.2160869,-5.265083312988281,43.769527435302734,0.0,-13.359403610229492
1778674143.2513673,-3.115670919418335,42.802757263183594,0.0,-13.183621406555176
1778674143.2862947,-6.704404830932617,42.45119094848633,0.0,-13.183621406555176
1778674143.3217282,-6.268118858337402,42.45119094848633,0.0,-13.183621406555176
1778674143.3567955,-2.160097360610962,42.45119094848633,0.0,-13.183621406555176
1778674143.3920636,-3.526118278503418,42.53911209106445,0.0,-13.183621406555176
1778674143.426981,-3.97760272026062,42.45119094848633,0.0,-13.183621406555176
1778674143.4623911,-1.4285311698913574,42.18754577636719,0.0,-13.09572982788086
1778674143.4972587,-3.2711598873138428,41.48442077636719,0.0,-12.91994857788086
1778674143.530609,-0.09502194076776505,41.13285827636719,0.0,-12.83205795288086
1778674143.565583,1.2527610063552856,41.13285827636719,0.0,-12.83205795288086
1778674143.600862,-3.076436758041382,41.13285827636719,0.0,-12.91994857788086
1778674143.6359186,-2.642503261566162,41.13285827636719,0.0,-12.83205795288086
1778674143.6710703,-5.377849102020264,41.13285827636719,0.0,-12.83205795288086
1778674143.7061365,-3.182602643966675,41.13285827636719,0.0,-12.83205795288086
1778674143.741703,-5.950336933135986,40.51759338378906,0.0,-12.744166374206543
1778674143.7765467,-7.218337535858154,39.2871208190918,0.0,-12.568385124206543
1778674143.8117778,-7.508782386779785,37.08987808227539,0.0,-12.128931045532227
1778674143.846833,-7.597578525543213,33.310543060302734,0.0,-11.337912559509277
1778674143.8818443,-6.677048683166504,29.091833114624023,0.0,-10.634785652160645
1778674143.917009,-6.38502311706543,25.312498092651367,0.0,-10.019549369812012
1778674143.952386,-5.691061973571777,22.93947410583496,0.0,-9.667985916137695
1778674143.985665,-3.323697566986084,23.02739143371582,0.0,-9.580095291137695
1778674144.0207353,-4.522367477416992,23.02739143371582,0.0,-9.580095291137695
1778674144.055878,-5.2101731300354,23.02739143371582,0.0,-9.580095291137695
1778674144.0909212,-6.0614800453186035,23.02739143371582,0.0,-9.580095291137695
1778674144.1264007,-4.459484100341797,23.02739143371582,0.0,-9.580095291137695
1778674144.1612322,-0.14381615817546844,23.02739143371582,0.0,-9.580095291137695
1778674144.1962507,0.5142782330513,23.02739143371582,0.0,-9.580095291137695
1778674144.2314026,-1.2711031436920166,23.02739143371582,0.0,-9.580095291137695
1778674144.2668047,-2.522984504699707,23.02739143371582,0.0,-9.580095291137695
1778674144.3018103,-4.708376407623291,23.02739143371582,0.0,-9.580095291137695
1778674144.3368478,-2.7902069091796875,23.02739143371582,0.0,-9.580095291137695
1778674144.3721507,-4.793308258056641,23.02739143371582,0.0,-9.580095291137695
1778674144.4074562,-4.89361572265625,23.02739143371582,0.0,-9.580095291137695
1778674144.4440064,-6.217625141143799,22.675827026367188,0.0,-9.492203712463379
1778674144.4772608,-7.3454718589782715,20.47852897644043,0.0,-8.964859008789062
1778674144.5106223,-7.83299446105957,17.4902400970459,0.0,-8.34962272644043
1778674144.5457745,-7.853558540344238,14.41408634185791,0.0,-7.910168170928955
1778674144.5808623,-7.726406574249268,12.392623901367188,0.0,-7.470714092254639
1778674144.6159182,-7.664992809295654,11.601578712463379,0.0,-7.3828229904174805
1778674144.6509874,-7.572166919708252,11.601578712463379,0.0,-7.2949323654174805
1778674144.6861706,-7.695328712463379,10.459024429321289,0.0,-7.1191511154174805
1778674144.7212255,-7.753265380859375,8.876988410949707,0.0,-6.855478286743164
1778674144.7565417,-7.813207626342773,7.031252384185791,0.0,-6.416024208068848
1778674144.7917128,-7.657973289489746,5.624998569488525,0.0,-6.152351379394531
1778674144.8267071,-6.14114236831665,4.218744277954102,0.0,-5.888679027557373
1778674144.861795,-5.915331840515137,3.076190710067749,0.0,-5.712924480438232
1778674144.8971233,-6.908504486083984,2.900408983230591,0.0,-5.625033378601074
1778674144.9323866,-5.001787185668945,2.900408983230591,0.0,-5.625033378601074
1778674144.9674911,-6.050909519195557,2.900408983230591,0.0,-5.625033378601074
1778674145.0005524,-4.775660991668701,2.7246270179748535,0.0,-5.625033378601074
1778674145.0358143,-5.120980739593506,1.4062913656234741,0.0,-5.273469924926758
1778674145.0709188,-4.538310527801514,0.3516008257865906,0.0,-5.0976881980896
1778674145.1060143,4.25811767578125,0.17581908404827118,0.0,-5.0976881980896
1778674145.1410904,2.232553482055664,0.26368263363838196,0.0,-5.0976881980896
1778674145.1761515,0.5300090312957764,0.17581908404827118,0.0,-5.0976881980896
1778674145.211476,1.5356814861297607,0.26368263363838196,0.0,-5.0976881980896
1778674145.248365,1.3825987577438354,0.26368263363838196,0.0,-5.0976881980896
1778674145.2815583,0.21465492248535156,0.26368263363838196,0.0,-5.0976881980896
1778674145.316797,-1.5864752531051636,0.26368263363838196,0.0,-5.0976881980896
1778674145.3521624,0.22152158617973328,0.26368263363838196,0.0,-5.0976881980896
1778674145.3869877,3.0199878215789795,0.26368263363838196,0.0,-5.0976881980896
1778674145.4219413,0.3304910361766815,0.26368263363838196,0.0,-5.0976881980896
1778674145.457351,-2.6174073219299316,0.26368263363838196,0.0,-5.0976881980896
1778674145.4905548,2.4952335357666016,0.26368263363838196,0.0,-5.0976881980896
1778674145.525668,-1.4663609266281128,0.26368263363838196,0.0,-5.0976881980896
1778674145.5606837,0.6683940291404724,0.26368263363838196,0.0,-5.0976881980896
1778674145.5960228,1.8180116415023804,0.26368263363838196,0.0,-5.0976881980896
1778674145.6310506,-1.2558941841125488,0.26368263363838196,0.0,-5.0976881980896
1778674145.6660438,0.9780100584030151,0.26368263363838196,0.0,-5.0976881980896
1778674145.7006066,-2.0003151893615723,0.26368263363838196,0.0,-5.0976881980896
1778674145.734262,-4.236236572265625,0.26368263363838196,0.0,-5.0976881980896
1778674145.7697828,-6.058206081390381,0.26368263363838196,0.0,-5.0976881980896
1778674145.8068576,-4.271237850189209,0.26368263363838196,0.0,-5.0976881980896
1778674145.8438566,-4.713673114776611,0.26368263363838196,0.0,-5.0976881980896
1778674145.8770237,-1.8041954040527344,0.26368263363838196,0.0,-5.0976881980896
1778674145.9120991,-3.5067124366760254,0.26368263363838196,0.0,-5.0097975730896
1778674145.9473252,-1.6063979864120483,0.26368263363838196,0.0,-5.0097975730896
1778674145.9805481,2.3555166721343994,0.26368263363838196,0.0,-5.0097975730896
1778674146.015764,1.9754472970962524,0.26368263363838196,0.0,-5.0097975730896
1778674146.0508716,-1.1557154655456543,0.26368263363838196,0.0,-5.0097975730896
1778674146.086103,-1.8588690757751465,0.26368263363838196,0.0,-5.0097975730896
1778674146.1212046,1.7528364658355713,0.26368263363838196,0.0,-5.0097975730896
1778674146.1562743,3.433542490005493,0.26368263363838196,0.0,-5.0097975730896
1778674146.1913278,2.25443696975708,0.26368263363838196,0.0,-5.0097975730896
1778674146.2265038,-2.4871764183044434,0.26368263363838196,0.0,-5.0976881980896
1778674146.2617521,-0.29309719800949097,0.26368263363838196,0.0,-5.0097975730896
1778674146.2967913,3.871368408203125,0.26368263363838196,0.0,-5.0097975730896
1778674146.3320792,6.221650123596191,0.26368263363838196,0.0,-5.0097975730896
1778674146.367168,6.362692832946777,0.26368263363838196,0.0,-5.0097975730896
1778674146.4022312,5.790724754333496,0.26368263363838196,0.0,-5.0097975730896
1778674146.4354758,4.073180675506592,0.26368263363838196,0.0,-5.0976881980896
1778674146.470568,2.4502227306365967,0.7910279035568237,0.0,-5.0976881980896
1778674146.5057895,-2.091017723083496,1.8457183837890625,0.0,-5.185579299926758
1778674146.5407069,3.630898952484131,2.373063564300537,0.0,-5.185579299926758
1778674146.5759714,3.284057378768921,2.373063564300537,0.0,-5.185579299926758
1778674146.6111462,6.678626537322998,2.636763572692871,0.0,-5.185579299926758
1778674146.648267,6.282200336456299,3.7793173789978027,0.0,-5.449251651763916
1778674146.6814122,3.0842504501342773,5.537134647369385,0.0,-5.712924480438232
1778674146.716198,6.08973503112793,7.294952869415283,0.0,-5.800815105438232
1778674146.7500598,4.346047878265381,8.34964370727539,0.0,-5.800815105438232
1778674146.7872083,3.0506701469421387,8.876988410949707,0.0,-5.888679027557373
1778674146.8220658,5.81338357925415,8.876988410949707,0.0,-5.888679027557373
1778674146.8572085,6.939570903778076,8.876988410949707,0.0,-5.888679027557373
1778674146.8918355,3.7118749618530273,9.052770614624023,0.0,-5.888679027557373
1778674146.9253798,3.396536111831665,9.140633583068848,0.0,-5.976569652557373
1778674146.961099,0.3210405707359314,9.140633583068848,0.0,-5.976569652557373
1778674146.9960973,1.7403861284255981,9.140633583068848,0.0,-5.976569652557373
1778674147.0310109,5.37249755859375,9.140633583068848,0.0,-5.976569652557373
1778674147.0661013,4.038716793060303,9.140633583068848,0.0,-5.976569652557373
1778674147.1012473,6.108617305755615,9.140633583068848,0.0,-5.976569652557373
1778674147.1363285,4.2225189208984375,9.228551864624023,0.0,-5.976569652557373
1778674147.1716197,6.812212944030762,10.107460975646973,0.0,-6.152351379394531
1778674147.2070005,5.533204078674316,11.601578712463379,0.0,-6.503914833068848
1778674147.2434905,4.328031539916992,14.50195026397705,0.0,-6.943369388580322
1778674147.2768,4.53307580947876,16.523468017578125,0.0,-7.2949323654174805
1778674147.311953,0.8065882325172424,19.248056411743164,0.0,-7.734386444091797
1778674147.3471117,4.376492023468018,19.951183319091797,0.0,-7.910168170928955
1778674147.3821082,1.4804636240005493,21.00587272644043,0.0,-7.998059272766113
1778674147.417411,2.8623831272125244,21.269573211669922,0.0,-8.085949897766113
1778674147.4521072,-0.812682569026947,21.269573211669922,0.0,-8.085949897766113
1778674147.48746,-0.4414917826652527,21.269573211669922,0.0,-8.085949897766113
1778674147.5204117,-0.43232500553131104,21.269573211669922,0.0,-8.085949897766113
1778674147.555546,-1.4308013916015625,20.47852897644043,0.0,-8.085949897766113
1778674147.5906973,0.021001679822802544,18.720712661743164,0.0,-7.998059272766113
1778674147.6257546,-2.8762776851654053,17.753938674926758,0.0,-7.998059272766113
1778674147.6608622,1.4011735916137695,17.226594924926758,0.0,-7.998059272766113
1778674147.6959612,1.7786394357681274,16.787113189697266,0.0,-7.910168170928955
1778674147.7310786,-5.045974254608154,16.699249267578125,0.0,-7.910168170928955
1778674147.7664003,0.10175707191228867,16.699249267578125,0.0,-7.998059272766113
1778674147.801414,1.299743890762329,16.699249267578125,0.0,-7.910168170928955
1778674147.8366804,4.68818998336792,16.699249267578125,0.0,-7.998059272766113
1778674147.8717568,3.9472179412841797,16.699249267578125,0.0,-7.910168170928955
1778674147.907006,-2.201930522918701,16.699249267578125,0.0,-7.998059272766113
1778674147.9419317,-3.0129170417785645,16.699249267578125,0.0,-7.910168170928955
1778674147.9770095,-5.177124977111816,16.699249267578125,0.0,-7.910168170928955
1778674148.0121362,-4.852351188659668,16.699249267578125,0.0,-7.910168170928955
1778674148.0493128,-5.282693386077881,16.699249267578125,0.0,-7.998059272766113
1778674148.0806737,-4.517091751098633,16.259767532348633,0.0,-7.998059272766113
1778674148.115733,-6.591751575469971,15.29299545288086,0.0,-7.910168170928955
1778674148.1508362,-6.183563709259033,13.886740684509277,0.0,-7.646495819091797
1778674148.1861663,-6.32788610458374,11.601578712463379,0.0,-7.2949323654174805
1778674148.2215028,-5.059168338775635,9.492197036743164,0.0,-6.855478286743164
1778674148.2565663,-6.757673740386963,7.470734596252441,0.0,-6.416024208068848
1778674148.2915561,-6.783396244049072,5.624998569488525,0.0,-6.152351379394531
1778674148.326913,-4.0253214836120605,3.6035356521606445,0.0,-5.712924480438232
1778674148.3618047,-5.6956281661987305,2.460981845855713,0.0,-5.449251651763916
1778674148.39711,-3.967416286468506,2.0215001106262207,0.0,-5.361361026763916
1778674148.432216,-0.25808000564575195,2.0215001106262207,0.0,-5.361361026763916
1778674148.4672804,-0.22027118504047394,2.0215001106262207,0.0,-5.361361026763916
1778674148.5005553,2.436011552810669,2.0215001106262207,0.0,-5.361361026763916
1778674148.5357218,4.510980606079102,2.0215001106262207,0.0,-5.361361026763916
1778674148.5707996,6.424078941345215,2.0215001106262207,0.0,-5.361361026763916
1778674148.6059544,5.61377477645874,2.9883270263671875,0.0,-5.537142753601074
1778674148.6409345,5.057413101196289,5.00978946685791,0.0,-5.625033378601074
1778674148.6765013,5.8895182609558105,7.207034587860107,0.0,-5.800815105438232
1778674148.7113485,4.261724472045898,9.228551864624023,0.0,-6.064460754394531
1778674148.746505,4.0059285163879395,10.54688835144043,0.0,-6.3281331062316895
1778674148.7814872,2.022455930709839,11.425796508789062,0.0,-6.416024208068848
1778674148.8166146,-4.031623363494873,11.601578712463379,0.0,-6.416024208068848
1778674148.8519232,-2.910710573196411,11.601578712463379,0.0,-6.503914833068848
1778674148.8868983,1.8583431243896484,11.601578712463379,0.0,-6.503914833068848
1778674148.9221,0.7034848928451538,11.601578712463379,0.0,-6.503914833068848
1778674148.9571545,0.8728530406951904,11.601578712463379,0.0,-6.503914833068848
1778674148.9906168,-0.4246947467327118,11.513714790344238,0.0,-6.503914833068848
1778674149.0256908,-2.3023154735565186,11.601578712463379,0.0,-6.503914833068848
1778674149.0607505,-1.7090320587158203,11.601578712463379,0.0,-6.503914833068848
1778674149.095821,1.354175329208374,11.601578712463379,0.0,-6.503914833068848
1778674149.1309516,5.748867511749268,11.425796508789062,0.0,-6.416024208068848
1778674149.1661737,6.37948751449585,11.337933540344238,0.0,-6.416024208068848
1778674149.2012904,4.592278957366943,11.337933540344238,0.0,-6.503914833068848
1778674149.23635,0.8246917724609375,11.337933540344238,0.0,-6.416024208068848
1778674149.271709,3.9166476726531982,11.337933540344238,0.0,-6.416024208068848
1778674149.3066888,4.223329544067383,11.337933540344238,0.0,-6.503914833068848
1778674149.3413224,2.4737894535064697,11.337933540344238,0.0,-6.416024208068848
1778674149.3769395,-0.5657202005386353,11.337933540344238,0.0,-6.416024208068848
1778674149.4121182,-2.594602584838867,11.337933540344238,0.0,-6.416024208068848
1778674149.449345,0.92550128698349,11.337933540344238,0.0,-6.503914833068848
1778674149.4806547,0.7717673182487488,11.337933540344238,0.0,-6.503914833068848
1778674149.515758,-2.948862314224243,11.337933540344238,0.0,-6.416024208068848
1778674149.550357,-0.40632501244544983,11.337933540344238,0.0,-6.503914833068848
1778674149.5857496,0.4778880178928375,11.337933540344238,0.0,-6.503914833068848
1778674149.6214535,-0.35579442977905273,11.337933540344238,0.0,-6.503914833068848
1778674149.6565135,1.316967248916626,11.337933540344238,0.0,-6.503914833068848
1778674149.69168,-1.040727138519287,11.337933540344238,0.0,-6.416024208068848
1778674149.7266355,1.650252342224121,11.337933540344238,0.0,-6.503914833068848
1778674149.7619634,-2.2880923748016357,11.337933540344238,0.0,-6.416024208068848
1778674149.797006,-4.114596366882324,11.337933540344238,0.0,-6.416024208068848
1778674149.8321471,-6.004165172576904,11.337933540344238,0.0,-6.503914833068848
1778674149.86704,-6.132751941680908,11.337933540344238,0.0,-6.503914833068848
1778674149.900416,-6.570201396942139,11.337933540344238,0.0,-6.416024208068848
1778674149.9355178,-6.567724227905273,9.58011531829834,0.0,-6.3281331062316895
1778674149.9706557,-6.204276084899902,6.240261554718018,0.0,-6.2402424812316895
1778674150.0057468,-5.009527683258057,3.6035356521606445,0.0,-5.625033378601074
1778674150.0410628,-4.32456636428833,0.26368263363838196,0.0,-5.0097975730896
1778674150.076272,-3.391430616378784,-1.2304348945617676,0.0,-4.746124744415283
1778674150.1111593,1.1265738010406494,-1.7577801942825317,0.0,-4.746124744415283
1778674150.146456,0.3282184302806854,-1.7577801942825317,0.0,-4.746124744415283
1778674150.181523,-3.390214443206787,-1.6699166297912598,0.0,-4.746124744415283
1778674150.216722,-0.6289821863174438,-1.7577801942825317,0.0,-4.746124744415283
1778674150.2517533,4.033420562744141,-1.6699166297912598,0.0,-4.746124744415283
1778674150.286946,4.090229511260986,-1.6699166297912598,0.0,-4.746124744415283
1778674150.322291,5.282463073730469,-1.6699166297912598,0.0,-4.746124744415283
1778674150.357224,3.647847890853882,-0.08788085728883743,0.0,-4.834015846252441
1778674150.3904488,3.7400295734405518,1.9336365461349487,0.0,-5.0097975730896
1778674150.4257836,4.692432403564453,4.130880832672119,0.0,-5.273469924926758
1778674150.4607975,4.9985480308532715,5.888698101043701,0.0,-5.361361026763916
1778674150.4959013,3.544686794281006,7.119170665740967,0.0,-5.537142753601074
1778674150.530963,6.024329662322998,7.91016149520874,0.0,-5.712924480438232
1778674150.5662465,5.872898578643799,8.437506675720215,0.0,-5.800815105438232
1778674150.6013086,6.5561933517456055,9.228551864624023,0.0,-5.976569652557373
1778674150.6366322,6.600399017333984,10.54688835144043,0.0,-6.2402424812316895
1778674150.6717644,6.983677864074707,12.656269073486328,0.0,-6.679696559906006
1778674150.7068002,7.269227027893066,15.556640625,0.0,-7.1191511154174805
1778674150.741288,6.865344524383545,17.8418025970459,0.0,-7.558604717254639
1778674150.7764823,7.136275768280029,19.86332130432129,0.0,-7.822277545928955
1778674150.8102758,7.71787166595459,20.830093383789062,0.0,-8.085949897766113
1778674150.8489454,7.886867523193359,22.587909698486328,0.0,-8.26173210144043
1778674150.8825572,7.885738372802734,24.082027435302734,0.0,-8.701186180114746
1778674150.917294,7.937905311584473,26.103546142578125,0.0,-9.140640258789062
1778674150.9505188,7.730782985687256,27.685579299926758,0.0,-9.404313087463379
1778674150.9856045,7.844108581542969,29.003917694091797,0.0,-9.667985916137695
1778674151.0210266,7.756379127502441,30.49808692932129,0.0,-9.931658744812012
1778674151.05596,6.789694786071777,31.640642166137695,0.0,-10.107439994812012
1778674151.090995,6.581546306610107,32.34376907348633,0.0,-10.283222198486328
1778674151.1265423,7.013832092285156,33.13481521606445,0.0,-10.371113777160645
1778674151.1613538,5.993015289306641,33.04689407348633,0.0,-10.371113777160645
1778674151.1967213,7.257539749145508,33.486324310302734,0.0,-10.546895027160645
1778674151.231857,7.5709638595581055,35.068359375,0.0,-10.810566902160645
1778674151.266861,6.573328018188477,36.826175689697266,0.0,-11.162130355834961
1778674151.3019514,7.022774696350098,37.88086700439453,0.0,-11.250021934509277
1778674151.3371723,6.775459289550781,38.40821075439453,0.0,-11.337912559509277
1778674151.3722873,5.775420665740967,39.199256896972656,0.0,-11.513693809509277
1778674151.4057531,4.794219017028809,39.726600646972656,0.0,-11.601585388183594
1778674151.4407587,3.3854939937591553,39.726600646972656,0.0,-11.601585388183594
1778674151.4758778,-0.19881604611873627,39.726600646972656,0.0,-11.601585388183594
1778674151.5109487,-1.515346884727478,39.726600646972656,0.0,-11.601585388183594
1778674151.546095,0.3586210310459137,39.726600646972656,0.0,-11.601585388183594
1778674151.5813508,3.726550579071045,39.726600646972656,0.0,-11.601585388183594
1778674151.6166198,5.834385395050049,39.726600646972656,0.0,-11.601585388183594
1778674151.6533704,4.397436618804932,39.726600646972656,0.0,-11.601585388183594
1778674151.6867456,3.664811134338379,39.726600646972656,0.0,-11.601585388183594
1778674151.7218473,1.0615644454956055,39.726600646972656,0.0,-11.601585388183594
1778674151.7569292,3.3674275875091553,39.8144645690918,0.0,-11.601585388183594
1778674151.791976,-1.3849060535430908,39.726600646972656,0.0,-11.601585388183594
1778674151.8273199,-4.502548694610596,39.726600646972656,0.0,-11.601585388183594
1778674151.8605003,-5.331799507141113,39.726600646972656,0.0,-11.601585388183594
1778674151.8956187,-4.593647480010986,39.726600646972656,0.0,-11.601585388183594
1778674151.9308124,-4.896784782409668,39.726600646972656,0.0,-11.601585388183594
1778674151.965825,-4.543577194213867,39.726600646972656,0.0,-11.601585388183594
1778674152.000914,-4.173010349273682,39.726600646972656,0.0,-11.601585388183594
1778674152.0363183,-3.4173500537872314,39.375038146972656,0.0,-11.601585388183594
1778674152.0712147,-5.201483726501465,37.96878433227539,0.0,-11.601585388183594
1778674152.1063182,-5.426396369934082,35.595703125,0.0,-11.513693809509277
1778674152.141413,-4.066593647003174,32.43168640136719,0.0,-11.250021934509277
1778674152.1765404,-3.19581937789917,31.201215744018555,0.0,-11.074240684509277
1778674152.211837,-0.19774934649467468,30.410171508789062,0.0,-10.986349105834961
1778674152.2486346,-2.2587733268737793,30.05860710144043,0.0,-10.986349105834961
1778674152.2820652,0.24861951172351837,30.14652442932129,0.0,-10.986349105834961
1778674152.3171175,3.7492568492889404,30.14652442932129,0.0,-10.986349105834961
1778674152.3522167,2.979037046432495,30.761734008789062,0.0,-10.986349105834961
1778674152.385598,3.2039928436279297,32.34376907348633,0.0,-11.074240684509277
1778674152.4207172,3.308203935623169,34.541011810302734,0.0,-11.074240684509277
1778674152.4562235,4.055710315704346,36.123050689697266,0.0,-11.162130355834961
1778674152.4909613,4.3796796798706055,36.73831558227539,0.0,-11.162130355834961
1778674152.5261822,6.19291877746582,37.96878433227539,0.0,-11.337912559509277
1778674152.5613074,6.342394828796387,39.99024963378906,0.0,-11.689476013183594
1778674152.5963564,6.764786243438721,42.09962844848633,0.0,-12.128931045532227
1778674152.6316097,6.679693698883057,44.648433685302734,0.0,-12.480494499206543
1778674152.6666152,4.869230270385742,46.757816314697266,0.0,-12.83205795288086
1778674152.7017632,5.127873420715332,47.81250762939453,0.0,-13.09572982788086
1778674152.7370028,4.196543216705322,47.90042495727539,0.0,-13.09572982788086
1778674152.7719345,2.2319982051849365,47.90042495727539,0.0,-13.09572982788086
1778674152.807346,-0.5299041271209717,47.90042495727539,0.0,-13.09572982788086
1778674152.8406615,-0.8262714147567749,47.90042495727539,0.0,-13.09572982788086
1778674152.8755293,-2.4664804935455322,47.90042495727539,0.0,-13.09572982788086
1778674152.910723,2.9314279556274414,47.90042495727539,0.0,-13.09572982788086
1778674152.9457903,5.585689544677734,47.90042495727539,0.0,-13.09572982788086
1778674152.9808526,4.639646053314209,47.90042495727539,0.0,-13.09572982788086
1778674153.0159087,5.364902973175049,47.90042495727539,0.0,-13.09572982788086
1778674153.0530846,6.394647121429443,47.90042495727539,0.0,-13.09572982788086
1778674153.08637,5.736401081085205,47.90042495727539,0.0,-13.09572982788086
1778674153.1214776,7.099765300750732,47.98828887939453,0.0,-13.09572982788086
1778674153.1566005,7.311807155609131,49.2187614440918,0.0,-13.183621406555176
1778674153.1918283,6.955144882202148,51.41606140136719,0.0,-13.710967063903809
1778674153.2269132,4.053220748901367,54.667999267578125,0.0,-14.326202392578125
1778674153.261926,1.1765735149383545,57.56836700439453,0.0,-14.765657424926758
1778674153.2972794,1.6968144178390503,59.062538146972656,0.0,-15.029329299926758
1778674153.3321657,0.15543638169765472,59.414100646972656,0.0,-15.117220878601074
1778674153.3674102,-0.11857699602842331,59.32618713378906,0.0,-15.117220878601074
1778674153.40051,-2.365382671356201,59.32618713378906,0.0,-15.117220878601074
1778674153.4356697,-1.6897691488265991,59.32618713378906,0.0,-15.117220878601074
1778674153.4706454,-2.8458659648895264,59.32618713378906,0.0,-15.117220878601074
1778674153.5060472,-5.663573741912842,59.32618713378906,0.0,-15.117220878601074
1778674153.5409312,-5.847149848937988,58.710975646972656,0.0,-15.117220878601074
1778674153.5760503,-6.256680488586426,56.77737808227539,0.0,-15.117220878601074
1778674153.6111047,-7.225223064422607,53.26174545288086,0.0,-15.117220878601074
1778674153.6482916,-5.629879951477051,48.16407012939453,0.0,-14.326202392578125
1778674153.6816256,-5.448619842529297,45.08791732788086,0.0,-13.798856735229492
1778674153.7167397,-5.637493133544922,43.417964935302734,0.0,-13.447293281555176
1778674153.751718,-4.018708229064941,42.71489334106445,0.0,-13.359403610229492
1778674153.7868898,-3.9659366607666016,42.71489334106445,0.0,-13.359403610229492
1778674153.8220038,-1.944619059562683,42.71489334106445,0.0,-13.359403610229492
1778674153.8571281,-5.050270080566406,42.71489334106445,0.0,-13.359403610229492
1778674153.8905509,-6.2127275466918945,42.71489334106445,0.0,-13.359403610229492
1778674153.9256487,-5.145967960357666,42.71489334106445,0.0,-13.359403610229492
1778674153.9607558,-1.5683048963546753,42.71489334106445,0.0,-13.359403610229492
1778674153.9958043,-1.478370189666748,42.71489334106445,0.0,-13.359403610229492
1778674154.0310383,-0.9029310941696167,42.71489334106445,0.0,-13.359403610229492
1778674154.0661755,-3.033531904220581,42.71489334106445,0.0,-13.359403610229492
1778674154.1013741,-2.9461865425109863,42.71489334106445,0.0,-13.359403610229492
1778674154.1366873,-4.3221211433410645,42.71489334106445,0.0,-13.359403610229492
1778674154.1718376,-4.375217437744141,42.71489334106445,0.0,-13.359403610229492
1778674154.2067876,-2.5019147396087646,42.71489334106445,0.0,-13.359403610229492
1778674154.2418447,-6.037476539611816,42.71489334106445,0.0,-13.271512031555176
1778674154.276908,-5.428001403808594,41.83598709106445,0.0,-13.09572982788086
1778674154.3121765,-6.188461780548096,40.25394821166992,0.0,-12.83205795288086
1778674154.3472815,-6.559924125671387,37.96878433227539,0.0,-12.392602920532227
1778674154.3804653,-4.663282871246338,35.50783920288086,0.0,-11.95314884185791
1778674154.415757,-3.777235269546509,32.08012390136719,0.0,-11.250021934509277
1778674154.452718,-1.2598072290420532,30.849651336669922,0.0,-11.074240684509277
1778674154.4858763,-5.10041618347168,29.61918067932129,0.0,-10.898458480834961
1778674154.520951,-5.438971042633057,30.322307586669922,0.0,-10.898458480834961
1778674154.5563076,-5.7697224617004395,29.794960021972656,0.0,-10.810566902160645
1778674154.5895648,-6.1862568855285645,28.652353286743164,0.0,-10.634785652160645
1778674154.6265492,-5.247106075286865,27.334016799926758,0.0,-10.371113777160645
1778674154.6617434,-3.1318154335021973,26.982452392578125,0.0,-10.371113777160645
1778674154.6968672,-5.117203235626221,26.982452392578125,0.0,-10.371113777160645
1778674154.7318547,-6.147641658782959,26.982452392578125,0.0,-10.371113777160645
1778674154.7670968,-6.984442234039307,26.455108642578125,0.0,-10.283222198486328
1778674154.802067,-5.436614990234375,24.785154342651367,0.0,-9.931658744812012
1778674154.835606,-5.832769870758057,22.93947410583496,0.0,-9.580095291137695
1778674154.870762,-5.630024433135986,22.060564041137695,0.0,-9.492203712463379
1778674154.9055617,-5.75242805480957,21.445356369018555,0.0,-9.228531837463379
1778674154.9406843,-6.532878398895264,20.742229461669922,0.0,-9.140640258789062
1778674154.9758523,-5.767090320587158,19.160194396972656,0.0,-8.701186180114746
1778674155.0109107,-4.801475524902344,17.753938674926758,0.0,-8.525404930114746
1778674155.0459626,-2.4091434478759766,17.402376174926758,0.0,-8.43751335144043
1778674155.0810132,-2.77992582321167,17.4902400970459,0.0,-8.43751335144043
1778674155.116265,-3.262890577316284,17.4902400970459,0.0,-8.43751335144043
1778674155.1512594,-4.259147644042969,17.4902400970459,0.0,-8.43751335144043
1778674155.186727,-0.2835731506347656,17.4902400970459,0.0,-8.43751335144043
1778674155.22158,2.3430330753326416,17.4902400970459,0.0,-8.43751335144043
1778674155.2567096,1.9521574974060059,17.4902400970459,0.0,-8.43751335144043
1778674155.2917683,3.2754111289978027,17.4902400970459,0.0,-8.43751335144043
1778674155.327081,1.4517104625701904,17.4902400970459,0.0,-8.43751335144043
1778674155.3620417,5.534019470214844,17.4902400970459,0.0,-8.43751335144043
1778674155.3974593,4.027602672576904,18.19336700439453,0.0,-8.43751335144043
1778674155.430505,2.75460147857666,19.951183319091797,0.0,-8.613295555114746
1778674155.4656653,1.4802231788635254,22.324264526367188,0.0,-8.613295555114746
1778674155.5006812,5.004811763763428,23.5546817779541,0.0,-8.789076805114746
1778674155.5357623,4.8253092765808105,24.785154342651367,0.0,-8.964859008789062
1778674155.570867,6.032614231109619,26.103546142578125,0.0,-9.228531837463379
1778674155.6060662,5.453883171081543,28.03714370727539,0.0,-9.667985916137695
1778674155.6412113,2.5091488361358643,29.97074317932129,0.0,-9.931658744812012
1778674155.6765983,3.9577221870422363,31.201215744018555,0.0,-10.019549369812012
1778674155.7116442,2.05513596534729,31.376996994018555,0.0,-10.019549369812012
1778674155.7467864,-1.7453657388687134,31.289077758789062,0.0,-10.107439994812012
1778674155.781973,-2.69286847114563,31.289077758789062,0.0,-10.107439994812012
1778674155.817128,-0.8828023076057434,31.289077758789062,0.0,-10.019549369812012
1778674155.85433,3.6133158206939697,29.882823944091797,0.0,-10.019549369812012
1778674155.8854613,-0.35462915897369385,28.916053771972656,0.0,-10.019549369812012
1778674155.9205778,-5.287538528442383,28.12500762939453,0.0,-10.019549369812012
1778674155.9558682,-3.090150833129883,28.12500762939453,0.0,-10.019549369812012
1778674155.9908788,-2.136521100997925,27.50979995727539,0.0,-10.019549369812012
1778674156.0259542,-3.348228931427002,26.542972564697266,0.0,-10.019549369812012
1778674156.0614917,-2.0926153659820557,24.960935592651367,0.0,-9.843767166137695
1778674156.0963798,-0.02362155169248581,23.37895393371582,0.0,-9.580095291137695
1778674156.1315029,4.487658500671387,22.93947410583496,0.0,-9.580095291137695
1778674156.1664073,3.782503128051758,22.93947410583496,0.0,-9.580095291137695
1778674156.2019494,5.6611504554748535,23.02739143371582,0.0,-9.580095291137695
1778674156.2370412,4.445403575897217,23.818382263183594,0.0,-9.580095291137695
1778674156.2720716,2.884280204772949,24.785154342651367,0.0,-9.667985916137695
1778674156.3071396,3.5056567192077637,26.367189407348633,0.0,-9.755876541137695
1778674156.340774,0.25715547800064087,28.564489364624023,0.0,-9.755876541137695
1778674156.3757124,-3.1970267295837402,29.70704460144043,0.0,-9.843767166137695
1778674156.4107492,-0.5161696076393127,29.882823944091797,0.0,-9.843767166137695
1778674156.445821,-5.000307559967041,29.882823944091797,0.0,-9.843767166137695
1778674156.4809196,-4.460501670837402,29.882823944091797,0.0,-9.843767166137695
1778674156.516225,-4.753289222717285,29.882823944091797,0.0,-9.843767166137695
1778674156.5516298,-5.076988697052002,27.94922637939453,0.0,-9.843767166137695
1778674156.5864906,-6.492149829864502,24.960935592651367,0.0,-9.755876541137695
1778674156.6215067,-7.494421005249023,21.269573211669922,0.0,-9.140640258789062
1778674156.6567142,-7.544071197509766,18.19336700439453,0.0,-8.613295555114746
1778674156.691774,-7.701844692230225,16.787113189697266,0.0,-8.26173210144043
1778674156.7270222,-7.666899681091309,14.941431999206543,0.0,-7.910168170928955
1778674156.7619612,-7.4834489822387695,13.798823356628418,0.0,-7.646495819091797
1778674156.7970665,-7.556078910827637,12.480486869812012,0.0,-7.470714092254639
1778674156.8308384,-7.688236236572266,11.953142166137695,0.0,-7.3828229904174805
1778674156.8659396,-7.441070556640625,11.337933540344238,0.0,-7.207041263580322
1778674156.900785,-7.5272016525268555,10.019542694091797,0.0,-6.943369388580322
1778674156.9358928,-7.642467021942139,8.876988410949707,0.0,-6.767587661743164
1778674156.9710524,-7.568929672241211,7.119170665740967,0.0,-6.416024208068848
1778674157.006069,-7.253915309906006,5.712916374206543,0.0,-6.152351379394531
1778674157.0411916,-4.500930309295654,4.658226013183594,0.0,-5.888679027557373
1778674157.0765011,-0.18196716904640198,3.955099105834961,0.0,-5.800815105438232
1778674157.1116002,-3.349369525909424,3.955099105834961,0.0,-5.800815105438232
1778674157.1467457,-5.509843826293945,3.955099105834961,0.0,-5.800815105438232
1778674157.1818264,-4.99930477142334,3.955099105834961,0.0,-5.800815105438232
1778674157.2168355,-3.4757871627807617,3.955099105834961,0.0,-5.800815105438232
1778674157.2540805,-3.4305624961853027,3.955099105834961,0.0,-5.800815105438232
1778674157.2872725,2.528841972351074,3.955099105834961,0.0,-5.800815105438232
1778674157.3223255,4.805216312408447,3.955099105834961,0.0,-5.800815105438232
1778674157.355619,6.616926193237305,3.955099105834961,0.0,-5.800815105438232
1778674157.3907132,5.7934722900390625,3.955099105834961,0.0,-5.712924480438232
1778674157.4257574,3.8141772747039795,3.955099105834961,0.0,-5.800815105438232
1778674157.4610946,0.8277829885482788,3.955099105834961,0.0,-5.800815105438232
1778674157.4962332,0.4453659951686859,3.955099105834961,0.0,-5.800815105438232
1778674157.5313122,-2.8635406494140625,3.955099105834961,0.0,-5.800815105438232
1778674157.5664,-3.9944331645965576,3.955099105834961,0.0,-5.800815105438232
1778674157.6017108,-4.492549419403076,3.955099105834961,0.0,-5.800815105438232
1778674157.6367228,-1.9396809339523315,3.955099105834961,0.0,-5.800815105438232
1778674157.6720734,-2.897373676300049,3.955099105834961,0.0,-5.800815105438232
1778674157.7071648,-5.371582984924316,3.8672354221343994,0.0,-5.800815105438232
1778674157.7422543,-5.639457702636719,3.7793173789978027,0.0,-5.800815105438232
1778674157.7772827,-4.927689552307129,3.076190710067749,0.0,-5.625033378601074
1778674157.8105128,-3.3763554096221924,0.9668096303939819,0.0,-5.0976881980896
1778674157.845862,-4.891223430633545,-1.2304348945617676,0.0,-4.746124744415283
1778674157.880354,-3.1335911750793457,-2.548825263977051,0.0,-4.658234119415283
1778674157.9160168,0.8194521069526672,-2.8124706745147705,0.0,-4.570343017578125
1778674157.951149,2.048196315765381,-2.724606990814209,0.0,-4.570343017578125
1778674157.9860811,2.471360445022583,-2.724606990814209,0.0,-4.658234119415283
1778674158.0212688,1.0997589826583862,-2.724606990814209,0.0,-4.658234119415283
1778674158.0582554,-0.6294106245040894,-2.724606990814209,0.0,-4.570343017578125
1778674158.091764,-5.096907138824463,-2.724606990814209,0.0,-4.570343017578125
1778674158.1266346,-3.471041679382324,-2.724606990814209,0.0,-4.570343017578125
1778674158.161801,-3.891407012939453,-2.724606990814209,0.0,-4.570343017578125
1778674158.1970146,-3.1717398166656494,-2.724606990814209,0.0,-4.570343017578125
1778674158.2322977,-1.5872868299484253,-2.724606990814209,0.0,-4.570343017578125
1778674158.267153,-3.3155581951141357,-2.724606990814209,0.0,-4.570343017578125
1778674158.3004405,-0.3644455671310425,-2.724606990814209,0.0,-4.658234119415283
1778674158.335778,0.02215009741485119,-2.724606990814209,0.0,-4.570343017578125
1778674158.3708549,3.785395860671997,-2.724606990814209,0.0,-4.570343017578125
1778674158.4059024,3.8378818035125732,-2.724606990814209,0.0,-4.570343017578125
1778674158.4410536,4.184865951538086,-2.724606990814209,0.0,-4.570343017578125
1778674158.4761603,3.2558841705322266,-2.724606990814209,0.0,-4.570343017578125
1778674158.511352,5.693270683288574,-2.724606990814209,0.0,-4.570343017578125
1778674158.5468676,0.7169266939163208,-1.581998348236084,0.0,-4.658234119415283
1778674158.5819042,-0.7651709914207458,0.17581908404827118,0.0,-4.746124744415283
1778674158.6170623,-1.4651166200637817,1.2305095195770264,0.0,-4.834015846252441
1778674158.654192,-4.729872703552246,1.3183730840682983,0.0,-4.834015846252441
1778674158.687202,-5.623354911804199,1.3183730840682983,0.0,-4.834015846252441
1778674158.7206414,-7.25802755355835,1.3183730840682983,0.0,-4.834015846252441
1778674158.7555661,-6.860180377960205,1.2305095195770264,0.0,-4.834015846252441
1778674158.7908459,-7.395725727081299,-0.7030896544456482,0.0,-4.834015846252441
1778674158.8258178,-6.929666042327881,-2.1093435287475586,0.0,-4.570343017578125
1778674158.861287,-6.810574054718018,-3.6913797855377197,0.0,-4.306670665740967
1778674158.8961341,-7.087285041809082,-6.240187644958496,0.0,-3.779325246810913
1778674158.9312782,-7.551181793212891,-8.964831352233887,0.0,-3.2519795894622803
1778674158.9663455,-7.58146858215332,-11.249994277954102,0.0,-2.900416135787964
1778674159.0016901,-7.246606826782227,-12.480466842651367,0.0,-2.4609618186950684
1778674159.036708,-7.043257713317871,-13.535157203674316,0.0,-2.197289228439331
1778674159.071602,-6.07963228225708,-13.974583625793457,0.0,-2.109398365020752
1778674159.1068485,-6.531383037567139,-14.326147079467773,0.0,-2.021507501602173
1778674159.1418808,-3.5042724609375,-14.941411018371582,0.0,-1.9336165189743042
1778674159.1769342,-3.6192219257354736,-15.556619644165039,0.0,-1.845725655555725
1778674159.2119007,-4.8799662590026855,-15.732401847839355,0.0,-1.845725655555725
1778674159.2469413,-1.4061983823776245,-15.732401847839355,0.0,-1.845725655555725
1778674159.282052,2.434600353240967,-15.732401847839355,0.0,-1.845725655555725
1778674159.3171303,2.0712661743164062,-15.732401847839355,0.0,-1.845725655555725
1778674159.3522463,0.6967068314552307,-15.732401847839355,0.0,-1.757834792137146
1778674159.3873062,3.0384349822998047,-15.732401847839355,0.0,-1.757834792137146
1778674159.4223707,0.5530444979667664,-15.732401847839355,0.0,-1.845725655555725
1778674159.4585612,2.9840564727783203,-15.732401847839355,0.0,-1.757834792137146
1778674159.4899476,-0.8357200026512146,-15.732401847839355,0.0,-1.757834792137146
1778674159.5255013,-0.8658145666122437,-15.64448356628418,0.0,-1.845725655555725
1778674159.5606492,-0.6372260451316833,-15.64448356628418,0.0,-1.845725655555725
1778674159.5957246,2.6958556175231934,-15.732401847839355,0.0,-1.845725655555725
1778674159.6306715,-2.26672101020813,-15.732401847839355,0.0,-1.757834792137146
1778674159.6657937,-1.331985354423523,-15.732401847839355,0.0,-1.845725655555725
1778674159.7008288,-1.4070959091186523,-15.732401847839355,0.0,-1.757834792137146
1778674159.7359076,-1.1479843854904175,-15.732401847839355,0.0,-1.757834792137146
1778674159.7709582,-3.1395046710968018,-15.732401847839355,0.0,-1.757834792137146
1778674159.805919,-5.3021392822265625,-15.732401847839355,0.0,-1.757834792137146
1778674159.8410704,-5.556258678436279,-15.732401847839355,0.0,-1.757834792137146
1778674159.8761127,-5.461321830749512,-15.732401847839355,0.0,-1.757834792137146
1778674159.9110792,-1.829138159751892,-16.083965301513672,0.0,-1.757834792137146
1778674159.9462607,-1.2335758209228516,-16.435527801513672,0.0,-1.669943928718567
1778674159.9811466,-0.9967089295387268,-16.435527801513672,0.0,-1.669943928718567
1778674160.0162709,1.1089646816253662,-16.435527801513672,0.0,-1.669943928718567
1778674160.053026,-3.0727832317352295,-16.435527801513672,0.0,-1.669943928718567
1778674160.0863516,-0.8175737261772156,-16.435527801513672,0.0,-1.669943928718567
1778674160.1215417,1.834203839302063,-16.435527801513672,0.0,-1.669943928718567
1778674160.1566114,3.8915610313415527,-16.435527801513672,0.0,-1.669943928718567
1778674160.1918476,2.891204833984375,-16.435527801513672,0.0,-1.669943928718567
1778674160.2270103,-0.5096274614334106,-16.435527801513672,0.0,-1.669943928718567
1778674160.2618506,-2.867950916290283,-16.435527801513672,0.0,-1.669943928718567
1778674160.296828,-1.8609728813171387,-16.435527801513672,0.0,-1.669943928718567
1778674160.3317134,-0.12182356417179108,-16.435527801513672,0.0,-1.669943928718567
1778674160.3670216,3.266345739364624,-16.435527801513672,0.0,-1.669943928718567
1778674160.401914,5.799847602844238,-16.435527801513672,0.0,-1.669943928718567
1778674160.4372191,6.49242639541626,-16.435527801513672,0.0,-1.669943928718567
1778674160.4719548,6.219847202301025,-16.435527801513672,0.0,-1.669943928718567
1778674160.5071614,6.202988147735596,-16.435527801513672,0.0,-1.669943928718567
1778674160.5421307,5.566751480102539,-16.435527801513672,0.0,-1.669943928718567
1778674160.5755336,6.5124053955078125,-15.82026481628418,0.0,-1.757834792137146
1778674160.6104982,6.7477030754089355,-13.798802375793457,0.0,-1.845725655555725
1778674160.6455534,6.641499996185303,-10.546867370605469,0.0,-2.109398365020752
1778674160.6806757,4.577437877655029,-7.470659255981445,0.0,-2.6367435455322266
1778674160.7157984,5.908764839172363,-5.009769916534424,0.0,-3.164088726043701
1778674160.7509797,2.634549140930176,-3.0761706829071045,0.0,-3.5156521797180176
1778674160.7860544,4.99877405166626,-2.548825263977051,0.0,-3.603543519973755
1778674160.8212042,6.089267253875732,-2.6366889476776123,0.0,-3.603543519973755
1778674160.858153,2.8099491596221924,-2.6366889476776123,0.0,-3.603543519973755
1778674160.8918025,2.4836196899414062,-2.6366889476776123,0.0,-3.603543519973755
1778674160.9270258,-0.9840848445892334,-2.6366889476776123,0.0,-3.603543519973755
1778674160.961849,-1.1974730491638184,-2.6366889476776123,0.0,-3.603543519973755
1778674160.9973187,0.4922837018966675,-2.6366889476776123,0.0,-3.603543519973755
1778674161.032363,0.14253109693527222,-2.8124706745147705,0.0,-3.603543519973755
1778674161.065368,-3.2859461307525635,-3.339815855026245,0.0,-3.603543519973755
1778674161.1005363,-2.2835545539855957,-5.009769916534424,0.0,-3.4277613162994385
1778674161.135779,-1.3154189586639404,-6.50388765335083,0.0,-3.4277613162994385
1778674161.1707597,-1.1793955564498901,-6.943314552307129,0.0,-3.4277613162994385
1778674161.206197,-3.5514755249023438,-7.031232833862305,0.0,-3.4277613162994385
1778674161.2410932,-3.919384479522705,-7.207014083862305,0.0,-3.4277613162994385
1778674161.2761252,-2.8964169025421143,-7.99800443649292,0.0,-3.4277613162994385
1778674161.3112974,-2.9154675006866455,-8.701131820678711,0.0,-3.3398704528808594
1778674161.3465557,2.9208054542541504,-9.49217700958252,0.0,-3.164088726043701
1778674161.3815403,3.305474281311035,-9.843740463256836,0.0,-3.164088726043701
1778674161.4167647,2.572849750518799,-9.843740463256836,0.0,-3.076197862625122
1778674161.4521413,3.51534104347229,-9.843740463256836,0.0,-3.076197862625122
1778674161.4870794,0.4617546498775482,-9.843740463256836,0.0,-3.076197862625122
1778674161.5221896,1.6057274341583252,-9.843740463256836,0.0,-3.164088726043701
1778674161.555622,5.025383472442627,-9.843740463256836,0.0,-3.076197862625122
1778674161.590706,2.8406918048858643,-8.61326789855957,0.0,-3.164088726043701
1778674161.625852,3.32435941696167,-6.943314552307129,0.0,-3.3398704528808594
1778674161.6609104,4.648589134216309,-5.361333847045898,0.0,-3.4277613162994385
1778674161.6961744,0.24103552103042603,-4.746070384979248,0.0,-3.4277613162994385
1778674161.7314713,4.23638391494751,-4.482424736022949,0.0,-3.4277613162994385
1778674161.7661366,1.4428608417510986,-4.042943000793457,0.0,-3.4277613162994385
1778674161.8013563,0.46169039607048035,-3.603516101837158,0.0,-3.4277613162994385
1778674161.8368015,1.488643765449524,-3.5155975818634033,0.0,-3.5156521797180176
1778674161.871965,0.7783953547477722,-3.5155975818634033,0.0,-3.5156521797180176
1778674161.907063,2.8083040714263916,-3.5155975818634033,0.0,-3.5156521797180176
1778674161.9421363,2.9488916397094727,-3.5155975818634033,0.0,-3.5156521797180176
1778674161.9774928,3.982316255569458,-3.5155975818634033,0.0,-3.5156521797180176
1778674162.0098662,3.8315482139587402,-3.5155975818634033,0.0,-3.5156521797180176
1778674162.045255,5.995657444000244,-3.2519524097442627,0.0,-3.5156521797180176
1778674162.0807033,1.5381479263305664,-2.548825263977051,0.0,-3.603543519973755
1778674162.115915,2.3571085929870605,-1.581998348236084,0.0,-3.779325246810913
1778674162.1510217,1.3953315019607544,-0.6152260899543762,0.0,-3.9551069736480713
1778674162.18612,-1.2744646072387695,-0.3515261709690094,0.0,-3.9551069736480713
1778674162.2213008,-3.124215602874756,-0.439444363117218,0.0,-3.9551069736480713
1778674162.2584977,-4.043609619140625,-0.439444363117218,0.0,-3.9551069736480713
1778674162.2916517,-2.303600311279297,-0.439444363117218,0.0,-3.9551069736480713
1778674162.3268962,-4.074814796447754,-1.581998348236084,0.0,-3.9551069736480713
1778674162.3619852,-4.012789249420166,-3.867161512374878,0.0,-3.779325246810913
1778674162.397056,-2.9952900409698486,-5.449197292327881,0.0,-3.779325246810913
1778674162.432187,-5.013698101043701,-6.5917510986328125,0.0,-3.779325246810913
1778674162.4671743,-2.1469016075134277,-6.8554511070251465,0.0,-3.691434383392334
1778674162.5000029,4.184789657592773,-7.6464409828186035,0.0,-3.5156521797180176
1778674162.535286,2.3270504474639893,-7.6464409828186035,0.0,-3.5156521797180176
1778674162.570965,4.219875335693359,-7.6464409828186035,0.0,-3.5156521797180176
1778674162.606033,3.2274649143218994,-7.6464409828186035,0.0,-3.5156521797180176
1778674162.640912,4.1250762939453125,-7.6464409828186035,0.0,-3.5156521797180176
1778674162.6763678,3.414233922958374,-7.6464409828186035,0.0,-3.5156521797180176
1778674162.7112124,6.572930812835693,-5.88862419128418,0.0,-3.691434383392334
1778674162.7462716,5.868869304656982,-3.339815855026245,0.0,-3.779325246810913
1778674162.78163,6.4396514892578125,-0.7030896544456482,0.0,-3.9551069736480713
1778674162.816769,6.685051918029785,2.2852001190185547,0.0,-4.394561290740967
1778674162.8517597,4.92536735534668,4.042962551116943,0.0,-4.746124744415283
1778674162.8869915,-0.6693775653839111,4.570307731628418,0.0,-4.921906471252441
1778674162.922246,0.9920871257781982,4.570307731628418,0.0,-5.0097975730896
1778674162.9571288,3.0471150875091553,4.570307731628418,0.0,-4.921906471252441
1778674162.9905782,1.4345194101333618,4.570307731628418,0.0,-4.921906471252441
1778674163.0255206,-0.38662806153297424,4.570307731628418,0.0,-4.921906471252441
1778674163.060752,2.2617757320404053,4.570307731628418,0.0,-5.0097975730896
1778674163.095849,4.016977310180664,4.570307731628418,0.0,-4.921906471252441
1778674163.1309314,5.404438495635986,4.570307731628418,0.0,-5.0097975730896
1778674163.1660721,5.4276604652404785,4.570307731628418,0.0,-4.921906471252441
1778674163.2015624,3.5416717529296875,4.570307731628418,0.0,-5.0097975730896
1778674163.2363713,0.12803363800048828,5.097652912139893,0.0,-5.0976881980896
1778674163.2715297,-4.6149373054504395,5.537134647369385,0.0,-5.185579299926758
1778674163.3066041,-4.3311967849731445,5.537134647369385,0.0,-5.185579299926758
1778674163.3417091,0.8688997030258179,5.537134647369385,0.0,-5.185579299926758
1778674163.3769362,2.0488312244415283,5.537134647369385,0.0,-5.185579299926758
1778674163.412083,1.656532883644104,5.537134647369385,0.0,-5.185579299926758
1778674163.4454157,-2.503634214401245,5.537134647369385,0.0,-5.185579299926758
1778674163.4805415,-3.7802681922912598,5.537134647369385,0.0,-5.185579299926758
1778674163.5156462,-3.409226417541504,5.537134647369385,0.0,-5.185579299926758
1778674163.5509105,-3.5682077407836914,5.537134647369385,0.0,-5.185579299926758
1778674163.5860567,-0.9480600953102112,5.537134647369385,0.0,-5.185579299926758
1778674163.6211352,-1.2451351881027222,5.537134647369385,0.0,-5.185579299926758
1778674163.6580794,0.7822296619415283,5.273434638977051,0.0,-5.185579299926758
1778674163.691608,0.42034876346588135,4.658226013183594,0.0,-5.185579299926758
1778674163.7266629,-0.1098579689860344,4.658226013183594,0.0,-5.185579299926758
1778674163.761787,3.1548831462860107,4.658226013183594,0.0,-5.185579299926758
1778674163.796805,0.9726808071136475,4.658226013183594,0.0,-5.185579299926758
1778674163.831888,0.13419567048549652,4.658226013183594,0.0,-5.185579299926758
1778674163.8671236,-3.1696722507476807,4.658226013183594,0.0,-5.185579299926758
1778674163.9003067,-2.6150100231170654,4.658226013183594,0.0,-5.185579299926758
1778674163.935684,0.4901387393474579,4.658226013183594,0.0,-5.185579299926758
1778674163.9707754,2.2485673427581787,4.658226013183594,0.0,-5.185579299926758
1778674164.0058548,3.7609405517578125,4.658226013183594,0.0,-5.185579299926758
1778674164.0410893,5.383608341217041,4.658226013183594,0.0,-5.185579299926758
1778674164.0761266,5.899843215942383,4.658226013183594,0.0,-5.185579299926758
1778674164.1113424,6.4177727699279785,5.537134647369385,0.0,-5.185579299926758
1778674164.1465316,6.481345176696777,6.679688930511475,0.0,-5.449251651763916
1778674164.1815886,4.7364044189453125,8.261725425720215,0.0,-5.800815105438232
1778674164.21679,5.259629249572754,9.40433406829834,0.0,-6.064460754394531
1778674164.251872,6.178958415985107,10.459024429321289,0.0,-6.2402424812316895
1778674164.286885,4.392581462860107,12.041060447692871,0.0,-6.591805934906006
1778674164.3219566,4.474729537963867,14.50195026397705,0.0,-6.943369388580322
1778674164.3557177,5.8494391441345215,16.259767532348633,0.0,-7.207041263580322
1778674164.3904822,4.866903781890869,16.962894439697266,0.0,-7.470714092254639
1778674164.4256325,1.4556643962860107,18.10550308227539,0.0,-7.470714092254639
1778674164.4624739,1.4544262886047363,18.01758575439453,0.0,-7.470714092254639
1778674164.4958885,4.84429407119751,18.01758575439453,0.0,-7.558604717254639
1778674164.5307596,2.45810866355896,18.01758575439453,0.0,-7.558604717254639
1778674164.565876,1.9318534135818481,18.10550308227539,0.0,-7.558604717254639
1778674164.6009092,-0.2870192527770996,18.01758575439453,0.0,-7.470714092254639
1778674164.6361148,-1.2380496263504028,18.01758575439453,0.0,-7.558604717254639
1778674164.671204,-0.5007157325744629,18.10550308227539,0.0,-7.558604717254639
1778674164.7061045,3.3161182403564453,18.01758575439453,0.0,-7.470714092254639
1778674164.7412012,1.1910951137542725,17.753938674926758,0.0,-7.470714092254639
1778674164.7763007,-0.8606950044631958,17.753938674926758,0.0,-7.558604717254639
1778674164.811674,-3.001283645629883,17.753938674926758,0.0,-7.470714092254639
1778674164.8467793,-4.962666988372803,17.578157424926758,0.0,-7.558604717254639
1778674164.8817935,-6.596342086791992,16.611330032348633,0.0,-7.470714092254639
1778674164.9169023,-6.9692559242248535,14.67773151397705,0.0,-7.3828229904174805
1778674164.9520078,-6.7512946128845215,12.304705619812012,0.0,-7.3828229904174805
1778674164.9857047,-6.380635738372803,10.019542694091797,0.0,-6.943369388580322
1778674165.0208106,-4.186305522918701,7.558598041534424,0.0,-6.416024208068848
1778674165.0575626,-5.300509452819824,4.834007740020752,0.0,-6.064460754394531
1778674165.0909498,-6.01330041885376,3.6035356521606445,0.0,-5.712924480438232
1778674165.125939,-6.485725402832031,2.636763572692871,0.0,-5.537142753601074
1778674165.161053,-5.891961574554443,2.2852001190185547,0.0,-5.361361026763916
1778674165.1962357,-5.711817264556885,1.3183730840682983,0.0,-5.185579299926758
1778674165.2312863,-3.9181711673736572,0.5273826122283936,0.0,-5.0097975730896
1778674165.2666504,-5.04940128326416,0.3516008257865906,0.0,-5.0097975730896
1778674165.301794,-2.7129154205322266,0.17581908404827118,0.0,-5.0097975730896
1778674165.336795,0.0517728216946125,3.7338671972975135e-05,0.0,-5.0097975730896
1778674165.3719966,-0.6315876841545105,3.7338671972975135e-05,0.0,-5.0097975730896
1778674165.407314,-2.164747476577759,3.7338671972975135e-05,0.0,-5.0097975730896
1778674165.440675,-1.4492676258087158,3.7338671972975135e-05,0.0,-5.0097975730896
1778674165.4755955,-3.2266883850097656,3.7338671972975135e-05,0.0,-5.0097975730896
1778674165.5106597,2.295689105987549,3.7338671972975135e-05,0.0,-5.0097975730896
1778674165.5457542,2.448936700820923,0.08790089190006256,0.0,-5.0097975730896
1778674165.5808656,4.035774230957031,0.08790089190006256,0.0,-5.0097975730896
1778674165.6162233,0.5785353183746338,0.5273826122283936,0.0,-5.0097975730896
1778674165.6507044,-3.8435909748077393,1.7578548192977905,0.0,-5.0976881980896
1778674165.6857793,-1.8264459371566772,2.2852001190185547,0.0,-5.0976881980896
1778674165.7190788,-0.23603291809558868,2.2852001190185547,0.0,-5.0976881980896
1778674165.7566192,-2.1800506114959717,2.2852001190185547,0.0,-5.0976881980896
1778674165.7917414,-3.294517993927002,2.2852001190185547,0.0,-5.0976881980896
1778674165.8270395,-4.395328044891357,2.1094183921813965,0.0,-5.0976881980896
1778674165.8640094,-3.5130817890167236,-0.3515261709690094,0.0,-4.834015846252441
1778674165.897244,-0.8322807550430298,-2.285125494003296,0.0,-4.570343017578125
1778674165.9304664,-4.3583760261535645,-3.339815855026245,0.0,-4.394561290740967
1778674165.9656172,-2.9002158641815186,-3.427734136581421,0.0,-4.394561290740967
1778674166.000765,-4.465548038482666,-3.427734136581421,0.0,-4.394561290740967
1778674166.0358036,-5.023674011230469,-3.5155975818634033,0.0,-4.394561290740967
1778674166.0708714,-4.879993438720703,-5.0976338386535645,0.0,-4.04299783706665
1778674166.1059415,-6.37128210067749,-6.328105926513672,0.0,-3.779325246810913
1778674166.1412034,-0.04689105600118637,-7.6464409828186035,0.0,-3.5156521797180176
1778674166.1762424,5.409830093383789,-8.876913070678711,0.0,-3.3398704528808594
1778674166.2114184,6.084054470062256,-8.964831352233887,0.0,-3.2519795894622803
1778674166.246545,6.464240074157715,-8.964831352233887,0.0,-3.2519795894622803
1778674166.281613,4.610109329223633,-8.964831352233887,0.0,-3.2519795894622803
1778674166.3170214,7.078796863555908,-8.964831352233887,0.0,-3.2519795894622803
1778674166.351937,6.813979148864746,-8.964831352233887,0.0,-3.2519795894622803
1778674166.3870223,6.383326530456543,-8.61326789855957,0.0,-3.3398704528808594
1778674166.4204204,7.064256191253662,-6.767532825469971,0.0,-3.4277613162994385
1778674166.4555807,6.964085102081299,-3.6913797855377197,0.0,-3.779325246810913
1778674166.4907136,5.863718032836914,-0.439444363117218,0.0,-4.04299783706665
1778674166.525725,5.152074813842773,3.515672206878662,0.0,-4.746124744415283
1778674166.5608275,4.058591365814209,6.240261554718018,0.0,-5.273469924926758
1778674166.5960796,3.8435113430023193,7.119170665740967,0.0,-5.449251651763916
1778674166.6313856,4.611518383026123,7.119170665740967,0.0,-5.449251651763916
1778674166.6662283,5.171009063720703,7.119170665740967,0.0,-5.449251651763916
1778674166.701342,6.484916687011719,7.119170665740967,0.0,-5.449251651763916
1778674166.736549,6.122533798217773,7.207034587860107,0.0,-5.625033378601074
1778674166.7717986,6.73248291015625,8.437506675720215,0.0,-5.888679027557373
1778674166.8068647,7.45654821395874,9.492197036743164,0.0,-6.064460754394531
1778674166.8420713,6.350958347320557,11.250015258789062,0.0,-6.416024208068848
1778674166.8774118,6.685590744018555,13.623095512390137,0.0,-6.855478286743164
1778674166.9104671,4.9068684577941895,15.996122360229492,0.0,-7.207041263580322
1778674166.945489,1.0018575191497803,17.8418025970459,0.0,-7.558604717254639
1778674166.9806397,4.544546604156494,19.072275161743164,0.0,-7.734386444091797
1778674167.0156448,5.943399906158447,19.335975646972656,0.0,-7.734386444091797
1778674167.0506432,6.188478946685791,19.335975646972656,0.0,-7.734386444091797
1778674167.0857959,5.104464530944824,19.511756896972656,0.0,-7.822277545928955
1778674167.1208513,6.616608142852783,20.47852897644043,0.0,-7.998059272766113
1778674167.1559575,4.221009254455566,20.742229461669922,0.0,-8.085949897766113
1778674167.190958,3.9540627002716064,20.830093383789062,0.0,-8.085949897766113
1778674167.2259455,4.53153657913208,20.830093383789062,0.0,-8.085949897766113
1778674167.262911,6.103728771209717,21.093791961669922,0.0,-8.085949897766113
1778674167.2961452,2.862697124481201,22.236347198486328,0.0,-8.34962272644043
1778674167.3311205,-4.880655765533447,24.169944763183594,0.0,-8.701186180114746
1778674167.3665245,-4.316280364990234,25.400419235229492,0.0,-8.964859008789062
1778674167.401686,-3.3113579750061035,26.455108642578125,0.0,-9.228531837463379
1778674167.4367719,-2.6384894847869873,26.542972564697266,0.0,-9.228531837463379
1778674167.4719348,-4.355292320251465,26.542972564697266,0.0,-9.228531837463379
1778674167.5071816,-4.1118268966674805,26.542972564697266,0.0,-9.228531837463379
1778674167.5420537,-6.210269451141357,26.542972564697266,0.0,-9.228531837463379
1778674167.5755205,-5.272697448730469,26.542972564697266,0.0,-9.228531837463379
1778674167.610558,-3.1212241649627686,25.13671875,0.0,-9.228531837463379
1778674167.6456983,-4.418449401855469,22.412126541137695,0.0,-9.140640258789062
1778674167.6807864,-6.762250900268555,20.47852897644043,0.0,-8.964859008789062
1778674167.7158854,-6.563106060028076,17.753938674926758,0.0,-8.525404930114746
1778674167.7509704,-6.4262309074401855,15.380858421325684,0.0,-7.998059272766113
1778674167.7860122,-6.166700839996338,13.623095512390137,0.0,-7.646495819091797
1778674167.8210592,-3.552112340927124,12.744187355041504,0.0,-7.470714092254639
1778674167.856385,-2.9212498664855957,12.304705619812012,0.0,-7.470714092254639
1778674167.8917296,2.761378765106201,12.392623901367188,0.0,-7.470714092254639
1778674167.9266427,3.36716628074646,12.392623901367188,0.0,-7.470714092254639
1778674167.9618561,0.2525162398815155,12.392623901367188,0.0,-7.470714092254639
1778674167.9971006,3.1018502712249756,12.392623901367188,0.0,-7.470714092254639
1778674168.0320392,2.5699350833892822,12.392623901367188,0.0,-7.3828229904174805
1778674168.065347,1.033849835395813,12.392623901367188,0.0,-7.470714092254639
1778674168.1006331,1.639383316040039,13.886740684509277,0.0,-7.558604717254639
1778674168.1349633,1.74623441696167,15.117213249206543,0.0,-7.558604717254639
1778674168.170279,-2.5606741905212402,15.29299545288086,0.0,-7.558604717254639
1778674168.205658,-4.224636554718018,15.380858421325684,0.0,-7.558604717254639
1778674168.2408133,-1.1065032482147217,15.380858421325684,0.0,-7.558604717254639
1778674168.2762208,-0.5420003533363342,15.380858421325684,0.0,-7.558604717254639
1778674168.311208,1.2121834754943848,15.380858421325684,0.0,-7.558604717254639
1778674168.3465765,3.563876152038574,15.380858421325684,0.0,-7.558604717254639
1778674168.381709,6.198755741119385,15.380858421325684,0.0,-7.558604717254639
1778674168.4167874,4.8592095375061035,15.380858421325684,0.0,-7.646495819091797
1778674168.4518034,2.966571807861328,15.46877670288086,0.0,-7.558604717254639
1778674168.4870682,0.2553904056549072,16.347684860229492,0.0,-7.646495819091797
1778674168.522361,-1.4134910106658936,17.4902400970459,0.0,-7.646495819091797
1778674168.5572786,-3.522029399871826,17.6660213470459,0.0,-7.646495819091797
1778674168.5903044,-3.255765199661255,17.6660213470459,0.0,-7.646495819091797
1778674168.6254544,-3.2222416400909424,17.6660213470459,0.0,-7.646495819091797
1778674168.6636016,-1.4946821928024292,17.6660213470459,0.0,-7.646495819091797
1778674168.6952662,-4.153554439544678,17.578157424926758,0.0,-7.646495819091797
1778674168.7307093,-5.029280662536621,17.6660213470459,0.0,-7.646495819091797
1778674168.7660537,-3.961583137512207,15.908204078674316,0.0,-7.558604717254639
1778674168.8010552,-1.9756066799163818,13.974604606628418,0.0,-7.470714092254639
1778674168.8361626,-6.131180286407471,13.183613777160645,0.0,-7.470714092254639
1778674168.8711708,-6.4356865882873535,12.656269073486328,0.0,-7.470714092254639
1778674168.9066167,-6.35120964050293,12.128923416137695,0.0,-7.3828229904174805
1778674168.9415092,-7.441511154174805,11.250015258789062,0.0,-7.207041263580322
1778674168.9765618,-6.962371349334717,9.228551864624023,0.0,-6.855478286743164
1778674169.0117261,-5.2520246505737305,5.800780296325684,0.0,-6.152351379394531
1778674169.0470324,-7.011765003204346,3.2519724369049072,0.0,-5.625033378601074
1778674169.0819323,-7.526874542236328,-0.3515261709690094,0.0,-5.0097975730896
1778674169.1172636,-6.759368419647217,-2.3730435371398926,0.0,-4.658234119415283
1778674169.1506965,-4.941329002380371,-3.164034128189087,0.0,-4.482452392578125
1778674169.1855726,-6.323177337646484,-3.2519524097442627,0.0,-4.482452392578125
1778674169.220693,-6.873141288757324,-3.2519524097442627,0.0,-4.482452392578125
1778674169.255698,-5.834140777587891,-3.2519524097442627,0.0,-4.482452392578125
1778674169.2909467,-5.7573628425598145,-3.2519524097442627,0.0,-4.482452392578125
1778674169.3261151,-6.033330917358398,-4.130861282348633,0.0,-4.306670665740967
1778674169.361157,-2.578432559967041,-5.185551643371582,0.0,-4.04299783706665
1778674169.3962135,-1.5169353485107422,-5.449197292327881,0.0,-4.04299783706665
1778674169.4316175,-5.224266052246094,-5.449197292327881,0.0,-4.04299783706665
1778674169.4666874,-4.331625461578369,-5.361333847045898,0.0,-4.04299783706665
1778674169.5017548,-6.128605842590332,-5.449197292327881,0.0,-4.04299783706665
1778674169.5372415,-4.552980899810791,-5.88862419128418,0.0,-3.9551069736480713
1778674169.5723398,-1.8711485862731934,-6.943314552307129,0.0,-3.691434383392334
1778674169.6053038,-0.45313388109207153,-7.382795810699463,0.0,-3.603543519973755
1778674169.640393,2.119685411453247,-7.382795810699463,0.0,-3.603543519973755
1778674169.675513,5.790925979614258,-7.382795810699463,0.0,-3.603543519973755
1778674169.7128012,6.326547145843506,-7.382795810699463,0.0,-3.603543519973755
1778674169.7459273,5.498600482940674,-7.382795810699463,0.0,-3.603543519973755
1778674169.78101,2.98348331451416,-7.294877529144287,0.0,-3.603543519973755
1778674169.8160965,3.265547752380371,-5.449197292327881,0.0,-3.779325246810913
1778674169.8513494,0.3556239902973175,-3.5155975818634033,0.0,-3.9551069736480713
1778674169.8865395,-3.311821222305298,-2.724606990814209,0.0,-4.04299783706665
1778674169.9217966,-3.9679126739501953,-2.724606990814209,0.0,-4.04299783706665
1778674169.9566002,-6.350710868835449,-2.6366889476776123,0.0,-4.04299783706665
1778674169.9917846,-7.084750175476074,-2.6366889476776123,0.0,-4.04299783706665
1778674170.0271697,-6.336843967437744,-2.8124706745147705,0.0,-4.04299783706665
1778674170.0643003,-6.4510087966918945,-3.9550795555114746,0.0,-3.9551069736480713
1778674170.0954523,-6.38776969909668,-6.152324199676514,0.0,-3.779325246810913
1778674170.1305842,-6.021071910858154,-9.052695274353027,0.0,-3.2519795894622803
1778674170.1657124,-7.279842376708984,-11.865202903747559,0.0,-2.7246344089508057
1778674170.2009146,-6.880894184112549,-13.44723892211914,0.0,-2.3730709552764893
1778674170.235851,-6.537228584289551,-14.150365829467773,0.0,-2.109398365020752
1778674170.270945,-6.195242881774902,-14.853492736816406,0.0,-1.9336165189743042
1778674170.30598,-5.288696765899658,-15.556619644165039,0.0,-1.845725655555725
1778674170.340607,-7.134619235992432,-15.908183097839355,0.0,-1.757834792137146
1778674170.3759444,-4.413099765777588,-16.259746551513672,0.0,-1.669943928718567
1778674170.4110596,-4.5424394607543945,-16.347610473632812,0.0,-1.669943928718567
1778674170.4462016,-6.246788024902344,-16.435527801513672,0.0,-1.669943928718567
1778674170.4812367,-5.672557353973389,-16.611310958862305,0.0,-1.669943928718567
1778674170.5162988,-6.686872482299805,-17.226518630981445,0.0,-1.4941622018814087
1778674170.5513675,-6.231205940246582,-18.63277244567871,0.0,-1.2304894924163818
1778674170.5866175,-5.004841327667236,-21.533201217651367,0.0,-0.7910351753234863
1778674170.6215663,-6.3649821281433105,-25.136699676513672,0.0,-0.08790817856788635
1778674170.6569338,-4.677475452423096,-28.388633728027344,0.0,0.35154619812965393
1778674170.6919823,-3.9280831813812256,-30.32223129272461,0.0,0.7031096816062927
1778674170.7270677,-2.6557536125183105,-31.376922607421875,0.0,0.8788914680480957
1778674170.7605572,-1.2225004434585571,-31.552705764770508,0.0,0.8788914680480957
1778674170.7956002,0.42975103855133057,-31.552705764770508,0.0,0.9667823314666748
1778674170.8307185,3.3451719284057617,-31.552705764770508,0.0,0.8788914680480957
1778674170.8676913,4.875638484954834,-31.552705764770508,0.0,0.9667823314666748
1778674170.9011045,5.385369777679443,-31.552705764770508,0.0,0.8788914680480957
1778674170.9358864,3.633875846862793,-31.376922607421875,0.0,0.8788914680480957
1778674170.9710567,4.020785331726074,-29.619104385375977,0.0,0.7910005450248718
1778674171.0062711,2.4989430904388428,-27.158187866210938,0.0,0.6152188181877136
1778674171.0413923,-1.4552384614944458,-24.43357276916504,0.0,0.5273279547691345
1778674171.0764933,-1.284447193145752,-22.85153579711914,0.0,0.43943706154823303
1778674171.1117811,-3.2887845039367676,-21.708980560302734,0.0,0.26365530490875244
1778674171.1468587,0.07793334871530533,-21.445281982421875,0.0,0.26365530490875244
1778674171.18162,0.10424061864614487,-21.445281982421875,0.0,0.26365530490875244
1778674171.2172813,0.3520418107509613,-21.445281982421875,0.0,0.26365530490875244
1778674171.250198,2.466426372528076,-21.445281982421875,0.0,0.26365530490875244
1778674171.285748,1.2755564451217651,-21.533201217651367,0.0,0.26365530490875244
1778674171.3206515,0.5910371541976929,-21.533201217651367,0.0,0.26365530490875244
1778674171.355652,3.550525188446045,-21.533201217651367,0.0,0.26365530490875244
1778674171.3910244,-0.19489121437072754,-21.533201217651367,0.0,0.26365530490875244
1778674171.4261258,-2.319714307785034,-21.533201217651367,0.0,0.26365530490875244
1778674171.4632943,-2.3002452850341797,-21.708980560302734,0.0,0.26365530490875244
1778674171.4965,0.13853932917118073,-22.412107467651367,0.0,0.26365530490875244
1778674171.5316288,0.9303092360496521,-23.02731704711914,0.0,0.35154619812965393
1778674171.5663402,-2.110088586807251,-23.02731704711914,0.0,0.35154619812965393
1778674171.6016757,-3.920384168624878,-23.02731704711914,0.0,0.26365530490875244
1778674171.636998,0.8780132532119751,-23.02731704711914,0.0,0.26365530490875244
1778674171.671931,1.7531962394714355,-23.02731704711914,0.0,0.35154619812965393
1778674171.7070105,0.05840103328227997,-23.02731704711914,0.0,0.35154619812965393
1778674171.7404914,-1.1148625612258911,-23.02731704711914,0.0,0.35154619812965393
1778674171.774836,6.559287071228027,-23.02731704711914,0.0,0.35154619812965393
1778674171.8101826,7.249101161956787,-23.02731704711914,0.0,0.35154619812965393
1778674171.8457553,5.3584513664245605,-23.02731704711914,0.0,0.35154619812965393
1778674171.88089,4.215279579162598,-23.02731704711914,0.0,0.35154619812965393
1778674171.9161053,5.240684986114502,-23.02731704711914,0.0,0.35154619812965393
1778674171.9510918,4.429455280303955,-22.587890625,0.0,0.35154619812965393
1778674171.9862614,5.94743537902832,-21.445281982421875,0.0,0.17576444149017334
1778674172.0213995,7.194432258605957,-19.423818588256836,0.0,-0.26368993520736694
1778674172.0564935,6.9555134773254395,-17.138654708862305,0.0,-0.6152534484863281
1778674172.091499,6.901697158813477,-15.029274940490723,0.0,-1.0547077655792236
1778674172.1266096,6.467087268829346,-13.18359375,0.0,-1.4062713384628296
1778674172.1618173,6.924084186553955,-11.162075996398926,0.0,-1.757834792137146
1778674172.1968381,7.4786601066589355,-9.75582218170166,0.0,-2.109398365020752
1778674172.2321122,7.609435558319092,-8.349568367004395,0.0,-2.4609618186950684
1778674172.269239,6.8810014724731445,-6.5917510986328125,0.0,-2.8125252723693848
1778674172.3003762,7.120022773742676,-4.921852111816406,0.0,-3.076197862625122
1778674172.3355162,6.360495567321777,-4.218724727630615,0.0,-3.2519795894622803
1778674172.3707588,7.336116790771484,-3.7792978286743164,0.0,-3.3398704528808594
1778674172.4053116,7.3401336669921875,-2.460907220840454,0.0,-3.603543519973755
1778674172.4407706,7.5505781173706055,-1.0546531677246094,0.0,-3.867216110229492
1778674172.4743052,7.3539276123046875,0.43946439027786255,0.0,-4.13088846206665
1778674172.5116017,7.102144718170166,1.7578548192977905,0.0,-4.306670665740967
1778674172.5463905,7.10414457321167,2.7246270179748535,0.0,-4.482452392578125
1778674172.5816631,6.801215171813965,3.6035356521606445,0.0,-4.746124744415283
1778674172.6166925,7.442862510681152,4.4824442863464355,0.0,-4.921906471252441
1778674172.6520069,6.409506797790527,5.449216365814209,0.0,-5.185579299926758
1778674172.6869068,6.714504241943359,6.15234375,0.0,-5.273469924926758
1778674172.720296,5.7016987800598145,6.503907203674316,0.0,-5.361361026763916
1778674172.7553852,6.374478340148926,6.943388938903809,0.0,-5.449251651763916
1778674172.790479,2.8089065551757812,7.382816314697266,0.0,-5.537142753601074
1778674172.8254895,5.137388229370117,7.91016149520874,0.0,-5.625033378601074
1778674172.8608503,4.156167984008789,7.91016149520874,0.0,-5.625033378601074
1778674172.8960063,0.7659345865249634,7.91016149520874,0.0,-5.625033378601074
1778674172.9311233,2.520449161529541,7.998079776763916,0.0,-5.625033378601074
1778674172.9665728,1.7685213088989258,7.91016149520874,0.0,-5.625033378601074
1778674173.0013978,2.2753913402557373,7.91016149520874,0.0,-5.625033378601074
1778674173.0366707,4.7038044929504395,7.998079776763916,0.0,-5.625033378601074
1778674173.0718026,1.8231871128082275,7.91016149520874,0.0,-5.625033378601074
1778674173.1068127,-0.3555775284767151,7.91016149520874,0.0,-5.625033378601074
1778674173.1419575,-0.12595734000205994,7.998079776763916,0.0,-5.625033378601074
1778674173.177069,1.3839308023452759,7.91016149520874,0.0,-5.625033378601074
1778674173.2102149,-0.6759483814239502,7.91016149520874,0.0,-5.625033378601074
1778674173.245578,-2.671603202819824,7.998079776763916,0.0,-5.625033378601074
1778674173.2806804,-0.42409005761146545,7.91016149520874,0.0,-5.625033378601074
1778674173.3157449,2.1997931003570557,7.91016149520874,0.0,-5.625033378601074
1778674173.35079,4.946468353271484,7.91016149520874,0.0,-5.625033378601074
1778674173.3859801,3.9651010036468506,7.91016149520874,0.0,-5.625033378601074
1778674173.4210966,-2.973813772201538,7.91016149520874,0.0,-5.625033378601074
1778674173.4556096,-1.3946095705032349,7.91016149520874,0.0,-5.625033378601074
1778674173.4908416,0.7646687626838684,7.91016149520874,0.0,-5.625033378601074
1778674173.5241413,-3.133338212966919,7.91016149520874,0.0,-5.625033378601074
1778674173.561287,-2.642948627471924,7.91016149520874,0.0,-5.625033378601074
1778674173.596788,-1.7120379209518433,7.91016149520874,0.0,-5.625033378601074
1778674173.6319232,-0.6587564945220947,7.91016149520874,0.0,-5.625033378601074
1778674173.6689906,-1.8389091491699219,7.91016149520874,0.0,-5.625033378601074
1778674173.7003696,-1.457247018814087,7.91016149520874,0.0,-5.625033378601074
1778674173.7354877,0.2827833890914917,7.91016149520874,0.0,-5.625033378601074
1778674173.7706661,-4.133862495422363,7.91016149520874,0.0,-5.625033378601074
1778674173.8060114,-1.6283941268920898,7.91016149520874,0.0,-5.625033378601074
1778674173.8409367,-2.410632848739624,7.91016149520874,0.0,-5.625033378601074
1778674173.8760748,-0.17696860432624817,7.207034587860107,0.0,-5.625033378601074
1778674173.9111063,-2.0319671630859375,6.240261554718018,0.0,-5.537142753601074
1778674173.9463499,-5.372621536254883,5.976562023162842,0.0,-5.537142753601074
1778674173.9814687,-2.553630828857422,6.064479827880859,0.0,-5.537142753601074
1778674174.0165586,2.0147976875305176,5.624998569488525,0.0,-5.537142753601074
1778674174.0518372,-3.0426933765411377,5.097652912139893,0.0,-5.449251651763916
1778674174.0869129,-5.299494743347168,4.570307731628418,0.0,-5.449251651763916
1778674174.121972,-4.747890949249268,3.2519724369049072,0.0,-5.449251651763916
1778674174.1554081,-5.980082035064697,1.7578548192977905,0.0,-5.273469924926758
1778674174.1904695,-4.3489460945129395,-0.3515261709690094,0.0,-4.921906471252441
1778674174.2257433,-5.3792290687561035,-2.460907220840454,0.0,-4.570343017578125
1778674174.2605968,-5.747885227203369,-3.603516101837158,0.0,-4.482452392578125
1778674174.2958863,-5.021173000335693,-3.603516101837158,0.0,-4.394561290740967
1778674174.330924,-7.075688362121582,-4.57028865814209,0.0,-4.13088846206665
1778674174.3662076,-7.004106044769287,-5.449197292327881,0.0,-3.9551069736480713
1778674174.4011905,-3.8853163719177246,-6.679669380187988,0.0,-3.691434383392334
1778674174.436274,-2.134899854660034,-8.43748664855957,0.0,-3.4277613162994385
1778674174.4715712,-4.179847717285156,-9.316394805908203,0.0,-3.2519795894622803
1778674174.5067122,-1.2845954895019531,-9.316394805908203,0.0,-3.2519795894622803
1778674174.541786,4.041598320007324,-9.316394805908203,0.0,-3.2519795894622803
1778674174.5768895,5.853919506072998,-9.316394805908203,0.0,-3.2519795894622803
1778674174.61199,4.519215106964111,-9.316394805908203,0.0,-3.2519795894622803
1778674174.6472275,2.7129745483398438,-9.316394805908203,0.0,-3.2519795894622803
1778674174.680353,1.526004433631897,-7.558577537536621,0.0,-3.3398704528808594
1778674174.7154732,-1.4228395223617554,-5.624979019165039,0.0,-3.5156521797180176
1778674174.7505803,-1.1823290586471558,-4.130861282348633,0.0,-3.603543519973755
1778674174.7858405,-3.513306140899658,-3.6913797855377197,0.0,-3.603543519973755
1778674174.8209147,-4.912741661071777,-3.6913797855377197,0.0,-3.603543519973755
1778674174.856,-3.8787713050842285,-3.7792978286743164,0.0,-3.603543519973755
1778674174.8912663,-4.634765148162842,-3.9550795555114746,0.0,-3.603543519973755
1778674174.9262123,-4.6162614822387695,-5.537115573883057,0.0,-3.5156521797180176
1778674174.9616818,1.1218711137771606,-7.558577537536621,0.0,-3.4277613162994385
1778674174.9967759,1.9946351051330566,-9.228476524353027,0.0,-3.2519795894622803
1778674175.0318048,4.488082408905029,-9.843740463256836,0.0,-3.164088726043701
1778674175.0689304,4.93248176574707,-9.843740463256836,0.0,-3.164088726043701
1778674175.1021714,5.533320903778076,-9.843740463256836,0.0,-3.164088726043701
1778674175.1355886,2.39158296585083,-9.843740463256836,0.0,-3.164088726043701
1778674175.1706674,0.7457355856895447,-9.843740463256836,0.0,-3.164088726043701
1778674175.2059531,-0.02141488343477249,-9.49217700958252,0.0,-3.164088726043701
1778674175.2408843,-1.200101375579834,-7.99800443649292,0.0,-3.2519795894622803
1778674175.2759244,-1.5913290977478027,-7.822222709655762,0.0,-3.2519795894622803
1778674175.3109672,-0.9866714477539062,-7.822222709655762,0.0,-3.2519795894622803
1778674175.3462725,-1.453741431236267,-7.822222709655762,0.0,-3.2519795894622803
1778674175.3815937,0.5696820616722107,-7.822222709655762,0.0,-3.2519795894622803
1778674175.4164088,-0.13865162432193756,-7.822222709655762,0.0,-3.2519795894622803
1778674175.4517863,2.717400074005127,-7.822222709655762,0.0,-3.2519795894622803
1778674175.4868772,2.4381461143493652,-7.822222709655762,0.0,-3.2519795894622803
1778674175.521911,0.6625686287879944,-7.822222709655762,0.0,-3.2519795894622803
1778674175.5572686,-2.6675236225128174,-7.822222709655762,0.0,-3.2519795894622803
1778674175.5904546,-4.112811088562012,-7.734359264373779,0.0,-3.2519795894622803
1778674175.6254861,-4.251953125,-7.734359264373779,0.0,-3.2519795894622803
1778674175.6606271,-0.9614461064338684,-7.734359264373779,0.0,-3.2519795894622803
1778674175.695882,-3.915310859680176,-7.734359264373779,0.0,-3.2519795894622803
1778674175.7311287,-0.9886268377304077,-7.734359264373779,0.0,-3.2519795894622803
1778674175.7662053,-1.1040301322937012,-8.349568367004395,0.0,-3.2519795894622803
1778674175.801274,-3.054309129714966,-8.349568367004395,0.0,-3.2519795894622803
1778674175.8366852,-5.324090480804443,-8.349568367004395,0.0,-3.2519795894622803
1778674175.8735266,-3.877065896987915,-8.349568367004395,0.0,-3.2519795894622803
1778674175.9068289,-6.444286823272705,-9.580039978027344,0.0,-3.164088726043701
1778674175.9418058,-6.5393195152282715,-11.689421653747559,0.0,-2.6367435455322266
1778674175.976925,-6.600338459014893,-13.974583625793457,0.0,-2.109398365020752
1778674176.0120654,-6.401203632354736,-15.82026481628418,0.0,-1.845725655555725
1778674176.0471585,-5.226325035095215,-16.874956130981445,0.0,-1.5820530652999878
1778674176.0803773,-5.731634616851807,-17.929645538330078,0.0,-1.4062713384628296
1778674176.1157813,-5.119688987731934,-18.10542869567871,0.0,-1.3183804750442505
1778674176.1505399,-6.354480743408203,-18.720691680908203,0.0,-1.3183804750442505
1778674176.1856492,-5.889007091522217,-19.95116424560547,0.0,-1.0547077655792236
1778674176.2209013,-4.458618640899658,-21.269500732421875,0.0,-0.8789260387420654
1778674176.2562442,-4.695844650268555,-22.324190139770508,0.0,-0.6152534484863281
1778674176.2911499,-3.4962081909179688,-22.67575454711914,0.0,-0.6152534484863281
1778674176.3262837,-2.8633201122283936,-22.67575454711914,0.0,-0.6152534484863281
1778674176.3614068,-3.3218791484832764,-22.67575454711914,0.0,-0.6152534484863281
1778674176.3965108,-3.081930637359619,-22.67575454711914,0.0,-0.6152534484863281
1778674176.4316542,-3.171412229537964,-22.67575454711914,0.0,-0.6152534484863281
1778674176.4685743,-6.2002854347229,-22.67575454711914,0.0,-0.6152534484863281
1778674176.5019476,-7.118329048156738,-22.67575454711914,0.0,-0.6152534484863281
1778674176.537248,-6.44455623626709,-23.378881454467773,0.0,-0.5273625254631042
1778674176.5706,-7.47509765625,-25.31247901916504,0.0,-0.08790817856788635
1778674176.6055489,-6.432847499847412,-28.388633728027344,0.0,0.43943706154823303
1778674176.6406498,-7.177035808563232,-31.464841842651367,0.0,0.9667823314666748
1778674176.6758127,-6.852437973022461,-33.310523986816406,0.0,1.230454921722412
1778674176.7109313,-5.995614528656006,-33.925758361816406,0.0,1.3183457851409912
1778674176.7460608,-6.315585613250732,-33.925758361816406,0.0,1.3183457851409912
1778674176.781137,-3.9971089363098145,-34.013648986816406,0.0,1.4062366485595703
1778674176.8162358,-5.877270698547363,-34.013648986816406,0.0,1.4062366485595703
1778674176.8512995,-3.803844451904297,-34.013648986816406,0.0,1.3183457851409912
1778674176.8866298,-3.0103886127471924,-34.013648986816406,0.0,1.3183457851409912
1778674176.9217644,-2.958627939224243,-34.013648986816406,0.0,1.3183457851409912
1778674176.9569988,0.09624660015106201,-34.013648986816406,0.0,1.3183457851409912
1778674176.9919078,1.6607586145401,-34.013648986816406,0.0,1.3183457851409912
1778674177.0271869,-1.5895813703536987,-34.013648986816406,0.0,1.3183457851409912
1778674177.0603864,2.4374890327453613,-34.013648986816406,0.0,1.3183457851409912
1778674177.0955088,4.512150764465332,-34.013648986816406,0.0,1.3183457851409912
1778674177.1306436,4.431694507598877,-34.013648986816406,0.0,1.3183457851409912
1778674177.1657357,4.443361759185791,-34.013648986816406,0.0,1.4062366485595703
1778674177.2009518,6.188362121582031,-34.013648986816406,0.0,1.3183457851409912
1778674177.2359076,7.238691329956055,-32.25583267211914,0.0,1.230454921722412
1778674177.2728903,7.328590393066406,-29.091760635375977,0.0,1.054673194885254
1778674177.306271,6.164450645446777,-25.664043426513672,0.0,0.9667823314666748
1778674177.3413956,5.987612247467041,-22.763671875,0.0,0.35154619812965393
1778674177.376509,6.565240859985352,-19.95116424560547,0.0,-0.08790817856788635
1778674177.4116178,5.167163372039795,-19.423818588256836,0.0,-0.17579905688762665
1778674177.4468482,2.275099992752075,-19.423818588256836,0.0,-0.17579905688762665
1778674177.4819624,2.1541221141815186,-19.423818588256836,0.0,-0.17579905688762665
1778674177.5153813,2.3108537197113037,-19.423818588256836,0.0,-0.17579905688762665
1778674177.5504751,3.0804808139801025,-19.423818588256836,0.0,-0.17579905688762665
1778674177.5856628,5.273767948150635,-19.423818588256836,0.0,-0.17579905688762665
1778674177.6206975,-0.14483493566513062,-19.423818588256836,0.0,-0.17579905688762665
1778674177.6558053,0.2312563806772232,-19.423818588256836,0.0,-0.17579905688762665
1778674177.6908891,-0.25860294699668884,-19.423818588256836,0.0,-0.17579905688762665
1778674177.7260149,-0.09820597618818283,-19.423818588256836,0.0,-0.17579905688762665
1778674177.7612174,0.4554992914199829,-20.039026260375977,0.0,-0.17579905688762665
1778674177.796356,3.1031744480133057,-20.30272674560547,0.0,-0.17579905688762665
1778674177.8315067,4.103613376617432,-20.21480941772461,0.0,-0.17579905688762665
1778674177.8684084,3.7150988578796387,-20.21480941772461,0.0,-0.17579905688762665
1778674177.9018452,3.64054536819458,-20.21480941772461,0.0,-0.17579905688762665
1778674177.9369447,3.6066243648529053,-20.21480941772461,0.0,-0.17579905688762665
1778674177.9720538,3.0403385162353516,-19.863245010375977,0.0,-0.17579905688762665
1778674178.005417,5.380278587341309,-18.984336853027344,0.0,-0.17579905688762665
1778674178.0405161,0.7407237887382507,-18.45699119567871,0.0,-0.35158079862594604
1778674178.0756445,-2.9116365909576416,-17.929645538330078,0.0,-0.43947166204452515
1778674178.1107075,1.6438246965408325,-17.929645538330078,0.0,-0.43947166204452515
1778674178.1455996,2.9724717140197754,-17.929645538330078,0.0,-0.43947166204452515
1778674178.1807203,4.135196208953857,-17.929645538330078,0.0,-0.43947166204452515
1778674178.2161477,5.780984878540039,-17.841781616210938,0.0,-0.43947166204452515
1778674178.2509048,1.141020655632019,-17.402299880981445,0.0,-0.5273625254631042
1778674178.2860873,4.430683612823486,-17.226518630981445,0.0,-0.5273625254631042
1778674178.3211272,1.365477204322815,-16.874956130981445,0.0,-0.6152534484863281
1778674178.3560874,-1.3463666439056396,-16.435527801513672,0.0,-0.6152534484863281
1778674178.3911111,-1.3463666439056396,-16.435527801513672,0.0,-0.6152534484863281
1778674178.4265873,-1.5622963905334473,-16.435527801513672,0.0,-0.6152534484863281
1778674178.4612768,0.08505222201347351,-16.435527801513672,0.0,-0.6152534484863281
1778674178.496236,3.700094223022461,-16.435527801513672,0.0,-0.7031443119049072
1778674178.531376,1.8570104837417603,-16.435527801513672,0.0,-0.6152534484863281
1778674178.566537,0.1624910682439804,-16.435527801513672,0.0,-0.7031443119049072
1778674178.601635,1.9843121767044067,-16.435527801513672,0.0,-0.7031443119049072
1778674178.6366897,3.9300732612609863,-16.435527801513672,0.0,-0.6152534484863281
1778674178.6734166,4.322185039520264,-16.435527801513672,0.0,-0.7031443119049072
1778674178.706677,0.10891463607549667,-16.347610473632812,0.0,-0.6152534484863281
1778674178.7417614,4.087190628051758,-16.259746551513672,0.0,-0.7031443119049072
1778674178.7767634,4.947165489196777,-16.083965301513672,0.0,-0.7031443119049072
1778674178.8119295,-1.1424733400344849,-15.468701362609863,0.0,-0.7910351753234863
1778674178.8469388,-3.219532012939453,-14.853492736816406,0.0,-0.9668169021606445
1778674178.8821235,-5.00290584564209,-14.677711486816406,0.0,-0.9668169021606445
1778674178.917206,-5.780567169189453,-14.677711486816406,0.0,-1.0547077655792236
1778674178.9504638,-4.952098846435547,-14.677711486816406,0.0,-1.0547077655792236
1778674178.9855437,-5.65847110748291,-14.677711486816406,0.0,-0.9668169021606445
1778674179.0205824,-2.810356378555298,-14.677711486816406,0.0,-1.0547077655792236
1778674179.0553484,0.4396585524082184,-14.677711486816406,0.0,-1.0547077655792236
1778674179.0906017,0.6618664264678955,-14.677711486816406,0.0,-1.0547077655792236
1778674179.1256154,-2.1348876953125,-14.677711486816406,0.0,-1.0547077655792236
1778674179.1605,-1.8572685718536377,-14.677711486816406,0.0,-0.9668169021606445
1778674179.1955745,-0.5226069688796997,-14.677711486816406,0.0,-1.0547077655792236
1778674179.2307863,2.6440420150756836,-14.677711486816406,0.0,-1.0547077655792236
1778674179.2658315,1.2620718479156494,-14.677711486816406,0.0,-1.0547077655792236
1778674179.3009467,1.408896803855896,-14.677711486816406,0.0,-1.0547077655792236
1778674179.3359225,-1.3417227268218994,-14.677711486816406,0.0,-1.0547077655792236
1778674179.371117,-2.323237419128418,-14.677711486816406,0.0,-1.0547077655792236
1778674179.4062402,1.0821216106414795,-14.677711486816406,0.0,-1.0547077655792236
1778674179.4411273,4.6818928718566895,-14.677711486816406,0.0,-1.0547077655792236
1778674179.476104,3.6459920406341553,-14.677711486816406,0.0,-1.0547077655792236
1778674179.511214,2.7562096118927,-14.677711486816406,0.0,-1.0547077655792236
1778674179.5462792,0.5770109295845032,-14.677711486816406,0.0,-1.0547077655792236
1778674179.581677,-3.3412327766418457,-14.589847564697266,0.0,-1.0547077655792236
1778674179.616717,-2.066030979156494,-14.589847564697266,0.0,-1.0547077655792236
1778674179.6514776,-0.5476837158203125,-14.589847564697266,0.0,-1.0547077655792236
1778674179.6863363,1.2008817195892334,-14.589847564697266,0.0,-1.0547077655792236
1778674179.7216175,1.2099964618682861,-14.589847564697266,0.0,-1.0547077655792236
1778674179.756767,2.501687526702881,-14.589847564697266,0.0,-1.0547077655792236
1778674179.791628,2.7163028717041016,-14.50192928314209,0.0,-0.9668169021606445
1778674179.8267431,5.058518409729004,-14.062501907348633,0.0,-1.0547077655792236
1778674179.861819,5.318661212921143,-13.007811546325684,0.0,-1.3183804750442505
1778674179.89702,6.706615924835205,-10.546867370605469,0.0,-1.845725655555725
1778674179.9303267,7.177400588989258,-7.734359264373779,0.0,-2.4609618186950684
1778674179.96565,7.137054443359375,-4.218724727630615,0.0,-3.2519795894622803
1778674180.0006802,5.600000381469727,-1.581998348236084,0.0,-3.691434383392334
1778674180.0357373,5.940212726593018,-0.2636626362800598,0.0,-3.867216110229492
1778674180.0727904,5.9848856925964355,-0.08788085728883743,0.0,-3.9551069736480713
1778674180.1060739,7.269404411315918,0.17581908404827118,0.0,-3.9551069736480713
1778674180.1410716,7.391012668609619,0.87894606590271,0.0,-4.13088846206665
1778674180.1762009,6.301794528961182,2.636763572692871,0.0,-4.482452392578125
1778674180.2113621,4.769909858703613,4.042962551116943,0.0,-4.746124744415283
1778674180.2466905,5.891175270080566,4.570307731628418,0.0,-4.834015846252441
1778674180.281782,5.218562126159668,5.097652912139893,0.0,-5.0097975730896
1778674180.3167078,2.266026020050049,5.097652912139893,0.0,-5.0097975730896
1778674180.3519084,3.221306800842285,5.097652912139893,0.0,-5.0097975730896
1778674180.3871374,3.9983067512512207,5.097652912139893,0.0,-5.0097975730896
1778674180.420354,3.3825113773345947,5.097652912139893,0.0,-5.0097975730896
1778674180.4554057,4.8080925941467285,5.097652912139893,0.0,-5.0097975730896
1778674180.4907565,4.215287685394287,5.097652912139893,0.0,-5.0097975730896
1778674180.5258334,6.552811145782471,5.361352920532227,0.0,-5.0097975730896
1778674180.5608897,4.62890100479126,6.328125476837158,0.0,-5.273469924926758
1778674180.5959535,5.715713024139404,7.294952869415283,0.0,-5.449251651763916
1778674180.6312387,6.502094268798828,8.261725425720215,0.0,-5.625033378601074
1778674180.6663246,7.1524200439453125,9.40433406829834,0.0,-5.888679027557373
1778674180.7015758,6.774514198303223,11.162151336669922,0.0,-6.3281331062316895
1778674180.7366035,5.991176128387451,13.535177230834961,0.0,-6.767587661743164
1778674180.7717535,7.1698527336120605,15.820340156555176,0.0,-7.1191511154174805
1778674180.8068223,7.211752414703369,17.578157424926758,0.0,-7.470714092254639
1778674180.8419101,6.463066101074219,18.720712661743164,0.0,-7.646495819091797
1778674180.8769722,6.848072528839111,19.248056411743164,0.0,-7.734386444091797
1778674180.9120843,7.4563446044921875,20.30274772644043,0.0,-7.910168170928955
1778674180.945301,7.49870491027832,21.533220291137695,0.0,-8.173840522766113
1778674180.9803596,6.854855537414551,23.5546817779541,0.0,-8.525404930114746
1778674181.0156496,7.194648742675781,24.960935592651367,0.0,-8.876968383789062
1778674181.05077,5.241717338562012,26.191408157348633,0.0,-9.140640258789062
1778674181.0858305,5.932624816894531,26.982452392578125,0.0,-9.228531837463379
1778674181.121109,6.603203296661377,26.982452392578125,0.0,-9.228531837463379
1778674181.1560893,5.966907978057861,26.982452392578125,0.0,-9.228531837463379
1778674181.1912446,5.895983695983887,27.86136245727539,0.0,-9.404313087463379
1778674181.2264533,5.662820339202881,29.443397521972656,0.0,-9.755876541137695
1778674181.2613997,4.272058963775635,30.322307586669922,0.0,-9.843767166137695
1778674181.296684,1.8041512966156006,30.410171508789062,0.0,-9.843767166137695
1778674181.3317447,0.7748826146125793,30.410171508789062,0.0,-9.843767166137695
1778674181.3664143,-1.0929961204528809,30.410171508789062,0.0,-9.843767166137695
1778674181.4022684,2.8660428524017334,30.410171508789062,0.0,-9.843767166137695
1778674181.435333,-1.0885876417160034,30.410171508789062,0.0,-9.843767166137695
1778674181.4722888,3.5171566009521484,30.410171508789062,0.0,-9.843767166137695
1778674181.5057113,2.537160634994507,30.410171508789062,0.0,-9.843767166137695
1778674181.5408375,0.1503213793039322,30.410171508789062,0.0,-9.843767166137695
1778674181.5758827,-1.438765048980713,30.410171508789062,0.0,-9.843767166137695
1778674181.6109686,-3.8793299198150635,30.410171508789062,0.0,-9.843767166137695
1778674181.6462812,-6.608570575714111,30.410171508789062,0.0,-9.843767166137695
1778674181.681347,-5.2691264152526855,30.23438835144043,0.0,-9.843767166137695
1778674181.7164776,-5.189406871795654,28.47657012939453,0.0,-9.843767166137695
1778674181.751541,-6.054348468780518,25.6640625,0.0,-9.755876541137695
1778674181.7867343,-6.972189426422119,22.412126541137695,0.0,-9.316422462463379
1778674181.8217626,-7.0853424072265625,20.21488380432129,0.0,-8.876968383789062
1778674181.8567226,-7.472456932067871,18.19336700439453,0.0,-8.525404930114746
1778674181.8918507,-6.356443881988525,16.962894439697266,0.0,-8.26173210144043
1778674181.9270954,-7.398626804351807,15.117213249206543,0.0,-7.998059272766113
1778674181.960417,-7.561720371246338,14.326168060302734,0.0,-7.910168170928955
1778674181.995399,-7.653238296508789,13.27153205871582,0.0,-7.558604717254639
1778674182.0305464,-7.312981605529785,11.865278244018555,0.0,-7.3828229904174805
1778674182.0656362,-6.9145708084106445,11.337933540344238,0.0,-7.207041263580322
1778674182.100876,-6.735394477844238,10.459024429321289,0.0,-7.031260013580322
1778674182.135949,-6.575056552886963,9.755897521972656,0.0,-6.943369388580322
1778674182.1714075,-5.771993160247803,9.140633583068848,0.0,-6.855478286743164
1778674182.2062848,-6.370614051818848,7.998079776763916,0.0,-6.591805934906006
1778674182.241346,-5.376342296600342,6.76760721206665,0.0,-6.3281331062316895
1778674182.2785578,-6.618751525878906,6.240261554718018,0.0,-6.2402424812316895
1778674182.3115635,-5.635054588317871,5.537134647369385,0.0,-6.064460754394531
1778674182.3468182,-5.946552753448486,4.4824442863464355,0.0,-5.888679027557373
1778674182.3818293,-3.5538806915283203,3.6035356521606445,0.0,-5.712924480438232
1778674182.4169679,-5.497203350067139,3.2519724369049072,0.0,-5.625033378601074
1778674182.450264,-5.763750076293945,3.339890480041504,0.0,-5.625033378601074
1778674182.4855542,-6.3797221183776855,2.636763572692871,0.0,-5.537142753601074
1778674182.5207057,-4.622937202453613,0.7910279035568237,0.0,-5.0976881980896
1778674182.5556917,-6.306993007659912,-1.1425713300704956,0.0,-4.746124744415283
1778674182.5907362,-4.6024932861328125,-2.460907220840454,0.0,-4.570343017578125
1778674182.625857,-3.2345492839813232,-2.9882524013519287,0.0,-4.570343017578125
1778674182.6611292,-1.508816123008728,-2.9882524013519287,0.0,-4.570343017578125
1778674182.6962075,-3.052830934524536,-2.9882524013519287,0.0,-4.570343017578125
1778674182.7313957,-1.5573738813400269,-2.9882524013519287,0.0,-4.570343017578125
1778674182.766411,3.1595492362976074,-2.9882524013519287,0.0,-4.570343017578125
1778674182.801491,1.128657579421997,-2.9882524013519287,0.0,-4.482452392578125
1778674182.8368099,1.6910077333450317,-2.9882524013519287,0.0,-4.482452392578125
1778674182.8718998,0.8359638452529907,-1.93356192111969,0.0,-4.658234119415283
1778674182.906937,-2.158301830291748,-0.7030896544456482,0.0,-4.658234119415283
1778674182.9402108,-3.852095365524292,0.43946439027786255,0.0,-4.746124744415283
1778674182.9755206,-2.26107120513916,0.7910279035568237,0.0,-4.746124744415283
1778674183.010557,-2.133981227874756,0.7031643390655518,0.0,-4.746124744415283
1778674183.0458884,-6.3221755027771,0.7031643390655518,0.0,-4.746124744415283
1778674183.081064,-5.208914756774902,-0.2636626362800598,0.0,-4.746124744415283
1778674183.115957,-5.313179016113281,-1.93356192111969,0.0,-4.570343017578125
1778674183.151257,-3.0568723678588867,-3.9550795555114746,0.0,-4.306670665740967
1778674183.1863225,-4.148257255554199,-5.88862419128418,0.0,-3.9551069736480713
1778674183.2213895,2.1097412109375,-6.415969371795654,0.0,-3.867216110229492
1778674183.2566643,-0.599213719367981,-6.328105926513672,0.0,-3.867216110229492
1778674183.291728,1.5481528043746948,-6.328105926513672,0.0,-3.867216110229492
1778674183.3269465,-1.4581298828125,-6.328105926513672,0.0,-3.867216110229492
1778674183.3619857,-0.7585471272468567,-6.328105926513672,0.0,-3.867216110229492
1778674183.3970935,-3.5006256103515625,-6.328105926513672,0.0,-3.867216110229492
1778674183.430384,0.06832817941904068,-6.328105926513672,0.0,-3.867216110229492
1778674183.465627,0.038453299552202225,-6.328105926513672,0.0,-3.867216110229492
1778674183.5005925,3.785602569580078,-6.328105926513672,0.0,-3.867216110229492
1778674183.5357172,3.253156900405884,-6.064405918121338,0.0,-3.867216110229492
1778674183.5709414,-1.262287974357605,-5.185551643371582,0.0,-3.9551069736480713
1778674183.6059468,-3.200758457183838,-3.7792978286743164,0.0,-4.04299783706665
1778674183.6412687,-3.747163772583008,-3.164034128189087,0.0,-4.13088846206665
1778674183.6782815,0.1337195634841919,-3.164034128189087,0.0,-4.13088846206665
1778674183.711521,5.891080856323242,-3.164034128189087,0.0,-4.13088846206665
1778674183.7467859,5.353697776794434,-3.164034128189087,0.0,-4.13088846206665
1778674183.781845,5.468577861785889,-3.164034128189087,0.0,-4.13088846206665
1778674183.8169198,6.605290412902832,-3.164034128189087,0.0,-4.13088846206665
1778674183.8518949,4.669683456420898,-2.724606990814209,0.0,-4.13088846206665
1778674183.8856542,3.6568856239318848,-1.4062166213989258,0.0,-4.218779563903809
1778674183.9204824,4.682174205780029,0.7910279035568237,0.0,-4.218779563903809
1778674183.955577,4.942138671875,2.1094183921813965,0.0,-4.482452392578125
1778674183.9906225,4.401669979095459,3.2519724369049072,0.0,-4.658234119415283
1778674184.0259182,1.7650926113128662,3.8672354221343994,0.0,-4.834015846252441
1778674184.06087,1.8605461120605469,4.042962551116943,0.0,-4.834015846252441
1778674184.0961514,3.4009861946105957,4.042962551116943,0.0,-4.921906471252441
1778674184.1312866,1.2998123168945312,3.955099105834961,0.0,-4.921906471252441
1778674184.1666179,1.3652381896972656,3.955099105834961,0.0,-4.921906471252441
1778674184.2015798,5.575935363769531,4.042962551116943,0.0,-4.921906471252441
1778674184.2368124,5.8547844886779785,3.955099105834961,0.0,-4.921906471252441
1778674184.273591,6.207927227020264,4.042962551116943,0.0,-4.921906471252441
1778674184.3070493,4.15454626083374,4.306662559509277,0.0,-4.921906471252441
1778674184.3420615,2.530263900756836,4.921871185302734,0.0,-5.0097975730896
1778674184.375458,1.4579797983169556,5.624998569488525,0.0,-5.185579299926758
1778674184.410476,-0.9579373002052307,5.624998569488525,0.0,-5.185579299926758
1778674184.445611,-3.8113603591918945,5.624998569488525,0.0,-5.185579299926758
1778674184.4807441,-6.076413631439209,5.624998569488525,0.0,-5.185579299926758
1778674184.5159292,-5.962586402893066,5.624998569488525,0.0,-5.185579299926758
1778674184.5510132,-4.184163570404053,5.624998569488525,0.0,-5.185579299926758
1778674184.5861137,-2.413053512573242,5.449216365814209,0.0,-5.185579299926758
1778674184.6212,-0.39955833554267883,3.6035356521606445,0.0,-5.0976881980896
1778674184.6562474,2.0628867149353027,2.7246270179748535,0.0,-5.0097975730896
1778674184.6915867,-0.4339416027069092,2.5488452911376953,0.0,-5.0097975730896
1778674184.7262805,-2.18145751953125,2.5488452911376953,0.0,-5.0097975730896
1778674184.7617297,-2.5488667488098145,2.5488452911376953,0.0,-5.0976881980896
1778674184.7966979,-4.278055191040039,2.5488452911376953,0.0,-5.0097975730896
1778674184.8320167,-3.3712263107299805,2.197281837463379,0.0,-5.0097975730896
1778674184.865209,-4.442005157470703,0.87894606590271,0.0,-5.0097975730896
1778674184.9004774,-1.4450603723526,-0.8788713812828064,0.0,-4.746124744415283
1778674184.935567,-3.435915470123291,-2.285125494003296,0.0,-4.570343017578125
1778674184.9705513,-1.7288702726364136,-2.900388717651367,0.0,-4.570343017578125
1778674185.0057576,2.85107421875,-2.900388717651367,0.0,-4.570343017578125
1778674185.0410755,-0.6059749722480774,-2.900388717651367,0.0,-4.482452392578125
1778674185.077972,-1.9822356700897217,-2.900388717651367,0.0,-4.482452392578125
1778674185.1113653,-3.6012864112854004,-2.900388717651367,0.0,-4.482452392578125
1778674185.1464498,-5.272214889526367,-2.900388717651367,0.0,-4.482452392578125
1778674185.1815915,-4.398366928100586,-2.900388717651367,0.0,-4.482452392578125
1778674185.216689,-2.914180278778076,-2.8124706745147705,0.0,-4.482452392578125
1778674185.2518852,-4.222507953643799,-2.900388717651367,0.0,-4.482452392578125
1778674185.287192,-4.8153228759765625,-4.130861282348633,0.0,-4.306670665740967
1778674185.3220923,-3.93241810798645,-5.9765424728393555,0.0,-3.9551069736480713
1778674185.3552926,-2.8466858863830566,-6.679669380187988,0.0,-3.779325246810913
1778674185.3903828,-4.862159729003906,-6.679669380187988,0.0,-3.779325246810913
1778674185.4254522,1.1984578371047974,-6.679669380187988,0.0,-3.779325246810913
1778674185.4607596,0.4813680648803711,-6.679669380187988,0.0,-3.779325246810913
1778674185.496003,0.7002545595169067,-6.679669380187988,0.0,-3.779325246810913
1778674185.5311198,-1.0333329439163208,-6.679669380187988,0.0,-3.779325246810913
1778674185.5661848,-1.5774296522140503,-6.679669380187988,0.0,-3.779325246810913
1778674185.6012454,-3.5741636753082275,-6.679669380187988,0.0,-3.779325246810913
1778674185.6366003,0.9922013282775879,-6.679669380187988,0.0,-3.779325246810913
1778674185.67179,-3.7523787021636963,-6.679669380187988,0.0,-3.779325246810913
1778674185.7067103,-3.782425880432129,-6.679669380187988,0.0,-3.779325246810913
1778674185.7419536,-1.8201297521591187,-6.679669380187988,0.0,-3.779325246810913
1778674185.7769666,-5.046091556549072,-6.767532825469971,0.0,-3.779325246810913
1778674185.8103776,-3.721031904220581,-7.031232833862305,0.0,-3.779325246810913
1778674185.8456588,-0.0027282047085464,-7.99800443649292,0.0,-3.603543519973755
1778674185.8804517,0.840805172920227,-8.789050102233887,0.0,-3.3398704528808594
1778674185.9157038,0.7970934510231018,-9.052695274353027,0.0,-3.3398704528808594
1778674185.9510047,0.6656545400619507,-9.052695274353027,0.0,-3.3398704528808594
1778674185.9861033,-0.12096481770277023,-9.052695274353027,0.0,-3.3398704528808594
1778674186.0213518,1.4873919486999512,-9.052695274353027,0.0,-3.3398704528808594
1778674186.0564935,-0.9420273900032043,-9.052695274353027,0.0,-3.3398704528808594
1778674186.091534,0.07984761893749237,-9.052695274353027,0.0,-3.3398704528808594
1778674186.126345,-0.7988387942314148,-9.052695274353027,0.0,-3.3398704528808594
1778674186.1615744,-2.1907951831817627,-9.052695274353027,0.0,-3.3398704528808594
1778674186.1969838,-4.5040202140808105,-9.052695274353027,0.0,-3.3398704528808594
1778674186.231999,-2.595461130142212,-9.052695274353027,0.0,-3.3398704528808594
1778674186.267118,-3.6663246154785156,-9.404258728027344,0.0,-3.3398704528808594
1778674186.3006132,-0.5801305770874023,-10.107385635375977,0.0,-3.164088726043701
1778674186.33538,-0.5447704195976257,-10.546867370605469,0.0,-3.076197862625122
1778674186.3705885,-0.4455372393131256,-10.546867370605469,0.0,-3.076197862625122
1778674186.405665,-3.1407833099365234,-10.546867370605469,0.0,-3.076197862625122
1778674186.440913,-4.8510847091674805,-10.546867370605469,0.0,-2.988306999206543
1778674186.4780896,-3.294080972671509,-10.546867370605469,0.0,-2.988306999206543
1778674186.5112426,-3.1575238704681396,-10.63473129272461,0.0,-2.988306999206543
1778674186.5460985,-2.6659820079803467,-10.986294746398926,0.0,-2.988306999206543
1778674186.581404,-0.6586180329322815,-11.162075996398926,0.0,-2.900416135787964
1778674186.6165986,0.8781771063804626,-11.249994277954102,0.0,-2.900416135787964
1778674186.652043,-0.1128941997885704,-11.249994277954102,0.0,-2.900416135787964
1778674186.68681,6.003324031829834,-11.249994277954102,0.0,-2.900416135787964
1778674186.7218742,7.676011562347412,-11.249994277954102,0.0,-2.900416135787964
1778674186.7569733,7.644328594207764,-11.249994277954102,0.0,-2.900416135787964
1778674186.7902012,6.699614524841309,-11.249994277954102,0.0,-2.900416135787964
1778674186.8254945,5.258902072906494,-11.249994277954102,0.0,-2.900416135787964
1778674186.8605905,5.756388187408447,-10.63473129272461,0.0,-2.900416135787964
1778674186.8957229,4.412487506866455,-8.876913070678711,0.0,-2.988306999206543
1778674186.9307559,3.892319440841675,-6.50388765335083,0.0,-3.2519795894622803
1778674186.9659579,-1.550401210784912,-4.482424736022949,0.0,-3.3398704528808594
1778674187.0012672,-0.2001224309206009,-3.427734136581421,0.0,-3.4277613162994385
1778674187.03616,2.967883348464966,-3.427734136581421,0.0,-3.5156521797180176
1778674187.07156,-0.47030922770500183,-3.427734136581421,0.0,-3.4277613162994385
1778674187.1067488,-1.3145828247070312,-3.427734136581421,0.0,-3.5156521797180176
1778674187.1417816,-2.0850419998168945,-3.427734136581421,0.0,-3.5156521797180176
1778674187.1767962,-6.334019660949707,-3.427734136581421,0.0,-3.5156521797180176
1778674187.2120695,-6.462557792663574,-4.218724727630615,0.0,-3.4277613162994385
1778674187.2471004,-6.648941993713379,-6.064405918121338,0.0,-3.3398704528808594
1778674187.2807002,-7.288284778594971,-8.525349617004395,0.0,-3.3398704528808594
1778674187.3158302,-7.445372104644775,-11.777339935302734,0.0,-2.6367435455322266
1778674187.3506737,-7.081933498382568,-14.150365829467773,0.0,-2.109398365020752
1778674187.3855798,-6.489523887634277,-15.380838394165039,0.0,-1.9336165189743042
1778674187.4208086,-5.70943021774292,-16.083965301513672,0.0,-1.757834792137146
1778674187.4558032,-6.050952434539795,-16.699172973632812,0.0,-1.669943928718567
1778674187.4909797,-6.554433345794678,-16.699172973632812,0.0,-1.5820530652999878
1778674187.5261066,-6.008884906768799,-17.050737380981445,0.0,-1.5820530652999878
1778674187.561405,-6.081603050231934,-18.10542869567871,0.0,-1.3183804750442505
1778674187.596183,-3.893049478530884,-20.12694549560547,0.0,-1.0547077655792236
1778674187.6313176,-0.5722857117652893,-22.148408889770508,0.0,-0.7031443119049072
1778674187.6663651,-1.6816015243530273,-23.994144439697266,0.0,-0.35158079862594604
1778674187.7014651,-4.9983906745910645,-24.697242736816406,0.0,-0.26368993520736694
1778674187.7367048,-4.199433326721191,-24.697242736816406,0.0,-0.26368993520736694
1778674187.7720008,-5.018731117248535,-24.697242736816406,0.0,-0.17579905688762665
1778674187.8071387,-2.8325726985931396,-24.697242736816406,0.0,-0.17579905688762665
1778674187.8403134,-0.6597254872322083,-24.697242736816406,0.0,-0.17579905688762665
1778674187.8772445,-3.1576852798461914,-24.697242736816406,0.0,-0.17579905688762665
1778674187.9104097,-0.05590573325753212,-24.697242736816406,0.0,-0.17579905688762665
1778674187.9457421,3.5499298572540283,-24.697242736816406,0.0,-0.17579905688762665
1778674187.9806826,4.12087345123291,-24.697242736816406,0.0,-0.17579905688762665
1778674188.0159028,4.975693702697754,-24.697242736816406,0.0,-0.17579905688762665
1778674188.050966,3.6161391735076904,-24.697242736816406,0.0,-0.17579905688762665
1778674188.0860286,1.2442338466644287,-24.697242736816406,0.0,-0.26368993520736694
1778674188.1211703,4.157279014587402,-24.169925689697266,0.0,-0.26368993520736694
1778674188.1562848,4.341552257537842,-23.378881454467773,0.0,-0.26368993520736694
1778674188.1913483,3.845273494720459,-22.148408889770508,0.0,-0.35158079862594604
1778674188.2266836,3.4141554832458496,-20.6542911529541,0.0,-0.43947166204452515
1778674188.2617424,4.694718837738037,-19.775381088256836,0.0,-0.43947166204452515
1778674188.2968693,3.9388678073883057,-19.072254180908203,0.0,-0.43947166204452515
1778674188.3320563,2.5017619132995605,-18.36912727355957,0.0,-0.43947166204452515
1778674188.365339,1.546897292137146,-18.19334602355957,0.0,-0.43947166204452515
1778674188.4004056,1.029936671257019,-18.28120994567871,0.0,-0.43947166204452515
1778674188.435296,-0.31676480174064636,-18.28120994567871,0.0,-0.43947166204452515
1778674188.47038,0.027190104126930237,-18.28120994567871,0.0,-0.43947166204452515
1778674188.5054467,-1.224076747894287,-18.28120994567871,0.0,-0.43947166204452515
1778674188.5404427,-2.2046103477478027,-18.28120994567871,0.0,-0.43947166204452515
1778674188.5757346,3.2280378341674805,-18.28120994567871,0.0,-0.43947166204452515
1778674188.6110377,3.0025088787078857,-18.720691680908203,0.0,-0.43947166204452515
1778674188.6460135,5.881355285644531,-18.984336853027344,0.0,-0.43947166204452515
1778674188.6832144,3.7606074810028076,-18.984336853027344,0.0,-0.43947166204452515
1778674188.7162025,4.936554431915283,-18.984336853027344,0.0,-0.43947166204452515
1778674188.7512217,4.6085286140441895,-18.984336853027344,0.0,-0.43947166204452515
1778674188.7865748,6.587278366088867,-18.984336853027344,0.0,-0.43947166204452515
1778674188.8216486,5.710093975067139,-18.984336853027344,0.0,-0.43947166204452515
1778674188.8567104,7.106574058532715,-18.28120994567871,0.0,-0.43947166204452515
1778674188.8917904,6.323881149291992,-17.226518630981445,0.0,-0.6152534484863281
1778674188.927041,5.983778953552246,-15.82026481628418,0.0,-0.8789260387420654
1778674188.96217,3.5748255252838135,-13.535157203674316,0.0,-1.3183804750442505
1778674188.9955707,3.1972742080688477,-10.458949089050293,0.0,-1.9336165189743042
1778674189.030515,2.427165985107422,-7.558577537536621,0.0,-2.4609618186950684
1778674189.065536,-0.7234309911727905,-5.537115573883057,0.0,-3.076197862625122
1778674189.1006658,-4.842563152313232,-4.306643009185791,0.0,-3.2519795894622803
1778674189.1358542,-2.4801077842712402,-4.306643009185791,0.0,-3.2519795894622803
1778674189.170955,-0.9158962965011597,-4.306643009185791,0.0,-3.2519795894622803
1778674189.2062,-2.5758016109466553,-4.306643009185791,0.0,-3.2519795894622803
1778674189.2410674,-2.5500571727752686,-4.306643009185791,0.0,-3.2519795894622803
1778674189.278047,-3.9199764728546143,-5.0976338386535645,0.0,-3.2519795894622803
1778674189.3113642,-3.8307745456695557,-7.031232833862305,0.0,-3.164088726043701
1778674189.3466103,-2.880119800567627,-9.75582218170166,0.0,-3.076197862625122
1778674189.3816626,-1.673921823501587,-12.040985107421875,0.0,-2.6367435455322266
1778674189.4169157,-2.718097448348999,-12.568329811096191,0.0,-2.4609618186950684
1778674189.450057,-2.9143435955047607,-12.568329811096191,0.0,-2.4609618186950684
1778674189.485392,-1.2783781290054321,-12.568329811096191,0.0,-2.4609618186950684
1778674189.5202885,-2.7693710327148438,-12.656248092651367,0.0,-2.3730709552764893
1778674189.5553937,-3.727233648300171,-12.919893264770508,0.0,-2.3730709552764893
1778674189.5903313,-3.159904718399048,-13.44723892211914,0.0,-2.197289228439331
1778674189.6254203,-1.5774682760238647,-13.798802375793457,0.0,-2.109398365020752
1778674189.6607316,-2.442138671875,-13.710938453674316,0.0,-2.109398365020752
1778674189.6956832,-0.04634621739387512,-13.710938453674316,0.0,-2.109398365020752
1778674189.7307258,-0.17378470301628113,-13.710938453674316,0.0,-2.109398365020752
1778674189.7657785,-1.8827009201049805,-13.710938453674316,0.0,-2.109398365020752
1778674189.8027968,-1.3901071548461914,-13.710938453674316,0.0,-2.109398365020752
1778674189.8359761,-4.532958030700684,-13.710938453674316,0.0,-2.109398365020752
1778674189.8713343,-6.641294956207275,-13.710938453674316,0.0,-2.109398365020752
1778674189.9060507,-5.88720178604126,-13.886720657348633,0.0,-2.109398365020752
1778674189.94109,-7.141734600067139,-14.326147079467773,0.0,-2.021507501602173
1778674189.9762428,-7.141734600067139,-15.556619644165039,0.0,-1.757834792137146
1778674190.011506,-6.214375019073486,-18.36912727355957,0.0,-1.3183804750442505
1778674190.0464115,-5.338510990142822,-20.917936325073242,0.0,-0.8789260387420654
1778674190.0832388,-6.085968971252441,-24.257789611816406,0.0,-0.26368993520736694
1778674190.11662,-5.679621696472168,-26.806623458862305,0.0,0.17576444149017334
1778674190.1517696,-6.824439525604248,-28.388633728027344,0.0,0.35154619812965393
1778674190.18688,-7.251813888549805,-28.915977478027344,0.0,0.43943706154823303
1778674190.2202775,-7.070866107940674,-28.915977478027344,0.0,0.43943706154823303
1778674190.255335,-6.206129550933838,-29.267541885375977,0.0,0.5273279547691345
1778674190.2903607,-5.819321155548096,-30.32223129272461,0.0,0.7910005450248718
1778674190.3255112,-5.486763000488281,-30.937496185302734,0.0,0.8788914680480957
1778674190.360703,-5.942230701446533,-31.113279342651367,0.0,0.8788914680480957
1778674190.395906,-5.380441188812256,-31.289058685302734,0.0,0.9667823314666748
1778674190.4310384,-3.3386309146881104,-31.640623092651367,0.0,0.9667823314666748
1778674190.4661224,-0.06373663246631622,-32.34375,0.0,1.142564058303833
1778674190.501141,0.9989136457443237,-32.69528579711914,0.0,1.142564058303833
1778674190.5364478,1.3494759798049927,-32.69528579711914,0.0,1.142564058303833
1778674190.5716093,2.2512943744659424,-32.69528579711914,0.0,1.142564058303833
1778674190.6066697,3.395622491836548,-32.69528579711914,0.0,1.142564058303833
1778674190.64175,2.0268912315368652,-32.69528579711914,0.0,1.230454921722412
1778674190.6788602,0.9802849888801575,-32.69528579711914,0.0,1.230454921722412
1778674190.7101963,-0.7823931574821472,-32.69528579711914,0.0,1.230454921722412
1778674190.7453632,-2.216445207595825,-32.69528579711914,0.0,1.142564058303833
1778674190.7804542,3.028273105621338,-32.69528579711914,0.0,1.230454921722412
1778674190.8157268,4.5094523429870605,-32.69528579711914,0.0,1.142564058303833
1778674190.8508067,2.7306065559387207,-32.69528579711914,0.0,1.230454921722412
1778674190.8858938,2.678553581237793,-32.25583267211914,0.0,1.142564058303833
1778674190.920961,3.250488042831421,-30.937496185302734,0.0,1.054673194885254
1778674190.9562106,2.837592363357544,-29.267541885375977,0.0,0.9667823314666748
1778674190.991303,0.1680215746164322,-28.476551055908203,0.0,0.9667823314666748
1778674191.0266876,3.8400731086730957,-28.388633728027344,0.0,0.9667823314666748
1778674191.0618062,0.6467885971069336,-28.388633728027344,0.0,0.9667823314666748
1778674191.0969017,2.9077467918395996,-28.388633728027344,0.0,0.9667823314666748
1778674191.1321151,2.8583076000213623,-28.388633728027344,0.0,0.9667823314666748
1778674191.1671767,0.5893508791923523,-28.388633728027344,0.0,0.9667823314666748
1778674191.200644,0.20524676144123077,-28.12498664855957,0.0,0.8788914680480957
1778674191.2356033,-4.231934547424316,-28.12498664855957,0.0,0.9667823314666748
1778674191.2706156,-3.173654079437256,-28.12498664855957,0.0,0.9667823314666748
1778674191.3057737,-0.9142939448356628,-28.12498664855957,0.0,0.8788914680480957
1778674191.3407724,-2.08912992477417,-28.12498664855957,0.0,0.8788914680480957
1778674191.3760624,-0.9851269125938416,-28.21285057067871,0.0,0.8788914680480957
1778674191.4111855,-5.885869026184082,-29.003896713256836,0.0,0.9667823314666748
1778674191.446223,-6.116454601287842,-29.091760635375977,0.0,0.9667823314666748
1778674191.4831235,-6.970097064971924,-29.619104385375977,0.0,0.9667823314666748
1778674191.5166209,-5.606471061706543,-31.552705764770508,0.0,1.054673194885254
1778674191.5514598,-4.811239242553711,-33.57419204711914,0.0,1.3183457851409912
1778674191.5867047,-4.41621208190918,-35.15623092651367,0.0,1.6699093580245972
1778674191.6217916,-4.311700344085693,-35.68357467651367,0.0,1.7578002214431763
1778674191.6569438,-4.318467140197754,-36.03513717651367,0.0,1.7578002214431763
1778674191.6905353,-2.011594772338867,-36.56248474121094,0.0,1.8456910848617554
1778674191.7257192,-4.087852954864502,-36.82615661621094,0.0,1.8456910848617554
1778674191.760454,-1.3555781841278076,-36.91404724121094,0.0,1.9335819482803345
1778674191.7955048,0.8146671056747437,-37.00193786621094,0.0,1.9335819482803345
1778674191.830745,3.433342218399048,-37.00193786621094,0.0,1.9335819482803345
1778674191.8658524,2.4161205291748047,-36.91404724121094,0.0,1.9335819482803345
1778674191.9012609,4.644443988800049,-36.91404724121094,0.0,1.9335819482803345
1778674191.936135,5.920071125030518,-36.91404724121094,0.0,1.9335819482803345
1778674191.9712844,6.161464214324951,-36.91404724121094,0.0,1.9335819482803345
1778674192.0063226,6.916079998016357,-36.91404724121094,0.0,1.9335819482803345
1778674192.0415647,6.226385593414307,-35.15623092651367,0.0,1.7578002214431763
1778674192.0767453,5.819855690002441,-33.398414611816406,0.0,1.7578002214431763
1778674192.1121893,6.889788627624512,-30.498014450073242,0.0,1.4941275119781494
1778674192.1471014,7.621068954467773,-27.509750366210938,0.0,1.4062366485595703
1778674192.1801252,6.466232776641846,-25.31247901916504,0.0,0.9667823314666748
1778674192.2154663,6.963693141937256,-23.466798782348633,0.0,0.5273279547691345
1778674192.2506096,5.233172416687012,-21.796844482421875,0.0,0.26365530490875244
1778674192.2857697,5.240231513977051,-21.357418060302734,0.0,0.26365530490875244
1778674192.3208094,3.7910828590393066,-21.445281982421875,0.0,0.17576444149017334
1778674192.3560052,3.9581458568573,-21.445281982421875,0.0,0.17576444149017334
1778674192.3910384,3.012650728225708,-21.445281982421875,0.0,0.17576444149017334
1778674192.4261026,3.6908981800079346,-21.445281982421875,0.0,0.17576444149017334
1778674192.4614198,4.719023704528809,-21.445281982421875,0.0,0.17576444149017334
1778674192.4963796,3.6931841373443604,-21.181636810302734,0.0,0.08787357062101364
1778674192.5314884,4.750738620758057,-21.0058536529541,0.0,0.08787357062101364
1778674192.5669441,3.850965976715088,-20.74215316772461,0.0,-1.7302845662925392e-05
1778674192.6019962,4.891369342803955,-20.21480941772461,0.0,-0.08790817856788635
1778674192.637063,6.236957550048828,-19.423818588256836,0.0,-0.26368993520736694
1778674192.6702166,6.092240810394287,-17.929645538330078,0.0,-0.5273625254631042
1778674192.705228,6.033031940460205,-16.699172973632812,0.0,-0.7031443119049072
1778674192.7403283,2.166956901550293,-15.205056190490723,0.0,-1.0547077655792236
1778674192.7753828,-0.037534717470407486,-14.150365829467773,0.0,-1.2304894924163818
1778674192.8104856,-1.6341736316680908,-13.18359375,0.0,-1.4062713384628296
1778674192.8456042,-1.7988792657852173,-12.832030296325684,0.0,-1.4941622018814087
1778674192.8825214,-4.682806968688965,-12.744112014770508,0.0,-1.4941622018814087
1778674192.9159954,-6.198906898498535,-12.744112014770508,0.0,-1.4941622018814087
1778674192.9511857,-5.888718128204346,-12.744112014770508,0.0,-1.4941622018814087
1778674192.9860458,-5.147448539733887,-12.744112014770508,0.0,-1.4941622018814087
1778674193.0212014,-2.6273531913757324,-12.744112014770508,0.0,-1.4941622018814087
1778674193.0565355,1.4935728311538696,-13.271456718444824,0.0,-1.4941622018814087
1778674193.0913866,2.7438552379608154,-14.677711486816406,0.0,-1.4941622018814087
1778674193.1266875,1.6187330484390259,-14.941411018371582,0.0,-1.4062713384628296
1778674193.1617804,3.2227394580841064,-14.853492736816406,0.0,-1.4062713384628296
1778674193.196882,0.9672912359237671,-14.853492736816406,0.0,-1.4062713384628296
1778674193.2319345,1.5034682750701904,-14.853492736816406,0.0,-1.4062713384628296
1778674193.2669816,5.243288516998291,-14.853492736816406,0.0,-1.4062713384628296
1778674193.3021054,6.6927595138549805,-14.589847564697266,0.0,-1.4062713384628296
1778674193.3371973,6.055472373962402,-13.535157203674316,0.0,-1.4062713384628296
1778674193.3702304,6.720386981964111,-11.513639450073242,0.0,-1.757834792137146
1778674193.405354,5.9874067306518555,-9.052695274353027,0.0,-2.28518009185791
1778674193.4404068,4.660842418670654,-6.064405918121338,0.0,-2.988306999206543
1778674193.4757154,0.46721965074539185,-3.427734136581421,0.0,-3.4277613162994385
1778674193.5101614,1.8837807178497314,-2.460907220840454,0.0,-3.603543519973755
1778674193.5455053,2.506964683532715,-2.460907220840454,0.0,-3.603543519973755
1778674193.5809171,4.4595818519592285,-2.460907220840454,0.0,-3.603543519973755
1778674193.6166732,5.492382049560547,-2.460907220840454,0.0,-3.603543519973755
1778674193.651283,4.611780166625977,-2.460907220840454,0.0,-3.603543519973755
1778674193.688388,5.67171049118042,-2.1972618103027344,0.0,-3.779325246810913
1778674193.721672,7.138190269470215,-1.0546531677246094,0.0,-3.867216110229492
1778674193.75688,7.74680757522583,1.2305095195770264,0.0,-4.306670665740967
1778674193.7917461,7.769628047943115,3.6035356521606445,0.0,-4.746124744415283
1778674193.8252182,7.7072367668151855,4.921871185302734,0.0,-5.0097975730896
1778674193.860573,7.660067558288574,6.328125476837158,0.0,-5.273469924926758
1778674193.8955986,7.524233341217041,7.119170665740967,0.0,-5.449251651763916
1778674193.9305565,7.019339084625244,8.085943222045898,0.0,-5.712924480438232
1778674193.965584,7.533971786499023,8.437506675720215,0.0,-5.712924480438232
1778674194.0007029,7.594679832458496,8.964852333068848,0.0,-5.888679027557373
1778674194.0359497,7.462862968444824,10.019542694091797,0.0,-6.064460754394531
1778674194.071078,7.713840961456299,11.337933540344238,0.0,-6.416024208068848
1778674194.1065378,7.750159740447998,13.007832527160645,0.0,-6.767587661743164
1778674194.1414104,7.1229634284973145,14.765649795532227,0.0,-7.031260013580322
1778674194.1765745,7.468831539154053,15.644558906555176,0.0,-7.207041263580322
1778674194.2116435,7.016333103179932,17.138675689697266,0.0,-7.470714092254639
1778674194.2466981,5.155611515045166,18.19336700439453,0.0,-7.646495819091797
1778674194.2837503,5.195865154266357,18.457067489624023,0.0,-7.646495819091797
1778674194.3169277,4.174370288848877,18.457067489624023,0.0,-7.646495819091797
1778674194.3518214,2.007909059524536,18.457067489624023,0.0,-7.646495819091797
1778674194.3869002,5.105507850646973,18.457067489624023,0.0,-7.646495819091797
1778674194.4201744,4.762494087219238,18.457067489624023,0.0,-7.646495819091797
1778674194.455351,4.213940143585205,18.457067489624023,0.0,-7.646495819091797
1778674194.490753,3.2306759357452393,18.457067489624023,0.0,-7.646495819091797
1778674194.5254679,1.8775616884231567,18.54492950439453,0.0,-7.646495819091797
1778674194.5603921,2.0828847885131836,18.54492950439453,0.0,-7.646495819091797
1778674194.5953743,0.9425761103630066,18.54492950439453,0.0,-7.646495819091797
1778674194.630562,6.643693447113037,18.54492950439453,0.0,-7.646495819091797
1778674194.6656995,4.816475868225098,18.54492950439453,0.0,-7.646495819091797
1778674194.7007813,4.576605319976807,18.54492950439453,0.0,-7.646495819091797
1778674194.7359204,3.1116626262664795,18.54492950439453,0.0,-7.646495819091797
1778674194.7709422,0.9306194186210632,18.720712661743164,0.0,-7.646495819091797
1778674194.8060422,-1.069715976715088,18.808629989624023,0.0,-7.646495819091797
1778674194.8411713,-0.9891860485076904,18.808629989624023,0.0,-7.646495819091797
1778674194.8759625,1.50625741481781,18.808629989624023,0.0,-7.646495819091797
1778674194.9110432,4.072487831115723,18.808629989624023,0.0,-7.646495819091797
1778674194.946296,4.959630489349365,18.808629989624023,0.0,-7.646495819091797
1778674194.981284,3.646531343460083,18.896493911743164,0.0,-7.646495819091797
1778674195.0164905,6.335207462310791,19.775402069091797,0.0,-7.734386444091797
1778674195.0513768,7.311174392700195,21.708999633789062,0.0,-8.173840522766113
1778674195.0884452,7.694516658782959,24.873071670532227,0.0,-8.789076805114746
1778674195.1217372,7.35861873626709,28.47657012939453,0.0,-9.492203712463379
1778674195.156855,7.391129970550537,31.728561401367188,0.0,-10.107439994812012
1778674195.1921163,7.450765132904053,34.189449310302734,0.0,-10.546895027160645
1778674195.225613,7.455688953399658,35.595703125,0.0,-10.722677230834961
1778674195.2604892,7.453441143035889,36.035186767578125,0.0,-10.722677230834961
1778674195.2955294,7.4434075355529785,36.035186767578125,0.0,-10.810566902160645
1778674195.330665,7.019077301025391,36.826175689697266,0.0,-10.986349105834961
1778674195.3657947,7.382990837097168,38.05664825439453,0.0,-11.162130355834961
1778674195.4011095,7.638194561004639,39.2871208190918,0.0,-11.337912559509277
1778674195.4362442,7.634398937225342,40.78129196166992,0.0,-11.601585388183594
1778674195.4713957,7.458316802978516,42.71489334106445,0.0,-11.865257263183594
1778674195.5065398,7.387914180755615,44.03322982788086,0.0,-12.216821670532227
1778674195.5415592,7.606119155883789,45.3515625,0.0,-12.480494499206543
1778674195.5768256,7.345123767852783,46.669952392578125,0.0,-12.656275749206543
1778674195.6119843,7.397891044616699,48.07620620727539,0.0,-12.91994857788086
1778674195.647005,6.6040167808532715,49.3945426940918,0.0,-13.09572982788086
1778674195.6839514,6.542022228240967,50.36137390136719,0.0,-13.271512031555176
1778674195.7152722,4.114974021911621,51.15236282348633,0.0,-13.447293281555176
1778674195.750366,0.752756655216217,51.50392532348633,0.0,-13.535184860229492
1778674195.785501,5.1312456130981445,51.50392532348633,0.0,-13.535184860229492
1778674195.820826,4.808812141418457,51.41606140136719,0.0,-13.535184860229492
1778674195.8559089,5.970181465148926,51.50392532348633,0.0,-13.535184860229492
1778674195.8928308,-0.5851688385009766,51.41606140136719,0.0,-13.535184860229492
1778674195.9258633,-1.4056528806686401,51.41606140136719,0.0,-13.535184860229492
1778674195.9615455,-1.9585509300231934,51.41606140136719,0.0,-13.535184860229492
1778674195.9964716,-3.3350718021392822,51.41606140136719,0.0,-13.535184860229492
1778674196.031549,-2.911269187927246,51.41606140136719,0.0,-13.535184860229492
1778674196.0666287,-4.655909061431885,51.41606140136719,0.0,-13.535184860229492
1778674196.1019785,-1.592185616493225,51.41606140136719,0.0,-13.535184860229492
1778674196.13705,0.09415017068386078,51.41606140136719,0.0,-13.535184860229492
1778674196.1703656,-3.0873935222625732,51.41606140136719,0.0,-13.535184860229492
1778674196.205306,-1.8144118785858154,51.41606140136719,0.0,-13.535184860229492
1778674196.2405126,-1.0378775596618652,51.24028015136719,0.0,-13.535184860229492
1778674196.275621,3.0254316329956055,50.09767150878906,0.0,-13.535184860229492
1778674196.3108766,4.748726844787598,49.306678771972656,0.0,-13.535184860229492
1778674196.3459287,1.6013414859771729,49.306678771972656,0.0,-13.535184860229492
1778674196.3810098,-0.89149409532547,49.306678771972656,0.0,-13.535184860229492
1778674196.4162307,1.6210068464279175,49.306678771972656,0.0,-13.535184860229492
1778674196.451336,-2.284806728363037,49.306678771972656,0.0,-13.535184860229492
1778674196.4881268,-0.7243759632110596,49.306678771972656,0.0,-13.535184860229492
1778674196.5215647,-2.6293840408325195,49.306678771972656,0.0,-13.535184860229492
1778674196.556813,-1.2999238967895508,49.306678771972656,0.0,-13.535184860229492
1778674196.5920367,0.039308637380599976,49.306678771972656,0.0,-13.535184860229492
1778674196.6271806,0.8032264709472656,49.306678771972656,0.0,-13.535184860229492
1778674196.6602187,-1.5233854055404663,49.306678771972656,0.0,-13.535184860229492
1778674196.695267,-1.514162540435791,49.306678771972656,0.0,-13.535184860229492
1778674196.7303927,1.6631462574005127,49.306678771972656,0.0,-13.535184860229492
1778674196.7655902,0.767083466053009,49.306678771972656,0.0,-13.535184860229492
1778674196.8006458,1.63168466091156,49.306678771972656,0.0,-13.535184860229492
1778674196.835935,4.897735595703125,49.306678771972656,0.0,-13.535184860229492
1778674196.8709595,6.793144226074219,49.306678771972656,0.0,-13.535184860229492
1778674196.9060576,7.392971038818359,49.83402633666992,0.0,-13.535184860229492
1778674196.9405737,7.186894416809082,51.15236282348633,0.0,-13.535184860229492
1778674196.9757302,6.919264316558838,52.822261810302734,0.0,-13.886748313903809
1778674197.0089567,6.351465702056885,55.107421875,0.0,-14.326202392578125
1778674197.0457826,5.135867595672607,57.832069396972656,0.0,-14.853547096252441
1778674197.0791612,4.2503743171691895,60.11722946166992,0.0,-15.205110549926758
1778674197.1164763,0.14396849274635315,61.25978088378906,0.0,-15.46878433227539
1778674197.151309,1.3995908498764038,61.34770202636719,0.0,-15.556674003601074
1778674197.1866531,0.21652500331401825,61.34770202636719,0.0,-15.556674003601074
1778674197.2201223,2.845346689224243,61.34770202636719,0.0,-15.556674003601074
1778674197.2557347,4.589788913726807,61.34770202636719,0.0,-15.556674003601074
1778674197.2906253,6.160587787628174,61.34770202636719,0.0,-15.556674003601074
1778674197.3256078,4.381846904754639,61.34770202636719,0.0,-15.556674003601074
1778674197.3607683,3.2951509952545166,61.52348327636719,0.0,-15.556674003601074
1778674197.3958097,0.8656649589538574,61.69926452636719,0.0,-15.556674003601074
1778674197.4310794,-3.483776807785034,61.78712844848633,0.0,-15.556674003601074
1778674197.4662104,-4.736766815185547,61.78712844848633,0.0,-15.556674003601074
1778674197.501268,-5.783843040466309,61.78712844848633,0.0,-15.556674003601074
1778674197.536355,-3.5151796340942383,61.78712844848633,0.0,-15.556674003601074
1778674197.571362,-7.054741382598877,61.78712844848633,0.0,-15.556674003601074
1778674197.6066945,-6.407915115356445,61.78712844848633,0.0,-15.556674003601074
1778674197.641769,-6.421475410461426,61.78712844848633,0.0,-15.556674003601074
1778674197.6770072,-6.61665153503418,60.82035446166992,0.0,-15.556674003601074
1778674197.7103152,-6.649750232696533,58.27149200439453,0.0,-15.556674003601074
1778674197.7453659,-5.890132904052734,54.755863189697266,0.0,-15.556674003601074
1778674197.780505,-5.764426231384277,51.76762771606445,0.0,-14.941438674926758
1778674197.8155663,-0.32627350091934204,49.04298400878906,0.0,-14.589875221252441
1778674197.8507388,-0.010669737122952938,48.95512008666992,0.0,-14.589875221252441
1778674197.885805,-1.5160329341888428,48.95512008666992,0.0,-14.589875221252441
1778674197.9209886,-2.91699481010437,48.95512008666992,0.0,-14.589875221252441
1778674197.9564204,-3.3519527912139893,48.95512008666992,0.0,-14.589875221252441
1778674197.9911005,0.8552061915397644,48.95512008666992,0.0,-14.589875221252441
1778674198.0264525,1.950953722000122,48.95512008666992,0.0,-14.589875221252441
1778674198.0615768,4.6141276359558105,48.95512008666992,0.0,-14.589875221252441
1778674198.0968642,1.0334820747375488,49.2187614440918,0.0,-14.501983642578125
1778674198.132055,-0.6375846862792969,50.00980758666992,0.0,-14.589875221252441
1778674198.167211,-0.6335763335227966,50.62501907348633,0.0,-14.589875221252441
1778674198.200346,-1.3489336967468262,51.15236282348633,0.0,-14.589875221252441
1778674198.2357612,0.43199440836906433,51.06449890136719,0.0,-14.589875221252441
1778674198.2706456,2.851269006729126,51.06449890136719,0.0,-14.589875221252441
1778674198.3056507,1.4129737615585327,51.06449890136719,0.0,-14.589875221252441
1778674198.3408194,-5.499861717224121,51.32814407348633,0.0,-14.589875221252441
1778674198.3759136,-6.3992085456848145,51.41606140136719,0.0,-14.589875221252441
1778674198.4109066,-7.117156982421875,51.41606140136719,0.0,-14.589875221252441
1778674198.4462337,-6.417348861694336,51.41606140136719,0.0,-14.589875221252441
1778674198.481231,-2.5293610095977783,51.41606140136719,0.0,-14.589875221252441
1778674198.516523,-1.6274334192276,51.41606140136719,0.0,-14.589875221252441
1778674198.5516586,3.0512053966522217,51.41606140136719,0.0,-14.589875221252441
1778674198.5867782,3.340782642364502,51.41606140136719,0.0,-14.589875221252441
1778674198.6217616,5.074687480926514,51.41606140136719,0.0,-14.589875221252441
1778674198.657076,5.081977844238281,51.41606140136719,0.0,-14.589875221252441
1778674198.690293,5.718771457672119,51.41606140136719,0.0,-14.589875221252441
1778674198.7253664,3.434478521347046,51.41606140136719,0.0,-14.589875221252441
1778674198.7605674,2.1481902599334717,52.20705032348633,0.0,-14.589875221252441
1778674198.7957768,4.962672710418701,53.525390625,0.0,-14.589875221252441
1778674198.8307738,5.85506010055542,54.931644439697266,0.0,-14.589875221252441
1778674198.8660553,2.6556828022003174,56.601593017578125,0.0,-14.765657424926758
1778674198.9011164,4.522237777709961,58.710975646972656,0.0,-15.029329299926758
1778674198.936094,5.9464826583862305,59.765663146972656,0.0,-15.293002128601074
1778674198.9711459,4.992656230926514,60.82035446166992,0.0,-15.556674003601074
1778674199.006374,5.008749008178711,61.61134719848633,0.0,-15.644537925720215
1778674199.041531,3.2452375888824463,62.31447219848633,0.0,-15.820320129394531
1778674199.0769677,3.4140608310699463,62.75389862060547,0.0,-15.908210754394531
1778674199.1120071,3.2250864505767822,62.929683685302734,0.0,-15.908210754394531
1778674199.147107,1.718043327331543,62.929683685302734,0.0,-15.908210754394531
1778674199.1803133,1.1698524951934814,62.929683685302734,0.0,-15.908210754394531
1778674199.2154186,-0.6866559386253357,62.929683685302734,0.0,-15.996101379394531
1778674199.2505214,0.9679851531982422,62.929683685302734,0.0,-15.908210754394531
1778674199.2876792,-1.139911413192749,62.929683685302734,0.0,-15.908210754394531
1778674199.3208587,-0.34459686279296875,62.929683685302734,0.0,-15.908210754394531
1778674199.3559356,0.17618128657341003,62.929683685302734,0.0,-15.996101379394531
1778674199.3910239,-2.192312717437744,62.929683685302734,0.0,-15.908210754394531
1778674199.4260283,-3.1819021701812744,62.929683685302734,0.0,-15.996101379394531
1778674199.461312,-2.3691093921661377,62.929683685302734,0.0,-15.996101379394531
1778674199.4967422,1.2507637739181519,61.96290969848633,0.0,-15.908210754394531
1778674199.531675,-0.8718878030776978,60.73244094848633,0.0,-15.908210754394531
1778674199.5666935,-1.376313328742981,60.46879196166992,0.0,-15.908210754394531
1778674199.6019654,-1.977447748184204,60.46879196166992,0.0,-15.908210754394531
1778674199.6371467,-5.540135860443115,60.46879196166992,0.0,-15.908210754394531
1778674199.6702347,-5.515703201293945,60.46879196166992,0.0,-15.908210754394531
1778674199.7053096,-3.92525053024292,57.744144439697266,0.0,-15.908210754394531
1778674199.7403474,-1.9525896310806274,55.722686767578125,0.0,-15.820320129394531
1778674199.7757494,-3.161069393157959,53.085960388183594,0.0,-15.380892753601074
1778674199.8104122,-1.7719630002975464,51.94340896606445,0.0,-15.205110549926758
1778674199.845591,-2.4613916873931885,51.94340896606445,0.0,-15.117220878601074
1778674199.880905,-1.5464322566986084,51.94340896606445,0.0,-15.117220878601074
1778674199.9160213,0.8718714118003845,51.94340896606445,0.0,-15.117220878601074
1778674199.951005,-1.2569488286972046,52.20705032348633,0.0,-15.117220878601074
1778674199.9860678,-0.09151183813810349,52.64653396606445,0.0,-15.117220878601074
1778674200.0211205,-4.27771520614624,53.43752670288086,0.0,-15.117220878601074
1778674200.0565124,-1.8536783456802368,53.96487045288086,0.0,-15.117220878601074
1778674200.0932877,-5.15486478805542,53.96487045288086,0.0,-15.117220878601074
1778674200.126671,-5.024293899536133,53.96487045288086,0.0,-15.117220878601074
1778674200.1617389,-5.108911514282227,53.96487045288086,0.0,-15.205110549926758
1778674200.1969755,-3.146235466003418,53.96487045288086,0.0,-15.117220878601074
1778674200.2320824,1.6010159254074097,52.558616638183594,0.0,-15.117220878601074
1778674200.265661,0.7013944387435913,51.67970657348633,0.0,-15.029329299926758
1778674200.300397,0.41086962819099426,51.67970657348633,0.0,-15.029329299926758
1778674200.3356924,-2.636117458343506,51.67970657348633,0.0,-15.029329299926758
1778674200.3708189,-1.1552401781082153,51.67970657348633,0.0,-15.029329299926758
1778674200.4060483,1.4039669036865234,51.67970657348633,0.0,-15.029329299926758
1778674200.4413009,3.8626861572265625,51.67970657348633,0.0,-15.029329299926758
1778674200.476378,0.8319793343544006,51.67970657348633,0.0,-15.029329299926758
1778674200.5112975,-1.8262934684753418,51.67970657348633,0.0,-15.029329299926758
1778674200.5466628,0.5399304032325745,52.031272888183594,0.0,-15.029329299926758
1778674200.581535,2.6759192943573,52.20705032348633,0.0,-15.029329299926758
1778674200.6169837,-3.123774290084839,52.558616638183594,0.0,-15.029329299926758
1778674200.651921,-4.709966659545898,53.173824310302734,0.0,-15.029329299926758
1778674200.6888025,-7.043076038360596,53.26174545288086,0.0,-15.029329299926758
1778674200.719784,-6.949006080627441,53.26174545288086,0.0,-15.029329299926758
1778674200.7551417,-6.59265661239624,53.26174545288086,0.0,-15.029329299926758
1778674200.790809,-5.943935871124268,53.26174545288086,0.0,-15.029329299926758
1778674200.8259125,-4.992991924285889,51.855491638183594,0.0,-15.029329299926758
1778674200.8610945,-3.4414727687835693,49.83402633666992,0.0,-14.765657424926758
1778674200.895954,-3.525263786315918,48.251991271972656,0.0,-14.414093971252441
1778674200.9306867,-5.960239887237549,47.81250762939453,0.0,-14.414093971252441
1778674200.9664145,-5.379192352294922,46.669952392578125,0.0,-14.150420188903809
1778674201.0012488,-3.7074320316314697,45.439483642578125,0.0,-13.886748313903809
1778674201.0363808,-5.927496433258057,44.38479232788086,0.0,-13.623075485229492
1778674201.0719151,-6.682448387145996,43.154319763183594,0.0,-13.359403610229492
1778674201.1066704,-4.82303524017334,41.57228469848633,0.0,-13.09572982788086
1778674201.1420577,-0.7775968909263611,39.63868713378906,0.0,-12.744166374206543
1778674201.1754172,-2.099344253540039,38.496131896972656,0.0,-12.568385124206543
1778674201.2103484,-4.863994121551514,38.23242950439453,0.0,-12.568385124206543
1778674201.2453973,-5.561708450317383,38.23242950439453,0.0,-12.568385124206543
1778674201.2805212,-6.321320533752441,37.96878433227539,0.0,-12.480494499206543
1778674201.3154821,-6.507604122161865,36.298831939697266,0.0,-12.04103946685791
1778674201.3510287,-5.138444423675537,34.365234375,0.0,-11.689476013183594
1778674201.3861322,-7.000434398651123,31.640642166137695,0.0,-11.250021934509277
1778674201.4210558,-7.666585445404053,31.289077758789062,0.0,-11.074240684509277
1778674201.4563172,-6.365231513977051,29.091833114624023,0.0,-10.722677230834961
1778674201.4935248,-6.818817138671875,27.4218807220459,0.0,-10.459003448486328
1778674201.5257678,-5.086153507232666,26.894535064697266,0.0,-10.371113777160645
1778674201.5612602,-6.924648284912109,26.982452392578125,0.0,-10.371113777160645
1778674201.5968542,-5.750442981719971,26.982452392578125,0.0,-10.371113777160645
1778674201.6321049,-6.906505107879639,26.279325485229492,0.0,-10.195331573486328
1778674201.6652403,-7.270137786865234,24.433591842651367,0.0,-9.843767166137695
1778674201.700286,-7.613884925842285,22.50004768371582,0.0,-9.492203712463379
1778674201.735388,-7.222723007202148,21.181655883789062,0.0,-9.140640258789062
1778674201.7706661,-7.481685161590576,19.599620819091797,0.0,-8.876968383789062
1778674201.8054936,-7.630263328552246,18.54492950439453,0.0,-8.613295555114746
1778674201.8407562,-7.182948589324951,17.402376174926758,0.0,-8.34962272644043
1778674201.8758304,-5.2667717933654785,16.259767532348633,0.0,-8.173840522766113
1778674201.9109244,-4.1435346603393555,15.644558906555176,0.0,-8.085949897766113
1778674201.945939,-3.285238027572632,15.732421875,0.0,-8.085949897766113
1778674201.9812555,-1.0962973833084106,15.732421875,0.0,-8.085949897766113
1778674202.0163183,3.241211175918579,15.732421875,0.0,-8.085949897766113
1778674202.0515306,2.2560579776763916,15.732421875,0.0,-8.085949897766113
1778674202.0883741,-0.6573129296302795,15.732421875,0.0,-8.085949897766113
1778674202.1218526,3.9349722862243652,15.732421875,0.0,-8.085949897766113
1778674202.1568203,5.916162967681885,15.732421875,0.0,-8.085949897766113
1778674202.191974,3.226928234100342,17.226594924926758,0.0,-8.173840522766113
1778674202.2271478,4.551528453826904,19.335975646972656,0.0,-8.26173210144043
1778674202.2602985,4.854576110839844,21.708999633789062,0.0,-8.34962272644043
1778674202.2953765,4.25946569442749,23.9062442779541,0.0,-8.789076805114746
1778674202.330514,1.0237135887145996,26.103546142578125,0.0,-9.052749633789062
1778674202.3656194,-2.867568016052246,27.070316314697266,0.0,-9.316422462463379
1778674202.4006782,-3.907773017883301,27.158235549926758,0.0,-9.404313087463379
1778674202.4359252,-3.7924087047576904,27.158235549926758,0.0,-9.404313087463379
1778674202.4710028,0.6482841968536377,27.158235549926758,0.0,-9.404313087463379
1778674202.5060647,-3.1274547576904297,27.158235549926758,0.0,-9.404313087463379
1778674202.5413978,-0.3006565272808075,27.070316314697266,0.0,-9.404313087463379
1778674202.5764732,0.20884805917739868,26.103546142578125,0.0,-9.404313087463379
1778674202.6117303,2.235825538635254,25.400419235229492,0.0,-9.404313087463379
1778674202.646845,5.840407848358154,25.400419235229492,0.0,-9.404313087463379
1778674202.6819518,4.673983097076416,25.400419235229492,0.0,-9.404313087463379
1778674202.716957,4.477884292602539,25.400419235229492,0.0,-9.404313087463379
1778674202.7504745,-0.12767410278320312,26.542972564697266,0.0,-9.404313087463379
1778674202.7852507,-1.9920388460159302,28.03714370727539,0.0,-9.580095291137695
1778674202.8203583,2.2356598377227783,28.564489364624023,0.0,-9.667985916137695
1778674202.855458,5.838776111602783,28.47657012939453,0.0,-9.667985916137695
1778674202.892615,5.627015590667725,28.652353286743164,0.0,-9.667985916137695
1778674202.9258497,5.083845615386963,29.794960021972656,0.0,-9.843767166137695
1778674202.9608712,5.3708367347717285,31.201215744018555,0.0,-10.107439994812012
1778674202.9960728,5.372116565704346,33.222679138183594,0.0,-10.546895027160645
1778674203.0312366,7.2038893699646,34.45315170288086,0.0,-10.722677230834961
1778674203.0666375,5.963373184204102,35.683624267578125,0.0,-10.986349105834961
1778674203.1014555,2.1480042934417725,36.650394439697266,0.0,-11.162130355834961
1778674203.1365623,-0.17962194979190826,37.44144058227539,0.0,-11.250021934509277
1778674203.1717901,-3.716195821762085,37.52930450439453,0.0,-11.250021934509277
1778674203.206836,-3.234417676925659,37.44144058227539,0.0,-11.250021934509277
1778674203.2400815,-2.91135573387146,37.52930450439453,0.0,-11.250021934509277
1778674203.275226,-5.582041263580322,37.52930450439453,0.0,-11.250021934509277
1778674203.310389,-5.311123847961426,37.52930450439453,0.0,-11.250021934509277
1778674203.3455663,-5.448060512542725,37.44144058227539,0.0,-11.250021934509277
1778674203.3807952,-4.722060680389404,36.210968017578125,0.0,-11.250021934509277
1778674203.417739,-5.480947017669678,33.04689407348633,0.0,-11.250021934509277
1778674203.451262,-5.73351526260376,28.652353286743164,0.0,-10.634785652160645
1778674203.4859967,-5.799128532409668,25.04885482788086,0.0,-10.019549369812012
1778674203.5212402,-2.9421768188476562,22.324264526367188,0.0,-9.404313087463379
1778674203.5563712,-5.045831203460693,22.148483276367188,0.0,-9.316422462463379
1778674203.5912585,-5.630654335021973,22.148483276367188,0.0,-9.316422462463379
1778674203.6264646,-5.193408012390137,21.972700119018555,0.0,-9.316422462463379
1778674203.6614113,-4.982333660125732,21.621137619018555,0.0,-9.228531837463379
1778674203.6966088,-2.1374192237854004,20.918010711669922,0.0,-9.052749633789062
1778674203.7315094,-2.7567169666290283,20.56644630432129,0.0,-8.964859008789062
1778674203.7666154,-1.7005269527435303,20.56644630432129,0.0,-8.964859008789062
1778674203.8018765,-1.5283267498016357,20.56644630432129,0.0,-8.964859008789062
1778674203.8369617,-3.5257391929626465,20.56644630432129,0.0,-8.964859008789062
1778674203.8718805,-3.9349093437194824,20.56644630432129,0.0,-8.964859008789062
1778674203.907098,-3.713012218475342,20.56644630432129,0.0,-8.964859008789062
1778674203.9403641,-4.987695693969727,20.56644630432129,0.0,-8.964859008789062
1778674203.9752753,1.6854028701782227,20.12696647644043,0.0,-8.876968383789062
1778674204.0103598,2.012054681777954,19.511756896972656,0.0,-8.789076805114746
1778674204.045345,4.143980979919434,19.511756896972656,0.0,-8.701186180114746
1778674204.0803478,6.305367946624756,19.511756896972656,0.0,-8.789076805114746
1778674204.1152892,7.399367809295654,19.511756896972656,0.0,-8.789076805114746
1778674204.1503634,5.447336673736572,19.511756896972656,0.0,-8.701186180114746
1778674204.1854467,3.790191650390625,19.599620819091797,0.0,-8.789076805114746
1778674204.220339,-0.20288527011871338,20.830093383789062,0.0,-8.876968383789062
1778674204.2554028,-1.5880322456359863,23.115253448486328,0.0,-8.964859008789062
1778674204.2923844,-2.4264633655548096,23.46681785583496,0.0,-8.964859008789062
1778674204.3257747,-5.26951789855957,24.521509170532227,0.0,-8.964859008789062
1778674204.3610659,-2.6496517658233643,24.345727920532227,0.0,-8.964859008789062
1778674204.3961573,0.8865501880645752,24.345727920532227,0.0,-8.964859008789062
1778674204.4309807,-1.2012207508087158,24.345727920532227,0.0,-8.964859008789062
1778674204.466553,0.6626964211463928,24.345727920532227,0.0,-8.964859008789062
1778674204.5013824,2.701794147491455,24.345727920532227,0.0,-8.964859008789062
1778674204.5364113,3.8626723289489746,24.345727920532227,0.0,-8.964859008789062
1778674204.5715537,0.001066340715624392,24.345727920532227,0.0,-8.964859008789062
1778674204.6068907,5.37914514541626,24.345727920532227,0.0,-8.964859008789062
1778674204.641891,7.122360706329346,24.345727920532227,0.0,-8.964859008789062
1778674204.6751788,6.392082214355469,24.345727920532227,0.0,-8.964859008789062
1778674204.7102575,5.360585689544678,24.345727920532227,0.0,-8.964859008789062
1778674204.7453454,2.047893762588501,26.015625,0.0,-9.140640258789062
1778674204.7806227,3.2296316623687744,28.12500762939453,0.0,-9.580095291137695
1778674204.8157363,2.8157904148101807,29.882823944091797,0.0,-9.931658744812012
1778674204.8507981,3.5543065071105957,30.761734008789062,0.0,-10.019549369812012
1778674204.886095,2.110802412033081,30.761734008789062,0.0,-10.019549369812012
1778674204.921092,-1.5796802043914795,30.761734008789062,0.0,-10.019549369812012
1778674204.9562206,-3.8167519569396973,30.761734008789062,0.0,-10.019549369812012
1778674204.991328,-4.7761383056640625,30.761734008789062,0.0,-10.019549369812012
1778674205.0266685,-4.184169292449951,30.761734008789062,0.0,-10.019549369812012
1778674205.0617483,-4.358195781707764,29.179697036743164,0.0,-9.931658744812012
1778674205.0970037,-2.3116960525512695,26.630889892578125,0.0,-9.931658744812012
1778674205.1303635,-0.40476536750793457,23.994163513183594,0.0,-9.667985916137695
1778674205.1653256,2.0113892555236816,22.236347198486328,0.0,-9.404313087463379
1778674205.2003624,2.451707601547241,22.324264526367188,0.0,-9.404313087463379
1778674205.2355134,5.720156192779541,22.324264526367188,0.0,-9.404313087463379
1778674205.2706397,7.261738300323486,22.324264526367188,0.0,-9.404313087463379
1778674205.305909,6.606452465057373,22.93947410583496,0.0,-9.404313087463379
1778674205.3428857,4.72482442855835,24.521509170532227,0.0,-9.492203712463379
1778674205.3760648,5.532848834991455,26.542972564697266,0.0,-9.580095291137695
1778674205.4112933,5.8974223136901855,29.267616271972656,0.0,-9.843767166137695
1778674205.4463434,6.404218673706055,32.25590515136719,0.0,-10.283222198486328
1778674205.4813838,5.308930397033691,33.925804138183594,0.0,-10.722677230834961
1778674205.5167544,2.7006490230560303,34.98049545288086,0.0,-10.898458480834961
1778674205.55185,1.9109444618225098,35.244140625,0.0,-10.898458480834961
1778674205.5869472,5.254935264587402,35.244140625,0.0,-10.898458480834961
1778674205.6201391,4.398003578186035,35.244140625,0.0,-10.898458480834961
1778674205.6554172,5.17530632019043,35.244140625,0.0,-10.898458480834961
1778674205.6918192,3.568795680999756,35.419921875,0.0,-10.898458480834961
1778674205.725101,0.8968600034713745,35.683624267578125,0.0,-10.986349105834961
1778674205.7607596,-1.4984368085861206,35.947265625,0.0,-10.986349105834961
1778674205.7957797,-5.9211649894714355,35.947265625,0.0,-10.986349105834961
1778674205.8312864,-6.381356239318848,35.947265625,0.0,-10.986349105834961
1778674205.8661458,-4.823249816894531,35.947265625,0.0,-10.986349105834961
1778674205.9011688,-4.454844951629639,35.859405517578125,0.0,-10.986349105834961
1778674205.9362535,-5.5970330238342285,35.859405517578125,0.0,-10.986349105834961
1778674205.9715838,-5.363426208496094,34.892578125,0.0,-10.986349105834961
1778674206.006878,-4.604547500610352,30.937515258789062,0.0,-10.898458480834961
1778674206.0419831,-2.493375301361084,28.916053771972656,0.0,-10.634785652160645
1778674206.0753732,-4.019454479217529,25.6640625,0.0,-10.107439994812012
1778674206.110336,-3.7818710803985596,24.873071670532227,0.0,-9.931658744812012
1778674206.1453626,-2.7847330570220947,24.873071670532227,0.0,-9.843767166137695
1778674206.1804464,0.12197666615247726,24.873071670532227,0.0,-9.843767166137695
1778674206.2155998,-3.2100701332092285,24.960935592651367,0.0,-9.843767166137695
1778674206.250871,-3.695188283920288,24.960935592651367,0.0,-9.843767166137695
1778674206.2861254,-6.319455146789551,24.960935592651367,0.0,-9.843767166137695
1778674206.3212206,-6.804281234741211,24.960935592651367,0.0,-9.843767166137695
1778674206.3560996,-6.180755138397217,24.082027435302734,0.0,-9.667985916137695
1778674206.3913612,-6.180755138397217,23.115253448486328,0.0,-9.492203712463379
1778674206.4264154,-3.1205694675445557,21.445356369018555,0.0,-9.140640258789062
1778674206.4613543,-3.808799982070923,18.984411239624023,0.0,-8.701186180114746
1778674206.498329,-5.378078460693359,17.4902400970459,0.0,-8.43751335144043
1778674206.531585,-6.680391788482666,17.138675689697266,0.0,-8.43751335144043
1778674206.566961,-7.051468849182129,16.962894439697266,0.0,-8.26173210144043
1778674206.6018887,-6.220148086547852,15.29299545288086,0.0,-7.998059272766113
1778674206.6354206,-7.431034088134766,14.062522888183594,0.0,-7.734386444091797
1778674206.6703067,-7.319934844970703,12.919968605041504,0.0,-7.470714092254639
1778674206.7056031,-7.414000034332275,11.689496994018555,0.0,-7.2949323654174805
1778674206.7402556,-7.595463275909424,10.371106147766113,0.0,-7.1191511154174805
1778674206.775777,-7.3261542320251465,9.052770614624023,0.0,-6.855478286743164
1778674206.8108706,-7.456150054931641,7.558598041534424,0.0,-6.503914833068848
1778674206.8460538,-7.630452632904053,6.064479827880859,0.0,-6.2402424812316895
1778674206.8810472,-7.635196685791016,4.570307731628418,0.0,-5.888679027557373
1778674206.916063,-7.80935001373291,3.1641087532043457,0.0,-5.625033378601074
1778674206.9513648,-7.900551795959473,1.8457183837890625,0.0,-5.361361026763916
1778674206.9863966,-7.901710033416748,0.08790089190006256,0.0,-5.0097975730896
1778674207.021604,-7.922870635986328,-1.4062166213989258,0.0,-4.746124744415283
1778674207.056772,-7.756082534790039,-2.6366889476776123,0.0,-4.570343017578125
1778674207.093809,-7.64432430267334,-3.7792978286743164,0.0,-4.394561290740967
1778674207.1252964,-7.756490230560303,-4.921852111816406,0.0,-4.13088846206665
1778674207.1603682,-7.649111747741699,-5.537115573883057,0.0,-4.04299783706665
1778674207.1955414,-7.178512096405029,-6.8554511070251465,0.0,-3.779325246810913
1778674207.2303758,-6.418785572052002,-8.525349617004395,0.0,-3.4277613162994385
1778674207.2656937,-3.0629994869232178,-9.140613555908203,0.0,-3.3398704528808594
1778674207.300735,-4.4437642097473145,-9.140613555908203,0.0,-3.3398704528808594
1778674207.3359864,-0.955967366695404,-9.052695274353027,0.0,-3.3398704528808594
1778674207.3709023,-1.7740225791931152,-9.052695274353027,0.0,-3.3398704528808594
1778674207.4061902,-1.3402990102767944,-9.052695274353027,0.0,-3.3398704528808594
1778674207.441266,-3.274280071258545,-9.052695274353027,0.0,-3.3398704528808594
1778674207.4763699,-5.000086307525635,-9.052695274353027,0.0,-3.3398704528808594
1778674207.51151,-0.27521273493766785,-9.140613555908203,0.0,-3.3398704528808594
1778674207.5467517,4.389790058135986,-9.052695274353027,0.0,-3.3398704528808594
1778674207.581934,4.6245527267456055,-9.052695274353027,0.0,-3.3398704528808594
1778674207.6170976,5.650849342346191,-9.052695274353027,0.0,-3.3398704528808594
1778674207.6520896,5.599440097808838,-8.789050102233887,0.0,-3.3398704528808594
1778674207.6852531,6.9298577308654785,-7.294877529144287,0.0,-3.5156521797180176
1778674207.7205937,4.2001495361328125,-4.394506454467773,0.0,-3.779325246810913
1778674207.7557924,6.3422627449035645,-1.3183530569076538,0.0,-3.9551069736480713
1778674207.7923524,3.0568253993988037,0.5273826122283936,0.0,-4.218779563903809
1778674207.825799,5.7528076171875,2.460981845855713,0.0,-4.482452392578125
1778674207.8609364,7.295536041259766,2.8125452995300293,0.0,-4.570343017578125
1778674207.8980684,5.945311069488525,3.4277541637420654,0.0,-4.834015846252441
1778674207.9311879,4.411586284637451,4.39452600479126,0.0,-5.0097975730896
1778674207.9662282,4.027569770812988,4.921871185302734,0.0,-5.0976881980896
1778674208.001409,5.2240071296691895,5.00978946685791,0.0,-5.0976881980896
1778674208.0368392,-0.2636180520057678,5.00978946685791,0.0,-5.0976881980896
1778674208.0719924,-0.6452583074569702,5.00978946685791,0.0,-5.0976881980896
1778674208.1068952,1.228558897972107,5.00978946685791,0.0,-5.0976881980896
1778674208.1404734,3.0813848972320557,5.00978946685791,0.0,-5.0976881980896
1778674208.1752136,4.211261749267578,5.00978946685791,0.0,-5.185579299926758
1778674208.2104132,2.847466230392456,5.00978946685791,0.0,-5.0976881980896
1778674208.2455854,1.5436525344848633,5.00978946685791,0.0,-5.0976881980896
1778674208.2810228,-0.11817209422588348,5.00978946685791,0.0,-5.0976881980896
1778674208.3159204,5.5000505447387695,5.00978946685791,0.0,-5.0976881980896
1778674208.351082,3.0876314640045166,5.00978946685791,0.0,-5.0976881980896
1778674208.3861563,3.354893207550049,5.00978946685791,0.0,-5.185579299926758
1778674208.421346,2.2801291942596436,5.185571193695068,0.0,-5.0976881980896
1778674208.4564173,1.6336431503295898,5.185571193695068,0.0,-5.185579299926758
1778674208.4932988,2.28625226020813,5.185571193695068,0.0,-5.185579299926758
1778674208.526684,0.5292211771011353,5.185571193695068,0.0,-5.185579299926758
1778674208.561824,0.5730607509613037,5.273434638977051,0.0,-5.185579299926758
1778674208.5969653,-0.7016999125480652,5.185571193695068,0.0,-5.185579299926758
1778674208.6304817,1.3392845392227173,5.185571193695068,0.0,-5.185579299926758
1778674208.6674118,0.12369013577699661,5.273434638977051,0.0,-5.185579299926758
1778674208.7002976,0.26357418298721313,5.185571193695068,0.0,-5.185579299926758
1778674208.7355008,0.24705354869365692,5.185571193695068,0.0,-5.185579299926758
1778674208.7705927,4.6525421142578125,5.185571193695068,0.0,-5.185579299926758
1778674208.8057969,6.721226215362549,5.185571193695068,0.0,-5.185579299926758
1778674208.840894,4.768413543701172,5.273434638977051,0.0,-5.185579299926758
1778674208.8759627,2.644303321838379,5.273434638977051,0.0,-5.185579299926758
1778674208.911249,-1.4905699491500854,5.361352920532227,0.0,-5.185579299926758
1778674208.9462693,-2.3462648391723633,5.449216365814209,0.0,-5.185579299926758
1778674208.981468,-2.4427733421325684,5.449216365814209,0.0,-5.185579299926758
1778674209.016377,-3.891055107116699,5.449216365814209,0.0,-5.185579299926758
1778674209.051775,-2.8423683643341064,5.449216365814209,0.0,-5.185579299926758
1778674209.0870063,-3.820098638534546,5.449216365814209,0.0,-5.185579299926758
1778674209.1219451,-3.6777596473693848,5.449216365814209,0.0,-5.185579299926758
1778674209.1572618,-6.37237548828125,5.449216365814209,0.0,-5.185579299926758
1778674209.1904938,-5.186037063598633,3.8672354221343994,0.0,-5.0097975730896
1778674209.2255518,-6.200273513793945,1.1425913572311401,0.0,-5.0097975730896
1778674209.2609034,-6.3731608390808105,-1.845698356628418,0.0,-4.658234119415283
1778674209.2978754,-5.213789939880371,-3.7792978286743164,0.0,-4.394561290740967
1778674209.3325658,-6.648882865905762,-3.7792978286743164,0.0,-4.306670665740967
1778674209.3660405,-4.982728958129883,-4.658206462860107,0.0,-4.13088846206665
1778674209.4011366,-4.1345696449279785,-5.185551643371582,0.0,-4.04299783706665
1778674209.4360995,-3.270742654800415,-5.185551643371582,0.0,-4.04299783706665
1778674209.4712524,-5.621746063232422,-5.185551643371582,0.0,-4.04299783706665
1778674209.506385,-6.7674126625061035,-5.185551643371582,0.0,-4.04299783706665
1778674209.5416875,-6.391986846923828,-5.361333847045898,0.0,-4.04299783706665
1778674209.576816,-6.3745622634887695,-6.415969371795654,0.0,-3.779325246810913
1778674209.610155,-6.6166462898254395,-8.525349617004395,0.0,-3.4277613162994385
1778674209.6450953,-6.413653373718262,-10.63473129272461,0.0,-2.988306999206543
1778674209.6806002,-6.885971546173096,-11.689421653747559,0.0,-2.8125252723693848
1778674209.7153652,-6.706642150878906,-12.040985107421875,0.0,-2.6367435455322266
1778674209.750548,-5.7721662521362305,-13.18359375,0.0,-2.28518009185791
1778674209.7856324,-6.463451862335205,-14.062501907348633,0.0,-2.109398365020752
1778674209.820747,-6.877374172210693,-14.062501907348633,0.0,-2.109398365020752
1778674209.8556948,-6.6719818115234375,-14.41406536102295,0.0,-2.109398365020752
1778674209.8908637,-6.752333641052246,-15.732401847839355,0.0,-1.757834792137146
1778674209.9259222,-6.503035545349121,-17.226518630981445,0.0,-1.4941622018814087
1778674209.9610538,-6.084076404571533,-18.10542869567871,0.0,-1.3183804750442505
1778674209.9962869,-7.210383415222168,-19.423818588256836,0.0,-1.1425986289978027
1778674210.0314586,-5.2698893547058105,-21.181636810302734,0.0,-0.8789260387420654
1778674210.066488,-5.210209846496582,-22.85153579711914,0.0,-0.6152534484863281
1778674210.1016402,-4.682365894317627,-23.642581939697266,0.0,-0.5273625254631042
1778674210.1366665,-6.1153717041015625,-23.554662704467773,0.0,-0.5273625254631042
1778674210.1720967,-6.055654048919678,-23.554662704467773,0.0,-0.5273625254631042
1778674210.2053776,-6.053267955780029,-23.554662704467773,0.0,-0.5273625254631042
1778674210.2401726,-6.756748676300049,-24.257789611816406,0.0,-0.35158079862594604
1778674210.2752328,-6.632953643798828,-26.718732833862305,0.0,0.17576444149017334
1778674210.3106244,-7.355423450469971,-29.091760635375977,0.0,0.5273279547691345
1778674210.3457265,-4.574833869934082,-31.025358200073242,0.0,0.8788914680480957
1778674210.3809261,-3.7490322589874268,-31.904268264770508,0.0,0.9667823314666748
1778674210.4158027,-2.2608654499053955,-31.904268264770508,0.0,0.9667823314666748
1778674210.451034,-1.3021107912063599,-31.904268264770508,0.0,0.9667823314666748
1778674210.4862156,-3.1627159118652344,-31.904268264770508,0.0,0.9667823314666748
1778674210.5214853,-2.6834611892700195,-31.904268264770508,0.0,0.9667823314666748
1778674210.5565593,-6.695465087890625,-31.904268264770508,0.0,0.9667823314666748
1778674210.5916646,-7.127007007598877,-31.904268264770508,0.0,0.9667823314666748
1778674210.6269245,-6.341239929199219,-31.904268264770508,0.0,0.9667823314666748
1778674210.6619506,-6.256405830383301,-31.904268264770508,0.0,0.9667823314666748
1778674210.6989136,-7.45463752746582,-32.34375,0.0,1.054673194885254
1778674210.730297,-7.701898097991943,-34.013648986816406,0.0,1.3183457851409912
1778674210.7653964,-7.213745594024658,-37.1777229309082,0.0,1.9335819482803345
1778674210.8006666,-7.65909481048584,-40.693355560302734,0.0,2.636708974838257
1778674210.8357432,-7.464646816253662,-43.505836486816406,0.0,3.3398358821868896
1778674210.8710005,-7.769721984863281,-44.208961486816406,0.0,3.4277267456054688
1778674210.9060938,-7.3437371253967285,-45.17576217651367,0.0,3.603508234024048
1778674210.9411476,-6.716090679168701,-46.40623474121094,0.0,3.779289960861206
1778674210.9763687,-5.146944046020508,-47.02146911621094,0.0,3.9550445079803467
1778674211.0115297,-5.2375898361206055,-47.373008728027344,0.0,3.9550445079803467
1778674211.0466833,-4.044678688049316,-47.373008728027344,0.0,3.9550445079803467
1778674211.0818083,-3.1000964641571045,-47.373008728027344,0.0,3.9550445079803467
1778674211.1169052,-5.261733531951904,-47.373008728027344,0.0,3.9550445079803467
1778674211.152096,-4.606899738311768,-47.373008728027344,0.0,3.9550445079803467
1778674211.1854053,-5.305710792541504,-47.373008728027344,0.0,3.9550445079803467
1778674211.2206614,-6.427752494812012,-47.46092224121094,0.0,3.9550445079803467
1778674211.2557006,-7.006240367889404,-48.51561737060547,0.0,4.130825996398926
1778674211.2902682,-5.374499797821045,-51.24020767211914,0.0,4.6581711769104
1778674211.3253913,-3.1978981494903564,-54.66794967651367,0.0,5.185516834259033
1778674211.3605387,-3.5583736896514893,-57.48043441772461,0.0,5.800752639770508
1778674211.396022,-6.39616584777832,-59.062469482421875,0.0,5.976534366607666
1778674211.430903,-5.117551326751709,-59.501953125,0.0,6.064425468444824
1778674211.4660347,-2.016350030899048,-59.589813232421875,0.0,6.064425468444824
1778674211.5011013,0.09821928292512894,-59.589813232421875,0.0,6.064425468444824
1778674211.5364182,-0.36146530508995056,-59.589813232421875,0.0,6.064425468444824
1778674211.5714777,-3.64505934715271,-59.589813232421875,0.0,6.064425468444824
1778674211.6063929,-3.3149805068969727,-59.589813232421875,0.0,6.064425468444824
1778674211.641714,-4.678110599517822,-59.589813232421875,0.0,6.064425468444824
1778674211.6767943,-5.477720260620117,-59.589813232421875,0.0,6.064425468444824
1778674211.7118227,-5.067554950714111,-59.765594482421875,0.0,6.064425468444824
1778674211.7454672,-5.546847343444824,-60.205078125,0.0,6.152316093444824
1778674211.780296,-4.886779308319092,-61.34762954711914,0.0,6.328097820281982
1778674211.8154178,-2.2671501636505127,-63.017555236816406,0.0,6.679661750793457
1778674211.8505409,-5.025699615478516,-64.16014099121094,0.0,6.855443477630615
1778674211.8859382,-3.9428043365478516,-64.68748474121094,0.0,6.943334102630615
1778674211.9207962,-2.4219918251037598,-65.21482849121094,0.0,7.031225204467773
1778674211.9558933,-2.6633408069610596,-65.30272674560547,0.0,7.031225204467773
1778674211.9912367,-5.984759330749512,-65.30272674560547,0.0,7.031225204467773
1778674212.026261,-6.492618083953857,-65.39060974121094,0.0,7.031225204467773
1778674212.0613058,-1.6491947174072266,-65.74217987060547,0.0,7.119115829467773
1778674212.0983112,0.7209537625312805,-66.00585174560547,0.0,7.119115829467773
1778674212.1316855,-2.2668867111206055,-66.00585174560547,0.0,7.119115829467773
1778674212.1669796,-2.7468090057373047,-66.00585174560547,0.0,7.20700740814209
1778674212.201855,-3.2752726078033447,-66.35741424560547,0.0,7.20700740814209
1778674212.2352111,-2.5000743865966797,-66.88472747802734,0.0,7.29489803314209
1778674212.2703009,-1.2194809913635254,-66.88472747802734,0.0,7.29489803314209
1778674212.305382,1.3225425481796265,-66.88472747802734,0.0,7.29489803314209
1778674212.3405745,1.7780179977416992,-66.88472747802734,0.0,7.382789134979248
1778674212.3756983,-0.4844762682914734,-66.88472747802734,0.0,7.29489803314209
1778674212.4108956,2.2042529582977295,-66.88472747802734,0.0,7.29489803314209
1778674212.4458468,0.20022830367088318,-66.88472747802734,0.0,7.29489803314209
1778674212.4810812,1.8955413103103638,-66.79686737060547,0.0,7.29489803314209
1778674212.516182,5.585424423217773,-66.88472747802734,0.0,7.29489803314209
1778674212.5512557,5.539661407470703,-66.88472747802734,0.0,7.29489803314209
1778674212.5863647,1.8205702304840088,-66.88472747802734,0.0,7.29489803314209
1778674212.6216009,3.373171091079712,-66.62108612060547,0.0,7.29489803314209
1778674212.6567705,4.115133762359619,-66.35741424560547,0.0,7.29489803314209
1778674212.6920066,1.4480737447738647,-65.39060974121094,0.0,7.29489803314209
1778674212.725019,3.0934276580810547,-64.42381286621094,0.0,7.29489803314209
1778674212.760314,3.151914119720459,-63.80857849121094,0.0,7.20700740814209
1778674212.7954636,0.32038140296936035,-63.63279724121094,0.0,7.20700740814209
1778674212.830515,1.0041139125823975,-63.63279724121094,0.0,7.20700740814209
1778674212.865685,0.6976813077926636,-63.63279724121094,0.0,7.20700740814209
1778674212.9026015,-3.7717535495758057,-63.63279724121094,0.0,7.20700740814209
1778674212.935969,-2.699930429458618,-63.63279724121094,0.0,7.20700740814209
1778674212.9713857,-5.407623767852783,-63.63279724121094,0.0,7.20700740814209
1778674213.0061886,-3.9698193073272705,-64.07225036621094,0.0,7.20700740814209
1778674213.041276,-5.882777690887451,-64.51170349121094,0.0,7.20700740814209
1778674213.076357,-4.573265552520752,-66.00585174560547,0.0,7.29489803314209
1778674213.1113617,-3.762673854827881,-68.11520385742188,0.0,7.6464619636535645
1778674213.1465158,-5.846848964691162,-69.16989135742188,0.0,7.822243690490723
1778674213.181915,-4.543965816497803,-70.2245864868164,0.0,7.998025417327881
1778674213.2168477,-1.5047478675842285,-71.1034927368164,0.0,8.261697769165039
1778674213.2502527,-4.669936656951904,-71.8066177368164,0.0,8.349588394165039
1778674213.2853463,-5.6722612380981445,-72.59764099121094,0.0,8.613261222839355
1778674213.3204153,-6.532816410064697,-74.00389099121094,0.0,8.789043426513672
1778674213.3555686,-6.466519832611084,-76.81636810302734,0.0,9.316388130187988
1778674213.3905387,-3.7302772998809814,-79.2773208618164,0.0,9.755843162536621
1778674213.4257739,-3.3347411155700684,-81.2988052368164,0.0,10.107406616210938
1778674213.4608862,0.6546241641044617,-82.2656021118164,0.0,10.283187866210938
1778674213.4978616,0.11569098383188248,-82.2656021118164,0.0,10.283187866210938
1778674213.531247,3.371582508087158,-82.2656021118164,0.0,10.371078491210938
1778674213.5663807,1.5897619724273682,-82.2656021118164,0.0,10.371078491210938
1778674213.6015153,0.4138881266117096,-82.2656021118164,0.0,10.283187866210938
1778674213.6364493,-3.7327730655670166,-82.2656021118164,0.0,10.371078491210938
1778674213.6717863,-1.3844200372695923,-82.2656021118164,0.0,10.371078491210938
1778674213.7067971,-1.629300832748413,-82.2656021118164,0.0,10.371078491210938
1778674213.740207,-2.6158008575439453,-82.2656021118164,0.0,10.283187866210938
1778674213.7752664,-4.563224792480469,-82.2656021118164,0.0,10.283187866210938
1778674213.8122337,-2.824949264526367,-82.2656021118164,0.0,10.371078491210938
1778674213.845456,-1.6707899570465088,-82.2656021118164,0.0,10.371078491210938
1778674213.8805282,-3.7966716289520264,-82.2656021118164,0.0,10.283187866210938
1778674213.9157844,0.10709793120622635,-82.2656021118164,0.0,10.371078491210938
1778674213.9508932,0.16823992133140564,-82.2656021118164,0.0,10.371078491210938
1778674213.9859374,-0.2405807077884674,-82.2656021118164,0.0,10.371078491210938
1778674214.0212069,4.329216957092285,-82.2656021118164,0.0,10.371078491210938
1778674214.056301,3.843651294708252,-82.2656021118164,0.0,10.371078491210938
1778674214.0914629,3.3245251178741455,-82.2656021118164,0.0,10.371078491210938
1778674214.1265283,2.3671045303344727,-82.2656021118164,0.0,10.283187866210938
1778674214.1616483,6.225199222564697,-81.5624771118164,0.0,10.371078491210938
1778674214.1968567,7.478795528411865,-80.244140625,0.0,10.195296287536621
1778674214.231855,7.641618251800537,-77.60741424560547,0.0,9.931624412536621
1778674214.2651875,7.447925567626953,-75.23436737060547,0.0,9.843733787536621
1778674214.3023574,6.905852794647217,-72.42185974121094,0.0,9.404278755187988
1778674214.3355753,6.987087726593018,-71.2792739868164,0.0,9.228497505187988
1778674214.3706303,6.795792579650879,-70.3125,0.0,9.140606880187988
1778674214.4057362,4.412309646606445,-69.52145385742188,0.0,8.964824676513672
1778674214.4409769,6.02017879486084,-68.73046875,0.0,8.789043426513672
1778674214.4760933,5.031991958618164,-68.11520385742188,0.0,8.701151847839355
1778674214.511147,5.7964348793029785,-67.58785247802734,0.0,8.613261222839355
1778674214.5462368,5.383120536804199,-67.14842987060547,0.0,8.525370597839355
1778674214.5816088,5.035587787628174,-66.44530487060547,0.0,8.437479972839355
1778674214.6163938,1.9047338962554932,-65.83006286621094,0.0,8.349588394165039
1778674214.6518476,-0.37072598934173584,-65.65428161621094,0.0,8.261697769165039
1778674214.6867368,-1.7982800006866455,-65.65428161621094,0.0,8.261697769165039
1778674214.7201238,-1.4106361865997314,-65.65428161621094,0.0,8.261697769165039
1778674214.7551672,-0.0880778357386589,-65.65428161621094,0.0,8.261697769165039
1778674214.7902853,-0.5860466957092285,-65.65428161621094,0.0,8.261697769165039
1778674214.8254058,-2.251984119415283,-65.91796112060547,0.0,8.261697769165039
1778674214.8604627,1.0457183122634888,-67.23629760742188,0.0,8.349588394165039
1778674214.8974595,1.1823005676269531,-68.37889862060547,0.0,8.349588394165039
1778674214.9309742,2.536816120147705,-68.46676635742188,0.0,8.349588394165039
1778674214.966095,3.405388832092285,-68.46676635742188,0.0,8.437479972839355
1778674215.0009987,1.140063762664795,-68.46676635742188,0.0,8.437479972839355
1778674215.036144,-0.4305754005908966,-68.46676635742188,0.0,8.437479972839355
1778674215.0714116,2.1453752517700195,-68.46676635742188,0.0,8.437479972839355
1778674215.1066983,5.886496067047119,-68.46676635742188,0.0,8.349588394165039
1778674215.1415894,6.210882663726807,-68.46676635742188,0.0,8.437479972839355
1778674215.176782,4.9950127601623535,-68.20311737060547,0.0,8.437479972839355
1778674215.2100365,6.413784503936768,-67.06050872802734,0.0,8.349588394165039
1778674215.2451098,3.469420909881592,-65.30272674560547,0.0,8.261697769165039
1778674215.2805011,1.2935264110565186,-63.72068405151367,0.0,7.910134315490723
1778674215.3172433,4.3382439613342285,-62.314430236816406,0.0,7.6464619636535645
1778674215.3504593,3.2479138374328613,-61.435550689697266,0.0,7.470679759979248
1778674215.3855658,5.839829444885254,-61.17184829711914,0.0,7.470679759979248
1778674215.4207788,2.1935057640075684,-61.17184829711914,0.0,7.470679759979248
1778674215.455836,0.4793822467327118,-61.083984375,0.0,7.470679759979248
1778674215.4909651,1.5554749965667725,-61.083984375,0.0,7.470679759979248
1778674215.5261786,2.122361660003662,-61.083984375,0.0,7.470679759979248
1778674215.5612602,2.814069986343384,-61.083984375,0.0,7.470679759979248
1778674215.5963066,2.6759285926818848,-61.083984375,0.0,7.470679759979248
1778674215.6317384,1.0279889106750488,-60.99606704711914,0.0,7.470679759979248
1778674215.6665292,3.5799522399902344,-60.820289611816406,0.0,7.382789134979248
1778674215.7035778,1.8539633750915527,-60.820289611816406,0.0,7.382789134979248
1778674215.7350652,-1.457545280456543,-60.732425689697266,0.0,7.382789134979248
1778674215.7701993,-1.3712151050567627,-60.732425689697266,0.0,7.382789134979248
1778674215.8054974,-6.077359676361084,-60.732425689697266,0.0,7.382789134979248
1778674215.8408067,-4.183897972106934,-60.732425689697266,0.0,7.382789134979248
1778674215.8758125,-2.5012309551239014,-60.732425689697266,0.0,7.382789134979248
1778674215.9107342,-2.2138941287994385,-61.259765625,0.0,7.382789134979248
1778674215.945968,-3.4216222763061523,-62.49021530151367,0.0,7.470679759979248
1778674215.9809103,-6.059709072113037,-64.16014099121094,0.0,7.558570861816406
1778674216.0163126,-7.147671222686768,-65.21482849121094,0.0,7.6464619636535645
1778674216.0512245,-6.180442810058594,-67.14842987060547,0.0,7.6464619636535645
1778674216.086308,-5.543655872344971,-69.34567260742188,0.0,7.910134315490723
1778674216.1216745,-4.316679000854492,-70.9277114868164,0.0,8.261697769165039
1778674216.1567388,-4.038180351257324,-72.0702896118164,0.0,8.525370597839355
1778674216.1917899,-2.7716543674468994,-72.6855239868164,0.0,8.613261222839355
1778674216.224976,-5.441517353057861,-72.7734146118164,0.0,8.613261222839355
1778674216.2601197,-3.6402695178985596,-72.7734146118164,0.0,8.613261222839355
1778674216.2951834,-2.2081165313720703,-72.86131286621094,0.0,8.613261222839355
1778674216.330724,0.6558211445808411,-72.86131286621094,0.0,8.613261222839355
1778674216.3655252,1.1597661972045898,-72.86131286621094,0.0,8.613261222839355
1778674216.4025314,-1.410832405090332,-72.86131286621094,0.0,8.613261222839355
1778674216.4357758,0.2818269729614258,-72.86131286621094,0.0,8.613261222839355
1778674216.4712021,-2.5705034732818604,-72.86131286621094,0.0,8.613261222839355
1778674216.506048,0.5678312182426453,-72.86131286621094,0.0,8.613261222839355
1778674216.5414054,1.6221832036972046,-72.86131286621094,0.0,8.613261222839355
1778674216.5762827,-0.03880377858877182,-72.86131286621094,0.0,8.613261222839355
1778674216.6116104,1.2375061511993408,-72.86131286621094,0.0,8.613261222839355
1778674216.6467311,4.89888334274292,-72.86131286621094,0.0,8.613261222839355
1778674216.6818695,2.6130568981170654,-72.7734146118164,0.0,8.613261222839355
1778674216.7150128,5.773758888244629,-71.8945083618164,0.0,8.613261222839355
1778674216.7502644,5.661174297332764,-70.3125,0.0,8.525370597839355
1778674216.7851982,6.661960601806641,-68.5546875,0.0,8.437479972839355
1778674216.8202531,6.676741123199463,-66.00585174560547,0.0,8.349588394165039
1778674216.8557675,6.834410190582275,-63.19334411621094,0.0,7.822243690490723
1778674216.8907838,7.5560479164123535,-60.205078125,0.0,7.29489803314209
1778674216.9259288,7.469113349914551,-58.623043060302734,0.0,6.943334102630615
1778674216.961174,7.2248992919921875,-57.48043441772461,0.0,6.767552375793457
1778674216.996288,7.126097679138184,-56.07420349121094,0.0,6.591770648956299
1778674217.0312436,7.457810878753662,-54.75584411621094,0.0,6.328097820281982
1778674217.0662744,7.1730122566223145,-53.34959030151367,0.0,6.152316093444824
1778674217.1033187,6.148916721343994,-51.41598892211914,0.0,5.712862014770508
1778674217.136289,5.571191310882568,-51.064422607421875,0.0,5.62497091293335
1778674217.1714077,6.059025764465332,-50.976558685302734,0.0,5.62497091293335
1778674217.206591,5.756977081298828,-50.624996185302734,0.0,5.62497091293335
1778674217.2415576,6.012887001037598,-49.65816879272461,0.0,5.361298561096191
1778674217.276735,4.54064416885376,-48.8671760559082,0.0,5.273407459259033
1778674217.3117464,6.28659200668335,-48.33983612060547,0.0,5.097625732421875
1778674217.3452,6.413721084594727,-47.8124885559082,0.0,5.009735107421875
1778674217.3805103,6.520832061767578,-46.6699104309082,0.0,4.833953380584717
1778674217.415375,6.269979000091553,-45.35154342651367,0.0,4.6581711769104
1778674217.4505036,6.603890895843506,-44.47263717651367,0.0,4.482389450073242
1778674217.485582,6.236274242401123,-43.330055236816406,0.0,4.306607723236084
1778674217.5206058,5.756082057952881,-42.62692642211914,0.0,4.130825996398926
1778674217.5561566,6.403386116027832,-41.748043060302734,0.0,3.9550445079803467
1778674217.5929668,5.738015651702881,-40.693355560302734,0.0,3.779289960861206
1778674217.626322,5.34584903717041,-40.078094482421875,0.0,3.603508234024048
1778674217.6611938,2.129976511001587,-39.55074691772461,0.0,3.515617609024048
1778674217.696257,1.4426764249801636,-39.19918441772461,0.0,3.4277267456054688
1778674217.7313936,-1.8785383701324463,-39.11132049560547,0.0,3.4277267456054688
1778674217.7664852,-3.7805354595184326,-39.11132049560547,0.0,3.4277267456054688
1778674217.8015943,-4.667118549346924,-39.11132049560547,0.0,3.4277267456054688
1778674217.836911,0.5232585668563843,-39.11132049560547,0.0,3.4277267456054688
1778674217.8700943,3.396028995513916,-39.11132049560547,0.0,3.4277267456054688
1778674217.9052477,3.9082629680633545,-39.19918441772461,0.0,3.4277267456054688
1778674217.940346,4.295994281768799,-39.19918441772461,0.0,3.4277267456054688
1778674217.9754105,5.9422807693481445,-39.19918441772461,0.0,3.4277267456054688
1778674218.0105028,1.3648250102996826,-39.19918441772461,0.0,3.4277267456054688
1778674218.0456014,-1.9392815828323364,-38.93553924560547,0.0,3.4277267456054688
1778674218.0807576,-1.7602707147598267,-38.93553924560547,0.0,3.4277267456054688
1778674218.1160398,-3.337200164794922,-38.93553924560547,0.0,3.4277267456054688
1778674218.151096,-5.395650386810303,-38.93553924560547,0.0,3.3398358821868896
1778674218.1863425,-5.559720516204834,-38.93553924560547,0.0,3.3398358821868896
1778674218.2214727,-3.933586597442627,-39.81444549560547,0.0,3.4277267456054688
1778674218.2567215,-1.1204026937484741,-41.660125732421875,0.0,3.4277267456054688
1778674218.2917352,-1.0393329858779907,-43.68161392211914,0.0,3.603508234024048
1778674218.3267868,0.0030073721427470446,-43.945289611816406,0.0,3.603508234024048
1778674218.3601665,1.789089560508728,-43.85740280151367,0.0,3.603508234024048
1778674218.397311,-4.584753036499023,-43.85740280151367,0.0,3.603508234024048
1778674218.4303238,-2.675750970840454,-43.85740280151367,0.0,3.603508234024048
1778674218.465447,-6.073358535766602,-43.85740280151367,0.0,3.603508234024048
1778674218.5024123,-5.136966228485107,-43.85740280151367,0.0,3.603508234024048
1778674218.5358093,-3.5591678619384766,-43.85740280151367,0.0,3.603508234024048
1778674218.5709276,-1.6197421550750732,-44.99998092651367,0.0,3.691399097442627
1778674218.606222,-2.7668044567108154,-46.40623474121094,0.0,3.691399097442627
1778674218.6412668,-0.808349609375,-46.84568786621094,0.0,3.779289960861206
1778674218.676343,1.0212533473968506,-46.84568786621094,0.0,3.779289960861206
1778674218.711494,3.453411817550659,-46.84568786621094,0.0,3.779289960861206
1778674218.7467606,-0.7511993646621704,-46.6699104309082,0.0,3.779289960861206
1778674218.7817965,-2.652583122253418,-46.49412536621094,0.0,3.779289960861206
1778674218.815258,-1.3844232559204102,-46.40623474121094,0.0,3.779289960861206
1778674218.8503473,-1.646168828010559,-46.40623474121094,0.0,3.779289960861206
1778674218.8853846,0.536271333694458,-46.40623474121094,0.0,3.779289960861206
1778674218.920467,1.8896135091781616,-46.40623474121094,0.0,3.779289960861206
1778674218.955674,2.3800547122955322,-46.40623474121094,0.0,3.779289960861206
1778674218.9906266,3.350933313369751,-46.40623474121094,0.0,3.779289960861206
1778674219.0258515,3.5729408264160156,-46.40623474121094,0.0,3.779289960861206
1778674219.0609019,1.2249901294708252,-46.23045349121094,0.0,3.779289960861206
1778674219.0959952,2.604686975479126,-45.26365661621094,0.0,3.691399097442627
1778674219.131233,0.8510839939117432,-44.82419967651367,0.0,3.691399097442627
1778674219.1661904,4.520413398742676,-43.945289611816406,0.0,3.691399097442627
1778674219.2014802,5.931885242462158,-43.593727111816406,0.0,3.691399097442627
1778674219.2367206,4.521082878112793,-42.714820861816406,0.0,3.603508234024048
1778674219.2719445,4.549622535705566,-41.132781982421875,0.0,3.603508234024048
1778674219.3088562,0.9087346196174622,-39.55074691772461,0.0,3.515617609024048
1778674219.3402605,1.210023045539856,-38.67184066772461,0.0,3.3398358821868896
1778674219.3753428,4.7372727394104,-38.320274353027344,0.0,3.2519450187683105
1778674219.410351,4.790317535400391,-38.320274353027344,0.0,3.2519450187683105
1778674219.4454076,5.939252853393555,-38.2324104309082,0.0,3.1640541553497314
1778674219.4800575,6.86779260635376,-37.2656135559082,0.0,2.9882724285125732
1778674219.5153284,6.707995891571045,-35.15623092651367,0.0,2.5488181114196777
1778674219.5505743,7.216352462768555,-33.13473892211914,0.0,2.1093637943267822
1778674219.5860817,6.834999084472656,-31.113279342651367,0.0,1.7578002214431763
1778674219.6211016,6.740271091461182,-29.97066879272461,0.0,1.5820183753967285
1778674219.6565661,4.30657958984375,-29.003896713256836,0.0,1.4941275119781494
1778674219.6916044,2.358268976211548,-28.652334213256836,0.0,1.4062366485595703
1778674219.7266755,1.3064029216766357,-28.740198135375977,0.0,1.4062366485595703
1778674219.7617955,2.6669182777404785,-28.652334213256836,0.0,1.4062366485595703
1778674219.7950618,-0.4265700578689575,-28.740198135375977,0.0,1.4062366485595703
1778674219.8300734,0.148198202252388,-28.740198135375977,0.0,1.4062366485595703
1778674219.8651912,-3.7656636238098145,-28.740198135375977,0.0,1.4062366485595703
1778674219.9022727,-4.173954010009766,-28.915977478027344,0.0,1.4062366485595703
1778674219.9353657,-5.037845134735107,-30.4101505279541,0.0,1.4062366485595703
1778674219.9704974,-0.8847673535346985,-32.78317642211914,0.0,1.4941275119781494
1778674220.0057778,-2.6481246948242188,-35.77146911621094,0.0,1.5820183753967285
1778674220.0409899,-2.6702194213867188,-38.0566291809082,0.0,1.8456910848617554
1778674220.0755134,0.043543741106987,-39.02340316772461,0.0,2.021472692489624
1778674220.1110091,-1.763952612876892,-39.02340316772461,0.0,2.1093637943267822
1778674220.1463287,-0.33073508739471436,-39.02340316772461,0.0,2.1093637943267822
1778674220.1816752,-0.5003994107246399,-39.02340316772461,0.0,2.1093637943267822
1778674220.216846,-2.7126388549804688,-38.93553924560547,0.0,2.1093637943267822
1778674220.2515626,-4.078925132751465,-39.02340316772461,0.0,2.1093637943267822
1778674220.2868595,-1.8422197103500366,-38.93553924560547,0.0,2.1093637943267822
1778674220.3200293,-3.0298867225646973,-38.93553924560547,0.0,2.1093637943267822
1778674220.3552074,-0.6887182593345642,-38.93553924560547,0.0,2.1093637943267822
1778674220.3903048,-0.4193502366542816,-38.93553924560547,0.0,2.1093637943267822
1778674220.4253454,-2.4788448810577393,-38.93553924560547,0.0,2.1093637943267822
1778674220.4603984,-2.3032777309417725,-38.93553924560547,0.0,2.1093637943267822
1778674220.4957993,3.479769229888916,-39.02340316772461,0.0,2.1093637943267822
1778674220.53263,3.4055440425872803,-39.02340316772461,0.0,2.1093637943267822
1778674220.5659015,1.2410674095153809,-39.02340316772461,0.0,2.1093637943267822
1778674220.6010067,2.082923412322998,-39.02340316772461,0.0,2.1093637943267822
1778674220.636236,0.9773231744766235,-39.02340316772461,0.0,2.1093637943267822
1778674220.671301,-2.6665143966674805,-39.02340316772461,0.0,2.1093637943267822
1778674220.708405,-1.3440345525741577,-38.93553924560547,0.0,2.1093637943267822
1778674220.7418087,-3.5289251804351807,-38.7597541809082,0.0,2.1093637943267822
1778674220.7766674,0.08054571598768234,-38.7597541809082,0.0,2.1093637943267822
1778674220.8118105,3.0564587116241455,-38.7597541809082,0.0,2.1093637943267822
1778674220.8451297,4.321807384490967,-38.67184066772461,0.0,2.1093637943267822
1778674220.8801935,4.089126110076904,-38.320274353027344,0.0,2.1093637943267822
1778674220.9152715,1.776144027709961,-37.968711853027344,0.0,2.021472692489624
1778674220.9503856,2.4353435039520264,-37.35350036621094,0.0,1.9335819482803345
1778674220.987354,0.3082330524921417,-36.56248474121094,0.0,2.021472692489624
1778674221.0225036,3.117830753326416,-35.77146911621094,0.0,1.9335819482803345
1778674221.0578117,-0.6589912176132202,-35.06834030151367,0.0,1.8456910848617554
1778674221.090949,3.2541239261627197,-34.628883361816406,0.0,1.8456910848617554
1778674221.1262572,2.793375253677368,-34.453102111816406,0.0,1.8456910848617554
1778674221.161271,0.8490129113197327,-34.101539611816406,0.0,1.7578002214431763
1778674221.1963806,-2.1701695919036865,-33.749977111816406,0.0,1.7578002214431763
1778674221.231448,-0.34171727299690247,-33.662086486816406,0.0,1.7578002214431763
1778674221.2666054,0.9510019421577454,-33.662086486816406,0.0,1.7578002214431763
1778674221.3034515,2.840610980987549,-33.662086486816406,0.0,1.7578002214431763
1778674221.3352468,2.4036295413970947,-33.662086486816406,0.0,1.7578002214431763
1778674221.372016,0.7493120431900024,-33.662086486816406,0.0,1.7578002214431763
1778674221.4053833,1.0570976734161377,-33.662086486816406,0.0,1.7578002214431763
1778674221.440534,-2.173764705657959,-33.662086486816406,0.0,1.7578002214431763
1778674221.4756317,-2.277336597442627,-33.662086486816406,0.0,1.7578002214431763
1778674221.5110354,-3.894442558288574,-33.662086486816406,0.0,1.7578002214431763
1778674221.5461292,-0.2319830060005188,-33.662086486816406,0.0,1.7578002214431763
1778674221.581015,1.1556494235992432,-33.662086486816406,0.0,1.7578002214431763
1778674221.6162558,0.061503421515226364,-33.662086486816406,0.0,1.7578002214431763
1778674221.6513953,-1.2235654592514038,-33.662086486816406,0.0,1.7578002214431763
1778674221.686474,1.8293272256851196,-33.662086486816406,0.0,1.7578002214431763
1778674221.7217453,0.06325758993625641,-33.662086486816406,0.0,1.7578002214431763
1778674221.7568436,-0.20604969561100006,-33.662086486816406,0.0,1.7578002214431763
1778674221.792082,1.4404815435409546,-33.662086486816406,0.0,1.7578002214431763
1778674221.8253634,-0.6586312055587769,-33.662086486816406,0.0,1.7578002214431763
1778674221.8602743,2.81557297706604,-33.662086486816406,0.0,1.7578002214431763
1778674221.8952055,3.2474050521850586,-33.662086486816406,0.0,1.7578002214431763
1778674221.9303565,5.859538555145264,-33.662086486816406,0.0,1.7578002214431763
1778674221.9655035,5.537088871002197,-33.662086486816406,0.0,1.7578002214431763
1778674222.0008006,7.501694679260254,-32.78317642211914,0.0,1.6699093580245972
1778674222.037803,7.471744537353516,-30.849578857421875,0.0,1.5820183753967285
1778674222.0728598,7.357154846191406,-28.300769805908203,0.0,1.3183457851409912
1778674222.1080854,6.0296783447265625,-25.488262176513672,0.0,0.8788914680480957
1778674222.1414547,6.014147758483887,-23.02731704711914,0.0,0.35154619812965393
1778674222.1763592,3.146698236465454,-21.533201217651367,0.0,-1.7302845662925392e-05
1778674222.211661,2.212871551513672,-20.74215316772461,0.0,-0.08790817856788635
1778674222.246828,1.2070937156677246,-20.830074310302734,0.0,-0.08790817856788635
1778674222.2800128,3.3586134910583496,-20.830074310302734,0.0,-0.08790817856788635
1778674222.315269,2.3670668601989746,-20.830074310302734,0.0,-0.08790817856788635
1778674222.350197,1.4792671203613281,-20.830074310302734,0.0,-0.08790817856788635
1778674222.3852794,-0.7184528708457947,-20.830074310302734,0.0,-0.08790817856788635
1778674222.4202752,-1.5492262840270996,-20.830074310302734,0.0,-0.08790817856788635
1778674222.455627,-2.7328739166259766,-20.830074310302734,0.0,-0.08790817856788635
1778674222.4906673,2.3577961921691895,-22.148408889770508,0.0,-0.08790817856788635
1778674222.5257704,-0.07363639026880264,-24.697242736816406,0.0,-1.7302845662925392e-05
1778674222.560801,-2.9612812995910645,-26.015605926513672,0.0,-1.7302845662925392e-05
1778674222.5961792,-4.003997325897217,-26.367170333862305,0.0,-1.7302845662925392e-05
1778674222.6312268,-0.9178652763366699,-27.158187866210938,0.0,0.08787357062101364
1778674222.6663313,-5.081301212310791,-28.037071228027344,0.0,0.17576444149017334
1778674222.701321,-1.5100111961364746,-29.091760635375977,0.0,0.35154619812965393
1778674222.7365828,-3.5442636013031006,-30.0585880279541,0.0,0.5273279547691345
1778674222.7717779,-5.092976093292236,-30.498014450073242,0.0,0.5273279547691345
1778674222.8051522,-6.441625595092773,-30.937496185302734,0.0,0.6152188181877136
1778674222.8401122,-5.464071273803711,-31.81640625,0.0,0.7910005450248718
1778674222.8752515,-5.995337009429932,-33.310523986816406,0.0,1.054673194885254
1778674222.9122462,-5.333330154418945,-35.24412155151367,0.0,1.4062366485595703
1778674222.9454734,-4.855730056762695,-36.21092224121094,0.0,1.5820183753967285
1778674222.9805522,-7.141646862030029,-36.65037536621094,0.0,1.6699093580245972
1778674223.0156493,-6.899224758148193,-37.5292854309082,0.0,1.8456910848617554
1778674223.0507712,-6.172231197357178,-38.7597541809082,0.0,2.021472692489624
1778674223.0859635,-6.969754695892334,-40.341793060302734,0.0,2.3730363845825195
1778674223.1210604,-7.416901588439941,-41.660125732421875,0.0,2.724599838256836
1778674223.1560864,-7.214666843414307,-43.85740280151367,0.0,3.1640541553497314
1778674223.1914546,-5.235281944274902,-45.08787155151367,0.0,3.4277267456054688
1778674223.2266457,-1.580508828163147,-45.96678161621094,0.0,3.603508234024048
1778674223.2616646,3.151606798171997,-46.14256286621094,0.0,3.603508234024048
1778674223.2966056,0.7566381692886353,-46.14256286621094,0.0,3.603508234024048
1778674223.331871,2.251633882522583,-46.14256286621094,0.0,3.603508234024048
1778674223.3649454,0.7452912330627441,-46.14256286621094,0.0,3.603508234024048
1778674223.4001915,2.5792956352233887,-46.14256286621094,0.0,3.603508234024048
1778674223.4352283,2.2182130813598633,-45.35154342651367,0.0,3.603508234024048
1778674223.470542,-2.7314932346343994,-43.593727111816406,0.0,3.603508234024048
1778674223.5072677,-0.8731433153152466,-42.01169204711914,0.0,3.515617609024048
1778674223.5426106,-5.241281032562256,-41.132781982421875,0.0,3.3398358821868896
1778674223.5777364,0.86674565076828,-40.605438232421875,0.0,3.3398358821868896
1778674223.6110046,6.190333843231201,-40.605438232421875,0.0,3.3398358821868896
1778674223.64635,4.926671028137207,-40.605438232421875,0.0,3.3398358821868896
1778674223.6812437,4.532851696014404,-40.605438232421875,0.0,3.3398358821868896
1778674223.7162657,4.398719310760498,-39.81444549560547,0.0,3.2519450187683105
1778674223.751641,4.801740646362305,-38.0566291809082,0.0,3.1640541553497314
1778674223.7864041,5.470775604248047,-35.68357467651367,0.0,2.636708974838257
1778674223.8218293,1.6120249032974243,-33.749977111816406,0.0,2.2851455211639404
1778674223.8550498,-1.1986418962478638,-32.87106704711914,0.0,2.1093637943267822
1778674223.8901138,1.2997064590454102,-32.16796875,0.0,2.021472692489624
1778674223.9253924,2.4297828674316406,-32.080047607421875,0.0,2.021472692489624
1778674223.962153,0.5759341716766357,-32.080047607421875,0.0,2.021472692489624
1778674223.995585,-2.823535203933716,-32.080047607421875,0.0,2.021472692489624
1778674224.0308828,-1.5219414234161377,-32.080047607421875,0.0,2.021472692489624
1778674224.065055,-2.3269338607788086,-32.51950454711914,0.0,2.021472692489624
1778674224.100404,0.6353182792663574,-34.189430236816406,0.0,2.021472692489624
1778674224.1357043,3.352144956588745,-35.85935592651367,0.0,2.1093637943267822
1778674224.1711862,4.582803249359131,-36.29881286621094,0.0,2.1972546577453613
1778674224.2062302,4.866202354431152,-36.29881286621094,0.0,2.1093637943267822
1778674224.2414823,5.052455902099609,-36.21092224121094,0.0,2.1093637943267822
1778674224.2765777,6.018697738647461,-36.21092224121094,0.0,2.1093637943267822
1778674224.311804,4.531329154968262,-36.21092224121094,0.0,2.1093637943267822
1778674224.3468814,0.39674368500709534,-34.101539611816406,0.0,2.1093637943267822
1778674224.381963,2.022869348526001,-33.04684829711914,0.0,2.021472692489624
1778674224.4170692,2.5946452617645264,-31.992185592651367,0.0,1.9335819482803345
1778674224.450408,3.1386635303497314,-31.904268264770508,0.0,1.9335819482803345
1778674224.48738,2.6095852851867676,-31.728485107421875,0.0,1.8456910848617554
1778674224.5225217,-3.350062131881714,-31.201141357421875,0.0,1.7578002214431763
1778674224.557944,4.2473039627075195,-31.025358200073242,0.0,1.7578002214431763
1778674224.5908992,7.195198059082031,-30.937496185302734,0.0,1.7578002214431763
1778674224.6260645,6.553117275238037,-30.498014450073242,0.0,1.6699093580245972
1778674224.6611447,6.946339130401611,-29.267541885375977,0.0,1.4941275119781494
1778674224.6964457,6.7350029945373535,-27.24608039855957,0.0,1.142564058303833
1778674224.7316535,6.655430316925049,-24.697242736816406,0.0,0.6152188181877136
1778674224.7666013,6.655608654022217,-21.884763717651367,0.0,0.17576444149017334
1778674224.8016942,7.151020050048828,-20.4785099029541,0.0,-0.08790817856788635
1778674224.8370035,6.320127487182617,-20.30272674560547,0.0,-0.26368993520736694
1778674224.8701744,6.689545154571533,-19.687463760375977,0.0,-0.35158079862594604
1778674224.9071171,6.949635982513428,-18.45699119567871,0.0,-0.5273625254631042
1778674224.9403265,2.5668225288391113,-17.578083038330078,0.0,-0.7031443119049072
1778674224.9754717,5.312166213989258,-17.138654708862305,0.0,-0.7910351753234863
1778674225.0103173,5.89578104019165,-16.962873458862305,0.0,-0.7910351753234863
1778674225.0472775,4.588806629180908,-16.435527801513672,0.0,-0.8789260387420654
1778674225.0807269,4.325496196746826,-15.908183097839355,0.0,-0.9668169021606445
1778674225.1175067,4.9313435554504395,-15.556619644165039,0.0,-1.0547077655792236
1778674225.1523619,4.01317024230957,-15.468701362609863,0.0,-1.0547077655792236
1778674225.1875591,4.705711364746094,-15.468701362609863,0.0,-1.0547077655792236
1778674225.22263,-0.6885010004043579,-15.380838394165039,0.0,-1.0547077655792236
1778674225.257664,-0.02026839554309845,-15.292974472045898,0.0,-1.0547077655792236
1778674225.2927978,2.8766133785247803,-15.292974472045898,0.0,-1.0547077655792236
1778674225.3259645,4.262513160705566,-15.380838394165039,0.0,-1.0547077655792236
1778674225.3611631,4.343123435974121,-15.292974472045898,0.0,-1.0547077655792236
1778674225.3960621,2.205033302307129,-15.205056190490723,0.0,-1.0547077655792236
1778674225.4311705,2.178035259246826,-15.117192268371582,0.0,-1.0547077655792236
1778674225.4664712,-1.1845111846923828,-15.117192268371582,0.0,-1.0547077655792236
1778674225.5014038,-0.723797082901001,-15.117192268371582,0.0,-1.0547077655792236
1778674225.5365613,-1.0980968475341797,-15.117192268371582,0.0,-1.0547077655792236
1778674225.5712094,0.3789333701133728,-15.117192268371582,0.0,-1.0547077655792236
1778674225.6062632,3.7866532802581787,-15.117192268371582,0.0,-1.0547077655792236
1778674225.6406705,5.082054615020752,-15.117192268371582,0.0,-1.0547077655792236
1778674225.6759124,2.984973430633545,-15.117192268371582,0.0,-1.0547077655792236
1778674225.713141,0.20116017758846283,-15.117192268371582,0.0,-1.0547077655792236
1778674225.746479,-2.1015074253082275,-15.117192268371582,0.0,-1.0547077655792236
1778674225.7817612,-3.9066240787506104,-15.117192268371582,0.0,-1.0547077655792236
1778674225.8167815,-5.433644771575928,-15.117192268371582,0.0,-1.0547077655792236
1778674225.8517902,-0.5226289629936218,-15.117192268371582,0.0,-1.0547077655792236
1778674225.8869045,2.92354154586792,-15.205056190490723,0.0,-1.0547077655792236
1778674225.9218276,1.1504877805709839,-15.205056190490723,0.0,-1.0547077655792236
1778674225.9568956,1.1783162355422974,-15.117192268371582,0.0,-1.0547077655792236
1778674225.9901872,5.999583721160889,-15.205056190490723,0.0,-1.0547077655792236
1778674226.0252447,2.1155638694763184,-15.117192268371582,0.0,-1.0547077655792236
1778674226.0603306,2.8851661682128906,-15.117192268371582,0.0,-1.0547077655792236
1778674226.09553,6.148329257965088,-15.117192268371582,0.0,-1.0547077655792236
1778674226.1303277,5.958985328674316,-15.029274940490723,0.0,-1.0547077655792236
1778674226.1654487,4.702985763549805,-14.062501907348633,0.0,-1.2304894924163818
1778674226.202479,6.201288223266602,-11.249994277954102,0.0,-1.845725655555725
1778674226.2358124,7.472160339355469,-8.349568367004395,0.0,-2.28518009185791
1778674226.270685,7.163881778717041,-5.0976338386535645,0.0,-3.076197862625122
1778674226.3078783,7.482072353363037,-2.3730435371398926,0.0,-3.603543519973755
1778674226.341303,6.653383731842041,-1.0546531677246094,0.0,-3.867216110229492
1778674226.3762984,6.553242206573486,0.6152461171150208,0.0,-4.13088846206665
1778674226.4114945,6.775777816772461,1.0547277927398682,0.0,-4.13088846206665
1778674226.4463522,5.9448676109313965,1.9336365461349487,0.0,-4.394561290740967
1778674226.4814937,4.693672180175781,2.7246270179748535,0.0,-4.482452392578125
1778674226.5168035,5.359157562255859,2.8125452995300293,0.0,-4.482452392578125
1778674226.5518298,6.14432954788208,2.7246270179748535,0.0,-4.482452392578125
1778674226.5872638,3.99031662940979,3.1641087532043457,0.0,-4.570343017578125
1778674226.6202924,2.168245315551758,3.515672206878662,0.0,-4.658234119415283
1778674226.657244,2.923618793487549,3.515672206878662,0.0,-4.658234119415283
1778674226.692231,-1.4691402912139893,3.6035356521606445,0.0,-4.658234119415283
1778674226.7255642,-3.8240113258361816,3.515672206878662,0.0,-4.658234119415283
1778674226.7628074,-2.78131365776062,3.6035356521606445,0.0,-4.658234119415283
1778674226.7959678,-0.474588006734848,3.515672206878662,0.0,-4.658234119415283
1778674226.831115,0.26056116819381714,3.515672206878662,0.0,-4.658234119415283
1778674226.8664083,-0.026766633614897728,3.515672206878662,0.0,-4.658234119415283
1778674226.9011898,4.059346675872803,3.515672206878662,0.0,-4.658234119415283
1778674226.9365382,4.076140880584717,3.515672206878662,0.0,-4.658234119415283
1778674226.9715948,2.4570019245147705,3.6035356521606445,0.0,-4.658234119415283
1778674227.0067391,-3.201901435852051,3.6035356521606445,0.0,-4.658234119415283
1778674227.0418265,-1.648107647895813,3.515672206878662,0.0,-4.658234119415283
1778674227.0752356,-2.667598009109497,3.515672206878662,0.0,-4.658234119415283
1778674227.1123006,-3.2792625427246094,3.515672206878662,0.0,-4.658234119415283
1778674227.1454058,-3.259680986404419,3.6035356521606445,0.0,-4.658234119415283
1778674227.1804948,-4.760467529296875,3.515672206878662,0.0,-4.658234119415283
1778674227.217494,-3.4412357807159424,1.7578548192977905,0.0,-4.570343017578125
1778674227.2529476,-3.4734652042388916,-0.52730792760849,0.0,-4.482452392578125
1778674227.2860243,3.536464214324951,-2.285125494003296,0.0,-4.482452392578125
1778674227.3210897,1.5570024251937866,-2.900388717651367,0.0,-4.482452392578125
1778674227.3563685,2.0712528228759766,-2.900388717651367,0.0,-4.482452392578125
1778674227.3912144,0.2031882405281067,-2.900388717651367,0.0,-4.482452392578125
1778674227.4262526,2.058987617492676,-2.900388717651367,0.0,-4.482452392578125
1778674227.4615698,-0.5649741888046265,-2.1972618103027344,0.0,-4.570343017578125
1778674227.4966974,-0.3485398590564728,-1.3183530569076538,0.0,-4.570343017578125
1778674227.531884,-0.16468267142772675,-0.6152260899543762,0.0,-4.658234119415283
1778674227.5651577,0.9231366515159607,-0.6152260899543762,0.0,-4.658234119415283
1778674227.6002676,-3.933295965194702,-0.6152260899543762,0.0,-4.570343017578125
1778674227.637263,-2.2829723358154297,-0.6152260899543762,0.0,-4.570343017578125
1778674227.6723084,-1.8411309719085693,-0.6152260899543762,0.0,-4.658234119415283
1778674227.7073598,1.462033987045288,-0.6152260899543762,0.0,-4.658234119415283
1778674227.742644,-0.8710802793502808,-0.6152260899543762,0.0,-4.658234119415283
1778674227.7758665,-1.1630076169967651,-0.6152260899543762,0.0,-4.658234119415283
1778674227.810961,-3.452394723892212,-0.6152260899543762,0.0,-4.658234119415283
1778674227.8464658,-4.858305931091309,-0.6152260899543762,0.0,-4.658234119415283
