dt,yaw_cmd,yaw_pos,pitch_cmd,pitch_pos
0.32,0.0,-2.1093435287475586,0.0,-4.482452392578125
0.32,-0.7681283950805664,-2.1093435287475586,0.0,-4.482452392578125
0.32,-0.7681283950805664,-2.1093435287475586,0.0,-4.482452392578125
0.32,-1.3619425296783447,-2.1972618103027344,0.0,-4.482452392578125
0.32,-1.765673279762268,-2.3730435371398926,0.0,-4.482452392578125
0.32,-1.765673279762268,-2.548825263977051,0.0,-4.482452392578125
0.32,-2.3821582794189453,-2.8124706745147705,0.0,-4.482452392578125
0.32,-2.7998273372650146,-3.427734136581421,0.0,-4.394561290740967
0.34,-2.7998273372650146,-4.482424736022949,0.0,-4.218779563903809
0.38,-3.4352495670318604,-5.009769916534424,0.0,-4.04299783706665
0.42,-3.8641045093536377,-5.361333847045898,0.0,-4.04299783706665
0.44,-4.296540260314941,-6.5917510986328125,0.0,-3.779325246810913
0.48,-4.513926029205322,-7.9101409912109375,0.0,-3.5156521797180176
0.52,-4.950661659240723,-8.701131820678711,0.0,-3.3398704528808594
0.54,-5.3894944190979,-10.195303916931152,0.0,-3.076197862625122
0.58,-5.609493255615234,-11.249994277954102,0.0,-2.8125252723693848
0.62,-6.050223350524902,-12.392548561096191,0.0,-2.4609618186950684
0.64,-6.491329193115234,-13.62302017211914,0.0,-2.197289228439331
0.68,-6.491329193115234,-14.765628814697266,0.0,-1.9336165189743042
0.72,-7.1520280838012695,-16.083965301513672,0.0,-1.757834792137146
0.76,-7.590680122375488,-17.753864288330078,0.0,-1.4062713384628296
0.78,-7.590680122375488,-19.687463760375977,0.0,-1.0547077655792236
0.8200000000000001,-8.243803977966309,-21.533201217651367,0.0,-0.7910351753234863
0.84,-8.674670219421387,-23.20309829711914,0.0,-0.5273625254631042
0.88,-8.888386726379395,-25.04880714416504,0.0,-0.17579905688762665
0.92,-9.311777114868164,-27.158187866210938,0.0,0.17576444149017334
0.9400000000000001,-9.728938102722168,-29.179677963256836,0.0,0.5273279547691345
0.98,-9.934860229492188,-31.025358200073242,0.0,0.8788914680480957
1.02,-10.340723991394043,-32.69528579711914,0.0,1.142564058303833
1.04,-10.340723991394043,-35.15623092651367,0.0,1.5820183753967285
1.08,-10.932515144348145,-37.1777229309082,0.0,1.9335819482803345
1.12,-11.314067840576172,-39.19918441772461,0.0,2.2851455211639404
1.1400000000000001,-11.314067840576172,-41.572265625,0.0,2.900381565093994
1.18,-11.864034652709961,-43.68161392211914,0.0,3.4277267456054688
1.22,-12.214035987854004,-45.70310974121094,0.0,3.691399097442627
1.24,-12.54930305480957,-48.60348129272461,0.0,4.218717098236084
1.28,-12.71102523803711,-50.976558685302734,0.0,4.6581711769104
1.32,-13.021869659423828,-53.34959030151367,0.0,5.009735107421875
1.34,-13.314864158630371,-56.24998474121094,0.0,5.53708028793335
1.3800000000000001,-13.45427131652832,-58.710906982421875,0.0,5.976534366607666
1.42,-13.718111991882324,-60.908206939697266,0.0,6.328097820281982
1.46,-13.960927963256836,-63.80857849121094,0.0,6.855443477630615
1.48,-13.960927963256836,-66.44530487060547,0.0,7.29489803314209
1.52,-14.282951354980469,-68.81832885742188,0.0,7.822243690490723
1.54,-14.467658996582031,-70.7519302368164,0.0,8.173807144165039
1.58,-14.550553321838379,-73.3886489868164,0.0,8.789043426513672
1.62,-14.696649551391602,-76.20115661621094,0.0,9.316388130187988
1.6400000000000001,-14.696649551391602,-79.541015625,0.0,9.843733787536621
1.68,-14.864307403564453,-82.08982849121094,0.0,10.371078491210938
1.72,-14.94003963470459,-84.63865661621094,0.0,10.81053352355957
1.74,-14.94003963470459,-87.80270385742188,0.0,11.24998664855957
1.78,-14.996759414672852,-90.0878677368164,0.0,11.601550102233887
1.82,-14.99509048461914,-92.46092224121094,0.0,12.04100513458252
1.84,-14.96065902709961,-95.44921112060547,0.0,12.568350791931152
1.8800000000000001,-14.93086051940918,-97.47069549560547,0.0,13.007804870605469
1.92,-14.845541954040527,-99.6679458618164,0.0,13.271477699279785
1.96,-14.725244522094727,-102.48045349121094,0.0,13.886686325073242
1.98,-14.651740074157715,-105.11717987060547,0.0,14.414031982421875
2.02,-14.477591514587402,-108.10546875,0.0,14.941376686096191
2.04,-14.266756057739258,-110.9179458618164,0.0,15.468722343444824
2.08,-14.266756057739258,-113.81835174560547,0.0,15.99606704711914
2.12,-13.880622863769531,-116.19136810302734,0.0,16.435522079467773
2.16,-13.576065063476562,-118.212890625,0.0,16.787084579467773
2.18,-13.233515739440918,-120.49801635742188,0.0,17.138648986816406
2.22,-13.047959327697754,-121.9921646118164,0.0,17.402320861816406
2.2600000000000002,-12.64828109741211,-123.92576599121094,0.0,17.75388526916504
2.2800000000000002,-12.64828109741211,-125.77144622802734,0.0,18.01755714416504
2.32,-11.977618217468262,-127.265625,0.0,18.36911964416504
2.36,-11.483504295349121,-128.84765625,0.0,18.632793426513672
2.38,-10.952326774597168,-130.51754760742188,0.0,18.984357833862305
2.42,-10.673035621643066,-131.74801635742188,0.0,19.160139083862305
2.46,-10.087528228759766,-133.24217224121094,0.0,19.335920333862305
2.48,-9.466891288757324,-134.47264099121094,0.0,19.511701583862305
2.52,-9.143729209899902,-135.61520385742188,0.0,19.687484741210938
2.56,-8.472472190856934,-136.84568786621094,0.0,19.863265991210938
2.58,-7.7691144943237305,-137.54879760742188,0.0,19.951156616210938
2.62,-7.40587043762207,-138.07615661621094,0.0,20.039047241210938
2.66,-6.657296180725098,-138.77928161621094,0.0,20.214828491210938
2.68,-5.880806922912598,-139.30661010742188,0.0,20.214828491210938
2.72,-5.482713222503662,-139.65817260742188,0.0,20.214828491210938
2.7600000000000002,-4.6681694984436035,-139.83395385742188,0.0,20.214828491210938
2.7800000000000002,-3.8310787677764893,-139.92184448242188,0.0,20.214828491210938
2.82,-3.4048447608947754,-139.92184448242188,0.0,20.214828491210938
2.86,-2.538635015487671,-139.92184448242188,0.0,20.214828491210938
2.88,-1.6564167737960815,-139.92184448242188,0.0,20.214828491210938
2.92,-1.2102140188217163,-139.92184448242188,0.0,20.302719116210938
2.96,-0.3095361590385437,-139.92184448242188,0.0,20.214828491210938
2.98,0.5994960069656372,-139.65817260742188,0.0,20.214828491210938
3.02,1.0561035871505737,-138.95506286621094,0.0,20.214828491210938
3.06,1.9713343381881714,-138.16404724121094,0.0,20.214828491210938
3.08,2.886256694793701,-136.93357849121094,0.0,20.126937866210938
3.12,3.342446804046631,-136.05467224121094,0.0,20.126937866210938
3.16,4.249905109405518,-135.08786010742188,0.0,20.039047241210938
3.18,4.249905109405518,-133.24217224121094,0.0,20.039047241210938
3.22,5.591439723968506,-132.27537536621094,0.0,19.951156616210938
3.2600000000000002,6.466838836669922,-131.57225036621094,0.0,19.863265991210938
3.2800000000000002,6.466838836669922,-130.95700073242188,0.0,19.775375366210938
3.3200000000000003,7.741222381591797,-129.19921875,0.0,19.687484741210938
3.34,8.558907508850098,-126.91404724121094,0.0,19.335920333862305
3.38,8.956599235534668,-124.62889099121094,0.0,18.984357833862305
3.42,9.727044105529785,-122.2558364868164,0.0,18.544902801513672
3.46,9.727044105529785,-118.65231323242188,0.0,17.84177589416504
3.48,11.15347957611084,-115.92772674560547,0.0,17.314430236816406
3.52,11.4832124710083,-114.34569549560547,0.0,17.138648986816406
3.56,12.10686206817627,-111.88475036621094,0.0,16.611303329467773
3.58,12.679448127746582,-109.0722427368164,0.0,16.08395767211914
3.62,12.945383071899414,-105.90817260742188,0.0,15.468722343444824
3.66,13.434200286865234,-102.91990661621094,0.0,14.853485107421875
3.7,13.862627029418945,-100.5468521118164,0.0,14.326140403747559
3.72,13.862627029418945,-97.998046875,0.0,13.974576950073242
3.7600000000000002,14.384645462036133,-95.71288299560547,0.0,13.623013496398926
3.7800000000000002,14.647705078125,-92.7245864868164,0.0,13.007804870605469
3.8200000000000003,14.647705078125,-88.76953125,0.0,12.30467700958252
3.86,14.907937049865723,-85.16600036621094,0.0,11.601550102233887
3.9,14.988374710083008,-83.05662536621094,0.0,11.24998664855957
3.92,14.992037773132324,-80.244140625,0.0,10.81053352355957
3.96,14.964569091796875,-77.43163299560547,0.0,10.283187866210938
4.0,14.850234985351562,-75.49803161621094,0.0,9.843733787536621
4.0200000000000005,14.65594482421875,-73.03709411621094,0.0,9.404278755187988
4.0600000000000005,14.528635025024414,-71.5429458618164,0.0,9.228497505187988
4.1,14.213576316833496,-69.9609375,0.0,8.964824676513672
4.12,13.818135261535645,-67.93942260742188,0.0,8.613261222839355
4.16,13.59046459197998,-65.74217987060547,0.0,8.173807144165039
4.2,13.075882911682129,-63.80857849121094,0.0,7.822243690490723
4.22,12.483582496643066,-61.699195861816406,0.0,7.470679759979248
4.26,12.158885955810547,-60.29294204711914,0.0,7.20700740814209
4.3,11.453896522521973,-59.238250732421875,0.0,7.031225204467773
4.32,10.677167892456055,-57.919918060302734,0.0,6.767552375793457
4.36,10.262927055358887,-57.128868103027344,0.0,6.679661750793457
4.4,9.385040283203125,-56.07420349121094,0.0,6.503879547119141
4.42,8.444814682006836,-55.19529724121094,0.0,6.328097820281982
4.46,7.952775955200195,-55.01951217651367,0.0,6.240207195281982
4.48,6.928040981292725,-54.93162155151367,0.0,6.240207195281982
4.5200000000000005,6.928040981292725,-54.84373092651367,0.0,6.240207195281982
4.5600000000000005,5.29984712600708,-54.84373092651367,0.0,6.240207195281982
4.6000000000000005,4.162588119506836,-54.84373092651367,0.0,6.240207195281982
4.62,4.162588119506836,-54.84373092651367,0.0,6.240207195281982
4.66,2.3957855701446533,-54.84373092651367,0.0,6.240207195281982
4.7,1.1878834962844849,-54.84373092651367,0.0,6.240207195281982
4.72,-0.03507417067885399,-54.84373092651367,0.0,6.240207195281982
4.76,-0.03507417067885399,-54.84373092651367,0.0,6.240207195281982
4.8,-1.8799984455108643,-54.84373092651367,0.0,6.240207195281982
4.84,-3.1046557426452637,-55.37107849121094,0.0,6.240207195281982
4.88,-4.31496524810791,-57.2167854309082,0.0,6.240207195281982
4.9,-4.31496524810791,-59.765594482421875,0.0,6.328097820281982
4.94,-6.084162712097168,-61.78709030151367,0.0,6.415988922119141
4.98,-7.219760417938232,-63.63279724121094,0.0,6.679661750793457
5.0,-7.219760417938232,-66.09373474121094,0.0,7.20700740814209
5.04,-8.835075378417969,-68.37889862060547,0.0,7.6464619636535645
5.08,-9.840420722961426,-69.78515625,0.0,7.910134315490723
5.1000000000000005,-9.840420722961426,-72.1581802368164,0.0,8.437479972839355
5.14,-11.219808578491211,-75.32225036621094,0.0,9.052715301513672
5.16,-12.04174518585205,-78.57418823242188,0.0,9.755843162536621
5.2,-12.420499801635742,-82.08982849121094,0.0,10.371078491210938
5.24,-13.109012603759766,-84.90233612060547,0.0,10.81053352355957
5.26,-13.109012603759766,-88.50582885742188,0.0,11.425768852233887
5.3,-13.956620216369629,-91.0546646118164,0.0,11.953113555908203
5.34,-14.38931941986084,-93.69139099121094,0.0,12.392568588256836
5.36,-14.709905624389648,-96.94335174560547,0.0,13.007804870605469
5.4,-14.826737403869629,-99.404296875,0.0,13.359368324279785
5.44,-14.971107482910156,-102.2167739868164,0.0,13.974576950073242
5.46,-14.99392318725586,-105.90817260742188,0.0,14.765595436096191
5.5,-14.959037780761719,-109.4238052368164,0.0,15.380830764770508
5.54,-14.795811653137207,-112.58787536621094,0.0,15.99606704711914
5.5600000000000005,-14.507584571838379,-115.48824310302734,0.0,16.435522079467773
5.6000000000000005,-14.316702842712402,-117.33397674560547,0.0,16.699193954467773
5.64,-13.842227935791016,-119.53121948242188,0.0,17.050758361816406
5.66,-13.24606704711914,-121.5527114868164,0.0,17.490211486816406
5.7,-12.903348922729492,-123.31053161621094,0.0,17.75388526916504
5.74,-12.131263732910156,-124.89257049560547,0.0,18.01755714416504
5.76,-11.24799919128418,-125.94722747802734,0.0,18.19333839416504
5.8,-10.766578674316406,-126.91404724121094,0.0,18.36911964416504
5.84,-9.728593826293945,-127.96874237060547,0.0,18.544902801513672
5.86,-9.728593826293945,-128.49609375,0.0,18.720684051513672
5.9,-7.9991536140441895,-129.28707885742188,0.0,18.808574676513672
5.92,-6.744754314422607,-129.90231323242188,0.0,18.896465301513672
5.96,-6.090987682342529,-129.99020385742188,0.0,18.984357833862305
6.0,-4.737360000610352,-129.99020385742188,0.0,18.984357833862305
6.0200000000000005,-3.332298517227173,-129.99020385742188,0.0,18.984357833862305
6.0600000000000005,-2.6144282817840576,-129.99020385742188,0.0,18.984357833862305
6.1000000000000005,-1.15630042552948,-129.90231323242188,0.0,18.984357833862305
6.12,-1.15630042552948,-129.55078125,0.0,18.984357833862305
6.16,1.0608437061309814,-129.0234375,0.0,18.984357833862305
6.2,2.537966012954712,-128.14453125,0.0,18.896465301513672
6.22,3.997096300125122,-126.91404724121094,0.0,18.808574676513672
6.26,4.715239524841309,-125.41988372802734,0.0,18.720684051513672
6.28,6.119304656982422,-123.04685974121094,0.0,18.720684051513672
6.32,6.801488876342773,-120.2343521118164,0.0,18.281230926513672
6.36,8.116913795471191,-117.15819549560547,0.0,17.75388526916504
6.38,8.116913795471191,-113.99412536621094,0.0,17.138648986816406
6.42,9.94062328338623,-111.2695083618164,0.0,16.611303329467773
6.44,11.036528587341309,-109.5995864868164,0.0,16.347631454467773
6.48,11.543550491333008,-107.9296875,0.0,15.99606704711914
6.5200000000000005,12.46800422668457,-105.02928161621094,0.0,15.468722343444824
6.54,12.46800422668457,-100.9863052368164,0.0,14.589813232421875
6.58,13.609460830688477,-98.43746948242188,0.0,14.150358200073242
6.6000000000000005,14.192177772521973,-96.50386810302734,0.0,13.886686325073242
6.640000000000001,14.426765441894531,-93.6034927368164,0.0,13.271477699279785
6.66,14.77783489227295,-90.0,0.0,12.568350791931152
6.7,14.77783489227295,-85.07810974121094,0.0,11.689441680908203
6.74,14.998555183410645,-81.73826599121094,0.0,11.162096977233887
6.76,14.936075210571289,-79.189453125,0.0,10.634751319885254
6.8,14.841172218322754,-76.90428924560547,0.0,10.195296287536621
6.84,14.52395248413086,-75.05857849121094,0.0,9.843733787536621
6.86,14.52395248413086,-72.7734146118164,0.0,9.404278755187988
6.9,13.733080863952637,-71.36719512939453,0.0,9.228497505187988
6.94,13.001492500305176,-70.0488052368164,0.0,8.964824676513672
6.96,13.001492500305176,-68.37889862060547,0.0,8.613261222839355
7.0,11.613751411437988,-66.70894622802734,0.0,8.349588394165039
7.04,10.508145332336426,-65.03904724121094,0.0,7.998025417327881
7.0600000000000005,9.27127456665039,-63.54490280151367,0.0,7.822243690490723
7.1000000000000005,8.60771369934082,-62.753883361816406,0.0,7.6464619636535645
7.140000000000001,7.199520111083984,-62.49021530151367,0.0,7.558570861816406
7.16,5.696686267852783,-62.49021530151367,0.0,7.558570861816406
7.2,4.915187835693359,-62.578102111816406,0.0,7.558570861816406
7.24,3.30361008644104,-62.578102111816406,0.0,7.558570861816406
7.26,1.6435967683792114,-62.578102111816406,0.0,7.558570861816406
7.3,0.8017986416816711,-63.10544967651367,0.0,7.558570861816406
7.34,-0.8921681642532349,-63.72068405151367,0.0,7.6464619636535645
7.36,-2.581890106201172,-64.59959411621094,0.0,7.6464619636535645
7.4,-3.4182863235473633,-66.44530487060547,0.0,7.6464619636535645
7.44,-5.060304641723633,-68.90625,0.0,7.7343525886535645
7.46,-6.642895221710205,-71.015625,0.0,8.173807144165039
7.5,-7.405083179473877,-73.56443786621094,0.0,8.789043426513672
7.54,-8.857918739318848,-77.08007049560547,0.0,9.404278755187988
7.5600000000000005,-10.198222160339355,-80.8593521118164,0.0,10.107406616210938
7.6000000000000005,-10.198222160339355,-84.55077362060547,0.0,10.81053352355957
7.640000000000001,-11.955241203308105,-87.53905487060547,0.0,11.24998664855957
7.68,-12.93175983428955,-89.91207885742188,0.0,11.689441680908203
7.7,-12.93175983428955,-92.98826599121094,0.0,12.216787338256836
7.74,-14.06566047668457,-96.06444549560547,0.0,12.744132041931152
7.78,-14.582412719726562,-99.052734375,0.0,13.271477699279785
7.8,-14.896169662475586,-103.00779724121094,0.0,14.150358200073242
7.84,-14.974641799926758,-106.61129760742188,0.0,14.941376686096191
7.88,-14.971776962280273,-110.4784927368164,0.0,15.644503593444824
7.9,-14.754030227661133,-114.69725036621094,0.0,16.25973892211914
7.94,-14.564626693725586,-117.24605560302734,0.0,16.699193954467773
7.98,-14.026595115661621,-119.17965698242188,0.0,17.050758361816406
8.0,-13.281047821044922,-121.1132583618164,0.0,17.402320861816406
8.040000000000001,-12.833003044128418,-122.6952896118164,0.0,17.665992736816406
8.08,-11.793208122253418,-124.1015396118164,0.0,17.84177589416504
8.1,-10.573187828063965,-125.24410247802734,0.0,18.10544776916504
8.14,-9.900568008422852,-125.59565734863281,0.0,18.19333839416504
8.18,-8.441635131835938,-126.03514099121094,0.0,18.19333839416504
8.2,-6.848439693450928,-126.12300872802734,0.0,18.281230926513672
8.24,-6.008575916290283,-126.12300872802734,0.0,18.281230926513672
8.28,-4.257717132568359,-126.12300872802734,0.0,18.281230926513672
8.3,-2.4339754581451416,-126.12300872802734,0.0,18.281230926513672
8.34,-1.50339937210083,-126.12300872802734,0.0,18.281230926513672
8.38,0.3771776556968689,-126.03514099121094,0.0,18.281230926513672
8.4,2.258976697921753,-125.41988372802734,0.0,18.281230926513672
8.44,3.19094181060791,-124.36521911621094,0.0,18.19333839416504
8.46,5.018104553222656,-122.95896911621094,0.0,18.10544776916504
8.5,5.905777454376221,-120.05856323242188,0.0,18.01755714416504
8.540000000000001,7.61077356338501,-116.80663299560547,0.0,17.665992736816406
8.56,7.61077356338501,-112.76365661621094,0.0,16.962865829467773
8.6,9.938758850097656,-109.51172637939453,0.0,16.25973892211914
8.64,11.298304557800293,-107.84176635742188,0.0,15.99606704711914
8.66,11.298304557800293,-104.15037536621094,0.0,15.292940139770508
8.700000000000001,12.987929344177246,-101.07420349121094,0.0,14.589813232421875
8.74,13.850495338439941,-98.34960174560547,0.0,14.150358200073242
8.76,13.850495338439941,-94.92186737060547,0.0,13.535149574279785
8.8,14.706039428710938,-91.0546646118164,0.0,12.744132041931152
8.84,14.966136932373047,-86.74800872802734,0.0,11.953113555908203
8.86,14.966136932373047,-82.61717224121094,0.0,11.337878227233887
8.9,14.87276554107666,-79.62887573242188,0.0,10.722641944885254
8.94,14.485611915588379,-76.99214935302734,0.0,10.195296287536621
8.96,14.485611915588379,-74.79490661621094,0.0,9.755843162536621
9.0,13.427449226379395,-73.03709411621094,0.0,9.492170333862305
9.040000000000001,12.417962074279785,-71.8066177368164,0.0,9.228497505187988
9.06,11.182634353637695,-70.7519302368164,0.0,9.140606880187988
9.1,10.486324310302734,-70.2245864868164,0.0,9.052715301513672
9.14,8.950789451599121,-69.87301635742188,0.0,8.964824676513672
9.16,7.246720790863037,-69.69723510742188,0.0,8.876934051513672
9.200000000000001,6.3405842781066895,-69.69723510742188,0.0,8.876934051513672
9.24,4.440063953399658,-69.69723510742188,0.0,8.876934051513672
9.28,2.4504971504211426,-69.69723510742188,0.0,8.876934051513672
9.3,0.40816807746887207,-69.69723510742188,0.0,8.876934051513672
9.34,-0.6209753155708313,-69.69723510742188,0.0,8.876934051513672
9.38,-2.6710057258605957,-69.69723510742188,0.0,8.876934051513672
9.4,-2.6710057258605957,-70.13671875,0.0,8.876934051513672
9.44,-5.652069568634033,-71.015625,0.0,8.964824676513672
9.48,-7.52030611038208,-73.03709411621094,0.0,9.052715301513672
9.5,-9.249556541442871,-76.55272674560547,0.0,9.228497505187988
9.540000000000001,-10.05096435546875,-80.3320083618164,0.0,9.931624412536621
9.58,-11.50661849975586,-85.25389099121094,0.0,10.81053352355957
9.6,-12.740852355957031,-91.14256286621094,0.0,11.86522388458252
9.64,-13.266398429870605,-95.36132049560547,0.0,12.568350791931152
9.68,-14.119677543640137,-97.73434448242188,0.0,13.007804870605469
9.700000000000001,-14.693243980407715,-101.16209411621094,0.0,13.623013496398926
9.74,-14.870402336120605,-104.85350799560547,0.0,14.501921653747559
9.78,-14.999110221862793,-109.3359375,0.0,15.380830764770508
9.8,-14.82291030883789,-114.25780487060547,0.0,16.17184829711914
9.84,-14.620386123657227,-118.03710174560547,0.0,16.874977111816406
9.88,-13.989779472351074,-120.9374771118164,0.0,17.402320861816406
9.9,-13.067447662353516,-122.1679458618164,0.0,17.57810401916504
9.94,-12.50174331665039,-123.1347427368164,0.0,17.75388526916504
9.98,-11.174335479736328,-124.18943786621094,0.0,17.92966651916504
10.0,-9.607314109802246,-124.98045349121094,0.0,18.10544776916504
10.040000000000001,-8.743391036987305,-124.98045349121094,0.0,18.01755714416504
10.08,-6.876408576965332,-124.98045349121094,0.0,18.01755714416504
10.1,-4.856138706207275,-124.98045349121094,0.0,18.10544776916504
10.14,-3.8015353679656982,-124.98045349121094,0.0,18.01755714416504
10.16,-1.6312254667282104,-124.89257049560547,0.0,18.10544776916504
10.200000000000001,-0.5271359086036682,-124.80467224121094,0.0,18.01755714416504
10.24,1.689023494720459,-124.62889099121094,0.0,18.10544776916504
10.28,1.689023494720459,-123.83787536621094,0.0,18.10544776916504
10.3,2.788933515548706,-122.3437271118164,0.0,17.92966651916504
10.34,6.992185115814209,-119.619140625,0.0,17.84177589416504
10.38,8.892943382263184,-116.54292297363281,0.0,17.57810401916504
10.4,10.599959373474121,-111.6210708618164,0.0,16.611303329467773
10.44,11.367976188659668,-107.578125,0.0,15.90817642211914
10.48,12.709824562072754,-102.91990661621094,0.0,14.941376686096191
10.5,13.765735626220703,-99.228515625,0.0,14.238249778747559
10.540000000000001,14.177757263183594,-96.32809448242188,0.0,13.886686325073242
10.58,14.75618839263916,-92.7245864868164,0.0,13.095695495605469
10.6,14.75618839263916,-87.71484375,0.0,12.216787338256836
10.64,14.98236083984375,-83.6718521118164,0.0,11.513660430908203
10.68,14.69560718536377,-80.244140625,0.0,10.898423194885254
10.700000000000001,14.061647415161133,-76.72850799560547,0.0,10.195296287536621
10.74,13.61782169342041,-75.32225036621094,0.0,9.843733787536621
10.78,12.48772144317627,-74.26756286621094,0.0,9.755843162536621
10.8,12.48772144317627,-73.03709411621094,0.0,9.492170333862305
10.84,10.235169410705566,-72.2460708618164,0.0,9.404278755187988
10.88,8.410745620727539,-71.6308364868164,0.0,9.228497505187988
10.9,6.376245498657227,-71.4550552368164,0.0,9.228497505187988
10.94,5.29497766494751,-71.4550552368164,0.0,9.228497505187988
10.98,3.0366573333740234,-71.4550552368164,0.0,9.228497505187988
11.02,0.6964815855026245,-71.4550552368164,0.0,9.228497505187988
11.06,-1.6681110858917236,-71.4550552368164,0.0,9.228497505187988
11.08,-1.6681110858917236,-71.4550552368164,0.0,9.228497505187988
11.120000000000001,-5.131814002990723,-71.8945083618164,0.0,9.228497505187988
11.16,-7.299956798553467,-73.21287536621094,0.0,9.316388130187988
11.18,-9.289407730102539,-76.02538299560547,0.0,9.316388130187988
11.22,-10.200545310974121,-79.189453125,0.0,9.755843162536621
11.26,-11.825159072875977,-83.40818786621094,0.0,10.546859741210938
11.28,-11.825159072875977,-90.0878677368164,0.0,11.601550102233887
11.32,-13.688199996948242,-95.44921112060547,0.0,12.656241416931152
11.36,-14.496541023254395,-98.61325073242188,0.0,13.183586120605469
11.4,-14.928276062011719,-103.0956802368164,0.0,14.150358200073242
11.42,-14.928276062011719,-108.10546875,0.0,15.117158889770508
11.46,-14.840283393859863,-112.67576599121094,0.0,15.99606704711914
11.5,-14.288402557373047,-116.89450073242188,0.0,16.699193954467773
11.52,-14.288402557373047,-120.9374771118164,0.0,17.402320861816406
11.56,-12.748847007751465,-122.51951599121094,0.0,17.665992736816406
11.58,-11.283408164978027,-123.04685974121094,0.0,17.75388526916504
11.620000000000001,-10.43182373046875,-123.31053161621094,0.0,17.75388526916504
11.66,-8.518163681030273,-123.5741958618164,0.0,17.75388526916504
11.68,-6.366207122802734,-123.6620864868164,0.0,17.84177589416504
11.72,-5.218469619750977,-123.6620864868164,0.0,17.84177589416504
11.76,-2.818054437637329,-123.6620864868164,0.0,17.84177589416504
11.78,-0.33261194825172424,-123.5741958618164,0.0,17.84177589416504
11.82,0.920628011226654,-123.04685974121094,0.0,17.84177589416504
11.86,3.4044039249420166,-121.72848510742188,0.0,17.75388526916504
11.88,5.7995195388793945,-119.443359375,0.0,17.57810401916504
11.92,6.942286968231201,-116.10350036621094,0.0,17.490211486816406
11.96,9.076855659484863,-111.88475036621094,0.0,16.699193954467773
11.98,10.95850944519043,-107.3144302368164,0.0,15.90817642211914
12.02,10.95850944519043,-102.1288833618164,0.0,14.765595436096191
12.06,13.18602466583252,-98.876953125,0.0,14.238249778747559
12.1,14.207780838012695,-96.41600799560547,0.0,13.798794746398926
12.120000000000001,14.207780838012695,-92.7245864868164,0.0,13.095695495605469
12.16,14.963377952575684,-88.15426635742188,0.0,12.30467700958252
12.200000000000001,14.922414779663086,-83.84764099121094,0.0,11.513660430908203
12.22,14.44092845916748,-79.365234375,0.0,10.722641944885254
12.26,14.037790298461914,-76.28902435302734,0.0,10.107406616210938
12.3,12.919473648071289,-74.61912536621094,0.0,9.755843162536621
12.32,11.411415100097656,-73.3886489868164,0.0,9.580060958862305
12.36,11.411415100097656,-73.03709411621094,0.0,9.492170333862305
12.4,8.51387882232666,-72.59764099121094,0.0,9.404278755187988
12.44,6.239925384521484,-72.3339614868164,0.0,9.404278755187988
12.46,6.239925384521484,-72.3339614868164,0.0,9.404278755187988
12.5,2.4833080768585205,-72.3339614868164,0.0,9.404278755187988
12.540000000000001,-0.14142614603042603,-72.3339614868164,0.0,9.404278755187988
12.56,-2.768920421600342,-72.3339614868164,0.0,9.404278755187988
12.6,-4.05812931060791,-72.3339614868164,0.0,9.404278755187988
12.64,-6.5367841720581055,-72.3339614868164,0.0,9.404278755187988
12.66,-6.5367841720581055,-73.21287536621094,0.0,9.404278755187988
12.700000000000001,-9.859704971313477,-74.61912536621094,0.0,9.492170333862305
12.74,-11.706986427307129,-77.34371948242188,0.0,9.492170333862305
12.76,-13.187103271484375,-81.2109146118164,0.0,10.107406616210938
12.8,-13.773274421691895,-86.13280487060547,0.0,10.98631477355957
12.84,-14.612249374389648,-91.3183364868164,0.0,11.86522388458252
12.88,-14.612249374389648,-98.173828125,0.0,13.007804870605469
12.9,-14.857388496398926,-104.06248474121094,0.0,14.238249778747559
12.94,-14.629687309265137,-108.63282012939453,0.0,15.205048561096191
12.98,-13.794072151184082,-113.20310974121094,0.0,15.99606704711914
13.02,-12.503494262695312,-117.94918060302734,0.0,16.874977111816406
13.040000000000001,-12.503494262695312,-121.4648208618164,0.0,17.490211486816406
13.08,-9.803821563720703,-122.8710708618164,0.0,17.665992736816406
13.120000000000001,-7.577404022216797,-123.04685974121094,0.0,17.75388526916504
13.14,-5.0918192863464355,-123.04685974121094,0.0,17.75388526916504
13.18,-3.7770135402679443,-122.95896911621094,0.0,17.75388526916504
13.200000000000001,-1.057909369468689,-122.7831802368164,0.0,17.75388526916504
13.24,0.32356271147727966,-122.2558364868164,0.0,17.75388526916504
13.280000000000001,3.071882963180542,-121.3769302368164,0.0,17.665992736816406
13.3,5.722424507141113,-119.88278198242188,0.0,17.490211486816406
13.34,6.982173442840576,-116.98240661621094,0.0,17.490211486816406
13.38,9.315502166748047,-113.55467224121094,0.0,17.138648986816406
13.4,11.332618713378906,-108.36911010742188,0.0,16.08395767211914
13.44,12.199438095092773,-103.88671112060547,0.0,15.205048561096191
13.48,13.609936714172363,-99.58008575439453,0.0,14.326140403747559
13.5,14.54719352722168,-94.65818786621094,0.0,13.535149574279785
13.540000000000001,14.54719352722168,-89.12109375,0.0,12.392568588256836
13.58,14.990316390991211,-83.84764099121094,0.0,11.513660430908203
13.620000000000001,14.6228609085083,-79.80465698242188,0.0,10.81053352355957
13.64,14.2418851852417,-76.02538299560547,0.0,10.019515037536621
13.68,13.099984169006348,-73.74021911621094,0.0,9.580060958862305
13.700000000000001,11.48437786102295,-72.42185974121094,0.0,9.404278755187988
13.74,10.515409469604492,-72.3339614868164,0.0,9.404278755187988
13.780000000000001,8.297040939331055,-72.3339614868164,0.0,9.404278755187988
13.8,5.771125793457031,-72.3339614868164,0.0,9.404278755187988
13.84,4.42060661315918,-72.3339614868164,0.0,9.404278755187988
13.88,1.6053545475006104,-72.3339614868164,0.0,9.404278755187988
13.9,-1.27606201171875,-72.3339614868164,0.0,9.404278755187988
13.94,-2.7084054946899414,-72.3339614868164,0.0,9.404278755187988
13.98,-5.489663124084473,-72.5097427368164,0.0,9.404278755187988
14.0,-8.072907447814941,-73.65232849121094,0.0,9.404278755187988
14.040000000000001,-9.259173393249512,-75.67382049560547,0.0,9.492170333862305
14.08,-11.363842010498047,-78.486328125,0.0,9.667951583862305
14.120000000000001,-13.04427433013916,-83.32029724121094,0.0,10.458970069885254
14.14,-13.04427433013916,-89.82421875,0.0,11.601550102233887
14.18,-14.627785682678223,-95.71288299560547,0.0,12.656241416931152
14.22,-14.99444580078125,-100.0195083618164,0.0,13.447259902954102
14.26,-14.785565376281738,-105.11717987060547,0.0,14.589813232421875
14.280000000000001,-14.785565376281738,-110.7421646118164,0.0,15.556612968444824
14.32,-13.407621383666992,-115.31245422363281,0.0,16.347631454467773
14.36,-11.825298309326172,-118.38866424560547,0.0,16.962865829467773
14.38,-11.825298309326172,-121.20114135742188,0.0,17.402320861816406
14.42,-8.601040840148926,-122.08006286621094,0.0,17.57810401916504
14.46,-6.00297737121582,-122.08006286621094,0.0,17.57810401916504
14.48,-3.161085844039917,-122.08006286621094,0.0,17.57810401916504
14.52,-1.6831773519515991,-121.9042739868164,0.0,17.57810401916504
14.56,1.3134851455688477,-121.5527114868164,0.0,17.57810401916504
14.58,4.264659881591797,-121.20114135742188,0.0,17.57810401916504
14.620000000000001,5.685799598693848,-120.2343521118164,0.0,17.490211486816406
14.66,8.346742630004883,-117.77340698242188,0.0,17.314430236816406
14.68,10.675579071044922,-114.43357849121094,0.0,17.226539611816406
14.72,11.68445873260498,-109.86328887939453,0.0,16.347631454467773
14.76,13.337715148925781,-105.8203125,0.0,15.556612968444824
14.780000000000001,14.447641372680664,-100.45899200439453,0.0,14.501921653747559
14.82,14.782427787780762,-96.06444549560547,0.0,13.798794746398926
14.86,14.991724967956543,-90.9667739868164,0.0,12.832022666931152
14.88,14.579119682312012,-84.19920349121094,0.0,11.601550102233887
14.92,14.142597198486328,-79.62887573242188,0.0,10.722641944885254
14.94,12.829252243041992,-75.49803161621094,0.0,9.843733787536621
14.98,11.965210914611816,-72.3339614868164,0.0,9.316388130187988
15.02,9.865501403808594,-70.9277114868164,0.0,9.140606880187988
15.040000000000001,9.865501403808594,-70.40036010742188,0.0,9.052715301513672
15.1,4.503782272338867,-70.40036010742188,0.0,9.052715301513672
15.120000000000001,4.503782272338867,-70.40036010742188,0.0,9.052715301513672
15.16,-0.08870327472686768,-70.40036010742188,0.0,9.052715301513672
15.200000000000001,-3.1820969581604004,-70.40036010742188,0.0,9.052715301513672
15.22,-3.1820969581604004,-70.48828125,0.0,9.052715301513672
15.26,-7.536942481994629,-70.48828125,0.0,9.052715301513672
15.3,-10.0643949508667,-71.19140625,0.0,9.052715301513672
15.32,-12.15782642364502,-73.30076599121094,0.0,9.140606880187988
15.36,-13.011299133300781,-76.46480560302734,0.0,9.228497505187988
15.4,-14.282536506652832,-80.1562271118164,0.0,9.931624412536621
15.42,-14.925374031066895,-85.95702362060547,0.0,10.98631477355957
15.46,-14.999751091003418,-91.9335708618164,0.0,11.953113555908203
15.5,-14.6474609375,-97.82225799560547,0.0,13.007804870605469
15.52,-13.639561653137207,-103.79881286621094,0.0,14.238249778747559
15.56,-12.901386260986328,-108.36911010742188,0.0,15.117158889770508
15.58,-10.995521545410156,-112.58787536621094,0.0,15.90817642211914
15.620000000000001,-9.848444938659668,-116.71871185302734,0.0,16.611303329467773
15.66,-7.228882789611816,-119.970703125,0.0,17.226539611816406
15.68,-4.274421215057373,-121.9042739868164,0.0,17.490211486816406
15.72,-2.7126340866088867,-122.4316177368164,0.0,17.57810401916504
15.76,0.4914034903049469,-122.4316177368164,0.0,17.57810401916504
15.780000000000001,0.4914034903049469,-122.4316177368164,0.0,17.665992736816406
15.82,5.222075939178467,-122.3437271118164,0.0,17.665992736816406
15.860000000000001,8.11215591430664,-121.9042739868164,0.0,17.57810401916504
15.88,10.630974769592285,-121.1132583618164,0.0,17.57810401916504
15.92,11.712784767150879,-119.79491424560547,0.0,17.490211486816406
15.96,13.455771446228027,-116.89450073242188,0.0,17.402320861816406
15.98,14.569215774536133,-112.93944549560547,0.0,16.962865829467773
16.02,14.87087631225586,-108.63282012939453,0.0,16.17184829711914
16.06,14.943367958068848,-104.23826599121094,0.0,15.292940139770508
16.080000000000002,14.304837226867676,-98.96481323242188,0.0,14.238249778747559
16.12,13.725698471069336,-94.48241424560547,0.0,13.535149574279785
16.16,12.079550743103027,-89.7363052368164,0.0,12.568350791931152
16.18,12.079550743103027,-83.6718521118164,0.0,11.513660430908203
16.22,8.545336723327637,-79.189453125,0.0,10.634751319885254
16.240000000000002,5.640120029449463,-75.58592224121094,0.0,9.931624412536621
16.28,4.072940826416016,-72.86131286621094,0.0,9.492170333862305
16.32,0.8038322925567627,-71.7187271118164,0.0,9.228497505187988
16.34,0.8038322925567627,-71.4550552368164,0.0,9.228497505187988
16.38,-4.135841369628906,-71.4550552368164,0.0,9.228497505187988
16.42,-7.216586589813232,-71.4550552368164,0.0,9.228497505187988
16.44,-7.216586589813232,-71.4550552368164,0.0,9.228497505187988
16.48,-11.136364936828613,-71.4550552368164,0.0,9.228497505187988
16.52,-13.088725090026855,-71.4550552368164,0.0,9.228497505187988
16.54,-14.39040470123291,-71.4550552368164,0.0,9.228497505187988
16.580000000000002,-14.774133682250977,-72.7734146118164,0.0,9.316388130187988
16.62,-14.98031997680664,-74.70701599121094,0.0,9.316388130187988
16.66,-14.429426193237305,-78.39840698242188,0.0,9.580060958862305
16.68,-14.429426193237305,-83.58396911621094,0.0,10.546859741210938
16.72,-12.244565963745117,-89.38473510742188,0.0,11.513660430908203
16.76,-9.984100341796875,-95.44921112060547,0.0,12.568350791931152
16.8,-7.206467151641846,-99.931640625,0.0,13.447259902954102
16.82,-7.206467151641846,-103.62303161621094,0.0,14.238249778747559
16.86,-2.3823816776275635,-106.08394622802734,0.0,14.765595436096191
16.88,1.0321755409240723,-108.28125,0.0,15.117158889770508
16.92,2.7331063747406006,-109.6875,0.0,15.380830764770508
16.96,6.011064052581787,-110.21484375,0.0,15.468722343444824
16.98,8.980722427368164,-110.3027114868164,0.0,15.468722343444824
17.02,10.299670219421387,-110.3027114868164,0.0,15.468722343444824
17.06,12.51697826385498,-110.21484375,0.0,15.468722343444824
17.080000000000002,12.51697826385498,-109.6875,0.0,15.468722343444824
17.12,14.579704284667969,-108.89645385742188,0.0,15.380830764770508
17.16,14.999749183654785,-107.578125,0.0,15.292940139770508
17.18,14.999749183654785,-104.67772674560547,0.0,15.205048561096191
17.22,14.129351615905762,-101.6894302368164,0.0,14.765595436096191
17.26,12.587099075317383,-99.052734375,0.0,14.238249778747559
17.28,10.361031532287598,-95.71288299560547,0.0,13.710905075073242
17.32,9.026693344116211,-91.7577896118164,0.0,12.919914245605469
17.36,6.004014492034912,-86.83592987060547,0.0,12.04100513458252
17.38,2.647176742553711,-81.73826599121094,0.0,11.24998664855957
17.42,0.8998481631278992,-77.87106323242188,0.0,10.458970069885254
17.46,-2.613091468811035,-75.23436737060547,0.0,9.843733787536621
17.48,-5.98887300491333,-73.12498474121094,0.0,9.492170333862305
17.52,-7.566074371337891,-72.6855239868164,0.0,9.492170333862305
17.56,-10.388324737548828,-72.7734146118164,0.0,9.492170333862305
17.580000000000002,-12.636955261230469,-72.7734146118164,0.0,9.492170333862305
17.62,-13.504305839538574,-72.6855239868164,0.0,9.492170333862305
17.66,-14.66156005859375,-72.7734146118164,0.0,9.492170333862305
17.68,-14.995240211486816,-72.7734146118164,0.0,9.492170333862305
17.72,-14.843918800354004,-73.3886489868164,0.0,9.492170333862305
17.76,-13.912481307983398,-74.97069549560547,0.0,9.580060958862305
17.78,-12.187577247619629,-78.04684448242188,0.0,9.667951583862305
17.82,-11.055205345153809,-81.123046875,0.0,10.107406616210938
17.86,-8.329060554504395,-85.60545349121094,0.0,10.898423194885254
17.88,-5.118841648101807,-91.4062271118164,0.0,11.86522388458252
17.92,-3.3883140087127686,-95.71288299560547,0.0,12.656241416931152
17.94,0.19957764446735382,-97.38278198242188,0.0,13.007804870605469
17.98,2.0049777030944824,-98.2616958618164,0.0,13.095695495605469
18.02,5.50734806060791,-98.61325073242188,0.0,13.095695495605469
18.06,5.50734806060791,-98.701171875,0.0,13.095695495605469
18.1,11.37904167175293,-98.701171875,0.0,13.183586120605469
18.12,11.37904167175293,-98.701171875,0.0,13.095695495605469
18.16,14.118912696838379,-98.701171875,0.0,13.095695495605469
18.2,14.924469947814941,-98.525390625,0.0,13.095695495605469
18.22,14.844439506530762,-97.998046875,0.0,13.095695495605469
18.26,14.47010612487793,-96.767578125,0.0,13.007804870605469
18.3,13.077546119689941,-94.74607849121094,0.0,12.919914245605469
18.32,10.8972806930542,-91.4941177368164,0.0,12.832022666931152
18.36,9.549673080444336,-87.62692260742188,0.0,12.216787338256836
18.400000000000002,6.438852787017822,-83.32029724121094,0.0,11.513660430908203
18.42,2.9317643642425537,-79.013671875,0.0,10.634751319885254
18.46,1.0949244499206543,-75.76170349121094,0.0,10.019515037536621
18.5,-2.6059606075286865,-74.17967224121094,0.0,9.667951583862305
18.52,-2.6059606075286865,-73.12498474121094,0.0,9.492170333862305
18.56,-7.802382469177246,-73.12498474121094,0.0,9.492170333862305
18.6,-10.717617988586426,-73.12498474121094,0.0,9.492170333862305
18.62,-10.717617988586426,-73.12498474121094,0.0,9.492170333862305
18.66,-13.812141418457031,-73.12498474121094,0.0,9.492170333862305
18.68,-14.83031940460205,-73.12498474121094,0.0,9.492170333862305
18.72,-14.99518871307373,-73.21287536621094,0.0,9.492170333862305
18.76,-14.620285034179688,-73.91600036621094,0.0,9.580060958862305
18.78,-14.620285034179688,-76.55272674560547,0.0,9.667951583862305
18.82,-12.357864379882812,-79.45309448242188,0.0,9.843733787536621
18.86,-9.847420692443848,-83.58396911621094,0.0,10.546859741210938
18.88,-9.847420692443848,-89.64844512939453,0.0,11.601550102233887
18.92,-4.963048934936523,-94.13084411621094,0.0,12.392568588256836
18.96,-1.2584748268127441,-96.67965698242188,0.0,12.744132041931152
18.98,2.533505439758301,-98.173828125,0.0,13.095695495605469
19.02,4.3862128257751465,-98.61325073242188,0.0,13.095695495605469
19.06,7.855462551116943,-98.61325073242188,0.0,13.095695495605469
19.080000000000002,10.823923110961914,-98.61325073242188,0.0,13.095695495605469
19.12,12.057782173156738,-98.61325073242188,0.0,13.183586120605469
19.16,13.922103881835938,-98.61325073242188,0.0,13.183586120605469
19.18,14.882428169250488,-98.525390625,0.0,13.095695495605469
19.22,14.999934196472168,-98.173828125,0.0,13.095695495605469
19.26,14.496599197387695,-97.646484375,0.0,13.095695495605469
19.28,13.038572311401367,-95.88866424560547,0.0,13.007804870605469
19.32,11.977618217468262,-93.25193786621094,0.0,12.919914245605469
19.36,9.276610374450684,-90.0,0.0,12.656241416931152
19.38,5.954622268676758,-84.81443786621094,0.0,11.689441680908203
19.42,4.127574920654297,-81.0351333618164,0.0,11.07420539855957
19.46,0.292568176984787,-77.43163299560547,0.0,10.371078491210938
19.48,-3.569027900695801,-74.79490661621094,0.0,9.843733787536621
19.52,-5.428329944610596,-73.30076599121094,0.0,9.580060958862305
19.56,-8.846409797668457,-73.12498474121094,0.0,9.492170333862305
19.580000000000002,-11.672245979309082,-73.12498474121094,0.0,9.492170333862305
19.62,-12.800202369689941,-73.12498474121094,0.0,9.492170333862305
19.64,-14.387528419494629,-73.12498474121094,0.0,9.492170333862305
19.68,-14.818479537963867,-73.12498474121094,0.0,9.492170333862305
19.72,-14.914740562438965,-73.12498474121094,0.0,9.492170333862305
19.740000000000002,-14.914740562438965,-73.65232849121094,0.0,9.492170333862305
19.78,-13.155269622802734,-75.49803161621094,0.0,9.667951583862305
19.82,-10.822982788085938,-78.13475799560547,0.0,9.667951583862305
19.84,-10.822982788085938,-82.17771911621094,0.0,10.283187866210938
19.900000000000002,-4.107121467590332,-88.68161010742188,0.0,11.425768852233887
19.92,-4.107121467590332,-94.74607849121094,0.0,12.480459213256836
19.96,1.8018466234207153,-97.38278198242188,0.0,12.919914245605469
20.0,5.649973392486572,-98.96481323242188,0.0,13.183586120605469
20.02,9.107091903686523,-99.84371948242188,0.0,13.359368324279785
20.06,10.61052131652832,-99.931640625,0.0,13.359368324279785
20.1,13.031854629516602,-99.931640625,0.0,13.359368324279785
20.12,14.531557083129883,-99.931640625,0.0,13.359368324279785
20.16,14.898048400878906,-99.931640625,0.0,13.359368324279785
20.2,14.828106880187988,-99.931640625,0.0,13.359368324279785
20.22,13.695039749145508,-99.84371948242188,0.0,13.359368324279785
20.26,12.750635147094727,-99.4921646118164,0.0,13.359368324279785
20.28,10.187929153442383,-98.61325073242188,0.0,13.271477699279785
20.32,8.61493968963623,-96.85543823242188,0.0,13.183586120605469
20.36,5.02578067779541,-94.83397674560547,0.0,13.095695495605469
20.38,5.02578067779541,-91.4062271118164,0.0,12.919914245605469
20.42,-0.9657954573631287,-88.33004760742188,0.0,12.392568588256836
20.46,-4.942330360412598,-85.69335174560547,0.0,11.86522388458252
20.48,-4.942330360412598,-84.02342224121094,0.0,11.601550102233887
20.52,-10.15483283996582,-83.14451599121094,0.0,11.425768852233887
20.56,-12.751708030700684,-82.70506286621094,0.0,11.425768852233887
20.580000000000002,-14.40928840637207,-82.70506286621094,0.0,11.425768852233887
20.62,-14.842842102050781,-82.70506286621094,0.0,11.425768852233887
20.66,-14.875632286071777,-82.70506286621094,0.0,11.425768852233887
20.68,-13.797802925109863,-83.75975036621094,0.0,11.425768852233887
20.72,-12.862667083740234,-85.78124237060547,0.0,11.513660430908203
20.76,-10.284360885620117,-88.41796112060547,0.0,11.513660430908203
20.78,-6.927037715911865,-91.8456802368164,0.0,11.953113555908203
20.82,-5.032389163970947,-95.62499237060547,0.0,12.656241416931152
20.86,-0.9888275265693665,-97.294921875,0.0,12.919914245605469
20.88,3.136749029159546,-98.525390625,0.0,13.095695495605469
20.92,5.131814002990723,-98.876953125,0.0,13.183586120605469
20.96,8.79516315460205,-98.876953125,0.0,13.183586120605469
20.98,11.790690422058105,-98.876953125,0.0,13.183586120605469
21.02,12.962496757507324,-98.876953125,0.0,13.183586120605469
21.06,14.53837776184082,-98.876953125,0.0,13.183586120605469
21.080000000000002,14.53837776184082,-98.7890396118164,0.0,13.183586120605469
21.12,14.783693313598633,-98.43746948242188,0.0,13.183586120605469
21.16,13.50794792175293,-97.998046875,0.0,13.183586120605469
21.18,11.176901817321777,-96.32809448242188,0.0,13.007804870605469
21.22,9.668002128601074,-94.04296112060547,0.0,12.919914245605469
21.26,6.108559608459473,-91.3183364868164,0.0,12.832022666931152
21.28,6.108559608459473,-86.66014862060547,0.0,12.04100513458252
21.32,-0.04435183107852936,-83.40818786621094,0.0,11.513660430908203
21.36,-4.219513893127441,-80.771484375,0.0,11.07420539855957
21.400000000000002,-8.066993713378906,-78.74996948242188,0.0,10.634751319885254
21.42,-8.066993713378906,-78.13475799560547,0.0,10.458970069885254
21.46,-12.562920570373535,-78.13475799560547,0.0,10.458970069885254
21.5,-14.355643272399902,-78.13475799560547,0.0,10.458970069885254
21.52,-14.999279022216797,-78.13475799560547,0.0,10.458970069885254
21.56,-14.868406295776367,-78.837890625,0.0,10.458970069885254
21.6,-13.710687637329102,-79.80465698242188,0.0,10.546859741210938
21.62,-11.441468238830566,-82.17771911621094,0.0,10.546859741210938
21.66,-9.942656517028809,-84.90233612060547,0.0,10.81053352355957
21.7,-6.366207122802734,-88.2421875,0.0,11.24998664855957
21.72,-2.264345407485962,-92.1972427368164,0.0,11.953113555908203
21.76,-0.11947731673717499,-95.18553924560547,0.0,12.568350791931152
21.8,4.138669013977051,-96.15230560302734,0.0,12.656241416931152
21.82,8.063178062438965,-96.41600799560547,0.0,12.744132041931152
21.86,9.796797752380371,-96.41600799560547,0.0,12.744132041931152
21.900000000000002,12.625360488891602,-96.41600799560547,0.0,12.744132041931152
21.92,14.410859107971191,-96.41600799560547,0.0,12.744132041931152
21.96,14.860638618469238,-96.32809448242188,0.0,12.744132041931152
21.98,14.823637008666992,-96.15230560302734,0.0,12.744132041931152
22.02,14.336079597473145,-95.80074310302734,0.0,12.744132041931152
22.06,12.470142364501953,-94.92186737060547,0.0,12.656241416931152
22.080000000000002,9.55263900756836,-92.3730239868164,0.0,12.480459213256836
22.12,7.771824359893799,-89.47265625,0.0,12.480459213256836
22.16,3.7518234252929688,-85.86913299560547,0.0,11.86522388458252
22.18,3.7518234252929688,-82.2656021118164,0.0,11.337878227233887
22.22,-2.772033929824829,-79.62887573242188,0.0,10.81053352355957
22.26,-6.912381649017334,-77.43163299560547,0.0,10.371078491210938
22.28,-10.468511581420898,-76.55272674560547,0.0,10.195296287536621
22.32,-11.92867660522461,-76.28902435302734,0.0,10.107406616210938
22.36,-14.053595542907715,-76.28902435302734,0.0,10.107406616210938
22.38,-14.9708251953125,-76.28902435302734,0.0,10.107406616210938
22.42,-14.945623397827148,-76.28902435302734,0.0,10.107406616210938
22.46,-13.926395416259766,-76.64058685302734,0.0,10.107406616210938
22.48,-11.695660591125488,-78.04684448242188,0.0,10.195296287536621
22.52,-10.18111801147461,-80.068359375,0.0,10.283187866210938
22.56,-6.516002178192139,-82.96873474121094,0.0,10.458970069885254
22.580000000000002,-2.2744109630584717,-87.36328125,0.0,11.162096977233887
22.62,-0.05181920528411865,-90.79098510742188,0.0,11.777332305908203
22.66,4.35287618637085,-92.81248474121094,0.0,12.12889575958252
22.68,8.380179405212402,-94.13084411621094,0.0,12.392568588256836
22.72,10.138166427612305,-94.21873474121094,0.0,12.392568588256836
22.76,12.945497512817383,-94.21873474121094,0.0,12.392568588256836
22.78,14.605060577392578,-94.21873474121094,0.0,12.392568588256836
22.82,14.952008247375488,-94.21873474121094,0.0,12.392568588256836
22.86,14.637540817260742,-93.95507049560547,0.0,12.392568588256836
22.88,13.009385108947754,-93.42771911621094,0.0,12.392568588256836
22.92,11.742131233215332,-92.10935974121094,0.0,12.30467700958252
22.94,8.440699577331543,-90.0878677368164,0.0,12.216787338256836
22.98,6.480311393737793,-87.27536010742188,0.0,12.12889575958252
23.02,2.1600496768951416,-84.19920349121094,0.0,11.601550102233887
23.04,-2.363166093826294,-81.0351333618164,0.0,11.07420539855957
23.080000000000002,-4.572153091430664,-79.013671875,0.0,10.634751319885254
23.12,-8.631973266601562,-77.783203125,0.0,10.458970069885254
23.14,-8.631973266601562,-77.51950073242188,0.0,10.371078491210938
23.18,-13.152441024780273,-77.51950073242188,0.0,10.371078491210938
23.22,-14.7100830078125,-77.51950073242188,0.0,10.371078491210938
23.240000000000002,-14.7100830078125,-77.51950073242188,0.0,10.371078491210938
23.28,-14.492230415344238,-78.04684448242188,0.0,10.371078491210938
23.32,-12.654480934143066,-79.45309448242188,0.0,10.458970069885254
23.34,-9.636651039123535,-81.73826599121094,0.0,10.458970069885254
23.38,-7.767759799957275,-84.37498474121094,0.0,10.722641944885254
23.42,-3.5259342193603516,-87.80270385742188,0.0,11.24998664855957
23.44,1.052943468093872,-91.3183364868164,0.0,11.86522388458252
23.48,3.3349459171295166,-93.07615661621094,0.0,12.12889575958252
23.52,7.6148681640625,-94.21873474121094,0.0,12.392568588256836
23.54,7.6148681640625,-94.30662536621094,0.0,12.392568588256836
23.580000000000002,12.587591171264648,-94.30662536621094,0.0,12.392568588256836
23.62,14.474152565002441,-94.30662536621094,0.0,12.392568588256836
23.64,14.9852294921875,-94.13084411621094,0.0,12.392568588256836
23.68,14.702373504638672,-93.86717224121094,0.0,12.392568588256836
23.72,13.089609146118164,-93.51560974121094,0.0,12.392568588256836
23.740000000000002,13.089609146118164,-91.8456802368164,0.0,12.216787338256836
23.78,8.391061782836914,-89.38473510742188,0.0,12.12889575958252
23.82,4.1710662841796875,-86.22066497802734,0.0,11.953113555908203
23.84,4.1710662841796875,-83.14451599121094,0.0,11.513660430908203
23.88,-2.7878217697143555,-80.5077896118164,0.0,10.98631477355957
23.92,-7.191776752471924,-78.92575073242188,0.0,10.634751319885254
23.94,-10.90147876739502,-78.39840698242188,0.0,10.546859741210938
23.98,-12.378094673156738,-78.39840698242188,0.0,10.546859741210938
24.02,-14.390979766845703,-78.39840698242188,0.0,10.546859741210938
24.04,-14.99376106262207,-78.39840698242188,0.0,10.546859741210938
24.080000000000002,-14.740128517150879,-79.10153198242188,0.0,10.546859741210938
24.1,-13.149938583374023,-80.068359375,0.0,10.634751319885254
24.14,-11.851284980773926,-82.0019302368164,0.0,10.634751319885254
24.18,-8.404186248779297,-84.19920349121094,0.0,10.722641944885254
24.2,-8.404186248779297,-87.97847747802734,0.0,11.24998664855957
24.240000000000002,-1.7879177331924438,-91.66990661621094,0.0,11.953113555908203
24.28,2.9499595165252686,-95.53709411621094,0.0,12.656241416931152
24.3,7.399375915527344,-97.20700073242188,0.0,12.919914245605469
24.34,9.37356185913086,-97.73434448242188,0.0,13.007804870605469
24.38,12.570333480834961,-97.82225799560547,0.0,13.007804870605469
24.400000000000002,14.503436088562012,-97.82225799560547,0.0,13.007804870605469
24.44,14.927611351013184,-97.82225799560547,0.0,13.007804870605469
24.48,14.633326530456543,-97.73434448242188,0.0,13.007804870605469
24.5,12.8510103225708,-97.73434448242188,0.0,13.007804870605469
24.54,11.450974464416504,-97.47069549560547,0.0,13.007804870605469
24.580000000000002,7.808372497558594,-97.20700073242188,0.0,13.007804870605469
24.6,3.3607535362243652,-96.41600799560547,0.0,12.919914245605469
24.64,0.9746021032333374,-94.65818786621094,0.0,12.832022666931152
24.68,-3.816199541091919,-92.54881286621094,0.0,12.744132041931152
24.7,-8.220158576965332,-90.52735137939453,0.0,12.656241416931152
24.740000000000002,-10.131327629089355,-89.56051635742188,0.0,12.568350791931152
24.78,-13.12186050415039,-89.12109375,0.0,12.480459213256836
24.8,-14.752681732177734,-89.03317260742188,0.0,12.480459213256836
24.84,-14.997093200683594,-89.03317260742188,0.0,12.480459213256836
24.88,-14.307762145996094,-89.03317260742188,0.0,12.480459213256836
24.900000000000002,-12.119140625,-89.2089614868164,0.0,12.480459213256836
24.94,-10.526700019836426,-90.703125,0.0,12.568350791931152
24.98,-6.551648139953613,-92.2851333618164,0.0,12.568350791931152
25.0,-1.8797739744186401,-95.00975036621094,0.0,12.568350791931152
25.04,0.5655788779258728,-96.32809448242188,0.0,12.744132041931152
25.080000000000002,5.351463317871094,-96.94335174560547,0.0,12.832022666931152
25.1,9.575475692749023,-97.03121185302734,0.0,12.832022666931152
25.14,11.331729888916016,-97.03121185302734,0.0,12.832022666931152
25.18,13.895414352416992,-97.03121185302734,0.0,12.919914245605469
25.2,14.975308418273926,-97.03121185302734,0.0,12.832022666931152
25.240000000000002,14.913919448852539,-96.94335174560547,0.0,12.832022666931152
25.28,13.592379570007324,-96.67965698242188,0.0,12.832022666931152
25.3,10.803380012512207,-96.41600799560547,0.0,12.832022666931152
25.34,8.945341110229492,-95.27342987060547,0.0,12.744132041931152
25.38,4.550812244415283,-93.07615661621094,0.0,12.656241416931152
25.400000000000002,-0.34414955973625183,-90.17578887939453,0.0,12.568350791931152
25.44,-2.814053773880005,-87.97847747802734,0.0,12.30467700958252
25.46,-7.46149206161499,-86.30858612060547,0.0,11.953113555908203
25.5,-9.51070499420166,-85.51757049560547,0.0,11.86522388458252
25.54,-12.777023315429688,-85.25389099121094,0.0,11.86522388458252
25.560000000000002,-12.777023315429688,-85.25389099121094,0.0,11.86522388458252
25.6,-14.980098724365234,-85.25389099121094,0.0,11.86522388458252
25.64,-14.406140327453613,-85.25389099121094,0.0,11.777332305908203
25.66,-14.406140327453613,-86.30858612060547,0.0,11.86522388458252
25.7,-10.621392250061035,-88.15426635742188,0.0,11.953113555908203
25.740000000000002,-6.547983646392822,-90.52735137939453,0.0,11.953113555908203
25.76,-1.7391544580459595,-93.33982849121094,0.0,12.216787338256836
25.8,0.7758118510246277,-95.53709411621094,0.0,12.568350791931152
25.84,5.675118446350098,-96.59178924560547,0.0,12.744132041931152
25.86,9.944181442260742,-96.94335174560547,0.0,12.832022666931152
25.900000000000002,11.687154769897461,-96.94335174560547,0.0,12.832022666931152
25.94,14.14116382598877,-96.94335174560547,0.0,12.832022666931152
25.96,14.999967575073242,-96.94335174560547,0.0,12.832022666931152
26.0,14.791133880615234,-96.85543823242188,0.0,12.832022666931152
26.02,13.12218952178955,-96.767578125,0.0,12.832022666931152
26.060000000000002,11.708118438720703,-96.50386810302734,0.0,12.832022666931152
26.1,7.918595790863037,-96.24022674560547,0.0,12.832022666931152
26.12,3.218574285507202,-94.13084411621094,0.0,12.656241416931152
26.16,0.6917346715927124,-92.02146911621094,0.0,12.568350791931152
26.2,-4.353525638580322,-90.0,0.0,12.568350791931152
26.22,-4.353525638580322,-88.2421875,0.0,12.30467700958252
26.26,-10.82580280303955,-87.53905487060547,0.0,12.216787338256836
26.3,-13.679765701293945,-87.53905487060547,0.0,12.216787338256836
26.32,-14.951537132263184,-87.53905487060547,0.0,12.216787338256836
26.36,-14.938042640686035,-87.53905487060547,0.0,12.216787338256836
26.400000000000002,-13.609745979309082,-87.97847747802734,0.0,12.216787338256836
26.42,-10.690669059753418,-89.03317260742188,0.0,12.216787338256836
26.46,-8.73290729522705,-90.703125,0.0,12.30467700958252
26.5,-4.104944705963135,-92.3730239868164,0.0,12.30467700958252
26.52,1.011857271194458,-95.00975036621094,0.0,12.480459213256836
26.560000000000002,3.5661706924438477,-95.88866424560547,0.0,12.656241416931152
26.6,8.288932800292969,-96.32809448242188,0.0,12.656241416931152
26.62,12.036750793457031,-96.32809448242188,0.0,12.744132041931152
26.66,13.398782730102539,-96.32809448242188,0.0,12.656241416931152
26.68,14.892793655395508,-96.32809448242188,0.0,12.656241416931152
26.72,14.978240013122559,-96.24022674560547,0.0,12.656241416931152
26.76,13.808697700500488,-96.15230560302734,0.0,12.744132041931152
26.78,10.9847412109375,-95.80074310302734,0.0,12.656241416931152
26.82,9.049267768859863,-95.27342987060547,0.0,12.656241416931152
26.86,4.419093132019043,-93.33982849121094,0.0,12.480459213256836
26.88,-0.749822735786438,-90.52735137939453,0.0,12.480459213256836
26.92,-3.342446804046631,-88.59375,0.0,12.392568588256836
26.96,-8.15113639831543,-87.36328125,0.0,12.12889575958252
26.98,-8.15113639831543,-86.74800872802734,0.0,12.04100513458252
27.02,-13.368537902832031,-86.74800872802734,0.0,12.04100513458252
27.060000000000002,-14.892578125,-86.74800872802734,0.0,12.04100513458252
27.080000000000002,-14.892578125,-86.74800872802734,0.0,12.04100513458252
27.12,-13.770943641662598,-87.27536010742188,0.0,12.04100513458252
27.16,-10.874396324157715,-88.68161010742188,0.0,12.12889575958252
27.18,-10.874396324157715,-90.9667739868164,0.0,12.216787338256836
27.22,-4.1710662841796875,-93.1640396118164,0.0,12.216787338256836
27.26,1.0732579231262207,-95.44921112060547,0.0,12.568350791931152
27.28,6.191528797149658,-96.50386810302734,0.0,12.744132041931152
27.32,8.501951217651367,-96.67965698242188,0.0,12.744132041931152
27.34,12.263879776000977,-96.67965698242188,0.0,12.744132041931152
27.38,13.596109390258789,-96.67965698242188,0.0,12.744132041931152
27.42,14.951099395751953,-96.67965698242188,0.0,12.744132041931152
27.44,14.436206817626953,-96.67965698242188,0.0,12.744132041931152
27.48,13.486227989196777,-96.50386810302734,0.0,12.744132041931152
27.52,10.346132278442383,-96.15230560302734,0.0,12.744132041931152
27.54,10.346132278442383,-95.80074310302734,0.0,12.744132041931152
27.580000000000002,3.352813959121704,-93.69139099121094,0.0,12.568350791931152
27.62,-1.9789609909057617,-91.66990661621094,0.0,12.480459213256836
27.64,-7.066547870635986,-89.56051635742188,0.0,12.480459213256836
27.68,-9.312841415405273,-88.41796112060547,0.0,12.392568588256836
27.72,-12.850076675415039,-88.06639862060547,0.0,12.30467700958252
27.740000000000002,-14.750672340393066,-88.06639862060547,0.0,12.30467700958252
27.78,-14.999945640563965,-88.06639862060547,0.0,12.30467700958252
27.82,-14.051774978637695,-88.06639862060547,0.0,12.30467700958252
27.84,-11.295774459838867,-88.8573989868164,0.0,12.30467700958252
27.88,-9.34048843383789,-90.3515625,0.0,12.392568588256836
27.92,-4.587667942047119,-91.9335708618164,0.0,12.392568588256836
27.94,0.7649645209312439,-94.65818786621094,0.0,12.480459213256836
27.98,3.4506664276123047,-95.88866424560547,0.0,12.656241416931152
28.02,8.40381145477295,-96.50386810302734,0.0,12.744132041931152
28.04,12.268438339233398,-96.59178924560547,0.0,12.744132041931152
28.080000000000002,13.62606430053711,-96.59178924560547,0.0,12.744132041931152
28.12,14.965771675109863,-96.59178924560547,0.0,12.744132041931152
28.14,14.344640731811523,-96.59178924560547,0.0,12.744132041931152
28.18,13.311841011047363,-96.50386810302734,0.0,12.744132041931152
28.2,9.96737003326416,-96.24022674560547,0.0,12.744132041931152
28.240000000000002,7.765243053436279,-95.97653198242188,0.0,12.744132041931152
28.28,2.662321090698242,-95.09764099121094,0.0,12.656241416931152
28.3,-2.7998273372650146,-92.90037536621094,0.0,12.480459213256836
28.34,-5.43866491317749,-91.4941177368164,0.0,12.480459213256836
28.38,-10.091547012329102,-90.79098510742188,0.0,12.480459213256836
28.400000000000002,-13.404271125793457,-90.703125,0.0,12.480459213256836
28.44,-14.40928840637207,-90.703125,0.0,12.480459213256836
28.48,-14.94385814666748,-90.703125,0.0,12.480459213256836
28.5,-14.94385814666748,-90.8788833618164,0.0,12.480459213256836
28.54,-12.034725189208984,-91.58201599121094,0.0,12.480459213256836
28.580000000000002,-7.991112232208252,-92.54881286621094,0.0,12.568350791931152
28.6,-7.991112232208252,-94.92186737060547,0.0,12.568350791931152
28.64,-0.10409034788608551,-96.59178924560547,0.0,12.744132041931152
28.68,5.334547996520996,-97.998046875,0.0,13.007804870605469
28.7,10.054491996765137,-98.876953125,0.0,13.183586120605469
28.740000000000002,11.936766624450684,-99.1406021118164,0.0,13.183586120605469
28.78,14.420989036560059,-99.1406021118164,0.0,13.183586120605469
28.8,14.934521675109863,-99.1406021118164,0.0,13.183586120605469
28.84,14.416810035705566,-99.1406021118164,0.0,13.183586120605469
28.88,11.916593551635742,-99.1406021118164,0.0,13.183586120605469
28.900000000000002,7.771824359893799,-99.1406021118164,0.0,13.183586120605469
28.94,5.252610206604004,-98.96481323242188,0.0,13.183586120605469
28.98,-0.24596096575260162,-98.61325073242188,0.0,13.183586120605469
29.0,-5.717194557189941,-98.2616958618164,0.0,13.183586120605469
29.04,-8.20197868347168,-97.646484375,0.0,13.095695495605469
29.080000000000002,-12.235147476196289,-97.20700073242188,0.0,13.095695495605469
29.1,-14.566303253173828,-97.03121185302734,0.0,13.007804870605469
29.14,-14.978976249694824,-97.03121185302734,0.0,13.095695495605469
29.18,-14.221366882324219,-97.03121185302734,0.0,13.095695495605469
29.2,-11.466160774230957,-97.20700073242188,0.0,13.095695495605469
29.240000000000002,-9.44844913482666,-97.38278198242188,0.0,13.095695495605469
29.28,-4.485000133514404,-97.82225799560547,0.0,13.095695495605469
29.3,1.1181683540344238,-99.052734375,0.0,13.183586120605469
29.34,3.9130594730377197,-100.10742950439453,0.0,13.359368324279785
29.36,8.9928617477417,-100.283203125,0.0,13.447259902954102
29.400000000000002,11.095037460327148,-100.283203125,0.0,13.447259902954102
29.44,14.046303749084473,-100.283203125,0.0,13.447259902954102
29.46,14.996475219726562,-100.283203125,0.0,13.447259902954102
29.5,14.664326667785645,-100.283203125,0.0,13.447259902954102
29.54,12.440131187438965,-100.1952896118164,0.0,13.447259902954102
29.560000000000002,12.440131187438965,-100.10742950439453,0.0,13.447259902954102
29.6,5.919295310974121,-99.931640625,0.0,13.447259902954102
29.64,0.3529722988605499,-99.58008575439453,0.0,13.359368324279785
29.66,0.3529722988605499,-97.998046875,0.0,13.271477699279785
29.7,-7.84736442565918,-97.11913299560547,0.0,13.271477699279785
29.740000000000002,-12.058993339538574,-96.767578125,0.0,13.183586120605469
29.76,-14.52208423614502,-96.767578125,0.0,13.183586120605469
29.8,-14.972081184387207,-96.767578125,0.0,13.183586120605469
29.84,-14.221870422363281,-96.767578125,0.0,13.183586120605469
29.86,-11.389798164367676,-96.767578125,0.0,13.183586120605469
29.900000000000002,-9.309825897216797,-97.11913299560547,0.0,13.183586120605469
29.94,-4.200618267059326,-97.47069549560547,0.0,13.183586120605469
29.96,1.5331156253814697,-98.43746948242188,0.0,13.271477699279785
30.0,4.370846271514893,-99.404296875,0.0,13.359368324279785
30.04,9.462502479553223,-99.755859375,0.0,13.359368324279785
30.060000000000002,13.15842056274414,-99.755859375,0.0,13.359368324279785
30.1,14.299379348754883,-99.755859375,0.0,13.359368324279785
30.14,14.950440406799316,-99.755859375,0.0,13.359368324279785
30.16,13.373869895935059,-99.755859375,0.0,13.359368324279785
30.2,11.808852195739746,-99.755859375,0.0,13.359368324279785
30.240000000000002,7.413937091827393,-99.58008575439453,0.0,13.359368324279785
30.26,1.9019975662231445,-99.1406021118164,0.0,13.359368324279785
30.3,-1.0186302661895752,-97.73434448242188,0.0,13.271477699279785
30.34,-6.639445781707764,-96.85543823242188,0.0,13.183586120605469
30.36,-11.26504898071289,-96.59178924560547,0.0,13.183586120605469
30.400000000000002,-12.976025581359863,-96.59178924560547,0.0,13.183586120605469
30.44,-14.866063117980957,-96.59178924560547,0.0,13.183586120605469
30.46,-14.5015287399292,-96.59178924560547,0.0,13.183586120605469
30.5,-13.475014686584473,-96.59178924560547,0.0,13.183586120605469
30.54,-9.924345016479492,-96.85543823242188,0.0,13.183586120605469
30.560000000000002,-4.85378360748291,-97.47069549560547,0.0,13.183586120605469
30.6,-1.9832228422164917,-98.34960174560547,0.0,13.271477699279785
30.64,3.8791890144348145,-99.4921646118164,0.0,13.359368324279785
30.66,9.152337074279785,-100.0195083618164,0.0,13.359368324279785
30.7,11.306487083435059,-100.0195083618164,0.0,13.447259902954102
30.72,14.230836868286133,-100.0195083618164,0.0,13.359368324279785
30.76,14.885294914245605,-100.0195083618164,0.0,13.447259902954102
30.8,14.447032928466797,-100.0195083618164,0.0,13.447259902954102
30.82,11.766871452331543,-99.931640625,0.0,13.447259902954102
30.86,9.701525688171387,-99.84371948242188,0.0,13.359368324279785
30.900000000000002,4.5188889503479,-99.58008575439453,0.0,13.359368324279785
30.92,4.5188889503479,-98.61325073242188,0.0,13.271477699279785
30.96,-4.301959991455078,-96.94335174560547,0.0,13.271477699279785
31.0,-9.54129409790039,-95.53709411621094,0.0,13.183586120605469
31.02,-9.54129409790039,-93.95507049560547,0.0,13.183586120605469
31.060000000000002,-14.40468978881836,-93.33982849121094,0.0,13.095695495605469
31.1,-14.89733600616455,-93.25193786621094,0.0,13.095695495605469
31.12,-14.89733600616455,-93.25193786621094,0.0,13.095695495605469
31.16,-11.300983428955078,-93.25193786621094,0.0,13.095695495605469
31.2,-6.555108070373535,-93.25193786621094,0.0,13.095695495605469
31.220000000000002,-0.7622526288032532,-93.51560974121094,0.0,13.095695495605469
31.26,2.2424211502075195,-94.39452362060547,0.0,13.183586120605469
31.3,7.868566989898682,-94.48241424560547,0.0,13.183586120605469
31.32,12.243389129638672,-94.57029724121094,0.0,13.183586120605469
31.36,13.73007583618164,-94.48241424560547,0.0,13.183586120605469
31.400000000000002,14.999077796936035,-94.48241424560547,0.0,13.183586120605469
31.42,13.857868194580078,-94.39452362060547,0.0,13.183586120605469
31.46,12.423417091369629,-93.95507049560547,0.0,13.183586120605469
31.5,8.111775398254395,-92.98826599121094,0.0,13.095695495605469
31.52,2.4833080768585205,-90.9667739868164,0.0,12.832022666931152
31.560000000000002,-0.5456794500350952,-88.76953125,0.0,12.392568588256836
31.6,-6.418407917022705,-86.74800872802734,0.0,12.04100513458252
31.62,-11.253536224365234,-85.34178924560547,0.0,11.86522388458252
31.66,-13.0242280960083,-85.07810974121094,0.0,11.777332305908203
31.7,-14.90587329864502,-85.07810974121094,0.0,11.777332305908203
31.720000000000002,-14.350384712219238,-85.07810974121094,0.0,11.777332305908203
31.76,-13.168835639953613,-85.07810974121094,0.0,11.777332305908203
31.78,-9.236011505126953,-85.34178924560547,0.0,11.777332305908203
31.82,-6.646344184875488,-86.30858612060547,0.0,11.86522388458252
31.86,-0.7516307830810547,-87.97847747802734,0.0,11.86522388458252
31.88,-0.7516307830810547,-90.3515625,0.0,11.953113555908203
31.92,8.020390510559082,-91.3183364868164,0.0,11.953113555908203
31.96,12.409323692321777,-91.4062271118164,0.0,11.953113555908203
31.98,14.74146842956543,-91.4062271118164,0.0,11.953113555908203
32.02,14.997133255004883,-91.4062271118164,0.0,11.953113555908203
32.06,13.628995895385742,-91.4062271118164,0.0,11.953113555908203
32.08,9.981904029846191,-91.3183364868164,0.0,11.953113555908203
32.12,7.479544639587402,-90.52735137939453,0.0,11.953113555908203
32.160000000000004,1.6390982866287231,-89.03317260742188,0.0,11.86522388458252
32.18,-4.483272552490234,-86.66014862060547,0.0,11.86522388458252
32.22,-7.325443744659424,-85.25389099121094,0.0,11.777332305908203
32.26,-11.969849586486816,-84.90233612060547,0.0,11.777332305908203
32.28,-14.595982551574707,-84.90233612060547,0.0,11.777332305908203
32.32,-14.99518871307373,-84.90233612060547,0.0,11.777332305908203
32.34,-13.875814437866211,-84.90233612060547,0.0,11.777332305908203
32.38,-12.403091430664062,-85.16600036621094,0.0,11.777332305908203
32.42,-7.940493106842041,-86.13280487060547,0.0,11.777332305908203
32.44,-2.1183910369873047,-87.97847747802734,0.0,11.86522388458252
32.480000000000004,0.9976332783699036,-89.91207885742188,0.0,11.86522388458252
32.52,6.972357749938965,-91.23045349121094,0.0,11.953113555908203
32.54,11.757322311401367,-91.3183364868164,0.0,11.953113555908203
32.58,13.43319320678711,-91.3183364868164,0.0,11.953113555908203
32.62,14.986099243164062,-91.3183364868164,0.0,11.953113555908203
32.64,13.954795837402344,-91.23045349121094,0.0,11.953113555908203
32.68,12.505868911743164,-91.23045349121094,0.0,11.953113555908203
32.72,8.050580978393555,-90.6152114868164,0.0,11.953113555908203
32.74,2.1934094429016113,-89.03317260742188,0.0,11.86522388458252
32.78,-0.9490845203399658,-86.92379760742188,0.0,11.777332305908203
32.82,-6.9773664474487305,-85.25389099121094,0.0,11.777332305908203
32.84,-11.794466018676758,-84.63865661621094,0.0,11.689441680908203
32.88,-13.471732139587402,-84.63865661621094,0.0,11.689441680908203
32.92,-14.991520881652832,-84.63865661621094,0.0,11.689441680908203
32.94,-13.881823539733887,-84.63865661621094,0.0,11.689441680908203
32.980000000000004,-12.381416320800781,-85.07810974121094,0.0,11.689441680908203
33.0,-7.815326690673828,-86.04489135742188,0.0,11.777332305908203
33.04,-4.951516151428223,-87.62692260742188,0.0,11.86522388458252
33.08,1.3067225217819214,-89.64844512939453,0.0,11.86522388458252
33.1,1.3067225217819214,-91.58201599121094,0.0,11.953113555908203
33.14,9.931130409240723,-92.1972427368164,0.0,12.04100513458252
33.18,13.681806564331055,-92.1972427368164,0.0,12.04100513458252
33.2,13.681806564331055,-92.1972427368164,0.0,12.04100513458252
33.24,14.652078628540039,-92.1972427368164,0.0,12.04100513458252
33.28,12.014840126037598,-92.02146911621094,0.0,12.04100513458252
33.3,7.223132133483887,-92.02146911621094,0.0,12.04100513458252
33.34,4.274421215057373,-90.79098510742188,0.0,11.953113555908203
33.38,-2.067750930786133,-89.29686737060547,0.0,11.86522388458252
33.4,-8.044279098510742,-87.45114135742188,0.0,11.86522388458252
33.44,-10.550048828125,-86.57222747802734,0.0,11.86522388458252
33.480000000000004,-14.026515007019043,-86.39645385742188,0.0,11.86522388458252
33.5,-14.966651916503906,-86.39645385742188,0.0,11.86522388458252
33.54,-14.41023063659668,-86.39645385742188,0.0,11.86522388458252
33.58,-11.365466117858887,-86.39645385742188,0.0,11.86522388458252
33.62,-6.247949600219727,-87.62692260742188,0.0,11.86522388458252
33.64,-6.247949600219727,-89.64844512939453,0.0,11.86522388458252
33.68,3.2223312854766846,-91.66990661621094,0.0,11.953113555908203
33.72,9.052335739135742,-93.33982849121094,0.0,12.216787338256836
33.74,13.22733211517334,-94.48241424560547,0.0,12.392568588256836
33.78,14.43645191192627,-94.39452362060547,0.0,12.392568588256836
33.82,14.81413745880127,-94.48241424560547,0.0,12.392568588256836
33.84,12.458812713623047,-94.39452362060547,0.0,12.392568588256836
33.88,10.371335983276367,-94.30662536621094,0.0,12.392568588256836
33.92,4.856138706207275,-94.21873474121094,0.0,12.392568588256836
33.94,-1.5657514333724976,-93.86717224121094,0.0,12.392568588256836
33.980000000000004,-4.745303153991699,-93.42771911621094,0.0,12.392568588256836
34.0,-10.299670219421387,-92.90037536621094,0.0,12.30467700958252
34.04,-12.411611557006836,-92.81248474121094,0.0,12.30467700958252
34.08,-14.807076454162598,-92.81248474121094,0.0,12.30467700958252
34.1,-14.807076454162598,-92.81248474121094,0.0,12.30467700958252
34.14,-13.207324028015137,-92.81248474121094,0.0,12.30467700958252
34.18,-8.957688331604004,-93.42771911621094,0.0,12.30467700958252
34.2,-8.957688331604004,-94.57029724121094,0.0,12.392568588256836
34.24,0.24437718093395233,-95.36132049560547,0.0,12.480459213256836
34.28,6.5839948654174805,-96.41600799560547,0.0,12.744132041931152
34.300000000000004,6.5839948654174805,-96.85543823242188,0.0,12.832022666931152
34.34,13.452069282531738,-96.85543823242188,0.0,12.832022666931152
34.38,14.997299194335938,-96.85543823242188,0.0,12.832022666931152
34.4,13.691251754760742,-96.85543823242188,0.0,12.832022666931152
34.44,13.691251754760742,-96.85543823242188,0.0,12.832022666931152
34.480000000000004,12.023234367370605,-96.767578125,0.0,12.832022666931152
34.52,0.7247354388237,-96.41600799560547,0.0,12.832022666931152
34.54,-5.746679306030273,-96.06444549560547,0.0,12.832022666931152
34.58,-8.643259048461914,-95.71288299560547,0.0,12.744132041931152
34.62,-13.058216094970703,-95.62499237060547,0.0,12.744132041931152
34.64,-14.961376190185547,-95.62499237060547,0.0,12.744132041931152
34.68,-14.961376190185547,-95.62499237060547,0.0,12.744132041931152
34.72,-12.437475204467773,-95.71288299560547,0.0,12.744132041931152
34.74,-7.6308488845825195,-96.24022674560547,0.0,12.744132041931152
34.78,-4.5982232093811035,-96.85543823242188,0.0,12.832022666931152
34.82,1.9901758432388306,-97.38278198242188,0.0,12.919914245605469
34.84,1.9901758432388306,-97.73434448242188,0.0,13.007804870605469
34.88,10.770044326782227,-97.73434448242188,0.0,13.007804870605469
34.92,14.219422340393066,-97.73434448242188,0.0,13.007804870605469
34.94,14.887960433959961,-97.73434448242188,0.0,13.007804870605469
34.980000000000004,14.112866401672363,-97.73434448242188,0.0,13.007804870605469
35.02,10.528956413269043,-97.73434448242188,0.0,13.007804870605469
35.04,4.868768692016602,-97.55856323242188,0.0,13.007804870605469
35.08,1.5963548421859741,-97.20700073242188,0.0,13.007804870605469
35.12,-5.025353908538818,-96.94335174560547,0.0,13.007804870605469
35.14,-10.65919303894043,-96.67965698242188,0.0,12.919914245605469
35.18,-12.741568565368652,-96.32809448242188,0.0,12.919914245605469
35.22,-14.915149688720703,-96.24022674560547,0.0,12.919914245605469
35.24,-14.123568534851074,-96.24022674560547,0.0,12.919914245605469
35.28,-12.63914966583252,-96.41600799560547,0.0,12.919914245605469
35.32,-7.858739376068115,-96.67965698242188,0.0,12.919914245605469
35.34,-1.5018234252929688,-97.20700073242188,0.0,12.919914245605469
35.38,1.877079963684082,-97.55856323242188,0.0,13.007804870605469
35.42,8.187005996704102,-97.73434448242188,0.0,13.007804870605469
35.44,12.857192039489746,-97.73434448242188,0.0,13.007804870605469
35.480000000000004,14.263188362121582,-97.73434448242188,0.0,13.007804870605469
35.52,14.856672286987305,-97.73434448242188,0.0,13.007804870605469
35.54,12.448090553283691,-97.73434448242188,0.0,13.007804870605469
35.58,10.245585441589355,-97.55856323242188,0.0,13.007804870605469
35.62,4.398761749267578,-97.294921875,0.0,13.007804870605469
35.64,-2.347522735595703,-97.03121185302734,0.0,13.007804870605469
35.68,-5.629424571990967,-96.32809448242188,0.0,12.919914245605469
35.7,-11.171769142150879,-95.88866424560547,0.0,12.832022666931152
35.74,-13.144599914550781,-95.80074310302734,0.0,12.832022666931152
35.78,-14.983832359313965,-95.88866424560547,0.0,12.832022666931152
35.800000000000004,-13.755196571350098,-95.88866424560547,0.0,12.832022666931152
35.84,-12.042149543762207,-96.15230560302734,0.0,12.832022666931152
35.88,-6.85427713394165,-96.50386810302734,0.0,12.832022666931152
35.9,-0.24980729818344116,-97.03121185302734,0.0,12.919914245605469
35.94,3.1632978916168213,-97.38278198242188,0.0,13.007804870605469
35.980000000000004,9.327912330627441,-97.47069549560547,0.0,13.007804870605469
36.0,9.327912330627441,-97.47069549560547,0.0,13.007804870605469
36.04,14.667887687683105,-97.47069549560547,0.0,13.007804870605469
36.08,14.53731918334961,-97.47069549560547,0.0,12.919914245605469
36.1,14.53731918334961,-97.47069549560547,0.0,13.007804870605469
36.14,8.850611686706543,-97.294921875,0.0,13.007804870605469
36.18,2.538635015487671,-97.03121185302734,0.0,13.007804870605469
36.2,-4.310413837432861,-96.67965698242188,0.0,12.919914245605469
36.24,-7.484643936157227,-96.06444549560547,0.0,12.832022666931152
36.28,-12.49636459350586,-95.71288299560547,0.0,12.832022666931152
36.300000000000004,-14.885964393615723,-95.71288299560547,0.0,12.832022666931152
36.34,-14.912339210510254,-95.71288299560547,0.0,12.832022666931152
36.38,-12.615331649780273,-95.71288299560547,0.0,12.832022666931152
36.4,-7.650516510009766,-95.71288299560547,0.0,12.832022666931152
36.44,-4.4767937660217285,-95.97653198242188,0.0,12.832022666931152
36.480000000000004,2.41343092918396,-96.67965698242188,0.0,12.832022666931152
36.5,8.797728538513184,-97.03121185302734,0.0,12.919914245605469
36.54,11.362808227539062,-97.03121185302734,0.0,12.919914245605469
36.58,14.550553321838379,-97.03121185302734,0.0,12.919914245605469
36.6,14.63536262512207,-97.03121185302734,0.0,12.919914245605469
36.64,13.47849178314209,-96.94335174560547,0.0,12.919914245605469
36.68,9.07072925567627,-96.85543823242188,0.0,12.919914245605469
36.7,2.7126340866088867,-96.59178924560547,0.0,12.919914245605469
36.74,-0.7814613580703735,-96.15230560302734,0.0,12.919914245605469
36.78,-7.458547115325928,-95.00975036621094,0.0,12.832022666931152
36.800000000000004,-12.533661842346191,-93.95507049560547,0.0,12.744132041931152
36.84,-14.105722427368164,-93.69139099121094,0.0,12.744132041931152
36.88,-14.88768482208252,-93.6034927368164,0.0,12.744132041931152
36.9,-12.443796157836914,-93.6034927368164,0.0,12.744132041931152
36.94,-10.14966869354248,-93.77928161621094,0.0,12.744132041931152
36.980000000000004,-4.036993980407715,-94.13084411621094,0.0,12.744132041931152
37.0,2.9608302116394043,-94.65818786621094,0.0,12.744132041931152
37.04,6.313912391662598,-94.83397674560547,0.0,12.744132041931152
37.06,11.809131622314453,-94.83397674560547,0.0,12.744132041931152
37.1,13.645206451416016,-94.83397674560547,0.0,12.744132041931152
37.14,14.985249519348145,-94.83397674560547,0.0,12.744132041931152
37.160000000000004,13.036109924316406,-94.65818786621094,0.0,12.744132041931152
37.2,10.932205200195312,-94.57029724121094,0.0,12.744132041931152
37.24,5.041128635406494,-94.04296112060547,0.0,12.744132041931152
37.26,-1.9679694175720215,-93.07615661621094,0.0,12.744132041931152
37.300000000000004,-5.409128665924072,-92.02146911621094,0.0,12.744132041931152
37.34,-11.20928955078125,-91.3183364868164,0.0,12.744132041931152
37.36,-14.528860092163086,-91.3183364868164,0.0,12.744132041931152
37.4,-14.998662948608398,-91.3183364868164,0.0,12.744132041931152
37.44,-13.421392440795898,-91.3183364868164,0.0,12.744132041931152
37.46,-13.421392440795898,-91.3183364868164,0.0,12.744132041931152
37.52,-11.460906982421875,-91.8456802368164,0.0,12.744132041931152
37.54,-5.738945007324219,-93.77928161621094,0.0,12.832022666931152
37.58,8.003364562988281,-95.62499237060547,0.0,12.832022666931152
37.62,12.945383071899414,-96.85543823242188,0.0,12.919914245605469
37.64,14.980757713317871,-97.20700073242188,0.0,12.919914245605469
37.68,14.732950210571289,-97.20700073242188,0.0,12.919914245605469
37.72,11.770238876342773,-97.20700073242188,0.0,12.919914245605469
37.74,6.144705772399902,-97.20700073242188,0.0,12.919914245605469
37.78,2.712411403656006,-97.20700073242188,0.0,12.919914245605469
37.82,-4.418660640716553,-97.11913299560547,0.0,12.919914245605469
37.84,-10.552783012390137,-97.11913299560547,0.0,12.919914245605469
37.88,-12.790873527526855,-97.11913299560547,0.0,12.919914245605469
37.9,-14.965771675109863,-97.11913299560547,0.0,12.919914245605469
37.94,-14.774446487426758,-97.11913299560547,0.0,12.919914245605469
37.980000000000004,-11.882841110229492,-97.20700073242188,0.0,12.919914245605469
38.0,-6.268514156341553,-97.55856323242188,0.0,12.919914245605469
38.04,-2.822943925857544,-98.34960174560547,0.0,13.007804870605469
38.08,4.356124401092529,-99.404296875,0.0,13.183586120605469
38.1,4.356124401092529,-100.1952896118164,0.0,13.359368324279785
38.14,12.793591499328613,-100.1952896118164,0.0,13.359368324279785
38.18,14.969209671020508,-100.1952896118164,0.0,13.447259902954102
38.2,14.969209671020508,-100.1952896118164,0.0,13.359368324279785
38.24,11.807456970214844,-100.1952896118164,0.0,13.359368324279785
38.28,6.1137261390686035,-100.1952896118164,0.0,13.447259902954102
38.300000000000004,6.1137261390686035,-100.10742950439453,0.0,13.359368324279785
38.34,-4.585728645324707,-99.931640625,0.0,13.447259902954102
38.38,-10.742443084716797,-99.755859375,0.0,13.359368324279785
38.4,-14.397345542907715,-99.4921646118164,0.0,13.359368324279785
38.44,-14.987879753112793,-99.4921646118164,0.0,13.359368324279785
38.480000000000004,-13.515809059143066,-99.4921646118164,0.0,13.359368324279785
38.5,-8.87233829498291,-99.4921646118164,0.0,13.359368324279785
38.54,-5.676165580749512,-99.4921646118164,0.0,13.359368324279785
38.58,1.5263625383377075,-99.84371948242188,0.0,13.359368324279785
38.6,8.375675201416016,-100.10742950439453,0.0,13.359368324279785
38.64,11.148181915283203,-100.10742950439453,0.0,13.359368324279785
38.68,14.563922882080078,-100.10742950439453,0.0,13.359368324279785
38.7,14.533742904663086,-100.10742950439453,0.0,13.359368324279785
38.74,13.192276000976562,-100.10742950439453,0.0,13.359368324279785
38.78,8.249852180480957,-100.10742950439453,0.0,13.359368324279785
38.800000000000004,1.339856743812561,-99.931640625,0.0,13.359368324279785
38.84,1.339856743812561,-99.755859375,0.0,13.359368324279785
38.88,-9.087660789489746,-99.58008575439453,0.0,13.359368324279785
38.92,-13.660296440124512,-99.4921646118164,0.0,13.359368324279785
38.94,-13.660296440124512,-99.4921646118164,0.0,13.359368324279785
38.980000000000004,-14.256237030029297,-99.404296875,0.0,13.359368324279785
39.02,-10.32563304901123,-99.404296875,0.0,13.359368324279785
39.04,-10.32563304901123,-99.31637573242188,0.0,13.359368324279785
39.08,-0.23034925758838654,-99.6679458618164,0.0,13.359368324279785
39.12,6.942286968231201,-99.931640625,0.0,13.359368324279785
39.14,6.942286968231201,-100.0195083618164,0.0,13.359368324279785
39.18,14.121585845947266,-99.931640625,0.0,13.359368324279785
39.22,14.82291030883789,-100.0195083618164,0.0,13.359368324279785
39.24,14.82291030883789,-99.931640625,0.0,13.359368324279785
39.28,6.117238521575928,-99.931640625,0.0,13.359368324279785
39.32,2.545548439025879,-99.755859375,0.0,13.359368324279785
39.36,-4.845004081726074,-99.58008575439453,0.0,13.359368324279785
39.38,-4.845004081726074,-98.7890396118164,0.0,13.359368324279785
39.42,-13.221885681152344,-98.34960174560547,0.0,13.271477699279785
39.46,-14.999422073364258,-97.998046875,0.0,13.271477699279785
39.480000000000004,-14.999422073364258,-97.91011810302734,0.0,13.271477699279785
39.52,-10.865975379943848,-97.91011810302734,0.0,13.271477699279785
39.56,-4.551889896392822,-97.91011810302734,0.0,13.271477699279785
39.58,-4.551889896392822,-98.2616958618164,0.0,13.271477699279785
39.62,6.461529731750488,-99.052734375,0.0,13.271477699279785
39.660000000000004,12.18718147277832,-99.6679458618164,0.0,13.359368324279785
39.68,14.894140243530273,-99.755859375,0.0,13.359368324279785
39.72,14.867386817932129,-99.755859375,0.0,13.359368324279785
39.76,12.05535888671875,-99.755859375,0.0,13.359368324279785
39.78,6.235809326171875,-99.755859375,0.0,13.359368324279785
39.82,2.6291332244873047,-99.755859375,0.0,13.359368324279785
39.86,-4.850357532501221,-99.6679458618164,0.0,13.359368324279785
39.88,-11.121648788452148,-99.58008575439453,0.0,13.359368324279785
39.92,-13.288087844848633,-99.58008575439453,0.0,13.359368324279785
39.96,-14.99559211730957,-99.58008575439453,0.0,13.359368324279785
39.980000000000004,-12.931529998779297,-99.58008575439453,0.0,13.359368324279785
40.02,-10.609241485595703,-99.6679458618164,0.0,13.359368324279785
40.06,-4.11321496963501,-99.931640625,0.0,13.359368324279785
40.1,3.4282004833221436,-100.283203125,0.0,13.447259902954102
40.12,3.4282004833221436,-100.3710708618164,0.0,13.447259902954102
40.160000000000004,12.573419570922852,-100.3710708618164,0.0,13.447259902954102
40.2,14.966136932373047,-100.3710708618164,0.0,13.447259902954102
40.22,14.966136932373047,-100.3710708618164,0.0,13.447259902954102
40.26,11.491506576538086,-100.3710708618164,0.0,13.447259902954102
40.300000000000004,5.311911582946777,-100.283203125,0.0,13.447259902954102
40.32,-2.230785846710205,-100.10742950439453,0.0,13.447259902954102
40.36,-5.911393165588379,-100.0195083618164,0.0,13.447259902954102
40.4,-11.907241821289062,-99.931640625,0.0,13.447259902954102
40.42,-14.850554466247559,-100.0195083618164,0.0,13.447259902954102
40.46,-14.900691032409668,-99.931640625,0.0,13.447259902954102
40.5,-12.135254859924316,-99.931640625,0.0,13.447259902954102
40.52,-6.236838340759277,-100.0195083618164,0.0,13.447259902954102
40.56,-2.5642786026000977,-100.10742950439453,0.0,13.447259902954102
40.6,5.038997173309326,-100.283203125,0.0,13.447259902954102
40.62,11.342842102050781,-100.283203125,0.0,13.447259902954102
40.660000000000004,13.469244003295898,-100.283203125,0.0,13.447259902954102
40.7,14.973106384277344,-100.283203125,0.0,13.447259902954102
40.72,12.5799560546875,-100.283203125,0.0,13.447259902954102
40.76,10.076637268066406,-100.283203125,0.0,13.447259902954102
40.800000000000004,3.2704923152923584,-100.1952896118164,0.0,13.447259902954102
40.82,-4.396814823150635,-100.10742950439453,0.0,13.447259902954102
40.86,-7.920901775360107,-100.0195083618164,0.0,13.447259902954102
40.9,-13.189043998718262,-100.0195083618164,0.0,13.447259902954102
40.92,-14.99636173248291,-100.0195083618164,0.0,13.447259902954102
40.96,-14.409790992736816,-100.0195083618164,0.0,13.447259902954102
41.0,-10.443363189697266,-100.0195083618164,0.0,13.447259902954102
41.02,-3.717196226119995,-100.10742950439453,0.0,13.447259902954102
41.06,0.14414145052433014,-100.283203125,0.0,13.447259902954102
41.1,7.5834574699401855,-100.283203125,0.0,13.447259902954102
41.12,13.018386840820312,-100.283203125,0.0,13.447259902954102
41.160000000000004,14.49886417388916,-100.283203125,0.0,13.447259902954102
41.18,14.486493110656738,-100.283203125,0.0,13.447259902954102
41.22,12.991776466369629,-100.283203125,0.0,13.447259902954102
41.26,7.5185441970825195,-100.283203125,0.0,13.447259902954102
41.300000000000004,0.032811325043439865,-100.10742950439453,0.0,13.447259902954102
41.34,-7.467968940734863,-100.0195083618164,0.0,13.447259902954102
41.36,-7.467968940734863,-100.0195083618164,0.0,13.447259902954102
41.4,-14.481196403503418,-100.0195083618164,0.0,13.447259902954102
41.44,-14.49293041229248,-100.0195083618164,0.0,13.447259902954102
41.480000000000004,-10.602681159973145,-100.0195083618164,0.0,13.447259902954102
41.5,-10.602681159973145,-100.0195083618164,0.0,13.447259902954102
41.54,0.05091406777501106,-100.1952896118164,0.0,13.447259902954102
41.58,7.5779900550842285,-100.283203125,0.0,13.447259902954102
41.6,7.5779900550842285,-100.283203125,0.0,13.447259902954102
41.64,14.530153274536133,-100.283203125,0.0,13.447259902954102
41.68,14.430353164672852,-100.283203125,0.0,13.447259902954102
41.7,14.430353164672852,-100.283203125,0.0,13.447259902954102
41.74,7.221347332000732,-100.1952896118164,0.0,13.447259902954102
41.78,-0.39527446031570435,-100.10742950439453,0.0,13.447259902954102
41.800000000000004,-0.39527446031570435,-100.0195083618164,0.0,13.447259902954102
41.84,-10.969319343566895,-99.931640625,0.0,13.447259902954102
41.88,-14.636006355285645,-99.931640625,0.0,13.447259902954102
41.9,-14.636006355285645,-99.931640625,0.0,13.447259902954102
41.94,-12.588576316833496,-99.931640625,0.0,13.447259902954102
41.980000000000004,-6.724130153656006,-99.931640625,0.0,13.447259902954102
42.0,0.9996653199195862,-100.10742950439453,0.0,13.447259902954102
42.04,4.898080825805664,-100.1952896118164,0.0,13.447259902954102
42.08,11.415379524230957,-100.1952896118164,0.0,13.447259902954102
42.1,14.775656700134277,-100.1952896118164,0.0,13.447259902954102
42.14,14.934648513793945,-100.1952896118164,0.0,13.447259902954102
42.18,12.148276329040527,-100.1952896118164,0.0,13.447259902954102
42.2,5.979328155517578,-100.1952896118164,0.0,13.447259902954102
42.24,2.135638952255249,-100.10742950439453,0.0,13.447259902954102
42.28,-5.727862358093262,-100.0195083618164,0.0,13.447259902954102
42.300000000000004,-11.996933937072754,-99.931640625,0.0,13.447259902954102
42.34,-13.951639175415039,-99.931640625,0.0,13.447259902954102
42.38,-14.808917045593262,-99.931640625,0.0,13.447259902954102
42.4,-11.509811401367188,-99.931640625,0.0,13.447259902954102
42.44,-8.547381401062012,-99.931640625,0.0,13.447259902954102
42.480000000000004,-1.0373677015304565,-100.0195083618164,0.0,13.447259902954102
42.5,6.771218776702881,-100.10742950439453,0.0,13.447259902954102
42.54,10.084513664245605,-100.10742950439453,0.0,13.447259902954102
42.58,14.351174354553223,-100.10742950439453,0.0,13.447259902954102
42.6,14.557235717773438,-100.10742950439453,0.0,13.447259902954102
42.64,13.068114280700684,-100.10742950439453,0.0,13.447259902954102
42.68,7.4292755126953125,-100.10742950439453,0.0,13.447259902954102
42.7,7.4292755126953125,-100.0195083618164,0.0,13.447259902954102
42.74,-4.317782402038574,-99.931640625,0.0,13.447259902954102
42.76,-11.09610366821289,-99.58008575439453,0.0,13.447259902954102
42.800000000000004,-13.389921188354492,-99.228515625,0.0,13.359368324279785
42.84,-14.959120750427246,-99.052734375,0.0,13.359368324279785
42.88,-14.959120750427246,-98.96481323242188,0.0,13.359368324279785
42.92,-14.117461204528809,-98.876953125,0.0,13.359368324279785
42.94,-9.477418899536133,-99.052734375,0.0,13.359368324279785
42.980000000000004,5.866648197174072,-99.404296875,0.0,13.359368324279785
43.02,12.161271095275879,-99.6679458618164,0.0,13.359368324279785
43.04,14.95047664642334,-99.6679458618164,0.0,13.359368324279785
43.08,14.727396011352539,-99.6679458618164,0.0,13.359368324279785
43.12,11.119977951049805,-99.6679458618164,0.0,13.359368324279785
43.14,4.285915851593018,-99.6679458618164,0.0,13.359368324279785
43.18,0.2541061043739319,-99.58008575439453,0.0,13.359368324279785
43.22,-7.570958614349365,-99.4921646118164,0.0,13.359368324279785
43.24,-13.197872161865234,-99.4921646118164,0.0,13.359368324279785
43.28,-14.632530212402344,-99.4921646118164,0.0,13.359368324279785
43.32,-14.212780952453613,-99.4921646118164,0.0,13.359368324279785
43.34,-9.636651039123535,-99.58008575439453,0.0,13.359368324279785
43.38,-6.166372776031494,-99.84371948242188,0.0,13.359368324279785
43.4,1.86675226688385,-100.1952896118164,0.0,13.359368324279785
43.44,1.86675226688385,-100.3710708618164,0.0,13.447259902954102
43.480000000000004,12.186521530151367,-100.45899200439453,0.0,13.447259902954102
43.52,14.96021556854248,-100.45899200439453,0.0,13.447259902954102
43.56,14.96021556854248,-100.3710708618164,0.0,13.447259902954102
43.58,14.694562911987305,-100.3710708618164,0.0,13.447259902954102
43.62,3.9641523361206055,-100.283203125,0.0,13.447259902954102
43.660000000000004,-4.201052665710449,-100.10742950439453,0.0,13.447259902954102
43.7,-11.126202583312988,-100.10742950439453,0.0,13.447259902954102
43.72,-11.126202583312988,-100.10742950439453,0.0,13.447259902954102
43.76,-14.934500694274902,-100.10742950439453,0.0,13.447259902954102
43.800000000000004,-11.97298526763916,-100.10742950439453,0.0,13.447259902954102
43.82,-11.97298526763916,-100.1952896118164,0.0,13.447259902954102
43.86,-1.4061052799224854,-100.3710708618164,0.0,13.447259902954102
43.9,6.663784503936768,-100.45899200439453,0.0,13.447259902954102
43.92,12.742524147033691,-100.45899200439453,0.0,13.447259902954102
43.96,14.423166275024414,-100.45899200439453,0.0,13.447259902954102
44.0,14.427384376525879,-100.45899200439453,0.0,13.447259902954102
44.02,10.088700294494629,-100.3710708618164,0.0,13.447259902954102
44.06,6.653240203857422,-100.3710708618164,0.0,13.447259902954102
44.1,-1.4538592100143433,-100.283203125,0.0,13.447259902954102
44.12,-9.127756118774414,-100.10742950439453,0.0,13.447259902954102
44.160000000000004,-12.050509452819824,-100.10742950439453,0.0,13.447259902954102
44.2,-14.951990127563477,-100.10742950439453,0.0,13.447259902954102
44.22,-13.316739082336426,-100.10742950439453,0.0,13.447259902954102
44.26,-10.89696979522705,-100.10742950439453,0.0,13.447259902954102
44.300000000000004,-3.770881175994873,-100.1952896118164,0.0,13.447259902954102
44.32,4.510257244110107,-100.45899200439453,0.0,13.447259902954102
44.36,8.287424087524414,-100.45899200439453,0.0,13.447259902954102
44.4,13.664406776428223,-100.45899200439453,0.0,13.447259902954102
44.42,14.862418174743652,-100.45899200439453,0.0,13.447259902954102
44.46,13.720125198364258,-100.45899200439453,0.0,13.447259902954102
44.5,8.385808944702148,-100.45899200439453,0.0,13.447259902954102
44.52,0.46946507692337036,-100.283203125,0.0,13.447259902954102
44.56,-3.70886492729187,-100.1952896118164,0.0,13.447259902954102
44.6,-10.890280723571777,-100.1952896118164,0.0,13.447259902954102
44.62,-14.715327262878418,-100.1952896118164,0.0,13.447259902954102
44.660000000000004,-14.94375991821289,-100.1952896118164,0.0,13.447259902954102
44.7,-11.936766624450684,-100.1952896118164,0.0,13.447259902954102
44.72,-5.227166652679443,-100.283203125,0.0,13.447259902954102
44.76,-1.1028231382369995,-100.45899200439453,0.0,13.447259902954102
44.800000000000004,7.0791192054748535,-100.45899200439453,0.0,13.447259902954102
44.82,13.063669204711914,-100.45899200439453,0.0,13.447259902954102
44.86,14.60232162475586,-100.45899200439453,0.0,13.447259902954102
44.9,14.163660049438477,-100.45899200439453,0.0,13.447259902954102
44.92,9.29740047454834,-100.45899200439453,0.0,13.447259902954102
44.96,5.6327805519104,-100.3710708618164,0.0,13.447259902954102
44.980000000000004,-2.7228708267211914,-100.283203125,0.0,13.447259902954102
45.02,-6.745966911315918,-100.10742950439453,0.0,13.447259902954102
45.06,-12.895495414733887,-100.10742950439453,0.0,13.447259902954102
45.1,-14.992037773132324,-100.10742950439453,0.0,13.447259902954102
45.12,-14.992037773132324,-100.10742950439453,0.0,13.447259902954102
45.160000000000004,-9.481452941894531,-100.10742950439453,0.0,13.447259902954102
45.2,-1.7115061283111572,-100.10742950439453,0.0,13.447259902954102
45.24,6.605945110321045,-100.283203125,0.0,13.447259902954102
45.28,6.605945110321045,-100.283203125,0.0,13.447259902954102
45.32,10.129992485046387,-100.283203125,0.0,13.447259902954102
45.36,12.385886192321777,-100.283203125,0.0,13.447259902954102
45.38,12.385886192321777,-100.283203125,0.0,13.447259902954102
45.42,1.6887985467910767,-100.1952896118164,0.0,13.447259902954102
45.46,-6.6621623039245605,-100.1952896118164,0.0,13.447259902954102
45.5,-12.888323783874512,-100.10742950439453,0.0,13.447259902954102
45.52,-12.888323783874512,-100.10742950439453,0.0,13.447259902954102
45.56,-14.218846321105957,-100.10742950439453,0.0,13.447259902954102
45.6,-9.337301254272461,-100.10742950439453,0.0,13.447259902954102
45.62,-9.337301254272461,-100.10742950439453,0.0,13.447259902954102
45.660000000000004,2.8489418029785156,-100.283203125,0.0,13.447259902954102
45.7,10.410014152526855,-100.283203125,0.0,13.447259902954102
45.72,14.614036560058594,-100.283203125,0.0,13.447259902954102
45.76,14.972053527832031,-100.283203125,0.0,13.447259902954102
45.800000000000004,12.047544479370117,-100.283203125,0.0,13.447259902954102
45.82,5.213377475738525,-100.283203125,0.0,13.447259902954102
45.86,0.9888275265693665,-100.1952896118164,0.0,13.447259902954102
45.9,-7.353861331939697,-100.1952896118164,0.0,13.447259902954102
45.92,-13.307875633239746,-100.1952896118164,0.0,13.447259902954102
45.96,-14.73013687133789,-100.1952896118164,0.0,13.447259902954102
46.0,-13.875986099243164,-100.1952896118164,0.0,13.447259902954102
46.02,-8.48404598236084,-100.10742950439453,0.0,13.447259902954102
46.06,-4.589606761932373,-100.1952896118164,0.0,13.447259902954102
46.1,3.9981865882873535,-100.283203125,0.0,13.447259902954102
46.12,11.279679298400879,-100.283203125,0.0,13.447259902954102
46.160000000000004,13.641161918640137,-100.283203125,0.0,13.447259902954102
46.2,14.824673652648926,-100.283203125,0.0,13.447259902954102
46.22,11.122407913208008,-100.283203125,0.0,13.447259902954102
46.26,7.761951446533203,-100.283203125,0.0,13.447259902954102
46.300000000000004,-0.5893211960792542,-100.1952896118164,0.0,13.447259902954102
46.32,-8.751663208007812,-100.1952896118164,0.0,13.447259902954102
46.36,-11.888224601745605,-100.10742950439453,0.0,13.447259902954102
46.4,-14.961749076843262,-100.10742950439453,0.0,13.447259902954102
46.42,-13.065892219543457,-100.10742950439453,0.0,13.447259902954102
46.46,-10.385223388671875,-100.10742950439453,0.0,13.447259902954102
46.5,-2.6727869510650635,-100.1952896118164,0.0,13.447259902954102
46.52,5.9369635581970215,-100.3710708618164,0.0,13.447259902954102
46.56,9.665060997009277,-100.3710708618164,0.0,13.447259902954102
46.6,14.399819374084473,-100.3710708618164,0.0,13.447259902954102
46.62,14.314676284790039,-100.3710708618164,0.0,13.447259902954102
46.660000000000004,12.403091430664062,-100.3710708618164,0.0,13.447259902954102
46.7,5.640539169311523,-100.3710708618164,0.0,13.447259902954102
46.72,-3.023803472518921,-100.283203125,0.0,13.447259902954102
46.76,-7.157198905944824,-100.1952896118164,0.0,13.447259902954102
46.78,-13.275890350341797,-100.1952896118164,0.0,13.447259902954102
46.82,-14.73180103302002,-100.1952896118164,0.0,13.447259902954102
46.86,-13.812670707702637,-100.1952896118164,0.0,13.447259902954102
46.88,-13.812670707702637,-100.10742950439453,0.0,13.447259902954102
46.92,-11.514018058776855,-100.1952896118164,0.0,13.447259902954102
46.96,4.529029369354248,-100.3710708618164,0.0,13.447259902954102
47.0,11.734522819519043,-100.45899200439453,0.0,13.447259902954102
47.04,11.734522819519043,-100.45899200439453,0.0,13.447259902954102
47.08,13.949644088745117,-100.45899200439453,0.0,13.447259902954102
47.12,14.651740074157715,-100.45899200439453,0.0,13.447259902954102
47.160000000000004,-1.9163620471954346,-100.3710708618164,0.0,13.447259902954102
47.18,-1.9163620471954346,-100.283203125,0.0,13.447259902954102
47.22,-12.776549339294434,-100.283203125,0.0,13.447259902954102
47.26,-14.985923767089844,-100.283203125,0.0,13.447259902954102
47.300000000000004,-12.044173240661621,-100.1952896118164,0.0,13.447259902954102
47.32,-12.044173240661621,-100.283203125,0.0,13.447259902954102
47.36,-0.5764327049255371,-100.3710708618164,0.0,13.447259902954102
47.4,7.9426045417785645,-100.45899200439453,0.0,13.447259902954102
47.42,7.9426045417785645,-100.45899200439453,0.0,13.447259902954102
47.46,14.897124290466309,-100.45899200439453,0.0,13.447259902954102
47.5,13.301605224609375,-100.45899200439453,0.0,13.447259902954102
47.52,7.088095188140869,-100.45899200439453,0.0,13.447259902954102
47.56,2.875819206237793,-100.283203125,0.0,13.447259902954102
47.6,-5.923453330993652,-100.1952896118164,0.0,13.447259902954102
47.62,-12.664918899536133,-100.1952896118164,0.0,13.447259902954102
47.660000000000004,-14.473915100097656,-100.1952896118164,0.0,13.447259902954102
47.7,-14.168867111206055,-100.1952896118164,0.0,13.447259902954102
47.72,-8.907151222229004,-100.1952896118164,0.0,13.447259902954102
47.76,-8.907151222229004,-100.1952896118164,0.0,13.447259902954102
47.800000000000004,3.94254207611084,-100.283203125,0.0,13.447259902954102
47.84,11.442931175231934,-100.3710708618164,0.0,13.447259902954102
47.88,14.923832893371582,-100.3710708618164,0.0,13.447259902954102
47.9,14.923832893371582,-100.3710708618164,0.0,13.447259902954102
47.94,10.4132719039917,-100.3710708618164,0.0,13.447259902954102
47.96,2.447148323059082,-100.3710708618164,0.0,13.447259902954102
48.0,2.447148323059082,-100.283203125,0.0,13.447259902954102
48.04,-10.138833999633789,-100.1952896118164,0.0,13.447259902954102
48.08,-14.625528335571289,-100.10742950439453,0.0,13.447259902954102
48.1,-14.625528335571289,-100.0195083618164,0.0,13.447259902954102
48.14,-11.62591552734375,-100.0195083618164,0.0,13.447259902954102
48.18,-4.158892631530762,-100.0195083618164,0.0,13.447259902954102
48.2,4.795504570007324,-100.0195083618164,0.0,13.447259902954102
48.24,8.822270393371582,-100.0195083618164,0.0,13.447259902954102
48.28,14.166414260864258,-100.0195083618164,0.0,13.447259902954102
48.300000000000004,14.44605827331543,-100.0195083618164,0.0,13.447259902954102
48.34,12.575023651123047,-100.0195083618164,0.0,13.447259902954102
48.38,5.646409511566162,-100.0195083618164,0.0,13.447259902954102
48.4,-3.314866304397583,-99.931640625,0.0,13.447259902954102
48.44,-7.549264430999756,-99.6679458618164,0.0,13.447259902954102
48.480000000000004,-13.609936714172363,-99.404296875,0.0,13.359368324279785
48.5,-14.768108367919922,-99.228515625,0.0,13.359368324279785
48.54,-14.768108367919922,-99.1406021118164,0.0,13.359368324279785
48.58,-6.911578178405762,-99.052734375,0.0,13.359368324279785
48.620000000000005,1.9789609909057617,-99.1406021118164,0.0,13.359368324279785
48.64,10.158329963684082,-99.31637573242188,0.0,13.359368324279785
48.68,13.011299133300781,-99.31637573242188,0.0,13.359368324279785
48.72,14.937134742736816,-99.31637573242188,0.0,13.359368324279785
48.74,11.429459571838379,-99.31637573242188,0.0,13.359368324279785
48.78,7.964284420013428,-99.228515625,0.0,13.359368324279785
48.82,-0.8076736330986023,-99.228515625,0.0,13.359368324279785
48.86,-0.8076736330986023,-99.1406021118164,0.0,13.359368324279785
48.88,-5.296036243438721,-99.052734375,0.0,13.359368324279785
48.92,-14.99724292755127,-99.052734375,0.0,13.359368324279785
48.96,-12.080892562866211,-99.052734375,0.0,13.359368324279785
48.980000000000004,-4.726623058319092,-99.052734375,0.0,13.359368324279785
49.02,-0.18758553266525269,-99.1406021118164,0.0,13.359368324279785
49.06,8.518908500671387,-99.228515625,0.0,13.359368324279785
49.1,8.518908500671387,-99.228515625,0.0,13.359368324279785
49.120000000000005,11.864727020263672,-99.228515625,0.0,13.359368324279785
49.160000000000004,14.987290382385254,-99.1406021118164,0.0,13.359368324279785
49.2,5.509242534637451,-99.1406021118164,0.0,13.359368324279785
49.22,-3.6030850410461426,-99.1406021118164,0.0,13.359368324279785
49.26,-7.867025375366211,-99.052734375,0.0,13.359368324279785
49.300000000000004,-13.81989574432373,-99.052734375,0.0,13.359368324279785
49.32,-13.81989574432373,-99.052734375,0.0,13.359368324279785
49.36,-12.937030792236328,-99.052734375,0.0,13.359368324279785
49.4,-6.110006332397461,-98.96481323242188,0.0,13.359368324279785
49.42,-6.110006332397461,-98.96481323242188,0.0,13.359368324279785
49.46,7.352283477783203,-99.31637573242188,0.0,13.359368324279785
49.5,13.592092514038086,-99.58008575439453,0.0,13.359368324279785
49.52,14.742513656616211,-99.6679458618164,0.0,13.359368324279785
49.56,13.186132431030273,-99.6679458618164,0.0,13.359368324279785
49.6,6.5367841720581055,-99.58008575439453,0.0,13.359368324279785
49.620000000000005,-2.575871467590332,-99.58008575439453,0.0,13.359368324279785
49.660000000000004,-6.986578941345215,-99.58008575439453,0.0,13.359368324279785
49.7,-13.426944732666016,-99.58008575439453,0.0,13.359368324279785
49.72,-14.802088737487793,-99.58008575439453,0.0,13.359368324279785
49.76,-13.338336944580078,-99.58008575439453,0.0,13.359368324279785
49.800000000000004,-6.7962446212768555,-99.6679458618164,0.0,13.359368324279785
49.82,2.325840950012207,-99.931640625,0.0,13.359368324279785
49.86,6.777477264404297,-100.1952896118164,0.0,13.447259902954102
49.9,13.336990356445312,-100.1952896118164,0.0,13.447259902954102
49.92,14.827593803405762,-100.1952896118164,0.0,13.447259902954102
49.96,13.403966903686523,-100.1952896118164,0.0,13.447259902954102
